<?xml version="1.0"?>
<COLLADA xmlns="http://www.collada.org/2005/11/COLLADASchema" version="1.4.1">
    <asset>
        <contributor>
            <authoring_tool>CINEMA4D 15.064 COLLADA Exporter</authoring_tool>
        </contributor>
        <created>2018-04-28T03:11:47Z</created>
        <modified>2018-04-28T03:11:47Z</modified>
        <unit meter="0.01" name="centimeter"/>
        <up_axis>Y_UP</up_axis>
    </asset>
    <library_images>
        <image id="ID5">
            <init_from>MetalEnv.png</init_from>
        </image>
    </library_images>
    <library_effects>
        <effect id="ID2">
            <profile_COMMON>
                <technique sid="COMMON">
                    <blinn>
                        <diffuse>
                            <color>0.8 0.8 0.8 1</color>
                        </diffuse>
                        <specular>
                            <color>0.2 0.2 0.2 1</color>
                        </specular>
                        <shininess>
                            <float>0.5</float>
                        </shininess>
                    </blinn>
                </technique>
            </profile_COMMON>
        </effect>
        <effect id="ID4">
            <profile_COMMON>
                <newparam sid="ID6">
                    <surface type="2D">
                        <init_from>ID5</init_from>
                    </surface>
                </newparam>
                <newparam sid="ID7">
                    <sampler2D>
                        <source>ID6</source>
                    </sampler2D>
                </newparam>
                <technique sid="COMMON">
                    <blinn>
                        <diffuse>
                            <texture texture="ID7" texcoord="UVSET0"/>
                        </diffuse>
                    </blinn>
                </technique>
            </profile_COMMON>
        </effect>
    </library_effects>
    <library_materials>
        <material id="ID3" name="m0">
            <instance_effect url="#ID4"/>
        </material>
    </library_materials>
    <library_geometries>
        <geometry id="ID10">
            <mesh>
                <source id="ID11">
                    <float_array id="ID12" count="1416">-116.344 53.0648 211.438 -116.344 53.0648 211.438 239.469 24.4398 -30.1563 239.469 24.4398 -30.1563 239.469 24.4398 -30.1563 -123.25 67.3773 224 253.656 10.1273 -31.9375 -81.8438 53.0648 227.063 -81.8438 53.0648 227.063 231.781 24.4398 -67.25 231.781 24.4398 -67.25 -86.6875 67.3773 240.531 245.531 10.1273 -71.2188 -45.3125 53.0648 237.063 -45.3125 53.0648 237.063 218.406 24.4398 -102.656 218.406 24.4398 -102.656 -48 67.3773 251.125 231.375 10.1273 -108.75 -7.65625 53.0648 241.219 -7.65625 53.0648 241.219 199.656 24.4398 -135.563 199.656 24.4398 -135.563 -8.125 67.3773 255.531 211.5 10.1273 -143.625 30.1563 53.0648 239.469 30.1563 53.0648 239.469 30.1563 53.0648 239.469 176 24.4398 -165.156 176 24.4398 -165.156 31.9375 67.3773 253.656 186.438 10.1273 -174.938 67.25 53.0648 231.781 67.25 53.0648 231.781 116.344 24.4398 -211.438 116.344 24.4398 -211.438 71.2188 67.3773 245.531 123.25 10.1273 -224 102.656 53.0648 218.406 102.656 53.0648 218.406 81.8438 24.4398 -227.031 81.8438 24.4398 -227.031 108.75 67.3773 231.375 86.6875 10.1273 -240.531 135.563 53.0648 199.656 135.563 53.0648 199.656 45.3125 24.4398 -237.063 45.3125 24.4398 -237.063 143.625 67.3773 211.5 48 10.1273 -251.125 165.156 53.0648 176 165.156 53.0648 176 7.65625 24.4398 -241.219 7.65625 24.4398 -241.219 174.938 67.3773 186.438 8.125 10.1273 -255.531 190.656 53.0648 148 190.656 53.0648 148 -30.1563 24.4398 -239.469 -30.1563 24.4398 -239.469 -30.1563 24.4398 -239.469 201.938 67.3773 156.781 -31.9375 10.1273 -253.656 211.438 53.0648 116.344 211.438 53.0648 116.344 -67.25 24.4398 -231.781 -67.25 24.4398 -231.781 224 67.3773 123.25 -71.2188 10.1273 -245.531 227.031 53.0648 81.8438 227.031 53.0648 81.8438 -102.656 24.4398 -218.406 -102.656 24.4398 -218.406 240.531 67.3773 86.6875 -108.75 10.1273 -231.375 237.063 53.0648 45.3125 237.063 53.0648 45.3125 -135.563 24.4398 -199.656 -135.563 24.4398 -199.656 251.125 67.3773 48 -143.625 10.1273 -211.5 241.219 53.0648 7.65625 241.219 53.0648 7.65625 -165.156 24.4398 -176 -165.156 24.4398 -176 255.531 67.3773 8.125 -174.938 10.1273 -186.438 239.469 53.0648 -30.1563 239.469 53.0648 -30.1563 239.469 53.0648 -30.1563 -190.656 24.4398 -148 -190.656 24.4398 -148 253.656 67.3773 -31.9375 -201.938 10.1273 -156.781 231.781 53.0648 -67.25 231.781 53.0648 -67.25 -211.438 24.4398 -116.344 -211.438 24.4398 -116.344 245.531 67.3773 -71.2188 -224 10.1273 -123.25 218.406 53.0648 -102.656 218.406 53.0648 -102.656 -227.031 24.4398 -81.8438 -227.031 24.4398 -81.8438 231.375 67.3773 -108.75 -240.531 10.1273 -86.6875 199.656 53.0648 -135.563 199.656 53.0648 -135.563 -237.063 24.4398 -45.3125 -237.063 24.4398 -45.3125 211.5 67.3773 -143.625 -251.125 10.1273 -48 176 53.0648 -165.156 176 53.0648 -165.156 -241.219 24.4398 -7.65625 -241.219 24.4398 -7.65625 186.438 67.3773 -174.938 -255.531 10.1273 -8.125 116.344 53.0648 -211.438 116.344 53.0648 -211.438 -239.469 24.4398 30.1563 -239.469 24.4398 30.1563 -239.469 24.4398 30.1563 123.25 67.3773 -224 -253.656 10.1273 31.9375 81.8438 53.0648 -227.031 81.8438 53.0648 -227.031 -231.781 24.4398 67.25 -231.781 24.4398 67.25 86.6875 67.3773 -240.531 -245.531 10.1273 71.2188 45.3125 53.0648 -237.063 45.3125 53.0648 -237.063 -218.406 24.4398 102.656 -218.406 24.4398 102.656 48 67.3773 -251.125 -231.375 10.1273 108.75 7.65625 53.0648 -241.219 7.65625 53.0648 -241.219 -199.656 24.4398 135.563 -199.656 24.4398 135.563 8.125 67.3773 -255.531 -211.5 10.1273 143.625 -30.1563 53.0648 -239.469 -30.1563 53.0648 -239.469 -30.1563 53.0648 -239.469 -176 24.4398 165.156 -176 24.4398 165.156 -31.9375 67.3773 -253.656 -186.438 10.1273 174.938 -67.25 53.0648 -231.781 -67.25 53.0648 -231.781 -71.2188 67.3773 -245.531 -102.656 53.0648 -218.406 -102.656 53.0648 -218.406 -108.75 67.3773 -231.375 -135.563 53.0648 -199.656 -135.563 53.0648 -199.656 -143.625 67.3773 -211.5 -165.156 53.0648 -176 -165.156 53.0648 -176 -174.938 67.3773 -186.438 -190.656 53.0648 -148 -190.656 53.0648 -148 -201.938 67.3773 -156.781 -211.438 53.0648 -116.344 -211.438 53.0648 -116.344 -224 67.3773 -123.25 -227.031 53.0648 -81.8438 -227.031 53.0648 -81.8438 -240.531 67.3773 -86.6875 -237.063 53.0648 -45.3125 -237.063 53.0648 -45.3125 -251.125 67.3773 -48 -241.219 53.0648 -7.65625 -241.219 53.0648 -7.65625 -255.531 67.3773 -8.125 -239.469 53.0648 30.1563 -239.469 53.0648 30.1563 -239.469 53.0648 30.1563 -253.656 67.3773 31.9375 -231.781 53.0648 67.25 -231.781 53.0648 67.25 -245.531 67.3773 71.2188 -218.406 53.0648 102.656 -218.406 53.0648 102.656 -231.375 67.3773 108.75 -199.656 53.0648 135.563 -199.656 53.0648 135.563 -211.5 67.3773 143.625 -176 53.0648 165.156 -176 53.0648 165.156 -186.438 67.3773 174.938 -143.938 53.0648 261.625 -143.938 53.0648 261.625 -137.063 67.3773 249.094 -101.25 53.0648 280.938 -101.25 53.0648 280.938 -96.4063 67.3773 267.469 -56.0625 53.0648 293.313 -56.0625 53.0648 293.313 -53.375 67.3773 279.25 -9.46875 53.0648 298.469 -9.46875 53.0648 298.469 -9.03125 67.3773 284.156 37.3125 53.0648 296.281 37.3125 53.0648 296.281 37.3125 53.0648 296.281 35.5 67.3773 282.063 83.1875 53.0648 286.781 83.1875 53.0648 286.781 79.2188 67.3773 273.031 127.031 53.0648 270.25 127.031 53.0648 270.25 120.938 67.3773 257.281 167.75 53.0648 247.031 167.75 53.0648 247.031 159.719 67.3773 235.188 204.344 53.0648 217.75 204.344 53.0648 217.75 194.531 67.3773 207.313 235.875 53.0648 183.125 235.875 53.0648 183.125 224.563 67.3773 174.344 261.625 53.0648 143.938 261.625 53.0648 143.938 249.094 67.3773 137.063 280.938 53.0648 101.25 280.938 53.0648 101.25 267.469 67.3773 96.4063 293.313 53.0648 56.0625 293.313 53.0648 56.0625 279.25 67.3773 53.375 298.469 53.0648 9.46875 298.469 53.0648 9.46875 284.156 67.3773 9.03125 296.281 53.0648 -37.3125 296.281 53.0648 -37.3125 296.281 53.0648 -37.3125 282.063 67.3773 -35.5 286.781 53.0648 -83.1875 286.781 53.0648 -83.1875 273.031 67.3773 -79.2188 270.25 53.0648 -127.031 270.25 53.0648 -127.031 257.281 67.3773 -120.938 247.031 53.0648 -167.75 247.031 53.0648 -167.75 235.188 67.3773 -159.719 217.75 53.0648 -204.344 217.75 53.0648 -204.344 207.313 67.3773 -194.531 143.938 53.0648 -261.625 143.938 53.0648 -261.625 137.063 67.3773 -249.094 101.25 53.0648 -280.938 101.25 53.0648 -280.938 96.4063 67.3773 -267.469 56.0625 53.0648 -293.313 56.0625 53.0648 -293.313 53.375 67.3773 -279.25 9.46875 53.0648 -298.469 9.46875 53.0648 -298.469 9.03125 67.3773 -284.156 -37.3125 53.0648 -296.281 -37.3125 53.0648 -296.281 -37.3125 53.0648 -296.281 -35.5 67.3773 -282.063 -83.1875 53.0648 -286.781 -83.1875 53.0648 -286.781 -79.2188 67.3773 -273.031 -127.031 53.0648 -270.25 -127.031 53.0648 -270.25 -120.938 67.3773 -257.281 -167.75 53.0648 -247.031 -167.75 53.0648 -247.031 -159.719 67.3773 -235.188 -204.344 53.0648 -217.75 -204.344 53.0648 -217.75 -194.531 67.3773 -207.313 -235.875 53.0648 -183.125 -235.875 53.0648 -183.125 -224.563 67.3773 -174.344 -261.625 53.0648 -143.938 -261.625 53.0648 -143.938 -249.094 67.3773 -137.063 -280.938 53.0648 -101.25 -280.938 53.0648 -101.25 -267.469 67.3773 -96.4063 -293.313 53.0648 -56.0625 -293.313 53.0648 -56.0625 -279.25 67.3773 -53.375 -298.469 53.0648 -9.46875 -298.469 53.0648 -9.46875 -284.156 67.3773 -9.03125 -296.281 53.0648 37.3125 -296.281 53.0648 37.3125 -296.281 53.0648 37.3125 -282.063 67.3773 35.5 -286.781 53.0648 83.1875 -286.781 53.0648 83.1875 -273.031 67.3773 79.2188 -270.25 53.0648 127.031 -270.25 53.0648 127.031 -257.281 67.3773 120.938 -247.031 53.0648 167.75 -247.031 53.0648 167.75 -235.188 67.3773 159.719 -217.75 53.0648 204.344 -217.75 53.0648 204.344 -207.313 67.3773 194.531 -137.063 10.1273 249.094 -143.938 24.4398 261.625 -143.938 24.4398 261.625 -96.4063 10.1273 267.469 -101.25 24.4398 280.938 -101.25 24.4398 280.938 -53.375 10.1273 279.25 -56.0625 24.4398 293.313 -56.0625 24.4398 293.313 -9.03125 10.1273 284.156 -9.46875 24.4398 298.469 -9.46875 24.4398 298.469 35.5 10.1273 282.063 37.3125 24.4398 296.281 37.3125 24.4398 296.281 37.3125 24.4398 296.281 79.2188 10.1273 273.031 83.1875 24.4398 286.781 83.1875 24.4398 286.781 120.938 10.1273 257.281 127.031 24.4398 270.25 127.031 24.4398 270.25 159.719 10.1273 235.188 167.75 24.4398 247.031 167.75 24.4398 247.031 194.531 10.1273 207.313 204.344 24.4398 217.75 204.344 24.4398 217.75 224.563 10.1273 174.344 235.875 24.4398 183.125 235.875 24.4398 183.125 249.094 10.1273 137.063 261.625 24.4398 143.938 261.625 24.4398 143.938 267.469 10.1273 96.4063 280.938 24.4398 101.25 280.938 24.4398 101.25 279.25 10.1273 53.375 293.313 24.4398 56.0625 293.313 24.4398 56.0625 284.156 10.1273 9.03125 298.469 24.4398 9.46875 298.469 24.4398 9.46875 282.063 10.1273 -35.5 296.281 24.4398 -37.3125 296.281 24.4398 -37.3125 296.281 24.4398 -37.3125 273.031 10.1273 -79.2188 286.781 24.4398 -83.1875 286.781 24.4398 -83.1875 257.281 10.1273 -120.938 270.25 24.4398 -127.031 270.25 24.4398 -127.031 235.188 10.1273 -159.719 247.031 24.4398 -167.75 247.031 24.4398 -167.75 207.313 10.1273 -194.531 217.75 24.4398 -204.344 217.75 24.4398 -204.344 137.063 10.1273 -249.094 143.938 24.4398 -261.625 143.938 24.4398 -261.625 96.4063 10.1273 -267.469 101.25 24.4398 -280.938 101.25 24.4398 -280.938 53.375 10.1273 -279.25 56.0625 24.4398 -293.313 56.0625 24.4398 -293.313 9.03125 10.1273 -284.156 9.46875 24.4398 -298.469 9.46875 24.4398 -298.469 -35.5 10.1273 -282.063 -37.3125 24.4398 -296.281 -37.3125 24.4398 -296.281 -37.3125 24.4398 -296.281 -79.2188 10.1273 -273.031 -83.1875 24.4398 -286.781 -83.1875 24.4398 -286.781 -120.938 10.1273 -257.281 -127.031 24.4398 -270.25 -127.031 24.4398 -270.25 -159.719 10.1273 -235.188 -167.75 24.4398 -247.031 -167.75 24.4398 -247.031 -194.531 10.1273 -207.313 -204.344 24.4398 -217.75 -204.344 24.4398 -217.75 -224.563 10.1273 -174.344 -235.875 24.4398 -183.125 -235.875 24.4398 -183.125 -249.094 10.1273 -137.063 -261.625 24.4398 -143.938 -261.625 24.4398 -143.938 -267.469 10.1273 -96.4063 -280.938 24.4398 -101.25 -280.938 24.4398 -101.25 -279.25 10.1273 -53.375 -293.313 24.4398 -56.0625 -293.313 24.4398 -56.0625 -284.156 10.1273 -9.03125 -298.469 24.4398 -9.46875 -298.469 24.4398 -9.46875 -282.063 10.1273 35.5 -296.281 24.4398 37.3125 -296.281 24.4398 37.3125 -296.281 24.4398 37.3125 -273.031 10.1273 79.2188 -286.781 24.4398 83.1875 -286.781 24.4398 83.1875 -257.281 10.1273 120.938 -270.25 24.4398 127.031 -270.25 24.4398 127.031 -235.188 10.1273 159.719 -247.031 24.4398 167.75 -247.031 24.4398 167.75 -207.313 10.1273 194.531 -217.75 24.4398 204.344 -217.75 24.4398 204.344 -116.344 24.4398 211.438 -116.344 24.4398 211.438 -123.25 10.1273 224 -81.8438 24.4398 227.063 -81.8438 24.4398 227.063 -86.6875 10.1273 240.531 -45.3125 24.4398 237.063 -45.3125 24.4398 237.063 -48 10.1273 251.125 -7.65625 24.4398 241.219 -7.65625 24.4398 241.219 -8.125 10.1273 255.531 30.1563 24.4398 239.469 30.1563 24.4398 239.469 30.1563 24.4398 239.469 31.9375 10.1273 253.656 67.25 24.4398 231.781 67.25 24.4398 231.781 71.2188 10.1273 245.531 102.656 24.4398 218.406 102.656 24.4398 218.406 108.75 10.1273 231.375 135.563 24.4398 199.656 135.563 24.4398 199.656 143.625 10.1273 211.5 165.156 24.4398 176 165.156 24.4398 176 174.938 10.1273 186.438 190.656 24.4398 148 190.656 24.4398 148 201.938 10.1273 156.781 211.438 24.4398 116.344 211.438 24.4398 116.344 224 10.1273 123.25 227.031 24.4398 81.8438 227.031 24.4398 81.8438 240.531 10.1273 86.6875 237.063 24.4398 45.3125 237.063 24.4398 45.3125 251.125 10.1273 48 241.219 24.4398 7.65625 241.219 24.4398 7.65625 255.531 10.1273 8.125</float_array>
                    <technique_common>
                        <accessor count="472" source="#ID12" stride="3">
                            <param name="X" type="float"/>
                            <param name="Y" type="float"/>
                            <param name="Z" type="float"/>
                        </accessor>
                    </technique_common>
                </source>
                <source id="ID13">
                    <float_array id="ID14" count="1365">0.553046 -0.705828 -0.442658 0.552949 -0.706133 -0.442294 0.574417 -0.707172 -0.412254 0.595082 -0.707366 -0.38146 0.631606 -0.707372 -0.317331 0.647483 -0.70723 -0.283886 0.673699 -0.707099 -0.214804 0.684238 -0.706842 -0.179423 0.699321 -0.706764 -0.106934 0.703919 -0.706825 -0.0699793 0.707199 -0.707004 0.00397283 0.705884 -0.707142 0.0409588 0.697779 -0.707134 0.114308 0.690593 -0.707331 0.150877 0.670838 -0.707522 0.222238 0.658103 -0.707673 0.257096 0.627742 -0.7076 0.32441 0.610296 -0.707207 0.356926 0.569957 -0.706893 0.418869 0.547466 -0.706644 0.448259 0.497473 -0.706729 0.503046 0.470098 -0.706996 0.52836 0.412254 -0.707172 0.574417 0.38146 -0.707366 0.595082 0.317331 -0.707372 0.631606 0.283886 -0.70723 0.647483 0.214804 -0.707099 0.673699 0.179423 -0.706842 0.684238 0.106934 -0.706764 0.699321 0.0699793 -0.706825 0.703919 -0.00397283 -0.707004 0.707199 -0.0409588 -0.707142 0.705884 -0.114308 -0.707134 0.697779 -0.150877 -0.707331 0.690593 -0.222238 -0.707522 0.670838 -0.257096 -0.707673 0.658103 -0.291463 -0.706657 0.644737 -0.291448 -0.706599 0.644807 -0.553046 -0.705828 0.442658 -0.552949 -0.706133 0.442294 -0.574417 -0.707172 0.412254 -0.595082 -0.707366 0.38146 -0.631606 -0.707372 0.317331 -0.647483 -0.70723 0.283886 -0.673699 -0.707099 0.214804 -0.684238 -0.706842 0.179423 -0.699321 -0.706764 0.106934 -0.703919 -0.706825 0.0699793 -0.707199 -0.707004 -0.00397283 -0.705884 -0.707142 -0.0409588 -0.697779 -0.707134 -0.114308 -0.690593 -0.707331 -0.150877 -0.670838 -0.707522 -0.222238 -0.658103 -0.707673 -0.257096 -0.627742 -0.7076 -0.32441 -0.610296 -0.707207 -0.356926 -0.569957 -0.706893 -0.418869 -0.547466 -0.706644 -0.448259 -0.497473 -0.706729 -0.503046 -0.470098 -0.706996 -0.52836 -0.412254 -0.707172 -0.574417 -0.38146 -0.707366 -0.595082 -0.317331 -0.707372 -0.631606 -0.283886 -0.70723 -0.647483 -0.214804 -0.707099 -0.673699 -0.179423 -0.706842 -0.684238 -0.106934 -0.706764 -0.699321 -0.0699793 -0.706825 -0.703919 0.00397283 -0.707004 -0.707199 0.0409588 -0.707142 -0.705884 0.114308 -0.707134 -0.697779 0.150763 -0.70707 -0.690885 0.222223 -0.707036 -0.671355 0.257244 -0.707204 -0.65855 0.291846 -0.706314 -0.644939 0.291924 -0.70662 -0.644569 -0.552734 -0.706309 0.442282 -0.552807 -0.70612 0.442492 -0.574404 -0.707039 0.4125 -0.595188 -0.707082 0.38182 -0.631708 -0.707248 0.317403 -0.647518 -0.707232 0.2838 -0.673707 -0.707097 0.214785 -0.683965 -0.707158 0.179219 -0.698762 -0.707344 0.106753 -0.703349 -0.707398 0.0699173 -0.706948 -0.707255 -0.00386298 -0.705899 -0.707131 -0.040889 -0.697791 -0.707104 -0.114417 -0.690868 -0.70707 -0.15084 -0.671332 -0.707036 -0.222291 -0.658916 -0.70685 -0.25728 -0.628617 -0.706661 -0.324763 -0.610659 -0.706743 -0.357225 -0.56984 -0.706955 -0.418923 -0.54681 -0.707239 -0.448121 -0.497029 -0.707271 -0.502722 -0.470068 -0.707173 -0.52815 -0.4125 -0.707039 -0.574404 -0.38182 -0.707082 -0.595188 -0.317403 -0.707248 -0.631708 -0.2838 -0.707232 -0.647518 -0.214785 -0.707097 -0.673707 -0.179219 -0.707158 -0.683965 -0.106753 -0.707344 -0.698762 -0.0699173 -0.707398 -0.703349 0.00386298 -0.707255 -0.706948 0.040889 -0.707131 -0.705899 0.114417 -0.707104 -0.697791 0.15084 -0.70707 -0.690868 0.222291 -0.707036 -0.671332 0.25728 -0.70685 -0.658916 0.291886 -0.705787 -0.645497 0.291852 -0.705572 -0.645747 0.552734 -0.706309 -0.442282 0.552807 -0.70612 -0.442492 0.574404 -0.707039 -0.4125 0.595188 -0.707082 -0.38182 0.631708 -0.707248 -0.317403 0.647518 -0.707232 -0.2838 0.673707 -0.707097 -0.214785 0.683965 -0.707158 -0.179219 0.698762 -0.707344 -0.106753 0.703349 -0.707398 -0.0699173 0.706948 -0.707255 0.00386298 0.705899 -0.707131 0.040889 0.697791 -0.707104 0.114417 0.690868 -0.70707 0.15084 0.671332 -0.707036 0.222291 0.658916 -0.70685 0.25728 0.628617 -0.706661 0.324763 0.610659 -0.706743 0.357225 0.56984 -0.706955 0.418923 0.54681 -0.707239 0.448121 0.497029 -0.707271 0.502722 0.470068 -0.707173 0.52815 0.4125 -0.707039 0.574404 0.38182 -0.707082 0.595188 0.317403 -0.707248 0.631708 0.2838 -0.707232 0.647518 0.214785 -0.707097 0.673707 0.179219 -0.707158 0.683965 0.106753 -0.707344 0.698762 0.0699173 -0.707398 0.703349 -0.00386298 -0.707255 0.706948 -0.040889 -0.707131 0.705899 -0.114417 -0.707104 0.697791 -0.15084 -0.70707 0.690868 -0.222291 -0.707036 0.671332 -0.25728 -0.70685 0.658916 -0.291886 -0.705787 0.645497 -0.291852 -0.705572 0.645747 -0.299123 0.923666 0.239513 -0.5528 0.706129 0.442486 -0.310683 0.923972 0.22305 -0.595238 0.707073 0.381758 -0.34161 0.924024 0.171703 -0.647473 0.707241 0.283881 -0.364372 0.923988 0.1161 -0.684 0.707148 0.179125 -0.377883 0.92405 0.0577643 -0.703331 0.707404 0.0700313 -0.382315 0.92403 -0.00208638 -0.705896 0.707131 -0.0409495 -0.377384 0.923988 -0.0618706 -0.690866 0.707071 -0.150845 -0.363095 0.92397 -0.120177 -0.658904 0.706856 -0.257292 -0.339972 0.923871 -0.175731 -0.610625 0.70673 -0.357309 -0.308193 0.923944 -0.226592 -0.546905 0.707239 -0.448005 -0.268825 0.924031 -0.271844 -0.470088 0.70718 -0.528123 -0.22305 0.923972 -0.310683 -0.381758 0.707073 -0.595238 -0.171703 0.924024 -0.34161 -0.283881 0.707241 -0.647473 -0.1161 0.923988 -0.364372 -0.179125 0.707148 -0.684 -0.0577643 0.92405 -0.377883 -0.0700313 0.707404 -0.703331 0.00208638 0.92403 -0.382315 0.0409495 0.707131 -0.705896 0.0618706 0.923988 -0.377384 0.150845 0.707071 -0.690866 0.120177 0.92397 -0.363095 0.257292 0.706856 -0.658904 0.158026 0.923525 -0.349469 0.292092 0.705583 -0.645628 0.299123 0.923666 -0.239513 0.5528 0.706129 -0.442486 0.310683 0.923972 -0.22305 0.595238 0.707073 -0.381758 0.34161 0.924024 -0.171703 0.647473 0.707241 -0.283881 0.364372 0.923988 -0.1161 0.684 0.707148 -0.179125 0.377883 0.92405 -0.0577643 0.703331 0.707404 -0.0700313 0.382315 0.92403 0.00208638 0.705896 0.707131 0.0409495 0.377384 0.923988 0.0618706 0.690866 0.707071 0.150845 0.363095 0.92397 0.120177 0.658904 0.706856 0.257292 0.339972 0.923871 0.175731 0.610625 0.70673 0.357309 0.308193 0.923944 0.226592 0.546905 0.707239 0.448005 0.268825 0.924031 0.271844 0.470088 0.70718 0.528123 0.22305 0.923972 0.310683 0.381758 0.707073 0.595238 0.171703 0.924024 0.34161 0.283881 0.707241 0.647473 0.1161 0.923988 0.364372 0.179125 0.707148 0.684 0.0577643 0.92405 0.377883 0.0700313 0.707404 0.703331 -0.00208638 0.92403 0.382315 -0.0409495 0.707131 0.705896 -0.0618706 0.923988 0.377384 -0.150845 0.707071 0.690866 -0.120177 0.92397 0.363095 -0.257292 0.706856 0.658904 -0.158026 0.923525 0.349469 -0.292092 0.705583 0.645628 0.553339 0.705811 -0.44232 0.299348 0.923611 -0.239443 0.574435 0.707161 -0.412247 0.321767 0.924058 -0.206354 0.631556 0.707369 -0.317437 0.350153 0.924024 -0.153533 0.673664 0.707107 -0.214888 0.370095 0.923918 -0.0969813 0.699331 0.706773 -0.106811 0.380738 0.92391 -0.0378007 0.707209 0.706994 0.0039426 0.381758 0.923999 0.0220849 0.697747 0.707138 0.114473 0.373468 0.924046 0.0816106 0.67086 0.707508 0.222215 0.355889 0.924143 0.138935 0.627856 0.7076 0.324191 0.330036 0.92402 0.193036 0.569918 0.706913 0.418888 0.296042 0.923861 0.242569 0.497368 0.706728 0.503151 0.254267 0.923956 0.285751 0.412247 0.707161 0.574435 0.206354 0.924058 0.321767 0.317437 0.707369 0.631556 0.153533 0.924024 0.350153 0.214888 0.707107 0.673664 0.0969813 0.923918 0.370095 0.106811 0.706773 0.699331 0.0378007 0.92391 0.380738 -0.0039426 0.706994 0.707209 -0.0220849 0.923999 0.381758 -0.114473 0.707138 0.697747 -0.0816106 0.924046 0.373468 -0.222215 0.707508 0.67086 -0.138935 0.924143 0.355889 -0.291461 0.70666 0.644734 -0.157795 0.923743 0.348998 -0.553339 0.705811 0.44232 -0.299348 0.923611 0.239443 -0.574435 0.707161 0.412247 -0.321767 0.924058 0.206354 -0.631556 0.707369 0.317437 -0.350153 0.924024 0.153533 -0.673664 0.707107 0.214888 -0.370095 0.923918 0.0969813 -0.699331 0.706773 0.106811 -0.380738 0.92391 0.0378007 -0.707209 0.706994 -0.0039426 -0.381758 0.923999 -0.0220849 -0.697747 0.707138 -0.114473 -0.373468 0.924046 -0.0816106 -0.67086 0.707508 -0.222215 -0.355889 0.924143 -0.138935 -0.627856 0.7076 -0.324191 -0.330036 0.92402 -0.193036 -0.569918 0.706913 -0.418888 -0.296042 0.923861 -0.242569 -0.497368 0.706728 -0.503151 -0.254267 0.923956 -0.285751 -0.412247 0.707161 -0.574435 -0.206354 0.924058 -0.321767 -0.317437 0.707369 -0.631556 -0.153533 0.924024 -0.350153 -0.214888 0.707107 -0.673664 -0.0969813 0.923918 -0.370095 -0.106811 0.706773 -0.699331 -0.0378007 0.92391 -0.380738 0.0039426 0.706994 -0.707209 0.0220849 0.923999 -0.381758 0.114288 0.707136 -0.69778 0.0815526 0.923979 -0.373647 0.222364 0.70704 -0.671304 0.139133 0.924012 -0.356151 0.291853 0.706297 -0.644955 0.157795 0.923743 -0.348998 0.78111 0 -0.624393 0.812565 0 -0.58287 0.78111 0 -0.624393 0.841892 0 -0.539646 0.893498 0 -0.449068 0.915767 0 -0.401709 0.952652 0 -0.304064 0.967263 0 -0.253777 0.979193 -0 -0.202933 0.979193 0 -0.202933 0.998931 0 -0.0462315 0.999983 0 0.00576368 0.998323 0 0.0578844 0.986815 0 0.161851 0.976902 0 0.21369 0.949199 0 0.314676 0.931463 0 0.363837 0.888562 0 0.458756 0.863402 0 0.504517 0.805986 0 0.591935 0.773689 0 0.633566 0.702968 0 0.711221 0.664546 0 0.747248 0.58287 0 0.812565 0.539646 0 0.841892 0.449068 0 0.893498 0.401709 0 0.915767 0.304064 0 0.952652 0.253777 0 0.967263 0.202933 0 0.979193 0.202933 0 0.979193 0.0462315 0 0.998931 -0.00576368 0 0.999983 -0.0578844 0 0.998323 -0.161851 0 0.986815 -0.21369 0 0.976902 -0.314676 0 0.949199 -0.363837 0 0.931463 -0.411874 0 0.911241 -0.78111 -0 0.624393 -0.812565 0 0.58287 -0.78111 0 0.624393 -0.841892 0 0.539646 -0.893498 0 0.449068 -0.915767 0 0.401709 -0.952652 0 0.304064 -0.967263 0 0.253777 -0.979193 0 0.202933 -0.979193 0 0.202933 -0.998931 -0 0.0462315 -0.999983 0 -0.00576368 -0.998323 0 -0.0578844 -0.986815 0 -0.161851 -0.976902 0 -0.21369 -0.949199 0 -0.314676 -0.931463 0 -0.363837 -0.888562 0 -0.458756 -0.863402 0 -0.504517 -0.805986 0 -0.591935 -0.773689 0 -0.633566 -0.702968 0 -0.711221 -0.664546 0 -0.747248 -0.58287 0 -0.812565 -0.539646 0 -0.841892 -0.449068 0 -0.893498 -0.401709 0 -0.915767 -0.304064 0 -0.952652 -0.253777 0 -0.967263 -0.202933 0 -0.979193 -0.202933 0 -0.979193 -0.0462315 0 -0.998931 0.00576368 0 -0.999983 0.0578844 0 -0.998323 0.16159 0 -0.986858 0.213171 0 -0.977015 0.314409 0 -0.949288 0.364058 0 -0.931376 0.412559 -0 -0.910931 0.412559 0 -0.910931 -0.780804 0 0.624776 -0.812313 0 0.583222 -0.841689 0 0.539962 -0.893495 0 0.449074 -0.915891 0 0.401427 -0.952793 0 0.303621 -0.967341 0 0.253478 -0.979224 -0 0.202782 -0.998909 0 0.0467092 -0.999985 0 -0.00553989 -0.998321 0 -0.057917 -0.986821 0 -0.161816 -0.976979 0 -0.213337 -0.949306 0 -0.314353 -0.93146 0 -0.363843 -0.888387 0 -0.459095 -0.863194 0 -0.504872 -0.805818 0 -0.592163 -0.773611 0 -0.633661 -0.703101 0 -0.71109 -0.664799 0 -0.747022 -0.583222 0 -0.812313 -0.539962 0 -0.841689 -0.449074 0 -0.893495 -0.401427 0 -0.915891 -0.303621 0 -0.952793 -0.253478 0 -0.967341 -0.202782 0 -0.979224 -0.0467092 0 -0.998909 0.00553989 0 -0.999985 0.057917 0 -0.998321 0.161816 0 -0.986821 0.213337 0 -0.976979 0.314353 0 -0.949306 0.363843 0 -0.93146 0.412194 0 -0.911096 0.780804 -0 -0.624776 0.812313 0 -0.583222 0.841689 0 -0.539962 0.893495 0 -0.449074 0.915891 0 -0.401427 0.952793 0 -0.303621 0.967341 0 -0.253478 0.979224 0 -0.202782 0.998909 -0 -0.0467092 0.999985 0 0.00553989 0.998321 0 0.057917 0.986821 0 0.161816 0.976979 0 0.213337 0.949306 0 0.314353 0.93146 0 0.363843 0.888387 0 0.459095 0.863194 0 0.504872 0.805818 0 0.592163 0.773611 0 0.633661 0.703101 0 0.71109 0.664799 0 0.747022 0.583222 0 0.812313 0.539962 0 0.841689 0.449074 0 0.893495 0.401427 0 0.915891 0.303621 0 0.952793 0.253478 0 0.967341 0.202782 0 0.979224 0.0467092 0 0.998909 -0.00553989 0 0.999985 -0.057917 0 0.998321 -0.161816 0 0.986821 -0.213337 0 0.976979 -0.314353 0 0.949306 -0.363843 0 0.93146 -0.412194 -0 0.911096</float_array>
                    <technique_common>
                        <accessor count="455" source="#ID14" stride="3">
                            <param name="X" type="float"/>
                            <param name="Y" type="float"/>
                            <param name="Z" type="float"/>
                        </accessor>
                    </technique_common>
                </source>
                <source id="ID15">
                    <float_array id="ID16" count="944">0.758423 0.542175 0.756409 0.553772 0.793701 0.549866 0.789673 0.561035 0.827148 0.5625 0.821289 0.572998 0.858093 0.579712 0.850464 0.589233 0.88562 0.601135 0.876465 0.609436 0.90918 0.626221 0.898743 0.633118 0.928101 0.654297 0.916565 0.659668 0.941956 0.684814 0.929688 0.688416 0.950439 0.716858 0.937683 0.718689 0.953308 0.749756 0.940369 0.749756 0.950439 0.782593 0.937683 0.780762 0.941956 0.814636 0.929688 0.811035 0.928101 0.845154 0.916565 0.839783 0.90918 0.87323 0.898743 0.866333 0.88562 0.898315 0.876465 0.890015 0.858093 0.919739 0.850464 0.910217 0.827148 0.936951 0.821289 0.926453 0.793701 0.949585 0.789673 0.938416 0.758423 0.957275 0.756409 0.945679 0.49707 0.457886 0.499084 0.446289 0.461792 0.450195 0.46582 0.439026 0.428345 0.437561 0.434204 0.427063 0.3974 0.420349 0.405029 0.410828 0.369873 0.398926 0.379028 0.390625 0.346313 0.37384 0.356812 0.366943 0.327393 0.345764 0.338928 0.340393 0.313538 0.315247 0.325806 0.311646 0.305054 0.283203 0.31781 0.281372 0.302185 0.250305 0.315125 0.250305 0.305054 0.217468 0.31781 0.219299 0.313538 0.185425 0.325806 0.189026 0.327393 0.154907 0.338928 0.160278 0.346313 0.126831 0.356812 0.133728 0.369873 0.101746 0.379028 0.110046 0.3974 0.0803223 0.405029 0.0898438 0.428345 0.0631104 0.434204 0.0736084 0.461792 0.0504761 0.46582 0.0616455 0.49707 0.0427856 0.499084 0.0543823 0.764526 0.507324 0.762512 0.518921 0.805664 0.516296 0.801697 0.527466 0.844788 0.531006 0.838928 0.541504 0.880859 0.551147 0.873291 0.560669 0.913086 0.576172 0.903931 0.584473 0.940552 0.605469 0.930115 0.612366 0.962708 0.638306 0.951172 0.643616 0.978882 0.673889 0.966614 0.67749 0.98877 0.711304 0.976013 0.713196 0.992065 0.749756 0.979187 0.749756 0.98877 0.788147 0.976013 0.786255 0.978882 0.825562 0.966614 0.82196 0.962708 0.861145 0.951172 0.855835 0.940552 0.893982 0.930115 0.887085 0.913086 0.923279 0.903931 0.914978 0.880859 0.948303 0.873291 0.938782 0.844788 0.968445 0.838928 0.957947 0.805664 0.983154 0.801697 0.971985 0.764526 0.992126 0.762512 0.98053 0.490967 0.492737 0.492981 0.48114 0.449829 0.483765 0.453796 0.472595 0.410706 0.469055 0.416565 0.458557 0.374634 0.448914 0.382202 0.439392 0.342407 0.423889 0.351563 0.415588 0.314941 0.394592 0.325378 0.387695 0.292786 0.361755 0.304321 0.356445 0.276611 0.326172 0.28894 0.322571 0.266724 0.288757 0.27948 0.286865 0.263428 0.250305 0.276367 0.250305 0.266724 0.211914 0.27948 0.213806 0.276611 0.1745 0.28894 0.178101 0.292786 0.138916 0.304321 0.144226 0.314941 0.106079 0.325378 0.112976 0.342407 0.0767822 0.351563 0.085083 0.374634 0.0517578 0.382202 0.0612793 0.410706 0.0316162 0.416565 0.0421143 0.449829 0.0169067 0.453796 0.0280762 0.490967 0.00793457 0.492981 0.0195313 0.748352 0.0195313 0.746338 0.00793457 0.709167 0.0280762 0.7052 0.0169067 0.671936 0.0421143 0.666077 0.0316162 0.637573 0.0612793 0.630005 0.0517578 0.606934 0.085083 0.597778 0.0767822 0.58075 0.112976 0.570313 0.106079 0.559692 0.144226 0.548157 0.138916 0.54425 0.178101 0.531982 0.1745 0.534851 0.213806 0.522095 0.211914 0.531677 0.250305 0.518799 0.250305 0.534851 0.286865 0.522095 0.288757 0.54425 0.322571 0.531982 0.326172 0.559692 0.356445 0.548157 0.361755 0.58075 0.387695 0.570313 0.394592 0.606934 0.415588 0.597778 0.423889 0.637573 0.439392 0.630005 0.448914 0.671936 0.458557 0.666077 0.469055 0.709167 0.472595 0.7052 0.483765 0.748352 0.48114 0.746338 0.492737 0.013916 0.48114 0.0159302 0.492737 0.0531006 0.472595 0.0571289 0.483765 0.090332 0.458557 0.0961914 0.469055 0.124695 0.439392 0.132324 0.448914 0.155334 0.415588 0.16449 0.423889 0.181519 0.387695 0.192017 0.394592 0.202576 0.356445 0.214111 0.361755 0.218018 0.322571 0.230286 0.326172 0.227417 0.286865 0.240173 0.288757 0.230591 0.250305 0.24353 0.250305 0.227417 0.213806 0.240173 0.211914 0.218018 0.178101 0.230286 0.1745 0.202576 0.144226 0.214111 0.138916 0.181519 0.112976 0.192017 0.106079 0.155334 0.085083 0.16449 0.0767822 0.124695 0.0612793 0.132324 0.0517578 0.090332 0.0421143 0.0961914 0.0316162 0.0531006 0.0280762 0.0571289 0.0169067 0.013916 0.0195313 0.0159302 0.00793457 0.754456 0.0543823 0.752441 0.0427856 0.721191 0.0616455 0.717163 0.0504761 0.689575 0.0736084 0.683716 0.0631104 0.6604 0.0898438 0.652771 0.0803223 0.634399 0.110046 0.625244 0.101746 0.612183 0.133728 0.601685 0.126831 0.594299 0.160278 0.582764 0.154907 0.581177 0.189026 0.568909 0.185425 0.573181 0.219299 0.560425 0.217468 0.570496 0.250305 0.557556 0.250305 0.573181 0.281372 0.560425 0.283203 0.581177 0.311646 0.568909 0.315247 0.594299 0.340393 0.582764 0.345764 0.612183 0.366943 0.601685 0.37384 0.634399 0.390625 0.625244 0.398926 0.6604 0.410828 0.652771 0.420349 0.689575 0.427063 0.683716 0.437561 0.721191 0.439026 0.717163 0.450195 0.754456 0.446289 0.752441 0.457886 0.00787354 0.446289 0.0098877 0.457886 0.0411377 0.439026 0.045105 0.450195 0.0726929 0.427063 0.0786133 0.437561 0.101868 0.410828 0.109497 0.420349 0.12793 0.390625 0.137085 0.398926 0.150146 0.366943 0.160583 0.37384 0.16803 0.340393 0.179504 0.345764 0.181091 0.311646 0.19342 0.315247 0.189087 0.281372 0.201843 0.283203 0.191772 0.250305 0.204712 0.250305 0.189087 0.219299 0.201843 0.217468 0.181091 0.189026 0.19342 0.185425 0.16803 0.160278 0.179504 0.154907 0.150146 0.133728 0.160583 0.126831 0.12793 0.110046 0.137085 0.101746 0.101868 0.0898438 0.109497 0.0803223 0.0726929 0.0736084 0.0786133 0.0631104 0.0411377 0.0616455 0.045105 0.0504761 0.00787354 0.0543823 0.0098877 0.0427856 0.228577 0.507324 0.228577 0.537537 0.254456 0.507324 0.254456 0.537537 0.228577 0.566345 0.254456 0.566345 0.228577 0.592896 0.254456 0.592896 0.254456 0.616516 0.228577 0.616516 0.580505 0.507324 0.580505 0.530945 0.606323 0.507324 0.606323 0.530945 0.580505 0.557495 0.606323 0.557495 0.580505 0.586243 0.606323 0.586243 0.580505 0.616516 0.606323 0.616516 0.580505 0.647583 0.606323 0.647583 0.580505 0.678589 0.606323 0.678589 0.580505 0.708862 0.606323 0.708862 0.580505 0.73761 0.606323 0.73761 0.580505 0.76416 0.606323 0.76416 0.606323 0.787842 0.580505 0.787842 0.298462 0.616516 0.298462 0.592896 0.272583 0.616516 0.272583 0.592896 0.298462 0.566345 0.272583 0.566345 0.298462 0.537537 0.272583 0.537537 0.272583 0.507324 0.298462 0.507324 0.342407 0.616516 0.342407 0.586243 0.316528 0.616516 0.316528 0.586243 0.342407 0.557495 0.316528 0.557495 0.342407 0.530945 0.316528 0.530945 0.316528 0.507324 0.342407 0.507324 0.65033 0.787842 0.65033 0.76416 0.624451 0.787842 0.624451 0.76416 0.65033 0.73761 0.624451 0.73761 0.65033 0.708862 0.624451 0.708862 0.65033 0.678589 0.624451 0.678589 0.65033 0.647583 0.624451 0.647583 0.65033 0.616516 0.624451 0.616516 0.65033 0.586243 0.624451 0.586243 0.65033 0.557495 0.624451 0.557495 0.65033 0.530945 0.624451 0.530945 0.624451 0.507324 0.65033 0.507324 0.360535 0.507324 0.360535 0.530945 0.386414 0.507324 0.386414 0.530945 0.360535 0.557495 0.386414 0.557495 0.360535 0.586243 0.386414 0.586243 0.386414 0.616516 0.360535 0.616516 0.404541 0.507324 0.404541 0.544739 0.43042 0.507324 0.43042 0.544739 0.404541 0.580322 0.43042 0.580322 0.404541 0.613159 0.43042 0.613159 0.43042 0.642456 0.404541 0.642456 0.668457 0.507324 0.668457 0.53656 0.694336 0.507324 0.694336 0.53656 0.668457 0.569397 0.694336 0.569397 0.668457 0.60498 0.694336 0.60498 0.668457 0.642456 0.694336 0.642456 0.668457 0.680847 0.694336 0.680847 0.668457 0.719238 0.694336 0.719238 0.668457 0.756714 0.694336 0.756714 0.668457 0.792297 0.694336 0.792297 0.668457 0.825134 0.694336 0.825134 0.694336 0.854431 0.668457 0.854431 0.474365 0.642456 0.474365 0.613159 0.448486 0.642456 0.448486 0.613159 0.474365 0.580322 0.448486 0.580322 0.474365 0.544739 0.448486 0.544739 0.448486 0.507324 0.474365 0.507324 0.518372 0.642456 0.518372 0.60498 0.492493 0.642456 0.492493 0.60498 0.518372 0.569397 0.492493 0.569397 0.518372 0.53656 0.492493 0.53656 0.492493 0.507324 0.518372 0.507324 0.738281 0.854431 0.738281 0.825134 0.712463 0.854431 0.712463 0.825134 0.738281 0.792297 0.712463 0.792297 0.738281 0.756714 0.712463 0.756714 0.738281 0.719238 0.712463 0.719238 0.738281 0.680847 0.712463 0.680847 0.738281 0.642456 0.712463 0.642456 0.738281 0.60498 0.712463 0.60498 0.738281 0.569397 0.712463 0.569397 0.738281 0.53656 0.712463 0.53656 0.712463 0.507324 0.738281 0.507324 0.536499 0.507324 0.536499 0.53656 0.562378 0.507324 0.562378 0.53656 0.536499 0.569397 0.562378 0.569397 0.536499 0.60498 0.562378 0.60498 0.562378 0.642456 0.536499 0.642456</float_array>
                    <technique_common>
                        <accessor count="472" source="#ID16" stride="2">
                            <param name="S" type="float"/>
                            <param name="T" type="float"/>
                        </accessor>
                    </technique_common>
                </source>
                <vertices id="ID17">
                    <input semantic="POSITION" source="#ID11"/>
                </vertices>
                <triangles count="504" material="Material1">
                    <input offset="0" semantic="VERTEX" source="#ID17"/>
                    <input offset="1" semantic="NORMAL" source="#ID13"/>
                    <input offset="2" semantic="TEXCOORD" source="#ID15" set="0"/>
                    <p>142 2 2 146 1 1 149 0 0 146 1 1 142 2 2 139 3 3 136 4 4 139 3 3 142 2 2 139 3 3 136 4 4 133 5 5 130 6 6 133 5 5 136 4 4 133 5 5 130 6 6 127 7 7 124 8 8 127 7 7 130 6 6 127 7 7 124 8 8 120 9 9 117 10 10 120 9 9 124 8 8 120 9 9 117 10 10 114 11 11 111 12 12 114 11 11 117 10 10 114 11 11 111 12 12 108 13 13 105 14 14 108 13 13 111 12 12 108 13 13 105 14 14 102 15 15 99 16 16 102 15 15 105 14 14 102 15 15 99 16 16 96 17 17 93 18 18 96 17 17 99 16 16 96 17 17 93 18 18 90 19 19 86 20 20 90 19 19 93 18 18 90 19 19 86 20 20 83 21 21 80 22 22 83 21 21 86 20 20 83 21 21 80 22 22 77 23 23 74 24 24 77 23 23 80 22 22 77 23 23 74 24 24 71 25 25 68 26 26 71 25 25 74 24 24 71 25 25 68 26 26 65 27 27 62 28 28 65 27 27 68 26 26 65 27 27 62 28 28 58 29 29 55 30 30 58 29 29 62 28 28 58 29 29 55 30 30 52 31 31 49 32 32 52 31 31 55 30 30 52 31 31 49 32 32 46 33 33 43 34 34 46 33 33 49 32 32 46 33 33 43 34 34 40 35 35 37 36 36 40 35 35 43 34 34 40 35 35 37 36 36 34 37 37 24 40 40 28 39 39 31 38 38 28 39 39 24 40 40 21 41 41 18 42 42 21 41 41 24 40 40 21 41 41 18 42 42 15 43 43 12 44 44 15 43 43 18 42 42 15 43 43 12 44 44 9 45 45 6 46 46 9 45 45 12 44 44 9 45 45 6 46 46 2 47 47 471 48 48 2 47 47 6 46 46 2 47 47 471 48 48 469 49 49 468 50 50 469 49 49 471 48 48 469 49 49 468 50 50 466 51 51 465 52 52 466 51 51 468 50 50 466 51 51 465 52 52 463 53 53 462 54 54 463 53 53 465 52 52 463 53 53 462 54 54 460 55 55 459 56 56 460 55 55 462 54 54 460 55 55 459 56 56 457 57 57 456 58 58 457 57 57 459 56 56 457 57 57 456 58 58 454 59 59 453 60 60 454 59 59 456 58 58 454 59 59 453 60 60 451 61 61 450 62 62 451 61 61 453 60 60 451 61 61 450 62 62 448 63 63 447 64 64 448 63 63 450 62 62 448 63 63 447 64 64 445 65 65 444 66 66 445 65 65 447 64 64 445 65 65 444 66 66 441 67 67 440 68 68 441 67 67 444 66 66 441 67 67 440 68 68 438 69 69 437 70 70 438 69 69 440 68 68 438 69 69 437 70 70 435 71 71 434 72 72 435 71 71 437 70 70 435 71 71 434 72 72 432 73 73 431 74 74 432 73 73 434 72 72 432 73 73 431 74 74 429 75 75 424 78 78 426 77 77 427 76 76 426 77 77 424 78 78 423 79 79 421 80 80 423 79 79 424 78 78 423 79 79 421 80 80 420 81 81 418 82 82 420 81 81 421 80 80 420 81 81 418 82 82 417 83 83 414 84 84 417 83 83 418 82 82 417 83 83 414 84 84 413 85 85 411 86 86 413 85 85 414 84 84 413 85 85 411 86 86 410 87 87 408 88 88 410 87 87 411 86 86 410 87 87 408 88 88 407 89 89 405 90 90 407 89 89 408 88 88 407 89 89 405 90 90 404 91 91 402 92 92 404 91 91 405 90 90 404 91 91 402 92 92 401 93 93 399 94 94 401 93 93 402 92 92 401 93 93 399 94 94 398 95 95 396 96 96 398 95 95 399 94 94 398 95 95 396 96 96 395 97 97 393 98 98 395 97 97 396 96 96 395 97 97 393 98 98 392 99 99 390 100 100 392 99 99 393 98 98 392 99 99 390 100 100 389 101 101 387 102 102 389 101 101 390 100 100 389 101 101 387 102 102 386 103 103 383 104 104 386 103 103 387 102 102 386 103 103 383 104 104 382 105 105 380 106 106 382 105 105 383 104 104 382 105 105 380 106 106 379 107 107 377 108 108 379 107 107 380 106 106 379 107 107 377 108 108 376 109 109 374 110 110 376 109 109 377 108 108 376 109 109 374 110 110 373 111 111 371 112 112 373 111 111 374 110 110 373 111 111 371 112 112 370 113 113 365 116 116 367 115 115 368 114 114 367 115 115 365 116 116 364 117 117 362 118 118 364 117 117 365 116 116 364 117 117 362 118 118 361 119 119 359 120 120 361 119 119 362 118 118 361 119 119 359 120 120 358 121 121 355 122 122 358 121 121 359 120 120 358 121 121 355 122 122 354 123 123 352 124 124 354 123 123 355 122 122 354 123 123 352 124 124 351 125 125 349 126 126 351 125 125 352 124 124 351 125 125 349 126 126 348 127 127 346 128 128 348 127 127 349 126 126 348 127 127 346 128 128 345 129 129 343 130 130 345 129 129 346 128 128 345 129 129 343 130 130 342 131 131 340 132 132 342 131 131 343 130 130 342 131 131 340 132 132 339 133 133 337 134 134 339 133 133 340 132 132 339 133 133 337 134 134 336 135 135 334 136 136 336 135 135 337 134 134 336 135 135 334 136 136 333 137 137 331 138 138 333 137 137 334 136 136 333 137 137 331 138 138 330 139 139 328 140 140 330 139 139 331 138 138 330 139 139 328 140 140 327 141 141 324 142 142 327 141 141 328 140 140 327 141 141 324 142 142 323 143 143 321 144 144 323 143 143 324 142 142 323 143 143 321 144 144 320 145 145 318 146 146 320 145 145 321 144 144 320 145 145 318 146 146 317 147 147 315 148 148 317 147 147 318 146 146 317 147 147 315 148 148 314 149 149 312 150 150 314 149 149 315 148 148 314 149 149 312 150 150 311 151 151 307 154 154 308 153 153 310 152 152 308 153 153 307 154 154 305 155 155 304 156 156 305 155 155 307 154 154 305 155 155 304 156 156 302 157 157 301 158 158 302 157 157 304 156 156 302 157 157 301 158 158 299 159 159 298 160 160 299 159 159 301 158 158 299 159 159 298 160 160 295 161 161 294 162 162 295 161 161 298 160 160 295 161 161 294 162 162 292 163 163 291 164 164 292 163 163 294 162 162 292 163 163 291 164 164 289 165 165 288 166 166 289 165 165 291 164 164 289 165 165 288 166 166 286 167 167 285 168 168 286 167 167 288 166 166 286 167 167 285 168 168 283 169 169 282 170 170 283 169 169 285 168 168 283 169 169 282 170 170 280 171 171 279 172 172 280 171 171 282 170 170 280 171 171 279 172 172 277 173 173 276 174 174 277 173 173 279 172 172 277 173 173 276 174 174 274 175 175 273 176 176 274 175 175 276 174 174 274 175 175 273 176 176 271 177 177 270 178 178 271 177 177 273 176 176 271 177 177 270 178 178 268 179 179 267 180 180 268 179 179 270 178 178 268 179 179 267 180 180 264 181 181 263 182 182 264 181 181 267 180 180 264 181 181 263 182 182 261 183 183 260 184 184 261 183 183 263 182 182 261 183 183 260 184 184 258 185 185 257 186 186 258 185 185 260 184 184 258 185 185 257 186 186 255 187 187 254 188 188 255 187 187 257 186 186 255 187 187 254 188 188 252 189 189 248 192 192 249 191 191 251 190 190 249 191 191 248 192 192 246 193 193 245 194 194 246 193 193 248 192 192 246 193 193 245 194 194 243 195 195 242 196 196 243 195 195 245 194 194 243 195 195 242 196 196 240 197 197 239 198 198 240 197 197 242 196 196 240 197 197 239 198 198 236 199 199 235 200 200 236 199 199 239 198 198 236 199 199 235 200 200 233 201 201 232 202 202 233 201 201 235 200 200 233 201 201 232 202 202 230 203 203 229 204 204 230 203 203 232 202 202 230 203 203 229 204 204 227 205 205 226 206 206 227 205 205 229 204 204 227 205 205 226 206 206 224 207 207 223 208 208 224 207 207 226 206 206 224 207 207 223 208 208 221 209 209 220 210 210 221 209 209 223 208 208 221 209 209 220 210 210 218 211 211 217 212 212 218 211 211 220 210 210 218 211 211 217 212 212 215 213 213 214 214 214 215 213 213 217 212 212 215 213 213 214 214 214 212 215 215 211 216 216 212 215 215 214 214 214 212 215 215 211 216 216 209 217 217 208 218 218 209 217 217 211 216 216 209 217 217 208 218 218 205 219 219 204 220 220 205 219 219 208 218 218 205 219 219 204 220 220 202 221 221 201 222 222 202 221 221 204 220 220 202 221 221 201 222 222 199 223 223 198 224 224 199 223 223 201 222 222 199 223 223 198 224 224 196 225 225 195 226 226 196 225 225 198 224 224 196 225 225 195 226 226 193 227 227 187 230 230 192 229 229 190 228 228 192 229 229 187 230 230 189 231 231 184 232 232 189 231 231 187 230 230 189 231 231 184 232 232 186 233 233 181 234 234 186 233 233 184 232 232 186 233 233 181 234 234 183 235 235 177 236 236 183 235 235 181 234 234 183 235 235 177 236 236 180 237 237 174 238 238 180 237 237 177 236 236 180 237 237 174 238 238 176 239 239 171 240 240 176 239 239 174 238 238 176 239 239 171 240 240 173 241 241 168 242 242 173 241 241 171 240 240 173 241 241 168 242 242 170 243 243 165 244 244 170 243 243 168 242 242 170 243 243 165 244 244 167 245 245 162 246 246 167 245 245 165 244 244 167 245 245 162 246 246 164 247 247 159 248 248 164 247 247 162 246 246 164 247 247 159 248 248 161 249 249 156 250 250 161 249 249 159 248 248 161 249 249 156 250 250 158 251 251 153 252 252 158 251 251 156 250 250 158 251 251 153 252 252 155 253 253 150 254 254 155 253 253 153 252 252 155 253 253 150 254 254 152 255 255 143 256 256 152 255 255 150 254 254 152 255 255 143 256 256 148 257 257 137 258 258 148 257 257 143 256 256 148 257 257 137 258 258 141 259 259 131 260 260 141 259 259 137 258 258 141 259 259 131 260 260 135 261 261 125 262 262 135 261 261 131 260 260 135 261 261 125 262 262 129 263 263 118 264 264 129 263 263 125 262 262 129 263 263 118 264 264 123 265 265 106 268 268 116 267 267 112 266 266 116 267 267 106 268 268 110 269 269 100 270 270 110 269 269 106 268 268 110 269 269 100 270 270 104 271 271 94 272 272 104 271 271 100 270 270 104 271 271 94 272 272 98 273 273 87 274 274 98 273 273 94 272 272 98 273 273 87 274 274 92 275 275 81 276 276 92 275 275 87 274 274 92 275 275 81 276 276 85 277 277 75 278 278 85 277 277 81 276 276 85 277 277 75 278 278 79 279 279 70 280 280 79 279 279 75 278 278 79 279 279 70 280 280 73 281 281 64 282 282 73 281 281 70 280 280 73 281 281 64 282 282 67 283 283 57 284 284 67 283 283 64 282 282 67 283 283 57 284 284 61 285 285 51 286 286 61 285 285 57 284 284 61 285 285 51 286 286 54 287 287 45 288 288 54 287 287 51 286 286 54 287 287 45 288 288 48 289 289 39 290 290 48 289 289 45 288 288 48 289 289 39 290 290 42 291 291 33 292 292 42 291 291 39 290 290 42 291 291 33 292 292 36 293 293 27 294 294 36 293 293 33 292 292 36 293 293 27 294 294 30 295 295 20 296 296 30 295 295 27 294 294 30 295 295 20 296 296 23 297 297 14 298 298 23 297 297 20 296 296 23 297 297 14 298 298 17 299 299 8 300 300 17 299 299 14 298 298 17 299 299 8 300 300 11 301 301 1 302 302 11 301 301 8 300 300 11 301 301 1 302 302 5 303 303 147 306 306 188 305 305 191 304 304 188 305 305 147 306 306 140 307 307 140 307 307 185 308 308 188 305 305 185 308 308 140 307 307 134 309 309 134 309 309 182 310 310 185 308 308 182 310 310 134 309 309 128 311 311 179 313 313 128 311 311 122 312 312 128 311 311 179 313 313 182 310 310 121 314 316 175 315 315 178 314 314 175 315 315 121 314 316 115 316 317 115 316 317 172 317 318 175 315 315 172 317 318 115 316 317 109 318 319 109 318 319 169 319 320 172 317 318 169 319 320 109 318 319 103 320 321 103 320 321 166 321 322 169 319 320 166 321 322 103 320 321 97 322 323 97 322 323 163 323 324 166 321 322 163 323 324 97 322 323 91 324 325 91 324 325 160 325 326 163 323 324 160 325 326 91 324 325 84 326 327 84 326 327 157 327 328 160 325 326 157 327 328 84 326 327 78 328 329 78 328 329 154 329 330 157 327 328 154 329 330 78 328 329 72 330 331 72 330 331 151 331 332 154 329 330 151 331 332 72 330 331 66 332 333 145 334 335 66 332 333 60 333 334 66 332 333 145 334 335 151 331 332 59 335 338 138 336 337 144 335 336 138 336 337 59 335 338 53 337 339 53 337 339 132 338 340 138 336 337 132 338 340 53 337 339 47 339 341 47 339 341 126 340 342 132 338 340 126 340 342 47 339 341 41 341 343 119 342 345 41 341 343 35 342 344 41 341 343 119 342 345 126 340 342 29 345 348 107 344 347 113 343 346 107 344 347 29 345 348 22 346 349 22 346 349 101 347 350 107 344 347 101 347 350 22 346 349 16 348 351 16 348 351 95 349 352 101 347 350 95 349 352 16 348 351 10 350 353 89 352 355 10 350 353 4 351 354 10 350 353 89 352 355 95 349 352 3 353 358 82 354 357 88 353 356 82 354 357 3 353 358 470 355 359 470 355 359 76 356 360 82 354 357 76 356 360 470 355 359 467 357 361 467 357 361 69 358 362 76 356 360 69 358 362 467 357 361 464 359 363 464 359 363 63 360 364 69 358 362 63 360 364 464 359 363 461 361 365 461 361 365 56 362 366 63 360 364 56 362 366 461 361 365 458 363 367 458 363 367 50 364 368 56 362 366 50 364 368 458 363 367 455 365 369 455 365 369 44 366 370 50 364 368 44 366 370 455 365 369 452 367 371 452 367 371 38 368 372 44 366 370 38 368 372 452 367 371 449 369 373 449 369 373 32 370 374 38 368 372 32 370 374 449 369 373 446 371 375 26 373 377 446 371 375 443 372 376 446 371 375 26 373 377 32 370 374 442 374 380 19 375 379 25 374 378 19 375 379 442 374 380 439 376 381 439 376 381 13 377 382 19 375 379 13 377 382 439 376 381 436 378 383 436 378 383 7 379 384 13 377 382 7 379 384 436 378 383 433 380 385 0 382 387 433 380 385 430 381 386 433 380 385 0 382 387 7 379 384 309 383 390 425 384 389 428 383 388 425 384 389 309 383 390 306 385 391 306 385 391 422 386 392 425 384 389 422 386 392 306 385 391 303 387 393 303 387 393 419 388 394 422 386 392 419 388 394 303 387 393 300 389 395 416 390 397 300 389 395 297 390 396 300 389 395 416 390 397 419 388 394 296 391 400 412 392 399 415 391 398 412 392 399 296 391 400 293 393 401 293 393 401 409 394 402 412 392 399 409 394 402 293 393 401 290 395 403 290 395 403 406 396 404 409 394 402 406 396 404 290 395 403 287 397 405 287 397 405 403 398 406 406 396 404 403 398 406 287 397 405 284 399 407 284 399 407 400 400 408 403 398 406 400 400 408 284 399 407 281 401 409 281 401 409 397 402 410 400 400 408 397 402 410 281 401 409 278 403 411 278 403 411 394 404 412 397 402 410 394 404 412 278 403 411 275 405 413 275 405 413 391 406 414 394 404 412 391 406 414 275 405 413 272 407 415 272 407 415 388 408 416 391 406 414 388 408 416 272 407 415 269 409 417 385 410 419 269 409 417 266 410 418 269 409 417 385 410 419 388 408 416 265 411 422 381 412 421 384 411 420 381 412 421 265 411 422 262 413 423 262 413 423 378 414 424 381 412 421 378 414 424 262 413 423 259 415 425 259 415 425 375 416 426 378 414 424 375 416 426 259 415 425 256 417 427 372 418 429 256 417 427 253 418 428 256 417 427 372 418 429 375 416 426 250 419 432 366 420 431 369 419 430 366 420 431 250 419 432 247 421 433 247 421 433 363 422 434 366 420 431 363 422 434 247 421 433 244 423 435 244 423 435 360 424 436 363 422 434 360 424 436 244 423 435 241 425 437 357 426 439 241 425 437 238 426 438 241 425 437 357 426 439 360 424 436 237 427 442 353 428 441 356 427 440 353 428 441 237 427 442 234 429 443 234 429 443 350 430 444 353 428 441 350 430 444 234 429 443 231 431 445 231 431 445 347 432 446 350 430 444 347 432 446 231 431 445 228 433 447 228 433 447 344 434 448 347 432 446 344 434 448 228 433 447 225 435 449 225 435 449 341 436 450 344 434 448 341 436 450 225 435 449 222 437 451 222 437 451 338 438 452 341 436 450 338 438 452 222 437 451 219 439 453 219 439 453 335 440 454 338 438 452 335 440 454 219 439 453 216 441 455 216 441 455 332 442 456 335 440 454 332 442 456 216 441 455 213 443 457 213 443 457 329 444 458 332 442 456 329 444 458 213 443 457 210 445 459 326 446 461 210 445 459 207 446 460 210 445 459 326 446 461 329 444 458 206 447 464 322 448 463 325 447 462 322 448 463 206 447 464 203 449 465 203 449 465 319 450 466 322 448 463 319 450 466 203 449 465 200 451 467 200 451 467 316 452 468 319 450 466 316 452 468 200 451 467 197 453 469 313 454 471 197 453 469 194 454 470 197 453 469 313 454 471 316 452 468 192 229 229 307 154 154 310 152 152 307 154 154 192 229 229 189 231 231 189 231 231 304 156 156 307 154 154 304 156 156 189 231 231 186 233 233 186 233 233 301 158 158 304 156 156 301 158 158 186 233 233 183 235 235 183 235 235 298 160 160 301 158 158 298 160 160 183 235 235 180 237 237 180 237 237 294 162 162 298 160 160 294 162 162 180 237 237 176 239 239 176 239 239 291 164 164 294 162 162 291 164 164 176 239 239 173 241 241 173 241 241 288 166 166 291 164 164 288 166 166 173 241 241 170 243 243 170 243 243 285 168 168 288 166 166 285 168 168 170 243 243 167 245 245 167 245 245 282 170 170 285 168 168 282 170 170 167 245 245 164 247 247 164 247 247 279 172 172 282 170 170 279 172 172 164 247 247 161 249 249 161 249 249 276 174 174 279 172 172 276 174 174 161 249 249 158 251 251 158 251 251 273 176 176 276 174 174 273 176 176 158 251 251 155 253 253 155 253 253 270 178 178 273 176 176 270 178 178 155 253 253 152 255 255 152 255 255 267 180 180 270 178 178 267 180 180 152 255 255 148 257 257 148 257 257 263 182 182 267 180 180 263 182 182 148 257 257 141 259 259 141 259 259 260 184 184 263 182 182 260 184 184 141 259 259 135 261 261 135 261 261 257 186 186 260 184 184 257 186 186 135 261 261 129 263 263 254 188 188 129 263 263 123 265 265 129 263 263 254 188 188 257 186 186 116 267 267 248 192 192 251 190 190 248 192 192 116 267 267 110 269 269 110 269 269 245 194 194 248 192 192 245 194 194 110 269 269 104 271 271 104 271 271 242 196 196 245 194 194 242 196 196 104 271 271 98 273 273 98 273 273 239 198 198 242 196 196 239 198 198 98 273 273 92 275 275 92 275 275 235 200 200 239 198 198 235 200 200 92 275 275 85 277 277 85 277 277 232 202 202 235 200 200 232 202 202 85 277 277 79 279 279 79 279 279 229 204 204 232 202 202 229 204 204 79 279 279 73 281 281 73 281 281 226 206 206 229 204 204 226 206 206 73 281 281 67 283 283 67 283 283 223 208 208 226 206 206 223 208 208 67 283 283 61 285 285 61 285 285 220 210 210 223 208 208 220 210 210 61 285 285 54 287 287 54 287 287 217 212 212 220 210 210 217 212 212 54 287 287 48 289 289 48 289 289 214 214 214 217 212 212 214 214 214 48 289 289 42 291 291 42 291 291 211 216 216 214 214 214 211 216 216 42 291 291 36 293 293 36 293 293 208 218 218 211 216 216 208 218 218 36 293 293 30 295 295 30 295 295 204 220 220 208 218 218 204 220 220 30 295 295 23 297 297 23 297 297 201 222 222 204 220 220 201 222 222 23 297 297 17 299 299 17 299 299 198 224 224 201 222 222 198 224 224 17 299 299 11 301 301 195 226 226 11 301 301 5 303 303 11 301 301 195 226 226 198 224 224</p>
                </triangles>
            </mesh>
        </geometry>
        <geometry id="ID19">
            <mesh>
                <source id="ID20">
                    <float_array id="ID21" count="1416">-224.563 10.1273 -174.344 -235.875 24.4398 -183.125 -235.875 24.4398 -183.125 -249.094 10.1273 -137.063 -261.625 24.4398 -143.938 -261.625 24.4398 -143.938 -267.469 10.1273 -96.4063 -280.938 24.4398 -101.25 -280.938 24.4398 -101.25 -279.25 10.1273 -53.375 -293.313 24.4398 -56.0625 -293.313 24.4398 -56.0625 -284.156 10.1273 -9.03125 -298.469 24.4398 -9.46875 -298.469 24.4398 -9.46875 -282.063 10.1273 35.5 -296.281 24.4398 37.3125 -296.281 24.4398 37.3125 -296.281 24.4398 37.3125 -273.031 10.1273 79.2188 -286.781 24.4398 83.1875 -286.781 24.4398 83.1875 -257.281 10.1273 120.938 -270.25 24.4398 127.031 -270.25 24.4398 127.031 -235.188 10.1273 159.719 -247.031 24.4398 167.75 -247.031 24.4398 167.75 -207.313 10.1273 194.531 -217.75 24.4398 204.344 -217.75 24.4398 204.344 -116.344 24.4398 211.438 -116.344 24.4398 211.438 -123.25 10.1273 224 -81.8438 24.4398 227.063 -81.8438 24.4398 227.063 -86.6875 10.1273 240.531 -45.3125 24.4398 237.063 -45.3125 24.4398 237.063 -48 10.1273 251.125 -7.65625 24.4398 241.219 -7.65625 24.4398 241.219 -8.125 10.1273 255.531 30.1563 24.4398 239.469 30.1563 24.4398 239.469 30.1563 24.4398 239.469 31.9375 10.1273 253.656 67.25 24.4398 231.781 67.25 24.4398 231.781 71.2188 10.1273 245.531 102.656 24.4398 218.406 102.656 24.4398 218.406 108.75 10.1273 231.375 135.563 24.4398 199.656 135.563 24.4398 199.656 143.625 10.1273 211.5 165.156 24.4398 176 165.156 24.4398 176 174.938 10.1273 186.438 190.656 24.4398 148 190.656 24.4398 148 201.938 10.1273 156.781 211.438 24.4398 116.344 211.438 24.4398 116.344 224 10.1273 123.25 227.031 24.4398 81.8438 227.031 24.4398 81.8438 240.531 10.1273 86.6875 237.063 24.4398 45.3125 237.063 24.4398 45.3125 251.125 10.1273 48 241.219 24.4398 7.65625 241.219 24.4398 7.65625 255.531 10.1273 8.125 -116.344 53.0648 211.438 -116.344 53.0648 211.438 239.469 24.4398 -30.1563 239.469 24.4398 -30.1563 239.469 24.4398 -30.1563 -123.25 67.3773 224 253.656 10.1273 -31.9375 -81.8438 53.0648 227.063 -81.8438 53.0648 227.063 231.781 24.4398 -67.25 231.781 24.4398 -67.25 -86.6875 67.3773 240.531 245.531 10.1273 -71.2188 -45.3125 53.0648 237.063 -45.3125 53.0648 237.063 218.406 24.4398 -102.656 218.406 24.4398 -102.656 -48 67.3773 251.125 231.375 10.1273 -108.75 -7.65625 53.0648 241.219 -7.65625 53.0648 241.219 199.656 24.4398 -135.563 199.656 24.4398 -135.563 -8.125 67.3773 255.531 211.5 10.1273 -143.625 30.1563 53.0648 239.469 30.1563 53.0648 239.469 30.1563 53.0648 239.469 176 24.4398 -165.156 176 24.4398 -165.156 31.9375 67.3773 253.656 186.438 10.1273 -174.938 67.25 53.0648 231.781 67.25 53.0648 231.781 116.344 24.4398 -211.438 116.344 24.4398 -211.438 71.2188 67.3773 245.531 123.25 10.1273 -224 102.656 53.0648 218.406 102.656 53.0648 218.406 81.8438 24.4398 -227.031 81.8438 24.4398 -227.031 108.75 67.3773 231.375 86.6875 10.1273 -240.531 135.563 53.0648 199.656 135.563 53.0648 199.656 45.3125 24.4398 -237.063 45.3125 24.4398 -237.063 143.625 67.3773 211.5 48 10.1273 -251.125 165.156 53.0648 176 165.156 53.0648 176 7.65625 24.4398 -241.219 7.65625 24.4398 -241.219 174.938 67.3773 186.438 8.125 10.1273 -255.531 190.656 53.0648 148 190.656 53.0648 148 -30.1563 24.4398 -239.469 -30.1563 24.4398 -239.469 -30.1563 24.4398 -239.469 201.938 67.3773 156.781 -31.9375 10.1273 -253.656 211.438 53.0648 116.344 211.438 53.0648 116.344 -67.25 24.4398 -231.781 -67.25 24.4398 -231.781 224 67.3773 123.25 -71.2188 10.1273 -245.531 227.031 53.0648 81.8438 227.031 53.0648 81.8438 -102.656 24.4398 -218.406 -102.656 24.4398 -218.406 240.531 67.3773 86.6875 -108.75 10.1273 -231.375 237.063 53.0648 45.3125 237.063 53.0648 45.3125 -135.563 24.4398 -199.656 -135.563 24.4398 -199.656 251.125 67.3773 48 -143.625 10.1273 -211.5 241.219 53.0648 7.65625 241.219 53.0648 7.65625 -165.156 24.4398 -176 -165.156 24.4398 -176 255.531 67.3773 8.125 -174.938 10.1273 -186.438 239.469 53.0648 -30.1563 239.469 53.0648 -30.1563 239.469 53.0648 -30.1563 -190.656 24.4398 -148 -190.656 24.4398 -148 253.656 67.3773 -31.9375 -201.938 10.1273 -156.781 231.781 53.0648 -67.25 231.781 53.0648 -67.25 -211.438 24.4398 -116.344 -211.438 24.4398 -116.344 245.531 67.3773 -71.2188 -224 10.1273 -123.25 218.406 53.0648 -102.656 218.406 53.0648 -102.656 -227.031 24.4398 -81.8438 -227.031 24.4398 -81.8438 231.375 67.3773 -108.75 -240.531 10.1273 -86.6875 199.656 53.0648 -135.563 199.656 53.0648 -135.563 -237.063 24.4398 -45.3125 -237.063 24.4398 -45.3125 211.5 67.3773 -143.625 -251.125 10.1273 -48 176 53.0648 -165.156 176 53.0648 -165.156 -241.219 24.4398 -7.65625 -241.219 24.4398 -7.65625 186.438 67.3773 -174.938 -255.531 10.1273 -8.125 116.344 53.0648 -211.438 116.344 53.0648 -211.438 -239.469 24.4398 30.1563 -239.469 24.4398 30.1563 -239.469 24.4398 30.1563 123.25 67.3773 -224 -253.656 10.1273 31.9375 81.8438 53.0648 -227.031 81.8438 53.0648 -227.031 -231.781 24.4398 67.25 -231.781 24.4398 67.25 86.6875 67.3773 -240.531 -245.531 10.1273 71.2188 45.3125 53.0648 -237.063 45.3125 53.0648 -237.063 -218.406 24.4398 102.656 -218.406 24.4398 102.656 48 67.3773 -251.125 -231.375 10.1273 108.75 7.65625 53.0648 -241.219 7.65625 53.0648 -241.219 -199.656 24.4398 135.563 -199.656 24.4398 135.563 8.125 67.3773 -255.531 -211.5 10.1273 143.625 -30.1563 53.0648 -239.469 -30.1563 53.0648 -239.469 -30.1563 53.0648 -239.469 -176 24.4398 165.156 -176 24.4398 165.156 -31.9375 67.3773 -253.656 -186.438 10.1273 174.938 -67.25 53.0648 -231.781 -67.25 53.0648 -231.781 -71.2188 67.3773 -245.531 -102.656 53.0648 -218.406 -102.656 53.0648 -218.406 -108.75 67.3773 -231.375 -135.563 53.0648 -199.656 -135.563 53.0648 -199.656 -143.625 67.3773 -211.5 -165.156 53.0648 -176 -165.156 53.0648 -176 -174.938 67.3773 -186.438 -190.656 53.0648 -148 -190.656 53.0648 -148 -201.938 67.3773 -156.781 -211.438 53.0648 -116.344 -211.438 53.0648 -116.344 -224 67.3773 -123.25 -227.031 53.0648 -81.8438 -227.031 53.0648 -81.8438 -240.531 67.3773 -86.6875 -237.063 53.0648 -45.3125 -237.063 53.0648 -45.3125 -251.125 67.3773 -48 -241.219 53.0648 -7.65625 -241.219 53.0648 -7.65625 -255.531 67.3773 -8.125 -239.469 53.0648 30.1563 -239.469 53.0648 30.1563 -239.469 53.0648 30.1563 -253.656 67.3773 31.9375 -231.781 53.0648 67.25 -231.781 53.0648 67.25 -245.531 67.3773 71.2188 -218.406 53.0648 102.656 -218.406 53.0648 102.656 -231.375 67.3773 108.75 -199.656 53.0648 135.563 -199.656 53.0648 135.563 -211.5 67.3773 143.625 -176 53.0648 165.156 -176 53.0648 165.156 -186.438 67.3773 174.938 -143.938 53.0648 261.625 -143.938 53.0648 261.625 -137.063 67.3773 249.094 -101.25 53.0648 280.938 -101.25 53.0648 280.938 -96.4063 67.3773 267.469 -56.0625 53.0648 293.313 -56.0625 53.0648 293.313 -53.375 67.3773 279.25 -9.46875 53.0648 298.469 -9.46875 53.0648 298.469 -9.03125 67.3773 284.156 37.3125 53.0648 296.281 37.3125 53.0648 296.281 37.3125 53.0648 296.281 35.5 67.3773 282.063 83.1875 53.0648 286.781 83.1875 53.0648 286.781 79.2188 67.3773 273.031 127.031 53.0648 270.25 127.031 53.0648 270.25 120.938 67.3773 257.281 167.75 53.0648 247.031 167.75 53.0648 247.031 159.719 67.3773 235.188 204.344 53.0648 217.75 204.344 53.0648 217.75 194.531 67.3773 207.313 235.875 53.0648 183.125 235.875 53.0648 183.125 224.563 67.3773 174.344 261.625 53.0648 143.938 261.625 53.0648 143.938 249.094 67.3773 137.063 280.938 53.0648 101.25 280.938 53.0648 101.25 267.469 67.3773 96.4063 293.313 53.0648 56.0625 293.313 53.0648 56.0625 279.25 67.3773 53.375 298.469 53.0648 9.46875 298.469 53.0648 9.46875 284.156 67.3773 9.03125 296.281 53.0648 -37.3125 296.281 53.0648 -37.3125 296.281 53.0648 -37.3125 282.063 67.3773 -35.5 286.781 53.0648 -83.1875 286.781 53.0648 -83.1875 273.031 67.3773 -79.2188 270.25 53.0648 -127.031 270.25 53.0648 -127.031 257.281 67.3773 -120.938 247.031 53.0648 -167.75 247.031 53.0648 -167.75 235.188 67.3773 -159.719 217.75 53.0648 -204.344 217.75 53.0648 -204.344 207.313 67.3773 -194.531 143.938 53.0648 -261.625 143.938 53.0648 -261.625 137.063 67.3773 -249.094 101.25 53.0648 -280.938 101.25 53.0648 -280.938 96.4063 67.3773 -267.469 56.0625 53.0648 -293.313 56.0625 53.0648 -293.313 53.375 67.3773 -279.25 9.46875 53.0648 -298.469 9.46875 53.0648 -298.469 9.03125 67.3773 -284.156 -37.3125 53.0648 -296.281 -37.3125 53.0648 -296.281 -37.3125 53.0648 -296.281 -35.5 67.3773 -282.063 -83.1875 53.0648 -286.781 -83.1875 53.0648 -286.781 -79.2188 67.3773 -273.031 -127.031 53.0648 -270.25 -127.031 53.0648 -270.25 -120.938 67.3773 -257.281 -167.75 53.0648 -247.031 -167.75 53.0648 -247.031 -159.719 67.3773 -235.188 -204.344 53.0648 -217.75 -204.344 53.0648 -217.75 -194.531 67.3773 -207.313 -235.875 53.0648 -183.125 -235.875 53.0648 -183.125 -224.563 67.3773 -174.344 -261.625 53.0648 -143.938 -261.625 53.0648 -143.938 -249.094 67.3773 -137.063 -280.938 53.0648 -101.25 -280.938 53.0648 -101.25 -267.469 67.3773 -96.4063 -293.313 53.0648 -56.0625 -293.313 53.0648 -56.0625 -279.25 67.3773 -53.375 -298.469 53.0648 -9.46875 -298.469 53.0648 -9.46875 -284.156 67.3773 -9.03125 -296.281 53.0648 37.3125 -296.281 53.0648 37.3125 -296.281 53.0648 37.3125 -282.063 67.3773 35.5 -286.781 53.0648 83.1875 -286.781 53.0648 83.1875 -273.031 67.3773 79.2188 -270.25 53.0648 127.031 -270.25 53.0648 127.031 -257.281 67.3773 120.938 -247.031 53.0648 167.75 -247.031 53.0648 167.75 -235.188 67.3773 159.719 -217.75 53.0648 204.344 -217.75 53.0648 204.344 -207.313 67.3773 194.531 -137.063 10.1273 249.094 -143.938 24.4398 261.625 -143.938 24.4398 261.625 -96.4063 10.1273 267.469 -101.25 24.4398 280.938 -101.25 24.4398 280.938 -53.375 10.1273 279.25 -56.0625 24.4398 293.313 -56.0625 24.4398 293.313 -9.03125 10.1273 284.156 -9.46875 24.4398 298.469 -9.46875 24.4398 298.469 35.5 10.1273 282.063 37.3125 24.4398 296.281 37.3125 24.4398 296.281 37.3125 24.4398 296.281 79.2188 10.1273 273.031 83.1875 24.4398 286.781 83.1875 24.4398 286.781 120.938 10.1273 257.281 127.031 24.4398 270.25 127.031 24.4398 270.25 159.719 10.1273 235.188 167.75 24.4398 247.031 167.75 24.4398 247.031 194.531 10.1273 207.313 204.344 24.4398 217.75 204.344 24.4398 217.75 224.563 10.1273 174.344 235.875 24.4398 183.125 235.875 24.4398 183.125 249.094 10.1273 137.063 261.625 24.4398 143.938 261.625 24.4398 143.938 267.469 10.1273 96.4063 280.938 24.4398 101.25 280.938 24.4398 101.25 279.25 10.1273 53.375 293.313 24.4398 56.0625 293.313 24.4398 56.0625 284.156 10.1273 9.03125 298.469 24.4398 9.46875 298.469 24.4398 9.46875 282.063 10.1273 -35.5 296.281 24.4398 -37.3125 296.281 24.4398 -37.3125 296.281 24.4398 -37.3125 273.031 10.1273 -79.2188 286.781 24.4398 -83.1875 286.781 24.4398 -83.1875 257.281 10.1273 -120.938 270.25 24.4398 -127.031 270.25 24.4398 -127.031 235.188 10.1273 -159.719 247.031 24.4398 -167.75 247.031 24.4398 -167.75 207.313 10.1273 -194.531 217.75 24.4398 -204.344 217.75 24.4398 -204.344 137.063 10.1273 -249.094 143.938 24.4398 -261.625 143.938 24.4398 -261.625 96.4063 10.1273 -267.469 101.25 24.4398 -280.938 101.25 24.4398 -280.938 53.375 10.1273 -279.25 56.0625 24.4398 -293.313 56.0625 24.4398 -293.313 9.03125 10.1273 -284.156 9.46875 24.4398 -298.469 9.46875 24.4398 -298.469 -35.5 10.1273 -282.063 -37.3125 24.4398 -296.281 -37.3125 24.4398 -296.281 -37.3125 24.4398 -296.281 -79.2188 10.1273 -273.031 -83.1875 24.4398 -286.781 -83.1875 24.4398 -286.781 -120.938 10.1273 -257.281 -127.031 24.4398 -270.25 -127.031 24.4398 -270.25 -159.719 10.1273 -235.188 -167.75 24.4398 -247.031 -167.75 24.4398 -247.031 -194.531 10.1273 -207.313 -204.344 24.4398 -217.75 -204.344 24.4398 -217.75</float_array>
                    <technique_common>
                        <accessor count="472" source="#ID21" stride="3">
                            <param name="X" type="float"/>
                            <param name="Y" type="float"/>
                            <param name="Z" type="float"/>
                        </accessor>
                    </technique_common>
                </source>
                <source id="ID22">
                    <float_array id="ID23" count="1365">-0.299419 0.923533 0.239654 0.299264 0.923612 -0.239544 -0.310654 0.924005 0.222953 0.321894 0.923982 -0.206499 -0.341561 0.92406 0.171607 0.350181 0.924022 -0.15348 -0.364354 0.923986 0.116172 0.3699 0.924002 -0.0969247 -0.378247 0.923896 0.0578382 0.380357 0.924067 -0.0378099 -0.382484 0.92396 -0.00214868 0.381764 0.923995 0.0221136 -0.377372 0.923996 -0.0618199 0.373642 0.923979 0.0815789 -0.362762 0.9241 -0.120177 0.356384 0.923919 0.139153 -0.339448 0.924122 -0.175423 0.330294 0.92389 0.193216 -0.308265 0.923931 -0.226549 0.295718 0.924024 0.242346 -0.269075 0.923887 -0.272089 0.25422 0.924006 0.285631 -0.222953 0.924005 -0.310654 0.206499 0.923982 0.321894 -0.171607 0.92406 -0.341561 0.15348 0.924022 0.350181 -0.116172 0.923986 -0.364354 0.0969247 0.924002 0.3699 -0.0578382 0.923896 -0.378247 0.0378099 0.924067 0.380357 0.00214868 0.92396 -0.382484 -0.0221136 0.923995 0.381764 0.0618199 0.923996 -0.377372 -0.0815789 0.923979 0.373642 0.120177 0.9241 -0.362762 -0.139153 0.923919 0.356384 0.157759 0.923758 -0.348975 -0.15802 0.923464 0.349633 0.299419 0.923533 -0.239654 -0.299264 0.923612 0.239544 0.310654 0.924005 -0.222953 -0.321894 0.923982 0.206499 0.341561 0.92406 -0.171607 -0.350181 0.924022 0.15348 0.364354 0.923986 -0.116172 -0.3699 0.924002 0.0969247 0.378247 0.923896 -0.0578382 -0.380357 0.924067 0.0378099 0.382484 0.92396 0.00214868 -0.381764 0.923995 -0.0221136 0.377372 0.923996 0.0618199 -0.373642 0.923979 -0.0815789 0.362762 0.9241 0.120177 -0.356384 0.923919 -0.139153 0.339448 0.924122 0.175423 -0.330294 0.92389 -0.193216 0.308265 0.923931 0.226549 -0.295718 0.924024 -0.242346 0.269075 0.923887 0.272089 -0.25422 0.924006 -0.285631 0.222953 0.924005 0.310654 -0.206499 0.923982 -0.321894 0.171607 0.92406 0.341561 -0.15348 0.924022 -0.350181 0.116172 0.923986 0.364354 -0.0969247 0.924002 -0.3699 0.0578382 0.923896 0.378247 -0.0378099 0.924067 -0.380357 -0.00214868 0.92396 0.382484 0.0221136 0.923995 -0.381764 -0.0618199 0.923996 0.377372 0.0815789 0.923979 -0.373642 -0.120186 0.92397 0.363091 0.139153 0.923919 -0.356384 -0.157983 0.923665 0.349119 0.15802 0.923464 -0.349633 -0.998931 -0 0.0462315 -0.999983 0 -0.00576368 -0.998323 0 -0.0578844 -0.986815 0 -0.161851 -0.976902 0 -0.21369 -0.949199 0 -0.314676 -0.931463 0 -0.363837 -0.888562 0 -0.458756 -0.863402 0 -0.504517 -0.805986 0 -0.591935 -0.773689 0 -0.633566 -0.702968 0 -0.711221 -0.664546 0 -0.747248 -0.58287 0 -0.812565 -0.539646 0 -0.841892 -0.449068 0 -0.893498 -0.401709 0 -0.915767 -0.304064 0 -0.952652 -0.253777 0 -0.967263 -0.202933 0 -0.979193 -0.202933 0 -0.979193 0.998931 0 -0.0462315 0.999983 0 0.00576368 0.998323 0 0.0578844 0.986815 0 0.161851 0.976902 0 0.21369 0.949199 0 0.314676 0.931463 0 0.363837 0.888562 0 0.458756 0.863402 0 0.504517 0.805986 0 0.591935 0.773689 0 0.633566 0.702968 0 0.711221 0.664546 0 0.747248 0.58287 0 0.812565 0.539646 0 0.841892 0.449068 0 0.893498 0.401709 0 0.915767 0.304064 0 0.952652 0.253777 0 0.967263 0.202933 0 0.979193 0.202933 0 0.979193 0.998909 -0 -0.0467092 0.999985 0 0.00553989 0.998321 0 0.057917 0.986821 0 0.161816 0.976979 0 0.213337 0.949306 0 0.314353 0.93146 0 0.363843 0.888387 0 0.459095 0.863194 0 0.504872 0.805818 0 0.592163 0.773611 0 0.633661 0.703101 0 0.71109 0.664799 0 0.747022 0.583222 0 0.812313 0.539962 0 0.841689 0.449074 0 0.893495 0.401427 0 0.915891 0.303621 0 0.952793 0.253478 0 0.967341 0.202782 0 0.979224 -0.998909 0 0.0467092 -0.999985 0 -0.00553989 -0.998321 0 -0.057917 -0.986821 0 -0.161816 -0.976979 0 -0.213337 -0.949306 0 -0.314353 -0.93146 0 -0.363843 -0.888387 0 -0.459095 -0.863194 0 -0.504872 -0.805818 0 -0.592163 -0.773611 0 -0.633661 -0.703101 0 -0.71109 -0.664799 0 -0.747022 -0.583222 0 -0.812313 -0.539962 0 -0.841689 -0.449074 0 -0.893495 -0.401427 0 -0.915891 -0.303621 0 -0.952793 -0.253478 0 -0.967341 -0.202782 0 -0.979224 -0.0467092 0 -0.998909 0.00553989 0 -0.999985 0.057917 0 -0.998321 0.161816 0 -0.986821 0.213337 0 -0.976979 0.314353 0 -0.949306 0.363843 0 -0.93146 0.412194 0 -0.911096 -0.78111 -0 0.624393 -0.78111 0 0.624393 -0.812565 0 0.58287 -0.841892 0 0.539646 -0.893498 0 0.449068 -0.915767 0 0.401709 -0.952652 0 0.304064 -0.967263 0 0.253777 -0.979193 0 0.202933 -0.979193 0 0.202933 -0.0462315 0 -0.998931 0.00576368 0 -0.999983 0.0578844 0 -0.998323 0.161851 0 -0.986815 0.21369 0 -0.976902 0.314676 0 -0.949199 0.363837 0 -0.931463 0.411874 0 -0.911241 0.78111 0 -0.624393 0.78111 0 -0.624393 0.812565 0 -0.58287 0.841892 0 -0.539646 0.893498 0 -0.449068 0.915767 0 -0.401709 0.952652 0 -0.304064 0.967263 0 -0.253777 0.979193 0 -0.202933 0.979193 -0 -0.202933 0.0462315 0 0.998931 -0.00576368 0 0.999983 -0.0578844 0 0.998323 -0.16159 0 0.986858 -0.213171 0 0.977015 -0.314409 0 0.949288 -0.364058 0 0.931376 -0.412559 0 0.910931 -0.412559 0 0.910931 0.780804 -0 -0.624776 0.812313 0 -0.583222 0.841689 0 -0.539962 0.893495 0 -0.449074 0.915891 0 -0.401427 0.952793 0 -0.303621 0.967341 0 -0.253478 0.979224 0 -0.202782 0.0467092 0 0.998909 -0.00553989 0 0.999985 -0.057917 0 0.998321 -0.161816 0 0.986821 -0.213337 0 0.976979 -0.314353 0 0.949306 -0.363843 0 0.93146 -0.412194 0 0.911096 -0.780804 0 0.624776 -0.812313 0 0.583222 -0.841689 0 0.539962 -0.893495 0 0.449074 -0.915891 0 0.401427 -0.952793 0 0.303621 -0.967341 0 0.253478 -0.979224 0 0.202782 -0.0699793 0.706825 -0.703919 0.0409588 0.707142 -0.705884 0.150877 0.707331 -0.690593 0.257096 0.707673 -0.658103 0.291448 0.706599 -0.644807 0.552949 0.706133 -0.442294 0.595082 0.707366 -0.38146 0.647483 0.70723 -0.283886 0.684238 0.706842 -0.179423 0.703919 0.706825 -0.0699793 0.705884 0.707142 0.0409588 0.690593 0.707331 0.150877 0.658103 0.707673 0.257096 0.610296 0.707207 0.356926 0.547466 0.706644 0.448259 0.470098 0.706996 0.52836 0.38146 0.707366 0.595082 0.283886 0.70723 0.647483 0.179423 0.706842 0.684238 0.0699793 0.706825 0.703919 -0.0409588 0.707142 0.705884 -0.150763 0.70707 0.690885 -0.257244 0.707204 0.65855 -0.291924 0.70662 0.644569 0.552734 0.706309 -0.442282 0.574404 0.707039 -0.4125 0.631708 0.707248 -0.317403 0.673707 0.707097 -0.214785 0.698762 0.707344 -0.106753 0.706948 0.707255 0.00386298 0.697791 0.707104 0.114417 0.671332 0.707036 0.222291 0.628617 0.706661 0.324763 0.56984 0.706955 0.418923 0.497029 0.707271 0.502722 0.4125 0.707039 0.574404 0.317403 0.707248 0.631708 0.214785 0.707097 0.673707 0.106753 0.707344 0.698762 -0.00386298 0.707255 0.706948 -0.114417 0.707104 0.697791 -0.222291 0.707036 0.671332 -0.291886 0.705787 0.645497 -0.552734 0.706309 0.442282 -0.574404 0.707039 0.4125 -0.631708 0.707248 0.317403 -0.673707 0.707097 0.214785 -0.698762 0.707344 0.106753 -0.706948 0.707255 -0.00386298 -0.697791 0.707104 -0.114417 -0.671332 0.707036 -0.222291 -0.628617 0.706661 -0.324763 -0.56984 0.706955 -0.418923 -0.497029 0.707271 -0.502722 -0.4125 0.707039 -0.574404 -0.317403 0.707248 -0.631708 -0.214785 0.707097 -0.673707 -0.106753 0.707344 -0.698762 0.00386298 0.707255 -0.706948 0.114417 0.707104 -0.697791 0.222291 0.707036 -0.671332 0.291886 0.705787 -0.645497 0.552579 -0.706318 -0.44246 0.574452 -0.707047 -0.41242 0.5528 -0.706129 -0.442486 0.595238 -0.707073 -0.381758 0.631671 -0.70724 -0.317496 0.647473 -0.707241 -0.283881 0.673734 -0.707106 -0.214672 0.684 -0.707148 -0.179125 0.698762 -0.707335 -0.106815 0.703331 -0.707404 -0.0700313 0.706943 -0.70726 0.00385794 0.705896 -0.707131 0.0409495 0.697794 -0.707104 0.1144 0.690866 -0.707071 0.150845 0.67136 -0.707037 0.222206 0.658904 -0.706856 0.257292 0.62854 -0.70667 0.324892 0.610625 -0.70673 0.357309 0.569831 -0.706944 0.418955 0.546905 -0.707239 0.448005 0.497088 -0.707268 0.502669 0.470088 -0.70718 0.528123 0.41242 -0.707047 0.574452 0.381758 -0.707073 0.595238 0.317496 -0.70724 0.631671 0.283881 -0.707241 0.647473 0.214672 -0.707106 0.673734 0.179125 -0.707148 0.684 0.106815 -0.707335 0.698762 0.0700313 -0.707404 0.703331 -0.00385794 -0.70726 0.706943 -0.0409495 -0.707131 0.705896 -0.1144 -0.707104 0.697794 -0.150845 -0.707071 0.690866 -0.222206 -0.707037 0.67136 -0.257292 -0.706856 0.658904 -0.291882 -0.705798 0.645488 -0.292092 -0.705583 0.645628 -0.552579 -0.706318 0.44246 -0.574452 -0.707047 0.41242 -0.5528 -0.706129 0.442486 -0.595238 -0.707073 0.381758 -0.631671 -0.70724 0.317496 -0.647473 -0.707241 0.283881 -0.673734 -0.707106 0.214672 -0.684 -0.707148 0.179125 -0.698762 -0.707335 0.106815 -0.703331 -0.707404 0.0700313 -0.706943 -0.70726 -0.00385794 -0.705896 -0.707131 -0.0409495 -0.697794 -0.707104 -0.1144 -0.690866 -0.707071 -0.150845 -0.67136 -0.707037 -0.222206 -0.658904 -0.706856 -0.257292 -0.62854 -0.70667 -0.324892 -0.610625 -0.70673 -0.357309 -0.569831 -0.706944 -0.418955 -0.546905 -0.707239 -0.448005 -0.497088 -0.707268 -0.502669 -0.470088 -0.70718 -0.528123 -0.41242 -0.707047 -0.574452 -0.381758 -0.707073 -0.595238 -0.317496 -0.70724 -0.631671 -0.283881 -0.707241 -0.647473 -0.214672 -0.707106 -0.673734 -0.179125 -0.707148 -0.684 -0.106815 -0.707335 -0.698762 -0.0700313 -0.707404 -0.703331 0.00385794 -0.70726 -0.706943 0.0409495 -0.707131 -0.705896 0.1144 -0.707104 -0.697794 0.150845 -0.707071 -0.690866 0.222206 -0.707037 -0.67136 0.257292 -0.706856 -0.658904 0.291882 -0.705798 -0.645488 0.292092 -0.705583 -0.645628 -0.553339 -0.705811 0.44232 -0.574435 -0.707161 0.412247 -0.552962 -0.706116 0.442305 -0.595001 -0.707367 0.381584 -0.631556 -0.707369 0.317437 -0.647468 -0.70724 0.283898 -0.673664 -0.707107 0.214888 -0.684262 -0.706848 0.179307 -0.699331 -0.706773 0.106811 -0.703939 -0.706814 0.0698889 -0.707209 -0.706994 -0.0039426 -0.705888 -0.707146 -0.040836 -0.697747 -0.707138 -0.114473 -0.690599 -0.707318 -0.15091 -0.67086 -0.707508 -0.222215 -0.65816 -0.707678 -0.256938 -0.627856 -0.7076 -0.324191 -0.610266 -0.707227 -0.35694 -0.569918 -0.706913 -0.418888 -0.547313 -0.706638 -0.448455 -0.497368 -0.706728 -0.503151 -0.470132 -0.706985 -0.528345 -0.412247 -0.707161 -0.574435 -0.381584 -0.707367 -0.595001 -0.552949 0.706133 0.442294 -0.595082 0.707366 0.38146 -0.317437 -0.707369 -0.631556 -0.214888 -0.707107 -0.673664 -0.283898 -0.70724 -0.647468 -0.179307 -0.706848 -0.684262 -0.106811 -0.706773 -0.699331 -0.0698889 -0.706814 -0.703939 0.0039426 -0.706994 -0.707209 0.040836 -0.707146 -0.705888 0.114473 -0.707138 -0.697747 0.15091 -0.707318 -0.690599 0.222215 -0.707508 -0.67086 0.256938 -0.707678 -0.65816 0.291461 -0.70666 -0.644734 0.291524 -0.706602 -0.644769 0.553339 -0.705811 -0.44232 0.574435 -0.707161 -0.412247 0.552962 -0.706116 -0.442305 0.595001 -0.707367 -0.381584 0.631556 -0.707369 -0.317437 0.647468 -0.70724 -0.283898 0.673664 -0.707107 -0.214888 0.684262 -0.706848 -0.179307 0.699331 -0.706773 -0.106811 0.703939 -0.706814 -0.0698889 0.707209 -0.706994 0.0039426 0.705888 -0.707146 0.040836 0.697747 -0.707138 0.114473 0.690599 -0.707318 0.15091 0.67086 -0.707508 0.222215 0.65816 -0.707678 0.256938 0.627856 -0.7076 0.324191 0.610266 -0.707227 0.35694 0.569918 -0.706913 0.418888 0.547313 -0.706638 0.448455 0.497368 -0.706728 0.503151 0.470132 -0.706985 0.528345 0.412247 -0.707161 0.574435 0.381584 -0.707367 0.595001 0.317437 -0.707369 0.631556 0.283898 -0.70724 0.647468 0.214888 -0.707107 0.673664 0.106811 -0.706773 0.699331 0.179307 -0.706848 0.684262 0.0698889 -0.706814 0.703939 -0.0039426 -0.706994 0.707209 -0.040836 -0.707146 0.705888 -0.114288 -0.707136 0.69778 -0.150792 -0.707072 0.690877 -0.222364 -0.70704 0.671304 -0.257268 -0.707192 0.658553 -0.291853 -0.706297 0.644955 -0.291524 -0.706602 0.644769 -0.647483 0.70723 0.283886 -0.684238 0.706842 0.179423 -0.703919 0.706825 0.0699793 -0.705884 0.707142 -0.0409588 -0.690593 0.707331 -0.150877 -0.658103 0.707673 -0.257096 -0.610296 0.707207 -0.356926 -0.547466 0.706644 -0.448259 -0.470098 0.706996 -0.52836 -0.38146 0.707366 -0.595082 -0.283886 0.70723 -0.647483 -0.179423 0.706842 -0.684238</float_array>
                    <technique_common>
                        <accessor count="455" source="#ID23" stride="3">
                            <param name="X" type="float"/>
                            <param name="Y" type="float"/>
                            <param name="Z" type="float"/>
                        </accessor>
                    </technique_common>
                </source>
                <source id="ID24">
                    <float_array id="ID25" count="944">0.758423 0.542175 0.762512 0.518921 0.793701 0.549866 0.801697 0.527466 0.827148 0.5625 0.838928 0.541504 0.858093 0.579712 0.873291 0.560669 0.88562 0.601135 0.903931 0.584473 0.90918 0.626221 0.930115 0.612366 0.928101 0.654297 0.951172 0.643616 0.941956 0.684814 0.966614 0.67749 0.950439 0.716858 0.976013 0.713196 0.953308 0.749756 0.979187 0.749756 0.950439 0.782593 0.976013 0.786255 0.941956 0.814636 0.966614 0.82196 0.928101 0.845154 0.951172 0.855835 0.90918 0.87323 0.930115 0.887085 0.88562 0.898315 0.903931 0.914978 0.858093 0.919739 0.873291 0.938782 0.827148 0.936951 0.838928 0.957947 0.793701 0.949585 0.801697 0.971985 0.758423 0.957275 0.762512 0.98053 0.49707 0.457886 0.492981 0.48114 0.461792 0.450195 0.453796 0.472595 0.428345 0.437561 0.416565 0.458557 0.3974 0.420349 0.382202 0.439392 0.369873 0.398926 0.351563 0.415588 0.346313 0.37384 0.325378 0.387695 0.327393 0.345764 0.304321 0.356445 0.313538 0.315247 0.28894 0.322571 0.305054 0.283203 0.27948 0.286865 0.302185 0.250305 0.276367 0.250305 0.305054 0.217468 0.27948 0.213806 0.313538 0.185425 0.28894 0.178101 0.327393 0.154907 0.304321 0.144226 0.346313 0.126831 0.325378 0.112976 0.369873 0.101746 0.351563 0.085083 0.3974 0.0803223 0.382202 0.0612793 0.428345 0.0631104 0.416565 0.0421143 0.461792 0.0504761 0.453796 0.0280762 0.49707 0.0427856 0.492981 0.0195313 0.580505 0.507324 0.606323 0.507324 0.580505 0.530945 0.606323 0.530945 0.580505 0.557495 0.606323 0.557495 0.580505 0.586243 0.606323 0.586243 0.580505 0.616516 0.606323 0.616516 0.580505 0.647583 0.606323 0.647583 0.580505 0.678589 0.606323 0.678589 0.580505 0.708862 0.606323 0.708862 0.580505 0.73761 0.606323 0.73761 0.580505 0.76416 0.606323 0.76416 0.580505 0.787842 0.606323 0.787842 0.65033 0.787842 0.624451 0.787842 0.65033 0.76416 0.624451 0.76416 0.65033 0.73761 0.624451 0.73761 0.65033 0.708862 0.624451 0.708862 0.65033 0.678589 0.624451 0.678589 0.65033 0.647583 0.624451 0.647583 0.65033 0.616516 0.624451 0.616516 0.65033 0.586243 0.624451 0.586243 0.65033 0.557495 0.624451 0.557495 0.65033 0.530945 0.624451 0.530945 0.65033 0.507324 0.624451 0.507324 0.668457 0.507324 0.694336 0.507324 0.668457 0.53656 0.694336 0.53656 0.668457 0.569397 0.694336 0.569397 0.668457 0.60498 0.694336 0.60498 0.668457 0.642456 0.694336 0.642456 0.668457 0.680847 0.694336 0.680847 0.668457 0.719238 0.694336 0.719238 0.668457 0.756714 0.694336 0.756714 0.668457 0.792297 0.694336 0.792297 0.668457 0.825134 0.694336 0.825134 0.668457 0.854431 0.694336 0.854431 0.738281 0.854431 0.712463 0.854431 0.738281 0.825134 0.712463 0.825134 0.738281 0.792297 0.712463 0.792297 0.738281 0.756714 0.712463 0.756714 0.738281 0.719238 0.712463 0.719238 0.738281 0.680847 0.712463 0.680847 0.738281 0.642456 0.712463 0.642456 0.738281 0.60498 0.712463 0.60498 0.738281 0.569397 0.712463 0.569397 0.738281 0.53656 0.712463 0.53656 0.738281 0.507324 0.712463 0.507324 0.536499 0.507324 0.562378 0.507324 0.536499 0.53656 0.562378 0.53656 0.536499 0.569397 0.562378 0.569397 0.536499 0.60498 0.562378 0.60498 0.536499 0.642456 0.562378 0.642456 0.228577 0.507324 0.254456 0.507324 0.228577 0.537537 0.254456 0.537537 0.228577 0.566345 0.254456 0.566345 0.228577 0.592896 0.254456 0.592896 0.228577 0.616516 0.254456 0.616516 0.298462 0.616516 0.272583 0.616516 0.298462 0.592896 0.272583 0.592896 0.298462 0.566345 0.272583 0.566345 0.298462 0.537537 0.272583 0.537537 0.298462 0.507324 0.272583 0.507324 0.342407 0.616516 0.316528 0.616516 0.342407 0.586243 0.316528 0.586243 0.342407 0.557495 0.316528 0.557495 0.342407 0.530945 0.316528 0.530945 0.342407 0.507324 0.316528 0.507324 0.360535 0.507324 0.386414 0.507324 0.360535 0.530945 0.386414 0.530945 0.360535 0.557495 0.386414 0.557495 0.360535 0.586243 0.386414 0.586243 0.360535 0.616516 0.386414 0.616516 0.404541 0.507324 0.43042 0.507324 0.404541 0.544739 0.43042 0.544739 0.404541 0.580322 0.43042 0.580322 0.404541 0.613159 0.43042 0.613159 0.404541 0.642456 0.43042 0.642456 0.474365 0.642456 0.448486 0.642456 0.474365 0.613159 0.448486 0.613159 0.474365 0.580322 0.448486 0.580322 0.474365 0.544739 0.448486 0.544739 0.474365 0.507324 0.448486 0.507324 0.518372 0.642456 0.492493 0.642456 0.518372 0.60498 0.492493 0.60498 0.518372 0.569397 0.492493 0.569397 0.518372 0.53656 0.492493 0.53656 0.518372 0.507324 0.492493 0.507324 0.876465 0.890015 0.850464 0.910217 0.821289 0.926453 0.789673 0.938416 0.756409 0.945679 0.499084 0.446289 0.46582 0.439026 0.434204 0.427063 0.405029 0.410828 0.379028 0.390625 0.356812 0.366943 0.338928 0.340393 0.325806 0.311646 0.31781 0.281372 0.315125 0.250305 0.31781 0.219299 0.325806 0.189026 0.338928 0.160278 0.356812 0.133728 0.379028 0.110046 0.405029 0.0898438 0.434204 0.0736084 0.46582 0.0616455 0.499084 0.0543823 0.764526 0.507324 0.805664 0.516296 0.844788 0.531006 0.880859 0.551147 0.913086 0.576172 0.940552 0.605469 0.962708 0.638306 0.978882 0.673889 0.98877 0.711304 0.992065 0.749756 0.98877 0.788147 0.978882 0.825562 0.962708 0.861145 0.940552 0.893982 0.913086 0.923279 0.880859 0.948303 0.844788 0.968445 0.805664 0.983154 0.764526 0.992126 0.490967 0.492737 0.449829 0.483765 0.410706 0.469055 0.374634 0.448914 0.342407 0.423889 0.314941 0.394592 0.292786 0.361755 0.276611 0.326172 0.266724 0.288757 0.263428 0.250305 0.266724 0.211914 0.276611 0.1745 0.292786 0.138916 0.314941 0.106079 0.342407 0.0767822 0.374634 0.0517578 0.410706 0.0316162 0.449829 0.0169067 0.490967 0.00793457 0.748352 0.0195313 0.709167 0.0280762 0.746338 0.00793457 0.7052 0.0169067 0.671936 0.0421143 0.666077 0.0316162 0.637573 0.0612793 0.630005 0.0517578 0.606934 0.085083 0.597778 0.0767822 0.58075 0.112976 0.570313 0.106079 0.559692 0.144226 0.548157 0.138916 0.54425 0.178101 0.531982 0.1745 0.534851 0.213806 0.522095 0.211914 0.531677 0.250305 0.518799 0.250305 0.534851 0.286865 0.522095 0.288757 0.54425 0.322571 0.531982 0.326172 0.559692 0.356445 0.548157 0.361755 0.58075 0.387695 0.570313 0.394592 0.606934 0.415588 0.597778 0.423889 0.637573 0.439392 0.630005 0.448914 0.671936 0.458557 0.666077 0.469055 0.709167 0.472595 0.7052 0.483765 0.748352 0.48114 0.746338 0.492737 0.013916 0.48114 0.0531006 0.472595 0.0159302 0.492737 0.0571289 0.483765 0.090332 0.458557 0.0961914 0.469055 0.124695 0.439392 0.132324 0.448914 0.155334 0.415588 0.16449 0.423889 0.181519 0.387695 0.192017 0.394592 0.202576 0.356445 0.214111 0.361755 0.218018 0.322571 0.230286 0.326172 0.227417 0.286865 0.240173 0.288757 0.230591 0.250305 0.24353 0.250305 0.227417 0.213806 0.240173 0.211914 0.218018 0.178101 0.230286 0.1745 0.202576 0.144226 0.214111 0.138916 0.181519 0.112976 0.192017 0.106079 0.155334 0.085083 0.16449 0.0767822 0.124695 0.0612793 0.132324 0.0517578 0.090332 0.0421143 0.0961914 0.0316162 0.0531006 0.0280762 0.0571289 0.0169067 0.013916 0.0195313 0.0159302 0.00793457 0.754456 0.0543823 0.721191 0.0616455 0.752441 0.0427856 0.717163 0.0504761 0.689575 0.0736084 0.683716 0.0631104 0.6604 0.0898438 0.652771 0.0803223 0.634399 0.110046 0.625244 0.101746 0.612183 0.133728 0.601685 0.126831 0.594299 0.160278 0.582764 0.154907 0.581177 0.189026 0.568909 0.185425 0.573181 0.219299 0.560425 0.217468 0.570496 0.250305 0.557556 0.250305 0.573181 0.281372 0.560425 0.283203 0.581177 0.311646 0.568909 0.315247 0.756409 0.553772 0.789673 0.561035 0.594299 0.340393 0.612183 0.366943 0.582764 0.345764 0.601685 0.37384 0.634399 0.390625 0.625244 0.398926 0.6604 0.410828 0.652771 0.420349 0.689575 0.427063 0.683716 0.437561 0.721191 0.439026 0.717163 0.450195 0.754456 0.446289 0.752441 0.457886 0.00787354 0.446289 0.0411377 0.439026 0.0098877 0.457886 0.045105 0.450195 0.0726929 0.427063 0.0786133 0.437561 0.101868 0.410828 0.109497 0.420349 0.12793 0.390625 0.137085 0.398926 0.150146 0.366943 0.160583 0.37384 0.16803 0.340393 0.179504 0.345764 0.181091 0.311646 0.19342 0.315247 0.189087 0.281372 0.201843 0.283203 0.191772 0.250305 0.204712 0.250305 0.189087 0.219299 0.201843 0.217468 0.181091 0.189026 0.19342 0.185425 0.16803 0.160278 0.179504 0.154907 0.150146 0.133728 0.12793 0.110046 0.160583 0.126831 0.137085 0.101746 0.101868 0.0898438 0.109497 0.0803223 0.0726929 0.0736084 0.0786133 0.0631104 0.0411377 0.0616455 0.045105 0.0504761 0.00787354 0.0543823 0.0098877 0.0427856 0.821289 0.572998 0.850464 0.589233 0.876465 0.609436 0.898743 0.633118 0.916565 0.659668 0.929688 0.688416 0.937683 0.718689 0.940369 0.749756 0.937683 0.780762 0.929688 0.811035 0.916565 0.839783 0.898743 0.866333</float_array>
                    <technique_common>
                        <accessor count="472" source="#ID25" stride="2">
                            <param name="S" type="float"/>
                            <param name="T" type="float"/>
                        </accessor>
                    </technique_common>
                </source>
                <vertices id="ID26">
                    <input semantic="POSITION" source="#ID20"/>
                </vertices>
                <triangles count="504" material="Material1">
                    <input offset="0" semantic="VERTEX" source="#ID26"/>
                    <input offset="1" semantic="NORMAL" source="#ID22"/>
                    <input offset="2" semantic="TEXCOORD" source="#ID24" set="0"/>
                    <p>216 2 2 28 1 1 223 0 0 28 1 1 216 2 2 25 3 3 210 4 4 25 3 3 216 2 2 25 3 3 210 4 4 22 5 5 204 6 6 22 5 5 210 4 4 22 5 5 204 6 6 19 7 7 198 8 8 19 7 7 204 6 6 19 7 7 198 8 8 15 9 9 191 10 10 15 9 9 198 8 8 15 9 9 191 10 10 12 11 11 185 12 12 12 11 11 191 10 10 12 11 11 185 12 12 9 13 13 179 14 14 9 13 13 185 12 12 9 13 13 179 14 14 6 15 15 173 16 16 6 15 15 179 14 14 6 15 15 173 16 16 3 17 17 167 18 18 3 17 17 173 16 16 3 17 17 167 18 18 0 19 19 160 20 20 0 19 19 167 18 18 0 19 19 160 20 20 469 21 21 154 22 22 469 21 21 160 20 20 469 21 21 154 22 22 466 23 23 148 24 24 466 23 23 154 22 22 466 23 23 148 24 24 463 25 25 142 26 26 463 25 25 148 24 24 463 25 25 142 26 26 460 27 27 136 28 28 460 27 27 142 26 26 460 27 27 136 28 28 456 29 29 129 30 30 456 29 29 136 28 28 456 29 29 129 30 30 453 31 31 123 32 32 453 31 31 129 30 30 453 31 31 123 32 32 450 33 33 117 34 34 450 33 33 123 32 32 450 33 33 117 34 34 447 35 35 111 36 36 447 35 35 117 34 34 447 35 35 111 36 36 444 37 37 98 40 40 441 39 39 105 38 38 441 39 39 98 40 40 438 41 41 92 42 42 438 41 41 98 40 40 438 41 41 92 42 42 435 43 43 86 44 44 435 43 43 92 42 42 435 43 43 86 44 44 432 45 45 80 46 46 432 45 45 86 44 44 432 45 45 80 46 46 428 47 47 73 48 48 428 47 47 80 46 46 428 47 47 73 48 48 425 49 49 70 50 50 425 49 49 73 48 48 425 49 49 70 50 50 422 51 51 67 52 52 422 51 51 70 50 50 422 51 51 67 52 52 419 53 53 64 54 54 419 53 53 67 52 52 419 53 53 64 54 54 416 55 55 61 56 56 416 55 55 64 54 54 416 55 55 61 56 56 413 57 57 58 58 58 413 57 57 61 56 56 413 57 57 58 58 58 410 59 59 55 60 60 410 59 59 58 58 58 410 59 59 55 60 60 407 61 61 52 62 62 407 61 61 55 60 60 407 61 61 52 62 62 404 63 63 49 64 64 404 63 63 52 62 62 404 63 63 49 64 64 401 65 65 46 66 66 401 65 65 49 64 64 401 65 65 46 66 66 397 67 67 42 68 68 397 67 67 46 66 66 397 67 67 42 68 68 394 69 69 39 70 70 394 69 69 42 68 68 394 69 69 39 70 70 391 71 71 36 72 72 391 71 71 39 70 70 391 71 71 36 72 72 388 73 73 33 74 74 388 73 73 36 72 72 388 73 73 33 74 74 385 75 75 249 77 78 195 76 77 252 76 76 195 76 77 249 77 78 189 78 79 246 79 80 189 78 79 249 77 78 189 78 79 246 79 80 183 80 81 243 81 82 183 80 81 246 79 80 183 80 81 243 81 82 177 82 83 240 83 84 177 82 83 243 81 82 177 82 83 240 83 84 171 84 85 237 85 86 171 84 85 240 83 84 171 84 85 237 85 86 165 86 87 234 87 88 165 86 87 237 85 86 165 86 87 234 87 88 158 88 89 231 89 90 158 88 89 234 87 88 158 88 89 231 89 90 152 90 91 228 91 92 152 90 91 231 89 90 152 90 91 228 91 92 146 92 93 225 93 94 146 92 93 228 91 92 146 92 93 225 93 94 140 94 95 219 95 96 140 94 95 225 93 94 140 94 95 219 95 96 134 96 97 156 98 100 77 97 99 162 97 98 77 97 99 156 98 100 72 99 101 150 100 102 72 99 101 156 98 100 72 99 101 150 100 102 69 101 103 143 102 104 69 101 103 150 100 102 69 101 103 143 102 104 66 103 105 137 104 106 66 103 105 143 102 104 66 103 105 137 104 106 63 105 107 130 106 108 63 105 107 137 104 106 63 105 107 130 106 108 60 107 109 124 108 110 60 107 109 130 106 108 60 107 109 124 108 110 57 109 111 118 110 112 57 109 111 124 108 110 57 109 111 118 110 112 54 111 113 112 112 114 54 111 113 118 110 112 54 111 113 112 112 114 51 113 115 106 114 116 51 113 115 112 112 114 51 113 115 106 114 116 48 115 117 100 116 118 48 115 117 106 114 116 48 115 117 100 116 118 45 117 119 14 119 122 370 118 121 17 118 120 370 118 121 14 119 122 367 120 123 11 121 124 367 120 123 14 119 122 367 120 123 11 121 124 364 122 125 8 123 126 364 122 125 11 121 124 364 122 125 8 123 126 361 124 127 5 125 128 361 124 127 8 123 126 361 124 127 5 125 128 358 126 129 2 127 130 358 126 129 5 125 128 358 126 129 2 127 130 355 128 131 471 129 132 355 128 131 2 127 130 355 128 131 471 129 132 352 130 133 468 131 134 352 130 133 471 129 132 352 130 133 468 131 134 349 132 135 465 133 136 349 132 135 468 131 134 349 132 135 465 133 136 346 134 137 462 135 138 346 134 137 465 133 136 346 134 137 462 135 138 343 136 139 459 137 140 343 136 139 462 135 138 343 136 139 459 137 140 340 137 141 427 139 144 311 138 143 430 138 142 311 138 143 427 139 144 308 140 145 424 141 146 308 140 145 427 139 144 308 140 145 424 141 146 305 142 147 421 143 148 305 142 147 424 141 146 305 142 147 421 143 148 302 144 149 418 145 150 302 144 149 421 143 148 302 144 149 418 145 150 299 146 151 415 147 152 299 146 151 418 145 150 299 146 151 415 147 152 296 148 153 412 149 154 296 148 153 415 147 152 296 148 153 412 149 154 293 150 155 409 151 156 293 150 155 412 149 154 293 150 155 409 151 156 290 152 157 406 153 158 290 152 157 409 151 156 290 152 157 406 153 158 287 154 159 403 155 160 287 154 159 406 153 158 287 154 159 403 155 160 284 156 161 400 157 162 284 156 161 403 155 160 284 156 161 400 157 162 281 157 163 396 159 166 280 158 165 399 158 164 280 158 165 396 159 166 277 160 167 393 161 168 277 160 167 396 159 166 277 160 167 393 161 168 274 162 169 390 163 170 274 162 169 393 161 168 274 162 169 390 163 170 271 164 171 387 165 172 271 164 171 390 163 170 271 164 171 387 165 172 268 165 173 262 168 176 221 167 175 265 166 174 221 167 175 262 168 176 214 169 177 259 170 178 214 169 177 262 168 176 214 169 177 259 170 178 208 171 179 256 172 180 208 171 179 259 170 178 208 171 179 256 172 180 202 173 181 253 174 182 202 173 181 256 172 180 202 173 181 253 174 182 196 175 183 212 177 186 133 176 185 218 176 184 133 176 185 212 177 186 127 178 187 206 179 188 127 178 187 212 177 186 127 178 187 206 179 188 121 180 189 200 181 190 121 180 189 206 179 188 121 180 189 200 181 190 115 182 191 193 183 192 115 182 191 200 181 190 115 182 191 193 183 192 109 183 193 181 186 196 103 185 195 187 184 194 103 185 195 181 186 196 96 187 197 175 188 198 96 187 197 181 186 196 96 187 197 175 188 198 90 189 199 169 190 200 90 189 199 175 188 198 90 189 199 169 190 200 84 191 201 163 192 202 84 191 201 169 190 200 84 191 201 163 192 202 78 193 203 93 195 206 44 194 205 99 194 204 44 194 205 93 195 206 41 196 207 87 197 208 41 196 207 93 195 206 41 196 207 87 197 208 38 198 209 81 199 210 38 198 209 87 197 208 38 198 209 81 199 210 35 200 211 74 201 212 35 200 211 81 199 210 35 200 211 74 201 212 32 202 213 27 204 216 383 203 215 30 203 214 383 203 215 27 204 216 380 205 217 24 206 218 380 205 217 27 204 216 380 205 217 24 206 218 377 207 219 21 208 220 377 207 219 24 206 218 377 207 219 21 208 220 374 209 221 18 210 222 374 209 221 21 208 220 374 209 221 18 210 222 371 210 223 455 212 226 339 211 225 458 211 224 339 211 225 455 212 226 336 213 227 452 214 228 336 213 227 455 212 226 336 213 227 452 214 228 333 215 229 449 216 230 333 215 229 452 214 228 333 215 229 449 216 230 330 217 231 446 218 232 330 217 231 449 216 230 330 217 231 446 218 232 327 218 233 440 220 236 324 219 235 443 219 234 324 219 235 440 220 236 321 221 237 437 222 238 321 221 237 440 220 236 321 221 237 437 222 238 318 223 239 434 224 240 318 223 239 437 222 238 318 223 239 434 224 240 315 225 241 431 226 242 315 225 241 434 224 240 315 225 241 431 226 242 312 226 243 132 227 244 129 30 30 136 28 28 129 30 30 132 227 244 126 228 245 126 228 245 123 32 32 129 30 30 123 32 32 126 228 245 120 229 246 120 229 246 117 34 34 123 32 32 117 34 34 120 229 246 114 230 247 114 230 247 111 36 36 117 34 34 111 36 36 114 230 247 108 231 248 102 232 249 98 40 40 105 38 38 98 40 40 102 232 249 95 233 250 95 233 250 92 42 42 98 40 40 92 42 42 95 233 250 89 234 251 89 234 251 86 44 44 92 42 42 86 44 44 89 234 251 83 235 252 83 235 252 80 46 46 86 44 44 80 46 46 83 235 252 76 236 253 76 236 253 73 48 48 80 46 46 73 48 48 76 236 253 71 237 254 71 237 254 70 50 50 73 48 48 70 50 50 71 237 254 68 238 255 68 238 255 67 52 52 70 50 50 67 52 52 68 238 255 65 239 256 65 239 256 64 54 54 67 52 52 64 54 54 65 239 256 62 240 257 62 240 257 61 56 56 64 54 54 61 56 56 62 240 257 59 241 258 59 241 258 58 58 58 61 56 56 58 58 58 59 241 258 56 242 259 56 242 259 55 60 60 58 58 58 55 60 60 56 242 259 53 243 260 53 243 260 52 62 62 55 60 60 52 62 62 53 243 260 50 244 261 50 244 261 49 64 64 52 62 62 49 64 64 50 244 261 47 245 262 47 245 262 46 66 66 49 64 64 46 66 66 47 245 262 43 246 263 43 246 263 42 68 68 46 66 66 42 68 68 43 246 263 40 247 264 40 247 264 39 70 70 42 68 68 39 70 70 40 247 264 37 248 265 37 248 265 36 72 72 39 70 70 36 72 72 37 248 265 34 249 266 34 249 266 33 74 74 36 72 72 33 74 74 34 249 266 31 250 267 28 1 1 26 252 269 29 251 268 26 252 269 28 1 1 25 3 3 25 3 3 23 253 270 26 252 269 23 253 270 25 3 3 22 5 5 22 5 5 20 254 271 23 253 270 20 254 271 22 5 5 19 7 7 19 7 7 16 255 272 20 254 271 16 255 272 19 7 7 15 9 9 15 9 9 13 256 273 16 255 272 13 256 273 15 9 9 12 11 11 12 11 11 10 257 274 13 256 273 10 257 274 12 11 11 9 13 13 9 13 13 7 258 275 10 257 274 7 258 275 9 13 13 6 15 15 6 15 15 4 259 276 7 258 275 4 259 276 6 15 15 3 17 17 3 17 17 1 260 277 4 259 276 1 260 277 3 17 17 0 19 19 0 19 19 470 261 278 1 260 277 470 261 278 0 19 19 469 21 21 469 21 21 467 262 279 470 261 278 467 262 279 469 21 21 466 23 23 466 23 23 464 263 280 467 262 279 464 263 280 466 23 23 463 25 25 463 25 25 461 264 281 464 263 280 461 264 281 463 25 25 460 27 27 460 27 27 457 265 282 461 264 281 457 265 282 460 27 27 456 29 29 456 29 29 454 266 283 457 265 282 454 266 283 456 29 29 453 31 31 453 31 31 451 267 284 454 266 283 451 267 284 453 31 31 450 33 33 450 33 33 448 268 285 451 267 284 448 268 285 450 33 33 447 35 35 447 35 35 445 269 286 448 268 285 445 269 286 447 35 35 444 37 37 441 39 39 439 271 288 442 270 287 439 271 288 441 39 39 438 41 41 438 41 41 436 272 289 439 271 288 436 272 289 438 41 41 435 43 43 435 43 43 433 273 290 436 272 289 433 273 290 435 43 43 432 45 45 432 45 45 429 274 291 433 273 290 429 274 291 432 45 45 428 47 47 428 47 47 426 275 292 429 274 291 426 275 292 428 47 47 425 49 49 425 49 49 423 276 293 426 275 292 423 276 293 425 49 49 422 51 51 422 51 51 420 277 294 423 276 293 420 277 294 422 51 51 419 53 53 419 53 53 417 278 295 420 277 294 417 278 295 419 53 53 416 55 55 416 55 55 414 279 296 417 278 295 414 279 296 416 55 55 413 57 57 413 57 57 411 280 297 414 279 296 411 280 297 413 57 57 410 59 59 410 59 59 408 281 298 411 280 297 408 281 298 410 59 59 407 61 61 407 61 61 405 282 299 408 281 298 405 282 299 407 61 61 404 63 63 404 63 63 402 283 300 405 282 299 402 283 300 404 63 63 401 65 65 401 65 65 398 284 301 402 283 300 398 284 301 401 65 65 397 67 67 397 67 67 395 285 302 398 284 301 395 285 302 397 67 67 394 69 69 394 69 69 392 286 303 395 285 302 392 286 303 394 69 69 391 71 71 391 71 71 389 287 304 392 286 303 389 287 304 391 71 71 388 73 73 388 73 73 386 288 305 389 287 304 386 288 305 388 73 73 385 75 75 382 291 308 381 290 307 384 289 306 381 290 307 382 291 308 379 292 309 379 292 309 378 293 310 381 290 307 378 293 310 379 292 309 376 294 311 376 294 311 375 295 312 378 293 310 375 295 312 376 294 311 373 296 313 373 296 313 372 297 314 375 295 312 372 297 314 373 296 313 369 298 315 369 298 315 368 299 316 372 297 314 368 299 316 369 298 315 366 300 317 366 300 317 365 301 318 368 299 316 365 301 318 366 300 317 363 302 319 363 302 319 362 303 320 365 301 318 362 303 320 363 302 319 360 304 321 360 304 321 359 305 322 362 303 320 359 305 322 360 304 321 357 306 323 357 306 323 356 307 324 359 305 322 356 307 324 357 306 323 354 308 325 354 308 325 353 309 326 356 307 324 353 309 326 354 308 325 351 310 327 351 310 327 350 311 328 353 309 326 350 311 328 351 310 327 348 312 329 348 312 329 347 313 330 350 311 328 347 313 330 348 312 329 345 314 331 345 314 331 344 315 332 347 313 330 344 315 332 345 314 331 342 316 333 342 316 333 341 317 334 344 315 332 341 317 334 342 316 333 338 318 335 338 318 335 337 319 336 341 317 334 337 319 336 338 318 335 335 320 337 335 320 337 334 321 338 337 319 336 334 321 338 335 320 337 332 322 339 332 322 339 331 323 340 334 321 338 331 323 340 332 322 339 329 324 341 329 324 341 328 325 342 331 323 340 328 325 342 329 324 341 326 326 343 323 329 346 322 328 345 325 327 344 322 328 345 323 329 346 320 330 347 320 330 347 319 331 348 322 328 345 319 331 348 320 330 347 317 332 349 317 332 349 316 333 350 319 331 348 316 333 350 317 332 349 314 334 351 314 334 351 313 335 352 316 333 350 313 335 352 314 334 351 310 336 353 310 336 353 309 337 354 313 335 352 309 337 354 310 336 353 307 338 355 307 338 355 306 339 356 309 337 354 306 339 356 307 338 355 304 340 357 304 340 357 303 341 358 306 339 356 303 341 358 304 340 357 301 342 359 301 342 359 300 343 360 303 341 358 300 343 360 301 342 359 298 344 361 298 344 361 297 345 362 300 343 360 297 345 362 298 344 361 295 346 363 295 346 363 294 347 364 297 345 362 294 347 364 295 346 363 292 348 365 292 348 365 291 349 366 294 347 364 291 349 366 292 348 365 289 350 367 289 350 367 288 351 368 291 349 366 288 351 368 289 350 367 286 352 369 286 352 369 285 353 370 288 351 368 285 353 370 286 352 369 283 354 371 283 354 371 282 355 372 285 353 370 282 355 372 283 354 371 279 356 373 279 356 373 278 357 374 282 355 372 278 357 374 279 356 373 276 358 375 276 358 375 275 359 376 278 357 374 275 359 376 276 358 375 273 360 377 273 360 377 272 361 378 275 359 376 272 361 378 273 360 377 270 362 379 270 362 379 269 363 380 272 361 378 269 363 380 270 362 379 267 364 381 266 367 384 261 366 383 264 365 382 261 366 383 266 367 384 263 368 385 263 368 385 258 369 386 261 366 383 258 369 386 263 368 385 260 370 387 260 370 387 255 371 388 258 369 386 255 371 388 260 370 387 257 372 389 257 372 389 251 373 390 255 371 388 251 373 390 257 372 389 254 374 391 254 374 391 248 375 392 251 373 390 248 375 392 254 374 391 250 376 393 250 376 393 245 377 394 248 375 392 245 377 394 250 376 393 247 378 395 247 378 395 242 379 396 245 377 394 242 379 396 247 378 395 244 380 397 244 380 397 239 381 398 242 379 396 239 381 398 244 380 397 241 382 399 241 382 399 236 383 400 239 381 398 236 383 400 241 382 399 238 384 401 238 384 401 233 385 402 236 383 400 233 385 402 238 384 401 235 386 403 235 386 403 230 387 404 233 385 402 230 387 404 235 386 403 232 388 405 220 389 406 216 2 2 223 0 0 216 2 2 220 389 406 213 390 407 229 393 410 224 392 409 227 391 408 224 392 409 229 393 410 226 394 411 226 394 411 217 395 412 224 392 409 217 395 412 226 394 411 222 396 413 222 396 413 211 397 414 217 395 412 211 397 414 222 396 413 215 398 415 215 398 415 205 399 416 211 397 414 205 399 416 215 398 415 209 400 417 209 400 417 199 401 418 205 399 416 199 401 418 209 400 417 203 402 419 203 402 419 192 403 420 199 401 418 192 403 420 203 402 419 197 404 421 190 407 424 180 406 423 186 405 422 180 406 423 190 407 424 184 408 425 184 408 425 174 409 426 180 406 423 174 409 426 184 408 425 178 410 427 178 410 427 168 411 428 174 409 426 168 411 428 178 410 427 172 412 429 172 412 429 161 413 430 168 411 428 161 413 430 172 412 429 166 414 431 166 414 431 155 415 432 161 413 430 155 415 432 166 414 431 159 416 433 159 416 433 149 417 434 155 415 432 149 417 434 159 416 433 153 418 435 153 418 435 144 419 436 149 417 434 144 419 436 153 418 435 147 420 437 147 420 437 138 421 438 144 419 436 138 421 438 147 420 437 141 422 439 141 422 439 131 423 440 138 421 438 131 423 440 141 422 439 135 424 441 135 424 441 125 425 442 131 423 440 125 425 442 135 424 441 128 426 443 128 426 443 119 427 444 125 425 442 119 427 444 128 426 443 122 428 445 122 428 445 113 429 446 119 427 444 113 429 446 122 428 445 116 430 447 232 388 405 227 391 408 230 387 404 227 391 408 232 388 405 229 393 410 110 433 450 101 432 449 107 431 448 101 432 449 110 433 450 104 434 451 104 434 451 94 435 452 101 432 449 94 435 452 104 434 451 97 436 453 97 436 453 88 437 454 94 435 452 88 437 454 97 436 453 91 438 455 91 438 455 82 439 456 88 437 454 82 439 456 91 438 455 85 440 457 85 440 457 75 441 458 82 439 456 75 441 458 85 440 457 79 442 459 213 390 407 210 4 4 216 2 2 210 4 4 213 390 407 207 443 460 207 443 460 204 6 6 210 4 4 204 6 6 207 443 460 201 444 461 201 444 461 198 8 8 204 6 6 198 8 8 201 444 461 194 445 462 194 445 462 191 10 10 198 8 8 191 10 10 194 445 462 188 446 463 188 446 463 185 12 12 191 10 10 185 12 12 188 446 463 182 447 464 182 447 464 179 14 14 185 12 12 179 14 14 182 447 464 176 448 465 176 448 465 173 16 16 179 14 14 173 16 16 176 448 465 170 449 466 170 449 466 167 18 18 173 16 16 167 18 18 170 449 466 164 450 467 164 450 467 160 20 20 167 18 18 160 20 20 164 450 467 157 451 468 157 451 468 154 22 22 160 20 20 154 22 22 157 451 468 151 452 469 151 452 469 148 24 24 154 22 22 148 24 24 151 452 469 145 453 470 145 453 470 142 26 26 148 24 24 142 26 26 145 453 470 139 454 471 139 454 471 136 28 28 142 26 26 136 28 28 139 454 471 132 227 244 116 430 447 107 431 448 113 429 446 107 431 448 116 430 447 110 433 450</p>
                </triangles>
            </mesh>
        </geometry>
        <geometry id="ID28">
            <mesh>
                <source id="ID29">
                    <float_array id="ID30" count="816">520.839 80.0645 -215.604 502.12 59.8145 -207.854 468.902 80.0645 -312.76 452.089 59.8145 -301.51 399.027 80.0645 -397.916 384.714 59.8145 -383.604 313.87 80.0645 -467.791 302.62 59.8145 -450.979 216.714 80.0645 -519.729 208.964 59.8145 -501.01 111.308 80.0645 -551.698 107.339 59.8145 -531.854 -107.942 80.0645 -551.698 -103.973 59.8145 -531.854 -213.348 80.0645 -519.729 -205.598 59.8145 -501.01 -310.505 80.0645 -467.791 -299.255 59.8145 -450.979 -395.661 80.0645 -397.916 -381.348 59.8145 -383.604 -465.536 80.0645 -312.76 -448.723 59.8145 -301.51 -517.473 80.0645 -215.604 -498.755 59.8145 -207.854 -549.442 80.0645 -110.198 -529.598 59.8145 -106.229 -560.223 80.0645 -0.572683 -540.005 59.8145 -0.572683 -549.442 80.0645 109.052 -529.598 59.8145 105.084 -517.473 80.0645 214.459 -498.755 59.8145 206.709 -465.536 80.0645 311.615 -448.723 59.8145 300.365 -395.661 80.0645 396.771 -381.348 59.8145 382.459 -310.505 80.0645 466.646 -299.255 59.8145 449.834 -213.348 80.0645 518.584 -205.598 59.8145 499.865 -107.942 80.0645 550.552 -103.973 59.8145 530.709 111.308 80.0645 550.552 107.339 59.8145 530.709 216.714 80.0645 518.584 208.964 59.8145 499.865 313.87 80.0645 466.646 302.62 59.8145 449.834 399.027 80.0645 396.771 384.714 59.8145 382.459 468.902 80.0645 311.615 452.089 59.8145 300.365 520.839 80.0645 214.459 502.12 59.8145 206.709 552.808 80.0645 109.052 532.964 59.8145 105.084 624.308 59.8145 -0.572683 604.089 80.0645 -0.572683 612.339 59.8145 -122.041 592.495 80.0645 -118.073 576.933 59.8145 -238.823 558.214 80.0645 -231.104 519.37 59.8145 -346.479 502.558 80.0645 -335.229 441.933 59.8145 -440.823 427.652 80.0645 -426.541 347.589 59.8145 -518.26 336.339 80.0645 -501.448 239.933 59.8145 -575.791 232.214 80.0645 -557.104 123.152 59.8145 -611.229 119.183 80.0645 -591.385 -119.786 59.8145 -611.229 -115.817 80.0645 -591.385 -236.567 59.8145 -575.791 -228.848 80.0645 -557.104 -344.223 59.8145 -518.26 -332.973 80.0645 -501.448 -438.567 59.8145 -440.823 -424.286 80.0645 -426.541 -516.005 59.8145 -346.479 -499.192 80.0645 -335.229 -573.536 59.8145 -238.823 -554.848 80.0645 -231.104 -608.973 59.8145 -122.041 -589.13 80.0645 -118.073 -620.942 59.8145 -0.572683 -600.723 80.0645 -0.572683 -608.973 59.8145 120.896 -589.13 80.0645 116.927 -573.536 59.8145 237.677 -554.848 80.0645 229.959 -516.005 59.8145 345.334 -499.192 80.0645 334.084 -438.567 59.8145 439.677 -424.286 80.0645 425.396 -344.223 59.8145 517.115 -332.973 80.0645 500.302 -236.567 59.8145 574.646 -228.848 80.0645 555.959 -119.786 59.8145 610.084 -115.817 80.0645 590.24 123.152 59.8145 610.084 119.183 80.0645 590.24 239.933 59.8145 574.646 232.214 80.0645 555.959 347.589 59.8145 517.115 336.339 80.0645 500.302 441.933 59.8145 439.677 427.652 80.0645 425.396 519.37 59.8145 345.334 502.558 80.0645 334.084 576.902 59.8145 237.677 558.214 80.0645 229.959 612.339 59.8145 120.896 592.495 80.0645 116.927 604.089 -1.498 -0.572683 624.308 18.752 -0.572683 592.495 -1.498 -118.073 612.339 18.752 -122.041 558.214 -1.498 -231.104 576.933 18.752 -238.823 502.558 -1.498 -335.229 519.37 18.752 -346.479 427.652 -1.498 -426.541 441.933 18.752 -440.823 336.339 -1.498 -501.448 347.589 18.752 -518.26 232.214 -1.498 -557.104 239.933 18.752 -575.791 119.183 -1.498 -591.385 123.152 18.752 -611.229 -115.817 -1.498 -591.385 -119.786 18.752 -611.229 -228.848 -1.498 -557.104 -236.567 18.752 -575.791 -332.973 -1.498 -501.448 -344.223 18.752 -518.26 -424.286 -1.498 -426.541 -438.567 18.752 -440.823 -499.192 -1.498 -335.229 -516.005 18.752 -346.479 -554.848 -1.498 -231.104 -573.536 18.752 -238.823 -589.13 -1.498 -118.073 -608.973 18.752 -122.041 -600.723 -1.498 -0.572683 -620.942 18.752 -0.572683 -589.13 -1.498 116.927 -608.973 18.752 120.896 -554.848 -1.498 229.959 -573.536 18.752 237.677 -499.192 -1.498 334.084 -516.005 18.752 345.334 -424.286 -1.498 425.396 -438.567 18.752 439.677 -332.973 -1.498 500.302 -344.223 18.752 517.115 -228.848 -1.498 555.959 -236.567 18.752 574.646 -115.817 -1.498 590.24 -119.786 18.752 610.084 119.183 -1.498 590.24 123.152 18.752 610.084 232.214 -1.498 555.959 239.933 18.752 574.646 336.339 -1.498 500.302 347.589 18.752 517.115 427.652 -1.498 425.396 441.933 18.752 439.677 502.558 -1.498 334.084 519.37 18.752 345.334 558.214 -1.498 229.959 576.902 18.752 237.677 592.495 -1.498 116.927 612.339 18.752 120.896 56.4954 -1.498 -557.104 54.4954 18.752 -537.041 -53.1296 -1.498 -557.104 -51.1296 18.752 -537.041 54.4954 59.8145 -537.041 -51.1296 59.8145 -537.041 56.4954 80.0645 -557.104 -53.1296 80.0645 -557.104 60.4329 80.0645 -597.166 -57.0671 80.0645 -597.166 62.4016 59.8145 -617.229 -59.0359 59.8145 -617.229 62.4016 18.752 -617.229 -59.0359 18.752 -617.229 60.4329 -1.498 -597.166 -57.0671 -1.498 -597.166 563.589 -1.498 -0.572683 -53.1296 -1.498 555.959 543.37 18.752 -0.572683 -51.1296 18.752 535.896 552.808 -1.498 -110.198 56.4954 -1.498 555.959 532.964 18.752 -106.229 54.4954 18.752 535.896 520.839 -1.498 -215.604 -51.1296 59.8145 535.896 502.12 18.752 -207.854 54.4954 59.8145 535.896 468.902 -1.498 -312.76 -53.1296 80.0645 555.959 452.089 18.752 -301.51 56.4954 80.0645 555.959 399.027 -1.498 -397.916 -57.0671 80.0645 596.021 384.714 18.752 -383.604 60.4329 80.0645 596.021 313.87 -1.498 -467.791 -59.0359 59.8145 616.084 302.62 18.752 -450.979 62.4016 59.8145 616.084 216.714 -1.498 -519.729 -59.0359 18.752 616.084 208.964 18.752 -501.01 62.4016 18.752 616.084 111.308 -1.498 -551.698 -57.0671 -1.498 596.021 107.339 18.752 -531.854 60.4329 -1.498 596.021 -107.942 -1.498 -551.698 -103.973 18.752 -531.854 -213.348 -1.498 -519.729 -205.598 18.752 -501.01 -310.505 -1.498 -467.791 -299.255 18.752 -450.979 -395.661 -1.498 -397.916 -381.348 18.752 -383.604 -465.536 -1.498 -312.76 -448.723 18.752 -301.51 -517.473 -1.498 -215.604 -498.755 18.752 -207.854 -549.442 -1.498 -110.198 -529.598 18.752 -106.229 -560.223 -1.498 -0.572683 -540.005 18.752 -0.572683 -549.442 -1.498 109.052 -529.598 18.752 105.084 -517.473 -1.498 214.459 -498.755 18.752 206.709 -465.536 -1.498 311.615 -448.723 18.752 300.365 -395.661 -1.498 396.771 -381.348 18.752 382.459 -310.505 -1.498 466.646 -299.255 18.752 449.834 -213.348 -1.498 518.584 -205.598 18.752 499.865 -107.942 -1.498 550.552 -103.973 18.752 530.709 111.308 -1.498 550.552 107.339 18.752 530.709 216.714 -1.498 518.584 208.964 18.752 499.865 313.87 -1.498 466.646 302.62 18.752 449.834 399.027 -1.498 396.771 384.714 18.752 382.459 468.902 -1.498 311.615 452.089 18.752 300.365 520.839 -1.498 214.459 502.12 18.752 206.709 552.808 -1.498 109.052 532.964 18.752 105.084 563.589 80.0645 -0.572683 543.37 59.8145 -0.572683 552.808 80.0645 -110.198 532.964 59.8145 -106.229</float_array>
                    <technique_common>
                        <accessor count="272" source="#ID30" stride="3">
                            <param name="X" type="float"/>
                            <param name="Y" type="float"/>
                            <param name="Z" type="float"/>
                        </accessor>
                    </technique_common>
                </source>
                <source id="ID31">
                    <float_array id="ID32" count="816">0.0694038 -0.70551 0.705293 0.0907846 -0.38152 0.919892 0.115205 -0.706801 0.697969 0.209991 -0.382756 0.899668 0.249253 -0.70649 0.662379 0.381365 -0.382644 0.841513 0.37361 -0.70648 0.601084 0.538218 -0.382609 0.750954 0.483974 -0.706187 0.516787 0.67443 -0.382484 0.631545 0.57535 -0.706359 0.412346 0.784618 -0.382685 0.487777 0.644685 -0.706425 0.292139 0.864688 -0.382685 0.325373 0.689111 -0.70659 0.160804 0.911516 -0.382748 0.150473 0.707365 -0.706467 0.0232268 0.923386 -0.382671 -0.0303423 0.698191 -0.706576 -0.115235 0.899667 -0.382867 -0.209789 0.662089 -0.706825 -0.249072 0.841411 -0.38287 -0.381364 0.600912 -0.706643 -0.373579 0.750914 -0.382608 -0.538274 0.516787 -0.706187 -0.483974 0.631545 -0.382484 -0.67443 0.412346 -0.706359 -0.57535 0.487777 -0.382685 -0.784618 0.292139 -0.706425 -0.644685 0.325373 -0.382685 -0.864688 0.160743 -0.706591 -0.689124 0.158782 -0.457929 -0.874694 0.0695487 -0.705318 -0.705471 0.0951139 -0.252052 -0.963028 0.0908479 0.381641 0.919835 0.0376592 0.923395 0.381998 0.150549 0.382888 0.911445 0.0869129 0.923911 0.372606 0.325373 0.382685 0.864688 0.157966 0.923866 0.348595 0.487777 0.382685 0.784618 0.222969 0.923848 0.31111 0.631545 0.382484 0.67443 0.279456 0.923802 0.261712 0.750954 0.382609 0.538218 0.325014 0.92388 0.202016 0.841513 0.382644 0.381365 0.358156 0.923883 0.134774 0.899683 0.382757 0.209922 0.377511 0.923906 0.0623075 0.923386 0.382671 0.0303423 0.382482 0.923878 -0.0125591 0.911529 0.382746 -0.150399 0.372497 0.923957 -0.0868835 0.864619 0.382911 -0.325288 0.348381 0.923957 -0.157908 0.784521 0.382787 -0.487853 0.31111 0.923848 -0.222969 0.67443 0.382484 -0.631545 0.261712 0.923802 -0.279456 0.538218 0.382609 -0.750954 0.202016 0.92388 -0.325014 0.381365 0.382644 -0.841513 0.134774 0.923883 -0.358156 0.195014 0.327701 -0.924436 0.0745078 0.889203 -0.451405 0.084804 0.503947 -0.859562 0.0248155 0.967362 -0.252179 -0.0376612 0.923462 -0.381837 -0.0903948 0.381531 -0.919925 -0.0622397 0.923971 -0.377364 -0.209815 0.38291 -0.899643 -0.134668 0.924012 -0.357865 -0.38127 0.382952 -0.841416 -0.201941 0.923947 -0.324871 -0.538123 0.382777 -0.750936 -0.261473 0.92394 -0.279225 -0.674329 0.382824 -0.631447 -0.310968 0.923918 -0.222876 -0.784601 0.38285 -0.487676 -0.348315 0.923994 -0.157832 -0.864579 0.382994 -0.325297 -0.372462 0.923973 -0.0868703 -0.911524 0.382748 -0.150427 -0.382489 0.923875 -0.0125541 -0.923388 0.382672 0.0302936 -0.377514 0.923908 0.0622613 -0.899621 0.382908 0.209911 -0.357865 0.924012 0.134668 -0.841416 0.382952 0.38127 -0.324871 0.923947 0.201941 -0.750936 0.382777 0.538123 -0.279225 0.92394 0.261473 -0.631447 0.382824 0.674329 -0.222876 0.923918 0.310968 -0.487676 0.38285 0.784601 -0.157832 0.923994 0.348315 -0.325297 0.382994 0.864579 -0.0743472 0.944958 0.318633 -0.158617 0.457952 0.874712 -0.0496418 0.861987 0.504494 -0.0945423 0.252074 0.963079 -0.0903011 -0.381676 -0.919874 -0.0694161 -0.705349 -0.705453 -0.150305 -0.382908 -0.911477 -0.16074 -0.706818 -0.688891 -0.325297 -0.382994 -0.864579 -0.291932 -0.706902 -0.644255 -0.487676 -0.38285 -0.784601 -0.412205 -0.70662 -0.575131 -0.631447 -0.382824 -0.674329 -0.516434 -0.706699 -0.483603 -0.750936 -0.382777 -0.538123 -0.600862 -0.706727 -0.373499 -0.841416 -0.382952 -0.38127 -0.661932 -0.706965 -0.249091 -0.899622 -0.382908 -0.209911 -0.698199 -0.706582 -0.11515 -0.923388 -0.382672 -0.0302936 -0.707373 -0.706459 0.0232175 -0.911524 -0.382748 0.150427 -0.688905 -0.706819 0.160675 -0.864579 -0.382994 0.325297 -0.644255 -0.706902 0.291932 -0.784601 -0.38285 0.487676 -0.575131 -0.70662 0.412205 -0.674329 -0.382824 0.631447 -0.483603 -0.706699 0.516434 -0.538123 -0.382777 0.750936 -0.373499 -0.706727 0.600862 -0.38127 -0.382952 0.841416 -0.249091 -0.706965 0.661932 -0.194773 -0.327834 0.924439 -0.115118 -0.706814 0.697969 -0.0844997 -0.503961 0.859583 -0.0695575 -0.705564 0.705224 0.0903011 -0.381676 0.919874 0.0694161 -0.705349 0.705453 0.150305 -0.382908 0.911477 0.16074 -0.706818 0.688891 0.325297 -0.382994 0.864579 0.291932 -0.706902 0.644255 0.487676 -0.38285 0.784601 0.412205 -0.70662 0.575131 0.631447 -0.382824 0.674329 0.516434 -0.706699 0.483603 0.750936 -0.382777 0.538123 0.600862 -0.706727 0.373499 0.841416 -0.382952 0.38127 0.661932 -0.706965 0.249091 0.899622 -0.382908 0.209911 0.698199 -0.706582 0.11515 0.923388 -0.382672 0.0302936 0.707373 -0.706459 -0.0232175 0.911524 -0.382748 -0.150427 0.688905 -0.706819 -0.160675 0.864579 -0.382994 -0.325297 0.644255 -0.706902 -0.291932 0.784601 -0.38285 -0.487676 0.575131 -0.70662 -0.412205 0.674329 -0.382824 -0.631447 0.483603 -0.706699 -0.516434 0.538123 -0.382777 -0.750936 0.373499 -0.706727 -0.600862 0.38127 -0.382952 -0.841416 0.249091 -0.706965 -0.661932 0.194773 -0.327834 -0.92444 0.115118 -0.706814 -0.697969 0.0844997 -0.503961 -0.859583 0.0695575 -0.705564 -0.705224 -0.0694038 -0.70551 -0.705293 -0.0907846 -0.38152 -0.919892 -0.115205 -0.706801 -0.697969 -0.209991 -0.382756 -0.899668 -0.249253 -0.70649 -0.662379 -0.381365 -0.382644 -0.841513 -0.37361 -0.70648 -0.601084 -0.538218 -0.382609 -0.750954 -0.483974 -0.706187 -0.516787 -0.67443 -0.382484 -0.631545 -0.57535 -0.706359 -0.412346 -0.784618 -0.382685 -0.487777 -0.644685 -0.706425 -0.292139 -0.864688 -0.382685 -0.325373 -0.689111 -0.70659 -0.160804 -0.911516 -0.382748 -0.150473 -0.707365 -0.706467 -0.0232268 -0.923386 -0.382671 0.0303423 -0.698191 -0.706576 0.115235 -0.899683 -0.382757 0.209922 -0.662379 -0.70649 0.249253 -0.841513 -0.382644 0.381365 -0.601084 -0.70648 0.37361 -0.750954 -0.382609 0.538218 -0.516787 -0.706187 0.483974 -0.631545 -0.382484 0.67443 -0.412346 -0.706359 0.57535 -0.487777 -0.382685 0.784618 -0.292139 -0.706425 0.644685 -0.325373 -0.382685 0.864688 -0.160743 -0.706591 0.689124 -0.158782 -0.457929 0.874694 -0.0695487 -0.705318 0.705471 -0.0951139 -0.252052 0.963028 -0.0908479 0.381641 -0.919835 -0.0376592 0.923395 -0.381998 -0.150549 0.382888 -0.911445 -0.0869129 0.923911 -0.372606 -0.325373 0.382685 -0.864688 -0.157966 0.923866 -0.348595 -0.487777 0.382685 -0.784618 -0.222969 0.923848 -0.31111 -0.631545 0.382484 -0.67443 -0.279456 0.923802 -0.261712 -0.750954 0.382609 -0.538218 -0.325014 0.923881 -0.202016 -0.841513 0.382644 -0.381365 -0.358156 0.923883 -0.134774 -0.899683 0.382757 -0.209922 -0.377511 0.923906 -0.0623075 -0.923386 0.382671 -0.0303423 -0.382482 0.923878 0.0125591 -0.911516 0.382748 0.150473 -0.3726 0.92391 0.0869461 -0.864688 0.382685 0.325373 -0.348595 0.923866 0.157966 -0.784618 0.382685 0.487777 -0.31111 0.923848 0.222969 -0.67443 0.382484 0.631545 -0.261712 0.923802 0.279456 -0.538218 0.382609 0.750954 -0.202016 0.92388 0.325014 -0.381365 0.382644 0.841513 -0.134774 0.923883 0.358156 -0.195014 0.327701 0.924436 -0.0745078 0.889203 0.451405 -0.084804 0.503947 0.859562 -0.0248155 0.967362 0.252179 0.0376612 0.923462 0.381837 0.0903948 0.381531 0.919925 0.0622397 0.923971 0.377364 0.209815 0.38291 0.899643 0.134668 0.924012 0.357865 0.38127 0.382952 0.841416 0.201941 0.923947 0.324871 0.538123 0.382777 0.750936 0.261473 0.92394 0.279225 0.674329 0.382824 0.631447 0.310968 0.923918 0.222876 0.784601 0.38285 0.487676 0.348315 0.923994 0.157832 0.864579 0.382994 0.325297 0.372462 0.923973 0.0868703 0.911524 0.382748 0.150427 0.382489 0.923875 0.0125541 0.923388 0.382672 -0.0302936 0.377514 0.923908 -0.0622613 0.899621 0.382908 -0.209911 0.357865 0.924012 -0.134668 0.841416 0.382952 -0.38127 0.324871 0.923947 -0.201941 0.750936 0.382777 -0.538123 0.279225 0.92394 -0.261473 0.631447 0.382824 -0.674329 0.222876 0.923918 -0.310968 0.487676 0.38285 -0.784601 0.157832 0.923994 -0.348315 0.325297 0.382994 -0.864579 0.0743472 0.944958 -0.318633 0.158617 0.457952 -0.874712 0.0496418 0.861987 -0.504494 0.0945423 0.252074 -0.963079</float_array>
                    <technique_common>
                        <accessor count="272" source="#ID32" stride="3">
                            <param name="X" type="float"/>
                            <param name="Y" type="float"/>
                            <param name="Z" type="float"/>
                        </accessor>
                    </technique_common>
                </source>
                <source id="ID33">
                    <float_array id="ID34" count="272">0.53125 0 0.53125 0.248047 0.5625 0 0.5625 0.248047 0.625 0 0.625 0.248047 0.6875 0 0.6875 0.248047 0.75 0 0.75 0.248047 0.8125 0 0.8125 0.248047 0.875 0 0.875 0.248047 0.9375 0 0.9375 0.248047 1 0 1 0.248047 1.0625 0 1.0625 0.248047 1.125 0 1.125 0.248047 1.1875 0 1.1875 0.248047 1.25 0 1.25 0.248047 1.3125 0 1.3125 0.248047 1.375 0 1.375 0.248047 1.4375 0 1.4375 0.248047 1.46875 0 1.46875 0.248047 0.53125 0.752014 0.53125 1 0.5625 0.752014 0.5625 1 0.625 0.752014 0.625 1 0.6875 0.752014 0.6875 1 0.75 0.752014 0.75 1 0.8125 0.752014 0.8125 1 0.875 0.752014 0.875 1 0.9375 0.752014 0.9375 1 1 0.752014 1 1 1.0625 0.752014 1.0625 1 1.125 0.752014 1.125 1 1.1875 0.752014 1.1875 1 1.25 0.752014 1.25 1 1.3125 0.752014 1.3125 1 1.375 0.752014 1.375 1 1.4375 0.752014 1.4375 1 1.46875 0.752014 1.46875 1 -0.468689 0.248047 -0.468689 0 -0.437439 0.248047 -0.437439 0 -0.374939 0.248047 -0.374939 0 -0.312439 0.248047 -0.312439 0 -0.249939 0.248047 -0.249939 0 -0.187439 0.248047 -0.187439 0 -0.124939 0.248047 -0.124939 0 -0.062439 0.248047 -0.062439 0 0 0.248047 0 0 0.0625 0.248047 0.0625 0 0.125 0.248047 0.125 0 0.1875 0.248047 0.1875 0 0.25 0.248047 0.25 0 0.3125 0.248047 0.3125 0 0.375 0.248047 0.375 0 0.4375 0.248047 0.4375 0 0.46875 0.248047 0.46875 0 -0.468689 0.752014 -0.468689 1 -0.437439 0.752014 -0.437439 1 -0.374939 0.752014 -0.374939 1 -0.312439 0.752014 -0.312439 1 -0.249939 0.752014 -0.249939 1 -0.187439 0.752014 -0.187439 1 -0.124939 0.752014 -0.124939 1 -0.062439 0.752014 -0.062439 1 0 0.752014 0 1 0.0625 0.752014 0.0625 1 0.125 0.752014 0.125 1 0.1875 0.752014 0.1875 1 0.25 0.752014 0.25 1 0.3125 0.752014 0.3125 1 0.375 0.752014 0.375 1 0.4375 0.752014 0.4375 1 0.46875 0.752014 0.46875 1</float_array>
                    <technique_common>
                        <accessor count="136" source="#ID34" stride="2">
                            <param name="S" type="float"/>
                            <param name="T" type="float"/>
                        </accessor>
                    </technique_common>
                </source>
                <vertices id="ID35">
                    <input semantic="POSITION" source="#ID29"/>
                </vertices>
                <triangles count="448" material="Material1">
                    <input offset="0" semantic="VERTEX" source="#ID35"/>
                    <input offset="1" semantic="NORMAL" source="#ID31"/>
                    <input offset="2" semantic="TEXCOORD" source="#ID33" set="0"/>
                    <p>162 2 2 219 1 1 223 0 0 219 1 1 162 2 2 163 3 3 164 4 4 163 3 3 162 2 2 163 3 3 164 4 4 165 5 5 166 6 6 165 5 5 164 4 4 165 5 5 166 6 6 167 7 7 168 8 8 167 7 7 166 6 6 167 7 7 168 8 8 169 9 9 170 10 10 169 9 9 168 8 8 169 9 9 170 10 10 171 11 11 172 12 12 171 11 11 170 10 10 171 11 11 172 12 12 173 13 13 174 14 14 173 13 13 172 12 12 173 13 13 174 14 14 175 15 15 116 16 16 175 15 15 174 14 14 175 15 15 116 16 16 117 17 17 118 18 18 117 17 17 116 16 16 117 17 17 118 18 18 119 19 19 120 20 20 119 19 19 118 18 18 119 19 19 120 20 20 121 21 21 122 22 22 121 21 21 120 20 20 121 21 21 122 22 22 123 23 23 124 24 24 123 23 23 122 22 22 123 23 23 124 24 24 125 25 25 126 26 26 125 25 25 124 24 24 125 25 25 126 26 26 127 27 27 128 28 28 127 27 27 126 26 26 127 27 27 128 28 28 129 29 29 130 30 30 129 29 29 128 28 28 129 29 29 130 30 30 131 31 31 190 32 32 131 31 31 130 30 30 131 31 31 190 32 32 188 33 33 102 36 36 211 35 35 215 34 34 211 35 35 102 36 36 103 37 37 104 38 38 103 37 37 102 36 36 103 37 37 104 38 38 105 39 39 106 40 40 105 39 39 104 38 38 105 39 39 106 40 40 107 41 41 108 42 42 107 41 41 106 40 40 107 41 41 108 42 42 109 43 43 110 44 44 109 43 43 108 42 42 109 43 43 110 44 44 111 45 45 112 46 46 111 45 45 110 44 44 111 45 45 112 46 46 113 47 47 114 48 48 113 47 47 112 46 46 113 47 47 114 48 48 115 49 49 56 50 50 115 49 49 114 48 48 115 49 49 56 50 50 57 51 51 58 52 52 57 51 51 56 50 50 57 51 51 58 52 52 59 53 53 60 54 54 59 53 53 58 52 52 59 53 53 60 54 54 61 55 55 62 56 56 61 55 55 60 54 54 61 55 55 62 56 56 63 57 57 64 58 58 63 57 57 62 56 56 63 57 57 64 58 58 65 59 59 66 60 60 65 59 59 64 58 58 65 59 59 66 60 60 67 61 61 68 62 62 67 61 61 66 60 60 67 61 61 68 62 62 69 63 63 70 64 64 69 63 63 68 62 62 69 63 63 70 64 64 71 65 65 186 66 66 71 65 65 70 64 64 71 65 65 186 66 66 184 67 67 42 70 37 203 69 34 207 68 35 203 69 34 42 70 37 43 71 36 44 72 39 43 71 36 42 70 37 43 71 36 44 72 39 45 73 38 46 74 41 45 73 38 44 72 39 45 73 38 46 74 41 47 75 40 48 76 43 47 75 40 46 74 41 47 75 40 48 76 43 49 77 42 50 78 45 49 77 42 48 76 43 49 77 42 50 78 45 51 79 44 52 80 47 51 79 44 50 78 45 51 79 44 52 80 47 53 81 46 54 82 49 53 81 46 52 80 47 53 81 46 54 82 49 55 83 48 268 84 51 55 83 48 54 82 49 55 83 48 268 84 51 269 85 50 270 86 53 269 85 50 268 84 51 269 85 50 270 86 53 271 87 52 0 88 55 271 87 52 270 86 53 271 87 52 0 88 55 1 89 54 2 90 57 1 89 54 0 88 55 1 89 54 2 90 57 3 91 56 4 92 59 3 91 56 2 90 57 3 91 56 4 92 59 5 93 58 6 94 61 5 93 58 4 92 59 5 93 58 6 94 61 7 95 60 8 96 63 7 95 60 6 94 61 7 95 60 8 96 63 9 97 62 10 98 65 9 97 62 8 96 63 9 97 62 10 98 65 11 99 64 182 100 67 11 99 64 10 98 65 11 99 64 182 100 67 180 101 66 255 104 3 197 103 0 199 102 1 197 103 0 255 104 3 254 105 2 257 106 5 254 105 2 255 104 3 254 105 2 257 106 5 256 107 4 259 108 7 256 107 4 257 106 5 256 107 4 259 108 7 258 109 6 261 110 9 258 109 6 259 108 7 258 109 6 261 110 9 260 111 8 263 112 11 260 111 8 261 110 9 260 111 8 263 112 11 262 113 10 265 114 13 262 113 10 263 112 11 262 113 10 265 114 13 264 115 12 267 116 15 264 115 12 265 114 13 264 115 12 267 116 15 266 117 14 194 118 17 266 117 14 267 116 15 266 117 14 194 118 17 192 119 16 198 120 19 192 119 16 194 118 17 192 119 16 198 120 19 196 121 18 202 122 21 196 121 18 198 120 19 196 121 18 202 122 21 200 123 20 206 124 23 200 123 20 202 122 21 200 123 20 206 124 23 204 125 22 210 126 25 204 125 22 206 124 23 204 125 22 210 126 25 208 127 24 214 128 27 208 127 24 210 126 25 208 127 24 214 128 27 212 129 26 218 130 29 212 129 26 214 128 27 212 129 26 218 130 29 216 131 28 222 132 31 216 131 28 218 130 29 216 131 28 222 132 31 220 133 30 177 134 33 220 133 30 222 132 31 220 133 30 177 134 33 176 135 32 225 138 70 178 137 69 179 136 68 178 137 69 225 138 70 224 139 71 227 140 72 224 139 71 225 138 70 224 139 71 227 140 72 226 141 73 229 142 74 226 141 73 227 140 72 226 141 73 229 142 74 228 143 75 231 144 76 228 143 75 229 142 74 228 143 75 231 144 76 230 145 77 233 146 78 230 145 77 231 144 76 230 145 77 233 146 78 232 147 79 235 148 80 232 147 79 233 146 78 232 147 79 235 148 80 234 149 81 237 150 82 234 149 81 235 148 80 234 149 81 237 150 82 236 151 83 239 152 84 236 151 83 237 150 82 236 151 83 239 152 84 238 153 85 241 154 86 238 153 85 239 152 84 238 153 85 241 154 86 240 155 87 243 156 88 240 155 87 241 154 86 240 155 87 243 156 88 242 157 89 245 158 90 242 157 89 243 156 88 242 157 89 245 158 90 244 159 91 247 160 92 244 159 91 245 158 90 244 159 91 247 160 92 246 161 93 249 162 94 246 161 93 247 160 92 246 161 93 249 162 94 248 163 95 251 164 96 248 163 95 249 162 94 248 163 95 251 164 96 250 165 97 253 166 98 250 165 97 251 164 96 250 165 97 253 166 98 252 167 99 195 168 100 252 167 99 253 166 98 252 167 99 195 168 100 193 169 101 132 172 71 189 171 68 191 170 69 189 171 68 132 172 71 133 173 70 134 174 73 133 173 70 132 172 71 133 173 70 134 174 73 135 175 72 136 176 75 135 175 72 134 174 73 135 175 72 136 176 75 137 177 74 138 178 77 137 177 74 136 176 75 137 177 74 138 178 77 139 179 76 140 180 79 139 179 76 138 178 77 139 179 76 140 180 79 141 181 78 142 182 81 141 181 78 140 180 79 141 181 78 142 182 81 143 183 80 144 184 83 143 183 80 142 182 81 143 183 80 144 184 83 145 185 82 146 186 85 145 185 82 144 184 83 145 185 82 146 186 85 147 187 84 148 188 87 147 187 84 146 186 85 147 187 84 148 188 87 149 189 86 150 190 89 149 189 86 148 188 87 149 189 86 150 190 89 151 191 88 152 192 91 151 191 88 150 190 89 151 191 88 152 192 91 153 193 90 154 194 93 153 193 90 152 192 91 153 193 90 154 194 93 155 195 92 156 196 95 155 195 92 154 194 93 155 195 92 156 196 95 157 197 94 158 198 97 157 197 94 156 196 95 157 197 94 158 198 97 159 199 96 160 200 99 159 199 96 158 198 97 159 199 96 160 200 99 161 201 98 221 202 101 161 201 98 160 200 99 161 201 98 221 202 101 217 203 100 72 206 104 185 205 103 187 204 102 185 205 103 72 206 104 73 207 105 74 208 106 73 207 105 72 206 104 73 207 105 74 208 106 75 209 107 76 210 108 75 209 107 74 208 106 75 209 107 76 210 108 77 211 109 78 212 110 77 211 109 76 210 108 77 211 109 78 212 110 79 213 111 80 214 112 79 213 111 78 212 110 79 213 111 80 214 112 81 215 113 82 216 114 81 215 113 80 214 112 81 215 113 82 216 114 83 217 115 84 218 116 83 217 115 82 216 114 83 217 115 84 218 116 85 219 117 86 220 118 85 219 117 84 218 116 85 219 117 86 220 118 87 221 119 88 222 120 87 221 119 86 220 118 87 221 119 88 222 120 89 223 121 90 224 122 89 223 121 88 222 120 89 223 121 90 224 122 91 225 123 92 226 124 91 225 123 90 224 122 91 225 123 92 226 124 93 227 125 94 228 126 93 227 125 92 226 124 93 227 125 94 228 126 95 229 127 96 230 128 95 229 127 94 228 126 95 229 127 96 230 128 97 231 129 98 232 130 97 231 129 96 230 128 97 231 129 98 232 130 99 233 131 100 234 132 99 233 131 98 232 130 99 233 131 100 234 132 101 235 133 213 236 134 101 235 133 100 234 132 101 235 133 213 236 134 209 237 135 12 240 105 181 239 102 183 238 103 181 239 102 12 240 105 13 241 104 14 242 107 13 241 104 12 240 105 13 241 104 14 242 107 15 243 106 16 244 109 15 243 106 14 242 107 15 243 106 16 244 109 17 245 108 18 246 111 17 245 108 16 244 109 17 245 108 18 246 111 19 247 110 20 248 113 19 247 110 18 246 111 19 247 110 20 248 113 21 249 112 22 250 115 21 249 112 20 248 113 21 249 112 22 250 115 23 251 114 24 252 117 23 251 114 22 250 115 23 251 114 24 252 117 25 253 116 26 254 119 25 253 116 24 252 117 25 253 116 26 254 119 27 255 118 28 256 121 27 255 118 26 254 119 27 255 118 28 256 121 29 257 120 30 258 123 29 257 120 28 256 121 29 257 120 30 258 123 31 259 122 32 260 125 31 259 122 30 258 123 31 259 122 32 260 125 33 261 124 34 262 127 33 261 124 32 260 125 33 261 124 34 262 127 35 263 126 36 264 129 35 263 126 34 262 127 35 263 126 36 264 129 37 265 128 38 266 131 37 265 128 36 264 129 37 265 128 38 266 131 39 267 130 40 268 133 39 267 130 38 266 131 39 267 130 40 268 133 41 269 132 205 270 135 41 269 132 40 268 133 41 269 132 205 270 135 201 271 134 98 232 130 159 199 96 100 234 132 159 199 96 98 232 130 157 197 94 96 230 128 157 197 94 98 232 130 157 197 94 96 230 128 155 195 92 94 228 126 155 195 92 96 230 128 155 195 92 94 228 126 153 193 90 92 226 124 153 193 90 94 228 126 153 193 90 92 226 124 151 191 88 90 224 122 151 191 88 92 226 124 151 191 88 90 224 122 149 189 86 88 222 120 149 189 86 90 224 122 149 189 86 88 222 120 147 187 84 86 220 118 147 187 84 88 222 120 147 187 84 86 220 118 145 185 82 84 218 116 145 185 82 86 220 118 145 185 82 84 218 116 143 183 80 82 216 114 143 183 80 84 218 116 143 183 80 82 216 114 141 181 78 80 214 112 141 181 78 82 216 114 141 181 78 80 214 112 139 179 76 78 212 110 139 179 76 80 214 112 139 179 76 78 212 110 137 177 74 76 210 108 137 177 74 78 212 110 137 177 74 76 210 108 135 175 72 74 208 106 135 175 72 76 210 108 135 175 72 74 208 106 133 173 70 72 206 104 133 173 70 74 208 106 133 173 70 72 206 104 189 171 68 187 204 102 189 171 68 72 206 104 251 164 96 39 267 130 253 166 98 39 267 130 251 164 96 37 265 128 249 162 94 37 265 128 251 164 96 37 265 128 249 162 94 35 263 126 247 160 92 35 263 126 249 162 94 35 263 126 247 160 92 33 261 124 245 158 90 33 261 124 247 160 92 33 261 124 245 158 90 31 259 122 243 156 88 31 259 122 245 158 90 31 259 122 243 156 88 29 257 120 241 154 86 29 257 120 243 156 88 29 257 120 241 154 86 27 255 118 239 152 84 27 255 118 241 154 86 27 255 118 239 152 84 25 253 116 237 150 82 25 253 116 239 152 84 25 253 116 237 150 82 23 251 114 235 148 80 23 251 114 237 150 82 23 251 114 235 148 80 21 249 112 233 146 78 21 249 112 235 148 80 21 249 112 233 146 78 19 247 110 231 144 76 19 247 110 233 146 78 19 247 110 231 144 76 17 245 108 229 142 74 17 245 108 231 144 76 17 245 108 229 142 74 15 243 106 227 140 72 15 243 106 229 142 74 15 243 106 227 140 72 13 241 104 225 138 70 13 241 104 227 140 72 13 241 104 225 138 70 181 239 102 179 136 68 181 239 102 225 138 70 38 266 131 99 233 131 40 268 133 99 233 131 38 266 131 97 231 129 36 264 129 97 231 129 38 266 131 97 231 129 36 264 129 95 229 127 34 262 127 95 229 127 36 264 129 95 229 127 34 262 127 93 227 125 32 260 125 93 227 125 34 262 127 93 227 125 32 260 125 91 225 123 30 258 123 91 225 123 32 260 125 91 225 123 30 258 123 89 223 121 28 256 121 89 223 121 30 258 123 89 223 121 28 256 121 87 221 119 26 254 119 87 221 119 28 256 121 87 221 119 26 254 119 85 219 117 24 252 117 85 219 117 26 254 119 85 219 117 24 252 117 83 217 115 22 250 115 83 217 115 24 252 117 83 217 115 22 250 115 81 215 113 20 248 113 81 215 113 22 250 115 81 215 113 20 248 113 79 213 111 18 246 111 79 213 111 20 248 113 79 213 111 18 246 111 77 211 109 16 244 109 77 211 109 18 246 111 77 211 109 16 244 109 75 209 107 14 242 107 75 209 107 16 244 109 75 209 107 14 242 107 73 207 105 12 240 105 73 207 105 14 242 107 73 207 105 12 240 105 185 205 103 183 238 103 185 205 103 12 240 105 68 62 62 129 29 29 70 64 64 129 29 29 68 62 62 127 27 27 66 60 60 127 27 27 68 62 62 127 27 27 66 60 60 125 25 25 64 58 58 125 25 25 66 60 60 125 25 25 64 58 58 123 23 23 62 56 56 123 23 23 64 58 58 123 23 23 62 56 56 121 21 21 60 54 54 121 21 21 62 56 56 121 21 21 60 54 54 119 19 19 58 52 52 119 19 19 60 54 54 119 19 19 58 52 52 117 17 17 56 50 50 117 17 17 58 52 52 8 96 63 69 63 63 10 98 65 69 63 63 8 96 63 67 61 61 6 94 61 67 61 61 8 96 63 67 61 61 6 94 61 65 59 59 4 92 59 65 59 59 6 94 61 65 59 59 4 92 59 63 57 57 2 90 57 63 57 57 4 92 59 63 57 57 2 90 57 61 55 55 0 88 55 61 55 55 2 90 57 61 55 55 0 88 55 59 53 53 270 86 53 59 53 53 0 88 55 59 53 53 270 86 53 57 51 51 268 84 51 57 51 51 270 86 53 218 130 29 9 97 62 222 132 31 9 97 62 218 130 29 7 95 60 214 128 27 7 95 60 218 130 29 7 95 60 214 128 27 5 93 58 210 126 25 5 93 58 214 128 27 5 93 58 210 126 25 3 91 56 206 124 23 3 91 56 210 126 25 3 91 56 206 124 23 1 89 54 202 122 21 1 89 54 206 124 23 1 89 54 202 122 21 271 87 52 198 120 19 271 87 52 202 122 21 271 87 52 198 120 19 269 85 50 194 118 17 269 85 50 198 120 19 100 234 132 217 203 100 213 236 134 217 203 100 100 234 132 161 201 98 159 199 96 161 201 98 100 234 132 253 166 98 201 271 134 195 168 100 201 271 134 253 166 98 41 269 132 39 267 130 41 269 132 253 166 98 40 268 133 209 237 135 205 270 135 209 237 135 40 268 133 101 235 133 99 233 131 101 235 133 40 268 133 70 64 64 188 33 33 186 66 66 188 33 33 70 64 64 131 31 31 129 29 29 131 31 31 70 64 64 10 98 65 184 67 67 182 100 67 184 67 67 10 98 65 71 65 65 69 63 63 71 65 65 10 98 65 222 132 31 180 101 66 177 134 33 180 101 66 222 132 31 11 99 64 9 97 62 11 99 64 222 132 31 219 1 1 102 36 36 215 34 34 102 36 36 219 1 1 163 3 3 163 3 3 104 38 38 102 36 36 104 38 38 163 3 3 165 5 5 165 5 5 106 40 40 104 38 38 106 40 40 165 5 5 167 7 7 169 9 9 110 44 44 108 42 42 110 44 44 169 9 9 171 11 11 171 11 11 112 46 46 110 44 44 112 46 46 171 11 11 173 13 13 103 37 37 44 72 39 42 70 37 44 72 39 103 37 37 105 39 39 105 39 39 46 74 41 44 72 39 46 74 41 105 39 39 107 41 41 107 41 41 48 76 43 46 74 41 48 76 43 107 41 41 109 43 43 109 43 43 50 78 45 48 76 43 50 78 45 109 43 43 111 45 45 111 45 45 52 80 47 50 78 45 52 80 47 111 45 45 113 47 47 113 47 47 54 82 49 52 80 47 54 82 49 113 47 47 115 49 49 115 49 49 268 84 51 54 82 49 268 84 51 115 49 49 57 51 51 175 15 15 56 50 50 114 48 48 56 50 50 175 15 15 117 17 17 211 35 35 42 70 37 207 68 35 42 70 37 211 35 35 103 37 37 203 69 34 255 104 3 199 102 1 255 104 3 203 69 34 43 71 36 43 71 36 257 106 5 255 104 3 257 106 5 43 71 36 45 73 38 45 73 38 259 108 7 257 106 5 259 108 7 45 73 38 47 75 40 47 75 40 261 110 9 259 108 7 261 110 9 47 75 40 49 77 42 167 7 7 108 42 42 106 40 40 108 42 42 167 7 7 169 9 9 51 79 44 265 114 13 263 112 11 265 114 13 51 79 44 53 81 46 53 81 46 267 116 15 265 114 13 267 116 15 53 81 46 55 83 48 55 83 48 194 118 17 267 116 15 194 118 17 55 83 48 269 85 50 173 13 13 114 48 48 112 46 46 114 48 48 173 13 13 175 15 15 49 77 42 263 112 11 261 110 9 263 112 11 49 77 42 51 79 44</p>
                </triangles>
            </mesh>
        </geometry>
        <geometry id="ID37">
            <mesh>
                <source id="ID38">
                    <float_array id="ID39" count="816">216.714 -1.498 518.584 208.964 18.752 499.865 313.87 -1.498 466.646 302.62 18.752 449.834 399.027 -1.498 396.771 384.714 18.752 382.459 468.902 -1.498 311.615 452.089 18.752 300.365 520.839 -1.498 214.459 502.12 18.752 206.709 552.808 -1.498 109.052 532.964 18.752 105.084 563.589 80.0645 -0.572683 543.37 59.8145 -0.572683 552.808 80.0645 -110.198 532.964 59.8145 -106.229 520.839 80.0645 -215.604 502.12 59.8145 -207.854 468.902 80.0645 -312.76 452.089 59.8145 -301.51 399.027 80.0645 -397.916 384.714 59.8145 -383.604 313.87 80.0645 -467.791 302.62 59.8145 -450.979 216.714 80.0645 -519.729 208.964 59.8145 -501.01 111.308 80.0645 -551.698 107.339 59.8145 -531.854 -107.942 80.0645 -551.698 -103.973 59.8145 -531.854 -213.348 80.0645 -519.729 -205.598 59.8145 -501.01 -310.505 80.0645 -467.791 -299.255 59.8145 -450.979 -395.661 80.0645 -397.916 -381.348 59.8145 -383.604 -465.536 80.0645 -312.76 -448.723 59.8145 -301.51 -517.473 80.0645 -215.604 -498.755 59.8145 -207.854 -549.442 80.0645 -110.198 -529.598 59.8145 -106.229 -560.223 80.0645 -0.572683 -540.005 59.8145 -0.572683 -549.442 80.0645 109.052 -529.598 59.8145 105.084 -517.473 80.0645 214.459 -498.755 59.8145 206.709 -465.536 80.0645 311.615 -448.723 59.8145 300.365 -395.661 80.0645 396.771 -381.348 59.8145 382.459 -310.505 80.0645 466.646 -299.255 59.8145 449.834 -213.348 80.0645 518.584 -205.598 59.8145 499.865 -107.942 80.0645 550.552 -103.973 59.8145 530.709 111.308 80.0645 550.552 107.339 59.8145 530.709 216.714 80.0645 518.584 208.964 59.8145 499.865 313.87 80.0645 466.646 302.62 59.8145 449.834 399.027 80.0645 396.771 384.714 59.8145 382.459 468.902 80.0645 311.615 452.089 59.8145 300.365 520.839 80.0645 214.459 502.12 59.8145 206.709 552.808 80.0645 109.052 532.964 59.8145 105.084 624.308 59.8145 -0.572683 604.089 80.0645 -0.572683 612.339 59.8145 -122.041 592.495 80.0645 -118.073 576.933 59.8145 -238.823 558.214 80.0645 -231.104 519.37 59.8145 -346.479 502.558 80.0645 -335.229 441.933 59.8145 -440.823 427.652 80.0645 -426.51 347.589 59.8145 -518.26 336.339 80.0645 -501.448 239.933 59.8145 -575.791 232.214 80.0645 -557.104 123.152 59.8145 -611.229 119.183 80.0645 -591.385 -119.786 59.8145 -611.229 -115.817 80.0645 -591.385 -236.567 59.8145 -575.791 -228.848 80.0645 -557.104 -344.223 59.8145 -518.26 -332.973 80.0645 -501.448 -438.567 59.8145 -440.823 -424.286 80.0645 -426.51 -516.005 59.8145 -346.479 -499.192 80.0645 -335.229 -573.536 59.8145 -238.823 -554.848 80.0645 -231.104 -608.973 59.8145 -122.041 -589.13 80.0645 -118.073 -620.942 59.8145 -0.572683 -600.723 80.0645 -0.572683 -608.973 59.8145 120.896 -589.13 80.0645 116.927 -573.536 59.8145 237.677 -554.848 80.0645 229.959 -516.005 59.8145 345.334 -499.192 80.0645 334.084 -438.567 59.8145 439.677 -424.286 80.0645 425.396 -344.223 59.8145 517.115 -332.973 80.0645 500.302 -236.567 59.8145 574.646 -228.848 80.0645 555.959 -119.786 59.8145 610.084 -115.817 80.0645 590.24 123.152 59.8145 610.084 119.183 80.0645 590.24 239.933 59.8145 574.646 232.214 80.0645 555.959 347.589 59.8145 517.115 336.339 80.0645 500.302 441.933 59.8145 439.677 427.652 80.0645 425.396 519.37 59.8145 345.334 502.558 80.0645 334.084 576.902 59.8145 237.677 558.214 80.0645 229.959 612.339 59.8145 120.896 592.495 80.0645 116.927 604.089 -1.498 -0.572683 624.308 18.752 -0.572683 592.495 -1.498 -118.073 612.339 18.752 -122.041 558.214 -1.498 -231.104 576.933 18.752 -238.823 502.558 -1.498 -335.229 519.37 18.752 -346.479 427.652 -1.498 -426.51 441.933 18.752 -440.823 336.339 -1.498 -501.448 347.589 18.752 -518.26 232.214 -1.498 -557.104 239.933 18.752 -575.791 119.183 -1.498 -591.385 123.152 18.752 -611.229 -115.817 -1.498 -591.385 -119.786 18.752 -611.229 -228.848 -1.498 -557.104 -236.567 18.752 -575.791 -332.973 -1.498 -501.448 -344.223 18.752 -518.26 -424.286 -1.498 -426.51 -438.567 18.752 -440.823 -499.192 -1.498 -335.229 -516.005 18.752 -346.479 -554.848 -1.498 -231.104 -573.536 18.752 -238.823 -589.13 -1.498 -118.073 -608.973 18.752 -122.041 -600.723 -1.498 -0.572683 -620.942 18.752 -0.572683 -589.13 -1.498 116.927 -608.973 18.752 120.896 -554.848 -1.498 229.959 -573.536 18.752 237.677 -499.192 -1.498 334.084 -516.005 18.752 345.334 -424.286 -1.498 425.396 -438.567 18.752 439.677 -332.973 -1.498 500.302 -344.223 18.752 517.115 -228.848 -1.498 555.959 -236.567 18.752 574.646 -115.817 -1.498 590.24 -119.786 18.752 610.084 119.183 -1.498 590.24 123.152 18.752 610.084 232.214 -1.498 555.959 239.933 18.752 574.646 336.339 -1.498 500.302 347.589 18.752 517.115 427.652 -1.498 425.396 441.933 18.752 439.677 502.558 -1.498 334.084 519.37 18.752 345.334 558.214 -1.498 229.959 576.902 18.752 237.677 592.495 -1.498 116.927 612.339 18.752 120.896 56.4954 -1.498 -557.104 54.4954 18.752 -537.041 -53.1296 -1.498 -557.104 -51.1296 18.752 -537.041 54.4954 59.8145 -537.041 -51.1296 59.8145 -537.041 56.4954 80.0645 -557.104 -53.1296 80.0645 -557.104 60.4329 80.0645 -597.166 -57.0671 80.0645 -597.166 62.4016 59.8145 -617.229 -59.0359 59.8145 -617.229 62.4016 18.752 -617.229 -59.0359 18.752 -617.229 60.4329 -1.498 -597.166 -57.0671 -1.498 -597.166 563.589 -1.498 -0.572683 -53.1296 -1.498 555.959 543.37 18.752 -0.572683 -51.1296 18.752 535.896 552.808 -1.498 -110.198 56.4954 -1.498 555.959 532.964 18.752 -106.229 54.4954 18.752 535.896 520.839 -1.498 -215.604 -51.1296 59.8145 535.896 502.12 18.752 -207.854 54.4954 59.8145 535.896 468.902 -1.498 -312.76 -53.1296 80.0645 555.959 452.089 18.752 -301.51 56.4954 80.0645 555.959 399.027 -1.498 -397.916 -57.0671 80.0645 596.021 384.714 18.752 -383.604 60.4329 80.0645 596.021 313.87 -1.498 -467.791 -59.0359 59.8145 616.084 302.62 18.752 -450.979 62.4016 59.8145 616.084 216.714 -1.498 -519.729 -59.0359 18.752 616.084 208.964 18.752 -501.01 62.4016 18.752 616.084 111.308 -1.498 -551.698 -57.0671 -1.498 596.021 107.339 18.752 -531.854 60.4329 -1.498 596.021 -107.942 -1.498 -551.698 -103.973 18.752 -531.854 -213.348 -1.498 -519.729 -205.598 18.752 -501.01 -310.505 -1.498 -467.791 -299.255 18.752 -450.979 -395.661 -1.498 -397.916 -381.348 18.752 -383.604 -465.536 -1.498 -312.76 -448.723 18.752 -301.51 -517.473 -1.498 -215.604 -498.755 18.752 -207.854 -549.442 -1.498 -110.198 -529.598 18.752 -106.229 -560.223 -1.498 -0.572683 -540.005 18.752 -0.572683 -549.442 -1.498 109.052 -529.598 18.752 105.084 -517.473 -1.498 214.459 -498.755 18.752 206.709 -465.536 -1.498 311.615 -448.723 18.752 300.365 -395.661 -1.498 396.771 -381.348 18.752 382.459 -310.505 -1.498 466.646 -299.255 18.752 449.834 -213.348 -1.498 518.584 -205.598 18.752 499.865 -107.942 -1.498 550.552 -103.973 18.752 530.709 111.308 -1.498 550.552 107.339 18.752 530.709</float_array>
                    <technique_common>
                        <accessor count="272" source="#ID39" stride="3">
                            <param name="X" type="float"/>
                            <param name="Y" type="float"/>
                            <param name="Z" type="float"/>
                        </accessor>
                    </technique_common>
                </source>
                <source id="ID40">
                    <float_array id="ID41" count="816">-0.158617 -0.457952 0.874712 -0.194773 0.327834 0.92444 -0.325297 -0.382994 0.864579 -0.38127 0.382952 0.841416 -0.487676 -0.38285 0.784601 -0.538123 0.382777 0.750936 -0.631447 -0.382824 0.674329 -0.674329 0.382824 0.631447 -0.750936 -0.382777 0.538123 -0.784601 0.38285 0.487676 -0.841416 -0.382952 0.38127 -0.864579 0.382994 0.325297 -0.899622 -0.382908 0.209911 -0.911524 0.382748 0.150427 -0.923388 -0.382672 0.0302936 -0.923388 0.382672 -0.0302936 -0.911524 -0.382748 -0.150427 -0.899622 0.382908 -0.209911 -0.864579 -0.382994 -0.325297 -0.841416 0.382952 -0.38127 -0.784601 -0.38285 -0.487676 -0.750936 0.382777 -0.538123 -0.674329 -0.382824 -0.631447 -0.631447 0.382824 -0.674329 -0.538123 -0.382778 -0.750936 -0.487676 0.38285 -0.784601 -0.38127 -0.382952 -0.841416 -0.325297 0.382994 -0.864579 -0.209815 -0.38291 -0.899643 -0.150305 0.382908 -0.911477 -0.0903948 -0.381531 -0.919925 -0.0903011 0.381676 -0.919874 -0.0375787 0.923447 -0.381881 0.0375871 0.923404 0.381985 -0.0622872 0.923967 -0.377366 0.0869059 0.923972 0.372456 -0.134774 0.923883 -0.358156 0.157832 0.923994 0.348315 -0.202016 0.923881 -0.325014 0.222876 0.923918 0.310968 -0.261712 0.923802 -0.279456 0.279225 0.92394 0.261473 -0.31111 0.923848 -0.222969 0.324871 0.923947 0.201941 -0.348595 0.923866 -0.157966 0.357865 0.924012 0.134668 -0.3726 0.92391 -0.0869461 0.377514 0.923908 0.0622613 -0.382482 0.923878 -0.0125591 0.382489 0.923875 -0.0125541 -0.377511 0.923906 0.0623075 0.372462 0.923972 -0.0868703 -0.357964 0.923974 0.134663 0.348315 0.923994 -0.157832 -0.324894 0.923925 0.202008 0.310968 0.923918 -0.222876 -0.279344 0.92387 0.261593 0.261473 0.92394 -0.279225 -0.22293 0.923888 0.31102 0.201941 0.923947 -0.324871 -0.157966 0.923866 0.348595 0.134668 0.924012 -0.357865 -0.0743531 0.944915 0.31876 0.0744511 0.889209 -0.451402 -0.0744511 0.889209 0.451402 0.074353 0.944915 -0.31876 -0.134668 0.924012 0.357865 0.157966 0.923866 -0.348595 -0.201941 0.923947 0.324871 0.222969 0.923848 -0.31111 -0.261473 0.92394 0.279225 0.279456 0.923802 -0.261712 -0.310968 0.923918 0.222876 0.325014 0.92388 -0.202016 -0.348315 0.923994 0.157832 0.358156 0.923883 -0.134774 -0.372462 0.923972 0.0868703 0.377511 0.923906 -0.0623075 -0.382489 0.923875 0.0125541 0.382482 0.923878 0.0125591 -0.377514 0.923908 -0.0622613 0.3726 0.92391 0.0869461 -0.357865 0.924012 -0.134668 0.348595 0.923866 0.157966 -0.324871 0.923947 -0.201941 0.311036 0.923881 0.222937 -0.279225 0.92394 -0.261473 0.261602 0.92387 0.279336 -0.222876 0.923918 -0.310968 0.202038 0.923881 0.324999 -0.157832 0.923995 -0.348315 0.134774 0.923883 0.358156 -0.0869059 0.923972 -0.372456 0.0622872 0.923967 0.377366 -0.0375871 0.923404 -0.381985 0.0375787 0.923447 0.381881 -0.0908479 -0.381641 -0.919835 -0.0907846 0.38152 -0.919892 -0.150549 -0.382888 -0.911445 -0.209991 0.382756 -0.899668 -0.325373 -0.382685 -0.864688 -0.381365 0.382644 -0.841513 -0.487777 -0.382685 -0.784618 -0.538218 0.382609 -0.750954 -0.631545 -0.382484 -0.67443 -0.67443 0.382484 -0.631545 -0.750954 -0.382609 -0.538218 -0.784618 0.382685 -0.487777 -0.841513 -0.382644 -0.381365 -0.864688 0.382685 -0.325373 -0.899683 -0.382757 -0.209922 -0.911516 0.382748 -0.150473 -0.923386 -0.382671 -0.0303423 -0.923386 0.382671 0.0303423 -0.911529 -0.382746 0.150399 -0.899667 0.382867 0.209789 -0.864619 -0.382911 0.325288 -0.841411 0.38287 0.381364 -0.784521 -0.382787 0.487853 -0.750879 0.382683 0.53827 -0.674368 -0.382654 0.631509 -0.631514 0.382654 0.674363 -0.538213 -0.382701 0.750911 -0.487777 0.382685 0.784618 -0.381365 -0.382644 0.841513 -0.325373 0.382685 0.864688 -0.195014 -0.327701 0.924436 -0.158782 0.457929 0.874694 0.158782 0.457929 -0.874694 0.195014 -0.327701 -0.924436 0.325373 0.382685 -0.864688 0.381365 -0.382644 -0.841513 0.487777 0.382685 -0.784618 0.538218 -0.382609 -0.750954 0.631545 0.382484 -0.67443 0.67443 -0.382484 -0.631545 0.750954 0.382609 -0.538218 0.784618 -0.382685 -0.487777 0.841513 0.382644 -0.381365 0.864688 -0.382685 -0.325373 0.899683 0.382757 -0.209922 0.911516 -0.382748 -0.150473 0.923386 0.382671 -0.0303423 0.923386 -0.382671 0.0303423 0.911516 0.382748 0.150473 0.899683 -0.382757 0.209922 0.864688 0.382685 0.325373 0.841513 -0.382644 0.381365 0.784618 0.382685 0.487777 0.750919 -0.382685 0.538213 0.674368 0.382654 0.631509 0.631514 -0.382654 0.674363 0.538213 0.382701 0.750911 0.487777 -0.382685 0.784618 0.381365 0.382644 0.841513 0.325373 -0.382685 0.864688 0.209991 0.382756 0.899668 0.150548 -0.382888 0.911445 0.0907846 0.38152 0.919892 0.0908479 -0.381641 0.919835 0.0903011 0.381676 0.919874 0.0903948 -0.381531 0.919925 0.150305 0.382908 0.911477 0.209815 -0.38291 0.899643 0.325297 0.382994 0.864579 0.38127 -0.382952 0.841416 0.487676 0.38285 0.784601 0.538123 -0.382777 0.750936 0.631447 0.382824 0.674329 0.674329 -0.382824 0.631447 0.750936 0.382777 0.538123 0.784601 -0.38285 0.487676 0.841416 0.382952 0.38127 0.864579 -0.382994 0.325297 0.899622 0.382908 0.209911 0.911524 -0.382748 0.150427 0.923388 0.382672 0.0302936 0.923388 -0.382672 -0.0302936 0.911524 0.382748 -0.150427 0.899622 -0.382908 -0.209911 0.864579 0.382994 -0.325297 0.841416 -0.382952 -0.38127 0.784601 0.38285 -0.487676 0.750936 -0.382777 -0.538123 0.674329 0.382824 -0.631447 0.631447 -0.382824 -0.674329 0.538123 0.382777 -0.750936 0.487676 -0.38285 -0.784601 0.38127 0.382952 -0.841416 0.325297 -0.382994 -0.864579 0.194773 0.327834 -0.924439 0.158617 -0.457952 -0.874712 0.0497371 0.861972 -0.504511 -0.0248701 0.967368 0.252151 0.0695487 -0.705318 0.705471 0.160743 -0.706591 0.689124 -0.0695574 -0.705564 -0.705224 -0.115118 -0.706815 -0.697969 -0.084804 -0.503947 0.859562 -0.0951139 0.252052 0.963028 0.0844997 0.503961 -0.859583 0.0945423 -0.252074 -0.963079 -0.0497371 0.861972 0.504511 0.0248701 0.967368 -0.252151 0.0951139 0.252052 -0.963028 -0.160743 -0.706591 -0.689124 -0.292139 -0.706425 -0.644685 -0.412346 -0.70636 -0.57535 -0.516787 -0.706187 -0.483974 -0.601084 -0.70648 -0.37361 -0.662379 -0.70649 -0.249253 -0.698191 -0.706576 -0.115235 0.0694038 -0.70551 -0.705293 0.115205 -0.706801 -0.697969 0.084804 -0.503947 -0.859562 0.249253 -0.70649 -0.662379 0.37361 -0.70648 -0.601084 0.483974 -0.706187 -0.516787 0.57535 -0.706359 -0.412346 0.644685 -0.706425 -0.292139 0.689111 -0.70659 -0.160804 0.707365 -0.706467 -0.0232268 0.698191 -0.706576 0.115235 0.662379 -0.70649 0.249253 0.601062 -0.706481 0.373643 0.516615 -0.706441 0.483787 0.412293 -0.706505 0.575209 0.292139 -0.706425 0.644685 -0.0694038 -0.70551 0.705293 -0.115205 -0.706801 0.697969 -0.249253 -0.70649 0.662379 -0.373651 -0.706481 0.601057 -0.483803 -0.706441 0.5166 -0.575234 -0.706479 0.412302 -0.644353 -0.706761 0.29206 -0.688955 -0.706766 0.160696 -0.707365 -0.706467 0.0232268 0.115118 -0.706815 0.697969 0.249091 -0.706965 0.661932 0.373499 -0.706727 0.600862 0.483603 -0.706699 0.516434 0.575131 -0.70662 0.412205 0.644255 -0.706902 0.291932 0.688905 -0.706819 0.160675 -0.0945423 -0.252074 0.963079 -0.0694161 -0.705349 0.705453 -0.16074 -0.706818 0.688891 -0.291932 -0.706902 0.644255 -0.412205 -0.70662 0.575131 -0.516434 -0.706699 0.483603 -0.600862 -0.706727 0.373499 -0.661932 -0.706965 0.249091 -0.698199 -0.706582 0.11515 -0.707373 -0.706459 -0.0232175 -0.688905 -0.706819 -0.160675 -0.644255 -0.706902 -0.291932 -0.575131 -0.70662 -0.412205 -0.483603 -0.706699 -0.516434 -0.373499 -0.706727 -0.600862 -0.249091 -0.706965 -0.661932 0.0694161 -0.705349 -0.705453 0.16074 -0.706818 -0.688891 0.291932 -0.706902 -0.644255 0.412205 -0.70662 -0.575131 0.516434 -0.706699 -0.483603 0.600862 -0.706727 -0.373499 0.661932 -0.706965 -0.249091 0.698199 -0.706582 -0.11515 0.707373 -0.706459 0.0232175 -0.0844997 0.503961 0.859583 -0.0695487 -0.705318 -0.705471 0.0695574 -0.705564 0.705224</float_array>
                    <technique_common>
                        <accessor count="272" source="#ID41" stride="3">
                            <param name="X" type="float"/>
                            <param name="Y" type="float"/>
                            <param name="Z" type="float"/>
                        </accessor>
                    </technique_common>
                </source>
                <source id="ID42">
                    <float_array id="ID43" count="272">0.4375 0.752014 0.4375 0.248047 0.375 0.752014 0.375 0.248047 0.3125 0.752014 0.3125 0.248047 0.25 0.752014 0.25 0.248047 0.1875 0.752014 0.1875 0.248047 0.125 0.752014 0.125 0.248047 0.0625 0.752014 0.0625 0.248047 0 0.752014 0 0.248047 -0.062439 0.752014 -0.062439 0.248047 -0.124939 0.752014 -0.124939 0.248047 -0.187439 0.752014 -0.187439 0.248047 -0.249939 0.752014 -0.249939 0.248047 -0.312439 0.752014 -0.312439 0.248047 -0.374939 0.752014 -0.374939 0.248047 -0.437439 0.752014 -0.437439 0.248047 -0.468689 0.752014 -0.468689 0.248047 0.53125 0 0.5625 0 0.625 0 0.6875 0 0.75 0 0.8125 0 0.875 0 0.9375 0 1 0 1.0625 0 1.125 0 1.1875 0 1.25 0 1.3125 0 1.375 0 1.4375 0 0.4375 0 0.375 0 0.3125 0 0.25 0 0.1875 0 0.125 0 0.0625 0 0 0 -0.062439 0 -0.124939 0 -0.187439 0 -0.249939 0 -0.312439 0 -0.374939 0 -0.437439 0 -0.468689 0 0.53125 0.752014 0.53125 0.248047 0.5625 0.752014 0.5625 0.248047 0.625 0.752014 0.625 0.248047 0.6875 0.752014 0.6875 0.248047 0.75 0.752014 0.75 0.248047 0.8125 0.752014 0.8125 0.248047 0.875 0.752014 0.875 0.248047 0.9375 0.752014 0.9375 0.248047 1 0.752014 1 0.248047 1.0625 0.752014 1.0625 0.248047 1.125 0.752014 1.125 0.248047 1.1875 0.752014 1.1875 0.248047 1.25 0.752014 1.25 0.248047 1.3125 0.752014 1.3125 0.248047 1.375 0.752014 1.375 0.248047 1.4375 0.752014 1.4375 0.248047 0.46875 0 -0.468689 1 -0.437439 1 1.46875 0.752014 1.46875 0.248047 1.46875 0 0.46875 0.248047 0.5625 1 0.625 1 0.6875 1 0.75 1 0.8125 1 0.875 1 0.9375 1 0.46875 1 0.4375 1 0.46875 0.752014 0.375 1 0.3125 1 0.25 1 0.1875 1 0.125 1 0.0625 1 0 1 -0.062439 1 -0.124939 1 -0.187439 1 -0.249939 1 -0.312439 1 -0.374939 1 1.46875 1 1.4375 1 1.375 1 1.3125 1 1.25 1 1.1875 1 1.125 1 1.0625 1 1 1 0.53125 1</float_array>
                    <technique_common>
                        <accessor count="136" source="#ID43" stride="2">
                            <param name="S" type="float"/>
                            <param name="T" type="float"/>
                        </accessor>
                    </technique_common>
                </source>
                <vertices id="ID44">
                    <input semantic="POSITION" source="#ID38"/>
                </vertices>
                <triangles count="448" material="Material1">
                    <input offset="0" semantic="VERTEX" source="#ID44"/>
                    <input offset="1" semantic="NORMAL" source="#ID40"/>
                    <input offset="2" semantic="TEXCOORD" source="#ID42" set="0"/>
                    <p>55 2 2 269 1 1 57 0 0 269 1 1 55 2 2 267 3 3 53 4 4 267 3 3 55 2 2 267 3 3 53 4 4 265 5 5 51 6 6 265 5 5 53 4 4 265 5 5 51 6 6 263 7 7 49 8 8 263 7 7 51 6 6 263 7 7 49 8 8 261 9 9 47 10 10 261 9 9 49 8 8 261 9 9 47 10 10 259 11 11 45 12 12 259 11 11 47 10 10 259 11 11 45 12 12 257 13 13 43 14 14 257 13 13 45 12 12 257 13 13 43 14 14 255 15 15 41 16 16 255 15 15 43 14 14 255 15 15 41 16 16 253 17 17 39 18 18 253 17 17 41 16 16 253 17 17 39 18 18 251 19 19 37 20 20 251 19 19 39 18 18 251 19 19 37 20 20 249 21 21 35 22 22 249 21 21 37 20 20 249 21 21 35 22 22 247 23 23 33 24 24 247 23 23 35 22 22 247 23 23 33 24 24 245 25 25 31 26 26 245 25 25 33 24 24 245 25 25 31 26 26 243 27 27 29 28 28 243 27 27 31 26 26 243 27 27 29 28 28 241 29 29 197 30 30 241 29 29 29 28 28 241 29 29 197 30 30 195 31 31 178 34 33 213 33 32 239 32 32 213 33 32 178 34 33 270 35 33 180 36 34 270 35 33 178 34 33 270 35 33 180 36 34 0 37 34 182 38 35 0 37 34 180 36 34 0 37 34 182 38 35 2 39 35 184 40 36 2 39 35 182 38 35 2 39 35 184 40 36 4 41 36 186 42 37 4 41 36 184 40 36 4 41 36 186 42 37 6 43 37 188 44 38 6 43 37 186 42 37 6 43 37 188 44 38 8 45 38 190 46 39 8 45 38 188 44 38 8 45 38 190 46 39 10 47 39 132 48 40 10 47 39 190 46 39 10 47 39 132 48 40 208 49 40 134 50 41 208 49 40 132 48 40 208 49 40 134 50 41 212 51 41 136 52 42 212 51 41 134 50 41 212 51 41 136 52 42 216 53 42 138 54 43 216 53 42 136 52 42 216 53 42 138 54 43 220 55 43 140 56 44 220 55 43 138 54 43 220 55 43 140 56 44 224 57 44 142 58 45 224 57 44 140 56 44 224 57 44 142 58 45 228 59 45 144 60 46 228 59 45 142 58 45 228 59 45 144 60 46 232 61 46 146 62 47 232 61 46 144 60 46 232 61 46 146 62 47 236 63 47 266 66 49 176 65 48 268 64 48 176 65 48 266 66 49 174 67 49 264 68 50 174 67 49 266 66 49 174 67 49 264 68 50 172 69 50 262 70 51 172 69 50 264 68 50 172 69 50 262 70 51 170 71 51 260 72 52 170 71 51 262 70 51 170 71 51 260 72 52 168 73 52 258 74 53 168 73 52 260 72 52 168 73 52 258 74 53 166 75 53 256 76 54 166 75 53 258 74 53 166 75 53 256 76 54 164 77 54 254 78 55 164 77 54 256 76 54 164 77 54 254 78 55 162 79 55 252 80 56 162 79 55 254 78 55 162 79 55 252 80 56 160 81 56 250 82 57 160 81 56 252 80 56 160 81 56 250 82 57 158 83 57 248 84 58 158 83 57 250 82 57 158 83 57 248 84 58 156 85 58 246 86 59 156 85 58 248 84 58 156 85 58 246 86 59 154 87 59 244 88 60 154 87 59 246 86 59 154 87 59 244 88 60 152 89 60 242 90 61 152 89 60 244 88 60 152 89 60 242 90 61 150 91 61 240 92 62 150 91 61 242 90 61 150 91 61 240 92 62 148 93 62 194 94 63 148 93 62 240 92 62 148 93 62 194 94 63 207 95 63 118 98 66 235 97 65 231 96 64 235 97 65 118 98 66 179 99 67 120 100 68 179 99 67 118 98 66 179 99 67 120 100 68 181 101 69 122 102 70 181 101 69 120 100 68 181 101 69 122 102 70 183 103 71 124 104 72 183 103 71 122 102 70 183 103 71 124 104 72 185 105 73 126 106 74 185 105 73 124 104 72 185 105 73 126 106 74 187 107 75 128 108 76 187 107 75 126 106 74 187 107 75 128 108 76 189 109 77 130 110 78 189 109 77 128 108 76 189 109 77 130 110 78 191 111 79 72 112 80 191 111 79 130 110 78 191 111 79 72 112 80 133 113 81 74 114 82 133 113 81 72 112 80 133 113 81 74 114 82 135 115 83 76 116 84 135 115 83 74 114 82 135 115 83 76 116 84 137 117 85 78 118 86 137 117 85 76 116 84 137 117 85 78 118 86 139 119 87 80 120 88 139 119 87 78 118 86 139 119 87 80 120 88 141 121 89 82 122 90 141 121 89 80 120 88 141 121 89 82 122 90 143 123 91 84 124 92 143 123 91 82 122 90 143 123 91 84 124 92 145 125 93 86 126 94 145 125 93 84 124 92 145 125 93 86 126 94 147 127 95 175 130 3 116 129 0 177 128 1 116 129 0 175 130 3 114 131 2 173 132 5 114 131 2 175 130 3 114 131 2 173 132 5 112 133 4 171 134 7 112 133 4 173 132 5 112 133 4 171 134 7 110 135 6 169 136 9 110 135 6 171 134 7 110 135 6 169 136 9 108 137 8 167 138 11 108 137 8 169 136 9 108 137 8 167 138 11 106 139 10 165 140 13 106 139 10 167 138 11 106 139 10 165 140 13 104 141 12 163 142 15 104 141 12 165 140 13 104 141 12 163 142 15 102 143 14 161 144 17 102 143 14 163 142 15 102 143 14 161 144 17 100 145 16 159 146 19 100 145 16 161 144 17 100 145 16 159 146 19 98 147 18 157 148 21 98 147 18 159 146 19 98 147 18 157 148 21 96 149 20 155 150 23 96 149 20 157 148 21 96 149 20 155 150 23 94 151 22 153 152 25 94 151 22 155 150 23 94 151 22 153 152 25 92 153 24 151 154 27 92 153 24 153 152 25 92 153 24 151 154 27 90 155 26 149 156 29 90 155 26 151 154 27 90 155 26 149 156 29 88 157 28 205 158 31 88 157 28 149 156 29 88 157 28 205 158 31 203 159 30 271 162 67 219 161 64 215 160 65 219 161 64 271 162 67 59 163 66 1 164 69 59 163 66 271 162 67 59 163 66 1 164 69 61 165 68 3 166 71 61 165 68 1 164 69 61 165 68 3 166 71 63 167 70 5 168 73 63 167 70 3 166 71 63 167 70 5 168 73 65 169 72 7 170 75 65 169 72 5 168 73 65 169 72 7 170 75 67 171 74 9 172 77 67 171 74 7 170 75 67 171 74 9 172 77 69 173 76 11 174 79 69 173 76 9 172 77 69 173 76 11 174 79 71 175 78 210 176 81 71 175 78 11 174 79 71 175 78 210 176 81 13 177 80 214 178 83 13 177 80 210 176 81 13 177 80 214 178 83 15 179 82 218 180 85 15 179 82 214 178 83 15 179 82 218 180 85 17 181 84 222 182 87 17 181 84 218 180 85 17 181 84 222 182 87 19 183 86 226 184 89 19 183 86 222 182 87 19 183 86 226 184 89 21 185 88 230 186 91 21 185 88 226 184 89 21 185 88 230 186 91 23 187 90 234 188 93 23 187 90 230 186 91 23 187 90 234 188 93 25 189 92 238 190 95 25 189 92 234 188 93 25 189 92 238 190 95 27 191 94 209 193 96 176 65 48 237 192 96 176 65 48 209 193 96 268 64 48 205 158 31 148 93 62 207 95 63 148 93 62 205 158 31 149 156 29 201 194 97 88 157 28 203 159 30 88 157 28 201 194 97 89 195 98 197 30 30 28 197 98 199 196 97 28 197 98 197 30 30 29 28 28 194 94 63 241 29 29 195 31 31 241 29 29 194 94 63 240 92 62 204 199 100 86 126 94 202 198 99 86 126 94 204 199 100 147 127 95 196 201 99 238 190 95 193 200 100 238 190 95 196 201 99 27 191 94 192 203 101 146 62 47 206 202 101 146 62 47 192 203 101 236 63 47 179 99 67 180 36 34 178 34 33 180 36 34 179 99 67 181 101 69 181 101 69 182 38 35 180 36 34 182 38 35 181 101 69 183 103 71 183 103 71 184 40 36 182 38 35 184 40 36 183 103 71 185 105 73 185 105 73 186 42 37 184 40 36 186 42 37 185 105 73 187 107 75 187 107 75 188 44 38 186 42 37 188 44 38 187 107 75 189 109 77 189 109 77 190 46 39 188 44 38 190 46 39 189 109 77 191 111 79 237 192 96 177 128 1 233 204 102 177 128 1 237 192 96 176 65 48 176 65 48 175 130 3 177 128 1 175 130 3 176 65 48 174 67 49 174 67 49 173 132 5 175 130 3 173 132 5 174 67 49 172 69 50 172 69 50 171 134 7 173 132 5 171 134 7 172 69 50 170 71 51 170 71 51 169 136 9 171 134 7 169 136 9 170 71 51 168 73 52 168 73 52 167 138 11 169 136 9 167 138 11 168 73 52 166 75 53 166 75 53 165 140 13 167 138 11 165 140 13 166 75 53 164 77 54 164 77 54 163 142 15 165 140 13 163 142 15 164 77 54 162 79 55 162 79 55 161 144 17 163 142 15 161 144 17 162 79 55 160 81 56 160 81 56 159 146 19 161 144 17 159 146 19 160 81 56 158 83 57 158 83 57 157 148 21 159 146 19 157 148 21 158 83 57 156 85 58 156 85 58 155 150 23 157 148 21 155 150 23 156 85 58 154 87 59 154 87 59 153 152 25 155 150 23 153 152 25 154 87 59 152 89 60 152 89 60 151 154 27 153 152 25 151 154 27 152 89 60 150 91 61 150 91 61 149 156 29 151 154 27 149 156 29 150 91 61 148 93 62 206 202 101 147 127 95 204 199 100 147 127 95 206 202 101 146 62 47 146 62 47 145 125 93 147 127 95 145 125 93 146 62 47 144 60 46 144 60 46 143 123 91 145 125 93 143 123 91 144 60 46 142 58 45 142 58 45 141 121 89 143 123 91 141 121 89 142 58 45 140 56 44 140 56 44 139 119 87 141 121 89 139 119 87 140 56 44 138 54 43 138 54 43 137 117 85 139 119 87 137 117 85 138 54 43 136 52 42 136 52 42 135 115 83 137 117 85 135 115 83 136 52 42 134 50 41 191 111 79 132 48 40 190 46 39 132 48 40 191 111 79 133 113 81 134 50 41 133 113 81 135 115 83 133 113 81 134 50 41 132 48 40 119 205 103 120 100 68 118 98 66 120 100 68 119 205 103 121 206 104 121 206 104 122 102 70 120 100 68 122 102 70 121 206 104 123 207 105 123 207 105 124 104 72 122 102 70 124 104 72 123 207 105 125 208 106 125 208 106 126 106 74 124 104 72 126 106 74 125 208 106 127 209 107 127 209 107 128 108 76 126 106 74 128 108 76 127 209 107 129 210 108 129 210 108 130 110 78 128 108 76 130 110 78 129 210 108 131 211 109 229 214 112 117 213 111 225 212 110 117 213 111 229 214 112 116 129 0 116 129 0 115 215 113 117 213 111 115 215 113 116 129 0 114 131 2 114 131 2 113 216 114 115 215 113 113 216 114 114 131 2 112 133 4 112 133 4 111 217 115 113 216 114 111 217 115 112 133 4 110 135 6 110 135 6 109 218 116 111 217 115 109 218 116 110 135 6 108 137 8 108 137 8 107 219 117 109 218 116 107 219 117 108 137 8 106 139 10 106 139 10 105 220 118 107 219 117 105 220 118 106 139 10 104 141 12 104 141 12 103 221 119 105 220 118 103 221 119 104 141 12 102 143 14 102 143 14 101 222 120 103 221 119 101 222 120 102 143 14 100 145 16 100 145 16 99 223 121 101 222 120 99 223 121 100 145 16 98 147 18 98 147 18 97 224 122 99 223 121 97 224 122 98 147 18 96 149 20 96 149 20 95 225 123 97 224 122 95 225 123 96 149 20 94 151 22 94 151 22 93 226 124 95 225 123 93 226 124 94 151 22 92 153 24 92 153 24 91 227 125 93 226 124 91 227 125 92 153 24 90 155 26 90 155 26 89 195 98 91 227 125 89 195 98 90 155 26 88 157 28 202 198 99 87 229 127 200 228 126 87 229 127 202 198 99 86 126 94 86 126 94 85 230 128 87 229 127 85 230 128 86 126 94 84 124 92 84 124 92 83 231 129 85 230 128 83 231 129 84 124 92 82 122 90 82 122 90 81 232 130 83 231 129 81 232 130 82 122 90 80 120 88 80 120 88 79 233 131 81 232 130 79 233 131 80 120 88 78 118 86 78 118 86 77 234 132 79 233 131 77 234 132 78 118 86 76 116 84 76 116 84 75 235 133 77 234 132 75 235 133 76 116 84 74 114 82 131 211 109 72 112 80 130 110 78 72 112 80 131 211 109 73 236 134 74 114 82 73 236 134 75 235 133 73 236 134 74 114 82 72 112 80 59 163 66 60 238 104 58 237 103 60 238 104 59 163 66 61 165 68 61 165 68 62 239 105 60 238 104 62 239 105 61 165 68 63 167 70 63 167 70 64 240 106 62 239 105 64 240 106 63 167 70 65 169 72 65 169 72 66 241 107 64 240 106 66 241 107 65 169 72 67 171 74 67 171 74 68 242 108 66 241 107 68 242 108 67 171 74 69 173 76 69 173 76 70 243 109 68 242 108 70 243 109 69 173 76 71 175 78 221 245 110 57 0 0 217 244 112 57 0 0 221 245 110 56 246 111 56 246 111 55 2 2 57 0 0 55 2 2 56 246 111 54 247 113 54 247 113 53 4 4 55 2 2 53 4 4 54 247 113 52 248 114 52 248 114 51 6 6 53 4 4 51 6 6 52 248 114 50 249 115 50 249 115 49 8 8 51 6 6 49 8 8 50 249 115 48 250 116 48 250 116 47 10 10 49 8 8 47 10 10 48 250 116 46 251 117 46 251 117 45 12 12 47 10 10 45 12 12 46 251 117 44 252 118 44 252 118 43 14 14 45 12 12 43 14 14 44 252 118 42 253 119 42 253 119 41 16 16 43 14 14 41 16 16 42 253 119 40 254 120 40 254 120 39 18 18 41 16 16 39 18 18 40 254 120 38 255 121 38 255 121 37 20 20 39 18 18 37 20 20 38 255 121 36 256 122 36 256 122 35 22 22 37 20 20 35 22 22 36 256 122 34 257 123 34 257 123 33 24 24 35 22 22 33 24 24 34 257 123 32 258 124 32 258 124 31 26 26 33 24 24 31 26 26 32 258 124 30 259 125 30 259 125 29 28 28 31 26 26 29 28 28 30 259 125 28 197 98 198 260 126 27 191 94 196 201 99 27 191 94 198 260 126 26 261 127 26 261 127 25 189 92 27 191 94 25 189 92 26 261 127 24 262 128 24 262 128 23 187 90 25 189 92 23 187 90 24 262 128 22 263 129 22 263 129 21 185 88 23 187 90 21 185 88 22 263 129 20 264 130 20 264 130 19 183 86 21 185 88 19 183 86 20 264 130 18 265 131 18 265 131 17 181 84 19 183 86 17 181 84 18 265 131 16 266 132 16 266 132 15 179 82 17 181 84 15 179 82 16 266 132 14 267 133 71 175 78 12 268 134 70 243 109 12 268 134 71 175 78 13 177 80 14 267 133 13 177 80 15 179 82 13 177 80 14 267 133 12 268 134 270 35 33 1 164 69 271 162 67 1 164 69 270 35 33 0 37 34 235 97 65 178 34 33 239 32 32 178 34 33 235 97 65 179 99 67 2 39 35 5 168 73 3 166 71 5 168 73 2 39 35 4 41 36 4 41 36 7 170 75 5 168 73 7 170 75 4 41 36 6 43 37 6 43 37 9 172 77 7 170 75 9 172 77 6 43 37 8 45 38 8 45 38 11 174 79 9 172 77 11 174 79 8 45 38 10 47 39 211 269 102 268 64 48 209 193 96 268 64 48 211 269 102 269 1 1 269 1 1 266 66 49 268 64 48 266 66 49 269 1 1 267 3 3 267 3 3 264 68 50 266 66 49 264 68 50 267 3 3 265 5 5 265 5 5 262 70 51 264 68 50 262 70 51 265 5 5 263 7 7 263 7 7 260 72 52 262 70 51 260 72 52 263 7 7 261 9 9 261 9 9 258 74 53 260 72 52 258 74 53 261 9 9 259 11 11 259 11 11 256 76 54 258 74 53 256 76 54 259 11 11 257 13 13 257 13 13 254 78 55 256 76 54 254 78 55 257 13 13 255 15 15 255 15 15 252 80 56 254 78 55 252 80 56 255 15 15 253 17 17 253 17 17 250 82 57 252 80 56 250 82 57 253 17 17 251 19 19 251 19 19 248 84 58 250 82 57 248 84 58 251 19 19 249 21 21 249 21 21 246 86 59 248 84 58 246 86 59 249 21 21 247 23 23 0 37 34 3 166 71 1 164 69 3 166 71 0 37 34 2 39 35 245 25 25 242 90 61 244 88 60 242 90 61 245 25 25 243 27 27 243 27 27 240 92 62 242 90 61 240 92 62 243 27 27 241 29 29 193 200 100 236 63 47 192 203 101 236 63 47 193 200 100 238 190 95 238 190 95 232 61 46 236 63 47 232 61 46 238 190 95 234 188 93 234 188 93 228 59 45 232 61 46 228 59 45 234 188 93 230 186 91 230 186 91 224 57 44 228 59 45 224 57 44 230 186 91 226 184 89 226 184 89 220 55 43 224 57 44 220 55 43 226 184 89 222 182 87 222 182 87 216 53 42 220 55 43 216 53 42 222 182 87 218 180 85 218 180 85 212 51 41 216 53 42 212 51 41 218 180 85 214 178 83 214 178 83 208 49 40 212 51 41 208 49 40 214 178 83 210 176 81 10 47 39 210 176 81 11 174 79 210 176 81 10 47 39 208 49 40 227 270 135 118 98 66 231 96 64 118 98 66 227 270 135 119 205 103 219 161 64 58 237 103 223 271 135 58 237 103 219 161 64 59 163 66 213 33 32 271 162 67 215 160 65 271 162 67 213 33 32 270 35 33 233 204 102 116 129 0 229 214 112 116 129 0 233 204 102 177 128 1 217 244 112 269 1 1 211 269 102 269 1 1 217 244 112 57 0 0 247 23 23 244 88 60 246 86 59 244 88 60 247 23 23 245 25 25</p>
                </triangles>
            </mesh>
        </geometry>
        <geometry id="ID46">
            <mesh>
                <source id="ID47">
                    <float_array id="ID48" count="1728">308.344 80.2263 349.188 274.094 80.2263 310.406 249.906 80.2263 393.125 222.125 80.2263 349.469 185.313 80.2263 427.406 164.719 80.2263 379.906 116.156 80.2263 451.125 103.25 80.2263 401 44.1875 80.2263 463.75 39.25 80.2263 412.219 308.375 66.1013 254.688 308.375 66.1013 254.688 344.406 66.1013 203.344 344.406 66.1013 203.344 344.406 14.3825 203.344 344.406 14.3825 203.344 308.375 14.3825 254.688 308.375 14.3825 254.688 264.719 66.1013 299.813 264.719 66.1013 299.813 264.719 14.3825 299.813 264.719 14.3825 299.813 214.563 66.1013 337.531 214.563 66.1013 337.531 214.563 66.1013 337.531 214.563 14.3825 337.531 214.563 14.3825 337.531 214.563 14.3825 337.531 159.094 66.1013 366.969 159.094 66.1013 366.969 159.094 14.3825 366.969 159.094 14.3825 366.969 99.7188 66.1013 387.344 99.7188 66.1013 387.344 99.7188 14.3825 387.344 99.7188 14.3825 387.344 37.9375 66.1013 398.156 37.9375 66.1013 398.156 37.9375 14.3825 398.156 37.9375 14.3825 398.156 -15.6563 66.1013 478.813 -15.6563 66.1013 478.813 -15.6563 14.3825 478.813 -15.6563 14.3825 478.813 -28.9063 66.1013 464.938 -28.9063 66.1013 464.938 -28.9063 66.1013 464.938 -25.6875 66.1013 413.313 -25.6875 66.1013 413.313 -25.6875 14.3825 413.313 -25.6875 14.3825 413.313 -28.9063 14.3825 464.938 -28.9063 14.3825 464.938 -28.9063 14.3825 464.938 -14.7188 0.226288 464.656 -14.7188 0.226288 464.656 -11.5313 0.226288 413.125 -11.5313 0.226288 413.125 -11.5313 80.2263 413.125 -11.5313 80.2263 413.125 -14.7188 80.2263 464.656 -14.7188 80.2263 464.656 -10.6875 14.3825 398.969 -10.6875 14.3825 398.969 -10.6875 14.3825 398.969 -10.6875 66.1013 398.969 -10.6875 66.1013 398.969 -10.6875 66.1013 398.969 440.188 14.3825 189.031 440.188 14.3825 189.031 440.188 66.1013 189.031 440.188 66.1013 189.031 433.25 14.3825 171.125 433.25 14.3825 171.125 433.25 14.3825 171.125 385.156 14.3825 152.125 385.156 14.3825 152.125 385.156 66.1013 152.125 385.156 66.1013 152.125 433.25 66.1013 171.125 433.25 66.1013 171.125 433.25 66.1013 171.125 427 80.2263 183.844 427 80.2263 183.844 378.969 80.2263 164.875 378.969 80.2263 164.875 378.969 0.226288 164.875 378.969 0.226288 164.875 427 0.226288 183.844 427 0.226288 183.844 365.813 66.1013 159.625 365.813 66.1013 159.625 365.813 66.1013 159.625 365.813 14.3825 159.625 365.813 14.3825 159.625 365.813 14.3825 159.625 263.688 0.226288 -319.281 210.5 0.226288 -356.563 236.813 0.226288 -401.156 296.656 0.226288 -359.156 310.406 0.226288 -274.094 349.188 0.226288 -308.344 349.469 0.226288 -222.125 393.125 0.226288 -249.906 379.906 0.226288 -164.719 427.406 0.257538 -185.313 401 0.226288 -103.25 451.125 0.226288 -116.156 412.219 0.226288 -39.25 463.75 0.226288 -44.1875 305.656 14.3825 -370.063 305.656 14.3825 -370.063 244 14.3825 -413.313 244 14.3825 -413.313 -319.281 0.226288 -263.688 244 66.1013 -413.313 244 66.1013 -413.313 -356.563 0.226288 -210.5 305.656 66.1013 -370.063 305.656 66.1013 -370.063 -401.156 0.226288 -236.813 359.781 14.3825 -317.688 359.781 14.3825 -317.688 -359.156 0.226288 -296.656 359.781 66.1013 -317.688 359.781 66.1013 -317.688 -274.094 0.226288 -310.406 405.063 14.3825 -257.469 405.063 14.3825 -257.469 405.063 14.3825 -257.469 -308.344 0.226288 -349.188 405.063 66.1013 -257.469 405.063 66.1013 -257.469 405.063 66.1013 -257.469 -222.125 0.226288 -349.469 440.344 14.3825 -190.938 440.344 14.3825 -190.938 -249.906 0.226288 -393.125 440.344 66.1013 -190.938 440.344 66.1013 -190.938 -164.719 0.226288 -379.906 464.813 14.3825 -119.688 464.813 14.3825 -119.688 -185.313 0.226288 -427.406 464.813 66.1013 -119.688 464.813 66.1013 -119.688 -103.25 0.226288 -401 477.813 14.3825 -45.5 477.813 14.3825 -45.5 -116.156 0.226288 -451.125 477.813 66.1013 -45.5 477.813 66.1013 -45.5 -39.25 0.226288 -412.219 296.656 80.2263 -359.156 -44.1875 0.226288 -463.75 236.813 80.2263 -401.156 -370.063 14.3825 -305.656 -370.063 14.3825 -305.656 210.5 80.2263 -356.563 -413.313 14.3825 -244 -413.313 14.3825 -244 263.688 80.2263 -319.281 -413.313 66.1013 -244 -413.313 66.1013 -244 349.188 80.2263 -308.344 -370.063 66.1013 -305.656 -370.063 66.1013 -305.656 310.406 80.2263 -274.094 -317.688 14.3825 -359.781 -317.688 14.3825 -359.781 393.125 80.2263 -249.906 -317.688 66.1013 -359.781 -317.688 66.1013 -359.781 349.469 80.2263 -222.125 -257.469 14.3825 -405.063 -257.469 14.3825 -405.063 -257.469 14.3825 -405.063 427.406 80.2263 -185.313 -257.469 66.1013 -405.063 -257.469 66.1013 -405.063 -257.469 66.1013 -405.063 379.906 80.2263 -164.719 -190.938 14.3825 -440.344 -190.938 14.3825 -440.344 451.125 80.2263 -116.156 -190.938 66.1013 -440.344 -190.938 66.1013 -440.344 401 80.2263 -103.25 -119.688 14.3825 -464.813 -119.688 14.3825 -464.813 463.75 80.2263 -44.1875 -119.688 66.1013 -464.813 -119.688 66.1013 -464.813 412.219 80.2263 -39.25 -45.5 14.3825 -477.813 -45.5 14.3825 -477.813 254.688 66.1013 -308.375 254.688 66.1013 -308.375 -45.5 66.1013 -477.813 -45.5 66.1013 -477.813 203.344 66.1013 -344.406 203.344 66.1013 -344.406 -359.156 80.2263 -296.656 203.344 14.3825 -344.406 203.344 14.3825 -344.406 -401.156 80.2263 -236.813 254.688 14.3825 -308.375 254.688 14.3825 -308.375 -356.563 80.2263 -210.5 299.813 66.1013 -264.719 299.813 66.1013 -264.719 -319.281 80.2263 -263.688 299.813 14.3825 -264.719 299.813 14.3825 -264.719 -308.344 80.2263 -349.188 337.531 66.1013 -214.563 337.531 66.1013 -214.563 337.531 66.1013 -214.563 -274.094 80.2263 -310.406 337.531 14.3825 -214.563 337.531 14.3825 -214.563 337.531 14.3825 -214.563 -249.906 80.2263 -393.125 366.969 66.1013 -159.094 366.969 66.1013 -159.094 -222.125 80.2263 -349.469 366.969 14.3825 -159.094 366.969 14.3825 -159.094 -185.313 80.2263 -427.406 387.344 66.1013 -99.7188 387.344 66.1013 -99.7188 -164.719 80.2263 -379.906 387.344 14.3825 -99.7188 387.344 14.3825 -99.7188 -116.156 80.2263 -451.125 398.156 66.1013 -37.9375 398.156 66.1013 -37.9375 -103.25 80.2263 -401 398.156 14.3825 -37.9375 398.156 14.3825 -37.9375 -44.1875 80.2263 -463.75 478.813 66.1013 15.6563 478.813 66.1013 15.6563 -39.25 80.2263 -412.219 478.813 14.3825 15.6563 478.813 14.3825 15.6563 -308.375 66.1013 -254.688 -308.375 66.1013 -254.688 464.938 66.1013 28.9063 464.938 66.1013 28.9063 464.938 66.1013 28.9063 -344.406 66.1013 -203.344 -344.406 66.1013 -203.344 413.313 66.1013 25.6875 413.313 66.1013 25.6875 -344.406 14.3825 -203.344 -344.406 14.3825 -203.344 413.313 14.3825 25.6875 413.313 14.3825 25.6875 -308.375 14.3825 -254.688 -308.375 14.3825 -254.688 464.938 14.3825 28.9063 464.938 14.3825 28.9063 464.938 14.3825 28.9063 -264.719 66.1013 -299.813 -264.719 66.1013 -299.813 464.656 0.226288 14.7188 464.656 0.226288 14.7188 -264.719 14.3825 -299.813 -264.719 14.3825 -299.813 413.125 0.226288 11.5313 413.125 0.226288 11.5313 -214.563 66.1013 -337.531 -214.563 66.1013 -337.531 -214.563 66.1013 -337.531 413.125 80.2263 11.5313 413.125 80.2263 11.5313 -214.563 14.3825 -337.531 -214.563 14.3825 -337.531 -214.563 14.3825 -337.531 464.656 80.2263 14.7188 464.656 80.2263 14.7188 -159.094 66.1013 -366.969 -159.094 66.1013 -366.969 398.969 14.3825 10.6875 398.969 14.3825 10.6875 398.969 14.3825 10.6875 -159.094 14.3825 -366.969 -159.094 14.3825 -366.969 398.969 66.1013 10.6875 398.969 66.1013 10.6875 398.969 66.1013 10.6875 -99.7188 66.1013 -387.344 -99.7188 66.1013 -387.344 189.031 14.3825 -440.188 189.031 14.3825 -440.188 -99.7188 14.3825 -387.344 -99.7188 14.3825 -387.344 189.031 66.1013 -440.188 189.031 66.1013 -440.188 -37.9375 66.1013 -398.156 -37.9375 66.1013 -398.156 171.125 14.3825 -433.25 171.125 14.3825 -433.25 171.125 14.3825 -433.25 -37.9375 14.3825 -398.156 -37.9375 14.3825 -398.156 152.125 14.3825 -385.156 152.125 14.3825 -385.156 15.6563 66.1013 -478.813 15.6563 66.1013 -478.813 152.125 66.1013 -385.156 152.125 66.1013 -385.156 15.6563 14.3825 -478.813 15.6563 14.3825 -478.813 171.125 66.1013 -433.25 171.125 66.1013 -433.25 171.125 66.1013 -433.25 28.9063 66.1013 -464.938 28.9063 66.1013 -464.938 28.9063 66.1013 -464.938 183.844 80.2263 -427 183.844 80.2263 -427 25.6875 66.1013 -413.313 25.6875 66.1013 -413.313 164.875 80.2263 -378.969 164.875 80.2263 -378.969 25.6875 14.3825 -413.313 25.6875 14.3825 -413.313 164.875 0.226288 -378.969 164.875 0.226288 -378.969 28.9063 14.3825 -464.938 28.9063 14.3825 -464.938 28.9063 14.3825 -464.938 183.844 0.226288 -427 183.844 0.226288 -427 14.7188 0.226288 -464.656 14.7188 0.226288 -464.656 159.625 66.1013 -365.813 159.625 66.1013 -365.813 159.625 66.1013 -365.813 11.5313 0.226288 -413.125 11.5313 0.226288 -413.125 159.625 14.3825 -365.813 159.625 14.3825 -365.813 159.625 14.3825 -365.813 11.5313 80.2263 -413.125 11.5313 80.2263 -413.125 14.7188 80.2263 -464.656 14.7188 80.2263 -464.656 10.6875 14.3825 -398.969 10.6875 14.3825 -398.969 10.6875 14.3825 -398.969 10.6875 66.1013 -398.969 10.6875 66.1013 -398.969 10.6875 66.1013 -398.969 -440.188 14.3825 -189.031 -440.188 14.3825 -189.031 -440.188 66.1013 -189.031 -440.188 66.1013 -189.031 -433.25 14.3825 -171.125 -433.25 14.3825 -171.125 -433.25 14.3825 -171.125 -385.156 14.3825 -152.125 -385.156 14.3825 -152.125 -385.156 66.1013 -152.125 -385.156 66.1013 -152.125 -433.25 66.1013 -171.125 -433.25 66.1013 -171.125 -433.25 66.1013 -171.125 -427 80.2263 -183.844 -427 80.2263 -183.844 -378.969 80.2263 -164.875 -378.969 80.2263 -164.875 -378.969 0.226288 -164.875 -378.969 0.226288 -164.875 -427 0.226288 -183.844 -427 0.226288 -183.844 -365.813 66.1013 -159.625 -365.813 66.1013 -159.625 -365.813 66.1013 -159.625 -365.813 14.3825 -159.625 -365.813 14.3825 -159.625 -365.813 14.3825 -159.625 -263.688 0.226288 319.281 -210.5 0.226288 356.563 -236.813 0.226288 401.156 -296.656 0.226288 359.156 -310.406 0.226288 274.094 -349.188 0.226288 308.344 -349.469 0.226288 222.125 -393.125 0.226288 249.906 -379.906 0.226288 164.719 -427.406 0.257538 185.313 -401 0.226288 103.25 -451.125 0.226288 116.156 -412.219 0.226288 39.25 -463.75 0.226288 44.1875 -305.656 14.3825 370.063 -305.656 14.3825 370.063 -244 14.3825 413.313 -244 14.3825 413.313 -244 66.1013 413.313 -244 66.1013 413.313 -305.656 66.1013 370.063 -305.656 66.1013 370.063 -359.781 14.3825 317.688 -359.781 14.3825 317.688 -359.781 66.1013 317.688 -359.781 66.1013 317.688 -405.063 14.3825 257.469 -405.063 14.3825 257.469 -405.063 14.3825 257.469 -405.063 66.1013 257.469 -405.063 66.1013 257.469 -405.063 66.1013 257.469 -440.344 14.3825 190.938 -440.344 14.3825 190.938 -440.344 66.1013 190.938 -440.344 66.1013 190.938 -464.813 14.3825 119.688 -464.813 14.3825 119.688 -464.813 66.1013 119.688 -464.813 66.1013 119.688 -477.813 14.3825 45.5 -477.813 14.3825 45.5 -477.813 66.1013 45.5 -477.813 66.1013 45.5 -296.656 80.2263 359.156 -236.813 80.2263 401.156 -210.5 80.2263 356.563 -263.688 80.2263 319.281 -349.188 80.2263 308.344 -310.406 80.2263 274.094 -393.125 80.2263 249.906 -349.469 80.2263 222.125 -427.406 80.2263 185.313 -379.906 80.2263 164.719 -451.125 80.2263 116.156 -401 80.2263 103.25 -463.75 80.2263 44.1875 -412.219 80.2263 39.25 -254.688 66.1013 308.375 -254.688 66.1013 308.375 -203.344 66.1013 344.406 -203.344 66.1013 344.406 -203.344 14.3825 344.406 -203.344 14.3825 344.406 -254.688 14.3825 308.375 -254.688 14.3825 308.375 -299.813 66.1013 264.719 -299.813 66.1013 264.719 -299.813 14.3825 264.719 -299.813 14.3825 264.719 -337.531 66.1013 214.563 -337.531 66.1013 214.563 -337.531 66.1013 214.563 -337.531 14.3825 214.563 -337.531 14.3825 214.563 -337.531 14.3825 214.563 -366.969 66.1013 159.094 -366.969 66.1013 159.094 -366.969 14.3825 159.094 -366.969 14.3825 159.094 -387.344 66.1013 99.7188 -387.344 66.1013 99.7188 -387.344 14.3825 99.7188 -387.344 14.3825 99.7188 -398.156 66.1013 37.9375 -398.156 66.1013 37.9375 -398.156 14.3825 37.9375 -398.156 14.3825 37.9375 -478.813 66.1013 -15.6563 -478.813 66.1013 -15.6563 -478.813 14.3825 -15.6563 -478.813 14.3825 -15.6563 -464.938 66.1013 -28.9063 -464.938 66.1013 -28.9063 -464.938 66.1013 -28.9063 -413.313 66.1013 -25.6875 -413.313 66.1013 -25.6875 -413.313 14.3825 -25.6875 -413.313 14.3825 -25.6875 -464.938 14.3825 -28.9063 -464.938 14.3825 -28.9063 -464.938 14.3825 -28.9063 -464.656 0.226288 -14.7188 -464.656 0.226288 -14.7188 -413.125 0.226288 -11.5313 -413.125 0.226288 -11.5313 -413.125 80.2263 -11.5313 -413.125 80.2263 -11.5313 -464.656 80.2263 -14.7188 -464.656 80.2263 -14.7188 -398.969 14.3825 -10.6875 -398.969 14.3825 -10.6875 -398.969 14.3825 -10.6875 -398.969 66.1013 -10.6875 -398.969 66.1013 -10.6875 -398.969 66.1013 -10.6875 -189.031 14.3825 440.188 -189.031 14.3825 440.188 -189.031 66.1013 440.188 -189.031 66.1013 440.188 -171.125 14.3825 433.25 -171.125 14.3825 433.25 -171.125 14.3825 433.25 -152.125 14.3825 385.156 -152.125 14.3825 385.156 -152.125 66.1013 385.156 -152.125 66.1013 385.156 -171.125 66.1013 433.25 -171.125 66.1013 433.25 -171.125 66.1013 433.25 -183.844 80.2263 427 -183.844 80.2263 427 -164.875 80.2263 378.969 -164.875 80.2263 378.969 -164.875 0.226288 378.969 -164.875 0.226288 378.969 -183.844 0.226288 427 -183.844 0.226288 427 -159.625 66.1013 365.813 -159.625 66.1013 365.813 -159.625 66.1013 365.813 -159.625 14.3825 365.813 -159.625 14.3825 365.813 -159.625 14.3825 365.813 319.281 0.226288 263.688 356.563 0.226288 210.5 401.156 0.226288 236.813 359.156 0.226288 296.656 274.094 0.226288 310.406 308.344 0.226288 349.188 222.125 0.226288 349.469 249.906 0.226288 393.125 164.719 0.226288 379.906 185.313 0.226288 427.406 103.25 0.226288 401 116.156 0.226288 451.125 39.25 0.226288 412.219 44.1875 0.226288 463.75 370.063 14.3825 305.656 370.063 14.3825 305.656 413.313 14.3825 244 413.313 14.3825 244 413.313 66.1013 244 413.313 66.1013 244 370.063 66.1013 305.656 370.063 66.1013 305.656 317.688 14.3825 359.781 317.688 14.3825 359.781 317.688 66.1013 359.781 317.688 66.1013 359.781 257.469 14.3825 405.063 257.469 14.3825 405.063 257.469 14.3825 405.063 257.469 66.1013 405.063 257.469 66.1013 405.063 257.469 66.1013 405.063 190.938 14.3825 440.344 190.938 14.3825 440.344 190.938 66.1013 440.344 190.938 66.1013 440.344 119.688 14.3825 464.813 119.688 14.3825 464.813 119.688 66.1013 464.813 119.688 66.1013 464.813 45.5 14.3825 477.813 45.5 14.3825 477.813 45.5 66.1013 477.813 45.5 66.1013 477.813 359.156 80.2263 296.656 401.156 80.2263 236.813 356.563 80.2263 210.5 319.281 80.2263 263.688</float_array>
                    <technique_common>
                        <accessor count="576" source="#ID48" stride="3">
                            <param name="X" type="float"/>
                            <param name="Y" type="float"/>
                            <param name="Z" type="float"/>
                        </accessor>
                    </technique_common>
                </source>
                <source id="ID49">
                    <float_array id="ID50" count="1680">-0.310956 0.707096 0.635076 -0.289031 0.929714 0.228238 -0.343935 0.707034 0.617908 -0.203234 0.9239 0.324198 -0.435778 0.707068 0.556913 -0.250977 0.924075 0.288264 -0.517291 0.707464 0.481566 -0.293071 0.924063 0.24539 -0.586467 0.707259 0.394768 -0.328103 0.923947 0.196647 -0.641457 0.706763 0.29836 -0.355082 0.923834 0.142993 -0.680505 0.706502 0.194339 -0.373022 0.923859 0.0856683 -0.702238 0.706784 0.0855512 -0.381291 0.924076 0.0264863 -0.70736 0.706748 0.0122212 -0.22552 0.886401 0.40427 0.332185 0.897819 -0.289092 0.635885 0.706537 0.310573 0.334217 0.924047 0.185569 0.599321 0.707066 0.375329 0.301092 0.924018 0.235656 0.533116 0.707241 0.464326 0.260542 0.923992 0.279921 0.453978 0.707034 0.542224 0.213564 0.923986 0.317239 0.363643 0.706955 0.606612 0.161366 0.923896 0.346954 0.264304 0.706781 0.656205 0.105097 0.92396 0.367767 0.158387 0.707135 0.68911 0.0461187 0.923975 0.379661 0.0483002 0.70744 0.705121 -0.155319 0.937342 0.311875 0.011555 0.707458 0.706661 -0.312061 -0.706283 0.635439 -0.31201 -0.705547 0.636281 -0.34421 -0.70623 0.618675 -0.375916 -0.706022 0.600184 -0.436231 -0.706296 0.557537 -0.464719 -0.706645 0.533562 -0.517899 -0.706685 0.482055 -0.542563 -0.706597 0.454254 -0.587168 -0.706474 0.395131 -0.60729 -0.706167 0.364042 -0.642171 -0.705974 0.298693 -0.657135 -0.705756 0.26473 -0.681238 -0.705719 0.194616 -0.690388 -0.70585 0.158554 -0.702979 -0.706003 0.0859117 -0.705844 -0.706673 0.0489685 -0.70811 -0.705997 0.012235 -0.70741 -0.706705 0.0118205 0.289092 0.897819 0.332185 -0.310573 0.706537 0.635885 -0.185569 0.924047 0.334217 -0.375329 0.707066 0.599321 -0.235656 0.924018 0.301092 -0.464326 0.707241 0.533116 -0.279921 0.923992 0.260542 -0.542224 0.707034 0.453978 -0.317239 0.923986 0.213564 -0.606612 0.706955 0.363643 -0.346954 0.923896 0.161366 -0.656205 0.706781 0.264304 -0.367767 0.92396 0.105097 -0.68911 0.707135 0.158387 -0.379661 0.923975 0.0461187 -0.705121 0.70744 0.0483002 -0.311875 0.937342 -0.155319 -0.706661 0.707458 0.011555 0.310915 -0.706346 -0.63593 0.310925 -0.705732 -0.636607 0.343482 -0.706524 -0.618744 0.375576 -0.706291 -0.600079 0.436264 -0.706442 -0.557326 0.464884 -0.706455 -0.533671 0.518151 -0.706336 -0.482296 0.542791 -0.706254 -0.454514 0.587271 -0.706319 -0.395254 0.607108 -0.706435 -0.363826 0.641704 -0.706497 -0.29846 0.656421 -0.70652 -0.264462 0.680472 -0.706489 -0.194504 0.689873 -0.70635 -0.158568 0.702755 -0.706264 -0.0855962 0.705879 -0.706677 -0.0483975 0.708146 -0.705976 -0.0112373 0.707425 -0.706704 -0.0108835 -0.635076 0.707096 -0.310956 -0.228238 0.929714 -0.289031 -0.617908 0.707034 -0.343935 -0.324198 0.9239 -0.203234 -0.556913 0.707068 -0.435778 -0.288264 0.924075 -0.250977 -0.481566 0.707464 -0.517291 -0.24539 0.924063 -0.293071 -0.394768 0.707259 -0.586467 -0.196647 0.923947 -0.328103 -0.29836 0.706763 -0.641457 -0.142993 0.923834 -0.355082 -0.194339 0.706502 -0.680505 -0.0856683 0.923859 -0.373022 -0.0855512 0.706784 -0.702238 -0.0264863 0.924076 -0.381291 -0.0122212 0.706748 -0.70736 -0.40427 0.886401 -0.22552 -0.289092 0.897819 -0.332185 0.310573 0.706537 -0.635885 0.185569 0.924047 -0.334217 0.375329 0.707066 -0.599321 0.235656 0.924018 -0.301092 0.464326 0.707241 -0.533116 0.279921 0.923992 -0.260542 0.542224 0.707034 -0.453978 0.317239 0.923986 -0.213564 0.606612 0.706955 -0.363643 0.346954 0.923896 -0.161366 0.656205 0.706781 -0.264304 0.367767 0.92396 -0.105097 0.68911 0.707135 -0.158387 0.379661 0.923975 -0.0461187 0.705121 0.70744 -0.0483002 0.311875 0.937342 0.155319 0.706661 0.707458 -0.011555 0.63593 -0.706346 0.310915 0.636607 -0.705732 0.310925 0.618744 -0.706524 0.343482 0.600079 -0.706291 0.375576 0.557326 -0.706442 0.436264 0.533671 -0.706455 0.464884 0.482296 -0.706336 0.518151 0.454514 -0.706254 0.542791 0.395254 -0.706319 0.587271 0.364038 -0.706167 0.607293 0.298759 -0.705974 0.64214 0.264666 -0.706007 0.656891 0.194491 -0.706229 0.680745 0.158471 -0.706349 0.689897 0.0855962 -0.706264 0.702755 0.0483975 -0.706677 0.705879 0.0112373 -0.705976 0.708146 0.0108835 -0.706704 0.707425 0.310956 0.707096 -0.635076 0.289031 0.929714 -0.228238 0.343935 0.707034 -0.617908 0.203234 0.9239 -0.324198 0.435778 0.707068 -0.556913 0.250977 0.924075 -0.288264 0.517291 0.707464 -0.481566 0.293071 0.924063 -0.24539 0.586467 0.707259 -0.394768 0.328103 0.923947 -0.196647 0.641457 0.706763 -0.29836 0.355082 0.923834 -0.142993 0.680505 0.706502 -0.194339 0.373022 0.923859 -0.0856683 0.702238 0.706784 -0.0855512 0.381291 0.924076 -0.0264863 0.70736 0.706748 -0.0122212 0.22552 0.886401 -0.40427 -0.635439 -0.706283 -0.312061 -0.636281 -0.705547 -0.31201 -0.618675 -0.70623 -0.34421 -0.600184 -0.706022 -0.375916 -0.557537 -0.706296 -0.436232 -0.533562 -0.706645 -0.464719 -0.482055 -0.706685 -0.517899 -0.454254 -0.706597 -0.542563 -0.395131 -0.706474 -0.587168 -0.364042 -0.706167 -0.60729 -0.298693 -0.705974 -0.642171 -0.26473 -0.705756 -0.657135 -0.194616 -0.705719 -0.681238 -0.158554 -0.70585 -0.690388 -0.0859117 -0.706003 -0.702979 -0.0489685 -0.706673 -0.705844 -0.012235 -0.705997 -0.70811 -0.0118205 -0.706705 -0.70741 -0.332185 0.897819 0.289092 -0.635885 0.706537 -0.310573 -0.334217 0.924047 -0.185569 -0.599321 0.707066 -0.375329 -0.301092 0.924018 -0.235656 -0.533116 0.707241 -0.464326 -0.260542 0.923992 -0.279921 -0.453978 0.707034 -0.542224 -0.213564 0.923986 -0.317239 -0.363643 0.706955 -0.606612 -0.161366 0.923896 -0.346954 -0.264304 0.706781 -0.656205 -0.105097 0.92396 -0.367767 -0.158387 0.707135 -0.68911 -0.0461187 0.923975 -0.379661 -0.0483002 0.70744 -0.705121 0.155319 0.937342 -0.311875 -0.011555 0.707458 -0.706661 -0.63593 -0.706346 -0.310915 -0.636607 -0.705732 -0.310925 -0.618744 -0.706524 -0.343482 -0.600079 -0.706291 -0.375576 -0.557326 -0.706442 -0.436264 -0.533671 -0.706455 -0.464884 -0.482296 -0.706336 -0.518151 -0.454514 -0.706254 -0.542791 -0.395254 -0.706319 -0.587271 -0.364038 -0.706167 -0.607293 -0.298759 -0.705974 -0.64214 -0.264666 -0.706007 -0.656891 -0.194491 -0.706229 -0.680745 -0.158471 -0.706349 -0.689897 -0.0855962 -0.706264 -0.702755 -0.0483975 -0.706677 -0.705879 -0.0112373 -0.705976 -0.708146 -0.0108835 -0.706704 -0.707425 0.635439 -0.706283 0.312061 0.636281 -0.705547 0.31201 0.618675 -0.70623 0.34421 0.600184 -0.706022 0.375916 0.557537 -0.706296 0.436232 0.533562 -0.706645 0.464719 0.482055 -0.706685 0.517899 0.454254 -0.706597 0.542563 0.395131 -0.706474 0.587168 0.364042 -0.706167 0.60729 0.298693 -0.705974 0.642171 0.26473 -0.705756 0.657135 0.194616 -0.705719 0.681238 0.158554 -0.70585 0.690388 0.0859117 -0.706003 0.702979 0.0489685 -0.706673 0.705844 0.012235 -0.705997 0.70811 0.0118205 -0.706705 0.70741 0.635076 0.707096 0.310956 0.228238 0.929714 0.289031 0.617908 0.707034 0.343935 0.324198 0.9239 0.203234 0.556913 0.707068 0.435778 0.288264 0.924075 0.250977 0.481566 0.707464 0.517291 0.24539 0.924063 0.293071 0.394768 0.707259 0.586467 0.196647 0.923947 0.328103 0.29836 0.706763 0.641457 0.142993 0.923834 0.355082 0.194339 0.706502 0.680505 0.0856683 0.923859 0.373022 0.0855512 0.706784 0.702238 0.0264863 0.924076 0.381291 0.0122212 0.706748 0.70736 0.40427 0.886401 0.22552 -0.310915 -0.706346 0.63593 -0.310925 -0.705732 0.636607 -0.343482 -0.706524 0.618744 -0.375576 -0.706291 0.600079 -0.436264 -0.706442 0.557326 -0.464884 -0.706455 0.533671 -0.518151 -0.706336 0.482296 -0.542791 -0.706254 0.454514 -0.587271 -0.706319 0.395254 -0.607108 -0.706435 0.363826 -0.641704 -0.706497 0.29846 -0.656421 -0.70652 0.264462 -0.680472 -0.706489 0.194504 -0.689873 -0.70635 0.158568 -0.702755 -0.706264 0.0855962 -0.705879 -0.706677 0.0483975 -0.708146 -0.705976 0.0112373 -0.707425 -0.706704 0.0108835 0.312061 -0.706283 -0.635439 0.31201 -0.705547 -0.636281 0.34421 -0.70623 -0.618675 0.375916 -0.706022 -0.600184 0.436231 -0.706296 -0.557537 0.464719 -0.706645 -0.533562 0.517899 -0.706685 -0.482055 0.542563 -0.706597 -0.454254 0.587168 -0.706474 -0.395131 0.60729 -0.706167 -0.364042 0.642171 -0.705974 -0.298693 0.657135 -0.705756 -0.26473 0.681238 -0.705719 -0.194616 0.690388 -0.70585 -0.158554 0.702979 -0.706003 -0.0859117 0.705844 -0.706673 -0.0489685 0.70811 -0.705997 -0.012235 0.70741 -0.706705 -0.0118205 -0.159074 -0.164246 -0.973508 0.485571 0 -0.874197 0.0640343 0.167864 -0.983728 0.530708 0 -0.847555 -0.973508 -0.164246 0.159074 -0.874197 0 -0.485571 -0.983728 0.167864 -0.0640343 -0.847555 0 -0.530708 0.0167072 0 0.99986 0.0687895 0 0.997631 0.0167072 0 0.999861 0.120826 0 0.992674 0.804487 0.153764 0.573722 0.998062 0 0.0622278 0.902996 -0.156077 0.400297 0.998062 0 0.0622278 0.557401 0.164869 -0.813709 -0.0686216 0 -0.997643 0.359742 -0.16798 -0.917806 -0.120849 0 -0.992671 0.223736 0 0.97465 0.274605 0 0.961557 0.373673 0 0.927561 0.421872 0 0.906655 0.468779 0 0.883315 0.601035 0 0.799223 0.642019 0 0.766688 0.681351 0 0.731957 0.754051 0 0.656816 0.787424 0 0.616412 0.873977 0 0.485968 0.847382 0 0.530984 -0.223951 0 -0.974601 -0.274824 0 -0.961495 -0.37372 0 -0.927541 -0.42175 0 -0.906712 -0.468498 0 -0.883465 -0.600995 0 -0.799253 -0.641965 0 -0.766734 -0.681284 0 -0.732019 -0.657634 0.70712 -0.259806 -0.65758 0.707195 -0.25974 -0.754045 0 -0.656823 -0.787483 0 -0.616337 -0.890953 -0.294741 0.345442 -0.971909 -0.153561 0.178361 -0.914327 0.195786 0.354505 -0.987479 0.156382 -0.0207547 -0.658394 -0.706335 -0.260016 -0.658306 -0.706413 -0.260027 -0.658218 -0.706491 -0.260037 -0.353435 0.207111 -0.912244 -0.343231 -0.312028 -0.885907 -0.690538 0.295168 0.660327 -0.573722 0.153764 0.804487 -0.708805 -0.195421 0.677795 -0.400297 -0.156077 0.902996 -0.0438206 0.707235 0.70562 -0.044014 0.70691 0.705933 -0.0440231 -0.706763 0.706079 -0.0438689 -0.706452 0.7064 -0.0437147 -0.706141 0.70672 0.917806 -0.16798 0.359742 0.675638 -0.207238 0.707507 0.813709 0.164869 0.557401 0.655878 0.313225 0.686815 -0.439751 -0 0.89812 -0.485968 0 0.873977 -0.530984 0 0.847382 -0.930052 0 -0.367428 -0.99986 0 0.0167072 -0.997631 0 0.0687895 -0.999861 0 0.0167072 -0.992674 0 0.120826 -0.0622278 0 0.998062 -0.0622278 0 0.998062 0.997643 0 -0.0686216 0.992671 0 -0.120849 -0.97465 0 0.223736 -0.961557 0 0.274605 -0.927561 0 0.373673 -0.906655 0 0.421872 -0.883315 -0 0.468779 -0.799223 0 0.601035 -0.766688 0 0.642019 -0.731957 0 0.681351 -0.656816 0 0.754051 -0.616412 0 0.787424 0.974601 0 -0.223951 0.961495 0 -0.274824 0.927541 0 -0.37372 0.906712 0 -0.42175 0.883465 -0 -0.468498 0.799253 0 -0.600995 0.766734 0 -0.641965 0.732019 0 -0.681284 0.656823 0 -0.754045 0.616337 0 -0.787483 -0.345442 -0.294741 -0.890953 -0.178361 -0.153561 -0.971909 -0.354505 0.195786 -0.914327 0.0207547 0.156382 -0.987479 0.260016 -0.706335 -0.658394 0.260027 -0.706413 -0.658306 0.260037 -0.706491 -0.658218 0.259806 0.70712 -0.657634 0.25974 0.707195 -0.65758 0.885907 -0.312028 -0.343231 0.973508 -0.164246 -0.159074 0.912244 0.207111 -0.353435 0.983728 0.167864 0.0640343 -0.660327 0.295168 -0.690538 -0.804487 0.153764 -0.573722 -0.677795 -0.195421 -0.708805 -0.902996 -0.156077 -0.400297 -0.70562 0.707235 -0.0438206 -0.705933 0.70691 -0.044014 -0.706079 -0.706763 -0.0440231 -0.7064 -0.706452 -0.0438689 -0.70672 -0.706141 -0.0437147 -0.359742 -0.16798 0.917806 -0.707507 -0.207238 0.675638 -0.557401 0.164869 0.813709 -0.686815 0.313225 0.655878 -0.89812 0 -0.439751 -0.873977 0 -0.485968 -0.847382 0 -0.530984 0.367428 0 -0.930052 0.874197 0 0.485571 0.847555 0 0.530708 -0.0167072 0 -0.99986 -0.0687895 0 -0.997631 -0.0167072 0 -0.999861 -0.120826 0 -0.992674 -0.998062 0 -0.0622278 -0.998062 0 -0.0622278 0.0686216 0 0.997643 0.120849 0 0.992671 -0.223736 0 -0.97465 -0.274605 0 -0.961557 -0.373673 0 -0.927561 -0.421872 0 -0.906655 0.178361 -0.153561 0.971909 -0.367428 0 0.930052 -0.0207547 0.156382 0.987479 -0.601035 0 -0.799223 -0.642019 0 -0.766688 -0.681351 0 -0.731957 -0.754051 0 -0.656816 -0.787424 0 -0.616412 0.223951 0 0.974601 0.274824 0 0.961495 0.37372 0 0.927541 0.42175 0 0.906712 0.468498 0 0.883465 0.600995 0 0.799253 0.641965 0 0.766734 0.681284 0 0.732019 0.754045 0 0.656823 0.787483 0 0.616337 0.890953 -0.294741 -0.345442 0.971909 -0.153561 -0.178361 0.914327 0.195786 -0.354505 0.987479 0.156382 0.0207547 0.658394 -0.706335 0.260016 0.658306 -0.706413 0.260027 0.658218 -0.706491 0.260037 0.657634 0.70712 0.259806 0.65758 0.707195 0.25974 -0.0640343 0.167864 0.983728 0.353435 0.207111 0.912244 0.159074 -0.164246 0.973508 0.343231 -0.312028 0.885907 -0.468779 0 -0.883315 0.690538 0.295168 -0.660327 0.573722 0.153764 -0.804487 0.708805 -0.195421 -0.677795 0.400297 -0.156077 -0.902996 0.0438206 0.707235 -0.70562 0.044014 0.70691 -0.705933 0.0440231 -0.706763 -0.706079 0.0438689 -0.706452 -0.7064 0.0437147 -0.706141 -0.70672 -0.917806 -0.16798 -0.359742 -0.675638 -0.207238 -0.707507 -0.813709 0.164869 -0.557401 -0.655878 0.313225 -0.686815 0.439751 0 -0.89812 0.485968 0 -0.873977 0.530984 0 -0.847382 0.930052 0 0.367428 -0.485571 0 0.874197 -0.530708 0 0.847555 0.99986 -0 -0.0167072 0.997631 0 -0.0687895 0.999861 0 -0.0167072 0.992674 0 -0.120826 0.0622278 0 -0.998062 0.0622278 -0 -0.998062 -0.997643 0 0.0686216 -0.992671 0 0.120849 0.97465 0 -0.223736 0.961557 0 -0.274605 0.927561 0 -0.373673 0.906655 0 -0.421872 0.883315 0 -0.468779 0.799223 -0 -0.601035 0.766688 0 -0.642019 0.731957 0 -0.681351 0.656816 0 -0.754051 0.616412 0 -0.787424 -0.974601 0 0.223951 -0.961495 0 0.274824 -0.927541 0 0.37372 -0.906712 0 0.42175 -0.883465 0 0.468498 -0.799253 -0 0.600995 -0.766734 0 0.641965 -0.732019 0 0.681284 -0.656823 0 0.754045 -0.616337 0 0.787483 0.345442 -0.294741 0.890953 0.354505 0.195786 0.914327 -0.260016 -0.706335 0.658394 -0.260027 -0.706413 0.658306 -0.260037 -0.706491 0.658218 -0.259806 0.70712 0.657634 -0.25974 0.707195 0.65758 -0.885907 -0.312028 0.343231 -0.912244 0.207111 0.353435 0.660327 0.295168 0.690538 0.677795 -0.195421 0.708805 0.70562 0.707235 0.0438206 0.705933 0.70691 0.044014 0.706079 -0.706763 0.0440231 0.7064 -0.706452 0.0438689 0.70672 -0.706141 0.0437147 0.707507 -0.207238 -0.675638 0.686815 0.313225 -0.655878 0.89812 0 0.439751 -0.770377 -0.563295 0.298692 -0.290921 -0.592898 -0.750891 -0.290695 0.593748 -0.750307 -0.597223 -0.563184 0.571094 -0.596804 0.564034 0.570693 0.555116 0.594926 0.5813 0.555549 -0.594076 0.581755 -0.298692 -0.563295 -0.770377 0.750891 -0.592898 -0.290921 0.750307 0.593748 -0.290695 -0.571094 -0.563184 -0.597223 -0.570694 0.564034 -0.596804 -0.298483 0.564145 -0.769836 -0.5813 0.594926 0.555116 -0.581755 -0.594076 0.555549 0.769836 0.564145 -0.298483 0.770377 -0.563295 -0.298692 0.290921 -0.592898 0.750891 0.290695 0.593748 0.750307 0.597223 -0.563184 -0.571094 0.596804 0.564034 -0.570693 -0.555116 0.594926 -0.5813 0.298483 0.564145 0.769836 0.298692 -0.563295 0.770377 -0.769836 0.564145 0.298483 -0.750891 -0.592898 0.290921 0.581755 -0.594076 -0.555549 0.571094 -0.563184 0.597223 -0.555549 -0.594076 -0.581755 -0.750307 0.593748 0.290695 0.5813 0.594926 -0.555116 0.570694 0.564034 0.596804</float_array>
                    <technique_common>
                        <accessor count="560" source="#ID50" stride="3">
                            <param name="X" type="float"/>
                            <param name="Y" type="float"/>
                            <param name="Z" type="float"/>
                        </accessor>
                    </technique_common>
                </source>
                <source id="ID51">
                    <float_array id="ID52" count="288">0.88916 0.978394 0.90741 0.975708 0.874329 0.921875 0.891846 0.916687 0.843079 0.852661 0.859497 0.845032 0.800354 0.788757 0.815247 0.77887 0.747192 0.73175 0.760254 0.719849 0.685059 0.683105 0.695862 0.669434 0.615295 0.643921 0.623657 0.628906 0.539795 0.615295 0.545471 0.599243 0.478149 0.601685 0.481079 0.584961 0.973877 0.966064 0.992065 0.96344 0.955994 0.897583 0.973511 0.892395 0.919556 0.816956 0.935913 0.809326 0.869812 0.742554 0.884644 0.732605 0.807922 0.676147 0.820923 0.664246 0.735474 0.619446 0.746338 0.605774 0.654297 0.573853 0.662659 0.558838 0.566284 0.540466 0.57196 0.524414 0.491638 0.524048 0.494446 0.507324 0.0925293 0.476257 0.110779 0.478943 0.108093 0.417236 0.12561 0.422485 0.140442 0.345581 0.15686 0.35321 0.184692 0.279419 0.199585 0.289307 0.239685 0.220398 0.252747 0.232361 0.304077 0.169983 0.31488 0.183655 0.376282 0.129456 0.384644 0.14447 0.454468 0.0997925 0.460144 0.115845 0.51886 0.0855713 0.52179 0.102234 0.00787354 0.463989 0.026062 0.466614 0.0264282 0.392944 0.0439453 0.398132 0.0640259 0.309875 0.0803833 0.317505 0.115295 0.233154 0.130188 0.243103 0.179016 0.164795 0.192017 0.176697 0.253601 0.106384 0.264465 0.119995 0.33728 0.0593872 0.345642 0.0744019 0.427979 0.0249634 0.433655 0.0410156 0.505493 0.00793457 0.508301 0.0245972 0.426575 0.80658 0.426575 0.735474 0.359192 0.80658 0.359192 0.735474 0.114807 0.753967 0.114807 0.697449 0.0473633 0.753967 0.0473633 0.697449 0.0303345 0.84729 0.0968628 0.84729 0.0303345 0.785461 0.0968628 0.785461 0.30426 0.80658 0.30426 0.735474 0.236816 0.80658 0.236816 0.735474 0.114807 0.628235 0.0473633 0.628235 0.114807 0.564331 0.0473633 0.564331 0.0473633 0.507324 0.114807 0.507324 0.132874 0.507324 0.132874 0.564331 0.200317 0.507324 0.200317 0.564331 0.132874 0.628235 0.200317 0.628235 0.200317 0.697449 0.132874 0.697449 0.30426 0.652405 0.236816 0.652405 0.30426 0.575745 0.236816 0.575745 0.236816 0.507324 0.30426 0.507324 0.359192 0.507324 0.359192 0.575745 0.426575 0.507324 0.426575 0.575745 0.97821 0.982483 0.911621 0.992126 0.359192 0.652405 0.426575 0.652405 0.204285 0.857117 0.181824 0.857117 0.204285 0.918884 0.181824 0.918884 0.0217285 0.483032 0.0883179 0.492737 0.359192 0.825623 0.426575 0.825623 0.00787354 0.84729 0.00787354 0.785461 0.473694 0.520081 0.463135 0.581055 0.526245 0.0206299 0.536804 0.081665 0.236816 0.825623 0.30426 0.825623 0.200317 0.753967 0.132874 0.753967 0.115234 0.857117 0.115234 0.918884 0.186096 0.840271 0.445007 0.809143 0.340759 0.809143 0.026062 0.768616 0.026062 0.864136 0.322693 0.809143 0.218445 0.809143 0.186096 0.935791</float_array>
                    <technique_common>
                        <accessor count="144" source="#ID52" stride="2">
                            <param name="S" type="float"/>
                            <param name="T" type="float"/>
                        </accessor>
                    </technique_common>
                </source>
                <vertices id="ID53">
                    <input semantic="POSITION" source="#ID47"/>
                </vertices>
                <triangles count="560" material="Material1">
                    <input offset="0" semantic="VERTEX" source="#ID53"/>
                    <input offset="1" semantic="NORMAL" source="#ID49"/>
                    <input offset="2" semantic="TEXCOORD" source="#ID51" set="0"/>
                    <p>201 2 2 326 1 1 340 0 0 326 1 1 201 2 2 158 3 3 196 4 4 158 3 3 201 2 2 158 3 3 196 4 4 161 5 5 209 6 6 161 5 5 196 4 4 161 5 5 209 6 6 167 7 7 215 8 8 167 7 7 209 6 6 167 7 7 215 8 8 173 9 9 223 10 10 173 9 9 215 8 8 173 9 9 223 10 10 181 11 11 229 12 12 181 11 11 223 10 10 181 11 11 229 12 12 187 13 13 236 14 14 187 13 13 229 12 12 187 13 13 236 14 14 193 15 15 290 16 16 193 15 15 236 14 14 193 15 15 290 16 16 276 17 17 573 20 20 71 19 19 83 18 18 71 19 19 573 20 20 547 21 21 572 22 22 547 21 21 573 20 20 547 21 21 572 22 22 548 23 23 0 24 24 548 23 23 572 22 22 548 23 23 0 24 24 552 25 25 2 26 26 552 25 25 0 24 24 552 25 25 2 26 26 557 27 27 4 28 28 557 27 27 2 26 26 557 27 27 4 28 28 562 29 29 6 30 30 562 29 29 4 28 28 562 29 29 6 30 30 566 31 31 8 32 32 566 31 31 6 30 30 566 31 31 8 32 32 571 33 33 61 34 34 571 33 33 8 32 32 571 33 33 61 34 34 41 35 35 97 38 38 344 37 37 330 36 36 344 37 37 97 38 38 204 39 39 96 40 40 204 39 39 97 38 38 204 39 39 96 40 40 207 41 41 100 42 42 207 41 41 96 40 40 207 41 41 100 42 42 213 43 43 102 44 44 213 43 43 100 42 42 213 43 43 102 44 44 221 45 45 104 46 46 221 45 45 102 44 44 221 45 45 104 46 46 227 47 47 106 48 48 227 47 47 104 46 46 227 47 47 106 48 48 233 49 49 108 50 50 233 49 49 106 48 48 233 49 49 108 50 50 239 51 51 271 52 52 239 51 51 108 50 50 239 51 51 271 52 52 286 53 53 429 56 20 503 55 19 515 54 18 503 55 19 429 56 20 403 57 21 428 58 22 403 57 21 429 56 20 403 57 21 428 58 22 404 59 23 432 60 24 404 59 23 428 58 22 404 59 23 432 60 24 408 61 25 434 62 26 408 61 25 432 60 24 408 61 25 434 62 26 413 63 27 436 64 28 413 63 27 434 62 26 413 63 27 436 64 28 418 65 29 438 66 30 418 65 29 436 64 28 418 65 29 438 66 30 422 67 31 440 68 32 422 67 31 438 66 30 422 67 31 440 68 32 427 69 33 493 70 34 427 69 33 440 68 32 427 69 33 493 70 34 473 71 35 113 74 56 335 73 55 295 72 54 335 73 55 113 74 56 98 75 57 111 76 58 98 75 57 113 74 56 98 75 57 111 76 58 99 77 59 122 78 60 99 77 59 111 76 58 99 77 59 122 78 60 101 79 61 129 80 62 101 79 61 122 78 60 101 79 61 129 80 62 103 81 63 136 82 64 103 81 63 129 80 62 103 81 63 136 82 64 105 83 65 142 84 66 105 83 65 136 82 64 105 83 65 142 84 66 107 85 67 148 86 68 107 85 67 142 84 66 107 85 67 148 86 68 109 87 69 245 88 70 109 87 69 148 86 68 109 87 69 245 88 70 267 89 71 13 92 2 85 91 1 92 90 0 85 91 1 13 92 2 574 93 3 10 94 4 574 93 3 13 92 2 574 93 3 10 94 4 575 95 5 18 96 6 575 95 5 10 94 4 575 95 5 18 96 6 1 97 7 22 98 8 1 97 7 18 96 6 1 97 7 22 98 8 3 99 9 28 100 10 3 99 9 22 98 8 3 99 9 28 100 10 5 101 11 32 102 12 5 101 11 28 100 10 5 101 11 32 102 12 7 103 13 37 104 14 7 103 13 32 102 12 7 103 13 37 104 14 9 105 15 66 106 16 9 105 15 37 104 14 9 105 15 66 106 16 59 107 17 155 110 20 299 109 19 322 108 18 299 109 19 155 110 20 116 111 21 153 112 22 116 111 21 155 110 20 116 111 21 153 112 22 118 113 23 164 114 24 118 113 23 153 112 22 118 113 23 164 114 24 124 115 25 170 116 26 124 115 25 164 114 24 124 115 25 170 116 26 131 117 27 177 118 28 131 117 27 170 116 26 131 117 27 177 118 28 138 119 29 184 120 30 138 119 29 177 118 28 138 119 29 184 120 30 144 121 31 190 122 32 144 121 31 184 120 30 144 121 31 190 122 32 151 123 33 281 124 34 151 123 33 190 122 32 151 123 33 281 124 34 242 125 35 545 128 56 89 127 55 69 126 54 89 127 55 545 128 56 530 129 57 543 130 58 530 129 57 545 128 56 530 129 57 543 130 58 531 131 59 551 132 60 531 131 59 543 130 58 531 131 59 551 132 60 533 133 61 556 134 62 533 133 61 551 132 60 533 133 61 556 134 62 535 135 63 561 136 64 535 135 63 556 134 62 535 135 63 561 136 64 537 137 65 565 138 66 537 137 65 561 136 64 537 137 65 565 138 66 539 139 67 569 140 68 539 139 67 565 138 66 539 139 67 569 140 68 541 141 69 43 142 70 541 141 69 569 140 68 541 141 69 43 142 70 55 143 71 445 146 2 517 145 1 524 144 0 517 145 1 445 146 2 430 147 3 442 148 4 430 147 3 445 146 2 430 147 3 442 148 4 431 149 5 450 150 6 431 149 5 442 148 4 431 149 5 450 150 6 433 151 7 454 152 8 433 151 7 450 150 6 433 151 7 454 152 8 435 153 9 460 154 10 435 153 9 454 152 8 435 153 9 460 154 10 437 155 11 464 156 12 437 155 11 460 154 10 437 155 11 464 156 12 439 157 13 469 158 14 439 157 13 464 156 12 439 157 13 469 158 14 441 159 15 498 160 16 441 159 15 469 158 14 441 159 15 498 160 16 491 161 17 529 164 38 94 163 37 87 162 36 94 163 37 529 164 38 15 165 39 528 166 40 15 165 39 529 164 38 15 165 39 528 166 40 17 167 41 532 168 42 17 167 41 528 166 40 17 167 41 532 168 42 21 169 43 534 170 44 21 169 43 532 168 42 21 169 43 534 170 44 27 171 45 536 172 46 27 171 45 534 170 44 27 171 45 536 172 46 31 173 47 538 174 48 31 173 47 536 172 46 31 173 47 538 174 48 35 175 49 540 176 50 35 175 49 538 174 48 35 175 49 540 176 50 39 177 51 57 178 52 39 177 51 540 176 50 39 177 51 57 178 52 64 179 53 205 182 20 359 181 19 371 180 18 359 181 19 205 182 20 163 183 21 202 184 22 163 183 21 205 182 20 163 183 21 202 184 22 165 185 23 214 186 24 165 185 23 202 184 22 165 185 23 214 186 24 171 187 25 222 188 26 171 187 25 214 186 24 171 187 25 222 188 26 178 189 27 228 190 28 178 189 27 222 188 26 178 189 27 228 190 28 185 191 29 234 192 30 185 191 29 228 190 28 185 191 29 234 192 30 191 193 31 240 194 32 191 193 31 234 192 30 191 193 31 240 194 32 199 195 33 349 196 34 199 195 33 240 194 32 199 195 33 349 196 34 310 197 35 160 200 56 377 199 55 357 198 54 377 199 55 160 200 56 120 201 57 157 202 58 120 201 57 160 200 56 120 201 57 157 202 58 123 203 59 169 204 60 123 203 59 157 202 58 123 203 59 169 204 60 130 205 61 176 206 62 130 205 61 169 204 60 130 205 61 176 206 62 137 207 63 183 208 64 137 207 63 176 206 62 137 207 63 183 208 64 143 209 65 189 210 66 143 209 65 183 208 64 143 209 65 189 210 66 149 211 67 195 212 68 149 211 67 189 210 66 149 211 67 195 212 68 154 213 69 314 214 70 154 213 69 195 212 68 154 213 69 314 214 70 337 215 71 117 218 38 382 217 37 375 216 36 382 217 37 117 218 38 256 219 39 114 220 40 256 219 39 117 218 38 256 219 39 114 220 40 260 221 41 126 222 42 260 221 41 114 220 40 260 221 41 126 222 42 269 223 43 134 224 44 269 223 43 126 222 42 269 223 43 134 224 44 279 225 45 140 226 46 279 225 45 134 224 44 279 225 45 140 226 46 288 227 47 146 228 48 288 227 47 140 226 46 288 227 47 146 228 48 297 229 49 152 230 50 297 229 49 146 228 48 297 229 49 152 230 50 306 231 51 342 232 52 306 231 51 152 230 50 306 231 51 342 232 52 352 233 53 252 236 2 373 235 1 380 234 0 373 235 1 252 236 2 208 237 3 246 238 4 208 237 3 252 236 2 208 237 3 246 238 4 211 239 5 264 240 6 211 239 5 246 238 4 211 239 5 264 240 6 218 241 7 272 242 8 218 241 7 264 240 6 218 241 7 272 242 8 225 243 9 282 244 10 225 243 9 272 242 8 225 243 9 282 244 10 231 245 11 292 246 12 231 245 11 282 244 10 231 245 11 292 246 12 237 247 13 301 248 14 237 247 13 292 246 12 237 247 13 301 248 14 243 249 15 354 250 16 243 249 15 301 248 14 243 249 15 354 250 16 347 251 17 401 254 56 521 253 55 501 252 54 521 253 55 401 254 56 386 255 57 399 256 58 386 255 57 401 254 56 386 255 57 399 256 58 387 257 59 407 258 60 387 257 59 399 256 58 387 257 59 407 258 60 389 259 61 412 260 62 389 259 61 407 258 60 389 259 61 412 260 62 391 261 63 417 262 64 391 261 63 412 260 62 391 261 63 417 262 64 393 263 65 421 264 66 393 263 65 417 262 64 393 263 65 421 264 66 395 265 67 425 266 68 395 265 67 421 264 66 395 265 67 425 266 68 397 267 69 475 268 70 397 267 69 425 266 68 397 267 69 475 268 70 487 269 71 385 272 38 526 271 37 519 270 36 526 271 37 385 272 38 447 273 39 384 274 40 447 273 39 385 272 38 447 273 39 384 274 40 449 275 41 388 276 42 449 275 41 384 274 40 449 275 41 388 276 42 453 277 43 390 278 44 453 277 43 388 276 42 453 277 43 390 278 44 459 279 45 392 280 46 459 279 45 390 278 44 459 279 45 392 280 46 463 281 47 394 282 48 463 281 47 392 280 46 463 281 47 394 282 48 467 283 49 396 284 50 467 283 49 394 282 48 467 283 49 396 284 50 471 285 51 489 286 52 471 285 51 396 284 50 471 285 51 489 286 52 496 287 53 298 290 74 112 289 73 294 288 72 112 289 73 298 290 74 115 291 75 373 235 1 205 182 20 371 180 18 205 182 20 373 235 1 208 237 3 358 294 74 159 293 73 356 292 72 159 293 73 358 294 74 162 295 75 353 298 78 305 297 77 350 296 76 305 297 77 353 298 78 300 299 79 349 196 34 243 249 15 347 251 17 243 249 15 349 196 34 240 194 32 327 302 82 318 301 81 323 300 80 318 301 81 327 302 82 331 303 83 313 306 86 198 305 85 309 304 84 198 305 85 313 306 86 194 307 87 300 299 79 296 308 88 305 297 77 296 308 88 300 299 79 293 309 89 293 309 89 287 310 90 296 308 88 287 310 90 293 309 89 283 311 91 278 312 93 283 311 91 274 312 92 283 311 91 278 312 93 287 310 90 273 313 96 268 314 95 277 313 94 268 314 95 273 313 96 265 315 97 265 315 97 259 316 98 268 314 95 259 316 98 265 315 97 247 317 99 255 319 101 247 317 99 251 318 100 247 317 99 255 319 101 259 316 98 240 194 32 237 247 13 243 249 15 237 247 13 240 194 32 234 192 30 234 192 30 231 245 11 237 247 13 231 245 11 234 192 30 228 190 28 228 190 28 225 243 9 231 245 11 225 243 9 228 190 28 222 188 26 222 188 26 218 241 7 225 243 9 218 241 7 222 188 26 214 186 24 214 186 24 211 239 5 218 241 7 211 239 5 214 186 24 202 184 22 208 237 3 202 184 22 205 182 20 202 184 22 208 237 3 211 239 5 194 307 87 192 320 102 198 305 85 192 320 102 194 307 87 188 321 103 188 321 103 186 322 104 192 320 102 186 322 104 188 321 103 182 323 105 180 324 107 182 323 105 175 324 106 182 323 105 180 324 107 186 322 104 174 325 110 172 326 109 179 325 108 172 326 109 174 325 110 168 327 111 312 329 113 322 108 18 317 328 112 322 108 18 312 329 113 326 1 1 168 327 111 166 330 114 172 326 109 166 330 114 168 327 111 156 331 115 162 295 75 156 331 115 159 293 73 156 331 115 162 295 75 166 330 114 339 334 118 307 333 117 345 332 116 307 333 117 339 334 118 311 335 119 330 337 36 304 337 120 335 336 55 304 337 120 330 337 36 308 338 121 294 288 72 316 339 122 298 290 74 316 339 122 294 288 72 303 340 123 285 343 125 253 342 80 291 341 124 253 342 80 285 343 125 257 344 82 276 17 17 250 345 126 281 124 34 250 345 126 276 17 17 254 346 127 258 348 129 267 348 71 263 347 128 267 348 71 258 348 129 271 349 52 241 352 84 262 351 130 244 350 86 262 351 130 241 352 84 249 353 131 343 354 133 200 355 100 338 354 132 200 355 100 343 354 133 203 356 101 326 1 1 155 110 20 322 108 18 155 110 20 326 1 1 158 3 3 311 335 119 302 357 134 307 333 117 302 357 134 311 335 119 315 357 135 289 360 78 238 359 77 284 358 76 238 359 77 289 360 78 235 361 79 281 124 34 193 15 15 276 17 17 193 15 15 281 124 34 190 122 32 257 344 82 248 362 81 253 342 80 248 362 81 257 344 82 261 363 83 244 350 86 150 364 85 241 352 84 150 364 85 244 350 86 147 365 87 235 361 79 232 366 88 238 359 77 232 366 88 235 361 79 230 367 89 230 367 89 226 368 90 232 366 88 226 368 90 230 367 89 224 369 91 220 370 93 224 369 91 217 370 92 224 369 91 220 370 93 226 368 90 216 371 96 212 372 95 219 371 94 212 372 95 216 371 96 210 373 97 210 373 97 206 374 98 212 372 95 206 374 98 210 373 97 197 375 99 203 356 101 197 375 99 200 355 100 197 375 99 203 356 101 206 374 98 190 122 32 187 13 13 193 15 15 187 13 13 190 122 32 184 120 30 184 120 30 181 11 11 187 13 13 181 11 11 184 120 30 177 118 28 177 118 28 173 9 9 181 11 11 173 9 9 177 118 28 170 116 26 170 116 26 167 7 7 173 9 9 167 7 7 170 116 26 164 114 24 164 114 24 161 5 5 167 7 7 161 5 5 164 114 24 153 112 22 158 3 3 153 112 22 155 110 20 153 112 22 158 3 3 161 5 5 147 365 87 145 376 102 150 364 85 145 376 102 147 365 87 141 377 103 141 377 103 139 378 104 145 376 102 139 378 104 141 377 103 135 379 105 133 380 107 135 379 105 128 380 106 135 379 105 133 380 107 139 378 104 127 381 110 125 382 109 132 381 108 125 382 109 127 381 110 121 383 111 121 383 111 119 384 114 125 382 109 119 384 114 121 383 111 110 385 115 115 291 75 110 385 115 112 289 73 110 385 115 115 291 75 119 384 114 91 388 118 75 387 117 95 386 116 75 387 117 91 388 118 77 389 119 87 391 36 74 391 120 89 390 55 74 391 120 87 391 36 76 392 121 78 394 113 83 18 18 81 393 112 83 18 18 78 394 113 85 91 1 80 397 122 68 396 72 73 395 123 68 396 72 80 397 122 70 398 74 63 401 125 47 400 80 67 399 124 47 400 80 63 401 125 49 402 82 59 107 17 46 403 126 61 34 34 46 403 126 59 107 17 48 404 127 50 406 129 55 406 71 53 405 128 55 406 71 50 406 129 57 407 52 40 410 84 52 409 130 42 408 86 52 409 130 40 410 84 45 411 131 93 412 133 12 413 100 90 412 132 12 413 100 93 412 133 14 414 101 85 91 1 573 20 20 83 18 18 573 20 20 85 91 1 574 93 3 77 389 119 72 415 134 75 387 117 72 415 134 77 389 119 79 415 135 70 398 74 544 416 73 68 396 72 544 416 73 70 398 74 546 417 75 65 420 78 38 419 77 62 418 76 38 419 77 65 420 78 36 421 79 61 34 34 9 105 15 59 107 17 9 105 15 61 34 34 8 32 32 49 402 82 44 422 81 47 400 80 44 422 81 49 402 82 51 423 83 42 408 86 570 424 85 40 410 84 570 424 85 42 408 86 568 425 87 36 421 79 34 426 88 38 419 77 34 426 88 36 421 79 33 427 89 33 427 89 30 428 90 34 426 88 30 428 90 33 427 89 29 429 91 365 432 119 360 431 134 363 430 117 360 431 134 365 432 119 367 431 135 23 433 96 20 434 95 25 433 94 20 434 95 23 433 96 19 435 97 19 435 97 16 436 98 20 434 95 16 436 98 19 435 97 11 437 99 14 414 101 11 437 99 12 413 100 11 437 99 14 414 101 16 436 98 8 32 32 7 103 13 9 105 15 7 103 13 8 32 32 6 30 30 6 30 30 5 101 11 7 103 13 5 101 11 6 30 30 4 28 28 4 28 28 3 99 9 5 101 11 3 99 9 4 28 28 2 26 26 2 26 26 1 97 7 3 99 9 1 97 7 2 26 26 0 24 24 0 24 24 575 95 5 1 97 7 575 95 5 0 24 24 572 22 22 574 93 3 572 22 22 573 20 20 572 22 22 574 93 3 575 95 5 568 425 87 567 438 102 570 424 85 567 438 102 568 425 87 564 439 103 564 439 103 563 440 104 567 438 102 563 440 104 564 439 103 560 441 105 559 442 107 560 441 105 555 442 106 560 441 105 559 442 107 563 440 104 554 443 110 553 444 109 558 443 108 553 444 109 554 443 110 550 445 111 550 445 111 549 446 114 553 444 109 549 446 114 550 445 111 542 447 115 546 417 75 542 447 115 544 416 73 542 447 115 546 417 75 549 446 114 523 450 118 507 449 117 527 448 116 507 449 117 523 450 118 509 451 119 519 453 36 506 453 120 521 452 55 506 453 120 519 453 36 508 454 121 510 456 113 515 54 18 513 455 112 515 54 18 510 456 113 517 145 1 500 459 72 512 458 122 502 457 74 512 458 122 500 459 72 505 460 123 26 461 93 29 429 91 24 461 92 29 429 91 26 461 93 30 428 90 495 464 125 479 463 80 499 462 124 479 463 80 495 464 125 481 465 82 491 161 17 478 466 126 493 70 34 478 466 126 491 161 17 480 467 127 482 469 129 487 469 71 485 468 128 487 469 71 482 469 129 489 470 52 472 473 84 484 472 130 474 471 86 484 472 130 472 473 84 477 474 131 525 475 133 444 476 100 522 475 132 444 476 100 525 475 133 446 477 101 517 145 1 429 56 20 515 54 18 429 56 20 517 145 1 430 147 3 509 451 119 504 478 134 507 449 117 504 478 134 509 451 119 511 478 135 502 457 74 400 479 73 500 459 72 400 479 73 502 457 74 402 480 75 497 483 78 470 482 77 494 481 76 470 482 77 497 483 78 468 484 79 493 70 34 441 159 15 491 161 17 441 159 15 493 70 34 440 68 32 481 465 82 476 485 81 479 463 80 476 485 81 481 465 82 483 486 83 474 471 86 426 487 85 472 473 84 426 487 85 474 471 86 424 488 87 468 484 79 466 489 88 470 482 77 466 489 88 468 484 79 465 490 89 465 490 89 462 491 90 466 489 88 462 491 90 465 490 89 461 492 91 458 493 93 461 492 91 456 493 92 461 492 91 458 493 93 462 491 90 455 494 96 452 495 95 457 494 94 452 495 95 455 494 96 451 496 97 451 496 97 448 497 98 452 495 95 448 497 98 451 496 97 443 498 99 446 477 101 443 498 99 444 476 100 443 498 99 446 477 101 448 497 98 440 68 32 439 157 13 441 159 15 439 157 13 440 68 32 438 66 30 438 66 30 437 155 11 439 157 13 437 155 11 438 66 30 436 64 28 436 64 28 435 153 9 437 155 11 435 153 9 436 64 28 434 62 26 434 62 26 433 151 7 435 153 9 433 151 7 434 62 26 432 60 24 432 60 24 431 149 5 433 151 7 431 149 5 432 60 24 428 58 22 430 147 3 428 58 22 429 56 20 428 58 22 430 147 3 431 149 5 424 488 87 423 499 102 426 487 85 423 499 102 424 488 87 420 500 103 420 500 103 419 501 104 423 499 102 419 501 104 420 500 103 416 502 105 415 503 107 416 502 105 411 503 106 416 502 105 415 503 107 419 501 104 410 504 110 409 505 109 414 504 108 409 505 109 410 504 110 406 506 111 406 506 111 405 507 114 409 505 109 405 507 114 406 506 111 398 508 115 402 480 75 398 508 115 400 479 73 398 508 115 402 480 75 405 507 114 379 510 118 363 430 117 383 509 116 363 430 117 379 510 118 365 432 119 375 512 36 362 512 120 377 511 55 362 512 120 375 512 36 364 513 121 366 515 113 371 180 18 369 514 112 371 180 18 366 515 113 373 235 1 368 517 122 356 292 72 361 516 123 356 292 72 368 517 122 358 294 74 351 519 125 323 300 80 355 518 124 323 300 80 351 519 125 327 302 82 347 251 17 320 520 126 349 196 34 320 520 126 347 251 17 324 521 127 328 523 129 337 523 71 333 522 128 337 523 71 328 523 129 342 524 52 309 304 84 332 525 130 313 306 86 332 525 130 309 304 84 319 526 131 381 527 133 251 318 100 378 527 132 251 318 100 381 527 133 255 319 101 329 528 136 345 332 116 307 333 117 294 288 72 334 529 137 303 340 123 321 530 138 298 290 74 316 339 122 285 343 125 270 531 139 257 344 82 275 532 140 291 341 124 253 342 80 241 352 84 280 533 141 249 353 131 266 534 142 244 350 86 262 351 130 86 535 136 95 386 116 75 387 117 68 396 72 88 536 137 73 395 123 82 537 138 70 398 74 80 397 122 63 401 125 56 538 139 49 402 82 58 539 140 67 399 124 47 400 80 91 388 118 84 540 143 77 389 119 40 410 84 60 541 141 45 411 131 54 542 142 42 408 86 52 409 130 523 450 118 516 543 143 509 451 119 518 544 136 527 448 116 507 449 117 500 459 72 520 545 137 505 460 123 514 546 138 502 457 74 512 458 122 495 464 125 488 547 139 481 465 82 490 548 140 499 462 124 479 463 80 472 473 84 492 549 141 477 474 131 379 510 118 372 550 143 365 432 119 374 551 136 383 509 116 363 430 117 339 334 118 325 552 143 311 335 119 356 292 72 376 553 137 361 516 123 336 554 142 313 306 86 332 525 130 351 519 125 341 555 139 327 302 82 486 556 142 474 471 86 484 472 130 370 557 138 358 294 74 368 517 122 309 304 84 348 558 141 319 526 131 346 559 140 355 518 124 323 300 80</p>
                </triangles>
            </mesh>
        </geometry>
        <geometry id="ID55">
            <mesh>
                <source id="ID56">
                    <float_array id="ID57" count="1728">-337.531 66.1013 214.563 -337.531 66.1013 214.563 -337.531 66.1013 214.563 -337.531 14.3825 214.563 -337.531 14.3825 214.563 -337.531 14.3825 214.563 -366.969 66.1013 159.094 -366.969 66.1013 159.094 -366.969 14.3825 159.094 -366.969 14.3825 159.094 -387.344 66.1013 99.7188 -387.344 66.1013 99.7188 -387.344 14.3825 99.7188 -387.344 14.3825 99.7188 -398.156 66.1013 37.9375 -398.156 66.1013 37.9375 -398.156 14.3825 37.9375 -398.156 14.3825 37.9375 -478.813 14.3825 -15.6563 -478.813 14.3825 -15.6563 -478.813 66.1013 -15.6563 -478.813 66.1013 -15.6563 -464.938 66.1013 -28.9063 -464.938 66.1013 -28.9063 -464.938 66.1013 -28.9063 -464.938 14.3825 -28.9063 -464.938 14.3825 -28.9063 -464.938 14.3825 -28.9063 -413.313 14.3825 -25.6875 -413.313 14.3825 -25.6875 -413.313 66.1013 -25.6875 -413.313 66.1013 -25.6875 -413.125 0.226288 -11.5313 -413.125 0.226288 -11.5313 -464.656 0.226288 -14.7188 -464.656 0.226288 -14.7188 -464.656 80.2263 -14.7188 -464.656 80.2263 -14.7188 -413.125 80.2263 -11.5313 -413.125 80.2263 -11.5313 -398.969 66.1013 -10.6875 -398.969 66.1013 -10.6875 -398.969 66.1013 -10.6875 -398.969 14.3825 -10.6875 -398.969 14.3825 -10.6875 -398.969 14.3825 -10.6875 -189.031 66.1013 440.188 -189.031 66.1013 440.188 -189.031 14.3825 440.188 -189.031 14.3825 440.188 -171.125 14.3825 433.25 -171.125 14.3825 433.25 -171.125 14.3825 433.25 -171.125 66.1013 433.25 -171.125 66.1013 433.25 -171.125 66.1013 433.25 -152.125 66.1013 385.156 -152.125 66.1013 385.156 -152.125 14.3825 385.156 -152.125 14.3825 385.156 -164.875 80.2263 378.969 -164.875 80.2263 378.969 -183.844 80.2263 427 -183.844 80.2263 427 -183.844 0.226288 427 -183.844 0.226288 427 -164.875 0.226288 378.969 -164.875 0.226288 378.969 -159.625 14.3825 365.813 -159.625 14.3825 365.813 -159.625 14.3825 365.813 -159.625 66.1013 365.813 -159.625 66.1013 365.813 -159.625 66.1013 365.813 319.281 0.226288 263.688 359.156 0.226288 296.656 401.156 0.226288 236.813 356.563 0.226288 210.5 274.094 0.226288 310.406 308.344 0.226288 349.188 222.125 0.226288 349.469 249.906 0.257538 393.125 164.719 0.226288 379.906 185.313 0.257538 427.406 103.25 0.226288 401 116.156 0.226288 451.125 39.25 0.226288 412.219 44.1875 0.226288 463.75 370.063 14.3825 305.656 370.063 14.3825 305.656 370.063 66.1013 305.656 370.063 66.1013 305.656 413.313 66.1013 244 413.313 66.1013 244 413.313 14.3825 244 413.313 14.3825 244 317.688 14.3825 359.781 317.688 14.3825 359.781 317.688 66.1013 359.781 317.688 66.1013 359.781 257.469 14.3825 405.063 257.469 14.3825 405.063 257.469 14.3825 405.063 257.469 66.1013 405.063 257.469 66.1013 405.063 257.469 66.1013 405.063 190.938 14.3825 440.344 190.938 14.3825 440.344 190.938 66.1013 440.344 190.938 66.1013 440.344 119.688 14.3825 464.813 119.688 14.3825 464.813 119.688 66.1013 464.813 119.688 66.1013 464.813 45.5 14.3825 477.813 45.5 14.3825 477.813 45.5 66.1013 477.813 45.5 66.1013 477.813 359.156 80.2263 296.656 319.281 80.2263 263.688 356.563 80.2263 210.5 401.156 80.2263 236.813 308.344 80.2263 349.188 274.094 80.2263 310.406 249.906 80.2263 393.125 222.125 80.2263 349.469 185.313 80.2263 427.406 164.719 80.2575 379.906 116.156 80.2263 451.125 103.25 80.2263 401 44.1875 80.2263 463.75 39.25 80.2263 412.219 308.375 66.1013 254.688 308.375 66.1013 254.688 308.375 14.3825 254.688 308.375 14.3825 254.688 344.406 14.3825 203.344 344.406 14.3825 203.344 344.406 66.1013 203.344 344.406 66.1013 203.344 264.719 66.1013 299.813 264.719 66.1013 299.813 264.719 14.3825 299.813 264.719 14.3825 299.813 214.563 66.1013 337.531 214.563 66.1013 337.531 214.563 66.1013 337.531 214.563 14.3825 337.531 214.563 14.3825 337.531 214.563 14.3825 337.531 159.094 66.1013 366.969 159.094 66.1013 366.969 159.094 14.3825 366.969 159.094 14.3825 366.969 99.7188 66.1013 387.344 99.7188 66.1013 387.344 99.7188 14.3825 387.344 99.7188 14.3825 387.344 37.9375 66.1013 398.156 37.9375 66.1013 398.156 37.9375 14.3825 398.156 37.9375 14.3825 398.156 -15.6563 14.3825 478.813 -15.6563 14.3825 478.813 -15.6563 66.1013 478.813 -15.6563 66.1013 478.813 -28.9063 66.1013 464.938 -28.9063 66.1013 464.938 -28.9063 66.1013 464.938 -28.9063 14.3825 464.938 -28.9063 14.3825 464.938 -28.9063 14.3825 464.938 -25.6875 14.3825 413.313 -25.6875 14.3825 413.313 -25.6875 66.1013 413.313 -25.6875 66.1013 413.313 -11.5313 0.226288 413.125 -11.5313 0.226288 413.125 -14.7188 0.226288 464.656 -14.7188 0.226288 464.656 -14.7188 80.2263 464.656 -14.7188 80.2263 464.656 -11.5313 80.2263 413.125 -11.5313 80.2263 413.125 -10.6875 66.1013 398.969 -10.6875 66.1013 398.969 -10.6875 66.1013 398.969 -10.6875 14.3825 398.969 -10.6875 14.3825 398.969 -10.6875 14.3825 398.969 440.188 66.1013 189.031 440.188 66.1013 189.031 440.188 14.3825 189.031 440.188 14.3825 189.031 433.25 14.3825 171.125 433.25 14.3825 171.125 433.25 14.3825 171.125 433.25 66.1013 171.125 433.25 66.1013 171.125 433.25 66.1013 171.125 385.156 66.1013 152.125 385.156 66.1013 152.125 385.156 14.3825 152.125 385.156 14.3825 152.125 378.969 80.2263 164.875 378.969 80.2263 164.875 427 80.2263 183.844 427 80.2263 183.844 427 0.226288 183.844 427 0.226288 183.844 378.969 0.226288 164.875 378.969 0.226288 164.875 365.813 14.3825 159.625 365.813 14.3825 159.625 365.813 14.3825 159.625 365.813 66.1013 159.625 365.813 66.1013 159.625 365.813 66.1013 159.625 263.688 0.226288 -319.281 296.656 0.257538 -359.156 236.813 0.226288 -401.156 210.5 0.226288 -356.563 310.406 0.226288 -274.094 349.188 0.226288 -308.344 349.469 0.226288 -222.125 393.125 0.226288 -249.906 379.906 0.226288 -164.719 427.406 0.226288 -185.313 401 0.226288 -103.25 451.125 0.257538 -116.156 412.219 0.226288 -39.25 463.75 0.257538 -44.1875 305.656 14.3825 -370.063 305.656 14.3825 -370.063 305.656 66.1013 -370.063 305.656 66.1013 -370.063 -319.281 0.226288 -263.688 244 66.1013 -413.313 244 66.1013 -413.313 -359.156 0.226288 -296.656 244 14.3825 -413.313 244 14.3825 -413.313 -401.156 0.226288 -236.813 359.781 14.3825 -317.688 359.781 14.3825 -317.688 -356.563 0.226288 -210.5 359.781 66.1013 -317.688 359.781 66.1013 -317.688 -274.094 0.226288 -310.406 405.063 14.3825 -257.469 405.063 14.3825 -257.469 405.063 14.3825 -257.469 -308.344 0.226288 -349.188 405.063 66.1013 -257.469 405.063 66.1013 -257.469 405.063 66.1013 -257.469 -222.125 0.226288 -349.469 440.344 14.3825 -190.938 440.344 14.3825 -190.938 -249.906 0.257538 -393.125 440.344 66.1013 -190.938 440.344 66.1013 -190.938 -164.719 0.226288 -379.906 464.813 14.3825 -119.688 464.813 14.3825 -119.688 -185.313 0.257538 -427.406 464.813 66.1013 -119.688 464.813 66.1013 -119.688 -103.25 0.226288 -401 477.813 14.3825 -45.5 477.813 14.3825 -45.5 -116.156 0.226288 -451.125 477.813 66.1013 -45.5 477.813 66.1013 -45.5 -39.25 0.226288 -412.219 296.656 80.2263 -359.156 -44.1875 0.226288 -463.75 263.688 80.2263 -319.281 -370.063 14.3825 -305.656 -370.063 14.3825 -305.656 210.5 80.2263 -356.563 -370.063 66.1013 -305.656 -370.063 66.1013 -305.656 236.813 80.2263 -401.156 -413.313 66.1013 -244 -413.313 66.1013 -244 349.188 80.2263 -308.344 -413.313 14.3825 -244 -413.313 14.3825 -244 310.406 80.2263 -274.094 -317.688 14.3825 -359.781 -317.688 14.3825 -359.781 393.125 80.2263 -249.906 -317.688 66.1013 -359.781 -317.688 66.1013 -359.781 349.469 80.2263 -222.125 -257.469 14.3825 -405.063 -257.469 14.3825 -405.063 -257.469 14.3825 -405.063 427.406 80.2263 -185.313 -257.469 66.1013 -405.063 -257.469 66.1013 -405.063 -257.469 66.1013 -405.063 379.906 80.2575 -164.719 -190.938 14.3825 -440.344 -190.938 14.3825 -440.344 451.125 80.2263 -116.156 -190.938 66.1013 -440.344 -190.938 66.1013 -440.344 401 80.2263 -103.25 -119.688 14.3825 -464.813 -119.688 14.3825 -464.813 463.75 80.2263 -44.1875 -119.688 66.1013 -464.813 -119.688 66.1013 -464.813 412.219 80.2263 -39.25 -45.5 14.3825 -477.813 -45.5 14.3825 -477.813 254.688 66.1013 -308.375 254.688 66.1013 -308.375 -45.5 66.1013 -477.813 -45.5 66.1013 -477.813 254.688 14.3825 -308.375 254.688 14.3825 -308.375 -359.156 80.2263 -296.656 203.344 14.3825 -344.406 203.344 14.3825 -344.406 -319.281 80.2263 -263.688 203.344 66.1013 -344.406 203.344 66.1013 -344.406 -356.563 80.2263 -210.5 299.813 66.1013 -264.719 299.813 66.1013 -264.719 -401.156 80.2263 -236.813 299.813 14.3825 -264.719 299.813 14.3825 -264.719 -308.344 80.2263 -349.188 337.531 66.1013 -214.563 337.531 66.1013 -214.563 337.531 66.1013 -214.563 -274.094 80.2263 -310.406 337.531 14.3825 -214.563 337.531 14.3825 -214.563 337.531 14.3825 -214.563 -249.906 80.2263 -393.125 366.969 66.1013 -159.094 366.969 66.1013 -159.094 -222.125 80.2263 -349.469 366.969 14.3825 -159.094 366.969 14.3825 -159.094 -185.313 80.2263 -427.406 387.344 66.1013 -99.7188 387.344 66.1013 -99.7188 -164.719 80.2575 -379.906 387.344 14.3825 -99.7188 387.344 14.3825 -99.7188 -116.156 80.2263 -451.125 398.156 66.1013 -37.9375 398.156 66.1013 -37.9375 -103.25 80.2263 -401 398.156 14.3825 -37.9375 398.156 14.3825 -37.9375 -44.1875 80.2263 -463.75 478.813 14.3825 15.6563 478.813 14.3825 15.6563 -39.25 80.2263 -412.219 478.813 66.1013 15.6563 478.813 66.1013 15.6563 -308.375 66.1013 -254.688 -308.375 66.1013 -254.688 464.938 66.1013 28.9063 464.938 66.1013 28.9063 464.938 66.1013 28.9063 -308.375 14.3825 -254.688 -308.375 14.3825 -254.688 464.938 14.3825 28.9063 464.938 14.3825 28.9063 464.938 14.3825 28.9063 -344.406 14.3825 -203.344 -344.406 14.3825 -203.344 413.313 14.3825 25.6875 413.313 14.3825 25.6875 -344.406 66.1013 -203.344 -344.406 66.1013 -203.344 413.313 66.1013 25.6875 413.313 66.1013 25.6875 -264.719 66.1013 -299.813 -264.719 66.1013 -299.813 413.125 0.226288 11.5313 413.125 0.226288 11.5313 -264.719 14.3825 -299.813 -264.719 14.3825 -299.813 464.656 0.226288 14.7188 464.656 0.226288 14.7188 -214.563 66.1013 -337.531 -214.563 66.1013 -337.531 -214.563 66.1013 -337.531 464.656 80.2263 14.7188 464.656 80.2263 14.7188 -214.563 14.3825 -337.531 -214.563 14.3825 -337.531 -214.563 14.3825 -337.531 413.125 80.2263 11.5313 413.125 80.2263 11.5313 -159.094 66.1013 -366.969 -159.094 66.1013 -366.969 398.969 66.1013 10.6875 398.969 66.1013 10.6875 398.969 66.1013 10.6875 -159.094 14.3825 -366.969 -159.094 14.3825 -366.969 398.969 14.3825 10.6875 398.969 14.3825 10.6875 398.969 14.3825 10.6875 -99.7188 66.1013 -387.344 -99.7188 66.1013 -387.344 189.031 66.1013 -440.188 189.031 66.1013 -440.188 -99.7188 14.3825 -387.344 -99.7188 14.3825 -387.344 189.031 14.3825 -440.188 189.031 14.3825 -440.188 -37.9375 66.1013 -398.156 -37.9375 66.1013 -398.156 171.125 14.3825 -433.25 171.125 14.3825 -433.25 171.125 14.3825 -433.25 -37.9375 14.3825 -398.156 -37.9375 14.3825 -398.156 171.125 66.1013 -433.25 171.125 66.1013 -433.25 171.125 66.1013 -433.25 15.6563 14.3825 -478.813 15.6563 14.3825 -478.813 152.125 66.1013 -385.156 152.125 66.1013 -385.156 15.6563 66.1013 -478.813 15.6563 66.1013 -478.813 152.125 14.3825 -385.156 152.125 14.3825 -385.156 28.9063 66.1013 -464.938 28.9063 66.1013 -464.938 28.9063 66.1013 -464.938 164.875 80.2263 -378.969 164.875 80.2263 -378.969 28.9063 14.3825 -464.938 28.9063 14.3825 -464.938 28.9063 14.3825 -464.938 183.844 80.2263 -427 183.844 80.2263 -427 25.6875 14.3825 -413.313 25.6875 14.3825 -413.313 183.844 0.226288 -427 183.844 0.226288 -427 25.6875 66.1013 -413.313 25.6875 66.1013 -413.313 164.875 0.226288 -378.969 164.875 0.226288 -378.969 11.5313 0.226288 -413.125 11.5313 0.226288 -413.125 159.625 14.3825 -365.813 159.625 14.3825 -365.813 159.625 14.3825 -365.813 14.7188 0.226288 -464.656 14.7188 0.226288 -464.656 159.625 66.1013 -365.813 159.625 66.1013 -365.813 159.625 66.1013 -365.813 14.7188 80.2263 -464.656 14.7188 80.2263 -464.656 11.5313 80.2263 -413.125 11.5313 80.2263 -413.125 10.6875 66.1013 -398.969 10.6875 66.1013 -398.969 10.6875 66.1013 -398.969 10.6875 14.3825 -398.969 10.6875 14.3825 -398.969 10.6875 14.3825 -398.969 -440.188 66.1013 -189.031 -440.188 66.1013 -189.031 -440.188 14.3825 -189.031 -440.188 14.3825 -189.031 -433.25 14.3825 -171.125 -433.25 14.3825 -171.125 -433.25 14.3825 -171.125 -433.25 66.1013 -171.125 -433.25 66.1013 -171.125 -433.25 66.1013 -171.125 -385.156 66.1013 -152.125 -385.156 66.1013 -152.125 -385.156 14.3825 -152.125 -385.156 14.3825 -152.125 -378.969 80.2263 -164.875 -378.969 80.2263 -164.875 -427 80.2263 -183.844 -427 80.2263 -183.844 -427 0.226288 -183.844 -427 0.226288 -183.844 -378.969 0.226288 -164.875 -378.969 0.226288 -164.875 -365.813 14.3825 -159.625 -365.813 14.3825 -159.625 -365.813 14.3825 -159.625 -365.813 66.1013 -159.625 -365.813 66.1013 -159.625 -365.813 66.1013 -159.625 -263.688 0.226288 319.281 -296.656 0.257538 359.156 -236.813 0.226288 401.156 -210.5 0.226288 356.563 -310.406 0.226288 274.094 -349.188 0.226288 308.344 -349.469 0.226288 222.125 -393.125 0.226288 249.906 -379.906 0.226288 164.719 -427.406 0.226288 185.313 -401 0.226288 103.25 -451.125 0.257538 116.156 -412.219 0.226288 39.25 -463.75 0.257538 44.1875 -305.656 14.3825 370.063 -305.656 14.3825 370.063 -305.656 66.1013 370.063 -305.656 66.1013 370.063 -244 66.1013 413.313 -244 66.1013 413.313 -244 14.3825 413.313 -244 14.3825 413.313 -359.781 14.3825 317.688 -359.781 14.3825 317.688 -359.781 66.1013 317.688 -359.781 66.1013 317.688 -405.063 14.3825 257.469 -405.063 14.3825 257.469 -405.063 14.3825 257.469 -405.063 66.1013 257.469 -405.063 66.1013 257.469 -405.063 66.1013 257.469 -440.344 14.3825 190.938 -440.344 14.3825 190.938 -440.344 66.1013 190.938 -440.344 66.1013 190.938 -464.813 14.3825 119.688 -464.813 14.3825 119.688 -464.813 66.1013 119.688 -464.813 66.1013 119.688 -477.813 14.3825 45.5 -477.813 14.3825 45.5 -477.813 66.1013 45.5 -477.813 66.1013 45.5 -296.656 80.2263 359.156 -263.688 80.2263 319.281 -210.5 80.2263 356.563 -236.813 80.2263 401.156 -349.188 80.2263 308.344 -310.406 80.2263 274.094 -393.125 80.2263 249.906 -349.469 80.2263 222.125 -427.406 80.2263 185.313 -379.906 80.2575 164.719 -451.125 80.2263 116.156 -401 80.2263 103.25 -463.75 80.2263 44.1875 -412.219 80.2263 39.25 -254.688 66.1013 308.375 -254.688 66.1013 308.375 -254.688 14.3825 308.375 -254.688 14.3825 308.375 -203.344 14.3825 344.406 -203.344 14.3825 344.406 -203.344 66.1013 344.406 -203.344 66.1013 344.406 -299.813 66.1013 264.719 -299.813 66.1013 264.719 -299.813 14.3825 264.719 -299.813 14.3825 264.719</float_array>
                    <technique_common>
                        <accessor count="576" source="#ID57" stride="3">
                            <param name="X" type="float"/>
                            <param name="Y" type="float"/>
                            <param name="Z" type="float"/>
                        </accessor>
                    </technique_common>
                </source>
                <source id="ID58">
                    <float_array id="ID59" count="1680">-0.0327743 0.885956 -0.462611 0.348927 0.937113 -0.00831668 -0.334685 0.92375 -0.186207 0.324612 0.923769 0.203168 -0.301601 0.92377 -0.23598 0.288677 0.923812 0.251469 -0.260738 0.923875 -0.280126 0.245716 0.923796 0.293641 -0.213702 0.923894 -0.317414 0.196705 0.923828 0.328403 -0.161476 0.923798 -0.347163 0.143251 0.92375 0.355198 -0.10519 0.923653 -0.368511 0.0858513 0.923785 0.373163 -0.0464787 0.923688 -0.380315 0.0261776 0.923874 0.381801 -0.165054 0.929597 -0.329555 -0.403334 0.897517 0.178285 0.0327743 0.885956 0.462611 -0.348927 0.937113 0.00831668 0.334685 0.92375 0.186207 -0.324612 0.923769 -0.203168 0.301601 0.92377 0.23598 -0.288677 0.923812 -0.251469 0.260738 0.923875 0.280126 -0.245716 0.923796 -0.293641 0.213702 0.923894 0.317414 -0.196705 0.923828 -0.328403 0.161476 0.923798 0.347163 -0.143251 0.92375 -0.355198 0.10519 0.923653 0.368511 -0.0858513 0.923785 -0.373163 0.0464787 0.923688 0.380315 -0.0261776 0.923874 -0.381801 0.165054 0.929597 0.329555 0.403334 0.897517 -0.178285 -0.462611 0.885956 0.0327743 -0.00831668 0.937113 -0.348927 -0.186207 0.92375 0.334685 0.203229 0.923807 -0.324467 -0.235801 0.923846 0.301507 0.251381 0.923868 -0.288573 -0.280113 0.923914 0.260613 0.293539 0.92376 -0.245971 -0.317613 0.923818 0.213736 0.328529 0.923735 -0.196935 -0.347416 0.923683 0.161594 0.35534 0.923729 -0.143029 -0.368379 0.92369 0.105325 0.373005 0.923877 -0.0855447 -0.380038 0.923804 0.0464448 0.381654 0.92393 -0.0263291 -0.329433 0.92966 0.164942 0.178316 0.897608 0.403116 0.462611 0.885956 -0.0327743 0.00831668 0.937113 0.348927 0.186207 0.92375 -0.334685 -0.203229 0.923807 0.324467 0.235801 0.923846 -0.301507 -0.251381 0.923868 0.288573 0.280113 0.923914 -0.260613 -0.293539 0.92376 0.245971 0.317613 0.923818 -0.213736 -0.328529 0.923735 0.196935 0.347416 0.923683 -0.161594 -0.35534 0.923729 0.143029 0.368379 0.92369 -0.105325 -0.373005 0.923877 0.0855448 0.380038 0.923804 -0.0464448 -0.381654 0.92393 0.0263291 0.329433 0.92966 -0.164942 -0.178316 0.897608 -0.403116 0.0167072 0 0.99986 0.0167072 0 0.999861 0.0687895 0 0.997631 0.120826 0 0.992674 0.223736 0 0.97465 0.274605 0 0.961557 0.373673 0 0.927561 0.421872 0 0.906655 0.468779 0 0.883315 0.89812 0 0.439751 0.873977 0 0.485968 0.847382 0 0.530984 0.787424 0 0.616412 0.754051 0 0.656816 0.681351 0 0.731957 0.642019 0 0.766688 0.601035 0 0.799223 -0.0167072 0 -0.99986 -0.0167072 0 -0.999861 -0.0687895 0 -0.997631 -0.120826 0 -0.992674 -0.223736 0 -0.97465 -0.274605 0 -0.961557 -0.373673 0 -0.927561 -0.421872 0 -0.906655 -0.468779 0 -0.883315 0.973508 0.164246 -0.159074 0.983728 -0.167864 0.0640343 0.874197 0 0.485571 0.847555 0 0.530708 0.787483 0 0.616337 0.754045 0 0.656823 0.681284 0 0.732019 0.641965 0 0.766734 0.600995 0 0.799253 -0.89812 0 -0.439751 -0.873977 0 -0.485968 -0.847382 0 -0.530984 -0.787424 0 -0.616412 -0.754051 0 -0.656816 -0.681351 0 -0.731957 -0.642019 0 -0.766688 -0.601035 0 -0.799223 -0.557401 -0.164869 0.813709 -0.359742 0.16798 0.917806 0.0686216 0 0.997643 0.120849 0 0.992671 0.223951 0 0.974601 0.274824 0 0.961495 0.37372 0 0.927541 0.42175 0 0.906712 0.468498 0 0.883465 0.813709 -0.164869 0.557401 0.917806 0.16798 0.359742 0.997643 0 -0.0686216 0.992671 0 -0.120849 0.974601 0 -0.223951 0.961495 0 -0.274824 0.927541 0 -0.37372 0.906712 0 -0.42175 0.883465 0 -0.468498 -0.99986 0 0.0167072 -0.999861 0 0.0167072 -0.997631 0 0.0687895 -0.992674 0 0.120826 -0.97465 0 0.223736 -0.961557 0 0.274605 -0.927561 0 0.373673 -0.906655 0 0.421872 -0.883315 0 0.468779 -0.159074 0.164246 -0.973508 0.0640343 -0.167864 -0.983728 0.485571 0 -0.874197 0.530708 0 -0.847555 0.616337 0 -0.787483 0.656823 0 -0.754045 0.732019 0 -0.681284 0.766734 0 -0.641965 0.799253 0 -0.600995 -0.439751 -0 0.89812 -0.485968 0 0.873977 -0.530984 0 0.847382 -0.616412 0 0.787424 -0.656816 0 0.754051 -0.731957 0 0.681351 -0.766688 0 0.642019 -0.799223 0 0.601035 0.439751 0 -0.89812 0.485968 0 -0.873977 0.530984 0 -0.847382 0.616412 0 -0.787424 0.656816 0 -0.754051 0.731957 0 -0.681351 0.766688 0 -0.642019 0.799223 0 -0.601035 0.557401 -0.164869 -0.813709 0.359742 0.16798 -0.917806 -0.0686216 0 -0.997643 -0.120849 0 -0.992671 -0.223951 0 -0.974601 -0.274824 0 -0.961495 -0.37372 0 -0.927541 -0.42175 0 -0.906712 -0.468498 0 -0.883465 0.159074 0.164246 0.973508 -0.0640343 -0.167864 0.983728 -0.485571 0 0.874197 -0.530708 0 0.847555 -0.616337 0 0.787483 -0.656823 0 0.754045 -0.732019 0 0.681284 -0.766734 0 0.641965 -0.799253 0 0.600995 0.99986 -0 -0.0167072 0.999861 0 -0.0167072 0.997631 0 -0.0687895 0.992674 0 -0.120826 0.97465 0 -0.223736 0.961557 0 -0.274605 0.927561 0 -0.373673 0.906655 0 -0.421872 0.883315 0 -0.468779 -0.973508 0.164246 0.159074 -0.983728 -0.167864 -0.0640343 -0.874197 0 -0.485571 -0.847555 0 -0.530708 -0.787483 0 -0.616337 -0.754045 0 -0.656823 -0.681284 0 -0.732019 -0.641965 0 -0.766734 -0.600995 0 -0.799253 -0.813709 -0.164869 -0.557401 -0.917806 0.16798 -0.359742 -0.997643 0 0.0686216 -0.992671 0 0.120849 -0.974601 0 0.223951 -0.961495 0 0.274824 -0.927541 0 0.37372 -0.906712 0 0.42175 -0.883465 0 0.468498 -0.707761 0.70636 0.0114184 -0.70198 0.707046 0.0855018 0.194504 0.706489 0.680472 0.0855962 0.706264 0.702755 0.259673 -0.707269 -0.657525 0.25974 -0.707195 -0.65758 0.259806 -0.70712 -0.657634 0.885907 0.312028 -0.343231 0.912244 -0.207111 -0.353435 0.635461 -0.70715 0.310045 0.618019 -0.707321 0.343145 0.635885 -0.706537 0.310573 0.599321 -0.707066 0.375329 0.556745 -0.707219 0.435749 0.533116 -0.707241 0.464326 0.481753 -0.707121 0.517584 0.453978 -0.707034 0.542224 0.394884 -0.707099 0.586581 0.363643 -0.706955 0.606612 0.298341 -0.706763 0.641466 0.264304 -0.706781 0.656205 0.194321 -0.707003 0.67999 0.158387 -0.707135 0.68911 0.0852742 -0.707053 0.702001 0.0483002 -0.70744 0.705121 -0.0489685 0.706673 -0.705844 -0.0118205 0.706705 -0.70741 -0.902996 0.156077 -0.400297 -0.804487 -0.153764 -0.573722 -0.677795 0.195421 -0.708805 -0.660327 -0.295168 -0.690538 -0.0855512 -0.706784 -0.702238 -0.0122212 -0.706748 -0.70736 -0.0489783 -0.707434 -0.70508 -0.0126109 -0.707455 -0.706645 -0.705933 -0.70691 -0.044014 -0.70562 -0.707235 -0.0438206 -0.705307 -0.707559 -0.0436272 0.0112246 -0.706731 0.707393 0.011555 -0.707458 0.706661 -0.7064 0.706452 -0.0438689 -0.706079 0.706763 -0.0440231 -0.686815 -0.313225 0.655878 -0.707507 0.207238 0.675638 0.0112373 0.705976 0.708146 0.367428 0 -0.930052 0.0207547 -0.156382 -0.987479 -0.178361 0.153561 -0.971909 -0.998062 0 -0.0622278 -0.998062 0 -0.0622278 0.482296 0.706336 0.518151 0.39489 0.706842 0.586887 0.70508 -0.707434 -0.0489783 0.689606 -0.706629 -0.158491 0.702238 -0.706784 -0.0855512 0.680722 -0.70624 -0.194533 0.310956 -0.707096 -0.635076 0.343935 -0.707034 -0.617908 0.311653 -0.706361 -0.635552 0.375745 -0.70679 -0.599386 0.987479 -0.156382 0.0207547 0.971909 0.153561 -0.178361 0.914327 -0.195786 -0.354505 0.890953 0.294741 -0.345442 0.31201 0.705547 -0.636281 0.375916 0.706022 -0.600184 0.464719 0.706645 -0.533562 0.542563 0.706597 -0.454254 0.60729 0.706167 -0.364042 0.657135 0.705756 -0.26473 0.658218 0.706491 0.260037 0.658306 0.706413 0.260027 -0.310915 0.706346 0.63593 -0.343482 0.706524 0.618744 -0.436011 0.706965 0.556862 -0.517902 0.706595 0.482183 -0.587271 0.706319 0.395254 -0.64214 0.705974 0.298759 0.343231 0.312028 0.885907 0.353435 -0.207111 0.912244 -0.310045 -0.70715 0.635461 -0.343145 -0.707321 0.618019 -0.310573 -0.706537 0.635885 -0.375329 -0.707066 0.599321 0.70741 0.706705 -0.0118205 0.705844 0.706673 -0.0489685 0.400297 0.156077 -0.902996 0.573722 -0.153764 -0.804487 0.708805 0.195421 -0.677795 0.690538 -0.295168 -0.660327 0.706645 -0.707455 -0.0126109 0.70736 -0.706748 -0.0122212 0.044014 -0.70691 -0.705933 0.0438206 -0.707235 -0.70562 0.0436272 -0.707559 -0.705307 -0.706661 -0.707458 0.011555 -0.705121 -0.70744 0.0483002 -0.707393 -0.706731 0.0112246 -0.702001 -0.707053 0.0852742 0.0438689 0.706452 -0.7064 0.0440231 0.706763 -0.706079 -0.655878 -0.313225 -0.686815 -0.675638 0.207238 -0.707507 0.930052 0 0.367428 0.0622278 -0 -0.998062 0.0622278 0 -0.998062 0.657525 -0.707269 0.259673 0.65758 -0.707195 0.25974 0.657634 -0.70712 0.259806 0.635076 -0.707096 0.310956 0.617908 -0.707034 0.343935 0.635552 -0.706361 0.311653 0.599386 -0.70679 0.375745 0.556913 -0.707068 0.435778 0.533059 -0.707426 0.464108 0.481566 -0.707464 0.517291 0.453771 -0.707383 0.541943 0.394768 -0.707259 0.586467 0.363611 -0.706702 0.606926 0.298464 -0.706243 0.641981 0.264565 -0.706007 0.656932 0.194533 -0.70624 0.680722 0.158491 -0.706629 0.689606 0.0855512 -0.706784 0.702238 0.0489783 -0.707434 0.70508 -0.0207547 -0.156382 0.987479 0.178361 0.153561 0.971909 0.354505 -0.195786 0.914327 0.345442 0.294741 0.890953 0.636281 0.705547 0.31201 0.600184 0.706022 0.375916 0.533562 0.706645 0.464719 0.454254 0.706597 0.542563 0.364042 0.706167 0.60729 0.26473 0.705756 0.657135 0.158554 0.70585 0.690388 0.0489685 0.706673 0.705844 -0.260037 0.706491 0.658218 -0.260027 0.706413 0.658306 -0.63593 0.706346 -0.310915 -0.618744 0.706524 -0.343482 -0.557326 0.706442 -0.436264 -0.482296 0.706336 -0.518151 -0.39489 0.706842 -0.586887 -0.29843 0.706756 -0.641432 -0.194504 0.706489 -0.680472 -0.0855962 0.706264 -0.702755 -0.259673 -0.707269 0.657525 -0.25974 -0.707195 0.65758 -0.259806 -0.70712 0.657634 -0.885907 0.312028 0.343231 -0.912244 -0.207111 0.353435 -0.635461 -0.70715 -0.310045 -0.618019 -0.707321 -0.343145 -0.635885 -0.706537 -0.310573 -0.599321 -0.707066 -0.375329 -0.556745 -0.707219 -0.435749 -0.533116 -0.707241 -0.464326 -0.481753 -0.707121 -0.517584 -0.453978 -0.707034 -0.542224 -0.394884 -0.707099 -0.586581 -0.363643 -0.706955 -0.606612 -0.298341 -0.706763 -0.641466 -0.264304 -0.706781 -0.656205 -0.194321 -0.707003 -0.67999 -0.158387 -0.707135 -0.68911 -0.0852742 -0.707053 -0.702001 -0.0483002 -0.70744 -0.705121 0.0118205 0.706705 0.70741 0.902996 0.156077 0.400297 0.804487 -0.153764 0.573722 0.677795 0.195421 0.708805 0.660327 -0.295168 0.690538 0.0122212 -0.706748 0.70736 0.0126109 -0.707455 0.706645 0.705933 -0.70691 0.044014 0.70562 -0.707235 0.0438206 0.705307 -0.707559 0.0436272 -0.0112246 -0.706731 -0.707393 -0.011555 -0.707458 -0.706661 0.7064 0.706452 0.0438689 0.706079 0.706763 0.0440231 0.686815 -0.313225 -0.655878 0.707507 0.207238 -0.675638 -0.0112373 0.705976 -0.708146 -0.367428 -0 0.930052 0.998062 0 0.0622278 0.998062 0 0.0622278 -0.656205 -0.706781 0.264304 -0.606612 -0.706955 0.363643 -0.641466 -0.706763 0.298341 -0.586581 -0.707099 0.394884 0.656932 -0.706007 -0.264565 0.641981 -0.706243 -0.298464 0.606926 -0.706702 -0.363611 0.586467 -0.707259 -0.394768 0.541943 -0.707383 -0.453771 0.517291 -0.707464 -0.481566 0.464108 -0.707426 -0.533059 0.435778 -0.707068 -0.556913 -0.68911 -0.707135 0.158387 -0.67999 -0.707003 0.194321 -0.310956 -0.707096 0.635076 -0.343935 -0.707034 0.617908 -0.311653 -0.706361 0.635552 -0.375745 -0.70679 0.599386 -0.435778 -0.707068 0.556913 -0.464108 -0.707426 0.533059 -0.517291 -0.707464 0.481566 -0.541943 -0.707383 0.453771 -0.586467 -0.707259 0.394768 -0.606926 -0.706702 0.363611 -0.641981 -0.706243 0.298464 -0.656932 -0.706007 0.264565 -0.680722 -0.70624 0.194533 -0.689606 -0.706629 0.158491 -0.702238 -0.706784 0.0855512 -0.70508 -0.707434 0.0489783 -0.987479 -0.156382 -0.0207547 -0.971909 0.153561 0.178361 -0.914327 -0.195786 0.354505 -0.890953 0.294741 0.345442 -0.31201 0.705547 0.636281 -0.375916 0.706022 0.600184 -0.464719 0.706645 0.533562 -0.542563 0.706597 0.454254 -0.60729 0.706167 0.364042 -0.657135 0.705756 0.26473 -0.690388 0.70585 0.158554 -0.705844 0.706673 0.0489685 -0.658218 0.706491 -0.260037 -0.658306 0.706413 -0.260027 0.310915 0.706346 -0.63593 0.343482 0.706524 -0.618744 0.436011 0.706965 -0.556862 0.517902 0.706595 -0.482183 0.587271 0.706319 -0.395254 0.64214 0.705974 -0.298759 0.680267 0.706752 -0.194264 0.70198 0.707046 -0.0855018 -0.657525 -0.707269 -0.259673 -0.65758 -0.707195 -0.25974 -0.657634 -0.70712 -0.259806 -0.343231 0.312028 -0.885907 -0.353435 -0.207111 -0.912244 0.310045 -0.70715 -0.635461 0.343145 -0.707321 -0.618019 0.310573 -0.706537 -0.635885 0.375329 -0.707066 -0.599321 0.435749 -0.707219 -0.556745 0.464326 -0.707241 -0.533116 0.517584 -0.707121 -0.481753 0.542224 -0.707034 -0.453978 0.586581 -0.707099 -0.394884 0.606612 -0.706955 -0.363643 0.641466 -0.706763 -0.298341 0.656205 -0.706781 -0.264304 0.67999 -0.707003 -0.194321 0.68911 -0.707135 -0.158387 0.702001 -0.707053 -0.0852742 0.705121 -0.70744 -0.0483002 -0.70741 0.706705 0.0118205 -0.400297 0.156077 0.902996 -0.573722 -0.153764 0.804487 -0.708805 0.195421 0.677795 -0.690538 -0.295168 0.660327 -0.70736 -0.706748 0.0122212 -0.706645 -0.707455 0.0126109 -0.044014 -0.70691 0.705933 -0.0438206 -0.707235 0.70562 -0.0436272 -0.707559 0.705307 0.707393 -0.706731 -0.0112246 0.706661 -0.707458 -0.011555 -0.0438689 0.706452 0.7064 -0.0440231 0.706763 0.706079 0.655878 -0.313225 0.686815 0.675638 0.207238 0.707507 0.707761 0.70636 -0.0114184 -0.930052 0 -0.367428 -0.0622278 0 0.998062 -0.0622278 0 0.998062 -0.542224 -0.707034 0.453978 -0.517584 -0.707121 0.481753 -0.464326 -0.707241 0.533116 -0.435749 -0.707219 0.556745 -0.680267 0.706752 0.194264 0.690388 0.70585 -0.158554 -0.635076 -0.707096 -0.310956 -0.617908 -0.707034 -0.343935 -0.635552 -0.706361 -0.311653 -0.599386 -0.70679 -0.375745 -0.556913 -0.707068 -0.435778 -0.533059 -0.707426 -0.464108 -0.481566 -0.707464 -0.517291 -0.453771 -0.707383 -0.541943 -0.394768 -0.707259 -0.586467 -0.363611 -0.706702 -0.606926 -0.298464 -0.706243 -0.641981 -0.264565 -0.706007 -0.656932 -0.194533 -0.70624 -0.680722 -0.158491 -0.706629 -0.689606 -0.354505 -0.195786 -0.914327 -0.345442 0.294741 -0.890953 -0.636281 0.705547 -0.31201 -0.600184 0.706022 -0.375916 -0.533562 0.706645 -0.464719 -0.454254 0.706597 -0.542563 -0.364042 0.706167 -0.60729 -0.26473 0.705756 -0.657135 -0.158554 0.70585 -0.690388 0.260037 0.706491 -0.658218 0.260027 0.706413 -0.658306 0.63593 0.706346 0.310915 0.618744 0.706524 0.343482 0.557326 0.706442 0.436264 0.29843 0.706756 0.641432 0.770377 0.563295 -0.298692 0.290921 0.592898 0.750891 0.290695 -0.593748 0.750307 0.597223 0.563184 -0.571094 0.596804 -0.564034 -0.570693 -0.555116 -0.594926 -0.5813 -0.555549 0.594076 -0.581755 0.298692 0.563295 0.770377 -0.750891 0.592898 0.290921 -0.750307 -0.593748 0.290695 0.571094 0.563184 0.597223 0.570694 -0.564034 0.596804 0.298483 -0.564145 0.769836 0.5813 -0.594926 -0.555116 0.581755 0.594076 -0.555549 -0.769836 -0.564145 0.298483 -0.770377 0.563295 0.298692 -0.290921 0.592898 -0.750891 -0.290695 -0.593748 -0.750307 -0.597223 0.563184 0.571094 -0.596804 -0.564034 0.570693 -0.571094 0.563184 -0.597223 0.750891 0.592898 -0.290921 0.750307 -0.593748 -0.290695 -0.5813 -0.594926 0.555116 -0.298692 0.563295 -0.770377 -0.298483 -0.564145 -0.769836 0.769836 -0.564145 -0.298483 0.555549 0.594076 0.581755 0.555116 -0.594926 0.5813 -0.570694 -0.564034 -0.596804 -0.581755 0.594076 0.555549</float_array>
                    <technique_common>
                        <accessor count="560" source="#ID59" stride="3">
                            <param name="X" type="float"/>
                            <param name="Y" type="float"/>
                            <param name="Z" type="float"/>
                        </accessor>
                    </technique_common>
                </source>
                <source id="ID60">
                    <float_array id="ID61" count="288">0.0925293 0.476257 0.026062 0.466614 0.108093 0.417236 0.0439453 0.398132 0.140442 0.345581 0.0803833 0.317505 0.184692 0.279419 0.130188 0.243103 0.239685 0.220398 0.192017 0.176697 0.304077 0.169983 0.264465 0.119995 0.376282 0.129456 0.345642 0.0744019 0.454468 0.0997925 0.433655 0.0410156 0.51886 0.0855713 0.508301 0.0245972 0.114807 0.753967 0.0473633 0.753967 0.114807 0.697449 0.0473633 0.697449 0.114807 0.628235 0.0473633 0.628235 0.114807 0.564331 0.0473633 0.564331 0.114807 0.507324 0.0473633 0.507324 0.200317 0.753967 0.132874 0.753967 0.200317 0.697449 0.132874 0.697449 0.200317 0.628235 0.132874 0.628235 0.200317 0.564331 0.132874 0.564331 0.200317 0.507324 0.132874 0.507324 0.426575 0.80658 0.359192 0.80658 0.426575 0.735474 0.359192 0.735474 0.426575 0.652405 0.359192 0.652405 0.426575 0.575745 0.359192 0.575745 0.426575 0.507324 0.359192 0.507324 0.30426 0.80658 0.236816 0.80658 0.30426 0.735474 0.236816 0.735474 0.30426 0.652405 0.236816 0.652405 0.30426 0.575745 0.236816 0.575745 0.30426 0.507324 0.236816 0.507324 0.505493 0.00793457 0.427979 0.0249634 0.33728 0.0593872 0.90741 0.975708 0.973877 0.966064 0.911621 0.992126 0.97821 0.982483 0.426575 0.825623 0.359192 0.825623 0.955994 0.897583 0.992065 0.96344 0.973511 0.892395 0.919556 0.816956 0.935913 0.809326 0.869812 0.742554 0.884644 0.732605 0.807922 0.676147 0.820923 0.664246 0.735474 0.619446 0.746338 0.605774 0.654297 0.573853 0.662659 0.558838 0.566284 0.540466 0.57196 0.524414 0.460144 0.115845 0.52179 0.102234 0.0303345 0.785461 0.0303345 0.84729 0.00787354 0.785461 0.00787354 0.84729 0.539795 0.615295 0.478149 0.601685 0.545471 0.599243 0.481079 0.584961 0.463135 0.581055 0.473694 0.520081 0.491638 0.524048 0.494446 0.507324 0.536804 0.081665 0.526245 0.0206299 0.30426 0.825623 0.236816 0.825623 0.115234 0.918884 0.115234 0.857117 0.181824 0.918884 0.181824 0.857117 0.0968628 0.785461 0.0968628 0.84729 0.115295 0.233154 0.179016 0.164795 0.623657 0.628906 0.615295 0.643921 0.88916 0.978394 0.874329 0.921875 0.891846 0.916687 0.204285 0.918884 0.204285 0.857117 0.110779 0.478943 0.12561 0.422485 0.15686 0.35321 0.199585 0.289307 0.252747 0.232361 0.31488 0.183655 0.0883179 0.492737 0.0217285 0.483032 0.00787354 0.463989 0.0264282 0.392944 0.0640259 0.309875 0.253601 0.106384 0.843079 0.852661 0.859497 0.845032 0.800354 0.788757 0.815247 0.77887 0.747192 0.73175 0.760254 0.719849 0.685059 0.683105 0.695862 0.669434 0.384644 0.14447 0.186096 0.840271 0.445007 0.809143 0.340759 0.809143 0.026062 0.768616 0.026062 0.864136 0.322693 0.809143 0.218445 0.809143 0.186096 0.935791</float_array>
                    <technique_common>
                        <accessor count="144" source="#ID61" stride="2">
                            <param name="S" type="float"/>
                            <param name="T" type="float"/>
                        </accessor>
                    </technique_common>
                </source>
                <vertices id="ID62">
                    <input semantic="POSITION" source="#ID56"/>
                </vertices>
                <triangles count="560" material="Material1">
                    <input offset="0" semantic="VERTEX" source="#ID62"/>
                    <input offset="1" semantic="NORMAL" source="#ID58"/>
                    <input offset="2" semantic="TEXCOORD" source="#ID60" set="0"/>
                    <p>245 2 2 497 1 1 499 0 0 497 1 1 245 2 2 242 3 3 236 4 4 242 3 3 245 2 2 242 3 3 236 4 4 239 5 5 248 6 6 239 5 5 236 4 4 239 5 5 248 6 6 252 7 7 256 8 8 252 7 7 248 6 6 252 7 7 256 8 8 259 9 9 262 10 10 259 9 9 256 8 8 259 9 9 262 10 10 265 11 11 268 12 12 265 11 11 262 10 10 265 11 11 268 12 12 271 13 13 274 14 14 271 13 13 268 12 12 271 13 13 274 14 14 276 15 15 459 16 16 276 15 15 274 14 14 276 15 15 459 16 16 464 17 17 77 20 2 209 19 1 211 18 0 209 19 1 77 20 2 76 21 3 74 22 4 76 21 3 77 20 2 76 21 3 74 22 4 75 23 5 78 24 6 75 23 5 74 22 4 75 23 5 78 24 6 79 25 7 80 26 8 79 25 7 78 24 6 79 25 7 80 26 8 81 27 9 82 28 10 81 27 9 80 26 8 81 27 9 82 28 10 83 29 11 84 30 12 83 29 11 82 28 10 83 29 11 84 30 12 85 31 13 86 32 14 85 31 13 84 30 12 85 31 13 86 32 14 87 33 15 177 34 16 87 33 15 86 32 14 87 33 15 177 34 16 179 35 17 509 38 2 65 37 1 67 36 0 65 37 1 509 38 2 508 39 3 506 40 4 508 39 3 509 38 2 508 39 3 506 40 4 507 41 5 510 42 6 507 41 5 506 40 4 507 41 5 510 42 6 511 43 7 512 44 8 511 43 7 510 42 6 511 43 7 512 44 8 513 45 9 514 46 10 513 45 9 512 44 8 513 45 9 514 46 10 515 47 11 516 48 12 515 47 11 514 46 10 515 47 11 516 48 12 517 49 13 518 50 14 517 49 13 516 48 12 517 49 13 518 50 14 519 51 15 33 52 16 519 51 15 518 50 14 519 51 15 33 52 16 35 53 17 221 56 2 453 55 1 457 54 0 453 55 1 221 56 2 220 57 3 218 58 4 220 57 3 221 56 2 220 57 3 218 58 4 219 59 5 222 60 6 219 59 5 218 58 4 219 59 5 222 60 6 223 61 7 224 62 8 223 61 7 222 60 6 223 61 7 224 62 8 225 63 9 226 64 10 225 63 9 224 62 8 225 63 9 226 64 10 227 65 11 228 66 12 227 65 11 226 64 10 227 65 11 228 66 12 229 67 13 230 68 14 229 67 13 228 66 12 229 67 13 230 68 14 231 69 15 389 70 16 231 69 15 230 68 14 231 69 15 389 70 16 393 71 17 160 74 20 184 73 19 187 72 18 184 73 19 160 74 20 158 75 21 156 76 22 158 75 21 160 74 20 158 75 21 156 76 22 155 77 23 152 78 24 155 77 23 156 76 22 155 77 23 152 78 24 151 79 25 148 80 26 151 79 25 152 78 24 151 79 25 148 80 26 146 80 27 138 82 30 212 81 29 215 81 28 212 81 29 138 82 30 136 83 31 133 84 32 136 83 31 138 82 30 136 83 31 133 84 32 134 85 33 141 86 34 134 85 33 133 84 32 134 85 33 141 86 34 142 87 35 145 88 36 142 87 35 141 86 34 142 87 35 145 88 36 147 88 37 427 91 20 472 90 19 475 89 18 472 90 19 427 91 20 422 92 21 418 93 22 422 92 21 427 91 20 422 92 21 418 93 22 415 94 23 409 95 24 415 94 23 418 93 22 415 94 23 409 95 24 405 96 25 400 97 26 405 96 25 409 95 24 405 96 25 400 97 26 396 97 27 287 100 40 478 99 39 480 98 38 478 99 39 287 100 40 284 101 41 278 102 42 284 101 41 287 100 40 284 101 41 278 102 42 282 103 43 290 104 44 282 103 43 278 102 42 282 103 43 290 104 44 294 105 45 296 106 46 294 105 45 290 104 44 294 105 45 296 106 46 301 106 47 382 108 30 500 107 29 503 107 28 500 107 29 382 108 30 378 109 31 369 110 32 378 109 31 382 108 30 378 109 31 369 110 32 373 111 33 387 112 34 373 111 33 369 110 32 373 111 33 387 112 34 390 113 35 395 114 36 390 113 35 387 112 34 390 113 35 395 114 36 399 114 37 320 117 50 432 116 49 436 115 48 432 116 49 320 117 50 316 118 51 314 119 52 316 118 51 320 117 50 316 118 51 314 119 52 310 120 53 308 121 54 310 120 53 314 119 52 310 120 53 308 121 54 304 122 55 302 123 56 304 122 55 308 121 54 304 122 55 302 123 56 297 123 57 548 126 50 18 125 49 20 124 48 18 125 49 548 126 50 546 127 51 545 128 52 546 127 51 548 126 50 546 127 51 545 128 52 542 129 53 541 130 54 542 129 53 545 128 52 542 129 53 541 130 54 538 131 55 537 132 56 538 131 55 541 130 54 538 131 55 537 132 56 533 132 57 16 135 20 40 134 19 43 133 18 40 134 19 16 135 20 14 136 21 12 137 22 14 136 21 16 135 20 14 136 21 12 137 22 11 138 23 8 139 24 11 138 23 12 137 22 11 138 23 8 139 24 7 140 25 4 141 26 7 140 25 8 139 24 7 140 25 4 141 26 2 141 27 526 144 40 46 143 39 48 142 38 46 143 39 526 144 40 524 145 41 520 146 42 524 145 41 526 144 40 524 145 41 520 146 42 523 147 43 528 148 44 523 147 43 520 146 42 523 147 43 528 148 44 531 149 45 532 150 46 531 149 45 528 148 44 531 149 45 532 150 46 536 150 47 570 152 30 68 151 29 71 151 28 68 151 29 570 152 30 568 153 31 565 154 32 568 153 31 570 152 30 568 153 31 565 154 32 566 155 33 573 156 34 566 155 33 565 154 32 566 155 33 573 156 34 574 157 35 1 158 36 574 157 35 573 156 34 574 157 35 1 158 36 3 158 37 328 160 30 460 159 29 465 159 28 460 159 29 328 160 30 325 161 31 319 162 32 325 161 31 328 160 30 325 161 31 319 162 32 322 163 33 332 164 34 322 163 33 319 162 32 322 163 33 332 164 34 334 165 35 338 166 36 334 165 35 332 164 34 334 165 35 338 166 36 341 166 37 116 169 50 162 168 49 164 167 48 162 168 49 116 169 50 114 170 51 113 171 52 114 170 51 116 169 50 114 170 51 113 171 52 110 172 53 109 173 54 110 172 53 113 171 52 110 172 53 109 173 54 106 174 55 105 175 56 106 174 55 109 173 54 106 174 55 105 175 56 101 175 57 240 178 40 416 177 39 420 176 38 416 177 39 240 178 40 237 179 41 232 180 42 237 179 41 240 178 40 237 179 41 232 180 42 235 181 43 243 182 44 235 181 43 232 180 42 235 181 43 243 182 44 247 183 45 249 184 46 247 183 45 243 182 44 247 183 45 249 184 46 254 184 47 360 187 20 406 186 19 411 185 18 406 186 19 360 187 20 357 188 21 354 189 22 357 188 21 360 187 20 357 188 21 354 189 22 352 190 23 348 191 24 352 190 23 354 189 22 352 190 23 348 191 24 346 192 25 342 193 26 346 192 25 348 191 24 346 192 25 342 193 26 339 193 27 94 196 40 190 195 39 192 194 38 190 195 39 94 196 40 92 197 41 88 198 42 92 197 41 94 196 40 92 197 41 88 198 42 91 199 43 96 200 44 91 199 43 88 198 42 91 199 43 96 200 44 99 201 45 100 202 46 99 201 45 96 200 44 99 201 45 100 202 46 104 202 47 272 205 50 363 204 49 366 203 48 363 204 49 272 205 50 269 206 51 267 207 52 269 206 51 272 205 50 269 206 51 267 207 52 263 208 53 261 209 54 263 208 53 267 207 52 263 208 53 261 209 54 257 210 55 255 211 56 257 210 55 261 209 54 257 210 55 255 211 56 250 211 57 364 212 58 231 69 15 393 71 17 231 69 15 364 212 58 270 213 59 271 13 13 317 215 59 311 214 60 317 215 59 271 13 13 276 15 15 489 217 63 495 217 62 493 216 61 495 217 62 489 217 63 487 218 64 480 98 38 486 220 66 483 219 65 486 220 66 480 98 38 478 99 39 479 223 68 333 222 67 495 221 62 333 222 67 479 223 68 285 224 69 285 224 69 324 225 70 333 222 67 324 225 70 285 224 69 281 226 71 281 226 71 336 227 72 324 225 70 336 227 72 281 226 71 293 228 73 293 228 73 344 229 74 336 227 72 344 229 74 293 228 73 300 230 75 300 230 75 350 231 76 344 229 74 350 231 76 300 230 75 307 232 77 307 232 77 356 233 78 350 231 76 356 233 78 307 232 77 313 234 79 313 234 79 362 235 80 356 233 78 362 235 80 313 234 79 321 236 81 428 237 82 459 16 16 274 14 14 459 16 16 428 237 82 477 238 83 476 241 86 454 240 85 450 239 84 454 240 85 476 241 86 474 242 87 365 245 90 473 244 89 423 243 88 473 244 89 365 245 90 471 246 91 471 248 91 442 248 93 455 247 92 442 248 93 471 248 91 469 249 94 321 236 81 469 250 94 362 235 80 469 250 94 321 236 81 437 251 95 451 252 96 464 17 17 459 16 16 464 17 17 451 252 96 447 253 97 436 115 48 446 255 99 441 254 98 446 255 99 436 115 48 432 116 49 276 15 15 433 256 58 317 215 59 433 256 58 276 15 15 464 17 17 488 258 102 482 257 101 485 257 100 482 257 101 488 258 102 490 259 103 450 239 84 440 261 105 445 260 104 440 261 105 450 239 84 454 240 85 252 7 7 298 263 107 291 262 106 298 263 107 252 7 7 259 9 9 358 266 88 309 265 108 315 264 90 309 265 108 358 266 88 351 267 109 444 270 61 329 269 111 467 268 110 329 269 111 444 270 61 280 271 112 466 274 113 438 273 103 434 272 102 438 273 103 466 274 113 462 275 114 461 276 115 221 56 2 457 54 0 221 56 2 461 276 115 326 277 116 326 277 116 218 58 4 221 56 2 218 58 4 326 277 116 323 278 117 323 278 117 222 60 6 218 58 4 222 60 6 323 278 117 335 279 118 335 279 118 224 62 8 222 60 6 224 62 8 335 279 118 343 280 119 343 280 119 226 64 10 224 62 8 226 64 10 343 280 119 349 281 120 457 54 0 426 283 122 439 282 121 426 283 122 457 54 0 453 55 1 453 55 1 241 285 124 421 284 123 241 285 124 453 55 1 220 57 3 220 57 3 233 286 125 241 285 124 233 286 125 220 57 3 219 59 5 219 59 5 244 287 106 233 286 125 244 287 106 219 59 5 223 61 7 223 61 7 251 288 107 244 287 106 251 288 107 223 61 7 225 63 9 225 63 9 258 289 126 251 288 107 258 289 126 225 63 9 227 65 11 420 176 38 430 291 66 425 290 65 430 291 66 420 176 38 416 177 39 417 294 68 283 293 67 449 292 62 283 293 67 417 294 68 238 295 69 389 70 16 361 297 82 413 296 83 361 297 82 389 70 16 230 68 14 412 300 86 384 299 85 380 298 84 384 299 85 412 300 86 408 301 87 407 303 89 315 264 90 403 302 91 315 264 90 407 303 89 358 266 88 403 305 91 372 305 93 385 304 92 372 305 93 403 305 91 398 306 94 398 309 94 273 308 81 367 307 95 273 308 81 398 309 94 312 310 80 381 311 96 393 71 17 389 70 16 393 71 17 381 311 96 377 312 97 366 203 48 376 314 99 371 313 98 376 314 99 366 203 48 363 204 49 434 272 102 424 315 101 429 315 100 424 315 101 434 272 102 438 273 103 380 298 84 370 317 105 375 316 104 370 317 105 380 298 84 384 299 85 435 319 63 449 319 62 444 318 61 449 319 62 435 319 63 431 320 64 205 323 61 139 322 111 217 321 110 139 322 111 205 323 61 120 324 112 120 324 112 132 325 127 139 322 111 132 325 127 120 324 112 119 326 128 119 326 128 140 327 129 132 325 127 140 327 129 119 326 128 123 328 130 123 328 130 144 329 131 140 327 129 144 329 131 123 328 130 125 330 132 125 330 132 150 331 133 144 329 131 150 331 133 125 330 132 127 332 134 127 332 134 154 333 109 150 331 133 154 333 109 127 332 134 129 334 108 129 334 108 159 335 88 154 333 109 159 335 88 129 334 108 131 336 90 216 339 113 202 338 103 200 337 102 202 338 103 216 339 113 214 340 114 213 341 115 77 20 2 211 18 0 77 20 2 213 341 115 137 342 116 137 342 116 74 22 4 77 20 2 74 22 4 137 342 116 135 343 117 135 343 117 78 24 6 74 22 4 78 24 6 135 343 117 143 344 118 143 344 118 80 26 8 78 24 6 80 26 8 143 344 118 149 345 119 149 345 119 82 28 10 80 26 8 82 28 10 149 345 119 153 346 120 153 346 120 84 30 12 82 28 10 84 30 12 153 346 120 157 347 135 157 347 135 86 32 14 84 30 12 86 32 14 157 347 135 161 348 82 211 18 0 196 350 122 203 349 121 196 350 122 211 18 0 209 19 1 209 19 1 95 352 124 193 351 123 95 352 124 209 19 1 76 21 3 76 21 3 89 353 125 95 352 124 89 353 125 76 21 3 75 23 5 75 23 5 97 354 106 89 353 125 97 354 106 75 23 5 79 25 7 79 25 7 102 355 107 97 354 106 102 355 107 79 25 7 81 27 9 81 27 9 107 356 126 102 355 107 107 356 126 81 27 9 83 29 11 83 29 11 111 357 60 107 356 126 111 357 60 83 29 11 85 31 13 85 31 13 115 358 59 111 357 60 115 358 59 85 31 13 87 33 15 201 360 63 207 360 62 205 359 61 207 360 62 201 360 63 199 361 64 192 194 38 198 363 66 195 362 65 198 363 66 192 194 38 190 195 39 191 366 68 121 365 67 207 364 62 121 365 67 191 366 68 93 367 69 93 367 69 118 368 70 121 365 67 118 368 70 93 367 69 90 369 71 90 369 71 122 370 72 118 368 70 122 370 72 90 369 71 98 371 73 98 371 73 124 372 74 122 370 72 124 372 74 98 371 73 103 373 75 103 373 75 126 374 76 124 372 74 126 374 76 103 373 75 108 375 77 108 375 77 128 376 78 126 374 76 128 376 78 108 375 77 112 377 79 112 377 79 130 378 80 128 376 78 130 378 80 112 377 79 117 379 81 161 348 82 177 34 16 86 32 14 177 34 16 161 348 82 189 380 83 188 383 86 174 382 85 172 381 84 174 382 85 188 383 86 186 384 87 131 336 90 185 385 89 159 335 88 185 385 89 131 336 90 183 386 91 183 388 91 168 388 93 175 387 92 168 388 93 183 388 91 181 389 94 117 379 81 181 390 94 130 378 80 181 390 94 117 379 81 165 391 95 173 392 96 179 35 17 177 34 16 179 35 17 173 392 96 171 393 97 164 167 48 170 395 99 167 394 98 170 395 99 164 167 48 162 168 49 87 33 15 163 396 58 115 358 59 163 396 58 87 33 15 179 35 17 200 337 102 194 397 101 197 397 100 194 397 101 200 337 102 202 338 103 172 381 84 166 399 105 169 398 104 166 399 105 172 381 84 174 382 85 299 402 76 253 401 75 260 400 77 253 401 75 299 402 76 292 403 74 351 267 109 303 404 134 309 265 108 303 404 134 351 267 109 345 405 133 345 405 133 295 406 132 303 404 134 295 406 132 345 405 133 337 407 131 337 407 131 289 408 130 295 406 132 289 408 130 337 407 131 331 409 129 331 409 129 277 410 128 289 408 130 277 410 128 331 409 129 318 411 127 318 411 127 280 271 112 277 410 128 280 271 112 318 411 127 329 269 111 312 310 80 266 412 79 273 308 81 266 412 79 312 310 80 306 413 78 306 413 78 260 400 77 266 412 79 260 400 77 306 413 78 299 402 76 61 416 61 571 415 111 73 414 110 571 415 111 61 416 61 552 417 112 552 417 112 564 418 127 571 415 111 564 418 127 552 417 112 551 419 128 551 419 128 572 420 129 564 418 127 572 420 129 551 419 128 555 421 130 555 421 130 0 422 131 572 420 129 0 422 131 555 421 130 557 423 132 557 423 132 6 424 133 0 422 131 6 424 133 557 423 132 559 425 134 559 425 134 10 426 109 6 424 133 10 426 109 559 425 134 561 427 108 561 427 108 15 428 88 10 426 109 15 428 88 561 427 108 563 429 90 72 432 113 58 431 103 56 430 102 58 431 103 72 432 113 70 433 114 69 434 115 509 38 2 67 36 0 509 38 2 69 434 115 569 435 116 569 435 116 506 40 4 509 38 2 506 40 4 569 435 116 567 436 117 567 436 117 510 42 6 506 40 4 510 42 6 567 436 117 575 437 118 575 437 118 512 44 8 510 42 6 512 44 8 575 437 118 5 438 119 5 438 119 514 46 10 512 44 8 514 46 10 5 438 119 9 439 120 9 439 120 516 48 12 514 46 10 516 48 12 9 439 120 13 440 135 13 440 135 518 50 14 516 48 12 518 50 14 13 440 135 17 441 82 67 36 0 52 443 122 59 442 121 52 443 122 67 36 0 65 37 1 65 37 1 527 445 124 49 444 123 527 445 124 65 37 1 508 39 3 508 39 3 521 446 125 527 445 124 521 446 125 508 39 3 507 41 5 507 41 5 529 447 106 521 446 125 529 447 106 507 41 5 511 43 7 511 43 7 534 448 107 529 447 106 534 448 107 511 43 7 513 45 9 513 45 9 539 449 126 534 448 107 539 449 126 513 45 9 515 47 11 515 47 11 543 450 60 539 449 126 543 450 60 515 47 11 517 49 13 517 49 13 547 451 59 543 450 60 547 451 59 517 49 13 519 51 15 57 453 63 63 453 62 61 452 61 63 453 62 57 453 63 55 454 64 48 142 38 54 456 66 51 455 65 54 456 66 48 142 38 46 143 39 47 459 68 553 458 67 63 457 62 553 458 67 47 459 68 525 460 69 525 460 69 550 461 70 553 458 67 550 461 70 525 460 69 522 462 71 522 462 71 554 463 72 550 461 70 554 463 72 522 462 71 530 464 73 530 464 73 556 465 74 554 463 72 556 465 74 530 464 73 535 466 75 535 466 75 558 467 76 556 465 74 558 467 76 535 466 75 540 468 77 540 468 77 560 469 78 558 467 76 560 469 78 540 468 77 544 470 79 544 470 79 562 471 80 560 469 78 562 471 80 544 470 79 549 472 81 17 441 82 33 52 16 518 50 14 33 52 16 17 441 82 45 473 83 44 476 86 30 475 85 28 474 84 30 475 85 44 476 86 42 477 87 563 429 90 41 478 89 15 428 88 41 478 89 563 429 90 39 479 91 39 481 91 24 481 93 31 480 92 24 481 93 39 481 91 37 482 94 549 472 81 37 483 94 562 471 80 37 483 94 549 472 81 21 484 95 29 485 96 35 53 17 33 52 16 35 53 17 29 485 96 27 486 97 20 124 48 26 488 99 23 487 98 26 488 99 20 124 48 18 125 49 519 51 15 19 489 58 547 451 59 19 489 58 519 51 15 35 53 17 56 430 102 50 490 101 53 490 100 50 490 101 56 430 102 58 431 103 28 474 84 22 492 105 25 491 104 22 492 105 28 474 84 30 475 85 292 403 74 246 493 73 253 401 75 246 493 73 292 403 74 286 494 72 286 494 72 234 495 71 246 493 73 234 495 71 286 494 72 275 496 70 275 496 70 238 295 69 234 495 71 238 295 69 275 496 70 283 293 67 270 213 59 229 67 13 231 69 15 229 67 13 270 213 59 264 497 60 230 68 14 355 498 135 361 297 82 355 498 135 230 68 14 228 66 12 264 497 60 227 65 11 229 67 13 227 65 11 264 497 60 258 289 126 228 66 12 349 281 120 355 498 135 349 281 120 228 66 12 226 64 10 493 501 61 383 500 111 505 499 110 383 500 111 493 501 61 330 502 112 330 502 112 368 503 127 383 500 111 368 503 127 330 502 112 327 504 128 327 504 128 386 505 129 368 503 127 386 505 129 327 504 128 340 506 130 340 506 130 394 507 131 386 505 129 394 507 131 340 506 130 347 508 132 347 508 132 404 509 133 394 507 131 404 509 133 347 508 132 353 510 134 353 510 134 414 511 109 404 509 133 414 511 109 353 510 134 359 512 108 359 512 108 423 243 88 414 511 109 423 243 88 359 512 108 365 245 90 504 513 113 490 259 103 488 258 102 490 259 103 504 513 113 502 514 114 501 515 115 245 2 2 499 0 0 245 2 2 501 515 115 379 516 116 379 516 116 236 4 4 245 2 2 236 4 4 379 516 116 374 517 117 374 517 117 248 6 6 236 4 4 248 6 6 374 517 117 391 518 118 391 518 118 256 8 8 248 6 6 256 8 8 391 518 118 401 519 119 401 519 119 262 10 10 256 8 8 262 10 10 401 519 119 410 520 120 410 520 120 268 12 12 262 10 10 268 12 12 410 520 120 419 521 135 419 521 135 274 14 14 268 12 12 274 14 14 419 521 135 428 237 82 499 0 0 484 523 122 491 522 121 484 523 122 499 0 0 497 1 1 497 1 1 288 525 124 481 524 123 288 525 124 497 1 1 242 3 3 242 3 3 279 526 125 288 525 124 279 526 125 242 3 3 239 5 5 239 5 5 291 262 106 279 526 125 291 262 106 239 5 5 252 7 7 259 9 9 305 527 126 298 263 107 305 527 126 259 9 9 265 11 11 265 11 11 311 214 60 305 527 126 311 214 60 265 11 11 271 13 13 456 528 136 438 273 103 462 275 114 420 176 38 425 290 65 452 529 137 448 530 138 430 291 66 416 177 39 412 300 86 380 298 84 388 531 139 402 532 140 384 299 85 408 301 87 366 203 48 371 313 98 397 533 141 392 534 142 376 314 99 363 204 49 210 535 136 202 338 103 214 340 114 192 194 38 195 362 65 208 536 137 206 537 138 198 363 66 190 195 39 188 383 86 172 381 84 176 538 139 182 539 140 174 382 85 186 384 87 216 339 113 200 337 102 204 540 143 164 167 48 167 394 98 180 541 141 178 542 142 170 395 99 162 168 49 72 432 113 56 430 102 60 543 143 66 544 136 58 431 103 70 433 114 48 142 38 51 455 65 64 545 137 62 546 138 54 456 66 46 143 39 44 476 86 28 474 84 32 547 139 38 548 140 30 475 85 42 477 87 476 241 86 450 239 84 458 549 139 480 98 38 483 219 65 496 550 137 494 551 138 486 220 66 478 99 39 436 115 48 441 254 98 468 552 141 498 553 136 490 259 103 502 514 114 504 513 113 488 258 102 492 554 143 466 274 113 434 272 102 443 555 143 34 556 142 26 488 99 18 125 49 20 124 48 23 487 98 36 557 141 470 558 140 454 240 85 474 242 87 463 559 142 446 255 99 432 116 49</p>
                </triangles>
            </mesh>
        </geometry>
        <geometry id="ID64">
            <mesh>
                <source id="ID65">
                    <float_array id="ID66" count="855">370.719 48.5388 -64.9688 370.719 48.5388 -64.9688 418.938 48.5388 -73.4375 355.969 48.5388 -122.156 355.969 48.5388 -122.156 402.281 48.5388 -138.063 332.5 48.5388 -176.344 332.5 48.5388 -176.344 375.75 48.5388 -199.281 300.813 48.5388 -226.188 300.813 48.5388 -226.188 339.938 48.5388 -255.625 261.719 48.5388 -270.469 261.719 48.5388 -270.469 295.75 48.5388 -305.656 216.188 48.5388 -308.094 216.188 48.5388 -308.094 244.281 48.5388 -348.156 165.313 48.5388 -338.125 165.313 48.5388 -338.125 186.813 48.5388 -382.094 110.375 48.5388 -359.813 110.375 48.5388 -359.813 124.75 48.5388 -406.625 59.5938 34.445 -421.125 59.5938 34.445 -421.125 -7 34.445 -425.281 -73.4375 34.445 -418.938 -138.063 34.445 -402.281 -199.281 34.445 -375.75 -255.625 34.445 -339.938 -305.656 34.445 -295.75 -348.156 34.445 -244.281 -382.094 34.445 -186.813 -406.625 34.445 -124.75 -421.125 34.445 -59.5938 -425.281 34.445 7 -418.938 34.445 73.4375 -402.281 34.445 138.063 -375.75 34.445 199.281 -339.938 34.445 255.625 -295.75 34.445 305.656 -244.281 34.445 348.156 -186.813 34.445 382.094 -124.75 34.445 406.625 -59.5938 34.445 421.125 7 34.445 425.281 73.4375 34.445 418.938 138.063 34.445 402.281 199.281 34.445 375.75 255.625 34.445 339.938 305.656 34.445 295.75 348.156 34.445 244.281 382.094 34.445 186.813 406.625 34.445 124.75 421.125 34.445 59.5938 425.281 34.445 -7 418.938 34.445 -73.4375 402.281 34.445 -138.063 375.75 34.445 -199.281 339.938 34.445 -255.625 295.75 34.445 -305.656 244.281 34.445 -348.156 186.813 34.445 -382.094 124.75 34.445 -406.625 52.75 34.445 -372.656 52.75 34.445 -372.656 -6.1875 34.445 -376.313 -64.9688 34.445 -370.719 -122.156 34.445 -355.969 -176.344 34.445 -332.5 -226.188 34.445 -300.813 -270.469 34.445 -261.719 -308.094 34.445 -216.188 -338.125 34.445 -165.313 -359.813 34.445 -110.375 -372.656 34.445 -52.75 -376.313 34.445 6.1875 -370.719 34.445 64.9688 -355.969 34.445 122.156 -332.5 34.445 176.344 -300.813 34.445 226.188 -261.719 34.445 270.469 -216.188 34.445 308.094 -165.313 34.445 338.125 -110.375 34.445 359.813 -52.75 34.445 372.656 6.1875 34.445 376.313 64.9688 34.445 370.719 122.156 34.445 355.969 176.344 34.445 332.5 226.188 34.445 300.813 270.469 34.445 261.719 308.094 34.445 216.188 338.125 34.445 165.313 359.813 34.445 110.375 372.656 34.445 52.75 376.313 34.445 -6.1875 370.719 34.445 -64.9688 355.969 34.445 -122.156 332.5 34.445 -176.344 300.813 34.445 -226.188 261.719 34.445 -270.469 216.188 34.445 -308.094 165.313 34.445 -338.125 110.375 34.445 -359.813 -48.4063 38.4763 -339.938 -16.625 38.4763 -342.969 -16.625 44.5075 -342.969 -48.4063 44.5075 -339.938 -151.094 38.4763 -308.344 -121.813 38.4763 -321.031 -121.813 44.5075 -321.031 -151.094 44.5075 -308.344 -239 38.4763 -246.531 -215.063 38.4763 -267.688 -215.063 44.5075 -267.688 -239 44.5075 -246.531 -303.469 38.4763 -160.625 -287.25 38.4763 -188.125 -287.25 44.5075 -188.125 -303.469 44.5075 -160.625 -338.281 38.4763 -58.9688 -331.313 38.4763 -90.1563 -331.313 44.5075 -90.1563 -338.281 44.5075 -58.9688 -339.938 38.4763 48.4063 -342.969 38.4763 16.625 -342.969 44.5075 16.625 -339.938 44.5075 48.4063 -308.344 38.4763 151.094 -321.031 38.4763 121.813 -321.031 44.5075 121.813 -308.344 44.5075 151.094 -246.531 38.4763 239 -267.688 38.4763 215.063 -267.688 44.5075 215.063 -246.531 44.5075 239 -160.625 38.4763 303.469 -188.125 38.4763 287.25 -188.125 44.5075 287.25 -160.625 44.5075 303.469 -58.9688 38.4763 338.281 -90.1563 38.4763 331.313 -90.1563 44.5075 331.313 -58.9688 44.5075 338.281 48.4063 38.4763 339.938 16.625 38.4763 342.969 16.625 44.5075 342.969 48.4063 44.5075 339.938 151.094 38.4763 308.344 121.813 38.4763 321.031 121.813 44.5075 321.031 151.094 44.5075 308.344 239 38.4763 246.531 215.063 38.4763 267.688 215.063 44.5075 267.688 239 44.5075 246.531 303.469 38.4763 160.625 287.25 38.4763 188.125 287.25 44.5075 188.125 303.469 44.5075 160.625 338.281 38.4763 58.9688 331.313 38.4763 90.1563 331.313 44.5075 90.1563 338.281 44.5075 58.9688 339.938 38.4763 -48.4063 342.969 38.4763 -16.625 342.969 44.5075 -16.625 339.938 44.5075 -48.4063 308.344 38.4763 -151.094 321.031 38.4763 -121.813 321.031 44.5075 -121.813 308.344 44.5075 -151.094 246.531 38.4763 -239 267.688 38.4763 -215.063 267.688 44.5075 -215.063 246.531 44.5075 -239 160.625 38.4763 -303.469 188.125 38.4763 -287.25 188.125 44.5075 -287.25 160.625 44.5075 -303.469 58.9688 38.4763 -338.281 90.1563 38.4763 -331.313 90.1563 44.5075 -331.313 58.9688 44.5075 -338.281 -6.1875 48.5388 -376.313 -6.1875 48.5388 -376.313 52.75 48.5388 -372.656 52.75 48.5388 -372.656 52.75 48.5388 -372.656 52.75 48.5388 -372.656 59.5938 48.5388 -421.125 59.5938 48.5388 -421.125 -7 48.5388 -425.281 -64.9688 48.5388 -370.719 -64.9688 48.5388 -370.719 -73.4375 48.5388 -418.938 -122.156 48.5388 -355.969 -122.156 48.5388 -355.969 -138.063 48.5388 -402.281 -176.344 48.5388 -332.5 -176.344 48.5388 -332.5 -199.281 48.5388 -375.75 -226.188 48.5388 -300.813 -226.188 48.5388 -300.813 -255.625 48.5388 -339.938 -270.469 48.5388 -261.719 -270.469 48.5388 -261.719 -305.656 48.5388 -295.75 -308.094 48.5388 -216.188 -308.094 48.5388 -216.188 -348.156 48.5388 -244.281 -338.125 48.5388 -165.313 -338.125 48.5388 -165.313 -382.094 48.5388 -186.813 -359.813 48.5388 -110.375 -359.813 48.5388 -110.375 -406.625 48.5388 -124.75 -372.656 48.5388 -52.75 -372.656 48.5388 -52.75 -421.125 48.5388 -59.5938 -376.313 48.5388 6.1875 -376.313 48.5388 6.1875 -425.281 48.5388 7 -370.719 48.5388 64.9688 -370.719 48.5388 64.9688 -418.938 48.5388 73.4375 -355.969 48.5388 122.156 -355.969 48.5388 122.156 -402.281 48.5388 138.063 -332.5 48.5388 176.344 -332.5 48.5388 176.344 -375.75 48.5388 199.281 -300.813 48.5388 226.188 -300.813 48.5388 226.188 -339.938 48.5388 255.625 -261.719 48.5388 270.469 -261.719 48.5388 270.469 -295.75 48.5388 305.656 -216.188 48.5388 308.094 -216.188 48.5388 308.094 -244.281 48.5388 348.156 -165.313 48.5388 338.125 -165.313 48.5388 338.125 -186.813 48.5388 382.094 -110.375 48.5388 359.813 -110.375 48.5388 359.813 -124.75 48.5388 406.625 -52.75 48.5388 372.656 -52.75 48.5388 372.656 -59.5938 48.5388 421.125 6.1875 48.5388 376.313 6.1875 48.5388 376.313 7 48.5388 425.281 64.9688 48.5388 370.719 64.9688 48.5388 370.719 73.4375 48.5388 418.938 122.156 48.5388 355.969 122.156 48.5388 355.969 138.063 48.5388 402.281 176.344 48.5388 332.5 176.344 48.5388 332.5 199.281 48.5388 375.75 226.188 48.5388 300.813 226.188 48.5388 300.813 255.625 48.5388 339.938 270.469 48.5388 261.719 270.469 48.5388 261.719 305.656 48.5388 295.75 308.094 48.5388 216.188 308.094 48.5388 216.188 348.156 48.5388 244.281 338.125 48.5388 165.313 338.125 48.5388 165.313 382.094 48.5388 186.813 359.813 48.5388 110.375 359.813 48.5388 110.375 406.625 48.5388 124.75 372.656 48.5388 52.75 372.656 48.5388 52.75 421.125 48.5388 59.5938 376.313 48.5388 -6.1875 376.313 48.5388 -6.1875 425.281 48.5388 -7</float_array>
                    <technique_common>
                        <accessor count="285" source="#ID66" stride="3">
                            <param name="X" type="float"/>
                            <param name="Y" type="float"/>
                            <param name="Z" type="float"/>
                        </accessor>
                    </technique_common>
                </source>
                <source id="ID67">
                    <float_array id="ID68" count="732">-0.436585 -0.277427 -0.85582 -0.687269 -0.726271 -0.013867 -0.190625 -0.940834 -0.280168 -0.631571 -0.77481 -0.0280596 0 -1 -0 0.948909 -0.277397 0.150411 0.415617 -0.72624 -0.547575 0.338707 -0.940833 0.0105749 0.394087 -0.77466 -0.494567 0.150411 -0.277397 -0.948909 -0.547575 -0.72624 -0.415617 0.0105749 -0.940833 -0.338707 -0.494567 -0.77466 -0.394087 -0.679656 -0.277379 0.679064 0.198925 -0.726444 0.657805 -0.325662 -0.93624 0.131903 0.16882 -0.77485 0.609185 0.85582 -0.277427 -0.436585 0.013867 -0.726271 -0.687269 0.280168 -0.940834 -0.190625 0.0280596 -0.77481 -0.631571 -0.679064 -0.277379 -0.679656 -0.657805 -0.726444 0.198925 -0.267758 -0.940846 -0.207639 -0.609185 -0.77485 0.16882 0.436585 -0.277427 0.85582 0.687269 -0.726271 0.013867 0.190625 -0.940834 0.280168 0.631571 -0.77481 0.0280596 -0.85582 -0.277427 0.436585 -0.013867 -0.726271 0.687269 -0.280168 -0.940834 0.190625 -0.0280596 -0.77481 0.631571 0.679064 -0.277379 0.679656 0.657805 -0.726444 -0.198925 0.267758 -0.940846 0.207639 0.609185 -0.77485 -0.16882 0.436007 -0.27741 -0.85612 -0.392652 -0.726319 -0.564167 0.114631 -0.940838 -0.318877 -0.348678 -0.774801 -0.527358 0.150296 -0.277513 0.948893 0.649376 -0.726171 0.225803 0.0945013 -0.940853 0.32537 0.592075 -0.774694 0.22203 -0.948893 -0.277513 0.150296 -0.225803 -0.726171 0.649376 -0.32537 -0.940853 0.0945013 -0.22203 -0.774694 0.592075 0.948893 -0.277513 -0.150296 0.225803 -0.726171 -0.649376 0.32537 -0.940853 -0.0945013 0.22203 -0.774694 -0.592075 0.85612 -0.27741 0.436007 0.564167 -0.726319 -0.392652 0.318877 -0.940838 0.114631 0.527358 -0.774801 -0.348678 0.679656 -0.277379 -0.679064 -0.198925 -0.726444 -0.657805 0.207639 -0.940846 -0.267758 -0.16882 -0.77485 -0.609185 -0.948909 -0.277397 -0.150411 -0.415617 -0.72624 0.547575 -0.338707 -0.940833 -0.0105749 -0.394087 -0.77466 0.494567 -0.150296 -0.277513 -0.948893 -0.649376 -0.726171 -0.225803 -0.0945013 -0.940853 -0.32537 -0.592075 -0.774694 -0.22203 -0.436007 -0.27741 0.85612 0.392652 -0.726319 0.564167 -0.114631 -0.940838 0.318877 0.348678 -0.774801 0.527358 -0.150411 -0.277397 0.948909 0.547575 -0.72624 0.415617 -0.0105749 -0.940833 0.338707 0.494567 -0.77466 0.394087 -0.85612 -0.27741 -0.436007 -0.564167 -0.726319 0.392652 -0.318877 -0.940838 -0.114631 -0.527358 -0.774801 0.348678 -0.875514 0.435437 0.209453 0.147359 0.741631 0.654423 -0.459735 0.726285 0.511032 0.326678 0.277528 0.903471 -0.816182 0.29138 0.498944 -0.594803 0.726328 0.344466 -0.0623723 0.741582 0.667956 0.0317135 0.277363 0.960242 -0.93056 0.291436 0.221635 -0.672098 0.726422 0.143515 -0.265916 0.741446 0.616074 -0.266874 0.277295 0.922976 -0.953545 0.291399 -0.0764143 -0.68369 0.726277 -0.0713421 -0.443268 0.741421 0.503794 -0.539336 0.277361 0.795102 -0.883362 0.291407 -0.367089 -0.628245 0.7263 -0.27892 -0.576992 0.741569 0.34228 -0.75824 0.277413 0.590012 -0.726471 0.291432 -0.62234 -0.511032 0.726285 -0.459735 -0.654423 0.741631 0.147359 -0.903471 0.277528 0.326678 -0.498944 0.29138 -0.816182 -0.344466 0.726328 -0.594803 -0.667956 0.741582 -0.0623723 -0.960242 0.277363 0.0317135 -0.221635 0.291436 -0.93056 -0.143515 0.726422 -0.672098 -0.616074 0.741446 -0.265916 -0.922976 0.277295 -0.266874 0.0764143 0.291399 -0.953545 0.0713421 0.726277 -0.68369 -0.503794 0.741421 -0.443268 -0.795102 0.277361 -0.539336 0.367089 0.291407 -0.883362 0.27892 0.7263 -0.628245 -0.34228 0.741569 -0.576992 -0.590012 0.277413 -0.75824 0.62234 0.291432 -0.726471 0.459735 0.726285 -0.511032 -0.147359 0.741631 -0.654423 -0.326678 0.277528 -0.903471 0.816182 0.29138 -0.498944 0.594803 0.726328 -0.344466 0.0623723 0.741582 -0.667956 -0.0317135 0.277363 -0.960242 0.93056 0.291436 -0.221635 0.672098 0.726422 -0.143515 0.265916 0.741446 -0.616074 0.266874 0.277295 -0.922976 0.953545 0.291399 0.0764143 0.68369 0.726277 0.0713421 0.443268 0.741421 -0.503794 0.539336 0.277361 -0.795102 0.883362 0.291407 0.367089 0.628245 0.7263 0.27892 0.576992 0.741569 -0.34228 0.75824 0.277413 -0.590012 0.726471 0.291432 0.62234 0.511032 0.726285 0.459735 0.654423 0.741631 -0.147359 0.903471 0.277528 -0.326678 0.498944 0.29138 0.816182 0.344466 0.726328 0.594803 0.667956 0.741582 0.0623723 0.960242 0.277363 -0.0317135 0.221635 0.291436 0.93056 0.143515 0.726422 0.672098 0.616074 0.741446 0.265916 0.922976 0.277295 0.266874 -0.0764143 0.291399 0.953545 -0.0713421 0.726277 0.68369 0.503794 0.741421 0.443268 0.795102 0.277361 0.539336 -0.367089 0.291407 0.883362 -0.27892 0.7263 0.628245 0.34228 0.741569 0.576992 0.590012 0.277413 0.75824 -0.061917 0 0.998081 0.217228 -0 -0.976121 0.268087 0 -0.963395 0.318347 0 -0.947974 0.415697 0 -0.909503 0.462793 0 -0.886466 0.552746 0 -0.83335 0.595606 0 -0.803276 0.676177 0 -0.736739 0.71388 0 -0.700268 0.78315 0 -0.621833 0.814712 0 -0.579866 0.870871 0 -0.491512 0.895467 0 -0.445127 0.937032 0 -0.349244 0.954017 0 -0.299753 0.980078 0 -0.198615 0.989142 0 -0.146964 0.999087 0 -0.0427222 0.999951 0 0.00987035 0.993452 0 0.114248 0.98612 0 0.166035 0.963395 0 0.268087 0.947974 0 0.318347 0.909503 0 0.415697 0.886466 0 0.462793 0.83335 0 0.552746 0.803276 0 0.595606 0.736739 0 0.676177 0.700268 0 0.71388 0.621833 0 0.78315 0.579866 0 0.814712 0.491512 0 0.870871 0.445127 0 0.895467 0.349244 0 0.937032 0.299753 0 0.954017 0.198615 0 0.980078 0.146964 0 0.989142 0.0427222 0 0.999087 -0.00987035 0 0.999951 -0.114248 0 0.993452 -0.166035 0 0.98612 -0.268087 0 0.963395 -0.318347 0 0.947974 -0.415697 0 0.909503 -0.462793 0 0.886466 -0.552746 0 0.83335 -0.595606 0 0.803276 -0.676177 0 0.736739 -0.71388 0 0.700268 -0.78315 0 0.621833 -0.814712 0 0.579866 -0.870871 0 0.491512 -0.895467 0 0.445127 -0.937032 0 0.349244 -0.954017 0 0.299753 -0.980078 0 0.198615 -0.989142 0 0.146964 -0.999087 0 0.0427222 -0.999951 0 -0.00987035 -0.993452 0 -0.114248 -0.98612 0 -0.166035 -0.963395 0 -0.268087 -0.947974 0 -0.318347 -0.909503 0 -0.415697 -0.886466 0 -0.462793 -0.83335 0 -0.552746 -0.803276 0 -0.595606 -0.736739 0 -0.676177 -0.700268 0 -0.71388 -0.621833 0 -0.78315 -0.579866 0 -0.814712 -0.491512 0 -0.870871 -0.445127 0 -0.895467 -0.349244 0 -0.937032 -0.299753 0 -0.954017 -0.198615 0 -0.980078 -0.146964 0 -0.989142 -0.0427222 0 -0.999087 0.00987035 0 -0.999951 0.0622908 0 -0.998058 0.0622908 0 -0.998058 0 1 -0</float_array>
                    <technique_common>
                        <accessor count="244" source="#ID68" stride="3">
                            <param name="X" type="float"/>
                            <param name="Y" type="float"/>
                            <param name="Z" type="float"/>
                        </accessor>
                    </technique_common>
                </source>
                <source id="ID69">
                    <float_array id="ID70" count="410">0.699951 0.25 0.674988 0.25 0.699951 0.5 0.674988 0.5 0.349976 0.25 0.324951 0.25 0.349976 0.5 0.324951 0.5 0.599976 0.25 0.574951 0.25 0.599976 0.5 0.574951 0.5 1 0.25 0.974976 0.25 1 0.5 0.974976 0.5 0.449951 0.25 0.424988 0.25 0.449951 0.5 0.424988 0.5 0.75 0.25 0.724976 0.25 0.75 0.5 0.724976 0.5 0.199951 0.25 0.174988 0.25 0.199951 0.5 0.174988 0.5 0.949951 0.25 0.924988 0.25 0.949951 0.5 0.924988 0.5 0.25 0.25 0.224976 0.25 0.25 0.5 0.224976 0.5 0.549988 0.25 0.524963 0.25 0.549988 0.5 0.524963 0.5 0.149963 0.25 0.125 0.25 0.149963 0.5 0.125 0.5 0.899963 0.25 0.875 0.25 0.899963 0.5 0.875 0.5 0.399963 0.25 0.375 0.25 0.399963 0.5 0.375 0.5 0.299988 0.25 0.274963 0.25 0.299988 0.5 0.274963 0.5 0.5 0.25 0.474976 0.25 0.5 0.5 0.474976 0.5 0.849976 0.25 0.824951 0.25 0.849976 0.5 0.824951 0.5 0.649963 0.25 0.625 0.25 0.649963 0.5 0.625 0.5 0.0499878 0.25 0.0249634 0.25 0.0499878 0.5 0.0249634 0.5 0.0999756 0.25 0.0749512 0.25 0.0999756 0.5 0.0749512 0.5 0.799988 0.25 0.774963 0.25 0.799988 0.5 0.774963 0.5 1 0 0.974976 0 0.949951 0 0.924988 0 0.899963 0 0.875 0 0.849976 0 0.824951 0 0.799988 0 0.774963 0 0.75 0 0.724976 0 0.699951 0 0.674988 0 0.649963 0 0.625 0 0.599976 0 0.574951 0 0.549988 0 0.524963 0 0.5 0 0.474976 0 0.449951 0 0.424988 0 0.399963 0 0.375 0 0.349976 0 0.324951 0 0.299988 0 0.274963 0 0.25 0 0.224976 0 0.199951 0 0.174988 0 0.149963 0 0.125 0 0.0999756 0 0.0749512 0 0.0499878 0 0.0249634 0 0 0.25 0 0 0 0.5 1 0.75 0.974976 0.75 0.949951 0.75 0.924988 0.75 0.899963 0.75 0.875 0.75 0.849976 0.75 0.824951 0.75 0.799988 0.75 0.774963 0.75 0.75 0.75 0.724976 0.75 0.699951 0.75 0.674988 0.75 0.649963 0.75 0.625 0.75 0.599976 0.75 0.574951 0.75 0.549988 0.75 0.524963 0.75 0.5 0.75 0.474976 0.75 0.449951 0.75 0.424988 0.75 0.399963 0.75 0.375 0.75 0.349976 0.75 0.324951 0.75 0.299988 0.75 0.274963 0.75 0.25 0.75 0.224976 0.75 0.199951 0.75 0.174988 0.75 0.149963 0.75 0.125 0.75 0.0999756 0.75 0.0749512 0.75 0.0499878 0.75 0.0249634 0.75 0 0.75 1 1 0.974976 1 0.949951 1 0.924988 1 0.899963 1 0.875 1 0.849976 1 0.824951 1 0.799988 1 0.774963 1 0.75 1 0.724976 1 0.699951 1 0.674988 1 0.649963 1 0.625 1 0.599976 1 0.574951 1 0.549988 1 0.524963 1 0.5 1 0.474976 1 0.449951 1 0.424988 1 0.399963 1 0.375 1 0.349976 1 0.324951 1 0.299988 1 0.274963 1 0.25 1 0.224976 1 0.199951 1 0.174988 1 0.149963 1 0.125 1 0.0999756 1 0.0749512 1 0.0499878 1 0.0249634 1 0 1</float_array>
                    <technique_common>
                        <accessor count="205" source="#ID70" stride="2">
                            <param name="S" type="float"/>
                            <param name="T" type="float"/>
                        </accessor>
                    </technique_common>
                </source>
                <vertices id="ID71">
                    <input semantic="POSITION" source="#ID65"/>
                </vertices>
                <triangles count="480" material="Material1">
                    <input offset="0" semantic="VERTEX" source="#ID71"/>
                    <input offset="1" semantic="NORMAL" source="#ID67"/>
                    <input offset="2" semantic="TEXCOORD" source="#ID69" set="0"/>
                    <p>94 2 0 159 1 1 158 0 0 159 1 1 94 2 0 93 3 1 53 4 2 93 3 1 94 2 0 93 3 1 53 4 2 52 4 3 80 7 4 131 6 5 130 5 4 131 6 5 80 7 4 79 8 5 39 4 6 79 8 5 80 7 4 79 8 5 39 4 6 38 4 7 90 11 8 151 10 9 150 9 8 151 10 9 90 11 8 89 12 9 49 4 10 89 12 9 90 11 8 89 12 9 49 4 10 48 4 11 66 15 12 183 14 13 182 13 12 183 14 13 66 15 12 105 16 13 25 4 14 105 16 13 66 15 12 105 16 13 25 4 14 64 4 15 84 19 16 139 18 17 138 17 16 139 18 17 84 19 16 83 20 17 43 4 18 83 20 17 84 19 16 83 20 17 43 4 18 42 4 19 96 23 20 163 22 21 162 21 20 163 22 21 96 23 20 95 24 21 55 4 22 95 24 21 96 23 20 95 24 21 55 4 22 54 4 23 74 27 24 119 26 25 118 25 24 119 26 25 74 27 24 73 28 25 33 4 26 73 28 25 74 27 24 73 28 25 33 4 26 32 4 27 104 31 28 179 30 29 178 29 28 179 30 29 104 31 28 103 32 29 63 4 30 103 32 29 104 31 28 103 32 29 63 4 30 62 4 31 76 35 32 123 34 33 122 33 32 123 34 33 76 35 32 75 36 33 35 4 34 75 36 33 76 35 32 75 36 33 35 4 34 34 4 35 88 39 36 147 38 37 146 37 36 147 38 37 88 39 36 87 40 37 47 4 38 87 40 37 88 39 36 87 40 37 47 4 38 46 4 39 72 43 40 115 42 41 114 41 40 115 42 41 72 43 40 71 44 41 31 4 42 71 44 41 72 43 40 71 44 41 31 4 42 30 4 43 102 47 44 175 46 45 174 45 44 175 46 45 102 47 44 101 48 45 61 4 46 101 48 45 102 47 44 101 48 45 61 4 46 60 4 47 82 51 48 135 50 49 134 49 48 135 50 49 82 51 48 81 52 49 41 4 50 81 52 49 82 51 48 81 52 49 41 4 50 40 4 51 78 55 52 127 54 53 126 53 52 127 54 53 78 55 52 77 56 53 37 4 54 77 56 53 78 55 52 77 56 53 37 4 54 36 4 55 86 59 56 143 58 57 142 57 56 143 58 57 86 59 56 85 60 57 45 4 58 85 60 57 86 59 56 85 60 57 45 4 58 44 4 59 100 63 60 171 62 61 170 61 60 171 62 61 100 63 60 99 64 61 59 4 62 99 64 61 100 63 60 99 64 61 59 4 62 58 4 63 92 67 64 155 66 65 154 65 64 155 66 65 92 67 64 91 68 65 51 4 66 91 68 65 92 67 64 91 68 65 51 4 66 50 4 67 68 71 68 107 70 69 106 69 68 107 70 69 68 71 68 67 72 69 27 4 70 67 72 69 68 71 68 67 72 69 27 4 70 26 4 71 70 75 72 111 74 73 110 73 72 111 74 73 70 75 72 69 76 73 29 4 74 69 76 73 70 75 72 69 76 73 29 4 74 28 4 75 98 79 76 167 78 77 166 77 76 167 78 77 98 79 76 97 80 77 57 4 78 97 80 77 98 79 76 97 80 77 57 4 78 56 4 79 185 83 80 22 82 81 191 81 80 22 82 81 185 83 80 184 84 81 184 84 81 105 16 13 22 82 81 105 16 13 184 84 81 183 14 13 178 29 28 19 85 82 104 31 28 19 85 82 178 29 28 181 86 82 181 86 82 16 87 83 19 85 82 16 87 83 181 86 82 180 88 83 180 88 83 103 32 29 16 87 83 103 32 29 180 88 83 179 30 29 174 45 44 13 89 84 102 47 44 13 89 84 174 45 44 177 90 84 177 90 84 10 91 85 13 89 84 10 91 85 177 90 84 176 92 85 176 92 85 101 48 45 10 91 85 101 48 45 176 92 85 175 46 45 170 61 60 7 93 86 100 63 60 7 93 86 170 61 60 173 94 86 173 94 86 4 95 87 7 93 86 4 95 87 173 94 86 172 96 87 172 96 87 99 64 61 4 95 87 99 64 61 172 96 87 171 62 61 166 77 76 1 97 88 98 79 76 1 97 88 166 77 76 169 98 88 169 98 88 283 99 89 1 97 88 283 99 89 169 98 88 168 100 89 168 100 89 97 80 77 283 99 89 97 80 77 168 100 89 167 78 77 162 21 20 280 101 90 96 23 20 280 101 90 162 21 20 165 102 90 165 102 90 277 103 91 280 101 90 277 103 91 165 102 90 164 104 91 164 104 91 95 24 21 277 103 91 95 24 21 164 104 91 163 22 21 158 0 0 274 105 92 94 2 0 274 105 92 158 0 0 161 106 92 161 106 92 271 107 93 274 105 92 271 107 93 161 106 92 160 108 93 160 108 93 93 3 1 271 107 93 93 3 1 160 108 93 159 1 1 182 13 12 191 81 80 66 15 12 191 81 80 182 13 12 185 83 80 154 65 64 268 109 94 92 67 64 268 109 94 154 65 64 157 110 94 157 110 94 265 111 95 268 109 94 265 111 95 157 110 94 156 112 95 156 112 95 91 68 65 265 111 95 91 68 65 156 112 95 155 66 65 150 9 8 262 113 96 90 11 8 262 113 96 150 9 8 153 114 96 153 114 96 259 115 97 262 113 96 259 115 97 153 114 96 152 116 97 152 116 97 89 12 9 259 115 97 89 12 9 152 116 97 151 10 9 146 37 36 256 117 98 88 39 36 256 117 98 146 37 36 149 118 98 149 118 98 253 119 99 256 117 98 253 119 99 149 118 98 148 120 99 148 120 99 87 40 37 253 119 99 87 40 37 148 120 99 147 38 37 142 57 56 250 121 100 86 59 56 250 121 100 142 57 56 145 122 100 145 122 100 247 123 101 250 121 100 247 123 101 145 122 100 144 124 101 144 124 101 85 60 57 247 123 101 85 60 57 144 124 101 143 58 57 138 17 16 244 125 102 84 19 16 244 125 102 138 17 16 141 126 102 141 126 102 241 127 103 244 125 102 241 127 103 141 126 102 140 128 103 140 128 103 83 20 17 241 127 103 83 20 17 140 128 103 139 18 17 134 49 48 238 129 104 82 51 48 238 129 104 134 49 48 137 130 104 137 130 104 235 131 105 238 129 104 235 131 105 137 130 104 136 132 105 136 132 105 81 52 49 235 131 105 81 52 49 136 132 105 135 50 49 130 5 4 232 133 106 80 7 4 232 133 106 130 5 4 133 134 106 133 134 106 229 135 107 232 133 106 229 135 107 133 134 106 132 136 107 132 136 107 79 8 5 229 135 107 79 8 5 132 136 107 131 6 5 126 53 52 226 137 108 78 55 52 226 137 108 126 53 52 129 138 108 129 138 108 223 139 109 226 137 108 223 139 109 129 138 108 128 140 109 128 140 109 77 56 53 223 139 109 77 56 53 128 140 109 127 54 53 122 33 32 220 141 110 76 35 32 220 141 110 122 33 32 125 142 110 125 142 110 217 143 111 220 141 110 217 143 111 125 142 110 124 144 111 124 144 111 75 36 33 217 143 111 75 36 33 124 144 111 123 34 33 118 25 24 214 145 112 74 27 24 214 145 112 118 25 24 121 146 112 121 146 112 211 147 113 214 145 112 211 147 113 121 146 112 120 148 113 120 148 113 73 28 25 211 147 113 73 28 25 120 148 113 119 26 25 114 41 40 208 149 114 72 43 40 208 149 114 114 41 40 117 150 114 117 150 114 205 151 115 208 149 114 205 151 115 117 150 114 116 152 115 116 152 115 71 44 41 205 151 115 71 44 41 116 152 115 115 42 41 110 73 72 202 153 116 70 75 72 202 153 116 110 73 72 113 154 116 113 154 116 199 155 117 202 153 116 199 155 117 113 154 116 112 156 117 112 156 117 69 76 73 199 155 117 69 76 73 112 156 117 111 74 73 106 69 68 196 157 118 68 71 68 196 157 118 106 69 68 109 158 118 109 158 118 187 159 119 196 157 118 187 159 119 109 158 118 108 160 119 108 160 119 67 72 69 187 159 119 67 72 69 108 160 119 107 70 69 184 84 81 182 13 12 183 14 13 182 13 12 184 84 81 185 83 80 19 85 82 105 16 13 104 31 28 105 16 13 19 85 82 22 82 81 180 88 83 178 29 28 179 30 29 178 29 28 180 88 83 181 86 82 13 89 84 103 32 29 102 47 44 103 32 29 13 89 84 16 87 83 176 92 85 174 45 44 175 46 45 174 45 44 176 92 85 177 90 84 7 93 86 101 48 45 100 63 60 101 48 45 7 93 86 10 91 85 172 96 87 170 61 60 171 62 61 170 61 60 172 96 87 173 94 86 1 97 88 99 64 61 98 79 76 99 64 61 1 97 88 4 95 87 168 100 89 166 77 76 167 78 77 166 77 76 168 100 89 169 98 88 280 101 90 97 80 77 96 23 20 97 80 77 280 101 90 283 99 89 164 104 91 162 21 20 163 22 21 162 21 20 164 104 91 165 102 90 274 105 92 95 24 21 94 2 0 95 24 21 274 105 92 277 103 91 160 108 93 158 0 0 159 1 1 158 0 0 160 108 93 161 106 92 268 109 94 93 3 1 92 67 64 93 3 1 268 109 94 271 107 93 156 112 95 154 65 64 155 66 65 154 65 64 156 112 95 157 110 94 262 113 96 91 68 65 90 11 8 91 68 65 262 113 96 265 111 95 152 116 97 150 9 8 151 10 9 150 9 8 152 116 97 153 114 96 256 117 98 89 12 9 88 39 36 89 12 9 256 117 98 259 115 97 148 120 99 146 37 36 147 38 37 146 37 36 148 120 99 149 118 98 250 121 100 87 40 37 86 59 56 87 40 37 250 121 100 253 119 99 144 124 101 142 57 56 143 58 57 142 57 56 144 124 101 145 122 100 244 125 102 85 60 57 84 19 16 85 60 57 244 125 102 247 123 101 140 128 103 138 17 16 139 18 17 138 17 16 140 128 103 141 126 102 238 129 104 83 20 17 82 51 48 83 20 17 238 129 104 241 127 103 136 132 105 134 49 48 135 50 49 134 49 48 136 132 105 137 130 104 232 133 106 81 52 49 80 7 4 81 52 49 232 133 106 235 131 105 132 136 107 130 5 4 131 6 5 130 5 4 132 136 107 133 134 106 226 137 108 79 8 5 78 55 52 79 8 5 226 137 108 229 135 107 128 140 109 126 53 52 127 54 53 126 53 52 128 140 109 129 138 108 220 141 110 77 56 53 76 35 32 77 56 53 220 141 110 223 139 109 124 144 111 122 33 32 123 34 33 122 33 32 124 144 111 125 142 110 214 145 112 75 36 33 74 27 24 75 36 33 214 145 112 217 143 111 120 148 113 118 25 24 119 26 25 118 25 24 120 148 113 121 146 112 208 149 114 73 28 25 72 43 40 73 28 25 208 149 114 211 147 113 116 152 115 114 41 40 115 42 41 114 41 40 116 152 115 117 150 114 202 153 116 71 44 41 70 75 72 71 44 41 202 153 116 205 151 115 112 156 117 110 73 72 111 74 73 110 73 72 112 156 117 113 154 116 196 157 118 69 76 73 68 71 68 69 76 73 196 157 118 199 155 117 108 160 119 106 69 68 107 70 69 106 69 68 108 160 119 109 158 118 190 161 121 67 72 69 65 161 120 67 72 69 190 161 121 187 159 119 104 31 28 64 4 15 63 4 30 64 4 15 104 31 28 105 16 13 102 47 44 62 4 31 61 4 46 62 4 31 102 47 44 103 32 29 100 63 60 60 4 47 59 4 62 60 4 47 100 63 60 101 48 45 98 79 76 58 4 63 57 4 78 58 4 63 98 79 76 99 64 61 96 23 20 56 4 79 55 4 22 56 4 79 96 23 20 97 80 77 94 2 0 54 4 23 53 4 2 54 4 23 94 2 0 95 24 21 92 67 64 52 4 3 51 4 66 52 4 3 92 67 64 93 3 1 90 11 8 50 4 67 49 4 10 50 4 67 90 11 8 91 68 65 88 39 36 48 4 11 47 4 38 48 4 11 88 39 36 89 12 9 86 59 56 46 4 39 45 4 58 46 4 39 86 59 56 87 40 37 84 19 16 44 4 59 43 4 18 44 4 59 84 19 16 85 60 57 82 51 48 42 4 19 41 4 50 42 4 19 82 51 48 83 20 17 80 7 4 40 4 51 39 4 6 40 4 51 80 7 4 81 52 49 78 55 52 38 4 7 37 4 54 38 4 7 78 55 52 79 8 5 76 35 32 36 4 55 35 4 34 36 4 55 76 35 32 77 56 53 74 27 24 34 4 35 33 4 26 34 4 35 74 27 24 75 36 33 72 43 40 32 4 27 31 4 42 32 4 27 72 43 40 73 28 25 70 75 72 30 4 43 29 4 74 30 4 43 70 75 72 71 44 41 68 71 68 28 4 75 27 4 70 28 4 75 68 71 68 69 76 73 65 4 120 26 4 71 24 4 122 26 4 71 65 4 120 67 72 69 193 162 123 64 163 15 25 162 14 64 163 15 193 162 123 23 164 124 23 164 124 63 165 30 64 163 15 63 165 30 23 164 124 20 166 125 20 166 125 62 167 31 63 165 30 62 167 31 20 166 125 17 168 126 17 168 126 61 169 46 62 167 31 61 169 46 17 168 126 14 170 127 14 170 127 60 171 47 61 169 46 60 171 47 14 170 127 11 172 128 11 172 128 59 173 62 60 171 47 59 173 62 11 172 128 8 174 129 8 174 129 58 175 63 59 173 62 58 175 63 8 174 129 5 176 130 5 176 130 57 177 78 58 175 63 57 177 78 5 176 130 2 178 131 2 178 131 56 179 79 57 177 78 56 179 79 2 178 131 284 180 132 284 180 132 55 181 22 56 179 79 55 181 22 284 180 132 281 182 133 281 182 133 54 183 23 55 181 22 54 183 23 281 182 133 278 184 134 278 184 134 53 185 2 54 183 23 53 185 2 278 184 134 275 186 135 275 186 135 52 187 3 53 185 2 52 187 3 275 186 135 272 188 136 272 188 136 51 189 66 52 187 3 51 189 66 272 188 136 269 190 137 269 190 137 50 191 67 51 189 66 50 191 67 269 190 137 266 192 138 266 192 138 49 193 10 50 191 67 49 193 10 266 192 138 263 194 139 263 194 139 48 195 11 49 193 10 48 195 11 263 194 139 260 196 140 260 196 140 47 197 38 48 195 11 47 197 38 260 196 140 257 198 141 257 198 141 46 199 39 47 197 38 46 199 39 257 198 141 254 200 142 254 200 142 45 201 58 46 199 39 45 201 58 254 200 142 251 202 143 251 202 143 44 203 59 45 201 58 44 203 59 251 202 143 248 204 144 248 204 144 43 205 18 44 203 59 43 205 18 248 204 144 245 206 145 245 206 145 42 207 19 43 205 18 42 207 19 245 206 145 242 208 146 242 208 146 41 209 50 42 207 19 41 209 50 242 208 146 239 210 147 239 210 147 40 211 51 41 209 50 40 211 51 239 210 147 236 212 148 236 212 148 39 213 6 40 211 51 39 213 6 236 212 148 233 214 149 233 214 149 38 215 7 39 213 6 38 215 7 233 214 149 230 216 150 230 216 150 37 217 54 38 215 7 37 217 54 230 216 150 227 218 151 227 218 151 36 219 55 37 217 54 36 219 55 227 218 151 224 220 152 224 220 152 35 221 34 36 219 55 35 221 34 224 220 152 221 222 153 221 222 153 34 223 35 35 221 34 34 223 35 221 222 153 218 224 154 218 224 154 33 225 26 34 223 35 33 225 26 218 224 154 215 226 155 215 226 155 32 227 27 33 225 26 32 227 27 215 226 155 212 228 156 212 228 156 31 229 42 32 227 27 31 229 42 212 228 156 209 230 157 209 230 157 30 231 43 31 229 42 30 231 43 209 230 157 206 232 158 206 232 158 29 233 74 30 231 43 29 233 74 206 232 158 203 234 159 203 234 159 28 235 75 29 233 74 28 235 75 203 234 159 200 236 160 200 236 160 27 237 70 28 235 75 27 237 70 200 236 160 197 238 161 197 238 161 26 239 71 27 237 70 26 239 71 197 238 161 194 240 162 24 242 122 194 240 162 192 241 163 194 240 162 24 242 122 26 239 71 189 243 164 23 243 124 193 243 123 23 243 124 189 243 164 21 243 165 21 243 165 20 243 125 23 243 124 20 243 125 21 243 165 18 243 166 18 243 166 17 243 126 20 243 125 17 243 126 18 243 166 15 243 167 15 243 167 14 243 127 17 243 126 14 243 127 15 243 167 12 243 168 12 243 168 11 243 128 14 243 127 11 243 128 12 243 168 9 243 169 9 243 169 8 243 129 11 243 128 8 243 129 9 243 169 6 243 170 6 243 170 5 243 130 8 243 129 5 243 130 6 243 170 3 243 171 3 243 171 2 243 131 5 243 130 2 243 131 3 243 171 0 243 172 0 243 172 284 243 132 2 243 131 284 243 132 0 243 172 282 243 173 282 243 173 281 243 133 284 243 132 281 243 133 282 243 173 279 243 174 279 243 174 278 243 134 281 243 133 278 243 134 279 243 174 276 243 175 276 243 175 275 243 135 278 243 134 275 243 135 276 243 175 273 243 176 273 243 176 272 243 136 275 243 135 272 243 136 273 243 176 270 243 177 270 243 177 269 243 137 272 243 136 269 243 137 270 243 177 267 243 178 267 243 178 266 243 138 269 243 137 266 243 138 267 243 178 264 243 179 264 243 179 263 243 139 266 243 138 263 243 139 264 243 179 261 243 180 261 243 180 260 243 140 263 243 139 260 243 140 261 243 180 258 243 181 258 243 181 257 243 141 260 243 140 257 243 141 258 243 181 255 243 182 255 243 182 254 243 142 257 243 141 254 243 142 255 243 182 252 243 183 252 243 183 251 243 143 254 243 142 251 243 143 252 243 183 249 243 184 249 243 184 248 243 144 251 243 143 248 243 144 249 243 184 246 243 185 246 243 185 245 243 145 248 243 144 245 243 145 246 243 185 243 243 186 243 243 186 242 243 146 245 243 145 242 243 146 243 243 186 240 243 187 240 243 187 239 243 147 242 243 146 239 243 147 240 243 187 237 243 188 237 243 188 236 243 148 239 243 147 236 243 148 237 243 188 234 243 189 234 243 189 233 243 149 236 243 148 233 243 149 234 243 189 231 243 190 231 243 190 230 243 150 233 243 149 230 243 150 231 243 190 228 243 191 228 243 191 227 243 151 230 243 150 227 243 151 228 243 191 225 243 192 225 243 192 224 243 152 227 243 151 224 243 152 225 243 192 222 243 193 222 243 193 221 243 153 224 243 152 221 243 153 222 243 193 219 243 194 219 243 194 218 243 154 221 243 153 218 243 154 219 243 194 216 243 195 216 243 195 215 243 155 218 243 154 215 243 155 216 243 195 213 243 196 213 243 196 212 243 156 215 243 155 212 243 156 213 243 196 210 243 197 210 243 197 209 243 157 212 243 156 209 243 157 210 243 197 207 243 198 207 243 198 206 243 158 209 243 157 206 243 158 207 243 198 204 243 199 204 243 199 203 243 159 206 243 158 203 243 159 204 243 199 201 243 200 201 243 200 200 243 160 203 243 159 200 243 160 201 243 200 198 243 201 198 243 201 197 243 161 200 243 160 197 243 161 198 243 201 195 243 202 195 243 202 194 243 162 197 243 161 194 243 162 195 243 202 186 243 203 192 243 163 186 243 203 188 243 204 186 243 203 192 243 163 194 243 162</p>
                </triangles>
            </mesh>
        </geometry>
        <geometry id="ID73">
            <mesh>
                <source id="ID74">
                    <float_array id="ID75" count="558">-13.1953 66.0138 564.344 -13.1953 66.0138 564.344 -13.2265 66.0138 592.25 -13.2265 66.0138 592.25 16.3985 27.2325 603.219 16.3985 27.2325 603.219 16.3985 55.1075 603.219 16.3985 55.1075 603.219 16.461 16.3263 564.375 16.461 16.3263 564.375 16.4297 16.3263 592.282 16.4297 16.3263 592.282 16.461 55.1075 553.438 16.461 55.1075 553.438 16.461 27.2325 553.438 16.461 27.2325 553.438 16.461 66.0138 564.375 16.461 66.0138 564.375 -13.164 55.1075 553.407 -13.164 55.1075 553.407 16.4297 66.0138 592.282 16.4297 66.0138 592.282 -13.2265 55.1075 603.188 -13.2265 55.1075 603.188 -13.2265 27.2325 603.188 -13.2265 27.2325 603.188 -13.2265 16.3263 592.25 -13.2265 16.3263 592.25 -13.1953 16.3263 564.344 -13.1953 16.3263 564.344 -13.164 27.2325 553.407 -13.164 27.2325 553.407 -50.6953 66.6075 -524.562 -50.6953 66.6075 -524.562 -54.4453 93.8263 -551.5 -54.4453 93.8263 -551.5 -54.4453 93.8263 -551.5 53.8047 66.6075 -524.468 53.8047 66.6075 -524.468 57.6172 93.8263 -551.375 57.6172 93.8263 -551.375 -65.4765 66.6075 -628.843 -65.4765 66.6075 -628.843 -65.4765 66.6075 -628.843 -61.6953 93.8263 -601.906 -61.6953 93.8263 -601.906 68.8047 66.6075 -628.687 68.8047 66.6075 -628.687 64.9922 93.8263 -601.781 64.9922 93.8263 -601.781 -61.6953 -11.4862 -601.906 -61.6953 -11.4862 -601.906 -65.4765 15.7325 -628.843 -65.4765 15.7325 -628.843 64.9922 -11.4862 -601.781 68.8047 15.7325 -628.687 68.8047 15.7325 -628.687 -50.6953 15.7325 -524.562 -50.6953 15.7325 -524.562 -50.6953 15.7325 -524.562 -54.4453 -11.4862 -551.5 53.8047 15.7325 -524.468 53.8047 15.7325 -524.468 57.6172 -11.4862 -551.375 57.6172 -11.4862 -551.375 -27.7265 93.8263 -553.375 -27.7265 93.8263 -553.375 -27.289 66.6075 -526.187 -27.289 66.6075 -526.187 -28.789 66.6075 -631.5 -28.789 66.6075 -631.5 -28.3203 93.8263 -604.312 -28.3203 93.8263 -604.312 -28.3203 -11.4862 -604.312 -28.789 15.7325 -631.5 -28.789 15.7325 -631.5 -27.289 15.7325 -526.187 -27.289 15.7325 -526.187 -27.7265 -11.4862 -553.375 30.3985 66.6075 -526.125 30.3985 66.6075 -526.125 30.8985 93.8263 -553.312 30.8985 93.8263 -553.312 31.6172 93.8263 -604.25 31.6172 93.8263 -604.25 32.1172 66.6075 -631.437 32.1172 66.6075 -631.437 32.1172 15.7325 -631.437 32.1172 15.7325 -631.437 31.6172 -11.4862 -604.25 30.8985 -11.4862 -553.312 30.3985 15.7325 -526.125 30.3985 15.7325 -526.125 16.4297 66.0138 -564.843 16.4297 66.0138 -564.843 16.461 66.0138 -592.75 16.461 66.0138 -592.75 -13.164 27.2325 -603.718 -13.164 27.2325 -603.718 -13.164 55.1075 -603.718 -13.164 55.1075 -603.718 -13.2265 16.3263 -564.875 -13.2265 16.3263 -564.875 -13.1953 16.3263 -592.781 -13.1953 16.3263 -592.781 -13.2265 55.1075 -553.937 -13.2265 55.1075 -553.937 -13.2265 27.2325 -553.937 -13.2265 27.2325 -553.937 -13.2265 66.0138 -564.875 -13.2265 66.0138 -564.875 16.3985 55.1075 -553.906 16.3985 55.1075 -553.906 -13.1953 66.0138 -592.781 -13.1953 66.0138 -592.781 16.461 55.1075 -603.687 16.461 55.1075 -603.687 16.461 27.2325 -603.687 16.461 27.2325 -603.687 16.461 16.3263 -592.75 16.461 16.3263 -592.75 16.4297 16.3263 -564.843 16.4297 16.3263 -564.843 16.3985 27.2325 -553.906 16.3985 27.2325 -553.906 53.9297 66.6075 524.063 53.9297 66.6075 524.063 57.6797 93.8263 551 57.6797 93.8263 551 57.6797 93.8263 551 -50.5703 66.6075 523.969 -50.5703 66.6075 523.969 -54.3828 93.8263 550.875 -54.3828 93.8263 550.875 68.711 66.6075 628.344 68.711 66.6075 628.344 68.711 66.6075 628.344 64.9297 93.8263 601.407 64.9297 93.8263 601.407 -65.5703 66.6075 628.188 -65.5703 66.6075 628.188 -61.7578 93.8263 601.282 -61.7578 93.8263 601.282 64.9297 -11.4862 601.407 64.9297 -11.4862 601.407 68.711 15.7325 628.344 68.711 15.7325 628.344 -61.7578 -11.4862 601.282 -65.5703 15.7325 628.188 -65.5703 15.7325 628.188 53.9297 15.7325 524.063 53.9297 15.7325 524.063 53.9297 15.7325 524.063 57.6797 -11.4862 551 -50.5703 15.7325 523.969 -50.5703 15.7325 523.969 -54.3828 -11.4862 550.875 -54.3828 -11.4862 550.875 30.961 93.8263 552.875 30.961 93.8263 552.875 30.5235 66.6075 525.688 30.5235 66.6075 525.688 31.9922 66.6075 631 31.9922 66.6075 631 31.5547 93.8263 603.813 31.5547 93.8263 603.813 31.5547 -11.4862 603.813 31.9922 15.7325 631 31.9922 15.7325 631 30.5235 15.7325 525.688 30.5235 15.7325 525.688 30.961 -11.4862 552.875 -27.164 66.6075 525.625 -27.164 66.6075 525.625 -27.664 93.8263 552.813 -27.664 93.8263 552.813 -28.3828 93.8263 603.75 -28.3828 93.8263 603.75 -28.8828 66.6075 630.938 -28.8828 66.6075 630.938 -28.8828 15.7325 630.938 -28.8828 15.7325 630.938 -28.3828 -11.4862 603.75 -27.664 -11.4862 552.813 -27.164 15.7325 525.625 -27.164 15.7325 525.625</float_array>
                    <technique_common>
                        <accessor count="186" source="#ID75" stride="3">
                            <param name="X" type="float"/>
                            <param name="Y" type="float"/>
                            <param name="Z" type="float"/>
                        </accessor>
                    </technique_common>
                </source>
                <source id="ID76">
                    <float_array id="ID77" count="429">-0.989455 0.00451427 -0.144768 -0.989633 0.00116503 -0.143615 -0.989689 0.000776687 -0.14323 -0.9898 -0.000728075 -0.14246 -0.9898 -0.000728029 -0.14246 -0.989689 0.000776781 -0.14323 -0.989633 0.00116517 -0.143615 -0.989455 0.00451442 -0.144768 0.989455 0.00451434 0.144768 0.989633 0.0011651 0.143615 0.989689 0.00077673 0.14323 0.9898 -0.000728054 0.14246 0.9898 -0.000728054 0.14246 -0.989808 -0.00338934 0.142365 -0.989959 -0.00045368 0.141354 -0.990007 -0.000302453 0.141016 -0.990103 0.00082733 0.140341 -0.990103 0.000448371 0.140341 -0.990007 -0.00106026 0.141016 -0.989958 -0.00159039 0.141354 -0.989804 -0.00452587 0.142365 0.989808 -0.00338941 -0.142365 0.989959 -0.000453745 -0.141354 0.990007 -0.000302496 -0.141016 0.990103 0.000827308 -0.140341 0.990103 0.000448396 -0.140341 0.990007 -0.00106021 -0.141016 0.989958 -0.00159031 -0.141354 0.989804 -0.00452579 -0.142365 -0.661417 -0.414428 0.625122 -0.768403 -0.517438 0.376583 -0.764537 -0.390349 0.512943 -0.639069 -0.647533 0.415081 0.654019 -0.63653 0.408764 0.770511 -0.384558 0.508358 0.762253 -0.520872 0.38427 0.646485 -0.419745 0.637081 -0.61819 -0.655919 -0.43314 -0.737659 -0.398957 -0.544695 -0.746952 -0.531482 -0.399487 -0.625101 -0.422353 -0.656405 0.611399 -0.425207 -0.667376 0.742776 -0.534005 -0.403884 0.746831 -0.393666 -0.535976 0.635791 -0.646351 -0.421901 -0.610318 0.425228 -0.668351 -0.741939 0.533979 -0.405453 -0.745863 0.393672 -0.537318 -0.634834 0.646277 -0.423452 0.61916 0.655909 -0.431769 0.738533 0.399043 -0.543447 0.747652 0.531568 -0.398061 0.626093 0.422501 -0.655363 -0.654911 0.636521 0.407348 -0.771583 0.384708 0.506617 -0.634486 0.601265 0.485703 -0.775533 0.297752 0.556679 0.660104 0.414462 0.626486 0.767483 0.51741 0.378492 0.634267 0.492756 0.595732 0.765335 0.571747 0.29558 -0.0500122 -0.705667 0.706776 -0.0506079 -0.705956 0.706446 0.0522625 -0.705745 -0.706536 0.0525925 -0.705971 -0.706286 0.0529545 0.705768 -0.706461 0.0525912 0.705992 -0.706264 -0.0512421 0.70571 0.706645 -0.0506057 0.705994 0.706408 -0 1 -0 0.049577 -0.706002 0.706472 0.0493051 -0.706124 0.70637 -0.051136 -0.706085 -0.706279 -0.051024 -0.706154 -0.706218 -0.0509225 0.706077 -0.706301 -0.0510245 0.706147 -0.706224 0.0490513 0.705984 0.706527 0.0493062 0.706108 0.706386 0.0692592 0 0.997599 -0.072213 0 -0.997389 -0.072213 0 -0.997389 -0.00105485 0 0.999999 -0.00105485 0 1 -0.0705845 0 0.997506 0 -1 0 0.00105485 0 -0.999999 0.00105485 0 -1 0.0747477 0 -0.997202 0.0747477 0 -0.997203 0.771583 0.384708 -0.506617 0.661417 -0.414428 -0.625121 0.775533 0.297752 -0.556679 0.764537 -0.390349 -0.512943 0.768403 -0.517438 -0.376583 0.61819 -0.655919 0.43314 0.639069 -0.647533 -0.415081 0.746952 -0.531482 0.399487 0.737659 -0.398957 0.544695 0.610318 0.425228 0.668351 0.625101 -0.422353 0.656405 0.745863 0.393672 0.537318 -0.767483 0.51741 -0.378492 -0.619195 0.655979 0.431611 -0.765335 0.571747 -0.29558 -0.747842 0.53154 0.397741 -0.654019 -0.63653 -0.408764 -0.770511 -0.384558 -0.508358 -0.762253 -0.520872 -0.38427 -0.646485 -0.419745 -0.637081 -0.611803 -0.425313 0.666938 -0.742876 -0.534044 0.40365 -0.747094 -0.393734 0.535559 -0.635791 -0.646351 0.421901 0.741939 0.533979 0.405453 0.634834 0.646277 0.423452 -0.738902 0.399025 0.542958 -0.626507 0.422452 0.654999 0.654911 0.636521 -0.407348 0.634486 0.601265 -0.485703 -0.660104 0.414462 -0.626486 -0.634267 0.492756 -0.595732 0.0500122 -0.705667 -0.706776 0.0506079 -0.705956 -0.706446 -0.0522625 -0.705745 0.706536 -0.0525925 -0.705971 0.706286 -0.0529545 0.705768 0.706461 -0.0525912 0.705992 0.706264 -0.049577 -0.706002 -0.706472 -0.0493051 -0.706124 -0.70637 0.0510928 -0.706083 0.706283 0.0510035 -0.706138 0.706235 0.0509225 0.706077 0.706301 0.0510039 0.706133 0.70624 -0.0490513 0.705984 -0.706527 -0.0493062 0.706108 -0.706386 -0.0692592 0 -0.997599 0.0721519 0 0.997394 0.0721519 0 0.997394 0.0512421 0.70571 -0.706645 0.0506057 0.705994 -0.706408 0.0705845 -0 -0.997506 0.0705845 0 -0.997506 -0.0747477 -0 0.997203</float_array>
                    <technique_common>
                        <accessor count="143" source="#ID77" stride="3">
                            <param name="X" type="float"/>
                            <param name="Y" type="float"/>
                            <param name="Z" type="float"/>
                        </accessor>
                    </technique_common>
                </source>
                <source id="ID78">
                    <float_array id="ID79" count="68">0 0.125 0.949951 0.3125 0.949951 0.5625 0.949951 0.125 0.949951 0.8125 0 0.875 0 0.625 0 0.1875 0 0.375 0.962463 0.875 0.963745 0.8125 0.949951 0.875 0.98822 0.1875 1 0.1875 0.98822 0.125 1 0.125 0.985657 0.625 1 0.625 0.985657 0.5625 1 0.5625 0.961731 0.1875 0.961731 0.125 0.949951 0.1875 0.987488 0.875 1 0.875 0.986206 0.8125 1 0.8125 0.986206 0.375 0.987488 0.3125 0.963745 0.375 0.962463 0.3125 0.964294 0.625 0.964294 0.5625 0.949951 0.625</float_array>
                    <technique_common>
                        <accessor count="34" source="#ID79" stride="2">
                            <param name="S" type="float"/>
                            <param name="T" type="float"/>
                        </accessor>
                    </technique_common>
                </source>
                <vertices id="ID80">
                    <input semantic="POSITION" source="#ID74"/>
                </vertices>
                <triangles count="176" material="Material1">
                    <input offset="0" semantic="VERTEX" source="#ID80"/>
                    <input offset="1" semantic="NORMAL" source="#ID76"/>
                    <input offset="2" semantic="TEXCOORD" source="#ID78" set="0"/>
                    <p>148 2 2 157 1 1 147 0 0 157 1 1 148 2 2 154 3 0 140 4 0 154 3 0 148 2 2 154 3 0 140 4 0 131 5 3 142 6 4 131 5 3 140 4 0 131 5 3 142 6 4 132 7 0 55 10 2 64 9 1 54 8 0 64 9 1 55 10 2 61 11 0 47 12 0 61 11 0 55 10 2 61 11 0 47 12 0 38 10 3 49 9 4 38 10 3 47 12 0 38 10 3 49 9 4 39 8 0 42 15 6 36 14 5 45 13 0 36 14 5 42 15 6 32 16 0 52 17 0 32 16 0 42 15 6 32 16 0 52 17 0 58 18 7 51 19 8 58 18 7 52 17 0 58 18 7 51 19 8 60 20 0 135 23 6 129 22 5 138 21 0 129 22 5 135 23 6 125 24 0 145 25 0 125 24 0 135 23 6 125 24 0 145 25 0 151 26 7 144 27 8 151 26 7 145 25 0 151 26 7 144 27 8 153 28 0 123 31 0 90 30 0 91 29 0 90 30 0 123 31 0 122 32 0 102 35 0 76 34 0 78 33 0 76 34 0 102 35 0 107 36 0 120 39 0 88 38 0 89 37 0 88 38 0 120 39 0 118 40 0 98 43 0 73 42 0 75 41 0 73 42 0 98 43 0 104 44 0 116 47 0 84 46 0 86 45 0 84 46 0 116 47 0 96 48 0 114 51 0 70 50 0 72 49 0 70 50 0 114 51 0 100 52 0 94 55 0 79 54 0 82 53 0 79 54 0 94 55 0 111 56 0 105 59 0 66 58 0 67 57 0 66 58 0 105 59 0 110 60 0 107 36 0 67 57 0 76 34 0 67 57 0 107 36 0 105 59 0 104 44 0 78 33 0 73 42 0 78 33 0 104 44 0 102 35 0 100 52 0 75 41 0 70 50 0 75 41 0 100 52 0 98 43 0 96 48 0 82 53 0 84 46 0 82 53 0 96 48 0 94 55 0 91 29 0 63 62 0 61 61 0 63 62 0 91 29 0 90 30 0 89 37 0 56 64 0 54 63 0 56 64 0 89 37 0 88 38 0 86 45 0 48 66 0 47 65 0 48 66 0 86 45 0 84 46 0 82 53 0 37 68 0 39 67 0 37 68 0 82 53 0 79 54 0 40 69 11 83 69 10 81 69 9 83 69 10 40 69 11 49 69 4 78 33 0 57 71 0 60 70 0 57 71 0 78 33 0 76 34 0 75 41 0 50 73 0 52 72 0 50 73 0 75 41 0 73 42 0 72 49 0 41 75 0 45 74 0 41 75 0 72 49 0 70 50 0 67 57 0 35 77 0 32 76 0 35 77 0 67 57 0 66 58 0 68 78 14 59 78 13 77 78 12 59 78 13 68 78 14 33 78 15 74 80 18 43 80 17 69 79 16 43 80 17 74 80 18 53 79 19 122 32 0 107 36 0 102 35 0 107 36 0 122 32 0 123 31 0 118 40 0 104 44 0 98 43 0 104 44 0 118 40 0 120 39 0 96 48 0 100 52 0 114 51 0 100 52 0 96 48 0 116 47 0 105 59 0 94 55 0 110 60 0 94 55 0 105 59 0 111 56 0 124 82 20 106 82 14 108 81 12 106 82 14 124 82 20 112 81 21 62 83 22 80 83 21 92 83 20 80 83 21 62 83 22 38 83 3 164 69 25 127 69 24 158 69 23 127 69 24 164 69 25 137 69 26 20 69 25 0 69 9 2 69 10 0 69 9 20 69 25 16 69 23 119 84 29 101 84 28 103 84 27 101 84 28 119 84 29 121 84 30 115 86 31 97 86 18 99 85 16 97 86 18 115 86 31 117 85 32 46 88 33 87 88 32 85 87 31 87 88 32 46 88 33 55 87 2 71 69 25 34 69 24 65 69 23 34 69 24 71 69 25 44 69 26 113 69 25 93 69 9 95 69 10 93 69 9 113 69 25 109 69 23 18 91 0 184 90 0 172 89 0 184 90 0 18 91 0 30 92 0 29 95 0 182 94 0 183 93 0 182 94 0 29 95 0 27 96 0 25 99 0 179 98 0 181 97 0 179 98 0 25 99 0 23 100 0 17 103 0 165 102 0 159 101 0 165 102 0 17 103 0 21 104 0 30 92 0 183 93 0 184 90 0 183 93 0 30 92 0 29 95 0 9 107 0 169 106 0 171 105 0 169 106 0 9 107 0 14 108 0 27 96 0 181 97 0 182 94 0 181 97 0 27 96 0 25 99 0 5 111 0 166 110 0 168 109 0 166 110 0 5 111 0 11 112 0 23 100 0 177 113 0 179 98 0 177 113 0 23 100 0 3 114 0 21 104 0 163 115 0 165 102 0 163 115 0 21 104 0 7 116 0 1 118 0 172 89 0 175 117 0 172 89 0 1 118 0 18 91 0 12 120 0 159 101 0 160 119 0 159 101 0 12 120 0 17 103 0 14 108 0 160 119 0 169 106 0 160 119 0 14 108 0 12 120 0 11 112 0 171 105 0 166 110 0 171 105 0 11 112 0 9 107 0 7 116 0 168 109 0 163 115 0 168 109 0 7 116 0 5 111 0 3 114 0 175 117 0 177 113 0 175 117 0 3 114 0 1 118 0 184 90 0 156 122 0 154 121 0 156 122 0 184 90 0 183 93 0 182 94 0 149 124 0 147 123 0 149 124 0 182 94 0 181 97 0 179 98 0 141 126 0 140 125 0 141 126 0 179 98 0 177 113 0 111 56 0 91 29 0 79 54 0 91 29 0 111 56 0 123 31 0 133 69 11 176 69 10 174 69 9 176 69 10 133 69 11 142 69 4 171 105 0 150 128 0 153 127 0 150 128 0 171 105 0 169 106 0 168 109 0 143 130 0 145 129 0 143 130 0 168 109 0 166 110 0 165 102 0 134 132 0 138 131 0 134 132 0 165 102 0 163 115 0 160 119 0 128 134 0 125 133 0 128 134 0 160 119 0 159 101 0 161 135 14 152 135 13 170 135 12 152 135 13 161 135 14 126 135 15 167 137 18 136 137 17 162 136 16 136 137 17 167 137 18 146 136 19 29 95 0 14 108 0 9 107 0 14 108 0 29 95 0 30 92 0 25 99 0 11 112 0 5 111 0 11 112 0 25 99 0 27 96 0 175 117 0 130 139 0 132 138 0 130 139 0 175 117 0 172 89 0 12 120 0 1 118 0 17 103 0 1 118 0 12 120 0 18 91 0 31 86 20 13 86 14 15 85 12 13 86 14 31 86 20 19 85 21 155 141 22 173 141 21 185 140 20 173 141 21 155 141 22 131 140 3 26 84 29 8 84 28 10 84 27 8 84 28 26 84 29 28 84 30 22 82 31 4 82 18 6 81 16 4 82 18 22 82 31 24 81 32 139 142 33 180 142 32 178 142 31 180 142 32 139 142 33 148 142 2 122 32 0 89 37 0 90 30 0 89 37 0 122 32 0 120 39 0 118 40 0 86 45 0 88 38 0 86 45 0 118 40 0 116 47 0 110 60 0 72 49 0 66 58 0 72 49 0 110 60 0 114 51 0 3 114 0 7 116 0 21 104 0 7 116 0 3 114 0 23 100 0</p>
                </triangles>
            </mesh>
        </geometry>
        <geometry id="ID82">
            <mesh>
                <source id="ID83">
                    <float_array id="ID84" count="558">-114.313 55.9085 204.719 -114.313 55.9085 204.719 -123.406 74.2523 220.625 -123.406 74.2523 220.625 -123.406 74.2523 220.625 -169.969 55.9085 161.5 -169.969 55.9085 161.5 -183.125 74.2523 174.281 -183.125 74.2523 174.281 -149.469 55.9085 266.375 -149.469 55.9085 266.375 -149.469 55.9085 266.375 -140.344 74.2523 250.469 -140.344 74.2523 250.469 -221 55.9085 210.875 -221 55.9085 210.875 -207.844 74.2523 198.094 -207.844 74.2523 198.094 -140.344 3.25229 250.469 -140.344 3.25229 250.469 -149.469 21.596 266.375 -149.469 21.596 266.375 -207.844 3.25229 198.094 -221 21.596 210.875 -221 21.596 210.875 -114.313 21.596 204.719 -114.313 21.596 204.719 -114.313 21.596 204.719 -123.406 3.25229 220.625 -169.969 21.596 161.5 -169.969 21.596 161.5 -183.125 3.25229 174.281 -183.125 3.25229 174.281 -138.438 74.2523 210.594 -138.438 74.2523 210.594 -127.438 55.9085 195.906 -127.438 55.9085 195.906 -170.125 55.9085 252.656 -170.125 55.9085 252.656 -159.125 74.2523 237.969 -159.125 74.2523 237.969 -159.125 3.25229 237.969 -170.125 21.596 252.656 -170.125 21.596 252.656 -127.438 21.596 195.906 -127.438 21.596 195.906 -138.438 3.25229 210.594 -158.188 55.9085 172.031 -158.188 55.9085 172.031 -169.688 74.2523 186.344 -169.688 74.2523 186.344 -191.094 74.2523 213.188 -191.094 74.2523 213.188 -202.563 55.9085 227.469 -202.563 55.9085 227.469 -202.563 21.596 227.469 -202.563 21.596 227.469 -191.094 3.25229 213.188 -169.688 3.25229 186.344 -158.188 21.596 172.031 -158.188 21.596 172.031 -166.719 55.5023 198.469 -166.719 55.5023 198.469 -178.25 55.5023 213.313 -178.25 55.5023 213.313 -166.969 29.3773 231.406 -166.969 29.3773 231.406 -166.969 48.1273 231.406 -166.969 48.1273 231.406 -150.906 22.0023 210.719 -150.906 22.0023 210.719 -162.438 22.0023 225.594 -162.438 22.0023 225.594 -146.406 48.1273 204.906 -146.406 48.1273 204.906 -146.406 29.3773 204.906 -146.406 29.3773 204.906 -150.906 55.5023 210.719 -150.906 55.5023 210.719 -162.188 48.1273 192.625 -162.188 48.1273 192.625 -162.438 55.5023 225.594 -162.438 55.5023 225.594 -182.781 48.1273 219.156 -182.781 48.1273 219.156 -182.781 29.3773 219.156 -182.781 29.3773 219.156 -178.25 22.0023 213.313 -178.25 22.0023 213.313 -166.719 22.0023 198.469 -166.719 22.0023 198.469 -162.188 29.3773 192.625 -162.188 29.3773 192.625 114.313 55.9085 -204.719 114.313 55.9085 -204.719 123.406 74.2523 -220.625 123.406 74.2523 -220.625 123.406 74.2523 -220.625 169.969 55.9085 -161.5 169.969 55.9085 -161.5 183.125 74.2523 -174.281 183.125 74.2523 -174.281 149.469 55.9085 -266.375 149.469 55.9085 -266.375 149.469 55.9085 -266.375 140.344 74.2523 -250.469 140.344 74.2523 -250.469 221 55.9085 -210.875 221 55.9085 -210.875 207.844 74.2523 -198.094 207.844 74.2523 -198.094 140.344 3.25229 -250.469 140.344 3.25229 -250.469 149.469 21.596 -266.375 149.469 21.596 -266.375 207.844 3.25229 -198.094 221 21.596 -210.875 221 21.596 -210.875 114.313 21.596 -204.719 114.313 21.596 -204.719 114.313 21.596 -204.719 123.406 3.25229 -220.625 169.969 21.596 -161.5 169.969 21.596 -161.5 183.125 3.25229 -174.281 183.125 3.25229 -174.281 138.438 74.2523 -210.594 138.438 74.2523 -210.594 127.438 55.9085 -195.906 127.438 55.9085 -195.906 170.125 55.9085 -252.656 170.125 55.9085 -252.656 159.125 74.2523 -237.969 159.125 74.2523 -237.969 159.125 3.25229 -237.969 170.125 21.596 -252.656 170.125 21.596 -252.656 127.438 21.596 -195.906 127.438 21.596 -195.906 138.438 3.25229 -210.594 158.188 55.9085 -172.031 158.188 55.9085 -172.031 169.688 74.2523 -186.344 169.688 74.2523 -186.344 191.094 74.2523 -213.188 191.094 74.2523 -213.188 202.563 55.9085 -227.469 202.563 55.9085 -227.469 202.563 21.596 -227.469 202.563 21.596 -227.469 191.094 3.25229 -213.188 169.688 3.25229 -186.344 158.188 21.596 -172.031 158.188 21.596 -172.031 166.719 55.5023 -198.469 166.719 55.5023 -198.469 178.25 55.5023 -213.313 178.25 55.5023 -213.313 166.969 29.3773 -231.406 166.969 29.3773 -231.406 166.969 48.1273 -231.406 166.969 48.1273 -231.406 150.906 22.0023 -210.719 150.906 22.0023 -210.719 162.438 22.0023 -225.594 162.438 22.0023 -225.594 146.406 48.1273 -204.906 146.406 48.1273 -204.906 146.406 29.3773 -204.906 146.406 29.3773 -204.906 150.906 55.5023 -210.719 150.906 55.5023 -210.719 162.188 48.1273 -192.625 162.188 48.1273 -192.625 162.438 55.5023 -225.594 162.438 55.5023 -225.594 182.781 48.1273 -219.156 182.781 48.1273 -219.156 182.781 29.3773 -219.156 182.781 29.3773 -219.156 178.25 22.0023 -213.313 178.25 22.0023 -213.313 166.719 22.0023 -198.469 166.719 22.0023 -198.469 162.188 29.3773 -192.625 162.188 29.3773 -192.625</float_array>
                    <technique_common>
                        <accessor count="186" source="#ID84" stride="3">
                            <param name="X" type="float"/>
                            <param name="Y" type="float"/>
                            <param name="Z" type="float"/>
                        </accessor>
                    </technique_common>
                </source>
                <source id="ID85">
                    <float_array id="ID86" count="420">-0.693775 0.0042142 -0.720179 -0.694565 0.0010886 -0.719429 -0.694826 0.00072573 -0.719177 -0.695348 -0.000679008 -0.718673 -0.694826 0.00072573 -0.719177 0.693775 0.0042142 0.720179 0.694565 0.0010886 0.719429 0.694826 0.00072573 0.719177 0.695348 -0.000679008 0.718673 0.694826 0.00072573 0.719177 -0.869687 -0.00462625 -0.493582 -0.869199 -0.00174383 -0.494459 -0.869034 -0.00116255 -0.494751 -0.868703 0.000379539 -0.495333 -0.868703 0.000872838 -0.495332 -0.869035 -0.000175393 -0.494751 -0.8692 -0.00026309 -0.49446 -0.869692 -0.00314469 -0.493584 0.869687 -0.00462625 0.493582 0.869199 -0.00174383 0.494459 0.869034 -0.00116255 0.494751 0.868703 0.000379539 0.495333 0.868703 0.000872838 0.495332 0.869035 -0.000175393 0.494751 0.8692 -0.00026309 0.49446 0.869692 -0.00314469 0.493584 -0.90556 -0.414741 0.0891709 -0.838006 -0.517722 -0.172367 -0.918648 -0.390163 -0.0621136 -0.759784 -0.647185 -0.0622914 0.266733 -0.636892 0.723341 0.29787 -0.384526 0.873736 0.367206 -0.520112 0.771132 0.120796 -0.418832 0.899993 -0.223428 -0.656211 -0.72074 -0.249715 -0.398792 -0.882387 -0.345827 -0.531529 -0.773227 -0.0920546 -0.421838 -0.901986 0.892005 -0.425515 -0.152524 0.834462 -0.53409 0.135725 0.91877 -0.393369 0.0335146 0.761268 -0.646094 0.0550769 -0.0732993 0.425323 -0.902069 -0.338061 0.534132 -0.774866 -0.260606 0.393636 -0.881553 -0.242164 0.646156 -0.723768 0.753688 0.656142 0.037848 0.916637 0.399044 0.0232481 0.835223 0.530957 0.143132 0.896588 0.421934 -0.134542 -0.766703 0.637121 -0.0790076 -0.920275 0.384649 -0.0716825 -0.799453 0.600716 -0.00391276 -0.954179 0.29723 -0.0345879 0.138392 0.414616 0.899412 0.37489 0.517505 0.769186 0.13614 0.492121 0.859815 0.42364 0.571123 0.703099 -0.47185 -0.706205 0.527856 -0.472172 -0.70655 0.527105 0.473893 -0.706302 -0.525893 0.473825 -0.70616 -0.526145 0.473577 0.706287 -0.526197 0.473834 0.706146 -0.526155 -0.472921 0.706256 0.526829 -0.472142 0.706596 0.527071 -0 1 -0 -0.393213 -0.705846 0.589207 -0.393787 -0.706302 0.588276 0.391686 -0.706234 -0.589759 0.391851 -0.706458 -0.589382 0.392276 0.706211 -0.589394 0.391863 0.706436 -0.589399 -0.394906 0.705775 0.588158 -0.393822 0.706241 0.588327 -0.557434 0 0.830221 0.553245 0 -0.833018 -0.614157 0 0.789184 -0.614157 0 0.789184 -0.666448 0 0.745552 0 -1 0 0.612425 0 -0.790528 0.668965 0 -0.743294 0.668965 0 -0.743294 0.920275 0.384649 0.0716825 0.90556 -0.414742 -0.0891709 0.954179 0.29723 0.0345879 0.918648 -0.390163 0.0621136 0.838006 -0.517722 0.172367 0.223428 -0.656211 0.72074 0.759784 -0.647185 0.0622914 0.345827 -0.531529 0.773227 0.249715 -0.398792 0.882387 0.0732993 0.425323 0.902069 0.0920546 -0.421838 0.901986 0.260606 0.393636 0.881553 -0.37489 0.517505 -0.769186 -0.753688 0.656142 -0.037848 -0.42364 0.571123 -0.703099 -0.835223 0.530957 -0.143132 -0.266733 -0.636892 -0.723341 -0.29787 -0.384526 -0.873736 -0.367206 -0.520112 -0.771132 -0.120796 -0.418832 -0.899993 -0.892005 -0.425515 0.152524 -0.834462 -0.53409 -0.135725 -0.91877 -0.393369 -0.0335146 -0.761268 -0.646094 -0.0550769 0.338061 0.534132 0.774866 0.242164 0.646156 0.723768 -0.916637 0.399044 -0.0232481 -0.896588 0.421934 0.134542 0.766703 0.637121 0.0790076 0.799453 0.600716 0.00391276 -0.138392 0.414616 -0.899412 -0.13614 0.492121 -0.859815 0.47185 -0.706205 -0.527856 0.472172 -0.70655 -0.527105 -0.473893 -0.706302 0.525893 -0.473825 -0.70616 0.526145 -0.473577 0.706287 0.526197 -0.473834 0.706146 0.526155 0.393213 -0.705846 -0.589207 0.393787 -0.706302 -0.588276 -0.391686 -0.706234 0.589759 -0.391851 -0.706458 0.589382 -0.392276 0.706211 0.589394 -0.391863 0.706436 0.589399 0.394906 0.705775 -0.588158 0.393822 0.706241 -0.588327 0.557434 -0 -0.830221 -0.553245 -0 0.833018 0.472921 0.706256 -0.526829 0.472142 0.706596 -0.527071 0.614157 -0 -0.789184 0.614157 0 -0.789184 0.666448 -0 -0.745552 -0.612425 -0 0.790528 -0.668965 -0 0.743294 -0.668965 0 0.743294</float_array>
                    <technique_common>
                        <accessor count="140" source="#ID86" stride="3">
                            <param name="X" type="float"/>
                            <param name="Y" type="float"/>
                            <param name="Z" type="float"/>
                        </accessor>
                    </technique_common>
                </source>
                <source id="ID87">
                    <float_array id="ID88" count="68">0 0.125 0.949951 0.3125 0.949951 0.5625 0.949951 0.125 0.949951 0.8125 0 0.875 0 0.625 0 0.1875 0 0.375 0.962463 0.875 0.963745 0.8125 0.949951 0.875 0.98822 0.1875 1 0.1875 0.98822 0.125 1 0.125 0.985657 0.625 1 0.625 0.985657 0.5625 1 0.5625 0.961731 0.1875 0.961731 0.125 0.949951 0.1875 0.987488 0.875 1 0.875 0.986206 0.8125 1 0.8125 0.986206 0.375 0.987488 0.3125 0.963745 0.375 0.962463 0.3125 0.964294 0.625 0.964294 0.5625 0.949951 0.625</float_array>
                    <technique_common>
                        <accessor count="34" source="#ID88" stride="2">
                            <param name="S" type="float"/>
                            <param name="T" type="float"/>
                        </accessor>
                    </technique_common>
                </source>
                <vertices id="ID89">
                    <input semantic="POSITION" source="#ID83"/>
                </vertices>
                <triangles count="176" material="Material1">
                    <input offset="0" semantic="VERTEX" source="#ID89"/>
                    <input offset="1" semantic="NORMAL" source="#ID85"/>
                    <input offset="2" semantic="TEXCOORD" source="#ID87" set="0"/>
                    <p>23 2 2 32 1 1 22 0 0 32 1 1 23 2 2 29 3 0 15 3 0 29 3 0 23 2 2 29 3 0 15 3 0 6 4 3 17 1 4 6 4 3 15 3 0 6 4 3 17 1 4 7 0 0 116 7 2 125 6 1 115 5 0 125 6 1 116 7 2 122 8 0 108 8 0 122 8 0 116 7 2 122 8 0 108 8 0 99 9 3 110 6 4 99 9 3 108 8 0 99 9 3 110 6 4 100 5 0 103 12 6 97 11 5 106 10 0 97 11 5 103 12 6 93 13 0 113 14 0 93 13 0 103 12 6 93 13 0 113 14 0 119 15 7 112 16 8 119 15 7 113 14 0 119 15 7 112 16 8 121 17 0 10 20 6 4 19 5 13 18 0 4 19 5 10 20 6 0 21 0 20 22 0 0 21 0 10 20 6 0 21 0 20 22 0 26 23 7 19 24 8 26 23 7 20 22 0 26 23 7 19 24 8 28 25 0 184 28 0 151 27 0 152 26 0 151 27 0 184 28 0 183 29 0 163 32 0 137 31 0 139 30 0 137 31 0 163 32 0 168 33 0 181 36 0 149 35 0 150 34 0 149 35 0 181 36 0 179 37 0 159 40 0 134 39 0 136 38 0 134 39 0 159 40 0 165 41 0 177 44 0 145 43 0 147 42 0 145 43 0 177 44 0 157 45 0 175 48 0 131 47 0 133 46 0 131 47 0 175 48 0 161 49 0 155 52 0 140 51 0 143 50 0 140 51 0 155 52 0 172 53 0 166 56 0 127 55 0 128 54 0 127 55 0 166 56 0 171 57 0 168 33 0 128 54 0 137 31 0 128 54 0 168 33 0 166 56 0 165 41 0 139 30 0 134 39 0 139 30 0 165 41 0 163 32 0 161 49 0 136 38 0 131 47 0 136 38 0 161 49 0 159 40 0 157 45 0 143 50 0 145 43 0 143 50 0 157 45 0 155 52 0 152 26 0 124 59 0 122 58 0 124 59 0 152 26 0 151 27 0 150 34 0 117 61 0 115 60 0 117 61 0 150 34 0 149 35 0 147 42 0 109 63 0 108 62 0 109 63 0 147 42 0 145 43 0 143 50 0 98 65 0 100 64 0 98 65 0 143 50 0 140 51 0 101 66 11 144 66 10 142 66 9 144 66 10 101 66 11 110 66 4 139 30 0 118 68 0 121 67 0 118 68 0 139 30 0 137 31 0 136 38 0 111 70 0 113 69 0 111 70 0 136 38 0 134 39 0 133 46 0 102 72 0 106 71 0 102 72 0 133 46 0 131 47 0 128 54 0 96 74 0 93 73 0 96 74 0 128 54 0 127 55 0 129 75 14 120 75 13 138 75 12 120 75 13 129 75 14 94 75 15 135 76 18 104 76 17 130 76 16 104 76 17 135 76 18 114 76 19 183 29 0 168 33 0 163 32 0 168 33 0 183 29 0 184 28 0 179 37 0 165 41 0 159 40 0 165 41 0 179 37 0 181 36 0 157 45 0 161 49 0 175 48 0 161 49 0 157 45 0 177 44 0 166 56 0 155 52 0 171 57 0 155 52 0 166 56 0 172 53 0 185 78 20 167 78 14 169 77 12 167 78 14 185 78 20 173 77 21 123 79 22 141 79 21 153 79 20 141 79 21 123 79 22 99 79 3 39 66 25 2 66 24 33 66 23 2 66 24 39 66 25 12 66 26 81 66 25 61 66 9 63 66 10 61 66 9 81 66 25 77 66 23 180 80 29 162 80 28 164 80 27 162 80 28 180 80 29 182 80 30 176 81 31 158 81 18 160 81 16 158 81 18 176 81 31 178 81 32 107 83 33 148 83 32 146 82 31 148 83 32 107 83 33 116 82 2 132 66 25 95 66 24 126 66 23 95 66 24 132 66 25 105 66 26 174 66 25 154 66 9 156 66 10 154 66 9 174 66 25 170 66 23 79 86 0 59 85 0 47 84 0 59 85 0 79 86 0 91 87 0 90 90 0 57 89 0 58 88 0 57 89 0 90 90 0 88 91 0 86 94 0 54 93 0 56 92 0 54 93 0 86 94 0 84 95 0 78 98 0 40 97 0 34 96 0 40 97 0 78 98 0 82 99 0 91 87 0 58 88 0 59 85 0 58 88 0 91 87 0 90 90 0 70 102 0 44 101 0 46 100 0 44 101 0 70 102 0 75 103 0 88 91 0 56 92 0 57 89 0 56 92 0 88 91 0 86 94 0 66 106 0 41 105 0 43 104 0 41 105 0 66 106 0 72 107 0 84 95 0 52 108 0 54 93 0 52 108 0 84 95 0 64 109 0 82 99 0 38 110 0 40 97 0 38 110 0 82 99 0 68 111 0 62 113 0 47 84 0 50 112 0 47 84 0 62 113 0 79 86 0 73 115 0 34 96 0 35 114 0 34 96 0 73 115 0 78 98 0 75 103 0 35 114 0 44 101 0 35 114 0 75 103 0 73 115 0 72 107 0 46 100 0 41 105 0 46 100 0 72 107 0 70 102 0 68 111 0 43 104 0 38 110 0 43 104 0 68 111 0 66 106 0 64 109 0 50 112 0 52 108 0 50 112 0 64 109 0 62 113 0 59 85 0 31 117 0 29 116 0 31 117 0 59 85 0 58 88 0 57 89 0 24 119 0 22 118 0 24 119 0 57 89 0 56 92 0 54 93 0 16 121 0 15 120 0 16 121 0 54 93 0 52 108 0 172 53 0 152 26 0 140 51 0 152 26 0 172 53 0 184 28 0 8 66 11 51 66 10 49 66 9 51 66 10 8 66 11 17 66 4 46 100 0 25 123 0 28 122 0 25 123 0 46 100 0 44 101 0 43 104 0 18 125 0 20 124 0 18 125 0 43 104 0 41 105 0 40 97 0 9 127 0 13 126 0 9 127 0 40 97 0 38 110 0 35 114 0 3 129 0 0 128 0 3 129 0 35 114 0 34 96 0 36 130 14 27 130 13 45 130 12 27 130 13 36 130 14 1 130 15 42 131 18 11 131 17 37 131 16 11 131 17 42 131 18 21 131 19 90 90 0 75 103 0 70 102 0 75 103 0 90 90 0 91 87 0 86 94 0 72 107 0 66 106 0 72 107 0 86 94 0 88 91 0 50 112 0 5 133 0 7 132 0 5 133 0 50 112 0 47 84 0 73 115 0 62 113 0 78 98 0 62 113 0 73 115 0 79 86 0 92 135 20 74 135 14 76 134 12 74 135 14 92 135 20 80 134 21 30 136 22 48 136 21 60 136 20 48 136 21 30 136 22 6 136 3 87 80 29 69 80 28 71 80 27 69 80 28 87 80 29 89 80 30 83 137 31 65 137 18 67 137 16 65 137 18 83 137 31 85 137 32 14 139 33 55 139 32 53 138 31 55 139 32 14 139 33 23 138 2 183 29 0 150 34 0 151 27 0 150 34 0 183 29 0 181 36 0 179 37 0 147 42 0 149 35 0 147 42 0 179 37 0 177 44 0 171 57 0 133 46 0 127 55 0 133 46 0 171 57 0 175 48 0 64 109 0 68 111 0 82 99 0 68 111 0 64 109 0 84 95 0</p>
                </triangles>
            </mesh>
        </geometry>
    </library_geometries>
    <library_visual_scenes>
        <visual_scene id="ID8">
            <node id="ID9" name="n0b0">
                <translate sid="translate">0 0 -0</translate>
                <rotate sid="rotateY">0 1 0 -0</rotate>
                <rotate sid="rotateX">1 0 0 0</rotate>
                <rotate sid="rotateZ">0 0 1 -0</rotate>
                <scale sid="scale">1 1 1</scale>
                <instance_geometry url="#ID10">
                    <bind_material>
                        <technique_common>
                            <instance_material symbol="Material1" target="#ID3">
                                <bind_vertex_input semantic="UVSET0" input_semantic="TEXCOORD" input_set="0"/>
                            </instance_material>
                        </technique_common>
                    </bind_material>
                </instance_geometry>
            </node>
            <node id="ID18" name="n1b1">
                <translate sid="translate">0 0 -0</translate>
                <rotate sid="rotateY">0 1 0 -0</rotate>
                <rotate sid="rotateX">1 0 0 0</rotate>
                <rotate sid="rotateZ">0 0 1 -0</rotate>
                <scale sid="scale">1 1 1</scale>
                <instance_geometry url="#ID19">
                    <bind_material>
                        <technique_common>
                            <instance_material symbol="Material1" target="#ID3">
                                <bind_vertex_input semantic="UVSET0" input_semantic="TEXCOORD" input_set="0"/>
                            </instance_material>
                        </technique_common>
                    </bind_material>
                </instance_geometry>
            </node>
            <node id="ID27" name="n2b3">
                <translate sid="translate">0 0 -0</translate>
                <rotate sid="rotateY">0 1 0 -0</rotate>
                <rotate sid="rotateX">1 0 0 0</rotate>
                <rotate sid="rotateZ">0 0 1 -0</rotate>
                <scale sid="scale">1 1 1</scale>
                <instance_geometry url="#ID28">
                    <bind_material>
                        <technique_common>
                            <instance_material symbol="Material1" target="#ID3">
                                <bind_vertex_input semantic="UVSET0" input_semantic="TEXCOORD" input_set="0"/>
                            </instance_material>
                        </technique_common>
                    </bind_material>
                </instance_geometry>
            </node>
            <node id="ID36" name="n3b4">
                <translate sid="translate">0 0 -0</translate>
                <rotate sid="rotateY">0 1 0 -0</rotate>
                <rotate sid="rotateX">1 0 0 0</rotate>
                <rotate sid="rotateZ">0 0 1 -0</rotate>
                <scale sid="scale">1 1 1</scale>
                <instance_geometry url="#ID37">
                    <bind_material>
                        <technique_common>
                            <instance_material symbol="Material1" target="#ID3">
                                <bind_vertex_input semantic="UVSET0" input_semantic="TEXCOORD" input_set="0"/>
                            </instance_material>
                        </technique_common>
                    </bind_material>
                </instance_geometry>
            </node>
            <node id="ID45" name="n4b6">
                <translate sid="translate">0 0 -0</translate>
                <rotate sid="rotateY">0 1 0 -0</rotate>
                <rotate sid="rotateX">1 0 0 0</rotate>
                <rotate sid="rotateZ">0 0 1 -0</rotate>
                <scale sid="scale">1 1 1</scale>
                <instance_geometry url="#ID46">
                    <bind_material>
                        <technique_common>
                            <instance_material symbol="Material1" target="#ID3">
                                <bind_vertex_input semantic="UVSET0" input_semantic="TEXCOORD" input_set="0"/>
                            </instance_material>
                        </technique_common>
                    </bind_material>
                </instance_geometry>
            </node>
            <node id="ID54" name="n5b7">
                <translate sid="translate">0 0 -0</translate>
                <rotate sid="rotateY">0 1 0 -0</rotate>
                <rotate sid="rotateX">1 0 0 0</rotate>
                <rotate sid="rotateZ">0 0 1 -0</rotate>
                <scale sid="scale">1 1 1</scale>
                <instance_geometry url="#ID55">
                    <bind_material>
                        <technique_common>
                            <instance_material symbol="Material1" target="#ID3">
                                <bind_vertex_input semantic="UVSET0" input_semantic="TEXCOORD" input_set="0"/>
                            </instance_material>
                        </technique_common>
                    </bind_material>
                </instance_geometry>
            </node>
            <node id="ID63" name="n6b8">
                <translate sid="translate">0 0 -0</translate>
                <rotate sid="rotateY">0 1 0 -0</rotate>
                <rotate sid="rotateX">1 0 0 0</rotate>
                <rotate sid="rotateZ">0 0 1 -0</rotate>
                <scale sid="scale">1 1 1</scale>
                <instance_geometry url="#ID64">
                    <bind_material>
                        <technique_common>
                            <instance_material symbol="Material1" target="#ID3">
                                <bind_vertex_input semantic="UVSET0" input_semantic="TEXCOORD" input_set="0"/>
                            </instance_material>
                        </technique_common>
                    </bind_material>
                </instance_geometry>
            </node>
            <node id="ID72" name="n7b5">
                <translate sid="translate">0 0 -0</translate>
                <rotate sid="rotateY">0 1 0 -0</rotate>
                <rotate sid="rotateX">1 0 0 0</rotate>
                <rotate sid="rotateZ">0 0 1 -0</rotate>
                <scale sid="scale">1 1 1</scale>
                <instance_geometry url="#ID73">
                    <bind_material>
                        <technique_common>
                            <instance_material symbol="Material1" target="#ID3">
                                <bind_vertex_input semantic="UVSET0" input_semantic="TEXCOORD" input_set="0"/>
                            </instance_material>
                        </technique_common>
                    </bind_material>
                </instance_geometry>
            </node>
            <node id="ID81" name="n8b2">
                <translate sid="translate">0 0 -0</translate>
                <rotate sid="rotateY">0 1 0 -0</rotate>
                <rotate sid="rotateX">1 0 0 0</rotate>
                <rotate sid="rotateZ">0 0 1 -0</rotate>
                <scale sid="scale">1 1 1</scale>
                <instance_geometry url="#ID82">
                    <bind_material>
                        <technique_common>
                            <instance_material symbol="Material1" target="#ID3">
                                <bind_vertex_input semantic="UVSET0" input_semantic="TEXCOORD" input_set="0"/>
                            </instance_material>
                        </technique_common>
                    </bind_material>
                </instance_geometry>
            </node>
        </visual_scene>
    </library_visual_scenes>
    <scene>
        <instance_visual_scene url="#ID8"/>
    </scene>
</COLLADA>
