<?xml version="1.0"?>
<COLLADA xmlns="http://www.collada.org/2005/11/COLLADASchema" version="1.4.1">
    <asset>
        <contributor>
            <authoring_tool>CINEMA4D 15.064 COLLADA Exporter</authoring_tool>
        </contributor>
        <created>2018-04-28T04:42:37Z</created>
        <modified>2018-04-28T04:42:37Z</modified>
        <unit meter="0.01" name="centimeter"/>
        <up_axis>Y_UP</up_axis>
    </asset>
    <library_images>
        <image id="ID5">
            <init_from>whiteplaMS.png</init_from>
        </image>
        <image id="ID10">
            <init_from>IP2V_hebienv2.png</init_from>
        </image>
        <image id="ID15">
            <init_from>graymarufloormipMS.png</init_from>
        </image>
        <image id="ID20">
            <init_from>IP2_glow1_i.png</init_from>
        </image>
    </library_images>
    <library_effects>
        <effect id="ID2">
            <profile_COMMON>
                <technique sid="COMMON">
                    <blinn>
                        <diffuse>
                            <color>0.8 0.8 0.8 1</color>
                        </diffuse>
                        <specular>
                            <color>0.2 0.2 0.2 1</color>
                        </specular>
                        <shininess>
                            <float>0.5</float>
                        </shininess>
                    </blinn>
                </technique>
            </profile_COMMON>
        </effect>
        <effect id="ID4">
            <profile_COMMON>
                <newparam sid="ID6">
                    <surface type="2D">
                        <init_from>ID5</init_from>
                    </surface>
                </newparam>
                <newparam sid="ID7">
                    <sampler2D>
                        <source>ID6</source>
                    </sampler2D>
                </newparam>
                <technique sid="COMMON">
                    <blinn>
                        <diffuse>
                            <texture texture="ID7" texcoord="UVSET0"/>
                        </diffuse>
                    </blinn>
                </technique>
            </profile_COMMON>
        </effect>
        <effect id="ID9">
            <profile_COMMON>
                <newparam sid="ID11">
                    <surface type="2D">
                        <init_from>ID10</init_from>
                    </surface>
                </newparam>
                <newparam sid="ID12">
                    <sampler2D>
                        <source>ID11</source>
                    </sampler2D>
                </newparam>
                <technique sid="COMMON">
                    <blinn>
                        <diffuse>
                            <texture texture="ID12" texcoord="UVSET0"/>
                        </diffuse>
                    </blinn>
                </technique>
            </profile_COMMON>
        </effect>
        <effect id="ID14">
            <profile_COMMON>
                <newparam sid="ID16">
                    <surface type="2D">
                        <init_from>ID15</init_from>
                    </surface>
                </newparam>
                <newparam sid="ID17">
                    <sampler2D>
                        <source>ID16</source>
                    </sampler2D>
                </newparam>
                <technique sid="COMMON">
                    <blinn>
                        <diffuse>
                            <texture texture="ID17" texcoord="UVSET0"/>
                        </diffuse>
                    </blinn>
                </technique>
            </profile_COMMON>
        </effect>
        <effect id="ID19">
            <profile_COMMON>
                <newparam sid="ID21">
                    <surface type="2D">
                        <init_from>ID20</init_from>
                    </surface>
                </newparam>
                <newparam sid="ID22">
                    <sampler2D>
                        <source>ID21</source>
                    </sampler2D>
                </newparam>
                <technique sid="COMMON">
                    <blinn>
                        <diffuse>
                            <texture texture="ID22" texcoord="UVSET0"/>
                        </diffuse>
                    </blinn>
                </technique>
            </profile_COMMON>
        </effect>
    </library_effects>
    <library_materials>
        <material id="ID3" name="m4">
            <instance_effect url="#ID4"/>
        </material>
        <material id="ID8" name="m3">
            <instance_effect url="#ID9"/>
        </material>
        <material id="ID13" name="m1">
            <instance_effect url="#ID14"/>
        </material>
        <material id="ID18" name="m0">
            <instance_effect url="#ID19"/>
        </material>
    </library_materials>
    <library_geometries>
        <geometry id="ID25">
            <mesh>
                <source id="ID26">
                    <float_array id="ID27" count="5655">-613.5 261.25 -669.125 87.875 294.25 -1397.5 1545 74.5 -467.125 -535.375 71.625 -2230.38 -2487.25 -199.5 994.125 -2350.38 -304.875 1303.5 1642.88 -278.5 948.5 2611.63 -304.375 670.5 -604.75 288.75 -676.5 -604.75 288.75 -676.5 88.375 301.75 -1405 -528.625 200.125 -2223.25 -578.125 81.25 -2146.5 -2442 -199.5 976.25 -1953.13 -304.875 1850.25 1051.25 -270.625 628.875 2611.63 -208 670.5 -520.375 233.875 -575.25 -87.875 294.25 -1397.5 -578.125 200.125 -2146.5 -588.5 71.625 -2151.25 -2300.88 -199.5 1276.25 -1906.13 -304.875 1806.13 1633.38 -270.625 965 2675 -304.375 337.875 -604.75 233.875 -676.5 -88.375 301.75 -1405 -578.125 74.5 -2146.5 684.875 71.625 -1455.5 -2162.5 -199.5 1584.75 -1706.25 -304.875 2082 1047.25 -251.5 635.75 2675 -208 337.875 -499.25 222.5 -592.875 -262.375 294.25 -1375.5 -528.625 74.5 -2223.25 688.875 81.25 -1464.13 -2123.25 -199.5 1556.13 -1665.25 -304.875 2032.38 1629.38 -251.5 971.875 1332.13 -208 -1418.63 -583.625 222.5 -694 -263.75 301.75 -1382.88 500 200.125 -1538.88 867 81.25 -1366.25 -1947.38 -199.5 1844.88 -1432.38 -304.875 2281.13 1051.25 -232.5 628.875 1337 -208 -1328.5 -478.125 233.875 -610.5 -432.625 294.25 -1331.75 500 74.5 -1538.88 861.875 71.625 -1358.13 -1911.88 -199.5 1811.5 -1397.75 -304.875 2226.63 1633.38 -232.5 965 1337 -304.375 -1328.5 -562.625 233.875 -711.625 -435 301.75 -1338.88 688.875 200.125 -1464.13 1031.38 81.25 -1246.75 -1701.25 -199.5 2076 -1135.63 -304.875 2444.25 1060.75 -224.5 612.375 1332.13 -304.375 -1418.63 -469.5 261.25 -617.75 -596.125 294.25 -1267 688.875 74.5 -1464.13 1025.25 71.625 -1239.38 -1670.25 -199.5 2038.5 -1108.13 -304.875 2385.88 1642.88 -224.5 948.5 1798.13 -304.375 -1914.75 -553.875 261.25 -718.875 -599.375 301.75 -1273.88 867 200.125 -1366.25 497 71.625 -1529.75 -1428.13 -199.5 2274.38 -820.75 -304.875 2568.88 1625.5 -224.125 906.75 1625.5 -224.125 906.75 1895.13 -304.375 -1911.88 -478.125 288.75 -610.5 -750.25 294.25 -1182.25 867 74.5 -1366.25 500 81.25 -1538.88 -1402 -199.5 2233.38 -800.875 -304.875 2507.63 1631.13 -251.5 896.875 1895.13 -208 -1911.88 -562.625 288.75 -711.625 -754.375 301.75 -1188.63 1031.38 200.125 -1246.75 301.375 71.625 -1580 -1132.25 -199.5 2437.13 -492.75 -304.875 2653.13 1668.88 -251.5 918.625 1798.13 -208 -1914.75 -499.25 300.125 -592.875 -892.5 294.25 -1078.88 1031.38 74.5 -1246.75 303.125 81.25 -1589.5 -1111.5 -199.5 2393 -480.75 -304.875 2589.75 1663.13 -224.125 928.5 1663.13 -224.125 928.5 1918.5 -304.375 1801.63 -583.625 300.125 -694 -897.375 301.75 -1084.75 1179.5 200.125 -1107.63 101 71.625 -1605.38 -818.375 -199.5 2561.38 -156.875 -304.875 2695.5 1625.5 -279 906.75 1421.38 -304.375 1334.75 -583.625 261.25 -694 -1020.75 294.25 -958.5 1179.5 74.5 -1107.63 101.5 81.25 -1614.88 -803.25 -199.5 2515.13 -152.75 -304.875 2631.25 1663.13 -279 928.5 1421.38 -208 1334.75 750.25 392.375 -1182.25 -1026.25 301.75 -963.75 1309 200.125 -951.125 -101 71.625 -1605.38 -491.25 -199.5 2645.38 181.625 -304.875 2695.5 1611.75 -290.375 930.5 1918.5 -208 1801.63 1071.88 392.375 -1689 -1046.38 294.25 -927.5 1309 74.5 -951.125 -101.5 81.25 -1614.88 -482.25 -199.5 2597.5 177.625 -304.875 2631.25 1649.5 -290.375 952.25 1833.38 -201.25 470.75 851.75 392.375 -1810 -1048.38 301.75 -934.75 1418 200.125 -779.5 -301.375 71.625 -1580 -156.375 -199.5 2687.63 517.625 -304.875 2653.13 1598 -279 954.25 1877.5 -201.25 482 596.125 392.375 -1267 -1123.75 294.25 -929.625 1418 74.5 -779.5 -303.125 81.25 -1589.5 -153.25 -199.5 2639.13 470.75 -304.875 2597.88 1635.75 -279 976 1708.75 -215.5 939.375 618.125 392.375 -1902.5 -1124.63 301.75 -939.5 1504.5 200.125 -595.625 -374.75 71.625 -1561.25 181.125 -199.5 2687.63 521.25 -304.875 2532.38 1592.38 -251.5 964.125 1577.5 -215.5 1146.13 432.625 392.375 -1331.75 1215.88 301.75 -1576.5 1504.5 74.5 -595.625 -373.125 81.25 -1570.63 178.125 -199.5 2639.13 585.5 -304.875 2569.25 1630 -251.5 985.875 1492.75 -215.5 1248.63 262.375 392.375 -1375.5 1224.38 294.25 -1578.25 -428.75 200.125 -2247.88 -440.875 71.625 -1611.5 431.25 -199.5 1912.88 437 -304.875 1904.75 1598 -224.125 954.25 1813 -215.5 717.75 374.75 392.375 -1965 1235 294.25 -1492.88 -428.75 74.5 -2247.88 -433.875 81.25 -1620.38 399.625 -199.5 1957.63 393.875 -304.875 1965.88 1635.75 -224.125 976 1885.63 -215.5 484.125 125.5 392.375 -1996.5 1225.63 301.75 -1492.38 -143.625 200.125 -2283.88 1179.5 81.25 -1107.63 153.875 -199.5 1060.13 366 -304.875 1858.5 1611.75 -212.75 930.5 2611.13 -215.5 329.75 87.875 392.375 -1397.5 931.5 294.25 -1126 -143.625 74.5 -2283.88 1172.5 71.625 -1101.13 154.125 -199.5 1856.25 340.125 -304.875 1930.63 1649.5 -212.75 952.25 2631.88 -215.5 -0 -125.5 392.375 -1996.5 928.625 301.75 -1133.63 143.625 200.125 -2283.88 1409.5 71.625 -774.875 123.625 -199.5 1881.38 191.125 -304.875 1869.63 1611.75 -251.5 930.5 2611.13 -215.5 -329.75 -87.875 392.375 -1397.5 1067.75 301.75 -1682.63 143.625 74.5 -2283.88 1418 81.25 -779.5 124.125 -199.5 1060.13 176.75 -304.875 1938.13 976 -224.125 531.75 976 -224.125 531.75 2549.13 -215.5 -654.5 -374.75 392.375 -1965 1071.88 294.25 -1689 2145.13 200.125 -596.125 1504.5 81.25 -595.625 -121.875 -199.5 1060.13 161.75 -304.875 1850 981.625 -251.5 521.875 2447 -215.5 -968.875 -262.375 392.375 -1375.5 848.5 301.75 -1803.13 2145.13 74.5 -596.125 1495.63 71.625 -592.125 -155.125 -199.5 1060.13 116.125 -304.875 1887.5 1134 -251.5 609.875 2306.38 -215.5 -1267.88 -432.625 392.375 -1331.75 851.75 294.25 -1810 709.125 246.25 -2185.63 1545 81.25 -467.125 577.125 -199.5 2564.38 161.75 -304.875 1060.13 1128.25 -224.125 619.625 1128.25 -224.125 619.625 2129.25 -215.5 -1547 -618.125 392.375 -1902.5 615.75 301.75 -1895.25 430.5 246.25 -2257.25 1538.5 71.625 -460 512 -199.5 2646.5 116.125 -304.875 1060.13 976 -279 531.75 1918.5 -215.5 -1801.63 -851.75 392.375 -1810 618.125 294.25 -1902.5 430.5 197.625 -2257.25 1301.38 71.625 -945.5 476.375 -199.5 2604.38 773.5 -30.25 -2363.25 1128.25 -279 619.625 1898.13 -215.5 -1820.75 -596.125 392.375 -1267 373.375 301.75 -1957.5 709.125 197.625 -2185.63 1309 81.25 -951.125 529.875 -199.5 2537.25 684.375 -30.25 -2324.38 503.5 -153.75 -1733.13 962.25 -290.375 555.5 1806 -215.5 -1818.63 -1071.88 392.375 -1689 374.75 294.25 -1965 144.25 197.625 -2293.38 2197.88 71.625 -657.25 -1641.5 -207.375 913.75 684.375 -144.625 -2324.38 539.625 -153.75 -1661.13 1114.5 -290.375 643.5 2003.13 -215.5 1699.38 -750.25 392.375 -1182.25 125.125 301.75 -1988.88 144.25 246.25 -2293.38 2188.13 81.25 -659.25 -1742.5 -207.375 699.25 773.5 -144.625 -2363.25 743.625 -153.75 -1580.38 948.5 -279 579.25 2129.25 -215.5 1547 -1275.13 392.375 -1541.38 125.5 294.25 -1996.5 -144.25 197.625 -2293.38 2127.63 81.25 -842.375 -1742.5 -304.875 699.25 1700.88 -30.25 430.125 677.5 -153.75 -2331.88 1100.88 -279 667.25 2306.38 -215.5 1267.88 -892.5 392.375 -1078.88 -125.125 301.75 -1988.88 -144.25 246.25 -2293.38 2136.5 71.625 -845.875 -1641.5 -304.875 913.75 1742.75 -30.25 497.25 1530.5 -153.75 -841.375 942.875 -251.5 589.125 2447 -215.5 968.875 -1458.25 392.375 -1369.38 -125.5 294.25 -1996.5 -430.5 197.625 -2257.25 2005.25 81.25 -1102.38 -1514.5 -207.375 1113.88 1742.75 -144.625 497.25 1624 -153.75 -642.875 1095.13 -251.5 677.125 2549.13 -215.5 654.5 -1020.75 392.375 -958.5 -373.375 301.75 -1957.5 -430.5 246.25 -2257.25 2013.63 71.625 -1107 -1514.5 -304.875 1113.88 1700.88 -144.625 430.125 1691.75 -153.75 -434.375 948.5 -224.125 579.25 1495.75 -215.5 1320 -1498.38 392.375 -1320.88 -374.75 294.25 -1965 -535.375 197.625 -2230.38 2153.5 71.625 -589 -1363.5 -207.375 1296.5 2410.38 -30.25 611.75 2410.38 -30.25 611.75 1413 -153.75 -1026.63 1100.88 -224.125 667.25 1917.75 -215.5 1706.38 -1046.38 392.375 -927.5 -615.75 301.75 -1895.25 -535.375 246.25 -2230.38 2145.13 81.25 -596.125 -1363.5 -304.875 1296.5 2466.38 -30.25 311.5 1273.25 -153.75 -1195.63 962.25 -212.75 555.5 1533.25 -201.25 -1114 779 452.75 -1227.5 -618.125 294.25 -1902.5 301.375 197.625 -1580 1851.25 81.25 -1345 -1190.63 -207.375 1458.75 2466.38 -144.625 311.5 1113.25 -153.75 -1345.75 1114.5 -212.75 643.5 1568.5 -201.25 -1139.63 837 452.75 -1186.75 -848.5 301.75 -1803.13 101 197.625 -1605.38 1859 71.625 -1350.63 -1190.63 -304.875 1458.75 2410.38 -144.625 611.75 2410.38 -144.625 611.75 935.875 -153.75 -1474.75 1114.5 -251.5 643.5 1699 -201.25 -934 837.625 452.75 -1126.63 -851.75 294.25 -1810 -101 197.625 -1605.38 1668.13 81.25 -1566.5 -998.875 -207.375 1598.13 2486 -30.25 -0 1732.88 -153.75 -218.875 1051.25 -232.5 -628.875 1051.25 -232.5 -628.875 1660.75 -201.25 -913 754.375 452.75 -1188.63 -1067.75 301.75 -1682.63 -301.375 197.625 -1580 1675.13 71.625 -1573 -998.875 -304.875 1598.13 2486 -144.625 -0 1746.63 -153.75 -0 1047.25 -251.5 -635.75 1408.5 -201.25 -1407 619 452.75 -1315.5 -1071.88 294.25 -1689 -374.75 197.625 -1561.25 1458.63 81.25 -1763.25 -791.125 -207.375 1712.25 2466.38 -30.25 -311.5 1732.88 -153.75 218.875 1629.38 -251.5 -971.875 1340.88 -201.25 -1417.25 599.375 452.75 -1273.88 -1270.25 301.75 -1535.5 -588.5 197.625 -2151.25 1464.75 71.625 -1770.63 -791.125 -304.875 1712.25 2466.38 -144.625 -311.5 1691.75 -153.75 434.375 1633.38 -232.5 -965 1633.38 -232.5 -965 1946.13 -215.5 -7.375 449.25 452.75 -1382.63 -1275.13 294.25 -1541.38 -440.875 197.625 -1611.5 1226.13 81.25 -1932.13 -570.75 -207.375 1799.5 2407.88 -30.25 -618.25 1733.13 -153.75 503.375 1051.25 -270.625 -628.875 1946.13 -215.5 6.75 435 452.75 -1338.88 -1452.75 301.75 -1364.13 497 197.625 -1529.75 1231.25 71.625 -1940.25 -570.75 -304.875 1799.5 2407.88 -144.625 -618.25 2475.5 -153.75 312.625 1633.38 -270.625 -965 1946.63 -215.375 -0 272.375 452.75 -1428.13 -1458.25 294.25 -1369.38 1495.63 197.625 -592.125 1613.13 71.625 -441.25 -341.25 -207.375 1858.5 2311.38 -30.25 -915.125 2495.13 -153.75 -0 1060.75 -278.5 -612.375 1416.13 -215.375 -1405.75 263.75 452.75 -1382.88 -1490.75 301.75 -1320.25 2136.5 197.625 -845.875 1617 81.25 -451.75 -341.25 -304.875 1858.5 2311.38 -144.625 -915.125 2475.5 -153.75 -312.625 1642.88 -278.5 -948.5 2444.13 -215.5 -975 91.25 452.75 -1451 -1498.38 294.25 -1320.88 2013.63 197.625 -1107 709.125 9.875 -2185.63 -192.75 -207.375 1888.25 2178.5 -30.25 -1197.63 2416.75 -153.75 620.5 1070.25 -270.625 -595.875 2448.63 -215.5 -964 88.375 452.75 -1405 -1481.5 301.75 -1234.63 1409.5 197.625 -774.875 978.375 9.875 -2079.25 -192.75 -304.875 1888.25 2178.5 -144.625 -1197.63 2416.75 -153.75 -620.5 1652.5 -270.625 -932 -91.25 452.75 -1451 -1489.88 294.25 -1232.5 1859 197.625 -1350.63 430.5 9.875 -2257.25 -163.125 -207.375 1864.88 2011.13 -30.25 -1461.25 2320 -153.75 -918.5 1074.25 -251.5 -589 -88.375 452.75 -1405 750.25 226.125 -1182.25 1301.38 197.625 -945.5 144.25 9.875 -2293.38 -163.125 -304.875 1864.88 2011.13 -144.625 -1461.25 2186.5 -153.75 -1202 1656.38 -251.5 -925.125 -272.375 452.75 -1428.13 596.125 226.125 -1267 1675.13 197.625 -1573 -144.25 9.875 -2293.38 437 -207.375 1904.75 1812.13 -30.25 -1701.75 2018.63 -153.75 -1466.63 1070.25 -232.5 -595.875 -263.75 452.75 -1382.88 432.625 226.125 -1331.75 1172.5 197.625 -1101.13 -430.5 9.875 -2257.25 366 -207.375 1858.5 1812.13 -144.625 -1701.75 1818.88 -153.75 -1708 1652.5 -232.5 -932 -449.25 452.75 -1382.63 262.375 226.125 -1375.5 1464.75 197.625 -1770.63 -535.375 9.875 -2230.38 366 -304.875 1858.5 1584.63 -30.25 -1915.5 1590.5 -153.75 -1922.5 1060.75 -224.5 -612.375 1820.25 -215.5 1322.5 -435 452.75 -1338.88 87.875 226.125 -1397.5 1025.25 197.625 -1239.38 861.875 9.875 -1358.13 437 -304.875 1904.75 1584.63 -144.625 -1915.5 1337 -153.75 -2106.75 1642.88 -224.5 -948.5 1717.25 -215.5 1446.88 -619 452.75 -1315.5 -87.875 226.125 -1397.5 1231.25 197.625 -1940.25 684.875 9.875 -1455.5 -163.125 -207.375 1060.13 1332 -30.25 -2099 1062.38 -153.75 -2257.75 1598 -224.125 -954.25 1598 -224.125 -954.25 1885 -215.5 1369.5 -599.375 452.75 -1273.88 -262.375 226.125 -1375.5 861.875 197.625 -1358.13 497 9.875 -1529.75 -163.125 -304.875 1060.13 1332 -144.625 -2099 771 -153.75 -2373 1592.38 -251.5 -964.125 2041.75 -215.5 1122.38 -779 452.75 -1227.5 -432.625 226.125 -1331.75 684.875 197.625 -1455.5 301.375 9.875 -1580 517.625 -207.375 2653.13 1058.5 -30.25 -2249.38 2331.88 -153.75 677.375 1630 -251.5 -985.875 -754.375 452.75 -1188.63 -596.125 226.125 -1267 978.375 197.625 -2079.25 101 9.875 -1605.38 585.5 -207.375 2569.25 1058.5 -144.625 -2249.38 539.625 -217 -1661.13 1635.75 -224.125 -976 1635.75 -224.125 -976 -926.625 452.75 -1120.13 -750.25 226.125 -1182.25 1538.5 197.625 -460 -101 9.875 -1605.38 585.5 -304.875 2569.25 1755.75 -30.25 -0 503.5 -217 -1733.13 1598 -279 -954.25 2162.63 -215.5 865.5 -897.375 452.75 -1084.75 -892.5 226.125 -1078.88 1495.63 246.25 -592.125 -301.375 9.875 -1580 517.625 -304.875 2653.13 1742 -30.25 220 677.5 -217 -2331.88 1635.75 -279 -976 2166.38 -222.375 857.625 -1059.75 452.75 -995.25 -1020.75 226.125 -958.5 1538.5 246.25 -460 -374.75 9.875 -1561.25 191.125 -207.375 1869.63 1742 -144.625 220 1624 -217 -642.875 1611.75 -290.375 -930.5 -1026.25 452.75 -963.75 -1046.38 226.125 -927.5 1409.5 246.25 -774.875 -440.875 9.875 -1611.5 191.125 -304.875 1869.63 39.875 -215.375 1888.25 1755.75 -144.625 -0 1530.5 -217 -841.375 1649.5 -290.375 -952.25 1159 452.75 -1488.75 -1123.75 226.125 -929.625 1301.38 246.25 -945.5 -588.5 9.875 -2151.25 161.75 -207.375 1850 39.875 -215.375 2285.38 1742 -30.25 -220 1413 -217 -1026.63 1625.5 -279 -906.75 1148.88 452.75 -1563 1235 226.125 -1492.88 1172.5 246.25 -1101.13 1025.25 9.875 -1239.38 161.75 -304.875 1850 39.875 -304.875 2285.38 1742 -144.625 -220 1273.25 -217 -1195.63 1663.13 -279 -928.5 1215.88 452.75 -1576.5 931.5 226.125 -1126 1025.25 246.25 -1239.38 1495.63 9.875 -592.125 -1798.75 -207.375 526.25 39.875 -304.875 1878.5 1700.63 -30.25 -436.625 1113.25 -217 -1345.75 1631.13 -251.5 -896.875 1225.63 452.75 -1492.38 1224.38 226.125 -1578.25 861.875 246.25 -1358.13 1409.5 9.875 -774.875 -1798.75 -304.875 526.25 -40 -304.875 1878.5 1700.63 -144.625 -436.625 935.875 -217 -1474.75 1668.88 -251.5 -918.625 848.5 452.75 -1803.13 1071.88 226.125 -1689 684.875 246.25 -1455.5 1301.38 9.875 -945.5 -1876.25 -207.375 489.375 -40 -215.375 1868.88 1632.5 -30.25 -646.25 743.625 -217 -1580.38 1625.5 -224.125 -906.75 1067.75 452.75 -1682.63 851.75 226.125 -1810 497 246.25 -1529.75 1172.5 9.875 -1101.13 -1876.25 -304.875 489.375 -40 -215.375 1060.13 1632.5 -144.625 -646.25 1691.75 -217 -434.375 1663.13 -224.125 -928.5 1042.13 452.75 -1642.25 618.125 226.125 -1902.5 301.375 246.25 -1580 2136.5 9.875 -845.875 -2536.75 -304.875 659 -40 -304.875 1060.13 1538.63 -30.25 -845.875 1746.63 -217 -0 1611.75 -212.75 -930.5 828.125 452.75 -1759.88 374.75 226.125 -1965 101 246.25 -1605.38 2197.88 9.875 -657.25 -2536.75 -207.375 659 -40 -227.125 1878.25 1538.63 -144.625 -845.875 1732.88 -217 -218.875 1649.5 -212.75 -952.25 615.75 452.75 -1895.25 125.5 226.125 -1996.5 -101 246.25 -1605.38 2153.5 9.875 -589 -2578.25 -207.375 739.75 39.875 -227.125 1878.25 1420.5 -30.25 -1032 1691.75 -217 434.375 1611.75 -251.5 -930.5 601 452.75 -1849.88 -125.5 226.125 -1996.5 -301.375 246.25 -1580 2013.63 9.875 -1107 -2578.25 -304.875 739.75 39.875 -215.375 1868.88 1420.5 -144.625 -1032 1732.88 -217 218.875 938.625 -224.125 -573.625 938.625 -224.125 -573.625 373.375 452.75 -1957.5 -374.75 226.125 -1965 -374.75 246.25 -1561.25 1859 9.875 -1350.63 -2494.63 -304.875 997.125 -1910.25 -304.875 1401.38 1279.88 -30.25 -1201.88 2495.13 -217 -0 933 -251.5 -583.5 364.375 452.75 -1910.63 -618.125 226.125 -1902.5 -588.5 246.25 -2151.25 1675.13 9.875 -1573 -2494.63 -207.375 997.125 -1917.63 -215.375 1392.5 1279.88 -144.625 -1201.88 2475.5 -217 312.625 1085.25 -251.5 -671.375 125.125 452.75 -1988.88 -851.75 226.125 -1810 2197.88 197.625 -657.25 1464.75 9.875 -1770.63 -2350.38 -207.375 1303.5 -2071.5 -215.375 1150.13 1119.13 -30.25 -1352.88 2416.75 -217 620.5 1090.88 -224.125 -661.625 1090.88 -224.125 -661.625 2169.5 -215.5 848 122.125 452.75 -1941.25 -1071.88 226.125 -1689 2197.88 246.25 -657.25 1231.25 9.875 -1940.25 -2350.38 -304.875 1303.5 -2071.5 -304.875 1150.13 1119.13 -144.625 -1352.88 2475.5 -217 -312.625 938.625 -279 -573.625 2256.75 -215.5 579.375 -125.125 452.75 -1988.88 -1275.13 226.125 -1541.38 2136.5 246.25 -845.875 1613.13 9.875 -441.25 -2169 -207.375 1589.38 -1780.88 -227.125 1307.38 940.75 -30.25 -1482.5 2416.75 -217 -620.5 1090.88 -279 -661.625 -122.125 452.75 -1941.25 -1458.25 226.125 -1369.38 2013.63 246.25 -1107 1538.5 9.875 -460 -2169 -304.875 1589.38 -1780.88 -304.875 1307.38 940.75 -144.625 -1482.5 2320 -217 -918.5 952.375 -290.375 -549.875 2311.63 -215.375 292 -373.375 452.75 -1957.5 -1498.38 226.125 -1320.88 1859 246.25 -1350.63 898.75 9.875 -1416.38 -1953.13 -207.375 1850.25 -1788.25 -215.375 1298.25 747.5 -30.25 -1588.63 2186.5 -217 -1202 1104.63 -290.375 -637.75 -364.375 452.75 -1910.63 837.75 226.125 -1118.75 1675.13 246.25 -1573 714.25 9.875 -1517.88 -1953.13 -304.875 1850.25 -1172.75 -227.125 1872.13 747.5 -144.625 -1588.63 2018.63 -217 -1466.63 966.125 -279 -526.125 -615.75 452.75 -1895.25 -1489.88 226.125 -1232.5 1464.75 246.25 -1770.63 518.25 9.875 -1595.38 -1706.25 -207.375 2082 -1172.75 -304.875 1872.13 547.875 -30.25 -1666.75 1818.88 -217 -1708 1118.38 -279 -614 2095.13 -215.5 818.375 -601 452.75 -1849.88 783 226.125 -1233.88 1231.25 246.25 -1940.25 314.25 9.875 -1647.75 -1706.25 -304.875 2082 -1183.13 -215.375 1866.5 547.875 -144.625 -1666.75 1590.5 -217 -1922.5 971.75 -251.5 -516.25 2091.88 -222.375 828.25 -848.5 452.75 -1803.13 622.25 226.125 -1322.25 978.375 246.25 -2079.25 105.25 9.875 -1674.13 -1432.38 -207.375 2281.13 -40 -304.875 2205.63 2326.88 -30.25 667.125 2326.88 -30.25 667.125 1337 -217 -2106.75 1124 -251.5 -604.125 -828.125 452.75 -1759.88 451.5 226.125 -1389.88 2153.5 197.625 -589 -105.25 9.875 -1674.13 -1432.38 -304.875 2281.13 -138.75 -304.875 2205.63 2326.88 -144.625 667.125 2326.88 -144.625 667.125 1062.38 -217 -2257.75 966.125 -224.125 -526.125 -1067.75 452.75 -1682.63 273.75 226.125 -1435.5 1613.13 197.625 -441.25 -314.25 9.875 -1647.75 -1135.63 -207.375 2444.25 -138.75 -215.375 2205.63 513.375 -30.25 -1735.25 771 -217 -2373 1118.38 -224.125 -614 -1042.13 452.75 -1642.25 91.75 226.125 -1458.5 1613.13 246.25 -441.25 -362.375 9.875 -1635.25 -1135.63 -304.875 2444.25 -40 -215.375 2205.63 513.375 -144.625 -1735.25 2331.88 -217 677.375 952.375 -212.75 -549.875 -1270.25 452.75 -1535.5 -91.75 226.125 -1458.5 2153.5 246.25 -589 1069.25 9.875 -1292.5 -820.75 -207.375 2568.88 -1931.25 -304.875 1073 743.625 -34.125 -1580.38 1733.13 -217 503.375 1104.63 -212.75 -637.75 -1239.75 452.75 -1498.63 -273.75 226.125 -1435.5 -440.875 246.25 -1611.5 1559.63 9.875 -617.5 -820.75 -304.875 2568.88 -2051 -304.875 821.5 1062.38 -34.125 -2257.75 1760.5 -217 403 1104.63 -251.5 -637.75 -1452.75 452.75 -1364.13 -451.5 226.125 -1389.88 953.125 255.875 -2025.5 1470 9.875 -808.125 -492.75 -207.375 2653.13 -2051 -215.375 821.5 771 -34.125 -2373 1797.75 -217 461.5 -1417.88 452.75 -1331.5 -622.25 226.125 -1322.25 691.375 255.875 -2129.13 1357.13 9.875 -986 -492.75 -304.875 2653.13 -1931.25 -215.375 1073 539.625 -34.125 -1661.13 1797.75 -153.75 461.5 -1048.38 452.75 -934.75 -783 226.125 -1233.88 706.75 255.875 -2176.38 1222.75 9.875 -1148.25 -156.875 -207.375 2695.5 -1773.38 -215.375 1316.5 1746.63 -34.125 -0 1760.5 -153.75 403 -1124.63 452.75 -939.5 -931.5 226.125 -1126 974.25 255.875 -2070.63 2098.63 9.875 -636.25 -156.875 -304.875 2695.5 -1602.38 -215.375 1520.88 2495.13 -34.125 -0 2295.38 -217 603.875 -1129 452.75 -986.75 -1065.25 226.125 -1000.38 419.375 255.875 -2198.88 1634.5 9.875 -500.25 181.625 -207.375 2695.5 -1602.38 -304.875 1520.88 2475.5 -34.125 -312.625 2295.38 -153.75 603.875 -1063.38 452.75 -993 1149.63 226.125 -1488.25 428.75 255.875 -2247.88 1590.38 9.875 -516.5 181.625 -304.875 2695.5 -1398.63 -304.875 1710.13 1732.88 -34.125 -218.875 601 -217 -1703.75 1777.13 -215.5 1499.75 -1427.88 452.75 -1248 904 226.125 -1197.63 1199.5 255.875 -1890.13 -394.5 9.875 -1670.5 161.75 -207.375 1060.13 -1398.63 -215.375 1710.13 2416.75 -34.125 -620.5 770.25 -217 -1636.75 1971.63 -215.5 1083.88 -1481.5 452.75 -1234.63 837 226.125 -1194.75 1226.13 255.875 -1932.13 -512.875 9.875 -2116.63 161.75 -304.875 1060.13 -1162.5 -215.375 1877.75 1691.75 -34.125 -434.375 770.25 -153.75 -1636.75 2088.25 -215.5 836 928.625 452.75 -1133.63 -1129.88 226.125 -996.625 1426.88 255.875 -1724.88 -481.75 9.875 -2174.5 -1844.88 -215.75 586.25 -928.625 -215.375 2004.5 1624 -34.125 -642.875 601 -153.75 -1703.75 907 452.75 -1190 -1422.25 226.125 -1314.25 1458.63 255.875 -1763.25 417.625 9.875 -2189.5 -1911.75 -215.375 555.5 -928.625 -304.875 2004.5 2320 -34.125 -918.5 577.75 -217 -1748.63 -1429.88 452.75 -1314.88 -1235 226.125 -1492.88 1631.88 255.875 -1532.38 688.5 9.875 -2120 -2462.25 -215.375 706.875 -670.125 -304.875 2105 2186.5 -34.125 -1202 577.75 -153.75 -1748.63 1681.5 -215.5 1490.13 -1490.75 452.75 -1320.25 -1419.5 226.125 -1250.13 1668.13 255.875 -1566.5 139.875 9.875 -2224.63 -1800.63 -215.75 722.25 -670.125 -215.375 2105 1530.5 -34.125 -841.375 1794.75 -217 226.625 1740.5 -215.5 1544.13 837.75 392.375 -1118.75 -598.625 226.125 -1842.63 1811 255.875 -1315.75 -139.875 9.875 -2224.63 -1696.38 -215.75 943.875 -2077.5 -304.875 741.875 2018.63 -34.125 -1466.63 1794.75 -153.75 226.625 750.25 445.125 -1182.25 -363 226.125 -1903.13 1851.25 255.875 -1345 -417.625 9.875 -2189.5 -1565.13 -215.375 1150.63 -2077.5 -215.375 741.875 1413 -34.125 -1026.63 1809 -217 -0 754.375 397.875 -1188.63 837.75 445.125 -1118.75 -824.875 226.125 -1753.13 1961.63 255.875 -1078.38 -1409 -215.375 1339.38 -2153 -304.875 767.875 1818.88 -34.125 -1708 1809 -153.75 -0 837.625 397.875 -1126.63 596.125 445.125 -1267 -1038.13 226.125 -1635.88 2005.25 255.875 -1102.38 -1230.5 -215.375 1507 -2153 -215.375 767.875 1273.25 -34.125 -1195.63 1794.75 -217 -226.625 837.625 298.25 -1126.63 432.625 445.125 -1331.75 711 437.5 -1511 2081.38 255.875 -824 -1032.38 -215.375 1650.88 -401.125 -304.875 2172.38 1113.25 -34.125 -1345.75 1794.75 -153.75 -226.625 754.375 298.25 -1188.63 262.375 445.125 -1375.5 894.75 437.5 -1410 2127.63 255.875 -842.375 -817.75 -215.375 1768.88 -412.75 -215.375 2171 1590.5 -34.125 -1922.5 1752.13 -217 -449.875 599.375 397.875 -1273.88 87.875 445.125 -1397.5 2131.38 255.875 -671.25 -590.125 -215.375 1859 473.625 -304.875 2320.38 1337 -34.125 -2106.75 1752.13 -153.75 -449.875 2179.25 -215.5 559.5 599.375 298.25 -1273.88 -87.875 445.125 -1397.5 2188.13 255.875 -659.25 -352.875 -215.375 1919.88 456 -304.875 2242.5 935.875 -34.125 -1474.75 1682 -217 -665.875 2232.25 -215.375 282 435 397.875 -1338.88 -262.375 445.125 -1375.5 550 437.5 -1660.63 1583.75 255.875 -509.25 -196.625 -215.375 1950.63 456 -215.375 2242.5 1732.88 -34.125 218.875 1682 -153.75 -665.875 435 298.25 -1338.88 -432.625 445.125 -1331.75 540.75 430.875 -1664.25 1630.63 255.875 -489.5 -113.875 -215.375 1888.25 473.625 -215.375 2320.38 2475.5 -34.125 312.625 1585.25 -217 -871.5 1740.5 -304.375 1544.13 263.75 397.875 -1382.88 -596.125 445.125 -1267 104.75 437.5 -1666.63 1617 255.875 -451.75 116.125 -215.375 1887.5 403.125 -304.875 2252.63 1732.88 20.75 -218.875 1585.25 -153.75 -871.5 1777.13 -304.375 1499.75 263.75 298.25 -1382.88 -750.25 445.125 -1182.25 312.875 437.5 -1640.38 1545 255.875 -467.125 176.75 -215.375 1938.13 403.125 -215.375 2252.63 1746.63 20.75 -0 1463.5 -217 -1063.25 1717.25 -304.375 1446.88 88.375 397.875 -1405 -892.5 445.125 -1078.88 -95.375 437.5 -1666.63 -488.5 255.875 -2181.5 340.125 -215.375 1930.63 418.5 -304.875 2331.13 1691.75 20.75 -434.375 1463.5 -153.75 -1063.25 1681.5 -304.375 1490.13 88.375 298.25 -1405 -1020.75 445.125 -958.5 -523.375 255.875 -2121.5 393.875 -215.375 1965.88 418.5 -215.375 2331.13 1624 20.75 -642.875 1318.63 -217 -1238.25 1885 -304.375 1369.5 -88.375 397.875 -1405 1224.38 392.375 -1578.25 -578.125 255.875 -2146.5 -2498.13 -215.375 778 -2199.75 -304.875 880.375 1530.5 20.75 -841.375 1318.63 -153.75 -1238.25 1820.25 -304.375 1322.5 -88.375 298.25 -1405 1235 392.375 -1492.88 -528.625 255.875 -2223.25 -2434.63 -215.375 973.375 -2199.75 -215.375 880.375 1413 20.75 -1026.63 1153.13 -217 -1393.88 1971.63 -304.375 1083.88 -263.75 397.875 -1382.88 1235 445.125 -1492.88 -109.875 430.875 -1746.5 1031.38 255.875 -1246.75 -2293.88 -215.375 1272.38 -1719 -304.875 1630.38 1273.25 20.75 -1195.63 1153.13 -153.75 -1393.88 2041.75 -304.375 1122.38 -263.75 298.25 -1382.88 1224.38 445.125 -1578.25 -119.125 437.5 -1745.25 867 255.875 -1366.25 -2116.88 -215.375 1551.5 -1500.5 -304.875 1833.38 1113.25 20.75 -1345.75 969.25 -217 -1527.38 2166 -304.375 856.75 -435 397.875 -1338.88 1071.88 445.125 -1689 -516 437.5 -1588.25 893.625 255.875 -1408.25 -1906.13 -215.375 1806.13 -1500.5 -215.375 1833.38 935.875 20.75 -1474.75 969.25 -153.75 -1527.38 2256.75 -304.375 579.375 -435 298.25 -1338.88 851.75 445.125 -1810 -312.875 437.5 -1640.38 1063.13 255.875 -1285.13 -1665.25 -215.375 2032.38 -1719 -215.375 1630.38 743.625 20.75 -1580.38 2366.75 -217 553 2179.25 -304.375 559.5 -599.375 397.875 -1273.88 618.125 445.125 -1902.5 -702.375 437.5 -1514.38 1179.5 255.875 -1107.63 -1397.75 -215.375 2226.63 -996.75 -304.875 2149.25 539.625 20.75 -1661.13 2413.63 -217 304.875 2091.88 -304.375 828.25 -599.375 298.25 -1273.88 374.75 445.125 -1965 1215.88 255.875 -1141.75 -1108.13 -215.375 2385.88 -719.5 -304.875 2257.25 503.5 20.75 -1733.13 2413.63 -153.75 304.875 2232.25 -304.375 282 -754.375 397.875 -1188.63 125.5 445.125 -1996.5 1309 255.875 -951.125 -800.875 -215.375 2507.63 -719.5 -215.375 2257.25 503.5 -34.125 -1733.13 2366.75 -153.75 553 2311.63 -304.375 292 -754.375 298.25 -1188.63 -125.5 445.125 -1996.5 1349.38 255.875 -980.375 -480.75 -215.375 2589.75 -996.75 -215.375 2149.25 1691.75 -34.125 434.375 2432.75 -217 -0 2091.75 -304.375 827.25 -897.375 397.875 -1084.75 -374.75 445.125 -1965 -745 430.875 -1583.38 1418 255.875 -779.5 -152.75 -215.375 2631.25 -2228.5 -304.875 793.875 1732.88 20.75 218.875 2432.75 -153.75 -0 1577.5 -304.375 1146.13 -897.375 298.25 -1084.75 -618.125 445.125 -1902.5 -753 437.5 -1579 1461.63 255.875 -803.5 1036.13 236.625 -1615.63 177.625 -215.375 2631.25 -2228.5 -215.375 793.875 1691.75 20.75 434.375 2413.63 -217 -304.875 1492.75 -304.375 1248.63 -1026.25 397.875 -963.75 -851.75 445.125 -1810 -1064.38 437.5 -1286.75 1504.5 255.875 -595.625 470.75 -215.375 2597.88 -431.125 -304.875 2329.63 677.5 -34.125 -2331.88 2413.63 -153.75 -304.875 -1026.25 298.25 -963.75 -1071.88 445.125 -1689 -894.75 437.5 -1410 1550.75 255.875 -614 521.25 -215.375 2532.38 -443.75 -215.375 2328 771 20.75 -2373 2356.38 -217 -605 1225.63 397.875 -1492.38 -1275.13 445.125 -1541.38 -428.75 255.875 -2247.88 1553.25 232 -1128.5 -113.875 -215.375 1060.13 -1258.5 -304.875 2007.25 677.5 20.75 -2331.88 2356.38 -153.75 -605 2549.13 -304.375 654.5 1215.88 397.875 -1576.5 -1458.25 445.125 -1369.38 -1140.88 437.5 -1214.88 -419.375 255.875 -2198.88 1557.63 236.625 -1121.5 116.125 -215.375 1060.13 -1268.63 -215.375 2001.75 2331.88 -34.125 677.375 2262 -217 -895.5 2611.13 -304.375 329.75 1215.88 298.25 -1576.5 -1123.75 392.375 -929.625 -143.625 255.875 -2283.88 -1910.38 -227.125 1401.5 1733.13 -34.125 503.375 2262 -153.75 -895.5 1225.63 298.25 -1492.38 -1123.75 445.125 -929.625 -140.5 255.875 -2234.13 1909.88 236.625 -581 -1903 -215.375 1410.25 1733.13 20.75 503.375 2131.88 -217 -1172 2447 -304.375 968.875 1067.75 397.875 -1682.63 -1046.38 445.125 -927.5 970 437.5 -1355.38 143.625 255.875 -2283.88 1901 236.625 -608.25 -1258.5 -227.125 2007.25 2331.88 20.75 677.375 2131.88 -153.75 -1172 1885.63 -304.375 484.125 848.5 397.875 -1803.13 -1489.88 392.375 -1232.5 1011.75 437.5 -1325 140.5 255.875 -2234.13 -1248.5 -215.375 2012.75 2495.13 20.75 -0 1968.13 -217 -1429.88 1813 -304.375 717.75 848.5 298.25 -1803.13 -1489.88 445.125 -1232.5 525.625 437.5 -1584.38 2107 255.875 -629.125 1785.13 236.625 -706.75 -415.25 -215.375 2331.63 2475.5 20.75 -312.625 1968.13 -153.75 -1429.88 2611.13 -304.375 -329.75 1067.75 298.25 -1682.63 931.5 392.375 -1126 2145.13 255.875 -596.125 1824.5 236.625 -585.625 -431.125 -227.125 2329.63 2416.75 20.75 -620.5 1773.38 -217 -1665.38 2549.13 -304.375 -654.5 615.75 397.875 -1895.25 931.5 445.125 -1126 505.375 437.5 -1591 -401.75 255.875 -1661.38 143.75 -304.875 2285.38 2320 20.75 -918.5 1773.38 -153.75 -1665.38 1885.38 -304.375 -484 615.75 298.25 -1895.25 -1498.38 445.125 -1320.88 -433.875 255.875 -1620.38 1547.13 236.625 -1135.88 143.75 -215.375 2285.38 2186.5 20.75 -1202 1550.75 -217 -1874.5 1931.25 -304.375 -243.875 373.375 397.875 -1957.5 622.25 437.5 -1322.25 -373.125 255.875 -1570.63 148.75 -304.875 2365.25 2018.63 20.75 -1466.63 1550.75 -153.75 -1874.5 2003.13 -304.375 1699.38 373.375 298.25 -1957.5 783 437.5 -1233.88 -100.5 437.5 -1746.5 -417.625 236.625 -2189.5 148.75 -215.375 2365.25 1818.88 20.75 -1708 1303.5 -217 -2054 1708.75 -304.375 939.375 125.125 397.875 -1988.88 837 437.5 -1194.75 -114.25 437.5 -1665.5 -481.75 236.625 -2174.5 -148.75 -215.375 2365.25 1590.5 20.75 -1922.5 1303.5 -153.75 -2054 1495.75 -304.375 1320 125.125 298.25 -1988.88 451.5 437.5 -1389.88 -512.875 236.625 -2116.63 -148.75 -304.875 2365.25 1337 20.75 -2106.75 1035.75 -217 -2201.25 1917.75 -304.375 1706.38 -125.125 397.875 -1988.88 273.75 437.5 -1435.5 -394.5 236.625 -1670.5 -386.75 -215.375 2174.25 1062.38 20.75 -2257.75 1035.75 -153.75 -2201.25 -125.125 298.25 -1988.88 91.75 437.5 -1458.5 -736.5 437.5 -1586.75 1559.63 236.625 -617.5 -401.125 -227.125 2172.38 2416.75 -34.125 620.5 790.75 -217 -2295.25 -373.375 397.875 -1957.5 -91.75 437.5 -1458.5 -719.125 437.5 -1506.5 1590.38 236.625 -516.5 -40 -215.375 1888.25 2416.75 20.75 620.5 790.75 -153.75 -2295.25 -373.375 298.25 -1957.5 -273.75 437.5 -1435.5 1634.5 236.625 -500.25 39.875 -215.375 1060.13 2475.5 20.75 312.625 734.25 -217 -2269.5 1705.75 -304.375 -937.75 -615.75 397.875 -1895.25 -451.5 437.5 -1389.88 2098.63 236.625 -636.25 39.875 -304.875 1060.13 788.25 30 -2305.25 734.25 -153.75 -2269.5 -615.75 298.25 -1895.25 -622.25 437.5 -1322.25 1069.25 236.625 -1292.5 727.375 30 -2277 2063.5 11.5 260.625 -848.5 397.875 -1803.13 -783 437.5 -1233.88 898.75 236.625 -1416.38 684.375 30 -2324.38 2012.75 11.5 523 -848.5 298.25 -1803.13 -931.5 437.5 -1126 1222.75 236.625 -1148.25 773.5 30 -2363.25 -1067.75 397.875 -1682.63 -1065.25 437.5 -1000.38 937.625 437.5 -1477.5 1357.13 236.625 -986 1751.38 30 407.25 -1067.75 298.25 -1682.63 -1129.88 437.5 -996.625 745 437.5 -1583.38 1470 236.625 -808.125 1788.13 30 467.75 2063.5 6.125 -260.625 2447 -304.375 -968.875 -1270.25 397.875 -1535.5 1140.63 437.5 -1561.38 516 430.875 -1588.25 -139.875 236.625 -2224.63 1742.75 30 497.25 2064.25 11.5 -249.375 -1270.25 298.25 -1535.5 1038.13 437.5 -1635.88 540.75 431.375 -1664.25 139.875 236.625 -2224.63 1700.88 30 430.125 -1452.75 397.875 -1364.13 824.875 437.5 -1753.13 530.5 437.5 -1666.88 417.625 236.625 -2189.5 2373.25 30 561.75 2014.63 11.5 -517.25 -1452.75 298.25 -1364.13 598.625 437.5 -1842.63 327.875 437.5 -1719 688.5 236.625 -2120 2422.75 30 306 2061.25 11.5 -272.75 1828.13 -304.375 469.375 -1124.63 397.875 -939.5 363 437.5 -1903.13 109.875 437.5 -1746.5 949 236.625 -2016.88 2466.38 30 311.5 1798.13 -304.375 -1914.75 -1048.38 397.875 -934.75 121.625 437.5 -1933.63 -104.75 430.875 -1666.63 1194.38 236.625 -1882 2410.38 30 611.75 1806 -304.375 -1818.63 -1048.38 298.25 -934.75 -121.625 437.5 -1933.63 -327.875 437.5 -1719 1420.75 236.625 -1717.5 2442 30 -0 1898.13 -304.375 -1820.75 -1124.63 298.25 -939.5 -363 437.5 -1903.13 -540.75 437.5 -1664.25 1624.88 236.625 -1525.88 2486 30 -0 1895.13 -304.375 -1911.88 -1481.5 397.875 -1234.63 -598.625 437.5 -1842.63 -711 430.875 -1511 1803.25 236.625 -1310.13 2422.75 30 -306 2631.88 -304.375 -0 -1481.5 298.25 -1234.63 -824.875 437.5 -1753.13 -937.625 437.5 -1477.5 1953.25 236.625 -1073.75 2466.38 30 -311.5 1422.88 -201.25 1246.63 2696.38 -304.375 -0 928.625 397.875 -1133.63 -1038.13 437.5 -1635.88 -1115.38 437.5 -1348.38 2072.5 236.625 -820.5 2365.25 30 -607.25 1533.75 -201.25 1114.38 2362.75 -304.375 -1298.88 928.625 298.25 -1133.63 -1235 437.5 -1492.88 -1195.5 437.5 -1273.13 2121.38 236.625 -673.375 2407.88 30 -618.25 1570.63 -201.25 1141.13 2306.38 -304.375 -1267.88 -1490.75 397.875 -1320.25 -1412.38 437.5 -1326.25 1021 437.5 -1417 2270.5 30 -898.875 1483.5 -201.25 1248.38 2181.38 -304.375 -1584.88 -1490.75 298.25 -1320.25 -1422.25 437.5 -1314.25 1078.88 236.625 -1683.25 2311.38 30 -915.125 1701.25 -201.25 935.25 2129.25 -304.375 -1547 327.125 280.25 -738.25 327.125 280.25 -738.25 -1419.5 437.5 -1250.13 1063.38 437.5 -1386.13 1223.75 236.625 -1479.38 2139.88 30 -1176.38 1661.38 -201.25 913.375 1965.5 -304.375 -1845.75 320 261.125 -741.625 904 437.5 -1197.63 516 222.75 -1588.25 1399.5 236.625 -1314.25 2178.5 30 -1197.63 1805.13 -201.25 714.625 2129.25 -304.375 1547 576.5 261.125 -1279.5 1149.63 437.5 -1488.25 894.75 229.5 -1410 1457.88 236.625 -1369 1975.63 30 -1435.38 1762.75 -201.25 697.875 2306.38 -304.375 1267.88 583.625 280.25 -1276.13 583.625 280.25 -1276.13 970 229.5 -1355.38 1274.75 236.625 -1541 2011.13 30 -1461.25 2666.63 -201.25 -336.875 1946.63 -304.375 -0 327.125 242.125 -738.25 1021 229.5 -1417 1780.13 30 -1671.63 2687.88 -201.25 -0 1872.5 -304.375 -236.5 583.625 242.125 -1276.13 937.625 229.5 -1477.5 1812.13 30 -1701.75 2640.38 -201.25 -0 1887.38 -304.375 -0 344.375 234.125 -730 711 229.5 -1511 1611.88 236.625 -1182.88 1556.5 30 -1881.5 2619.5 -201.25 -330.875 1828.13 -304.375 -469.375 600.875 234.125 -1267.88 745 229.5 -1583.38 1622.25 236.625 -1168.75 1584.63 30 -1915.5 2603.38 -201.25 -668.375 1809.88 -304.375 -716.5 361.5 242.125 -721.875 540.75 229.5 -1664.25 1618 232 -1175.5 1308.5 30 -2061.88 2557.38 -201.25 -656.625 1754.88 -304.375 -694.75 618 242.125 -1259.63 104.75 229.5 -1666.63 1682.5 236.625 -924.875 1332 30 -2099 2499.13 -201.25 -989.375 1574.88 -304.375 -1144.13 368.625 261.125 -718.375 312.875 229.5 -1640.38 1859.5 236.625 -736.125 1039.75 30 -2209.5 2455 -201.25 -972 1526.88 -304.375 -1109.38 625.125 261.125 -1256.25 327.875 229.5 -1719 1752.5 236.625 -963.5 1058.5 30 -2249.38 2355.38 -201.25 -1294.88 1419 -304.375 -1332.5 361.5 280.25 -721.875 109.875 229.5 -1746.5 1742 30 220 1933.88 11.5 -765.625 2313.75 -201.25 -1272 1411.25 -304.375 -1332.13 618 280.25 -1259.63 -104.75 222.75 -1666.63 1755.75 30 -0 2174.5 -201.25 -1579.88 1375.88 -304.375 -1292 344.375 288.125 -730 -109.875 229.5 -1746.5 1833.25 236.625 -558.5 1799.75 30 -0 2008.25 11.5 -795.125 2136.13 -201.25 -1552 1931.25 -304.375 243.875 600.875 288.125 -1267.88 -516 229.5 -1588.25 1457.88 9.875 -1369 1785.63 30 225.5 1959.38 -201.25 -1839.88 1872.5 -304.375 236.5 565 285 -1248.25 565 285 -1248.25 -312.875 229.5 -1640.38 1274.75 9.875 -1541 1742 30 -220 1924.75 -201.25 -1807.5 1337 -304.375 -1328.5 556 261.125 -1252.5 -327.875 229.5 -1719 1223.75 9.875 -1479.38 1785.63 30 -225.5 2005 -201.25 1708.63 1416.13 -304.375 -1405.75 572.375 261.125 -1286.75 -540.75 229.5 -1664.25 1399.5 9.875 -1314.25 1700.63 30 -436.625 2136.13 -201.25 1552 1332.13 -304.375 -1418.63 581.25 285 -1282.38 581.25 285 -1282.38 -711 226.125 -1511 1617.13 9.875 -1175.75 1743.25 30 -447.5 2174.5 -201.25 1579.88 2444.13 -304.375 -975 565 237.25 -1248.25 -745 226.125 -1583.38 1553.25 9.875 -1128.5 1632.5 30 -646.25 2017.63 -201.25 1771.13 2448.63 -304.375 -964 581.25 237.25 -1282.38 -1064.38 229.5 -1286.75 1859.5 9.875 -736.125 1673.38 30 -662.5 2355.38 -201.25 1294.88 586.5 227.375 -1237.88 -894.75 229.5 -1410 1752.5 9.875 -963.5 2300.38 30 614 2313.75 -201.25 1272 602.875 227.375 -1272.13 -937.625 229.5 -1477.5 1682.5 9.875 -924.875 2326.88 30 667.125 2499.13 -201.25 989.375 608.125 237.25 -1227.63 -1115.38 229.5 -1348.38 1785.13 9.875 -706.75 567.875 30 -1746.5 2455 -201.25 972 624.5 237.25 -1261.88 1063.38 229.5 -1386.13 1078.88 9.875 -1683.25 513.375 30 -1735.25 2603.38 -201.25 668.375 617.125 261.125 -1223.38 1011.75 229.5 -1325 1036.13 9.875 -1615.63 1794.75 11.5 226.625 2557.38 -201.25 656.625 633.375 261.125 -1257.63 -1140.88 229.5 -1214.88 1614.88 234.375 -1179.13 1760.5 11.5 403 2666.63 -201.25 336.875 608.125 285 -1227.63 -1195.5 229.5 -1273.13 1909.88 9.875 -581 1797.75 11.5 461.5 2619.5 -201.25 330.875 624.5 285 -1261.88 1901 9.875 -608.25 2295.38 11.5 603.875 1798.88 -201.25 -1905.63 586.5 295 -1237.88 1824.5 9.875 -585.625 734.25 11.5 -2269.5 1895.38 -201.25 -1902.5 602.875 295 -1272.13 1833.25 9.875 -558.5 577.75 11.5 -1748.63 1897.88 -201.25 -1829.38 586.5 261.125 -1237.88 1552.38 9.875 -1128.75 1809 11.5 -0 2089.5 11.5 545 1805.25 -201.25 -1827.5 315.125 288.625 -732.5 315.125 288.625 -732.5 1794.75 11.5 -226.625 2142.88 11.5 270.625 1918.5 -201.25 1791 304.875 261.125 -737.375 1752.13 11.5 -449.875 1431.13 -201.25 1332.88 361.5 261.125 -856.25 1682 11.5 -665.875 1486 -201.25 1321.88 371.75 288.625 -851.375 371.75 288.625 -851.375 2366.75 11.5 553 1917.88 -201.25 1717 315.125 233.75 -732.5 2413.63 11.5 304.875 2080 11.5 -0 1887.38 -304.375 -0 371.75 233.75 -851.375 2432.75 11.5 -0 2160 11.5 -0 1872.5 -304.375 -236.5 339.875 222.375 -720.625 2413.63 11.5 -304.875 1872.5 -208 -236.5 396.625 222.375 -839.5 2356.38 11.5 -605 2143.63 11.5 -259.375 1887.38 -208 -0 364.625 233.75 -708.875 2262 11.5 -895.5 2142.88 6.125 -270.625 1828.13 -304.375 -469.375 421.375 233.75 -827.75 2131.88 11.5 -1172 2140.5 11.5 -283.25 1828.13 -208 -469.375 374.875 261.125 -704 1968.13 11.5 -1429.88 2092.13 11.5 -537.125 1754.88 -304.375 -694.75 431.625 261.125 -822.875 1773.38 11.5 -1665.38 1754.88 -208 -694.75 364.625 288.625 -708.875 1550.75 11.5 -1874.5 1653.88 -304.375 -909.25 421.375 288.625 -827.75 1303.5 11.5 -2054 1653.88 -208 -909.25 339.875 300 -720.625 1035.75 11.5 -2201.25 1526.88 -304.375 -1109.38 396.625 300 -839.5 790.75 11.5 -2295.25 1526.88 -208 -1109.38 396.625 261.125 -839.5 -1800.63 -304.875 722.25 1375.88 -304.375 -1292 -534.5 280.375 -605.25 -534.5 280.375 -605.25 974.25 200.125 -2070.63 -1839.75 -199.5 579.625 -1742.5 -304.875 699.25 1375.88 -208 -1292 -540.5 261.25 -600.25 706.75 200.125 -2176.38 -1906.88 -199.5 546.5 -1798.75 -304.875 526.25 1413.63 -304.375 1246.38 -922.25 261.25 -1057.75 706.75 74.5 -2176.38 -1881 -199.5 498.25 -1844.88 -304.875 586.25 1526.88 -304.375 1109.38 -916.125 280.375 -1062.75 -916.125 280.375 -1062.75 974.25 74.5 -2070.63 -1803.88 -199.5 532.875 -1911.75 -304.875 555.5 1526.88 -208 1109.38 -534.5 242.125 -605.25 -433.875 200.125 -1620.38 -1689.38 -199.5 940.125 -2536.75 -304.875 659 1413.63 -208 1246.38 -916.125 242.125 -1062.75 -373.125 200.125 -1570.63 -1793.25 -199.5 719.375 -2462.25 -304.875 706.875 1654 -304.375 909.25 -519.75 234.25 -617.5 -373.125 74.5 -1570.63 -1749.75 -199.5 702.25 -1565.13 -304.875 1150.63 2142.88 -217 270.625 1654 -208 909.25 -901.5 234.25 -1075 -433.875 74.5 -1620.38 -1648.5 -199.5 917.5 -1514.5 -304.875 1113.88 2160 -217 -0 1754.88 -304.375 694.75 -505.125 242.125 -629.75 -303.125 200.125 -1589.5 -1558.75 -199.5 1146 -1641.5 -304.875 913.75 2080 -217 -0 1754.88 -208 694.75 -886.875 242.125 -1087.25 -303.125 74.5 -1589.5 -1520.88 -199.5 1118.5 -1696.38 -304.875 943.875 2063.5 -217 260.625 1872.5 -304.375 236.5 -499.125 261.25 -634.75 -101.5 200.125 -1614.88 -1403.25 -199.5 1333.88 -1409 -304.875 1339.38 2092.13 -217 -537.125 1872.5 -208 236.5 -880.75 261.25 -1092.38 -101.5 74.5 -1614.88 -1369.25 -199.5 1301.88 -1363.5 -304.875 1296.5 2008.25 -217 -795.125 1828.13 -208 469.375 -505.125 280.375 -629.75 101.5 200.125 -1614.88 -1225.5 -199.5 1500.88 -1230.5 -304.875 1507 1933.88 -217 -765.625 1828.13 -304.375 469.375 -886.875 280.375 -1087.25 101.5 74.5 -1614.88 -1195.75 -199.5 1464.88 -1190.63 -304.875 1458.75 2014.63 -217 -517.25 2675 -304.375 -337.875 -519.75 288.25 -617.5 303.125 200.125 -1589.5 -1028.13 -199.5 1644.25 -1032.38 -304.875 1650.88 2142 -217 -271.25 2696.38 -304.375 -0 -901.5 288.25 -1075 303.125 74.5 -1589.5 -1003.13 -199.5 1604.75 -998.875 -304.875 1598.13 2062.75 -217 -261 2696.38 -208 -0 -898.625 285.125 -1034.25 -898.625 285.125 -1034.25 428.75 200.125 -2247.88 -814.5 -199.5 1761.75 -817.75 -304.875 1768.88 2089.5 -217 545 2675 -208 -337.875 -906.25 261.25 -1027.88 428.75 74.5 -2247.88 -794.5 -199.5 1719.5 -791.125 -304.875 1712.25 2012.75 -217 523 2611.63 -304.375 -670.5 -930.5 261.25 -1057 1226.13 200.125 -1932.13 -587.625 -199.5 1851.5 -590.125 -304.875 1859 2611.63 -208 -670.5 -922.875 285.125 -1063.38 -922.875 285.125 -1063.38 1226.13 74.5 -1932.13 -573.25 -199.5 1807.13 -570.75 -304.875 1799.5 2507 -304.375 -992.5 -898.625 237.375 -1034.25 1458.63 200.125 -1763.25 -351.5 -199.5 1912.13 -352.875 -304.875 1919.88 2507 -208 -992.5 -922.875 237.375 -1063.38 1458.63 74.5 -1763.25 -342.75 -199.5 1866.25 -341.25 -304.875 1858.5 2362.75 -304.375 -1298.88 -880.25 227.5 -1049.5 1668.13 200.125 -1566.5 978.375 71.625 -2079.25 -196.125 -199.5 1942.63 -196.625 -304.875 1950.63 2362.75 -208 -1298.88 -904.5 227.5 -1078.63 1668.13 74.5 -1566.5 974.25 81.25 -2070.63 -193.25 -199.5 1896.13 -192.75 -304.875 1888.25 2181.38 -304.375 -1584.88 -861.875 237.375 -1064.88 1851.25 200.125 -1345 706.75 81.25 -2176.38 -121.5 -199.5 1884.63 -113.875 -304.875 1888.25 2181.38 -208 -1584.88 -886.25 237.375 -1094 837.625 301.75 -1126.63 1851.25 74.5 -1345 709.125 71.625 -2185.63 -155.375 -199.5 1868.5 -163.125 -304.875 1864.88 1965.5 -304.375 -1845.75 -854.25 261.25 -1071.25 837.75 294.25 -1118.75 2005.25 200.125 -1102.38 428.75 81.25 -2247.88 342.75 -199.5 1923.13 -113.875 -304.875 1060.13 1965.5 -208 -1845.75 -878.625 261.25 -1100.38 750.25 294.25 -1182.25 2005.25 74.5 -1102.38 430.5 71.625 -2257.25 178.375 -199.5 1930.38 -163.125 -304.875 1060.13 2181.38 -304.375 1584.88 -861.875 285.125 -1064.88 754.375 301.75 -1188.63 2127.63 200.125 -842.375 143.625 81.25 -2283.88 189.5 -199.5 1877.5 -2578.25 -304.875 739.75 1070.25 -232.5 595.875 1070.25 -232.5 595.875 2019.5 -304.375 1780.5 -886.25 285.125 -1094 596.125 294.25 -1267 2127.63 74.5 -842.375 144.25 71.625 -2293.38 363.375 -199.5 1866 -2498.13 -304.875 778 1074.25 -251.5 589 2019.5 -208 1780.5 -880.25 295.125 -1049.5 599.375 301.75 -1273.88 2188.13 200.125 -659.25 -143.625 81.25 -2283.88 -2569.75 -199.5 743.75 -2494.63 -304.875 997.125 1656.38 -251.5 925.125 2181.38 -208 1584.88 -904.5 295.125 -1078.63 432.625 294.25 -1331.75 2188.13 74.5 -659.25 -144.25 71.625 -2293.38 -2528.38 -199.5 664.375 -2434.63 -304.875 973.375 1652.5 -232.5 932 1652.5 -232.5 932 2362.75 -304.375 1298.88 -880.25 261.25 -1049.5 435 301.75 -1338.88 1545 200.125 -467.125 -428.75 81.25 -2247.88 -2470.5 -199.5 701.625 -2169 -304.875 1589.38 1070.25 -270.625 595.875 2362.75 -208 1298.88 -520.375 288.75 -575.25 -520.375 288.75 -575.25 262.375 294.25 -1375.5 1617 200.125 -451.75 -430.5 71.625 -2257.25 -2506.5 -199.5 774 -2116.88 -304.875 1551.5 1652.5 -270.625 932 2507 -304.375 992.5 -529 261.25 -568 263.75 301.75 -1382.88 1617 74.5 -451.75 -528.625 81.25 -2223.25 -2343.5 -199.5 1299.63 -2293.88 -304.875 1272.38 1060.75 -278.5 612.375 2507 -208 992.5</float_array>
                    <technique_common>
                        <accessor count="1885" source="#ID27" stride="3">
                            <param name="X" type="float"/>
                            <param name="Y" type="float"/>
                            <param name="Z" type="float"/>
                        </accessor>
                    </technique_common>
                </source>
                <source id="ID28">
                    <float_array id="ID29" count="5136">-0.808968 0 0.587853 -0.987397 0 -0.158265 -0.936236 0 0.351371 -0.901653 0 -0.432461 -0.732979 0 -0.680251 -0.709163 0 -0.705044 0.249539 0 0.968365 0.76049 0 0.64935 0.568476 0 0.8227 0.723526 0 0.690297 0.989255 0 0.146198 0.579833 0 0.814735 0.909216 0 0.416326 0.331163 0 0.943573 0.926535 0 -0.376208 0.549687 0 -0.835371 0.77833 0 -0.627856 0.516049 0 -0.856559 -0.156794 0 0.987631 -0.394858 0 0.918742 -0.265408 0 0.964136 -0.465818 0 0.884881 -0.653434 0 -0.756984 -0.621126 0 -0.783711 -0.55338 0 -0.832929 -0.517939 0 -0.855418 -0.444556 0 -0.895751 -0.406617 0 -0.913599 -0.328849 0 -0.944383 -0.289022 0 -0.957322 -0.208001 0 -0.978129 -0.166804 0 -0.98599 -0.0837385 0 -0.996488 -0.0418692 0 -0.999123 0.0418692 0 -0.999123 0.0837385 0 -0.996488 0.166804 0 -0.98599 0.208001 0 -0.978129 0.289022 0 -0.957322 0.328849 0 -0.944383 0.406617 0 -0.913599 0.444556 0 -0.895751 0.65337 0 0.757039 0.621056 0 0.783766 0.553412 0 0.832908 0.518087 0 0.855328 0.444643 0 0.895708 0.406513 0 0.913645 0.328675 0 0.944443 0.28898 0 0.957335 0.20799 0 0.978131 0.166688 0 0.98601 0.0835903 0 0.9965 0.0417951 0 0.999126 -0.0417951 0 0.999126 -0.0835903 0 0.9965 -0.166688 0 0.98601 -0.20799 0 0.978131 -0.28898 0 0.957335 -0.328675 0 0.944443 -0.406513 0 0.913645 -0.444643 0 0.895708 -0.52147 0 0.853269 -0.560011 0 0.828485 -0.343729 0.924652 -0.163916 -0.122185 0.990795 -0.0582673 0.124357 0.990463 0.0593168 0.545594 0.796623 0.260228 0.719893 0.603214 0.343347 0.89419 0.136246 0.426451 0.893995 -0.13781 0.426358 0.719792 -0.603362 0.343299 0.547329 -0.795161 0.261055 0.126288 -0.990163 0.0602377 -0.123813 -0.990547 -0.0590435 -0.546583 -0.795806 -0.260653 -0.719909 -0.603217 -0.343308 -0.894019 -0.137717 -0.426337 -0.894305 0.135423 -0.426473 -0.834496 0.381118 -0.397952 -0.834496 0.381117 -0.397952 -0.434603 0 0.900622 -0.431459 0 0.902132 -0.430805 0 0.902445 -0.428119 -0.000212457 0.903722 -0.427928 0 0.903813 -0.428119 0.000212457 0.903722 -0.433487 -0.00123827 0.901159 -0.432371 0 0.901696 -0.432369 0.00247654 0.901693 -0.348104 0.922684 -0.165764 -0.124827 0.990396 -0.0594417 -0.348341 0.922515 -0.16621 0.124222 0.990475 0.0593909 0.546633 0.795544 0.261346 0.720052 0.603124 0.343171 0.894468 0.137488 0.42547 0.894622 -0.136253 0.425542 0.719306 -0.604218 0.342812 0.543524 -0.798157 0.25986 0.122937 -0.990672 0.0587763 -0.123298 -0.990631 -0.0587131 -0.544522 -0.797583 -0.259532 -0.718979 -0.604533 -0.34294 -0.893836 -0.137555 -0.426775 -0.893915 0.136916 -0.426813 -0.833403 0.38381 -0.397655 -0.833347 0.384782 -0.396832 0.430814 0 -0.902441 0.429794 3.58854e-007 -0.902927 0.429842 0 -0.902904 0.428964 -0.000102645 -0.903322 0.429057 4.68703e-007 -0.903278 0.428964 0.000103114 -0.903322 0.430623 0.000212679 -0.902532 0.430432 9.66713e-007 -0.902623 0.430432 -0.000423424 -0.902623 -0.344393 0.924382 -0.164048 -0.122887 0.990693 -0.0585357 -0.344926 0.924106 -0.164484 0.123905 0.990529 0.0591514 0.545538 0.796594 0.260435 0.720016 0.602848 0.34373 0.894079 0.135803 0.426826 0.89388 -0.137397 0.426732 0.71941 -0.603736 0.343441 0.545181 -0.796894 0.260265 0.124304 -0.990468 0.059342 -0.122887 -0.990693 -0.0585354 -0.544647 -0.797486 -0.259567 -0.719588 -0.603907 -0.342769 -0.894246 -0.137397 -0.425966 -0.894444 0.135803 -0.42606 -0.834521 0.381517 -0.397516 -0.293004 0.924344 0.24441 -0.104211 0.990749 0.0869278 -0.292357 0.924681 0.243911 0.105076 0.990592 -0.0876785 0.462505 0.798217 -0.385926 0.612305 0.603465 -0.510796 0.760887 0.135169 -0.63465 0.760633 -0.137573 -0.634438 0.612305 -0.603465 -0.510796 0.463989 -0.796754 -0.387165 0.104662 -0.990666 -0.0873324 -0.104211 -0.990749 0.0869279 -0.462853 -0.797922 0.386119 -0.612611 -0.602913 0.511081 -0.76081 -0.135038 0.63477 -0.760672 0.136352 0.634655 -0.710243 0.380055 0.592548 -0.710916 0.378068 0.593012 0.638638 0 0.769507 0.640182 0 0.768223 0.640364 0 0.768072 0.641678 5.79197e-005 0.766974 0.641634 0 0.767011 0.641678 -5.79197e-005 0.766974 0.639048 -0.000532187 0.769167 0.639457 0 0.768827 0.639457 0.00106437 0.768826 -0.296849 0.922383 0.247162 -0.10619 0.990407 0.0884156 -0.29685 0.922383 0.247162 0.105772 0.990442 -0.0885215 0.46433 0.796078 -0.388147 0.61115 0.604059 -0.511477 0.759593 0.137446 -0.635711 0.759593 -0.137446 -0.635711 0.610715 -0.604806 -0.511114 0.462442 -0.79794 -0.386573 0.104473 -0.990677 -0.0874354 -0.10522 -0.990582 0.087608 -0.463399 -0.797742 0.385834 -0.611973 -0.604863 0.509539 -0.761198 -0.137445 0.633787 -0.761198 0.137445 0.633787 -0.709472 0.384317 0.59072 -0.637941 0 -0.770086 -0.640535 2.48019e-006 -0.767929 -0.640409 0 -0.768034 -0.642161 -0.000923057 -0.766569 -0.641452 4.21477e-006 -0.767163 -0.642161 0.000927272 -0.766569 -0.640409 0 -0.768034 -0.638904 0.00125533 -0.769285 -0.639868 5.706e-006 -0.768485 -0.639866 -0.00249925 -0.768482 -0.294258 0.923733 0.245215 -0.104865 0.99064 0.0873873 -0.293818 0.92393 0.245 0.105092 0.990578 -0.0878146 0.463509 0.797027 -0.387178 0.612539 0.60261 -0.511524 0.760656 0.134933 -0.634977 0.760392 -0.137438 -0.634756 0.612201 -0.603193 -0.511241 0.46377 -0.79677 -0.387396 0.10485 -0.990621 -0.087613 -0.105155 -0.990588 0.0876295 -0.46309 -0.797834 0.386017 -0.61187 -0.604184 0.510467 -0.760453 -0.13662 0.63486 -0.760445 0.136699 0.634852 -0.709674 0.38166 0.592198 -0.710869 0.37913 0.59239 0.471947 0.868945 -0.149002 -0.358803 0.930955 -0.0676908 0.468347 0.856309 0.217681 -0.29456 0.917047 -0.268812 0.384081 0.850197 0.360065 -0.249996 0.92393 -0.289578 0.328306 0.848845 0.41434 -0.211985 0.923695 -0.31914 0.273435 0.849347 0.45149 -0.170432 0.923604 -0.343379 0.214488 0.849648 0.481762 -0.125871 0.923872 -0.361409 0.151878 0.850878 0.502931 -0.0795678 0.923939 -0.374174 0.0876085 0.850934 0.517915 -0.0320264 0.924013 -0.381018 0.0219881 0.851075 0.524583 0.0160134 0.924062 -0.381907 -0.043977 0.851021 0.523287 0.0638147 0.923934 -0.377191 -0.10926 0.850867 0.513895 0.11055 0.923946 -0.366199 -0.173134 0.850261 0.497073 0.155724 0.923778 -0.349833 -0.23486 0.849176 0.473012 0.197883 0.923563 -0.328441 -0.299134 0.843388 0.446336 0.277822 0.932074 -0.232494 -0.45075 0.871742 0.19207 0.335581 0.940245 0.0576519 -0.445559 0.870056 -0.210904 0.217991 0.928752 0.299831 -0.153978 0.868369 -0.471408 -0.0649785 0.927534 0.368047 0.202578 0.857998 -0.472019 -0.222028 0.917368 0.330364 0.271115 0.84928 -0.453013 -0.170445 0.923606 0.343368 0.21461 0.84944 -0.482074 -0.126606 0.922868 0.363711 0.152244 0.849959 -0.504372 -0.0803443 0.922388 0.377816 0.0881294 0.849232 -0.520613 -0.0322576 0.9225 0.384647 0.0220829 0.849349 -0.52737 0.0161256 0.922547 0.385549 -0.0441904 0.849299 -0.52606 0.0643632 0.922438 0.380743 -0.109716 0.849596 -0.515897 0.111593 0.922427 0.369695 -0.173351 0.849899 -0.497616 0.156173 0.923289 0.350923 -0.23478 0.849181 -0.473044 0.198632 0.923576 0.327953 -0.291619 0.849985 -0.438729 0.237664 0.923888 0.29991 -0.34379 0.850433 -0.39821 0.276956 0.923847 0.264202 -0.255573 0.907517 -0.33331 0.207248 0.928928 0.306825 -0.118958 0.864113 -0.489038 -0.096054 0.933437 0.345643 0.222352 0.870878 -0.438327 -0.291924 0.930788 0.220031 0.686744 0.424503 0.590068 0.586146 0.441611 0.679274 0.496619 0.441401 0.747352 0.398889 0.441417 0.803765 0.294556 0.445093 0.845653 0.185995 0.447174 0.874895 0.0748834 0.447697 0.891044 -0.0374259 0.447882 0.893309 -0.149171 0.447404 0.881804 -0.258405 0.447205 0.856291 -0.364672 0.443023 0.81899 -0.464697 0.441988 0.76727 -0.690097 0.460784 0.558072 0.695449 0.365749 0.618529 0.603599 0.382802 0.699378 0.511433 0.382237 0.769631 0.411023 0.382017 0.827722 0.304198 0.380245 0.873429 0.192459 0.379088 0.905125 0.0773044 0.379355 0.922016 -0.0386412 0.379468 0.924398 -0.154218 0.379209 0.912369 -0.26756 0.379184 0.885794 -0.375981 0.381249 0.844564 -0.478651 0.381947 0.790576 -0.361954 0.38713 0.848009 -0.453164 0.454016 -0.767145 -0.556083 0.445833 -0.70143 -0.464688 0.441989 -0.767275 -0.364708 0.442291 -0.81937 -0.259064 0.444091 -0.857711 -0.149594 0.441594 -0.884656 -0.0375518 0.442 -0.896229 0.0750942 0.441829 -0.893951 0.186534 0.442827 -0.876989 0.294638 0.44389 -0.846256 0.399058 0.441416 -0.803682 0.496742 0.425689 -0.75633 0.160128 0.45463 -0.876168 -0.660175 0.382458 -0.646448 -0.5738 0.382706 -0.724079 -0.47866 0.38195 -0.790569 -0.37578 0.382437 -0.844116 -0.267017 0.382846 -0.884382 -0.154091 0.382816 -0.910883 -0.038682 0.383125 -0.922886 0.0654282 0.458047 -0.886517 0.183831 0.327644 -0.926745 0.303868 0.382666 -0.872486 0.410902 0.382016 -0.827782 0.513941 0.368827 -0.774487 0.834984 0.420614 -0.354803 0 -1 -0 0.289039 0 -0.957317 0.406702 0 -0.913561 0.517918 0 -0.85543 0.062815 0 -0.998025 0.187428 0 -0.982278 -0.505779 0.457274 -0.731497 -0.85528 0.501564 -0.130114 -0.426026 0.40478 0.809107 -0.855704 0.40679 0.319833 0.869093 0.459466 0.183216 0.732074 0.465799 -0.497091 -0.833226 0.387664 -0.394272 0.812095 0.489933 0.316967 0.392632 0.350646 0.850228 0.165787 0.49287 -0.854163 0.245753 0.412074 0.877383 0.460375 0 0.887725 0.960037 0 0.279875 -0.987208 0 -0.15944 -0.811158 0 0.584827 -0.743171 0 -0.669102 0.554234 0 0.832361 0.714431 0 0.699706 0.779515 0 -0.626383 -0.152694 0 0.988274 -0.242495 0 0.970153 -0.653453 0 -0.756967 -0.553318 0 -0.83297 -0.444628 0 -0.895715 -0.328907 0 -0.944362 -0.207982 0 -0.978133 -0.0837348 0 -0.996488 0.621122 0 0.783714 0.518092 0 0.855325 0.406794 0 0.91352 0.289166 0 0.957279 0.166647 0 0.986017 0.0417677 0 0.999127 -0.0835355 0 0.996505 -0.207988 0 0.978131 -0.329007 0 0.944328 -0.444739 0 0.89566 -0.553137 0 0.83309 -0.121368 0.717242 0.686173 -0.361344 0.39106 0.846465 -0.404577 0.688458 0.60195 -0.477828 0.385767 0.789217 -0.312359 0.711663 0.62926 -0.375336 0.38507 0.843116 -0.231847 0.708959 0.666051 -0.267104 0.383009 0.884285 -0.147062 0.707198 0.691552 -0.153956 0.383034 0.910814 -0.0590505 0.707611 0.704131 -0.0385752 0.383292 0.922821 0.0295206 0.707782 0.705814 0.0771726 0.38318 0.920444 0.117816 0.707383 0.696943 0.192132 0.382913 0.903584 0.204266 0.707347 0.67671 0.303677 0.384068 0.871936 0.286114 0.710503 0.642904 0.410316 0.385837 0.826299 0.364004 0.711557 0.600989 0.510553 0.386056 0.768307 0.435667 0.712704 0.549771 0.602559 0.386621 0.698174 0.507811 0.712362 0.484425 0.694309 0.369568 0.617539 0.390995 0.715645 0.57877 0.245424 0.416015 0.875613 -0.674017 0.727638 -0.127451 -0.831695 0.391633 -0.393583 -0.536536 0.687315 -0.48962 -0.659039 0.386277 -0.645335 -0.458292 0.712856 -0.530853 -0.572812 0.386525 -0.722832 -0.388519 0.711993 -0.58491 -0.477837 0.38577 -0.78921 -0.312334 0.711658 -0.629277 -0.375133 0.386256 -0.842663 -0.230733 0.712644 -0.662496 -0.266557 0.386664 -0.882858 -0.145865 0.712888 -0.68594 -0.153826 0.386634 -0.909314 -0.0587158 0.71316 -0.698538 -0.0386154 0.386943 -0.921295 0.0293599 0.71334 -0.700202 0.0772259 0.386824 -0.918914 0.116985 0.712872 -0.691468 0.191812 0.386645 -0.902061 0.202663 0.712917 -0.671325 0.303344 0.386486 -0.870983 0.285431 0.7123 -0.641216 0.410196 0.385836 -0.826359 0.362612 0.711536 -0.601854 0.513106 0.372651 -0.77321 0.521802 0.73266 -0.436958 0.83326 0.424499 -0.354229 -0.179824 0.741362 0.646565 -0.425313 0.40862 0.807551 -0.546258 0.729304 0.411968 -0.854033 0.410733 0.319258 -0.987208 0 -0.15944 -0.242495 0 0.970153 0.305788 0.409565 0.859506 0.580142 0 0.814515 -0.444628 0 -0.895715 -0.328907 0 -0.944362 -0.0837348 0 -0.996488 0.0418674 0 -0.999123 0.166792 0 -0.985992 0.289039 0 -0.957317 0.824615 0.412979 0.386599 0.990109 0 0.140301 0.714431 0 0.699706 0.518092 0 0.855325 0.406794 0 0.91352 -0.329007 0 0.944328 0.407852 0.720549 0.560773 0.63508 0.764662 0.109383 0.312672 0 -0.949861 0.298457 3.15118e-005 -0.954423 0.369935 8.96384e-005 -0.929058 0.40672 8.97953e-005 -0.913553 0.444586 0 -0.895736 0.517847 0 -0.855473 0.553163 0 -0.833073 0.58774 0 -0.80905 0.588028 0 -0.808841 0.179428 0 -0.983771 -0.40857 0 -0.912727 -0.763979 0 -0.645242 -0.588356 0 0.808602 -0.58888 0 0.80822 -0.587831 0 0.808984 -0.553059 0 0.833142 -0.517788 0 0.855509 -0.444614 0 0.895722 -0.406756 5.88398e-005 0.913537 -0.367111 5.8737e-005 0.930177 -0.36659 8.81055e-005 0.930382 -0.364874 -0 0.931057 -0.436958 6.64624e-005 -0.899482 -0.517933 4.92711e-005 -0.855421 -0.553414 0 -0.832906 -0.621216 0 -0.78364 -0.653578 0 -0.756859 -0.684733 0 -0.728794 0.72944 0 -0.684045 0.653448 0 0.756971 0.684584 0 0.728934 0.684584 0 0.728934 0.621107 0 0.783726 0.553377 0 0.832931 0.517965 3.06776e-005 0.855402 0.481084 3.06238e-005 0.876675 0.414124 2.69914e-005 0.91022 0.42522 0 0.90509 0.368573 2.14178e-005 0.929599 0.249509 -5.5833e-005 -0.968372 0.207747 -3.72874e-005 -0.978183 0.16657 0 -0.98603 0.0835693 0 -0.996502 0.0417846 0 -0.999127 0 0 -1 -0.0737801 -7.09957e-005 -0.997274 -0.0589019 0 -0.998264 -0.121548 -0.000177167 -0.992586 0.0519199 -7.9477e-005 0.998651 -0.0417914 0 0.999126 -0.0835828 0 0.996501 -0.166778 0 0.985995 -0.208162 -1.74608e-005 0.978094 -0.248772 -1.74298e-005 0.968562 -0.248589 -2.61448e-005 0.968609 -0.248091 -0 0.968737 -0.367066 6.13668e-005 -0.930195 -0.425387 0 -0.905012 -0.48303 7.37768e-005 -0.875604 0.127947 -0.000132194 0.991781 0.0671102 0 0.997746 0 0 1 -0.166689 -0.000118318 -0.986009 -0.207784 0 -0.978175 -0.289048 0 -0.957315 -0.329033 6.14752e-005 -0.944318 0.329023 1.43035e-005 0.944322 0.289279 0 0.957245 0.208017 0 0.978125 0.166632 -0.000132428 0.986019 -0.776351 0 0.630301 -0.999989 0 -0.0047558 -0.891443 0 0.453133 -0.955199 0 -0.295963 0.999721 0 -0.023628 0.675779 0 0.737105 0.954585 0 0.297939 0.477353 0 0.878712 0.108926 0 0.99405 -0.0526471 0 0.998613 -0.519365 0 0.854552 -0.939343 0 0.34298 -0.801471 0 0.598034 -0.923018 0 0.384757 -0.682738 0 -0.730663 -0.20165 0 -0.979458 -0.469047 0 -0.883173 -0.163552 0 -0.986535 -0.0836572 0 -0.996495 -0.0418286 0 -0.999125 0.0418286 0 -0.999125 0.0836572 0 -0.996495 0.166835 0 -0.985985 0.208182 0 -0.97809 -0.886196 0 0.463311 -0.865916 0 0.500189 -0.821008 0 0.570916 -0.796396 0 0.604775 -0.743128 0 0.669149 -0.714472 0 0.699665 -0.653562 0 0.756873 -0.621308 0 0.783566 -0.553517 0 0.832838 -0.517967 0 0.8554 -0.444486 0 0.895786 -0.406562 0 0.913623 -0.328915 0 0.94436 -0.289195 0 0.95727 -0.20802 0 0.978125 -0.166555 0 0.986032 0.936129 0 -0.351656 0.921194 0 -0.389104 0.886176 0 -0.463349 0.865973 0 -0.50009 0.821194 0 -0.57065 0.796625 0 -0.604474 0.743309 0 -0.668948 0.714547 0 -0.699587 0.653428 0 -0.756989 0.621072 0 -0.783754 0.553366 0 -0.832938 0.518022 0 -0.855367 0.444558 0 -0.89575 0.406426 0 -0.913684 0.289105 0 -0.957297 0.328691 0 -0.944437 -0.0833901 0 0.996517 -0.0416951 0 0.99913 0.0416951 0 0.99913 0.0833901 0 0.996517 0.170388 0 0.985377 0.215643 0 0.976472 -0.0417041 0 0.99913 -0.371925 0 0.928263 0.874659 0.410987 0.257023 0.364248 0.931264 -0.00841942 0.869315 0.373338 -0.3239 0.354132 0.923158 -0.149564 0.819298 0.381183 -0.428311 0.332434 0.923383 -0.191969 0.759062 0.381559 -0.527482 0.305821 0.923372 -0.232073 0.693905 0.326291 -0.641896 0.274422 0.923322 -0.268643 0.574604 0.456354 -0.67939 0.238091 0.923607 -0.300436 0.511352 0.382184 -0.769711 0.19856 0.923602 -0.327924 0.410772 0.381628 -0.828026 0.156287 0.923062 -0.351469 0.303825 0.380731 -0.873347 0.111264 0.922999 -0.368366 0.192403 0.380932 -0.904362 0.0641891 0.922999 -0.379412 0.077332 0.380425 -0.921573 0.0161061 0.922876 -0.38476 -0.0386664 0.38026 -0.924071 -0.0321882 0.922945 -0.383584 -0.153985 0.380553 -0.911849 -0.0806602 0.919531 -0.384651 -0.429276 0.39163 -0.813848 -0.238854 0.933328 -0.268044 -0.475945 0.870663 -0.124182 -0.883625 0.466888 0.0349751 -0.497143 0.8474 0.186447 -0.825069 0.444281 0.349107 -0.466641 0.850122 0.244007 -0.775475 0.445097 0.447804 -0.432216 0.850294 0.300316 -0.713376 0.44506 0.54131 -0.391361 0.85015 0.352253 -0.639891 0.444873 0.626599 -0.343904 0.8503 0.398397 -0.555972 0.445933 0.701455 -0.291016 0.850578 0.43798 -0.463594 0.445917 0.765662 -0.233948 0.850323 0.471401 -0.364235 0.444744 0.818251 -0.173096 0.850185 0.497216 -0.258725 0.444568 0.857567 -0.109457 0.85002 0.515253 -0.149443 0.443666 0.883645 -0.044154 0.849782 0.525282 -0.0375533 0.443217 0.895627 0.0220775 0.849707 0.526793 0.0750752 0.443473 0.893138 0.087043 0.849817 0.519841 0.180232 0.428829 0.885224 0.242668 0.861534 0.445951 0.618774 0.479563 0.622205 0.637467 0 -0.770477 0.517955 0 -0.855408 0.406249 0 -0.913762 0.28896 0 -0.957341 0.166757 0 -0.985998 0.0418091 0 -0.999126 -0.0836182 0 -0.996498 -0.207589 0 -0.978216 -0.67549 0 -0.737369 0.186968 0 0.982366 0.186968 0 0.982366 0.083904 0 0.996474 0.041952 0 0.99912 -0.041952 0 0.99912 -0.083904 0 0.996474 -0.166979 0 0.985961 -0.208103 0 0.978107 -0.288878 0 0.957366 -0.328532 0 0.944493 -0.406426 0 0.913684 -0.444649 0 0.895705 -0.536039 0 0.844194 -0.532025 0.252546 0.80819 -0.574106 0.382021 0.724198 0.309386 0.850221 -0.425916 0.52623 0.445397 -0.724365 0.326652 0.850503 -0.412241 0.585493 0.444178 -0.678162 0.376939 0.849526 -0.369083 0.66641 0.44244 -0.600121 0.419654 0.849896 -0.318696 0.735198 0.445222 -0.511137 0.455859 0.850259 -0.263157 0.793873 0.44464 -0.414803 0.486168 0.850062 -0.202569 0.849074 0.430325 -0.306422 0.420395 0.864317 -0.276087 0.546885 0.483156 -0.683723 -0.192053 0.936136 0.294559 -0.736591 0.399344 0.545855 -0.370394 0.918862 0.136016 -0.851945 0.381878 0.358273 -0.33888 0.923986 0.177228 -0.800225 0.382366 0.461991 -0.315795 0.923088 0.219504 -0.736803 0.379829 0.559331 -0.286012 0.922957 0.257581 -0.660342 0.381333 0.646941 -0.250818 0.923421 0.290489 -0.225703 0.923393 0.31049 -0.653442 0 0.756977 -0.742917 0 0.669384 -0.821318 0 0.57047 -0.886137 0 0.463424 -0.937311 0 0.348494 -0.538942 0 0.842343 0.729111 -0 -0.684396 0.24447 0.93211 0.267218 0.437206 0.402908 0.804062 0.0445912 0.928029 0.369829 -0.0649921 0.388754 0.919046 -0.424082 0.835678 0.348993 -0.801251 0.343617 0.489821 -0.357381 0.933936 0.00652137 -0.868038 0.41521 -0.272234 -0.480244 0.652278 0.586429 -0.359059 0.412651 0.837135 0.516792 0.8451 -0.136864 0.479053 0.868918 0.124455 0.0778166 0.865409 -0.494986 -0.251182 0.866431 -0.431515 -0.620631 0.479631 -0.6203 -0.999942 0 -0.0107945 -0.828722 0 0.55966 -0.198493 0 0.980102 0.686597 0 0.727039 0.999638 0 -0.0268972 0.0974282 0 0.995242 0.921801 0 -0.387664 0.865998 0 -0.500047 0.796602 0 -0.604504 -0.0726471 0.474669 -0.877161 0.876739 0.480559 -0.0198167 0.869462 0.436819 -0.230704 0.874659 0.410987 0.257023 0.692485 0.721255 -0.0160065 0.869315 0.373338 -0.323899 0.65406 0.704201 -0.276236 0.614152 0.705011 -0.354651 0.564978 0.704972 -0.428736 0.68717 0.381239 -0.618429 0.506946 0.704785 -0.496269 0.60406 0.381577 -0.699651 0.439966 0.705841 -0.555173 0.366915 0.705821 -0.605962 0.288632 0.703822 -0.649096 0.303825 0.380731 -0.873346 0.205468 0.703593 -0.68025 0.192403 0.380932 -0.904362 0.118537 0.703588 -0.700652 0.077332 0.380425 -0.921573 0.0297388 0.703137 -0.710432 -0.0386664 0.38026 -0.924071 -0.0594376 0.703391 -0.708314 -0.153985 0.380553 -0.911849 -0.14841 0.690713 -0.707735 -0.429276 0.39163 -0.813848 -0.452156 0.733545 -0.507412 -0.369705 0.736067 0.567031 -0.68109 0.688158 0.25011 -0.851945 0.381878 0.358273 -0.626471 0.707242 0.327633 -0.800225 0.382366 0.461991 -0.583231 0.703915 0.405395 -0.736803 0.379829 0.559331 -0.528147 0.703436 0.475646 -0.660342 0.381333 0.646941 -0.46339 0.705154 0.536682 -0.391951 0.70609 0.589756 -0.478956 0.38152 0.790597 -0.315781 0.703909 0.636234 -0.375894 0.38077 0.844818 -0.23316 0.705136 0.669641 -0.266926 0.38273 0.884459 -0.146961 0.707616 0.691146 -0.154152 0.382393 0.91105 -0.0592795 0.704722 0.707003 -0.0388097 0.380134 0.924117 0.0296678 0.702941 0.710629 0.0774293 0.381302 0.921202 0.120706 0.70644 0.697404 0.194033 0.375438 0.90631 -0.0395064 0.713679 0.699358 -0.322092 0.406388 0.855047 -0.868038 0.41521 -0.272234 -0.67549 0 -0.737369 -0.999942 0 -0.0107946 -0.937311 0 0.348494 -0.0649921 0.388754 0.919046 0.437207 0.402908 0.804062 0.686597 0 0.727039 0.714593 0 -0.69954 0.621141 0 -0.783699 -0.821318 0 0.57047 -0.553608 0 0.832777 -0.815942 0.39869 0.41867 -0.760603 0 0.649218 -0.04016 0 0.999193 0.166569 0 0.98603 0.041952 0 0.99912 -0.083904 0 0.996474 -0.208103 0 0.978107 -0.207589 0 -0.978216 0.166757 0 -0.985998 0.0832204 0.718808 0.69021 0.461467 0.729809 0.504407 -0.537646 0.717757 0.44245 -0.678571 0.73443 0.0123824 -0.768675 0.00191205 0.639637 -0.808925 0.00187392 0.587908 -0.774218 0.00123122 0.632918 -0.743592 0.000706266 0.668633 -0.714484 0 0.699652 -0.653437 0 0.75698 -0.621047 0 0.783773 -0.587619 0 0.809138 0.993573 0 0.113193 0.845266 0 0.534346 0.881193 0 -0.472756 0.621072 0 -0.783753 0.653509 0 -0.756918 0.714512 0 -0.699623 0.743113 2.42478e-005 -0.669166 0.770363 3.63083e-005 -0.637605 0.770385 7.26167e-005 -0.637579 -0.274643 0.0238458 0.96125 0.768575 -0.00230755 -0.639755 0.545894 -0.0012074 -0.837853 0.663741 -0.000809824 -0.747962 0.69633 8.99168e-005 -0.717722 0.84548 8.46664e-005 -0.534007 0.865952 8.48153e-005 -0.500126 0.886182 0 -0.463336 0.921852 0 -0.387543 0.937265 0 -0.348619 0.951245 0 -0.308436 0.951477 0 -0.30772 0.717687 0 -0.696365 0.171812 0 -0.98513 -0.281743 0 -0.95949 -0.281743 0 -0.95949 -0.950949 0 0.309347 -0.950842 0 0.309678 -0.950842 0 0.309678 -0.951057 0 0.309017 -0.937369 0 0.348338 -0.921893 0 0.387444 -0.885859 0 0.463955 -0.865634 0.000849087 0.500677 -0.845708 0.00264069 0.533639 -0.804206 0.00249902 0.594345 0.201721 0.93843 0.28046 0.36726 0.48415 0.794178 0.0324129 0.92156 0.386879 0.0612077 0.383331 0.92158 -0.0159707 0.924119 0.381772 -0.0546044 0.383349 0.921988 -0.0636633 0.924146 0.376699 -0.169775 0.383196 0.90793 -0.110574 0.923943 0.366199 -0.282331 0.382783 0.87964 -0.15557 0.923953 0.349442 -0.390041 0.384047 0.836885 -0.197082 0.924781 0.325482 -0.491988 0.384192 0.781245 -0.23787 0.923804 0.300006 -0.586736 0.381541 0.71426 -0.273806 0.92364 0.268178 -0.670778 0.383735 0.634668 -0.303131 0.924734 0.23017 -0.744639 0.385069 0.545193 -0.330146 0.924491 0.190579 -0.80747 0.384074 0.447749 -0.350812 0.924661 0.148098 -0.861101 0.373851 0.344588 -0.356023 0.934043 0.028467 -0.902332 0.429494 -0.0365086 -0.517801 0.495258 -0.697568 -0.179459 0.864543 -0.469425 -0.0690761 0.43293 -0.898777 -0.0203381 0.850195 -0.526075 0.0375353 0.445025 -0.894731 0.0441255 0.850247 -0.524532 0.149365 0.44512 -0.882926 0.109458 0.850173 -0.515 0.258905 0.444372 -0.857614 0.173321 0.849991 -0.497468 0.364498 0.444398 -0.818322 0.233833 0.850561 -0.471029 0.46312 0.447516 -0.765016 0.290502 0.851077 -0.437352 0.555672 0.446765 -0.701164 0.343964 0.850285 -0.398376 0.639978 0.444616 -0.626694 0.391459 0.849993 -0.352523 0.713552 0.444301 -0.541701 0.431771 0.850601 -0.300087 0.774205 0.448112 -0.446992 0.464975 0.851306 -0.243058 0.82444 0.447404 -0.346595 0.500993 0.845441 -0.185028 0.879414 0.472396 -0.0589267 0.476679 0.873743 0.0966973 -0.976297 0 -0.216434 -0.937266 0 0.348614 -0.886166 0 0.463368 -0.821182 0 0.570667 -0.743061 0 0.669224 -0.653437 0 0.756981 -0.553592 0 0.832788 -0.444599 0 0.89573 -0.328846 0 0.944384 -0.207946 0 0.97814 -0.0835934 0 0.9965 0.0417813 0 0.999127 0.486387 0 0.873743 -0.348268 0.386151 -0.854164 -0.0348694 0.926688 -0.374211 0.19768 0.382473 -0.902572 0.0880937 0.924546 -0.370747 0.266692 0.385885 -0.883158 0.124464 0.925614 -0.357418 0.375015 0.386627 -0.842546 0.169126 0.924879 -0.340581 0.478294 0.38389 -0.78985 0.211163 0.924329 -0.317845 0.57322 0.384939 -0.723354 0.248602 0.924799 -0.287999 0.659738 0.383834 -0.646078 0.284421 0.923899 -0.255959 0.735946 0.382789 -0.55844 0.313644 0.924178 -0.217998 0.799522 0.384091 -0.461777 0.338085 0.924368 -0.176756 0.851548 0.382912 -0.358113 0.368715 0.919531 -0.136058 0.737727 0.345498 -0.579991 0.23017 0.938444 -0.257575 0.191584 0.859371 0.474107 0.0772708 0.44551 0.891936 -0.11142 0.850082 0.514729 -0.206232 0.444203 0.871867 -0.152043 0.850247 0.503947 -0.29448 0.44465 0.845913 -0.214393 0.849789 0.481554 -0.398734 0.442873 0.803041 -0.273086 0.849768 0.450909 -0.495593 0.44471 0.74607 -0.326884 0.850301 0.412474 -0.58466 0.446559 0.677316 -0.375353 0.850871 0.367599 -0.664852 0.446779 0.598632 -0.419104 0.850379 0.318132 -0.736551 0.442488 0.511563 -0.457684 0.848988 0.264094 -0.796552 0.438552 0.416145 -0.487771 0.848228 0.206371 -0.848697 0.422865 0.317645 -0.427162 0.861201 0.275436 -0.573767 0.490523 0.65588 -0.447101 0.877585 -0.173049 -0.871555 0.488371 -0.0434331 -0.414227 0.869508 0.26902 -0.836323 0.495586 0.234433 -0.529815 0.848113 -0.000162292 -0.893017 0.450024 -0 0.789922 0.371166 -0.488118 0.320646 0.941784 -0.101143 0.865664 0.500626 -7.92478e-005 0.382683 0.92388 -0.000120171 0.124849 0.932646 -0.338503 0.138142 0.387097 -0.911632 0.72771 0.440035 0.526124 0.473371 0.86907 0.143656 0.897255 0.441513 -0.000203091 0.524393 0.851476 -0.000238505 -0.640198 0.491803 0.590149 -0.438968 0.870448 0.222774 0.326262 0.4083 -0.852552 0.0572499 0.926948 -0.370797 0.817694 0.409226 -0.404859 0.264323 0.936577 -0.230124 0.352796 0.935605 0.0133293 0.840154 0.427651 0.333551 0.248571 0.870206 0.425386 0.630059 0.51185 0.583982 -0.576126 0.420172 -0.701096 -0.23565 0.943437 -0.233228 -0.1423 0.44664 0.883325 -0.175693 0.865493 0.469099 -0.393973 0.472918 0.78812 -0.107121 0.858046 0.502277 -0.300669 0.927334 -0.222821 -0.872752 0.411376 -0.262818 -0.38269 0.923877 -5.96433e-005 -0.922366 0.386318 -0 -0.099293 0.870849 0.481418 0.0462829 0.479796 0.876158 0.0577283 0.419603 -0.90587 -0.0200712 0.9333 -0.358537 -0.501242 0 -0.865307 0.214915 0 -0.976633 1 0 -0 0.881906 0 -0.471425 0.751459 -0 -0.65978 0.937215 0 -0.348752 0.366305 0 -0.930495 0.14621 0 -0.989254 0.737396 0 -0.675461 0.997512 0 0.0704937 -0.818733 0 -0.574175 -1 0 -0 -0.0822243 0 -0.996614 0.231542 0 -0.972825 0.328979 0 -0.944337 0.444463 0 -0.895797 0.553438 0 -0.83289 0.653351 0 -0.757055 0.743216 0 -0.669051 0.821217 0 -0.570616 0.886141 0 -0.463415 -0.0628773 0 -0.998021 -0.147545 0 -0.989055 -0.169523 0 -0.985526 -0.191406 0 -0.981511 -0.77794 0 0.628339 -0.975332 0 0.220741 -0.264458 0 0.964397 0.167213 0 0.985921 0.14627 0 0.989245 0.0836602 0 0.996494 0.0418301 0 0.999125 -0.420251 -0 0.907408 -0.420302 -0.000164878 0.907385 -0.478085 -0.000219402 0.878313 -0.505019 -0.00429245 0.863097 -0.478863 0 0.87789 -0.549908 -0.00550574 0.835207 -0.725181 -0 0.688558 -0.725245 -0.000277204 0.688491 -0.7689 -0.000368878 0.639369 -0.790813 -0.00385589 0.612045 -0.775147 0 0.631781 -0.822344 -0.0047722 0.56897 0.875303 0 -0.483575 0.874702 0.00395448 -0.484646 0.823051 0.00602359 -0.567935 0.789215 0.00543329 -0.614093 0.771727 0.00226315 -0.63595 0.765975 0.00121834 -0.642869 0.635264 0 -0.772295 0.634289 0.00403315 -0.773086 0.55046 0.00537715 -0.834844 0.505621 0.00421566 -0.862746 0.479627 0 -0.877473 0.478475 0.000245449 -0.878101 0.0627135 0 -0.998032 0.0627109 -7.83624e-006 -0.998032 -0.0419813 0 0.999118 -0.0838922 -0.00020872 0.996475 -0.148369 -0.00345964 0.988926 -0.127426 -0.00031253 0.991848 -0.123402 0 0.992357 -0.20332 -0.00556155 0.979097 -0.285046 -0.00556031 0.958498 -0.32489 0 0.945752 -0.617932 -0.00550503 0.786212 -0.650526 0 0.759484 -0.864386 -0.00477369 0.502806 -0.884777 0 0.466016 -0.919743 0 0.39252 -0.935088 0 0.354417 -0.948832 0 0.315781 -0.948832 -0 0.315781 0.325605 0 0.945506 0.325605 0 0.945506 0.712554 0 0.701617 0.990133 0 0.140134 0.935249 0 -0.353991 0.919945 0 -0.392047 0.739785 0.000463859 -0.672843 0.710766 0 -0.703428 0.439593 0.000245878 -0.898197 0.401566 0 -0.91583 0.323691 0 -0.946163 0.285451 0.00583253 -0.958376 0.174264 0.00349362 -0.984693 0.188437 0.00875072 -0.982046 0.126328 0 -0.991989 0.125115 -1.04277e-005 -0.992142 0.552683 0 0.833391 -0.888779 0.413706 0.197282 -0.771743 0.409927 -0.486183 -0.999268 0 -0.0382442 -0.640187 0 -0.768219 -0.523146 0.400683 0.752178 -0.761453 0 0.648221 0.0630204 0.630719 0.773448 -0.446296 0.408123 0.796401 -0.27925 0 0.960218 -0.699516 0 0.714617 -0.867104 0.419437 0.268709 -0.916593 0.375266 -0.137957 -0.99867 0 0.0515616 -0.994386 0 -0.105811 -0.404162 0 0.914688 -0.409434 0.382917 0.828093 -0.517774 0 0.855517 -0.510884 0.384249 0.768993 -0.621222 0 0.783635 -0.603271 0.384511 0.698724 -0.714451 0 0.699685 -0.686314 0.383329 0.618087 -0.79638 0 0.604796 -0.757502 0.385891 0.526574 -0.866047 0 0.499963 -0.817692 0.385707 0.42733 -0.921911 0 0.387401 -0.865685 0.383389 0.321874 -0.963125 0 0.269055 -0.898956 0.383882 0.210981 -0.989266 0 0.146123 -0.918308 0.383967 0.0963326 -0.999783 0 0.0208288 -0.923386 0.383389 -0.0192577 -0.134141 0.408201 -0.902983 0.378025 0.37565 -0.846158 0.122464 0 -0.992473 0.445621 0 -0.895222 0.478013 0.385272 -0.789348 0.553364 0 -0.83294 0.573595 0.383887 -0.723616 0.653545 0 -0.756888 0.659688 0.384189 -0.645919 0.743175 0 -0.669097 0.734975 0.385168 -0.558083 0.821068 0 -0.57083 0.799776 0.383575 -0.461767 0.886238 0 -0.463231 0.850767 0.38504 -0.357688 0.937283 0 -0.348571 0.889123 0.384486 -0.248254 0.973583 0 -0.228334 0.913325 0.384235 -0.134914 0.99452 0 -0.104545 0.923381 0.383397 -0.0193419 0.99978 0 0.0209959 0.918431 0.383944 0.0952458 0.989661 0 0.143427 0.839656 0.475448 0.262538 0.983048 0 0.183349 -0.0497562 0.932783 -0.356988 0.114291 0.400905 -0.908962 0.15975 0.919699 -0.358656 0.410851 0.382168 -0.827737 0.198517 0.92365 -0.327814 0.511684 0.381376 -0.769891 0.238949 0.923075 -0.301388 0.604386 0.380468 -0.699972 0.274588 0.923201 -0.26889 0.686837 0.381721 -0.618501 0.305295 0.923607 -0.231831 0.725616 0.456025 -0.515288 0.333379 0.922946 -0.19243 0.831766 0.325796 -0.449469 0.353472 0.923555 -0.148674 0.866148 0.382195 -0.322048 0.369886 0.923324 -0.103231 0.900266 0.380736 -0.211096 0.380145 0.92322 -0.0561695 0.919593 0.380817 -0.0965736 0.385023 0.922872 -0.00803601 0.890555 0.454774 0.00963206 0.382514 0.923099 0.0396402 0.940223 0.316513 0.125696 0.328983 0.932585 0.148511 0.6871 0.422052 0.59141 0.145044 0.479605 0.865414 -0.055067 0.866547 0.496048 -0.359591 0.434577 0.825735 -0.231684 0.850583 0.472051 -0.462893 0.448171 0.76477 -0.290877 0.850734 0.43777 -0.556925 0.443195 0.702434 -0.345109 0.849189 0.399723 -0.640397 0.44331 0.627191 -0.390637 0.850671 0.351798 -0.712125 0.447825 0.540676 -0.431607 0.850735 0.299942 -0.775849 0.444344 0.447903 -0.467627 0.849458 0.244431 -0.826562 0.442742 0.347527 -0.494198 0.849699 0.183791 -0.863333 0.443338 0.241054 -0.512985 0.849922 0.120329 -0.886171 0.444494 0.130867 -0.523203 0.850433 0.0549731 -0.89462 0.446432 0.0187742 -0.525617 0.85065 -0.0109994 -0.890346 0.445688 -0.0929831 -0.527667 0.845837 -0.0782825 -0.800772 0.474208 -0.365912 -0.375177 0.873407 -0.310488 -0.675273 0 0.737568 -0.406585 0 0.913613 -0.444477 0 0.89579 -0.517993 0 0.855385 -0.553605 0 0.832779 -0.62127 0 0.783597 -0.65335 0 0.757056 -0.71431 0 0.69983 -0.743161 0 0.669112 -0.796648 0 0.604444 -0.821295 0 0.570503 -0.866031 0 0.499991 -0.886134 0 0.463429 -0.929703 0 0.368311 -0.905682 0.251159 0.341554 -0.89076 0.380339 0.248773 -0.335709 0.936907 0.0974879 -0.916641 0.397706 0.0399857 -0.388685 0.919522 -0.0583334 -0.919598 0.380815 -0.0965357 -0.38503 0.922869 -0.00804241 -0.924683 0.380248 0.0193016 -0.38244 0.923108 0.0401322 -0.914609 0.38109 0.13513 -0.37445 0.923074 0.0878768 -0.366782 0.92264 0.11919 0.500061 0.850604 -0.16252 0.851405 0.445673 -0.276559 0.506711 0.85043 -0.141464 0.871992 0.444755 -0.204509 0.520854 0.850172 -0.0769295 0.890288 0.44569 -0.0935233 0.52562 0.850648 -0.0110253 0.894621 0.446435 0.018694 0.523262 0.850424 0.0545452 0.892432 0.431314 0.132414 0.505036 0.862786 -0.0232098 0.830406 0.49323 -0.259132 0.921812 0 -0.387636 0.963192 0 -0.268815 0.989269 0 -0.146102 1 0 -0 -0.973572 0 0.22838 -0.994528 0 0.104466 -0.999781 0 -0.0209358 0.99212 0 0.125295 0.809017 0 -0.587786 0.87628 0 -0.481802 0.091503 0.942453 0.321573 -0.0115999 0.413009 0.910653 -0.58678 0.415794 -0.694841 -0.305429 0.933023 -0.190215 -0.63586 0.420165 0.647413 -0.171823 0.93255 0.317532 -0.376269 0.920051 -0.109216 -0.943971 0.309216 -0.115341 0.511557 0.845381 0.153753 0.319621 0.87171 0.371435 0.338572 0.87272 -0.351751 4.05793e-005 0.871942 -0.48961 -0.975642 0 0.219368 -0.844465 0 -0.535611 0.745925 0.470222 0.471686 -0.156496 0 -0.987678 0.406529 0 -0.913638 -0.954671 0 0.297663 -0.502663 0 0.864482 0.303237 0 0.952915 0.902161 0 0.4314 -0.268189 0.514193 -0.814666 0.864015 0.431378 0.259598 0.518096 0 -0.855322 0.62125 0 -0.783612 0.714462 0 -0.699674 0.424925 0.476069 -0.769933 -0.989266 0 -0.146124 0.114156 0.404159 -0.907537 0.41027 0.385313 -0.826566 0.510962 0.384522 -0.768805 0.603536 0.383615 -0.698988 0.685867 0.384867 -0.617627 0.758074 0.384446 -0.526807 0.818295 0.383806 -0.427886 0.864923 0.38534 -0.321592 0.898998 0.383883 -0.210799 0.918298 0.383964 -0.0964373 0.923383 0.383393 0.0193301 0.91792 0.372939 0.135419 0.686044 0.425236 0.590354 -0.915236 0.40094 0.0398822 -0.918303 0.383962 -0.0963997 -0.923383 0.383395 0.0192745 -0.91332 0.384236 0.134939 -0.889508 0.383487 0.248424 -0.85094 0.384499 0.357856 -0.798739 0.386408 0.461198 -0.73539 0.384353 0.558099 -0.659793 0.38343 0.646263 -0.573358 0.384874 0.723279 -0.478416 0.383231 0.790096 -0.37622 0.375101 0.847206 -0.693269 0.406761 0.594914 -0.0116726 0.416249 0.909176 0.974274 0 -0.225366 0.843228 0 0.537556 0.999153 0 0.0411551 0.646729 0 0.76272 -0.90651 0 -0.422184 -0.323595 0 -0.946196 -0.763291 0 -0.646055 -0.0110635 0 -0.999939 0.168677 0 0.985671 -0.108003 0 0.994151 -0.400265 0 0.916399 -0.441576 0 0.897224 -0.517989 0 0.855387 -0.553252 0 0.833014 -0.620979 0 0.783827 -0.653427 0 0.756989 -0.714572 0 0.699562 -0.743278 0 0.668983 -0.796535 0 0.604593 -0.821095 0 0.570791 -0.865916 0 0.500189 -0.886161 0 0.463378 -0.921849 0 0.38755 -0.937296 0 0.348534 -0.963165 0 0.268913 -0.973589 0 0.228309 -0.989278 0 0.146043 -0.994537 0 0.10438 -0.999781 0 0.0209056 -0.999781 0 -0.0209056 -0.994599 0 -0.103794 -0.98945 0 -0.144872 0.949319 0 -0.314315 0.988946 0 0.148278 0.998462 0 -0.055441 0.994411 0 0.105574 0.99978 0 0.0209551 0.99978 0 -0.0209551 0.994521 0 -0.104535 0.989255 0 -0.146203 0.973578 0 -0.228355 0.963185 0 -0.268841 0.937351 0 -0.348386 0.921895 0 -0.38744 0.886192 0 -0.463319 0.865943 0 -0.500143 0.82101 0 -0.570914 0.796329 0 -0.604864 0.743156 0 -0.669118 0.714689 0 -0.699442 0.653696 0 -0.756757 0.621131 0 -0.783707 0.5532 0 -0.833048 0.517854 0 -0.855469 0.44458 0 -0.895739 0.40665 0 -0.913584 0.573537 0 -0.81918 0.757116 0 -0.65328 0.492927 0 -0.87007 0.693981 0 -0.719993 -0.585844 0.419069 -0.693663 -0.156496 0 -0.987678 -0.844465 0 -0.535611 -0.634783 0.423352 0.646393 -0.954671 0 0.297663 0.303237 0 0.952915 0.902161 0 0.4314 0.406529 0 -0.913638 0.796482 0 -0.604663 0.866022 0 -0.500005 0.989269 0 -0.146102 0.999781 0 -0.0209204 0.994532 0 0.104432 -0.989266 0 -0.146124 -0.999781 0 -0.0209358 -0.994528 0 0.104466 -0.973572 0 0.22838 -0.937242 0 0.34868 -0.576843 0 0.816855 -0.444477 0 0.89579 -0.821295 0 0.570504 -0.914357 0.40302 -0.0390687 -0.975642 0 0.219368 0.992205 -0.00312577 -0.124578 0.990491 -0.00252833 -0.137552 0.997906 -0.00214672 -0.0646518 0.999758 -0.00106698 -0.0219723 0.999776 0 0.0211486 0.994407 0 0.105615 0.988997 0 0.147933 0.967897 0 -0.251349 0.662611 0 -0.748964 0.275548 0 -0.961287 -0.988893 0 -0.148628 -0.981599 0 -0.190953 -0.994372 0 -0.105949 -0.999799 0 -0.0200682 -0.999756 0.00127665 0.0220625 -0.993578 0.00282838 0.113117 -0.997951 0.00377748 0.063875 -0.992058 0.00353824 0.12573 -0.98256 0.00218726 0.185932 -0.97382 0.00107879 0.227317 -0.963146 0 0.26898 -0.951007 0 0.309169 -0.951007 0 0.309169 0.736671 0 0.676251 0.368696 0 0.92955 0.99074 0 0.135774 0.96338 0 -0.268142 0.973792 -0.00106327 -0.227436 0.982634 -0.00308968 -0.185527 0.193132 0.922375 -0.334552 0.0691471 0.99039 -0.11978 0.193417 0.922149 -0.335009 -0.0693586 0.990334 0.12012 -0.302834 0.795753 0.52447 -0.398307 0.60457 0.689816 -0.495191 0.138914 0.857606 -0.495351 -0.136606 0.857884 -0.398272 -0.604662 0.689756 -0.301581 -0.797655 0.522299 -0.068472 -0.99058 0.118585 0.0680862 -0.990684 -0.117942 0.301727 -0.797377 -0.522638 0.398526 -0.603894 -0.690282 0.495332 -0.136506 -0.857912 0.495231 0.137954 -0.857738 0.461486 0.384863 -0.799319 0.461178 0.386156 -0.798873 -0.865426 0 -0.501036 -0.86594 0 -0.500147 -0.86594 -0.00102955 -0.500147 -0.866454 -4.67979e-006 -0.499258 -0.86594 0.00102487 -0.500147 -0.865426 0 -0.501036 -0.86594 -0.00102487 -0.500147 -0.866454 4.67979e-006 -0.499258 -0.866452 0.00205909 -0.499257 0.192005 0.923478 -0.332147 0.068635 0.990552 -0.118731 0.191581 0.923633 -0.331962 -0.0683264 0.99059 0.118589 -0.301136 0.797585 0.522662 -0.398035 0.604661 0.689893 -0.495296 0.137639 0.857751 -0.495365 -0.136636 0.857872 -0.398371 -0.603773 0.690477 -0.301573 -0.796923 0.523419 -0.0682035 -0.990624 0.118376 0.0686343 -0.990552 -0.11873 0.302026 -0.797116 -0.522864 0.398541 -0.603773 -0.690378 0.494995 -0.136042 -0.85818 0.494844 0.138231 -0.857917 0.461461 0.384312 -0.799599 0.462222 0.383414 -0.79959 0.866563 0 0.499068 0.86637 6.40694e-007 0.499403 0.866981 0 0.498341 0.866926 -0.000948655 0.498435 0.866454 -4.31203e-006 0.499258 0.866926 0.000944343 0.498435 0.866981 0 0.498341 0.865811 -0.00150559 0.500369 0.865059 6.87482e-006 0.50167 0.865055 0.00302493 0.501668 0.190766 0.92432 -0.330517 0.068055 0.990689 -0.117911 0.19119 0.924054 -0.331015 -0.068586 0.990552 0.118759 -0.301824 0.797417 0.522522 -0.398432 0.604662 0.689664 -0.495555 0.13764 0.857601 -0.495625 -0.136636 0.857722 -0.398844 -0.603574 0.690378 -0.302262 -0.796754 0.523279 -0.0687984 -0.990493 0.119126 0.0681784 -0.990655 -0.118125 0.302028 -0.796948 -0.523118 0.398913 -0.602845 -0.690975 0.495396 -0.135919 -0.857968 0.495317 0.137078 -0.857829 0.461924 0.382756 -0.800077 0.461683 0.383415 -0.799901 -0.193702 0.921923 -0.335467 -0.0695368 0.990284 -0.120429 0.069147 0.99039 0.119779 0.30298 0.795473 0.52481 0.398562 0.603799 0.690345 0.495172 0.138805 0.857635 0.495391 -0.13565 0.858014 0.398418 -0.604178 0.690096 0.301384 -0.797896 0.522044 0.0680863 -0.990684 0.117942 -0.0682953 -0.990629 -0.118279 -0.301581 -0.797655 -0.522299 -0.398272 -0.604662 -0.689756 -0.495351 -0.136606 -0.857884 -0.495191 0.138914 -0.857606 -0.461253 0.386156 -0.79883 -0.865426 0 0.501036 -0.86594 0 0.500147 -0.86594 0.00102955 0.500147 -0.866454 4.67979e-006 0.499258 -0.86594 -0.00102487 0.500147 -0.865426 0 0.501036 -0.86594 0.00102487 0.500147 -0.866454 -4.67979e-006 0.499258 -0.866452 -0.00205909 0.499257 -0.191156 0.923788 -0.331776 -0.0682035 0.990624 -0.118376 -0.191156 0.923788 -0.331776 0.0686343 0.990552 0.11873 0.301827 0.797417 0.522519 0.398204 0.604663 0.689795 0.494885 0.137642 0.857988 0.494955 -0.136634 0.858109 0.398618 -0.603573 0.690509 0.302266 -0.796754 0.523277 0.068635 -0.990552 0.118731 -0.0683264 -0.99059 -0.118589 -0.301335 -0.797283 -0.523007 -0.398372 -0.603772 -0.690478 -0.495406 -0.13604 -0.857943 -0.495254 0.138234 -0.85768 -0.46146 0.384315 -0.799598 -0.461073 0.383416 -0.800252 0.866563 0 -0.499068 0.866225 -1.2953e-006 -0.499655 0.865995 0 -0.500052 0.86594 -0.00102955 -0.500147 0.866454 -4.67979e-006 -0.499258 0.86594 0.00102487 -0.500147 0.866508 0.000109807 -0.499163 0.866454 -5.01415e-007 -0.499258 0.866454 -0.000220618 -0.499258 -0.19097 0.924319 -0.3304 -0.0682513 0.990655 -0.118083 -0.19119 0.924054 -0.331015 0.0684167 0.99059 0.118537 0.301774 0.797223 0.522846 0.398354 0.604126 0.690178 0.495134 0.137566 0.857857 0.495244 -0.135971 0.858047 0.39869 -0.603238 0.690761 0.301972 -0.796923 0.523189 0.0686291 -0.990531 0.118905 -0.0682515 -0.990655 -0.118082 -0.302443 -0.796586 -0.523429 -0.39929 -0.602309 -0.691224 -0.495429 -0.13585 -0.85796 -0.49539 0.136409 -0.857894 -0.462253 0.381854 -0.800319 -0.462176 0.383414 -0.799617 0.202158 0.87539 0.439117 0.0963435 0.948251 -0.302551 -0.227523 0.87263 0.432145 0.251146 0.936892 -0.243227 -0.357657 0.870668 0.337667 0.262354 0.94419 -0.199189 -0.405576 0.869533 0.281817 0.286893 0.943546 -0.165568 -0.437482 0.869659 0.228697 0.304862 0.943729 -0.128196 -0.461223 0.870556 0.17148 0.317027 0.944276 -0.0885285 -0.480573 0.869688 0.112661 0.326726 0.943888 -0.0482279 -0.491587 0.869293 0.0516872 0.329734 0.944048 -0.00697393 -0.49384 0.869491 -0.0103701 0.328619 0.943828 0.0346177 -0.488848 0.869374 -0.0722283 0.32084 0.944145 0.0751769 -0.47445 0.870269 -0.1324 0.308901 0.944132 0.114869 -0.454128 0.870244 -0.1909 0.293749 0.943458 0.153621 -0.428069 0.869296 -0.247147 0.271511 0.943885 0.18805 -0.399071 0.864883 -0.304498 0.197764 0.948664 0.246833 -0.159737 0.890617 -0.425776 -0.0399454 0.959259 0.279691 0.215148 0.887782 -0.406883 -0.257891 0.94966 0.177869 0.435403 0.88978 -0.136804 -0.297276 0.952963 -0.0590596 0.427194 0.879289 0.21061 -0.271091 0.939965 -0.207303 0.405773 0.869949 0.280244 -0.285888 0.943931 -0.165113 0.436791 0.870108 0.228309 -0.304941 0.943913 -0.126644 0.464998 0.869132 0.168483 0.374063 0.465942 0.801857 0.721082 0.424984 0.547201 0.780646 0.43308 0.450592 0.830642 0.433589 0.349335 0.867233 0.435086 0.242091 0.891242 0.434014 0.131604 0.90049 0.434463 0.0189898 0.896035 0.433852 -0.094303 0.876803 0.434728 -0.205492 0.844083 0.434688 -0.313959 0.798878 0.432841 -0.417664 0.73987 0.434031 -0.514014 0.669255 0.434771 -0.602554 0.453007 0.441928 -0.774264 -0.495546 0.534036 -0.685011 -0.705593 0.511539 -0.490374 -0.761233 0.511988 -0.397987 -0.803441 0.515102 -0.298585 -0.836249 0.512083 -0.196107 -0.855034 0.51071 -0.0899576 -0.859158 0.51139 0.0180881 -0.850361 0.510991 0.125595 -0.826144 0.51411 0.230601 -0.790736 0.514009 0.332464 -0.744622 0.510721 0.42977 -0.68352 0.513371 0.518893 -0.613199 0.476071 0.630352 -0.208496 0.507758 0.835889 -0.906673 0 0.421835 -0.714478 0 0.699658 -0.74326 0 0.669003 -0.796623 0 0.604477 -0.821217 0 0.570616 -0.865976 0 0.500085 -0.886141 0 0.463415 -0.92178 0 0.387714 -0.937242 0 0.348678 -0.963159 0 0.268934 -0.973608 0 0.228225 -0.992128 0 0.125225 -0.940416 0.220058 -0.259214 -0.36301 0.924573 -0.115709 -0.860074 0.399738 -0.316991 -0.798442 0.4339 -0.417398 -0.739495 0.434605 -0.514068 -0.804959 0.452341 -0.383964 0.47391 0.868142 0.147444 0.822137 0.508644 0.255678 0.793119 0.512282 0.329438 0.742877 0.513967 0.428919 0.693966 0.493731 0.524062 0.81881 0.546461 0.175873 -0.968598 0 -0.248634 -0.989289 0 -0.145969 -0.994533 0 -0.104426 0.394074 0.840511 0.371817 -0.271703 0.927983 -0.255 -0.133529 0.947428 -0.290773 0.361314 0.506574 0.782838 0.660799 0.417592 0.623668 -0.352695 0.455086 -0.81762 -0.859921 0.284544 -0.423757 0 1 -0 0.158098 0.572881 -0.804246 0.703188 0.537694 -0.4652 -0.834641 0.4689 0.288974 -0.391139 0.474724 0.788446 0.714559 0 -0.699575 0.263131 0 -0.96476 -0.383455 0 -0.92356 -0.939363 0 -0.342925 -0.101874 0 0.994797 0.612323 0 0.790608 -0.986284 0 -0.165059 -0.837186 0 0.546918 0.82126 0 0.570554 0.886197 0 0.463309 0.937265 0 0.348618 0.973618 0 0.228183 0.994508 0 0.104661 0.999778 0 -0.021083 0.796523 0 -0.604608 0.866082 0 -0.499902 0.921797 0 -0.387672 0.963175 0 -0.268874 0.989274 0 -0.146075 -0.796579 0 -0.604535 -0.865907 0 -0.500205 -0.921903 0 -0.387421 0.242536 -0.970142 -0 -0.928614 0.00820509 -0.370957 -0.924607 0.00616085 -0.380873 -0.951401 0.00480462 -0.307919 -0.962963 0.00227548 -0.269623 -0.973564 0 -0.228413 -0.982252 0 -0.187564 0.319478 0 0.947594 -0.124996 0 0.992157 0.802561 0 0.59657 0.973537 0 0.228529 0.963116 -0.00014644 0.269085 0.951023 -0.000219276 0.309121 0.951044 -0.000438552 0.309055 -0.991037 0.0500048 0.12388 0.95094 -0.00522194 0.309332 0.995481 -0.00267512 0.094925 0.977908 -0.00179239 0.209029 0.968112 -7.28677e-005 0.250517 0.90518 -7.03244e-005 0.425029 0.88627 -7.04478e-005 0.463169 0.866083 0 0.499901 0.821135 0 0.570734 0.796344 0 0.604844 0.77038 0 0.637585 0.770576 0 0.637348 0.971933 0 0.235256 0.930011 0 -0.367532 0.675158 0 -0.737673 -0.770879 0 -0.636982 -0.77124 0 -0.636545 -0.770518 0 -0.637418 -0.796336 0 -0.604855 -0.821145 0 -0.570719 -0.866472 0 -0.499226 -0.886603 0.00252386 -0.462525 -0.902333 0.00816372 -0.430963</float_array>
                    <technique_common>
                        <accessor count="1712" source="#ID29" stride="3">
                            <param name="X" type="float"/>
                            <param name="Y" type="float"/>
                            <param name="Z" type="float"/>
                        </accessor>
                    </technique_common>
                </source>
                <source id="ID30">
                    <float_array id="ID31" count="2072">-1.41333 1.37256 -1.42188 1.45142 -1.38696 1.4917 -1.01489 1.09692 -0.994629 1.12354 1.07617 1.60962 0.802979 1.27979 1.06738 1.68701 0.931152 1.78467 0.719482 1.27344 -1.08521 1.10107 -1.21899 1.64941 -1.03296 1.78467 -0.831055 1.89551 -0.617188 1.98022 -0.394287 2.0376 -0.165771 2.06641 0.0639648 2.06641 0.29248 2.0376 0.515381 1.98022 0.729492 1.89551 -0.876221 1.23486 -0.744629 1.33032 -0.602051 1.40869 -0.450928 1.46851 -0.293457 1.50903 -0.13208 1.5293 0.0302734 1.5293 0.19165 1.50903 0.349121 1.46851 0.500244 1.40869 0.642822 1.33032 1 0.15918 0.875 0.15918 1 0.477539 0.875 0.477539 0.75 0.15918 0.75 0.477539 0.625 0.15918 0.625 0.477539 0.5 0.15918 0.5 0.477539 0.375 0.15918 0.375 0.477539 0.25 0.15918 0.25 0.477539 0.125 0.15918 0.125 0.477539 0 0.15918 0 0.477539 0.5 0.636719 0.5 0 -1.36401 1.38501 -1.36597 1.44653 -1.35474 1.46167 -1.19116 1.61548 -1.00928 1.74756 -0.8125 1.85571 -0.603516 1.93848 -0.385986 1.99438 -0.163086 2.02246 0.0612793 2.02246 0.28418 1.99438 0.501709 1.93848 0.710693 1.85571 0.907471 1.74756 1.00562 1.6748 1.01489 1.60645 0.783203 1.33154 0.71875 1.32861 0.665527 1.36597 0.518311 1.44702 0.362305 1.50879 0.199463 1.55054 0.032959 1.57153 -0.134766 1.57153 -0.30127 1.55054 -0.463867 1.50879 -0.620117 1.44702 -0.767334 1.36621 -0.903076 1.26733 -1.02539 1.15234 -1.02881 1.15039 -1.08911 1.14478 -1.34985 1.45703 -1.18652 1.61011 -1.00562 1.7417 -0.80957 1.84937 -0.601318 1.93188 -0.384766 1.98755 -0.162598 2.01563 0.060791 2.01563 0.282959 1.98755 0.499756 1.93188 0.707764 1.84937 0.903809 1.7417 0.998047 1.6731 -0.989502 1.11865 -0.871582 1.22949 -0.740967 1.32446 -0.599121 1.40234 -0.44873 1.46191 -0.291992 1.5022 -0.131592 1.52246 0.0297852 1.52246 0.19043 1.5022 0.346924 1.46191 0.497314 1.40234 0.63916 1.32446 0.719482 1.26611 -1.03052 1.15723 -0.907471 1.27271 -0.770996 1.37207 -0.623047 1.45337 -0.466064 1.51538 -0.302734 1.55737 -0.135254 1.57861 0.0334473 1.57861 0.200928 1.55737 0.364258 1.51538 0.52124 1.45337 0.669189 1.37207 0.71875 1.33594 -1.39185 1.49658 -1.22363 1.65479 -1.03662 1.79053 -0.834229 1.90186 -0.619385 1.98682 -0.395508 2.04443 -0.16626 2.07324 0.0644531 2.07324 0.293701 2.04443 0.517578 1.98682 0.732422 1.90186 0.934814 1.79053 1.07495 1.68872 -1.42871 1.4519 -1.01318 1.09009 0.780518 1.33862 1.00635 1.60596 -1.08447 1.09229 -1.42114 1.37085 -1.35889 1.4458 -1.35645 1.38696 1.08496 1.61011 0.805664 1.27271 -1.09009 1.15381 0.631836 0.435059 0.631836 0.432861 0.609375 0.451904 0.608154 0.449951 0.567383 0.474854 0.56665 0.4729 0.522949 0.492432 0.522217 0.490479 0.476563 0.504395 0.476318 0.502441 0.429199 0.510254 0.428955 0.508301 0.381348 0.510254 0.381348 0.508301 0.333984 0.504395 0.334229 0.502441 0.287598 0.492432 0.288086 0.490479 0.243164 0.474854 0.243896 0.4729 0.201172 0.451904 0.202148 0.449951 0.162354 0.423584 0.163818 0.422119 0.127686 0.390869 0.12915 0.389648 0.121582 0.383057 0.12207 0.381104 0.00195313 0.487305 0 0.487549 0.012207 0.499268 0.0107422 0.500732 0.0615234 0.545654 0.0603027 0.547119 0.116455 0.585449 0.115234 0.587158 0.175781 0.618164 0.174805 0.619873 0.238525 0.643066 0.238037 0.64502 0.304199 0.659912 0.303955 0.661865 0.371338 0.668213 0.371338 0.67041 0.439209 0.668213 0.439209 0.67041 0.506348 0.659912 0.506592 0.661865 0.571777 0.643066 0.57251 0.64502 0.634766 0.618164 0.635742 0.619873 0.694092 0.585449 0.695313 0.587158 0.734131 0.556641 0.736572 0.557129 0.116943 0.400879 0.0996094 0.399902 0.101318 0.381836 0.0212402 0.468506 0.00219727 0.463623 0.0205078 0.48584 0.0710449 0.53418 0.101074 0.384277 0.00439453 0.464355 0.182129 0.604492 0.124268 0.572754 0.716309 0.532715 0.649902 0.454346 0.739258 0.53418 0.657227 0.434814 0.631592 0.453369 0.617188 0.464111 0.573486 0.488037 0.527344 0.506348 0.479248 0.518555 0.430176 0.524902 0.380371 0.524902 0.331055 0.518555 0.282959 0.506348 0.236816 0.488037 0.193359 0.464111 0.15332 0.434814 0.307129 0.64502 0.243164 0.628662 0.656494 0.437012 0.736816 0.533936 0.813477 1.75391 0.819824 1.75122 0.942383 1.70288 1.06372 1.63599 1.11328 1.59985 1.14087 1.57983 1.17505 1.62036 1.14722 1.64063 1.09204 1.68066 0.964844 1.75049 0.829834 1.80396 0.835938 1.80151 0.00268555 1.70288 -0.118652 1.63599 -0.230713 1.55469 -0.28125 1.50708 -0.317383 1.54565 -0.264404 1.59521 -0.146973 1.68066 -0.0249023 1.7478 -0.0197754 1.75049 -0.013916 1.75293 0.806396 1.75562 0.679199 1.78833 0.541748 1.80566 0.409424 1.80566 0.403076 1.80566 0.396973 1.80493 0.399902 1.8584 0.544922 1.8584 0.689209 1.84009 0.822998 1.80591 0.00830078 1.70508 -0.00244141 1.69971 0.393555 1.85767 0.406006 1.8584 0.265625 1.78833 0.131348 1.75391 0.11499 1.80396 0.255859 1.84009 -0.449951 1.72754 -0.58252 2.21143 1.96143 0.84375 1.92188 0.785645 1.43604 0.652832 1.37012 0.666992 1.33276 0.785156 -0.537109 2.28198 -0.445068 2.30444 -0.182861 2.33765 0.0810547 2.33765 0.343262 2.30444 1.25317 0.954346 1.15308 1.11182 1.03394 1.25586 0.897705 1.38379 0.746338 1.49365 0.58252 1.58374 0.408936 1.65259 0.227783 1.69897 1.90576 1.01196 1.79321 1.25098 1.65161 1.47412 1.48315 1.67773 1.29053 1.85889 1.07666 2.01416 0.845215 2.14136 0.599121 2.23877 0.0424805 1.72241 -0.144287 1.72241 -0.32959 1.69897 -0.394043 1.68164 1.97046 0.841797 1.91406 1.01514 1.80103 1.25537 1.65869 1.47925 1.48975 1.68384 1.29614 1.86548 1.08154 2.02148 0.848877 2.14941 0.601318 2.24731 0.344971 2.31323 0.0817871 2.34644 -0.183594 2.34644 -0.446777 2.31323 -0.543213 2.28833 1.90918 0.854736 1.90015 0.856689 1.86328 0.995361 1.85498 0.991943 1.75317 1.229 1.74536 1.22461 1.61475 1.44727 1.60742 1.44214 1.44971 1.64648 1.44336 1.64038 1.26123 1.82349 1.25562 1.81665 1.05225 1.97534 1.04736 1.96802 0.825684 2.1001 0.821777 2.09204 0.584961 2.19531 0.582275 2.18677 0.334717 2.25952 0.333008 2.25073 0.0783691 2.29199 0.0776367 2.2832 -0.179932 2.29199 -0.179443 2.2832 -0.436523 2.25952 -0.434814 2.25073 -0.5 2.24341 -0.493896 2.23706 0.593994 2.24927 -0.327881 1.69043 -0.143555 1.71362 0.0419922 1.71362 0.226318 1.69043 0.40625 1.64404 0.578857 1.57568 0.741699 1.48633 0.89209 1.37695 0.770996 1.53223 0.775635 1.53979 0.926758 1.41919 0.932373 1.42578 1.06714 1.28711 1.07373 1.29321 1.18994 1.13867 1.19727 1.14404 1.29321 0.976318 1.30103 0.980713 1.37524 0.802002 1.38354 0.80542 1.40552 0.705811 1.41162 0.712402 1.36401 0.6604 1.32446 0.781982 1.24536 0.949951 1.14575 1.10669 1.02734 1.24976 -0.395508 1.6731 1.43262 0.643311 1.92944 0.779053 -0.456299 1.71924 -0.592041 2.21558 -0.420166 1.76514 -0.532227 2.18823 1.44873 0.6875 1.88672 0.815918 1.87915 0.82251 1.45239 0.69751 -0.522461 2.18384 -0.413574 1.77344 1 0.308105 0.997314 0.308594 0.983398 0.359131 0.980957 0.358154 0.949951 0.429688 0.947754 0.428467 0.908203 0.495605 0.906006 0.494141 0.858398 0.555664 0.856445 0.553955 0.801514 0.609131 0.799805 0.607178 0.738281 0.655029 0.737061 0.652832 0.669922 0.692627 0.668945 0.69043 0.597168 0.721436 0.596436 0.718994 0.521729 0.740967 0.52124 0.738281 0.444336 0.750732 0.444092 0.748047 0.366211 0.750732 0.366455 0.748047 0.288818 0.740967 0.289307 0.738281 0.260498 0.733643 0.262207 0.731689 0.823242 0.256592 0.821533 0.254639 0.812256 0.29126 0.809814 0.290283 0.788818 0.341064 0.786621 0.339844 0.759521 0.387451 0.757324 0.385986 0.724365 0.429932 0.722412 0.428223 0.684326 0.467529 0.682617 0.465576 0.639893 0.499756 0.638428 0.497559 0.591553 0.526367 0.590576 0.523926 0.540527 0.546631 0.539795 0.544189 0.487305 0.560303 0.486816 0.557617 0.432861 0.567139 0.432617 0.564453 0.377686 0.567139 0.37793 0.564453 0.323242 0.560303 0.32373 0.557617 0.304199 0.555176 0.303955 0.55249 0.443115 0.731934 0.367432 0.731934 0.292236 0.722656 0.274902 0.718506 0.246094 0.712158 0.266602 0.702881 0.285889 0.566162 0.298584 0.582275 0.307129 0.57251 0.973145 0.302246 0.847412 0.265625 0.987793 0.289551 0.841797 0.249512 0.835449 0.27002 0.827148 0.297363 0.802979 0.348877 0.772461 0.396973 0.736084 0.440918 0.69458 0.47998 0.648438 0.513428 0.320313 0.575928 0.376709 0.583252 0.433838 0.583252 0.490234 0.575928 0.54541 0.561768 0.598389 0.540771 0.842773 0.252441 0.985596 0.291504 0.591553 0.703857 0.518311 0.722656 0.287842 0.568604 0.248779 0.710938 1.53955 1.48364 1.54102 1.4812 1.5376 1.48584 1.43579 1.60889 1.3147 1.72266 1.1853 1.81665 1.15723 1.77197 1.28101 1.68188 1.39722 1.57275 1.49878 1.44995 1.49463 1.45483 1.49829 1.4502 1.50171 1.44531 1.58423 1.31543 1.6521 1.17139 1.67798 1.09131 1.68384 1.07349 1.73438 1.08813 1.72852 1.1062 1.70117 1.19092 1.63062 1.34106 1.54443 1.47656 1.5415 1.4812 0.976563 0.166992 0.978516 0.164795 0.87207 0.154053 0.872314 0.151367 0.765381 0.154053 0.765137 0.151367 0.659424 0.167236 0.658936 0.164795 0.556152 0.193848 0.55542 0.191406 0.456787 0.233154 0.455811 0.230957 0.363281 0.284668 0.362061 0.282471 0.2771 0.347412 0.275391 0.345459 0.199219 0.42041 0.19751 0.418701 0.131348 0.502686 0.12915 0.501221 0.0739746 0.592773 0.0717773 0.591553 0.0285645 0.689209 0.0263672 0.688232 0.00244141 0.768311 0 0.769775 0.963623 0.182373 0.965332 0.180176 0.87085 0.171875 0.871094 0.169434 0.766357 0.171875 0.766357 0.169434 0.662842 0.184814 0.662354 0.182373 0.561523 0.210938 0.560791 0.208496 0.4646 0.249268 0.463379 0.24707 0.373047 0.299561 0.371582 0.297607 0.28833 0.361084 0.286865 0.359131 0.212402 0.432617 0.210449 0.430908 0.145752 0.513184 0.143799 0.511719 0.0898438 0.601318 0.0876465 0.600098 0.045166 0.695801 0.0429688 0.694824 0.0251465 0.757568 0.0224609 0.758789 0.78125 0.406738 0.781006 0.404053 0.707031 0.416016 0.706543 0.413574 0.634277 0.43457 0.633545 0.432373 0.564697 0.462158 0.563721 0.459961 0.499023 0.498291 0.497803 0.496338 0.438477 0.54248 0.436768 0.540527 0.383789 0.59375 0.38208 0.592041 0.336182 0.651367 0.333984 0.649902 0.295898 0.7146 0.293701 0.713379 0.263916 0.782471 0.261719 0.781494 0.246338 0.837158 0.244629 0.834961 0.780273 0.389404 0.780029 0.386963 0.703613 0.39917 0.703125 0.396729 0.628906 0.418213 0.628174 0.415771 0.557373 0.446533 0.556396 0.444336 0.489746 0.483643 0.488525 0.481689 0.42749 0.529053 0.425781 0.5271 0.371338 0.581787 0.369385 0.580078 0.322021 0.641357 0.320068 0.639648 0.280762 0.706299 0.278564 0.705078 0.248047 0.776123 0.245605 0.775146 0.233398 0.820313 0.231689 0.818115 0.982178 0.201416 0.979492 0.203125 0.881348 0.408691 0.878906 0.406982 0.881348 0.623779 0.878906 0.623779 0.893311 0.418701 0.890869 0.416748 0.893311 0.623779 0.890869 0.623779 0.9021 0.410156 0.902588 0.412598 0.806152 0.406738 0.803711 0.407715 0.806152 0.623779 0.803711 0.623779 0.939209 0.38208 0.941162 0.384766 0.93042 0.416016 0.929688 0.413574 0.952881 0.401367 0.951172 0.398926 0.997314 0.192871 1 0.191406 0.0339355 0.781738 0.0366211 0.780029 0.0129395 0.795166 0.015625 0.793457 0.922363 0.393311 0.923096 0.395508 0.897949 0.390869 0.898682 0.393311 0.792969 0.412842 0.790527 0.414063 0.793213 0.623779 0.790527 0.623779 0.212158 0.830811 0.210449 0.827881 0.22168 0.848877 0.220215 0.845947 0.570801 -0.858398 0.749023 -0.835938 0.7854 -0.828613 0.773926 -0.777344 0.73877 -0.783936 0.567383 -0.805664 0.498779 -0.805664 0.498779 -0.536865 0.446045 0.00415039 0.446045 -0.530518 0.446045 -0.536865 0.446045 -0.536621 0.446045 -0.543213 -0.141113 -0.619873 -0.29541 -0.536377 -0.302246 -0.532471 -0.309082 -0.528809 -0.586182 -0.300537 -0.699219 -0.165283 -0.704102 -0.159424 -0.708984 -0.15332 -0.89624 -0.0554199 -0.794434 -0.215576 -0.789551 -0.221436 -0.784912 -0.227295 -0.518799 -0.506836 -0.365723 -0.618164 -0.358887 -0.621826 -0.352295 -0.625488 0.498779 -0.530518 0.498779 -0.536621 0.498779 -0.543213 0.374023 -0.858398 0.498779 0.00415039 0.446045 -0.75293 0.380615 -0.75293 0.207275 -0.730957 0.216797 -0.732178 0.199707 -0.72998 0.029541 -0.686523 -0.451416 -0.425537 -0.803467 -0.00439453 -0.882568 0.161621 -0.900146 0.214355 -0.949951 0.197266 -1 0.179932 -0.980957 0.122803 -0.66333 -0.372803 -0.186035 -0.715576 -0.00268555 -0.787109 0.1875 -0.834717 0.179199 -0.83374 0.197998 -0.836182 1 1 1 0 0.176758 0.791016 0.232666 0.984131 0.187988 0.768555 0.77124 0.00341797 0.57959 0.059082 0.565918 0.0810547 0.579346 0.150146 0.253418 0.74292 0.31665 0.708252 0.375244 0.665771 0.427979 0.616211 0.474121 0.560547 0.512695 0.499512 0.543457 0.434082 0.565918 0.365234 0.579346 0.294434 0.583984 0.222168 0.261963 0.996826 0.355225 0.959473 0.445068 0.910156 0.527832 0.850098 0.602539 0.780029 0.667725 0.701172 0.722412 0.614746 0.766113 0.522217 0.797607 0.424805 0.816895 0.324219 0.823242 0.222168 0.816895 0.120117 0.798584 0.0217285 1.50488 -0.162109 2.17163 -0.333252 1.54272 0.0361328 2.22583 -0.050293 1.55542 0.237305 2.2439 0.237305 1.54272 0.438721 2.22583 0.524902 1.50488 0.636963 2.17163 0.808105 1.44263 0.828613 2.08276 1.08179 1.35669 1.01099 1.95996 1.34277 1.24854 1.1814 1.80566 1.58594 1.12012 1.33667 1.62183 1.80811 0.9729 1.47485 1.41187 2.00537 0.809814 1.59351 1.17871 2.1748 0.633057 1.69067 0.926025 2.31348 0.445313 1.76489 0.658203 2.41968 0.572021 2.38184 0.6604 2.41064 0.922607 2.30591 1.17407 2.16748 1.40649 1.99878 1.61572 1.80225 1.79883 1.58105 1.95264 1.33862 2.07471 1.07886 2.16357 0.805908 2.21729 0.523926 2.23535 0.237305 2.21729 -0.0493164 2.16577 -0.325439 0.67627 2.34814 0.674072 2.35718 0.901611 2.26172 0.905273 2.26929 1.14795 2.12622 1.15234 2.1333 1.37524 1.96118 1.38062 1.96753 1.58008 1.7688 1.58618 1.77466 1.75903 1.55225 1.76587 1.55713 1.90967 1.31494 1.91699 1.31909 2.0293 1.06079 2.03711 1.06396 2.11621 0.793701 2.12427 0.795898 2.1687 0.517822 2.17725 0.518799 2.18652 0.237305 2.19482 0.237305 2.1687 -0.0429688 2.17725 -0.0441895 2.12573 -0.27124 2.13159 -0.279297 1.51343 -0.158203 1.55103 0.0349121 1.56372 0.237305 1.55103 0.439697 1.51318 0.638916 1.45044 0.831787 1.48804 0.84668 1.49585 0.849854 1.55225 0.648926 1.56055 0.651123 1.59131 0.444824 1.59961 0.445801 1.60425 0.237305 1.61279 0.237305 1.59131 0.0297852 1.59961 0.0288086 1.55981 -0.137207 1.56812 -0.133301 2.08911 -0.376221 2.09375 -0.385742 0.578369 2.37476 1.54297 -0.225586 1.55176 -0.219971 0.421143 1.83301 0.412109 1.83105 0.471191 1.84351 0.61792 2.3313 1.59351 -0.192871 2.0647 -0.327393 0.624268 2.32446 2.06006 -0.318115 0.480469 1.84521 1.60254 -0.187256 0.26123 1 0.356689 0.962402 0.446533 0.912842 0.529785 0.852539 0.604736 0.782227 0.670166 0.702881 0.725098 0.616211 0.768799 0.523193 0.800537 0.425537 0.819824 0.324707 0.826416 0.222168 0.819824 0.119629 0.800537 0.0187988 0.562988 0.079834 0.576416 0.150391 0.580811 0.222168 0.576416 0.293945 0.562988 0.364502 0.540771 0.432861 0.51001 0.498047 0.47168 0.558838 0.425781 0.614258 0.373291 0.66333 0.315186 0.705566 0.252197 0.740234 0.185303 0.766846 0.435791 0.895508 0.3479 0.943848 0.267578 0.974609 0.230469 0.986572 0.249023 0.966064 0.17334 0.790283 0.197754 0.79541 0.205322 0.780762 0.260742 0.758789 0.326172 0.7229 0.386475 0.679199 0.440674 0.628174 0.488037 0.570801 0.528076 0.507813 0.559814 0.44043 0.582764 0.369629 0.59668 0.296631 0.601318 0.222168 0.760742 0.0241699 0.597656 0.0708008 0.772705 0 0.576416 0.0571289 0.585449 0.0900879 0.59668 0.147949 0.78418 0.0407715 0.516602 0.83667 0.5896 0.768066 0.653564 0.690918 0.707275 0.606445 0.749756 0.515869 0.780762 0.42041 0.799561 0.322266 0.805908 0.222168 0.799561 0.122314 1.83594 0.876709 1.83545 0.877197 1.83643 0.869385 1.84692 0.70459 1.83594 0.532227 1.80249 0.358887 1.85327 0.344482 1.88843 0.525635 1.89966 0.70459 1.88794 0.883789 1.88892 0.875977 1.88843 0.883545 1.88696 0.891846 1.85474 1.05933 1.79956 1.22974 1.75024 1.21021 1.80371 1.04614 1.83447 0.884766 1.60938 1.91797 1.69214 1.98682 1.69458 1.91968 1.75098 1.92944 1.71924 1.89941 1.94897 1.69019 1.91357 1.66455 2.11523 1.42798 2.0769 1.40698 2.24731 1.14722 2.20679 1.1311 2.34326 0.852051 2.30103 0.841309 2.40161 0.547119 2.35815 0.541748 2.4209 0.237305 2.37744 0.237305 2.40161 -0.0725098 2.35815 -0.0668945 2.34326 -0.377441 2.30103 -0.366455 2.24731 -0.672607 2.20679 -0.656494 2.11523 -0.953613 2.0769 -0.932617 1.94897 -1.21558 1.91357 -1.18994 1.80469 -1.3916 1.79297 -1.33423 1.71338 -1.40991 1.71289 -1.3418 1.26538 -0.988525 1.31567 -0.978516 1.25757 -0.90918 1.31348 -0.910889 1.35962 -0.787598 1.39355 -0.812256 1.47705 -0.602783 1.51367 -0.622803 1.57031 -0.404541 1.60913 -0.419922 1.8064 -1.40015 1.95532 -1.22021 2.12207 -0.957275 2.25464 -0.675537 2.35083 -0.379395 2.40918 -0.0734863 2.42871 0.237305 2.40918 0.548096 2.35083 0.854004 2.25464 1.1499 2.12207 1.43188 1.95532 1.69482 1.75684 1.93457 1.69189 1.99561 1.79126 -1.32568 1.90723 -1.1853 2.07007 -0.928711 2.19946 -0.653809 2.29346 -0.364502 2.35059 -0.065918 2.36963 0.237305 2.35059 0.540771 2.29346 0.839355 2.19946 1.12817 2.07007 1.40332 1.90723 1.65991 1.71362 1.89404 1.69482 1.91162 1.17871 1.45898 1.21436 1.42529 1.35327 1.25732 1.47021 1.07349 1.56299 0.876465 1.63037 0.668945 1.67114 0.454834 1.68481 0.237305 1.63037 -0.194336 1.63525 -0.195557 1.56299 -0.401611 1.47021 -0.598877 1.35327 -0.782959 1.24902 -0.908936 1.67578 -0.206055 1.68335 -0.208008 1.61646 -0.422852 1.52051 -0.626709 1.3999 -0.816895 1.32202 -0.911133 1.67114 0.0197754 1.24438 1.53125 1.18237 1.54053 1.60352 1.98975 1.60986 1.90967 1.25146 1.53003 1.60278 1.99805 1.17432 1.54175 1.51147 1.09619 1.47632 1.0769 1.3916 1.28516 1.35913 1.26172 1.71289 -1.33203 1.32471 -0.976563 1.25635 -0.990234 1.71362 -1.41968 1.73877 0.244141 1.73901 0.230957 1.73926 0.237305 2.19678 1.13379 2.20093 1.12378 1.90381 0.137695 1.90381 0.138428 1.90601 0.144287 1.96362 0.321777 2 0.511475 1.94751 0.518311 1.91235 0.334717 1.85474 0.157227 1.85693 0.163818 1.85449 0.157959 1.85229 0.1521 1.77515 -0.0117188 1.67529 -0.169434 1.60718 -0.251465 1.5835 -0.280029 1.62256 -0.315674 1.64673 -0.286621 1.71802 -0.200439 1.82153 -0.0371094 1.90137 0.132568 1.7251 0.0129395 1.7251 0.46167 1.68311 0.682617 1.61353 0.896484 1.51782 1.09961 1.39746 1.28955 1.25415 1.46265 1.24683 1.4624</float_array>
                    <technique_common>
                        <accessor count="1036" source="#ID31" stride="2">
                            <param name="S" type="float"/>
                            <param name="T" type="float"/>
                        </accessor>
                    </technique_common>
                </source>
                <vertices id="ID32">
                    <input semantic="POSITION" source="#ID26"/>
                </vertices>
                <triangles count="2607" material="Material1">
                    <input offset="0" semantic="VERTEX" source="#ID32"/>
                    <input offset="1" semantic="NORMAL" source="#ID28"/>
                    <input offset="2" semantic="TEXCOORD" source="#ID30" set="0"/>
                    <p>1374 2 0 1407 1 1 1380 0 0 1407 1 1 1374 2 0 1401 3 1 1401 3 1 1343 4 2 1407 1 1 1343 4 2 1401 3 1 1337 5 2 1362 8 3 1138 7 4 1356 6 3 1138 7 4 1362 8 3 1146 9 4 1154 12 5 1394 11 6 1179 10 5 1394 11 6 1154 12 5 1387 13 6 1173 16 7 1187 15 8 1163 14 7 1187 15 8 1173 16 7 1213 17 8 1387 13 6 950 18 9 1394 11 6 950 18 9 1387 13 6 942 19 9 1350 21 10 1380 0 0 1368 20 10 1380 0 0 1350 21 10 1374 2 0 1356 6 3 1368 20 10 1362 8 3 1368 20 10 1356 6 3 1350 21 10 1337 5 2 1332 22 11 1343 4 2 1332 22 11 1337 5 2 1326 23 11 1326 23 11 1319 24 12 1332 22 11 1319 24 12 1326 23 11 1314 25 12 1314 25 12 1310 26 13 1319 24 12 1310 26 13 1314 25 12 1305 27 13 1305 27 13 1300 28 14 1310 26 13 1300 28 14 1305 27 13 1294 29 14 1294 29 14 1287 30 15 1300 28 14 1287 30 15 1294 29 14 1280 31 15 1280 31 15 1273 32 16 1287 30 15 1273 32 16 1280 31 15 1267 33 16 1267 33 16 1260 34 17 1273 32 16 1260 34 17 1267 33 16 1252 35 17 1252 35 17 1244 36 18 1260 34 17 1244 36 18 1252 35 17 1237 37 18 1237 37 18 1229 38 19 1244 36 18 1229 38 19 1237 37 18 1221 39 19 1221 39 19 1204 40 20 1229 38 19 1204 40 20 1221 39 19 1196 41 20 1196 41 20 1213 17 8 1204 40 20 1213 17 8 1196 41 20 1187 15 8 1163 14 7 1179 10 5 1173 16 7 1179 10 5 1163 14 7 1154 12 5 1146 9 4 1119 42 21 1138 7 4 1119 42 21 1146 9 4 1128 43 21 1128 43 21 1103 44 22 1119 42 21 1103 44 22 1128 43 21 1111 45 22 1111 45 22 1086 46 23 1103 44 22 1086 46 23 1111 45 22 1095 47 23 1095 47 23 1068 48 24 1086 46 23 1068 48 24 1095 47 23 1077 49 24 1077 49 24 1050 50 25 1068 48 24 1050 50 25 1077 49 24 1059 51 25 1059 51 25 1034 52 26 1050 50 25 1034 52 26 1059 51 25 1042 53 26 1042 53 26 1017 54 27 1034 52 26 1017 54 27 1042 53 26 1026 55 27 1026 55 27 999 56 28 1017 54 27 999 56 28 1026 55 27 1008 57 28 1008 57 28 982 58 29 999 56 28 982 58 29 1008 57 28 990 59 29 990 59 29 966 60 30 982 58 29 966 60 30 990 59 29 974 61 30 974 61 30 934 62 31 966 60 30 934 62 31 974 61 30 958 63 31 942 19 9 958 63 31 950 18 9 958 63 31 942 19 9 934 62 31 1414 64 34 1506 65 33 1436 64 32 1506 65 33 1414 64 34 1499 66 35 1499 66 35 1494 67 36 1506 65 33 1494 67 36 1499 66 35 1488 68 37 1488 68 37 1482 69 38 1494 67 36 1482 69 38 1488 68 37 1476 70 39 1476 70 39 1470 71 40 1482 69 38 1470 71 40 1476 70 39 1464 72 41 1464 72 41 1458 73 42 1470 71 40 1458 73 42 1464 72 41 1452 74 43 1452 74 43 1447 75 44 1458 73 42 1447 75 44 1452 74 43 1442 76 45 1442 76 45 1428 77 46 1447 75 44 1428 77 46 1442 76 45 1421 78 47 1421 78 47 1435 79 48 1428 77 46 1435 79 48 1421 78 47 1413 80 49 1596 83 50 1588 82 35 1513 81 34 1588 82 35 1596 83 50 1579 84 37 1569 85 39 1579 84 37 1596 83 50 1596 83 50 1559 86 41 1569 85 39 1559 86 41 1596 83 50 1549 82 43 1538 87 45 1549 82 43 1596 83 50 1596 83 50 1519 88 47 1538 87 45 1519 88 47 1596 83 50 1512 89 49 1513 92 34 1592 91 33 1532 90 32 1592 91 33 1513 92 34 1588 93 35 1588 93 35 1584 94 36 1592 91 33 1584 94 36 1588 93 35 1579 95 37 1579 95 37 1574 96 38 1584 94 36 1574 96 38 1579 95 37 1569 97 39 1569 97 39 1564 98 40 1574 96 38 1564 98 40 1569 97 39 1559 99 41 1559 99 41 1554 100 42 1564 98 40 1554 100 42 1559 99 41 1549 101 43 1549 101 43 1544 102 44 1554 100 42 1544 102 44 1549 101 43 1538 103 45 1538 103 45 1525 104 46 1544 102 44 1525 104 46 1538 103 45 1519 105 47 1519 105 47 1531 106 48 1525 104 46 1531 106 48 1519 105 47 1512 107 49 1655 110 33 1658 109 51 1613 108 32 1658 109 51 1655 110 33 1649 111 36 1643 112 38 1658 109 51 1649 111 36 1658 109 51 1643 112 38 1635 113 40 1627 110 42 1658 109 51 1635 113 40 1658 109 51 1627 110 42 1620 114 44 1609 115 46 1658 109 51 1620 114 44 1658 109 51 1609 115 46 1612 116 48 1602 119 34 1655 118 33 1613 117 32 1655 118 33 1602 119 34 1652 120 35 1652 120 35 1649 121 36 1655 118 33 1649 121 36 1652 120 35 1646 122 37 1646 122 37 1643 123 38 1649 121 36 1643 123 38 1646 122 37 1639 124 39 1639 124 39 1635 125 40 1643 123 38 1635 125 40 1639 124 39 1631 126 41 1631 126 41 1627 127 42 1635 125 40 1627 127 42 1631 126 41 1624 128 43 1624 128 43 1620 129 44 1627 127 42 1620 129 44 1624 128 43 1616 130 45 1616 130 45 1609 131 46 1620 129 44 1609 131 46 1616 130 45 1606 132 47 1606 132 47 1612 133 48 1609 131 46 1612 133 48 1606 132 47 1601 133 49 1662 136 34 1747 135 33 1678 134 32 1747 135 33 1662 136 34 1741 137 35 1741 137 35 1735 138 36 1747 135 33 1735 138 36 1741 137 35 1729 139 37 1729 139 37 1723 140 38 1735 138 36 1723 140 38 1729 139 37 1717 141 39 1717 141 39 1711 142 40 1723 140 38 1711 142 40 1717 141 39 1705 143 41 1705 143 41 1699 144 42 1711 142 40 1699 144 42 1705 143 41 1693 145 43 1693 145 43 1688 146 44 1699 144 42 1688 146 44 1693 145 43 1683 147 45 1683 147 45 1672 148 46 1688 146 44 1672 148 46 1683 147 45 1667 149 47 1667 149 47 1677 150 48 1672 148 46 1677 150 48 1667 149 47 1661 151 49 1860 154 50 1843 153 35 1754 152 34 1843 153 35 1860 154 50 1826 155 37 1812 156 39 1826 155 37 1860 154 50 1860 154 50 1799 157 41 1812 156 39 1799 157 41 1860 154 50 1787 153 43 1777 158 45 1787 153 43 1860 154 50 1860 154 50 1760 159 47 1777 158 45 1760 159 47 1860 154 50 1753 160 49 1754 163 34 1851 162 33 1772 161 32 1851 162 33 1754 163 34 1843 164 35 1843 164 35 1835 165 36 1851 162 33 1835 165 36 1843 164 35 1826 166 37 1826 166 37 1819 167 38 1835 165 36 1819 167 38 1826 166 37 1812 168 39 1812 168 39 1805 169 40 1819 167 38 1805 169 40 1812 168 39 1799 170 41 1799 170 41 1793 171 42 1805 169 40 1793 171 42 1799 170 41 1787 172 43 1787 172 43 1782 173 44 1793 171 42 1782 173 44 1787 172 43 1777 174 45 1777 174 45 1766 175 46 1782 173 44 1766 175 46 1777 174 45 1760 176 47 1760 176 47 1771 177 48 1766 175 46 1771 177 48 1760 176 47 1753 177 49 107 180 33 115 179 51 9 178 32 115 179 51 107 180 33 90 181 36 73 182 38 115 179 51 90 181 36 115 179 51 73 182 38 57 183 40 41 184 42 115 179 51 57 183 40 115 179 51 41 184 42 25 185 44 0 186 46 115 179 51 25 185 44 115 179 51 0 186 46 8 187 48 1869 190 34 107 189 33 9 188 32 107 189 33 1869 190 34 98 191 35 98 191 35 90 192 36 107 189 33 90 192 36 98 191 35 82 193 37 82 193 37 73 194 38 90 192 36 73 194 38 82 193 37 65 195 39 65 195 39 57 196 40 73 194 38 57 196 40 65 195 39 49 197 41 49 197 41 41 198 42 57 196 40 41 198 42 49 197 41 33 199 43 33 199 43 25 200 44 41 198 42 25 200 44 33 199 43 17 201 45 17 201 45 0 202 46 25 200 44 0 202 46 17 201 45 1877 203 47 1877 203 47 8 204 48 0 202 46 8 204 48 1877 203 47 1868 205 49 900 208 53 909 207 1 866 206 52 909 207 1 900 208 53 817 209 2 825 210 54 817 209 2 900 208 53 817 209 2 825 210 54 799 211 11 808 212 55 799 211 11 825 210 54 799 211 11 808 212 55 781 213 12 790 214 56 781 213 12 808 212 55 781 213 12 790 214 56 761 215 13 771 216 57 761 215 13 790 214 56 761 215 13 771 216 57 741 217 14 751 218 58 741 217 14 771 216 57 741 217 14 751 218 58 723 219 15 732 220 59 723 219 15 751 218 58 723 219 15 732 220 59 704 221 16 713 222 60 704 221 16 732 220 59 704 221 16 713 222 60 683 223 17 694 224 61 683 223 17 713 222 60 683 223 17 694 224 61 665 225 18 674 226 62 665 225 18 694 224 61 665 225 18 674 226 62 646 227 19 655 228 63 646 227 19 674 226 62 646 227 19 655 228 63 610 229 20 637 230 64 610 229 20 655 228 63 610 229 20 637 230 64 619 231 8 628 232 65 619 231 8 637 230 64 619 231 8 628 232 65 592 233 7 583 234 66 592 233 7 628 232 65 592 233 7 583 234 66 601 235 5 574 236 67 601 235 5 583 234 66 601 235 5 574 236 67 884 237 6 892 238 68 884 237 6 574 236 67 884 237 6 892 238 68 362 239 9 352 240 69 362 239 9 892 238 68 362 239 9 352 240 69 372 241 31 343 242 70 372 241 31 352 240 69 372 241 31 343 242 70 390 243 30 381 244 71 390 243 30 343 242 70 390 243 30 381 244 71 409 245 29 400 246 72 409 245 29 381 244 71 409 245 29 400 246 72 427 247 28 418 248 73 427 247 28 400 246 72 427 247 28 418 248 73 445 249 27 436 250 74 445 249 27 418 248 73 445 249 27 436 250 74 461 251 26 453 252 75 461 251 26 436 250 74 461 251 26 453 252 75 477 253 25 469 254 76 477 253 25 453 252 75 477 253 25 469 254 76 494 255 24 485 256 77 494 255 24 469 254 76 494 255 24 485 256 77 513 257 23 503 258 78 513 257 23 485 256 77 513 257 23 503 258 78 530 259 22 522 260 79 530 259 22 503 258 78 530 259 22 522 260 79 548 261 21 539 262 80 548 261 21 522 260 79 548 261 21 539 262 80 565 263 4 557 264 81 565 263 4 539 262 80 565 263 4 557 264 81 833 265 3 857 266 82 833 265 3 557 264 81 833 265 3 857 266 82 841 267 10 849 268 83 841 267 10 857 266 82 841 267 10 849 268 83 875 269 0 866 206 52 875 269 0 849 268 83 875 269 0 866 206 52 909 207 1 1395 271 85 825 210 54 1402 270 84 825 210 54 1395 271 85 808 212 55 1388 272 86 808 212 55 1395 271 85 808 212 55 1388 272 86 790 214 56 1381 273 87 790 214 56 1388 272 86 790 214 56 1381 273 87 771 216 57 1375 274 88 771 216 57 1381 273 87 771 216 57 1375 274 88 751 218 58 1369 275 89 751 218 58 1375 274 88 751 218 58 1369 275 89 732 220 59 1363 276 90 732 220 59 1369 275 89 732 220 59 1363 276 90 713 222 60 1357 277 91 713 222 60 1363 276 90 713 222 60 1357 277 91 694 224 61 1351 278 92 694 224 61 1357 277 91 694 224 61 1351 278 92 674 226 62 1344 279 93 674 226 62 1351 278 92 674 226 62 1344 279 93 655 228 63 1338 280 94 655 228 63 1344 279 93 655 228 63 1338 280 94 637 230 64 1333 281 95 637 230 64 1338 280 94 637 230 64 1333 281 95 628 232 65 1327 282 96 628 232 65 1333 281 95 628 232 65 1327 282 96 583 234 66 1018 284 98 565 263 4 1027 283 97 565 263 4 1018 284 98 548 261 21 1009 285 99 548 261 21 1018 284 98 548 261 21 1009 285 99 530 259 22 1000 286 100 530 259 22 1009 285 99 530 259 22 1000 286 100 513 257 23 991 287 101 513 257 23 1000 286 100 513 257 23 991 287 101 494 255 24 983 288 102 494 255 24 991 287 101 494 255 24 983 288 102 477 253 25 975 289 103 477 253 25 983 288 102 477 253 25 975 289 103 461 251 26 967 290 104 461 251 26 975 289 103 461 251 26 967 290 104 445 249 27 959 291 105 445 249 27 967 290 104 445 249 27 959 291 105 427 247 28 951 292 106 427 247 28 959 291 105 427 247 28 951 292 106 409 245 29 943 293 107 409 245 29 951 292 106 409 245 29 943 293 107 390 243 30 926 294 108 390 243 30 943 293 107 390 243 30 926 294 108 372 241 31 935 295 109 372 241 31 926 294 108 372 241 31 935 295 109 362 239 9 539 262 80 1315 296 110 557 264 81 1315 296 110 539 262 80 1311 297 111 522 260 79 1311 297 111 539 262 80 1311 297 111 522 260 79 1306 298 112 503 258 78 1306 298 112 522 260 79 1306 298 112 503 258 78 1301 299 113 485 256 77 1301 299 113 503 258 78 1301 299 113 485 256 77 1295 300 114 469 254 76 1295 300 114 485 256 77 1295 300 114 469 254 76 1288 301 115 453 252 75 1288 301 115 469 254 76 1288 301 115 453 252 75 1281 302 116 436 250 74 1281 302 116 453 252 75 1281 302 116 436 250 74 1274 303 117 418 248 73 1274 303 117 436 250 74 1274 303 117 418 248 73 1268 304 118 400 246 72 1268 304 118 418 248 73 1268 304 118 400 246 72 1261 305 119 381 244 71 1261 305 119 400 246 72 1261 305 119 381 244 71 1238 306 120 343 242 70 1238 306 120 381 244 71 1238 306 120 343 242 70 1245 307 121 352 240 69 1245 307 121 343 242 70 1245 307 121 352 240 69 1253 308 122 799 211 11 1164 309 123 817 209 2 1164 309 123 799 211 11 1155 310 124 781 213 12 1155 310 124 799 211 11 1155 310 124 781 213 12 1147 311 125 761 215 13 1147 311 125 781 213 12 1147 311 125 761 215 13 1139 312 126 741 217 14 1139 312 126 761 215 13 1139 312 126 741 217 14 1129 313 127 723 219 15 1129 313 127 741 217 14 1129 313 127 723 219 15 1120 314 128 704 221 16 1120 314 128 723 219 15 1120 314 128 704 221 16 1112 315 129 683 223 17 1112 315 129 704 221 16 1112 315 129 683 223 17 1104 316 130 665 225 18 1104 316 130 683 223 17 1104 316 130 665 225 18 1096 317 131 646 227 19 1096 317 131 665 225 18 1096 317 131 646 227 19 1087 318 132 610 229 20 1087 318 132 646 227 19 1087 318 132 610 229 20 1078 319 133 619 231 8 1078 319 133 610 229 20 1078 319 133 619 231 8 1069 320 134 592 233 7 1069 320 134 619 231 8 1069 320 134 592 233 7 1060 321 135 306 322 123 334 322 137 324 322 136 334 322 137 306 322 123 315 322 97 288 322 124 315 322 97 306 322 123 315 322 97 288 322 124 297 322 98 270 322 125 297 322 98 288 322 124 297 322 98 270 322 125 279 322 99 253 322 126 279 322 99 270 322 125 279 322 99 253 322 126 261 322 100 245 322 127 261 322 100 253 322 126 261 322 100 245 322 127 236 322 101 220 322 128 236 322 101 245 322 127 236 322 101 220 322 128 228 322 102 203 322 129 228 322 102 220 322 128 228 322 102 203 322 129 211 322 103 187 322 130 211 322 103 203 322 129 211 322 103 187 322 130 195 322 104 179 322 131 195 322 104 187 322 130 195 322 104 179 322 131 171 322 105 155 322 132 171 322 105 179 322 131 171 322 105 155 322 132 163 322 106 139 322 133 163 322 106 155 322 132 163 322 106 139 322 133 147 322 107 131 322 134 147 322 107 139 322 133 147 322 107 131 322 134 123 322 108 1087 318 132 155 323 132 1096 317 131 155 323 132 1087 318 132 139 324 133 1078 319 133 139 324 133 1087 318 132 139 324 133 1078 319 133 131 325 134 1069 320 134 131 325 134 1078 319 133 1096 317 131 187 326 130 1104 316 130 187 326 130 1096 317 131 179 327 131 155 323 132 179 327 131 1096 317 131 574 236 67 1422 328 138 892 238 68 1422 328 138 574 236 67 1429 329 139 892 238 68 1253 308 122 352 240 69 1253 308 122 892 238 68 1422 328 138 875 269 0 1180 330 140 841 267 10 1180 330 140 875 269 0 1205 331 141 866 206 52 1408 332 142 900 208 53 1408 332 142 866 206 52 1415 333 143 1205 331 141 909 207 1 1230 334 136 909 207 1 1205 331 141 875 269 0 1230 334 136 817 209 2 1164 309 123 817 209 2 1230 334 136 909 207 1 884 237 6 1051 335 144 601 235 5 1051 335 144 884 237 6 1222 336 145 1060 321 135 601 235 5 1051 335 144 601 235 5 1060 321 135 592 233 7 900 208 53 1402 270 84 825 210 54 1402 270 84 900 208 53 1408 332 142 1320 337 146 857 266 82 1315 296 110 857 266 82 1320 337 146 849 268 83 841 267 10 1188 338 137 833 265 3 1188 338 137 841 267 10 1180 330 140 833 265 3 1027 283 97 565 263 4 1027 283 97 833 265 3 1188 338 137 1043 340 144 1222 336 145 1214 339 145 1222 336 145 1043 340 144 1051 335 144 1214 322 145 1035 322 135 1043 322 144 1035 322 135 1214 322 145 918 322 109 1197 322 141 334 322 137 1174 322 140 334 322 137 1197 322 141 324 322 136 918 322 109 131 322 134 1035 322 135 131 322 134 918 322 109 123 322 108 324 341 136 1205 331 141 1230 334 136 1205 331 141 324 341 136 1197 342 141 306 343 123 1230 334 136 1164 309 123 1230 334 136 306 343 123 324 341 136 334 344 137 1027 283 97 1188 338 137 1027 283 97 334 344 137 315 345 97 1035 346 135 1069 320 134 1060 321 135 1069 320 134 1035 346 135 131 325 134 918 347 109 1222 336 145 935 295 109 1222 336 145 918 347 109 1214 339 145 1197 342 141 1180 330 140 1205 331 141 1180 330 140 1197 342 141 1174 348 140 1174 348 140 1188 338 137 1180 330 140 1188 338 137 1174 348 140 334 344 137 1164 309 123 288 349 124 306 343 123 288 349 124 1164 309 123 1155 310 124 1155 310 124 270 350 125 288 349 124 270 350 125 1155 310 124 1147 311 125 1147 311 125 253 351 126 270 350 125 253 351 126 1147 311 125 1139 312 126 1139 312 126 245 352 127 253 351 126 245 352 127 1139 312 126 1129 313 127 1129 313 127 220 353 128 245 352 127 220 353 128 1129 313 127 1120 314 128 1120 314 128 203 354 129 220 353 128 203 354 129 1120 314 128 1112 315 129 1112 315 129 187 326 130 203 354 129 187 326 130 1112 315 129 1104 316 130 362 239 9 1222 336 145 884 237 6 1222 336 145 362 239 9 935 295 109 1043 340 144 1060 321 135 1051 335 144 1060 321 135 1043 340 144 1035 346 135 315 345 97 1018 284 98 1027 283 97 1018 284 98 315 345 97 297 355 98 849 268 83 1415 333 143 866 206 52 1415 333 143 849 268 83 1320 337 146 279 356 99 1000 286 100 1009 285 99 1000 286 100 279 356 99 261 357 100 261 357 100 991 287 101 1000 286 100 991 287 101 261 357 100 236 358 101 236 358 101 983 288 102 991 287 101 983 288 102 236 358 101 228 359 102 228 359 102 975 289 103 983 288 102 975 289 103 228 359 102 211 360 103 211 360 103 967 290 104 975 289 103 967 290 104 211 360 103 195 361 104 297 355 98 1009 285 99 1018 284 98 1009 285 99 297 355 98 279 356 99 171 362 105 951 292 106 959 291 105 951 292 106 171 362 105 163 363 106 163 363 106 943 293 107 951 292 106 943 293 107 163 363 106 147 364 107 147 364 107 926 294 108 943 293 107 926 294 108 147 364 107 123 365 108 123 365 108 935 295 109 926 294 108 935 295 109 123 365 108 918 347 109 583 234 66 1429 329 139 574 236 67 1429 329 139 583 234 66 1327 282 96 195 361 104 959 291 105 967 290 104 959 291 105 195 361 104 171 362 105 1315 296 110 857 266 82 557 264 81 1827 368 149 1813 367 148 1806 366 147 1813 367 148 1827 368 149 1820 369 150 1844 370 151 1820 369 150 1827 368 149 1820 369 150 1844 370 151 1836 371 152 1861 372 153 1836 371 152 1844 370 151 1836 371 152 1861 372 153 1852 373 154 1878 374 155 1852 373 154 1861 372 153 1852 373 154 1878 374 155 1870 375 156 10 376 157 1870 375 156 1878 374 155 1870 375 156 10 376 157 1 377 158 26 378 159 1 377 158 10 376 157 1 377 158 26 378 159 18 379 160 42 380 161 18 379 160 26 378 159 18 379 160 42 380 161 34 381 162 58 382 163 34 381 162 42 380 161 34 381 162 58 382 163 50 383 164 74 384 165 50 383 164 58 382 163 50 383 164 74 384 165 66 385 166 91 386 167 66 385 166 74 384 165 66 385 166 91 386 167 83 387 168 108 388 169 83 387 168 91 386 167 83 387 168 108 388 169 99 389 170 124 390 171 99 389 170 108 388 169 99 389 170 124 390 171 116 391 172 140 392 173 116 391 172 124 390 171 116 391 172 140 392 173 132 393 174 410 396 177 437 395 176 428 394 175 437 395 176 410 396 177 419 397 178 391 398 179 419 397 178 410 396 177 419 397 178 391 398 179 401 399 180 373 400 181 401 399 180 391 398 179 401 399 180 373 400 181 382 401 182 353 402 183 382 401 182 373 400 181 382 401 182 353 402 183 363 403 184 335 404 185 363 403 184 353 402 183 363 403 184 335 404 185 344 405 186 316 406 187 344 405 186 335 404 185 344 405 186 316 406 187 325 407 188 298 408 189 325 407 188 316 406 187 325 407 188 298 408 189 307 409 190 280 410 191 307 409 190 298 408 189 307 409 190 280 410 191 289 411 192 262 412 193 289 411 192 280 410 191 289 411 192 262 412 193 271 413 194 246 414 195 271 413 194 262 412 193 271 413 194 246 414 195 254 415 196 229 416 197 254 415 196 246 414 195 254 415 196 229 416 197 237 417 198 212 418 199 237 417 198 229 416 197 237 417 198 212 418 199 221 419 200 164 420 201 221 419 200 212 418 199 221 419 200 164 420 201 172 421 202 566 322 174 850 322 203 558 322 172 850 322 203 566 322 174 885 322 204 575 322 205 885 322 204 566 322 174 885 322 204 575 322 205 910 322 206 742 322 207 910 322 206 575 322 205 910 322 206 742 322 207 893 322 208 724 322 176 893 322 208 742 322 207 893 322 208 724 322 176 901 322 209 714 322 178 901 322 209 724 322 176 901 322 209 714 322 178 705 322 180 446 424 211 148 423 205 156 422 210 148 423 205 446 424 211 454 425 207 428 394 175 454 425 207 446 424 211 454 425 207 428 394 175 437 395 176 936 322 212 695 322 182 684 322 184 695 322 182 936 322 212 944 322 213 944 322 213 705 322 180 695 322 182 705 322 180 944 322 213 901 322 209 584 322 216 867 322 215 858 322 214 867 322 215 584 322 216 593 322 217 593 322 217 876 322 218 867 322 215 876 322 218 593 322 217 733 322 148 733 322 148 752 322 219 876 322 218 752 322 219 733 322 148 462 322 150 462 322 150 762 322 220 752 322 219 762 322 220 462 322 150 470 322 152 470 322 152 772 322 221 762 322 220 772 322 221 470 322 152 478 322 154 478 322 154 782 322 222 772 322 221 782 322 222 478 322 154 486 322 156 486 322 156 791 322 223 782 322 222 791 322 223 486 322 156 495 322 158 495 322 158 800 322 224 791 322 223 800 322 224 495 322 158 504 322 160 504 322 160 809 322 225 800 322 224 809 322 225 504 322 160 514 322 162 514 322 162 818 322 226 809 322 225 818 322 226 514 322 162 523 322 164 523 322 164 826 322 227 818 322 226 826 322 227 523 322 164 531 322 166 531 322 166 834 322 228 826 322 227 834 322 228 531 322 166 540 322 168 540 322 168 842 322 229 834 322 228 842 322 229 540 322 168 549 322 170 549 322 170 850 322 203 842 322 229 850 322 203 549 322 170 558 322 172 724 426 176 454 425 207 437 395 176 454 425 207 724 426 176 742 342 207 742 342 207 148 423 205 454 425 207 148 423 205 742 342 207 575 427 205 1813 367 148 462 365 150 733 347 148 462 365 150 1813 367 148 1820 369 150 733 347 148 196 428 217 1813 367 148 196 428 217 733 347 148 593 429 217 437 395 176 714 343 178 724 426 176 714 343 178 437 395 176 419 397 178 419 397 178 705 349 180 714 343 178 705 349 180 419 397 178 401 399 180 401 399 180 695 350 182 705 349 180 695 350 182 401 399 180 382 401 182 382 401 182 684 430 184 695 350 182 684 430 184 382 401 182 363 403 184 363 403 184 675 431 186 684 430 184 675 431 186 363 403 184 344 405 186 344 405 186 666 353 188 675 431 186 666 353 188 344 405 186 325 407 188 325 407 188 656 432 190 666 353 188 656 432 190 325 407 188 307 409 190 307 409 190 647 433 192 656 432 190 647 433 192 307 409 190 289 411 192 289 411 192 638 434 194 647 433 192 638 434 194 289 411 192 271 413 194 271 413 194 629 435 196 638 434 194 629 435 196 271 413 194 254 415 196 254 415 196 620 324 198 629 435 196 620 324 198 254 415 196 237 417 198 237 417 198 611 325 200 620 324 198 611 325 200 237 417 198 221 419 200 602 346 202 221 419 200 172 421 202 221 419 200 602 346 202 611 325 200 584 437 216 172 421 202 180 436 216 172 421 202 584 437 216 602 346 202 593 429 217 180 436 216 196 428 217 180 436 216 593 429 217 584 437 216 575 427 205 132 393 174 148 423 205 132 393 174 575 427 205 566 344 174 566 344 174 116 391 172 132 393 174 116 391 172 566 344 174 558 438 172 558 438 172 99 389 170 116 391 172 99 389 170 558 438 172 549 355 170 549 355 170 83 387 168 99 389 170 83 387 168 549 355 170 540 439 168 540 439 168 66 385 166 83 387 168 66 385 166 540 439 168 531 440 166 531 440 166 50 383 164 66 385 166 50 383 164 531 440 166 523 358 164 523 358 164 34 381 162 50 383 164 34 381 162 523 358 164 514 359 162 514 359 162 18 379 160 34 381 162 18 379 160 514 359 162 504 360 160 504 360 160 1 377 158 18 379 160 1 377 158 504 360 160 495 361 158 495 361 158 1870 375 156 1 377 158 1870 375 156 495 361 158 486 362 156 486 362 156 1852 373 154 1870 375 156 1852 373 154 486 362 156 478 441 154 478 441 154 1836 371 152 1852 373 154 1836 371 152 478 441 154 470 364 152 470 364 152 1820 369 150 1836 371 152 1820 369 150 470 364 152 462 365 150 927 322 230 675 322 186 666 322 188 675 322 186 927 322 230 919 322 231 1806 366 147 196 428 217 204 442 232 196 428 217 1806 366 147 1813 367 148 919 322 231 684 322 184 675 322 186 684 322 184 919 322 231 936 322 212 204 442 232 180 436 216 188 443 233 180 436 216 204 442 232 196 428 217 172 421 202 188 443 233 180 436 216 188 443 233 172 421 202 164 420 201 156 422 210 132 393 174 140 392 173 132 393 174 156 422 210 148 423 205 1206 446 235 1423 445 234 1328 444 234 1423 445 234 1206 446 235 1453 447 236 952 448 236 1453 447 236 1206 446 235 1453 447 236 952 448 236 1430 449 237 960 450 237 1430 449 237 952 448 236 1430 449 237 960 450 237 1437 451 238 1189 452 238 1437 451 238 960 450 237 1437 451 238 1189 452 238 1570 453 239 1198 454 239 1570 453 239 1189 452 238 1570 453 239 1198 454 239 1565 455 240 1416 455 240 1565 455 240 1198 454 239 1565 457 240 1416 457 240 1443 456 241 1403 458 241 1443 456 241 1416 457 240 1443 456 241 1403 458 241 1448 459 242 1316 460 242 1448 459 242 1403 458 241 1448 459 242 1316 460 242 1459 461 243 1321 462 243 1459 461 243 1316 460 242 1459 461 243 1321 462 243 1465 463 244 984 464 245 1465 463 244 1321 462 243 1465 463 244 984 464 245 992 465 244 1550 468 247 1148 467 247 1533 466 246 1148 467 247 1550 468 247 1140 469 248 1545 470 248 1140 469 248 1550 468 247 1140 469 248 1545 470 248 1165 471 249 1575 471 249 1165 471 249 1545 470 248 1165 472 249 1575 472 249 1396 472 250 1580 472 250 1396 472 250 1575 472 249 1396 475 250 1580 474 250 1389 473 251 1560 476 251 1389 473 251 1580 474 250 1389 473 251 1560 476 251 1382 477 252 1555 478 252 1382 477 252 1560 476 251 1382 477 252 1555 478 252 1130 479 253 1539 480 254 1130 479 253 1555 478 252 1130 479 253 1539 480 254 1121 481 254 1275 482 255 1121 481 254 1539 480 254 1423 445 234 1223 483 256 1328 444 234 1223 483 256 1423 445 234 1010 484 257 1477 485 257 1010 484 257 1423 445 234 1010 484 257 1477 485 257 1001 486 258 1471 487 258 1001 486 258 1477 485 257 1001 486 258 1471 487 258 1019 488 259 1495 489 260 1019 488 259 1471 487 258 1019 488 259 1495 489 260 1358 490 260 1254 491 261 1358 490 260 1495 489 260 1489 494 263 1352 493 263 1500 492 262 1352 493 263 1489 494 263 1345 495 264 1483 496 264 1345 495 264 1489 494 263 1345 495 264 1483 496 264 1339 497 265 1465 498 244 1339 497 265 1483 496 264 1339 497 265 1465 498 244 1334 499 244 1533 466 246 1376 501 246 1088 500 266 1376 501 246 1533 466 246 1282 502 267 1148 467 247 1282 502 267 1533 466 246 1500 492 262 1052 504 262 1061 503 268 1052 504 262 1500 492 262 1246 505 269 1352 493 263 1246 505 269 1500 492 262 1495 489 260 1079 506 270 1254 491 261 1079 506 270 1495 489 260 1514 507 270 1514 507 270 1070 508 271 1079 506 270 1070 508 271 1514 507 270 1507 509 271 1507 509 271 1088 500 266 1070 508 271 1088 500 266 1507 509 271 1533 466 246 1539 480 254 1370 510 272 1275 482 255 1370 510 272 1539 480 254 1526 511 272 1526 511 272 1364 512 273 1370 510 272 1364 512 273 1526 511 272 1520 513 273 1520 513 273 1061 503 268 1364 512 273 1061 503 268 1520 513 273 1500 492 262 1684 516 274 27 515 275 1700 514 274 27 515 275 1684 516 274 19 517 275 1845 520 276 230 519 277 1853 518 276 230 519 277 1845 520 276 222 521 277 222 521 277 1879 522 278 230 519 277 1879 522 278 222 521 277 1871 523 278 1862 526 279 165 525 280 2 524 279 165 525 280 1862 526 279 157 527 280 11 530 281 181 529 282 35 528 281 181 529 282 11 530 281 173 531 282 173 531 282 197 532 283 181 529 282 197 532 283 173 531 282 189 533 283 189 533 283 213 534 284 197 532 283 213 534 284 189 533 283 205 535 284 205 535 284 1761 536 285 213 534 284 1761 536 285 205 535 284 1755 537 285 157 527 280 149 538 286 165 525 280 149 538 286 157 527 280 141 539 286 141 539 286 133 540 287 149 538 286 133 540 287 141 539 286 125 541 287 125 541 287 117 542 288 133 540 287 117 542 288 125 541 287 109 543 288 109 543 288 100 544 289 117 542 288 100 544 289 109 543 288 92 545 289 92 545 289 84 546 290 100 544 289 84 546 290 92 545 289 75 547 290 75 547 290 67 548 291 84 546 290 67 548 291 75 547 290 59 549 291 59 549 291 51 550 292 67 548 291 51 550 292 59 549 291 43 551 292 43 551 292 1748 552 293 51 550 292 1748 552 293 43 551 292 1742 553 293 19 517 275 35 528 281 27 515 275 35 528 281 19 517 275 11 530 281 1871 523 278 2 524 279 1879 522 278 2 524 279 1871 523 278 1862 526 279 1853 518 276 1828 554 294 1845 520 276 1828 554 294 1853 518 276 1837 555 294 1837 555 294 1814 556 295 1828 554 294 1814 556 295 1837 555 294 1821 557 295 1821 557 295 1800 558 296 1814 556 295 1800 558 296 1821 557 295 1807 559 296 1807 559 296 1788 560 297 1800 558 296 1788 560 297 1807 559 296 1794 561 297 1794 561 297 1778 562 298 1788 560 297 1778 562 298 1794 561 297 1783 563 298 1783 563 298 1767 564 299 1778 562 298 1767 564 299 1783 563 298 1773 565 299 1773 565 299 1663 566 300 1767 564 299 1663 566 300 1773 565 299 1679 567 300 1755 537 285 1673 568 301 1761 536 285 1673 568 301 1755 537 285 1668 569 301 1742 553 293 1736 570 302 1748 552 293 1736 570 302 1742 553 293 1730 571 302 1730 571 302 1724 572 303 1736 570 302 1724 572 303 1730 571 302 1718 573 303 1718 573 303 1712 574 304 1724 572 303 1712 574 304 1718 573 303 1706 575 304 1706 575 304 1694 576 305 1712 574 304 1694 576 305 1706 575 304 1689 577 305 1689 577 305 1700 514 274 1694 576 305 1700 514 274 1689 577 305 1684 516 274 1668 569 301 1679 567 300 1673 568 301 1679 567 300 1668 569 301 1663 566 300 706 580 307 976 579 276 696 578 306 976 579 276 706 580 307 961 581 294 715 582 308 961 581 294 706 580 307 961 581 294 715 582 308 945 583 295 725 584 309 945 583 295 715 582 308 945 583 295 725 584 309 928 585 296 734 586 310 928 585 296 725 584 309 928 585 296 734 586 310 911 587 297 743 588 311 911 587 297 734 586 310 911 587 297 743 588 311 894 589 298 753 590 312 894 589 298 743 588 311 894 589 298 753 590 312 877 591 299 763 592 313 877 591 299 753 590 312 877 591 299 763 592 313 843 593 300 238 594 314 843 593 300 763 592 313 843 593 300 238 594 314 835 595 301 247 596 315 835 595 301 238 594 314 835 595 301 247 596 315 859 597 285 281 598 316 859 597 285 247 596 315 859 597 285 281 598 316 1190 599 284 299 600 317 1190 599 284 281 598 316 1190 599 284 299 600 317 1175 601 283 317 602 318 1175 601 283 299 600 317 1175 601 283 317 602 318 1156 603 282 336 604 319 1156 603 282 317 602 318 1156 603 282 336 604 319 1044 605 281 953 608 322 1397 607 321 968 606 320 1397 607 321 953 608 322 1390 609 323 937 610 324 1390 609 323 953 608 322 1390 609 323 937 610 324 1383 611 325 920 612 326 1383 611 325 937 610 324 1383 611 325 920 612 326 1377 613 327 902 614 328 1377 613 327 920 612 326 1377 613 327 902 614 328 1371 615 329 886 616 330 1371 615 329 902 614 328 1371 615 329 886 616 330 1365 617 331 868 618 332 1365 617 331 886 616 330 1365 617 331 868 618 332 1359 619 333 819 620 334 1359 619 333 868 618 332 1359 619 333 819 620 334 1353 621 335 827 622 336 1353 621 335 819 620 334 1353 621 335 827 622 336 1346 623 337 851 624 338 1346 623 337 827 622 336 1346 623 337 851 624 338 1340 625 339 1199 626 340 1340 625 339 851 624 338 1340 625 339 1199 626 340 1335 627 341 1181 628 342 1335 627 341 1199 626 340 1335 627 341 1181 628 342 1329 629 343 1166 630 344 1329 629 343 1181 628 342 1329 629 343 1166 630 344 1247 631 345 1020 632 346 1247 631 345 1166 630 344 1247 631 345 1020 632 346 1255 633 347 505 635 312 753 590 312 487 634 311 753 590 312 505 635 312 763 592 313 532 636 313 763 592 313 505 635 312 763 592 313 532 636 313 238 594 314 263 637 348 238 594 314 532 636 313 238 594 314 263 637 348 247 596 315 255 638 315 247 596 315 263 637 348 247 596 315 255 638 315 281 598 316 272 639 316 281 598 316 255 638 315 281 598 316 272 639 316 299 600 317 290 640 317 299 600 317 272 639 316 299 600 317 290 640 317 317 602 318 308 641 318 317 602 318 290 640 317 317 602 318 308 641 318 336 604 319 326 642 319 336 604 319 308 641 318 364 645 350 657 644 349 374 643 349 657 644 349 364 645 350 648 646 350 354 647 351 648 646 350 364 645 350 648 646 350 354 647 351 639 648 351 345 649 352 639 648 351 354 647 351 639 648 351 345 649 352 630 650 352 411 651 353 630 650 352 345 649 352 630 650 352 411 651 353 621 652 353 524 653 354 621 652 353 411 651 353 621 652 353 524 653 354 612 654 354 515 655 355 612 654 354 524 653 354 612 654 354 515 655 355 603 656 355 594 657 356 603 656 355 515 655 355 1080 660 359 1307 659 358 1071 658 357 1307 659 358 1080 660 359 1302 661 360 1097 662 361 1302 661 360 1080 660 359 1302 661 360 1097 662 361 1312 663 362 1113 664 363 1312 663 362 1097 662 361 1312 663 362 1113 664 363 1317 665 364 1131 666 365 1317 665 364 1113 664 363 1317 665 364 1131 666 365 1322 667 366 1149 668 367 1322 667 366 1131 666 365 1322 667 366 1149 668 367 1276 669 368 985 670 369 1276 669 368 1149 668 367 1276 669 368 985 670 369 1283 671 370 1141 674 280 559 673 371 1011 672 279 559 673 371 1141 674 280 550 675 372 1122 676 286 550 675 372 1141 674 280 550 675 372 1122 676 286 567 677 373 1105 678 287 567 677 373 1122 676 286 567 677 373 1105 678 287 576 679 374 1089 680 288 576 679 374 1105 678 287 576 679 374 1089 680 288 585 681 375 1053 682 289 585 681 375 1089 680 288 585 681 375 1053 682 289 594 657 356 1062 683 290 594 657 356 1053 682 289 594 657 356 1062 683 290 603 656 355 496 684 356 594 657 356 515 655 355 594 657 356 496 684 356 585 681 375 479 685 375 585 681 375 496 684 356 585 681 375 479 685 375 576 679 374 463 686 374 576 679 374 479 685 375 576 679 374 463 686 374 567 677 373 447 687 373 567 677 373 463 686 374 567 677 373 447 687 373 550 675 372 420 688 372 550 675 372 447 687 373 550 675 372 420 688 372 559 673 371 541 689 371 559 673 371 420 688 372 308 322 318 383 322 376 326 322 319 383 322 376 308 322 318 374 322 349 290 322 317 374 322 349 308 322 318 374 322 349 290 322 317 364 322 350 272 322 316 364 322 350 290 322 317 364 322 350 272 322 316 354 322 351 255 322 315 354 322 351 272 322 316 541 322 371 773 322 378 783 322 377 773 322 378 541 322 371 685 322 306 429 322 307 685 322 306 541 322 371 487 634 311 734 586 310 471 690 310 734 586 310 487 634 311 743 588 311 753 590 312 743 588 311 487 634 311 1002 693 278 801 692 378 1215 691 277 801 692 378 1002 693 278 792 694 377 1215 691 277 696 578 306 976 579 276 696 578 306 1215 691 277 801 692 378 1036 697 275 810 696 379 1231 695 274 810 696 379 1036 697 275 676 698 380 1231 695 274 667 700 376 1239 699 305 667 700 376 1231 695 274 810 696 379 676 698 380 1044 605 281 336 604 319 1044 605 281 676 698 380 1036 697 275 1224 701 381 1036 697 275 1231 695 274 1036 697 275 1224 701 381 1028 702 382 1062 683 290 1080 660 359 1071 658 357 1080 660 359 1062 683 290 1053 682 289 1053 682 289 1097 662 361 1080 660 359 1097 662 361 1053 682 289 1089 680 288 1089 680 288 1113 664 363 1097 662 361 1113 664 363 1089 680 288 1105 678 287 1105 678 287 1131 666 365 1113 664 363 1131 666 365 1105 678 287 1122 676 286 1122 676 286 1149 668 367 1131 666 365 1149 668 367 1122 676 286 1141 674 280 1141 674 280 985 670 369 1149 668 367 985 670 369 1141 674 280 1011 672 279 1028 702 382 1044 605 281 1036 697 275 1044 605 281 1028 702 382 1020 632 346 1020 632 346 1156 603 282 1044 605 281 1156 603 282 1020 632 346 1166 630 344 1166 630 344 1175 601 283 1156 603 282 1175 601 283 1166 630 344 1181 628 342 1181 628 342 1190 599 284 1175 601 283 1190 599 284 1181 628 342 1199 626 340 1199 626 340 859 597 285 1190 599 284 859 597 285 1199 626 340 851 624 338 1011 672 279 993 703 383 985 670 369 993 703 383 1011 672 279 1002 693 278 1002 693 278 1207 704 384 993 703 383 1207 704 384 1002 693 278 1215 691 277 1215 691 277 968 606 320 1207 704 384 968 606 320 1215 691 277 976 579 276 976 579 276 953 608 322 968 606 320 953 608 322 976 579 276 961 581 294 961 581 294 937 610 324 953 608 322 937 610 324 961 581 294 945 583 295 945 583 295 920 612 326 937 610 324 920 612 326 945 583 295 928 585 296 928 585 296 902 614 328 920 612 326 902 614 328 928 585 296 911 587 297 911 587 297 886 616 330 902 614 328 886 616 330 911 587 297 894 589 298 894 589 298 868 618 332 886 616 330 868 618 332 894 589 298 877 591 299 877 591 299 819 620 334 868 618 332 819 620 334 877 591 299 843 593 300 851 624 338 835 595 301 859 597 285 835 595 301 851 624 338 827 622 336 827 622 336 843 593 300 835 595 301 843 593 300 827 622 336 819 620 334 1296 705 385 968 606 320 1397 607 321 968 606 320 1296 705 385 1207 704 384 392 706 380 810 696 379 676 698 380 810 696 379 392 706 380 402 707 379 420 322 372 429 322 307 541 322 371 429 322 307 420 322 372 447 322 373 810 696 379 383 708 376 667 700 376 383 708 376 810 696 379 402 707 379 773 709 378 696 578 306 801 692 378 696 578 306 773 709 378 685 710 306 541 689 371 792 694 377 559 673 371 792 694 377 541 689 371 783 711 377 783 711 377 801 692 378 792 694 377 801 692 378 783 711 377 773 709 378 685 710 306 706 580 307 696 578 306 706 580 307 685 710 306 429 712 307 429 712 307 715 582 308 706 580 307 715 582 308 429 712 307 438 713 308 438 713 308 725 584 309 715 582 308 725 584 309 438 713 308 455 714 309 1207 704 384 1289 715 386 993 703 383 1289 715 386 1207 704 384 1296 705 385 993 703 383 1283 671 370 985 670 369 1283 671 370 993 703 383 1289 715 386 1224 701 381 1262 716 387 1028 702 382 1262 716 387 1224 701 381 1269 717 388 326 642 319 676 698 380 336 604 319 676 698 380 326 642 319 392 706 380 383 708 376 657 644 349 667 700 376 657 644 349 383 708 376 374 643 349 1028 702 382 1255 633 347 1020 632 346 1255 633 347 1028 702 382 1262 716 387 1011 672 279 792 694 377 1002 693 278 792 694 377 1011 672 279 559 673 371 447 322 373 438 322 308 429 322 307 438 322 308 447 322 373 463 322 374 455 714 309 734 586 310 725 584 309 734 586 310 455 714 309 471 690 310 479 322 375 471 322 310 455 322 309 471 322 310 479 322 375 496 322 356 496 322 356 487 322 311 471 322 310 487 322 311 496 322 356 515 322 355 515 322 355 505 322 312 487 322 311 505 322 312 515 322 355 524 322 354 524 322 354 532 322 313 505 322 312 532 322 313 524 322 354 411 322 353 411 322 353 263 322 348 532 322 313 263 322 348 411 322 353 345 322 352 345 322 352 255 322 315 263 322 348 255 322 315 345 322 352 354 322 351 392 322 380 383 322 376 402 322 379 383 322 376 392 322 380 326 322 319 463 322 374 455 322 309 438 322 308 455 322 309 463 322 374 479 322 375 300 720 391 282 719 390 273 718 389 282 719 390 300 720 391 291 721 392 318 582 393 291 721 392 300 720 391 291 721 392 318 582 393 309 722 394 355 584 395 309 722 394 318 582 393 309 722 394 355 584 395 346 723 396 375 724 397 346 723 396 355 584 395 346 723 396 375 724 397 365 725 398 393 726 399 365 725 398 375 724 397 365 725 398 393 726 399 384 727 400 412 590 401 384 727 400 393 726 399 384 727 400 412 590 401 403 728 402 1789 592 403 403 728 402 412 590 401 403 728 402 1789 592 403 1795 729 404 1808 730 405 1795 729 404 1789 592 403 1795 729 404 1808 730 405 1801 731 406 1822 732 407 1801 731 406 1808 730 405 1801 731 406 1822 732 407 1815 733 408 1838 734 409 1815 733 408 1822 732 407 1815 733 408 1838 734 409 1829 735 410 1854 736 411 1829 735 410 1838 734 409 1829 735 410 1854 736 411 1846 737 412 1872 738 413 1846 737 412 1854 736 411 1846 737 412 1872 738 413 1863 739 414 3 740 415 1863 739 414 1872 738 413 1863 739 414 3 740 415 1880 741 416 223 743 419 248 673 418 239 742 417 248 673 418 223 743 419 231 744 420 214 745 421 231 744 420 223 743 419 231 744 420 214 745 421 206 746 422 264 747 423 206 746 422 214 745 421 206 746 422 264 747 423 256 748 424 190 749 425 256 748 424 264 747 423 256 748 424 190 749 425 198 750 426 60 751 427 198 750 426 190 749 425 198 750 426 60 751 427 68 657 428 44 752 429 68 657 428 60 751 427 68 657 428 44 752 429 52 753 430 36 754 431 52 753 430 44 752 429 52 753 430 36 754 431 28 755 432 85 756 433 28 755 432 36 754 431 28 755 432 85 756 433 76 757 434 101 758 435 76 757 434 85 756 433 76 757 434 101 758 435 93 759 436 118 760 437 93 759 436 101 758 435 93 759 436 118 760 437 110 761 438 134 762 439 110 761 438 118 760 437 110 761 438 134 762 439 126 763 440 150 764 441 126 763 440 134 762 439 126 763 440 150 764 441 142 765 442 166 766 443 142 765 442 150 764 441 142 765 442 166 766 443 158 767 444 912 322 445 472 322 411 464 322 409 472 322 411 912 322 445 921 322 446 921 322 446 480 322 413 472 322 411 480 322 413 921 322 446 929 322 447 929 322 447 488 322 415 480 322 413 488 322 415 929 322 447 887 322 448 887 322 448 577 322 449 488 322 415 577 322 449 887 322 448 878 322 450 878 322 450 568 322 451 577 322 449 568 322 451 878 322 450 869 322 452 869 322 452 560 322 444 568 322 451 560 322 444 869 322 452 793 322 453 649 322 456 852 322 455 844 322 454 852 322 455 649 322 456 707 322 457 707 322 457 860 322 458 852 322 455 860 322 458 707 322 457 716 322 418 716 322 418 811 322 459 860 322 458 811 322 459 716 322 418 595 322 420 595 322 420 820 322 460 811 322 459 820 322 460 595 322 420 604 322 422 604 322 422 828 322 461 820 322 460 828 322 461 604 322 422 613 322 424 613 322 424 836 322 462 828 322 461 836 322 462 613 322 424 622 322 426 622 322 426 802 322 463 836 322 462 802 322 463 622 322 426 586 322 428 586 322 428 726 322 464 802 322 463 726 322 464 586 322 428 497 322 430 793 322 453 551 322 442 560 322 444 551 322 442 793 322 453 784 322 465 784 322 465 542 322 440 551 322 442 542 322 440 784 322 465 774 322 466 774 322 466 533 322 438 542 322 440 533 322 438 774 322 466 764 322 467 764 322 467 525 322 436 533 322 438 525 322 436 764 322 467 754 322 468 754 322 468 516 322 434 525 322 436 516 322 434 754 322 468 744 322 469 744 322 469 506 322 432 516 322 434 506 322 432 744 322 469 735 322 470 735 322 470 497 322 430 506 322 432 497 322 430 735 322 470 726 322 464 488 769 415 20 768 449 3 740 415 20 768 449 488 769 415 577 770 449 248 673 418 595 771 420 716 689 418 595 771 420 248 673 418 231 744 420 716 689 418 421 772 457 248 673 418 421 772 457 716 689 418 707 711 457 707 711 457 327 773 456 421 772 457 327 773 456 707 711 457 649 774 456 649 774 456 273 718 389 327 773 456 273 718 389 649 774 456 640 710 389 640 710 389 300 720 391 273 718 389 300 720 391 640 710 389 631 712 391 631 712 391 318 582 393 300 720 391 318 582 393 631 712 391 658 713 393 658 713 393 355 584 395 318 582 393 355 584 395 658 713 393 668 714 395 668 714 395 375 724 397 355 584 395 375 724 397 668 714 395 677 775 397 677 775 397 393 726 399 375 724 397 393 726 399 677 775 397 686 776 399 686 776 399 412 590 401 393 726 399 412 590 401 686 776 399 697 635 401 697 635 401 1789 592 403 412 590 401 1789 592 403 697 635 401 448 636 403 231 744 420 604 687 422 595 771 420 604 687 422 231 744 420 206 746 422 206 746 422 613 777 424 604 687 422 613 777 424 206 746 422 256 748 424 256 748 424 622 685 426 613 777 424 622 685 426 256 748 424 198 750 426 198 750 426 586 684 428 622 685 426 586 684 428 198 750 426 68 657 428 68 657 428 497 778 430 586 684 428 497 778 430 68 657 428 52 753 430 577 770 449 174 779 451 20 768 449 174 779 451 577 770 449 568 780 451 568 780 451 158 767 444 174 779 451 158 767 444 568 780 451 560 781 444 560 781 444 142 765 442 158 767 444 142 765 442 560 781 444 551 782 442 551 782 442 126 763 440 142 765 442 126 763 440 551 782 442 542 783 440 542 783 440 110 761 438 126 763 440 110 761 438 542 783 440 533 784 438 533 784 438 93 759 436 110 761 438 93 759 436 533 784 438 525 785 436 525 785 436 76 757 434 93 759 436 76 757 434 525 785 436 516 652 434 516 652 434 28 755 432 76 757 434 28 755 432 516 652 434 506 654 432 506 654 432 52 753 430 28 755 432 52 753 430 506 654 432 497 778 430 3 740 415 480 786 413 488 769 415 480 786 413 3 740 415 1872 738 413 1872 738 413 472 640 411 480 786 413 472 640 411 1872 738 413 1854 736 411 1854 736 411 464 639 409 472 640 411 464 639 409 1854 736 411 1838 734 409 1838 734 409 456 787 407 464 639 409 456 787 407 1838 734 409 1822 732 407 1822 732 407 439 637 405 456 787 407 439 637 405 1822 732 407 1808 730 405 448 636 403 1808 730 405 1789 592 403 1808 730 405 448 636 403 439 637 405 239 742 417 421 772 457 430 788 471 421 772 457 239 742 417 248 673 418 430 788 471 327 773 456 337 789 472 327 773 456 430 788 471 421 772 457 337 789 472 273 718 389 282 719 390 273 718 389 337 789 472 327 773 456 903 322 473 456 322 407 439 322 405 456 322 407 903 322 473 895 322 474 895 322 474 464 322 409 456 322 407 464 322 409 895 322 474 912 322 445 12 791 476 174 779 451 182 790 475 174 779 451 12 791 476 20 768 449 182 790 475 158 767 444 166 766 443 158 767 444 182 790 475 174 779 451 20 768 449 1880 741 416 3 740 415 1880 741 416 20 768 449 12 791 476 1454 794 479 1534 793 478 1576 792 477 1534 793 478 1454 794 479 1508 795 480 1431 796 480 1508 795 480 1454 794 479 1508 795 480 1431 796 480 1515 797 481 1438 798 481 1515 797 481 1431 796 480 1515 797 481 1438 798 481 1566 799 482 1409 799 482 1566 799 482 1438 798 481 1566 801 482 1409 801 482 1571 800 483 1132 802 483 1571 800 483 1409 801 482 1571 800 483 1132 802 483 1521 803 484 1417 804 484 1521 803 484 1132 802 483 1521 803 484 1417 804 484 1527 805 485 1424 806 485 1527 805 485 1417 804 484 1527 805 485 1424 806 485 1540 807 486 1232 808 487 1540 807 486 1424 806 485 1540 809 486 1232 809 487 1597 809 488 1157 812 486 1597 811 488 1232 810 487 1597 811 488 1157 812 486 1540 813 486 1167 814 489 1540 813 486 1157 812 486 1540 813 486 1167 814 489 1556 815 490 1472 816 490 1556 815 490 1167 814 489 1556 815 490 1472 816 490 1561 817 491 1208 818 491 1561 817 491 1472 816 490 1561 817 491 1208 818 491 1589 819 492 1216 820 492 1589 819 492 1208 818 491 1589 819 492 1216 820 492 1593 821 493 1501 822 493 1593 821 493 1216 820 492 1593 821 493 1501 822 493 1581 823 494 1182 824 494 1581 823 494 1501 822 493 1581 827 494 1182 826 494 1585 825 495 1191 828 495 1585 825 495 1182 826 494 1585 825 495 1191 828 495 1546 829 496 1478 830 496 1546 829 496 1191 828 495 1546 829 496 1478 830 496 1551 831 497 1484 832 497 1551 831 497 1478 830 496 1551 831 497 1484 832 497 1534 793 478 1460 833 498 1534 793 478 1484 832 497 1534 793 478 1460 833 498 1466 834 499 1534 793 478 1466 834 499 1576 792 477 159 837 502 526 836 501 249 835 500 526 836 501 159 837 502 853 838 503 143 839 504 853 838 503 159 837 502 853 838 503 143 839 504 837 840 505 127 841 506 837 840 505 143 839 504 837 840 505 127 841 506 821 842 507 111 843 508 821 842 507 127 841 506 821 842 507 111 843 508 803 844 509 94 845 510 803 844 509 111 843 508 803 844 509 94 845 510 785 846 511 77 847 512 785 846 511 94 845 510 785 846 511 77 847 512 765 848 513 61 849 514 765 848 513 77 847 512 765 848 513 61 849 514 745 850 515 45 851 516 745 850 515 61 849 514 745 850 515 45 851 516 727 852 517 29 853 518 727 852 517 45 851 516 727 852 517 29 853 518 708 854 519 1881 855 520 708 854 519 29 853 518 708 854 519 1881 855 520 687 856 521 4 857 522 687 856 521 1881 855 520 687 856 521 4 857 522 678 858 523 1847 859 524 678 858 523 4 857 522 678 858 523 1847 859 524 650 860 525 1133 863 528 257 862 527 1142 861 526 257 862 527 1133 863 528 167 864 529 1123 865 530 167 864 529 1133 863 528 167 864 529 1123 865 530 151 866 531 1114 867 532 151 866 531 1123 865 530 151 866 531 1114 867 532 135 868 533 1106 869 534 135 868 533 1114 867 532 135 868 533 1106 869 534 119 870 535 1098 871 536 119 870 535 1106 869 534 119 870 535 1098 871 536 102 872 537 1090 873 538 102 872 537 1098 871 536 102 872 537 1090 873 538 86 874 539 1081 875 540 86 874 539 1090 873 538 86 874 539 1081 875 540 69 876 541 1072 877 542 69 876 541 1081 875 540 69 876 541 1072 877 542 53 878 543 1063 879 544 53 878 543 1072 877 542 53 878 543 1063 879 544 37 880 545 1054 881 546 37 880 545 1063 879 544 37 880 545 1054 881 546 21 882 547 1045 883 548 21 882 547 1054 881 546 21 882 547 1045 883 548 13 884 549 1037 885 550 13 884 549 1045 883 548 13 884 549 1037 885 550 1873 886 551 669 888 523 650 860 525 659 887 525 650 860 525 669 888 523 678 858 523 698 889 521 678 858 523 669 888 523 678 858 523 698 889 521 687 856 521 717 890 519 687 856 521 698 889 521 687 856 521 717 890 519 708 854 519 736 891 517 708 854 519 717 890 519 708 854 519 736 891 517 727 852 517 755 892 515 727 852 517 736 891 517 727 852 517 755 892 515 745 850 515 775 893 513 745 850 515 755 892 515 745 850 515 775 893 513 765 848 513 794 894 511 765 848 513 775 893 513 765 848 513 794 894 511 785 846 511 812 895 509 785 846 511 794 894 511 785 846 511 812 895 509 803 844 509 829 896 507 803 844 509 812 895 509 803 844 509 829 896 507 821 842 507 845 897 505 821 842 507 829 896 507 821 842 507 845 897 505 837 840 505 861 898 503 837 840 505 845 897 505 837 840 505 861 898 503 853 838 503 552 899 501 853 838 503 861 898 503 853 838 503 552 899 501 526 836 501 422 902 554 1796 901 553 440 900 552 1796 901 553 422 902 554 1784 903 555 404 904 556 1784 903 555 422 902 554 1784 903 555 404 904 556 1774 905 557 385 906 558 1774 905 557 404 904 556 1774 905 557 385 906 558 1762 907 559 366 908 560 1762 907 559 385 906 558 1762 907 559 366 908 560 1749 909 561 347 910 562 1749 909 561 366 908 560 1749 909 561 347 910 562 1737 911 563 328 912 564 1737 911 563 347 910 562 1737 911 563 328 912 564 1725 913 565 310 914 566 1725 913 565 328 912 564 1725 913 565 310 914 566 1713 915 567 274 916 568 1713 915 567 310 914 566 1713 915 567 274 916 568 1701 917 569 283 918 570 1701 917 569 274 916 568 1701 917 569 283 918 570 1695 919 571 596 920 572 1695 919 571 283 918 570 1695 919 571 596 920 572 1680 921 573 1779 924 576 986 923 575 1790 922 574 986 923 575 1779 924 576 977 925 577 1768 926 578 977 925 577 1779 924 576 977 925 577 1768 926 578 969 927 579 1756 928 580 969 927 579 1768 926 578 969 927 579 1756 928 580 962 929 581 1743 930 582 962 929 581 1756 928 580 962 929 581 1743 930 582 954 931 583 1731 932 584 954 931 583 1743 930 582 954 931 583 1731 932 584 946 933 585 1719 934 586 946 933 585 1731 932 584 946 933 585 1719 934 586 938 935 587 1707 936 588 938 935 587 1719 934 586 938 935 587 1707 936 588 930 937 589 1685 938 590 930 937 589 1707 936 588 930 937 589 1685 938 590 922 939 591 1690 940 592 922 939 591 1685 938 590 922 939 591 1690 940 592 913 941 593 1664 942 594 913 941 593 1690 940 592 913 941 593 1664 942 594 888 943 595 265 944 596 1142 861 526 257 862 527 1142 861 526 265 944 596 1150 945 597 215 948 600 1003 947 599 207 946 598 1003 947 599 215 948 600 1168 949 601 870 952 604 199 951 603 578 950 602 199 951 603 870 952 604 191 953 605 1830 954 606 578 950 602 199 951 603 578 950 602 1830 954 606 561 955 607 1158 958 610 1802 957 609 994 956 608 1802 957 609 1158 958 610 224 959 611 1150 945 597 183 961 613 1029 960 612 183 961 613 1150 945 597 265 944 596 561 955 607 1839 963 615 481 962 614 1839 963 615 561 955 607 1830 954 606 481 962 614 175 965 617 473 964 616 175 965 617 481 962 614 1839 963 615 240 966 618 473 964 616 175 965 617 473 964 616 240 966 618 534 967 619 1873 886 551 904 969 621 1864 968 620 904 969 621 1873 886 551 1037 885 550 650 860 525 1855 971 623 641 970 622 1855 971 623 650 860 525 1847 859 524 1029 960 612 1816 973 625 1021 972 624 1816 973 625 1029 960 612 183 961 613 1021 972 624 1823 975 627 1012 974 626 1823 975 627 1021 972 624 1816 973 625 207 946 598 1012 974 626 1823 975 627 1012 974 626 207 946 598 1003 947 599 232 978 630 457 977 629 1809 976 628 457 977 629 232 978 630 507 979 631 994 956 608 1790 922 574 986 923 575 1790 922 574 994 956 608 1802 957 609 1809 976 628 440 900 552 1796 901 553 440 900 552 1809 976 628 457 977 629 534 967 619 249 835 500 526 836 501 249 835 500 534 967 619 240 966 618 1864 968 620 896 981 633 1669 980 632 896 981 633 1864 968 620 904 969 621 888 943 595 1669 980 632 896 981 633 1669 980 632 888 943 595 1664 942 594 641 970 622 1674 983 635 614 982 634 1674 983 635 641 970 622 1855 971 623 614 982 634 1680 921 573 596 920 572 1680 921 573 614 982 634 1674 983 635 614 982 634 632 984 622 641 970 622 632 984 622 614 982 634 623 985 634 578 950 602 879 986 604 870 952 604 879 986 604 578 950 602 587 987 602 641 970 622 659 887 525 650 860 525 659 887 525 641 970 622 632 984 622 596 920 572 623 985 634 614 982 634 623 985 634 596 920 572 605 988 572 596 920 572 292 989 570 605 988 572 292 989 570 596 920 572 283 918 570 578 950 602 569 990 607 587 987 602 569 990 607 578 950 602 561 955 607 561 955 607 489 991 614 569 990 607 489 991 614 561 955 607 481 962 614 473 964 616 543 993 619 498 992 616 543 993 619 473 964 616 534 967 619 534 967 619 552 899 501 543 993 619 552 899 501 534 967 619 526 836 501 457 977 629 517 995 631 465 994 629 517 995 631 457 977 629 507 979 631 481 962 614 498 992 616 489 991 614 498 992 616 481 962 614 473 964 616 440 900 552 465 994 629 449 996 552 465 994 629 440 900 552 457 977 629 449 996 552 422 902 554 440 900 552 422 902 554 449 996 552 431 997 554 431 997 554 404 904 556 422 902 554 404 904 556 431 997 554 413 998 556 413 998 556 385 906 558 404 904 556 385 906 558 413 998 556 394 999 558 394 999 558 366 908 560 385 906 558 366 908 560 394 999 558 376 1000 560 376 1000 560 347 910 562 366 908 560 347 910 562 376 1000 560 356 1001 562 356 1001 562 328 912 564 347 910 562 328 912 564 356 1001 562 338 1002 564 338 1002 564 310 914 566 328 912 564 310 914 566 338 1002 564 319 1003 566 319 1003 566 274 916 568 310 914 566 274 916 568 319 1003 566 301 1004 568 283 918 570 301 1004 568 292 989 570 301 1004 568 283 918 570 274 916 568 1664 942 594 1695 919 571 1680 921 573 1695 919 571 1664 942 594 1690 940 592 1674 983 635 1864 968 620 1669 980 632 1864 968 620 1674 983 635 1855 971 623 1847 859 524 13 884 549 1873 886 551 13 884 549 1847 859 524 4 857 522 232 978 630 1802 957 609 224 959 611 1802 957 609 232 978 630 1809 976 628 215 948 600 199 951 603 191 953 605 199 951 603 215 948 600 207 946 598 207 946 598 1830 954 606 199 951 603 1830 954 606 207 946 598 1823 975 627 4 857 522 21 882 547 13 884 549 21 882 547 4 857 522 1881 855 520 1881 855 520 37 880 545 21 882 547 37 880 545 1881 855 520 29 853 518 29 853 518 53 878 543 37 880 545 53 878 543 29 853 518 45 851 516 45 851 516 69 876 541 53 878 543 69 876 541 45 851 516 61 849 514 61 849 514 86 874 539 69 876 541 86 874 539 61 849 514 77 847 512 77 847 512 102 872 537 86 874 539 102 872 537 77 847 512 94 845 510 94 845 510 119 870 535 102 872 537 119 870 535 94 845 510 111 843 508 111 843 508 135 868 533 119 870 535 135 868 533 111 843 508 127 841 506 127 841 506 151 866 531 135 868 533 151 866 531 127 841 506 143 839 504 143 839 504 167 864 529 151 866 531 167 864 529 143 839 504 159 837 502 159 837 502 257 862 527 167 864 529 257 862 527 159 837 502 249 835 500 249 835 500 265 944 596 257 862 527 265 944 596 249 835 500 240 966 618 240 966 618 183 961 613 265 944 596 183 961 613 240 966 618 175 965 617 175 965 617 1816 973 625 183 961 613 1816 973 625 175 965 617 1839 963 615 1855 971 623 1873 886 551 1864 968 620 1873 886 551 1855 971 623 1847 859 524 1823 975 627 1839 963 615 1830 954 606 1839 963 615 1823 975 627 1816 973 625 1809 976 628 1790 922 574 1802 957 609 1790 922 574 1809 976 628 1796 901 553 1796 901 553 1779 924 576 1790 922 574 1779 924 576 1796 901 553 1784 903 555 1784 903 555 1768 926 578 1779 924 576 1768 926 578 1784 903 555 1774 905 557 1774 905 557 1756 928 580 1768 926 578 1756 928 580 1774 905 557 1762 907 559 1762 907 559 1743 930 582 1756 928 580 1743 930 582 1762 907 559 1749 909 561 1749 909 561 1731 932 584 1743 930 582 1731 932 584 1749 909 561 1737 911 563 1737 911 563 1719 934 586 1731 932 584 1719 934 586 1737 911 563 1725 913 565 1725 913 565 1707 936 588 1719 934 586 1707 936 588 1725 913 565 1713 915 567 1713 915 567 1685 938 590 1707 936 588 1685 938 590 1713 915 567 1701 917 569 1690 940 592 1701 917 569 1695 919 571 1701 917 569 1690 940 592 1685 938 590 1669 980 632 1680 921 573 1674 983 635 1680 921 573 1669 980 632 1664 942 594 1030 1007 637 1022 1006 637 1248 1005 636 1022 1006 637 1030 1007 637 970 1008 638 995 1008 638 970 1008 638 1030 1007 637 970 1010 638 995 1010 638 978 1009 639 987 1011 639 978 1009 639 995 1010 638 978 1009 639 987 1011 639 1004 1012 640 1013 1013 640 1004 1012 640 987 1011 639 1004 1012 640 1013 1013 640 1225 1014 641 1233 1015 641 1225 1014 641 1013 1013 640 1225 1014 641 1233 1015 641 588 505 642 579 505 642 588 505 642 1233 1015 641 588 995 642 579 995 642 597 995 643 615 986 645 633 986 644 624 986 644 633 986 644 615 986 645 606 986 646 642 986 647 606 986 646 615 986 645 606 986 646 642 986 647 1284 986 648 880 1018 650 897 1017 649 889 1016 649 897 1017 649 880 1018 650 746 1019 651 737 1020 651 746 1019 651 880 1018 650 746 1019 651 737 1020 651 756 1021 652 838 1024 654 854 1023 653 846 1022 653 854 1023 653 838 1024 654 718 1025 655 709 1026 655 718 1025 655 838 1024 654 718 1025 655 709 1026 655 728 1027 656 679 1030 658 699 1029 657 688 1028 657 699 1029 657 679 1030 658 670 1031 659 1176 1032 659 670 1031 659 679 1030 658 670 1031 659 1176 1032 659 1183 1033 660 1169 1036 662 1064 1035 661 1073 1034 661 1064 1035 661 1169 1036 662 1159 1037 663 1192 1038 663 1159 1037 663 1169 1036 662 1159 1037 663 1192 1038 663 1200 1039 664 597 995 643 651 995 666 660 995 665 651 995 666 597 995 643 570 995 667 579 995 642 570 995 667 597 995 643 1248 1005 636 1263 1041 668 1256 1040 668 1263 1041 668 1248 1005 636 1240 1005 636 1022 1006 637 1240 1005 636 1248 1005 636 1297 995 669 660 995 665 1290 995 669 660 995 665 1297 995 669 597 995 643 1284 986 648 766 986 670 606 986 646 766 986 670 1284 986 648 795 986 670 795 505 670 776 1042 671 766 505 670 776 1042 671 795 505 670 786 1043 671 786 1043 671 955 1044 672 776 1042 671 955 1044 672 786 1043 671 1270 1045 673 1277 1046 672 955 1044 672 1270 1045 673 955 1044 672 1277 1046 672 963 1047 674 963 1047 674 905 1048 675 955 1044 672 905 1048 675 963 1047 674 914 1049 675 914 1049 675 897 1017 649 905 1048 675 897 1017 649 914 1049 675 889 1016 649 756 1021 652 862 1050 676 746 1019 651 862 1050 676 756 1021 652 871 1051 676 871 1051 676 854 1023 653 862 1050 676 854 1023 653 871 1051 676 846 1022 653 728 1027 656 804 1052 677 718 1025 655 804 1052 677 728 1027 656 830 1053 677 830 1053 677 813 1054 678 804 1052 677 813 1054 678 830 1053 677 822 1055 678 822 1055 678 923 1056 679 813 1054 678 923 1056 679 822 1055 678 931 1057 679 931 1058 679 939 1059 680 923 1058 679 939 1059 680 931 1058 679 947 1059 680 947 1059 680 1124 1060 681 939 1059 680 1124 1060 681 947 1059 680 1134 1061 681 1134 1061 681 1038 1062 682 1124 1060 681 1038 1062 682 1134 1061 681 1046 1063 682 1046 1063 682 699 1029 657 1038 1062 682 699 1029 657 1046 1063 682 688 1028 657 1183 1033 660 1055 1064 683 670 1031 659 1055 1064 683 1183 1033 660 1082 1065 683 1082 1065 683 1064 1035 661 1055 1064 683 1064 1035 661 1082 1065 683 1073 1034 661 1200 1039 664 1091 1066 684 1159 1037 663 1091 1066 684 1200 1039 664 1115 1067 684 1115 1067 684 1099 1068 685 1091 1066 684 1099 1068 685 1115 1067 684 1107 1069 685 1107 1069 685 1143 1070 686 1099 1068 685 1143 1070 686 1107 1069 685 1151 1071 687 1217 1072 686 1143 1070 686 1151 1071 687 1143 1070 686 1217 1072 686 1209 1073 688 1209 1073 688 1263 1041 668 1143 1070 686 1263 1041 668 1209 1073 688 1256 1040 668 128 322 503 152 322 526 144 322 501 152 322 526 128 322 503 136 322 528 112 322 505 136 322 528 128 322 503 136 322 528 112 322 505 120 322 530 95 322 507 120 322 530 112 322 505 120 322 530 95 322 507 103 322 532 78 322 509 103 322 532 95 322 507 103 322 532 78 322 509 87 322 534 62 322 511 87 322 534 78 322 509 87 322 534 62 322 511 70 322 536 46 322 513 70 322 536 62 322 511 70 322 536 46 322 513 54 322 538 30 322 515 54 322 538 46 322 513 54 322 538 30 322 515 38 322 540 14 322 517 38 322 540 30 322 515 38 322 540 14 322 517 22 322 542 1865 322 519 22 322 542 14 322 517 22 322 542 1865 322 519 1874 322 544 5 322 521 1874 322 544 1865 322 519 1874 322 544 5 322 521 1882 322 546 1856 322 548 1882 322 546 5 322 521 1780 322 577 1797 322 552 1791 322 575 1797 322 552 1780 322 577 1785 322 554 1769 322 579 1785 322 554 1780 322 577 1785 322 554 1769 322 579 1775 322 556 1757 322 581 1775 322 556 1769 322 579 1775 322 556 1757 322 581 1763 322 558 1744 322 583 1763 322 558 1757 322 581 1763 322 558 1744 322 583 1750 322 560 1732 322 585 1750 322 560 1744 322 583 1750 322 560 1732 322 585 1738 322 562 1720 322 587 1738 322 562 1732 322 585 1738 322 562 1720 322 587 1726 322 564 1696 322 589 1726 322 564 1720 322 587 1726 322 564 1696 322 589 1702 322 566 1714 322 591 1702 322 566 1696 322 589 1702 322 566 1714 322 591 1708 322 568 1665 322 570 1708 322 568 1714 322 591 144 322 501 160 322 597 168 322 619 160 322 597 144 322 501 152 322 526 241 322 604 233 322 599 250 322 601 233 322 599 241 322 604 225 322 602 208 322 607 233 322 599 225 322 602 233 322 599 208 322 607 216 322 626 192 322 614 216 322 626 208 322 607 216 322 626 192 322 614 200 322 624 176 322 616 200 322 624 192 322 614 200 322 624 176 322 616 184 322 612 168 322 619 184 322 612 176 322 616 184 322 612 168 322 619 160 322 597 1848 322 523 1856 322 548 5 322 521 1856 322 548 1848 322 523 1831 322 525 1840 322 550 1686 322 622 1691 322 621 1686 322 622 1840 322 550 1831 322 525 1824 322 631 1803 322 608 1810 322 629 1803 322 608 1824 322 631 1817 322 610 1810 322 629 1791 322 575 1797 322 552 1791 322 575 1810 322 629 1803 322 608 1659 322 593 1665 322 570 1714 322 591 1665 322 570 1659 322 593 1675 322 595 1691 322 621 623 322 634 1681 322 633 623 322 634 1691 322 621 1686 322 622 623 322 634 1675 322 595 1681 322 633 1675 322 595 623 322 634 1670 322 572 1831 322 525 1840 322 550 1856 322 548 1675 322 595 1670 322 572 1665 322 570 329 1074 689 778 1074 690 357 1074 689 778 1074 690 329 1074 689 768 1074 690 787 1077 691 275 1076 692 796 1075 691 275 1076 692 787 1077 691 266 1078 692 747 1080 693 796 1075 691 757 1079 693 796 1075 691 747 1080 693 787 1077 691 767 1083 694 311 1082 695 777 1081 694 311 1082 695 767 1083 694 302 1084 695 293 1087 696 562 1086 697 320 1085 696 562 1086 697 293 1087 696 553 1088 697 757 1079 693 729 1089 698 747 1080 693 729 1089 698 757 1079 693 738 1090 698 738 1090 698 710 1091 699 729 1089 698 710 1091 699 738 1090 698 719 1092 699 719 1092 699 689 1093 700 710 1091 699 689 1093 700 719 1092 699 700 1094 700 700 1094 700 671 1095 701 689 1093 700 671 1095 701 700 1094 700 680 1096 701 680 1096 701 652 1097 702 671 1095 701 652 1097 702 680 1096 701 661 1098 702 661 1098 702 634 1099 703 652 1097 702 634 1099 703 661 1098 702 643 1100 703 643 1100 703 616 1101 704 634 1099 703 616 1101 704 643 1100 703 625 1102 704 625 1102 704 598 1103 705 616 1101 704 598 1103 705 625 1102 704 607 1104 705 607 1104 705 580 1105 706 598 1103 705 580 1105 706 607 1104 705 589 1106 706 589 1106 706 544 1107 707 580 1105 706 544 1107 707 589 1106 706 571 1108 707 553 1088 697 571 1108 707 562 1086 697 571 1108 707 553 1088 697 544 1107 707 258 1111 708 535 1110 709 284 1109 708 535 1110 709 258 1111 708 527 1112 709 527 1112 709 518 1113 710 535 1110 709 518 1113 710 527 1112 709 508 1114 710 508 1114 710 499 1115 711 518 1113 710 499 1115 711 508 1114 710 490 1116 711 490 1116 711 482 1117 712 499 1115 711 482 1117 712 490 1116 711 474 1118 712 474 1118 712 466 1119 713 482 1117 712 466 1119 713 474 1118 712 458 1120 713 458 1120 713 450 1121 714 466 1119 713 450 1121 714 458 1120 713 441 1122 714 441 1122 714 432 1123 715 450 1121 714 432 1123 715 441 1122 714 423 1124 715 423 1124 715 414 1125 716 432 1123 715 414 1125 716 423 1124 715 405 1126 716 405 1126 716 395 1127 717 414 1125 716 395 1127 717 405 1126 716 386 1128 717 386 1128 717 377 1129 718 395 1127 717 377 1129 718 386 1128 717 367 1130 718 367 1130 718 348 1131 719 377 1129 718 348 1131 719 367 1130 718 339 1132 719 339 1132 719 358 1133 720 348 1131 719 358 1133 720 339 1132 719 330 1134 720 302 1084 695 320 1085 696 311 1082 695 320 1085 696 302 1084 695 293 1087 696 266 1078 692 284 1109 708 275 1076 692 284 1109 708 266 1078 692 258 1111 708 988 322 723 1278 322 722 1116 322 721 1278 322 722 988 322 723 996 322 724 839 322 725 996 322 724 988 322 723 996 322 724 839 322 725 847 322 726 863 322 727 847 322 726 839 322 725 847 322 726 863 322 727 855 322 728 881 322 729 855 322 728 863 322 727 855 322 728 881 322 729 872 322 730 890 322 731 872 322 730 881 322 729 872 322 730 890 322 731 898 322 732 915 322 733 898 322 732 890 322 731 898 322 732 915 322 733 906 322 734 932 322 735 906 322 734 915 322 733 906 322 734 932 322 735 924 322 736 948 322 737 924 322 736 932 322 735 924 322 736 948 322 737 940 322 738 956 322 739 940 322 738 948 322 737 940 322 738 956 322 739 964 322 740 979 322 741 964 322 740 956 322 739 964 322 740 979 322 741 971 322 742 805 322 743 971 322 742 979 322 741 971 322 742 805 322 743 814 322 744 831 322 745 814 322 744 805 322 743 814 322 744 831 322 745 823 322 746 1144 322 747 823 322 746 831 322 745 1485 1137 749 1152 1136 746 1313 1135 748 1152 1136 746 1485 1137 749 1271 1138 744 1473 1139 750 1271 1138 744 1485 1137 749 1271 1138 744 1473 1139 750 1264 1140 742 1461 1141 751 1264 1140 742 1473 1139 750 1264 1140 742 1461 1141 751 1257 1142 740 1449 1143 752 1257 1142 740 1461 1141 751 1257 1142 740 1449 1143 752 1249 1144 738 1439 1145 753 1249 1144 738 1449 1143 752 1249 1144 738 1439 1145 753 1241 1146 736 1425 1147 754 1241 1146 736 1439 1145 753 1241 1146 736 1425 1147 754 1234 1148 734 1410 1149 755 1234 1148 734 1425 1147 754 1234 1148 734 1410 1149 755 1226 1150 732 1398 1151 756 1226 1150 732 1410 1149 755 1226 1150 732 1398 1151 756 1218 1152 730 1384 1153 757 1218 1152 730 1398 1151 756 1218 1152 730 1384 1153 757 1210 1154 728 1372 1155 758 1210 1154 728 1384 1153 757 1210 1154 728 1372 1155 758 1201 1156 726 1354 1157 759 1201 1156 726 1372 1155 758 1201 1156 726 1354 1157 759 1291 1158 724 1360 1159 760 1291 1158 724 1354 1157 759 1291 1158 724 1360 1159 760 1285 1160 722 1653 1163 763 1298 1162 762 1656 1161 761 1298 1162 762 1653 1163 763 1479 1164 764 1650 1165 765 1479 1164 764 1653 1163 763 1479 1164 764 1650 1165 765 1467 1166 766 1647 1167 767 1467 1166 766 1650 1165 765 1467 1166 766 1647 1167 767 1455 1168 768 1644 1169 769 1455 1168 768 1647 1167 767 1455 1168 768 1644 1169 769 1444 1170 770 1640 1171 771 1444 1170 770 1644 1169 769 1444 1170 770 1640 1171 771 1432 1172 772 1636 1173 773 1432 1172 772 1640 1171 771 1432 1172 772 1636 1173 773 1418 1174 774 1632 1175 775 1418 1174 774 1636 1173 773 1418 1174 774 1632 1175 775 1404 1176 776 1628 1177 777 1404 1176 776 1632 1175 775 1404 1176 776 1628 1177 777 1391 1178 778 1625 1179 779 1391 1178 778 1628 1177 777 1391 1178 778 1625 1179 779 1378 1180 780 1621 1181 781 1378 1180 780 1625 1179 779 1378 1180 780 1621 1181 781 1366 1182 782 1617 1183 783 1366 1182 782 1621 1181 781 1366 1182 782 1617 1183 783 1347 1184 784 1614 1185 785 1347 1184 784 1617 1183 783 1347 1184 784 1614 1185 785 1341 1186 786 805 1188 743 1092 1187 745 831 1187 745 1092 1187 745 805 1188 743 1083 1189 743 979 1190 741 1083 1189 743 805 1188 743 1083 1189 743 979 1190 741 1074 1191 741 956 1192 739 1074 1191 741 979 1190 741 1074 1191 741 956 1192 739 1065 1193 739 948 1194 737 1065 1193 739 956 1192 739 1065 1193 739 948 1194 737 1056 1195 737 932 1196 735 1056 1195 737 948 1194 737 1056 1195 737 932 1196 735 1047 1197 735 915 1198 733 1047 1197 735 932 1196 735 1047 1197 735 915 1198 733 1039 1199 733 890 1200 731 1039 1199 733 915 1198 733 1039 1199 733 890 1200 731 1031 1201 731 1023 1202 729 1031 1201 731 890 1200 731 1490 1205 788 1135 1204 721 1336 1203 787 1135 1204 721 1490 1205 788 1125 1206 723 1496 1207 789 1125 1206 723 1490 1205 788 1125 1206 723 1496 1207 789 1014 1208 725 1516 1209 790 1014 1208 725 1496 1207 789 1014 1208 725 1516 1209 790 1005 1210 727 1528 1211 791 1005 1210 727 1516 1209 790 1005 1210 727 1528 1211 791 1023 1202 729 1541 1212 792 1023 1202 729 1528 1211 791 1023 1202 729 1541 1212 792 1031 1201 731 1535 1215 795 1610 1214 794 1547 1213 793 1610 1214 794 1535 1215 795 1607 1216 796 1522 1217 797 1607 1216 796 1535 1215 795 1607 1216 796 1522 1217 797 1603 1218 798 1502 1219 799 1603 1218 798 1522 1217 797 1603 1218 798 1502 1219 799 1598 1220 800 1509 1221 801 1598 1220 800 1502 1219 799 1598 1220 800 1509 1221 801 1572 1222 802 1318 1223 803 1572 1222 802 1509 1221 801 1572 1222 802 1318 1223 803 1577 1224 804 1226 1150 732 898 1225 732 1234 1148 734 898 1225 732 1226 1150 732 872 1226 730 1218 1152 730 872 1226 730 1226 1150 732 872 1226 730 1218 1152 730 855 1227 728 1210 1154 728 855 1227 728 1218 1152 730 855 1227 728 1210 1154 728 847 1228 726 881 1229 729 1023 1202 729 890 1200 731 1023 1202 729 881 1229 729 1005 1210 727 863 1230 727 1005 1210 727 881 1229 729 1005 1210 727 863 1230 727 1014 1208 725 839 1231 725 1014 1208 725 863 1230 727 847 1228 726 1291 1158 724 996 1232 724 1291 1158 724 847 1228 726 1201 1156 726 1210 1154 728 1201 1156 726 847 1228 726 1234 1148 734 924 1233 736 1241 1146 736 924 1233 736 1234 1148 734 906 1234 734 898 1225 732 906 1234 734 1234 1148 734 1557 1235 805 1285 1160 722 1360 1159 760 1285 1160 722 1557 1235 805 1193 1236 806 1160 1237 747 1313 1135 748 1152 1136 746 1313 1135 748 1160 1237 747 1308 1238 807 1184 1239 808 1336 1203 787 1135 1204 721 1336 1203 787 1184 1239 808 1330 1240 809 1308 1238 807 1100 1242 811 1567 1241 810 1100 1242 811 1308 1238 807 1160 1237 747 1562 1243 812 1308 1238 807 1567 1241 810 1308 1238 807 1562 1243 812 1303 1244 813 1541 1212 792 1535 1215 795 1547 1213 793 1535 1215 795 1541 1212 792 1528 1211 791 1528 1211 791 1522 1217 797 1535 1215 795 1522 1217 797 1528 1211 791 1516 1209 790 1516 1209 790 1502 1219 799 1522 1217 797 1502 1219 799 1516 1209 790 1496 1207 789 1496 1207 789 1509 1221 801 1502 1219 799 1509 1221 801 1496 1207 789 1490 1205 788 1490 1205 788 1318 1223 803 1509 1221 801 1318 1223 803 1490 1205 788 1336 1203 787 1336 1203 787 1323 1245 814 1318 1223 803 1323 1245 814 1336 1203 787 1330 1240 809 1330 1240 809 1552 1246 815 1323 1245 814 1552 1246 815 1330 1240 809 1557 1235 805 1557 1235 805 1341 1186 786 1552 1246 815 1341 1186 786 1557 1235 805 1360 1159 760 1360 1159 760 1347 1184 784 1341 1186 786 1347 1184 784 1360 1159 760 1354 1157 759 1354 1157 759 1366 1182 782 1347 1184 784 1366 1182 782 1354 1157 759 1372 1155 758 1372 1155 758 1378 1180 780 1366 1182 782 1378 1180 780 1372 1155 758 1384 1153 757 1384 1153 757 1391 1178 778 1378 1180 780 1391 1178 778 1384 1153 757 1398 1151 756 1398 1151 756 1404 1176 776 1391 1178 778 1404 1176 776 1398 1151 756 1410 1149 755 1410 1149 755 1418 1174 774 1404 1176 776 1418 1174 774 1410 1149 755 1425 1147 754 1330 1240 809 1193 1236 806 1557 1235 805 1193 1236 806 1330 1240 809 1184 1239 808 1439 1145 753 1444 1170 770 1432 1172 772 1444 1170 770 1439 1145 753 1449 1143 752 1449 1143 752 1455 1168 768 1444 1170 770 1455 1168 768 1449 1143 752 1461 1141 751 1461 1141 751 1467 1166 766 1455 1168 768 1467 1166 766 1461 1141 751 1473 1139 750 1473 1139 750 1479 1164 764 1467 1166 766 1479 1164 764 1473 1139 750 1485 1137 749 1485 1137 749 1298 1162 762 1479 1164 764 1298 1162 762 1485 1137 749 1313 1135 748 1303 1244 813 1313 1135 748 1308 1238 807 1313 1135 748 1303 1244 813 1298 1162 762 1100 1242 811 1144 1248 747 1108 1247 811 1144 1248 747 1100 1242 811 1160 1237 747 1177 322 808 1278 322 722 1170 322 806 1278 322 722 1177 322 808 1116 322 721 1303 1244 813 1656 1161 761 1298 1162 762 1656 1161 761 1303 1244 813 1590 1249 816 1152 1136 746 814 1251 744 823 1250 746 814 1251 744 1152 1136 746 1271 1138 744 1116 1252 721 1184 1239 808 1135 1204 721 1184 1239 808 1116 1252 721 1177 1253 808 1170 1254 806 1285 1160 722 1193 1236 806 1285 1160 722 1170 1254 806 1278 1255 722 1586 1256 817 1341 1186 786 1614 1185 785 1341 1186 786 1586 1256 817 1552 1246 815 1590 1249 816 1562 1243 812 1594 1257 818 1562 1243 812 1590 1249 816 1303 1244 813 1271 1138 744 971 1258 742 814 1251 744 971 1258 742 1271 1138 744 1264 1140 742 1264 1140 742 964 1259 740 971 1258 742 964 1259 740 1264 1140 742 1257 1142 740 1257 1142 740 940 1260 738 964 1259 740 940 1260 738 1257 1142 740 1249 1144 738 1249 1144 738 924 1233 736 940 1260 738 924 1233 736 1249 1144 738 1241 1146 736 1552 1246 815 1582 1261 819 1323 1245 814 1582 1261 819 1552 1246 815 1586 1256 817 1425 1147 754 1432 1172 772 1418 1174 774 1432 1172 772 1425 1147 754 1439 1145 753 1177 1253 808 1193 1236 806 1184 1239 808 1193 1236 806 1177 1253 808 1170 1254 806 823 1250 746 1160 1237 747 1152 1136 746 1160 1237 747 823 1250 746 1144 1248 747 1135 1204 721 988 1262 723 1116 1252 721 988 1262 723 1135 1204 721 1125 1206 723 1125 1206 723 839 1231 725 988 1262 723 839 1231 725 1125 1206 723 1014 1208 725 1092 1187 745 1108 1247 811 831 1187 745 1108 1247 811 1092 1187 745 1100 1242 811 1323 1245 814 1577 1224 804 1318 1223 803 1577 1224 804 1323 1245 814 1582 1261 819 1278 1255 722 1291 1158 724 1285 1160 722 1291 1158 724 1278 1255 722 996 1232 724 831 322 745 1108 322 811 1144 322 747 535 1110 709 519 1263 820 284 1109 708 519 1263 820 535 1110 709 509 1264 821 518 1113 710 509 1264 821 535 1110 709 509 1264 821 518 1113 710 500 1265 822 499 1115 711 500 1265 822 518 1113 710 500 1265 822 499 1115 711 491 1266 823 482 1117 712 491 1266 823 499 1115 711 491 1266 823 482 1117 712 483 1267 824 466 1119 713 483 1267 824 482 1117 712 483 1267 824 466 1119 713 475 1268 825 450 1121 714 475 1268 825 466 1119 713 475 1268 825 450 1121 714 467 1269 826 432 1123 715 467 1269 826 450 1121 714 467 1269 826 432 1123 715 459 1270 827 414 1125 716 459 1270 827 432 1123 715 459 1270 827 414 1125 716 451 1271 828 395 1127 717 451 1271 828 414 1125 716 451 1271 828 395 1127 717 433 1272 829 377 1129 718 433 1272 829 395 1127 717 433 1272 829 377 1129 718 424 1273 830 348 1131 719 424 1273 830 377 1129 718 424 1273 830 348 1131 719 415 1274 831 358 1133 720 415 1274 831 348 1131 719 415 1274 831 358 1133 720 442 1275 832 562 1086 697 396 1276 833 320 1085 696 396 1276 833 562 1086 697 387 1277 834 571 1108 707 387 1277 834 562 1086 697 387 1277 834 571 1108 707 378 1278 835 589 1106 706 378 1278 835 571 1108 707 378 1278 835 589 1106 706 368 1279 836 607 1104 705 368 1279 836 589 1106 706 368 1279 836 607 1104 705 321 1280 837 625 1102 704 321 1280 837 607 1104 705 321 1280 837 625 1102 704 312 1281 838 643 1100 703 312 1281 838 625 1102 704 312 1281 838 643 1100 703 303 1282 839 661 1098 702 303 1282 839 643 1100 703 303 1282 839 661 1098 702 331 1283 840 680 1096 701 331 1283 840 661 1098 702 331 1283 840 680 1096 701 340 1284 841 700 1094 700 340 1284 841 680 1096 701 340 1284 841 700 1094 700 349 1285 842 719 1092 699 349 1285 842 700 1094 700 349 1285 842 719 1092 699 359 1286 843 738 1090 698 359 1286 843 719 1092 699 359 1286 843 738 1090 698 285 1287 844 757 1079 693 285 1287 844 738 1090 698 285 1287 844 757 1079 693 276 1288 845 1250 322 846 779 322 821 769 322 822 779 322 821 1250 322 846 1265 322 847 1265 322 847 788 322 820 779 322 821 788 322 820 1265 322 847 1279 322 848 1279 322 848 554 322 849 788 322 820 554 322 849 1279 322 848 1292 322 850 1292 322 850 545 322 851 554 322 849 545 322 851 1292 322 850 899 322 852 899 322 852 536 322 845 545 322 851 536 322 845 899 322 852 864 322 853 864 322 853 617 322 844 536 322 845 617 322 844 864 322 853 873 322 854 873 322 854 608 322 843 617 322 844 608 322 843 873 322 854 1066 322 855 1066 322 855 599 322 842 608 322 843 599 322 842 1066 322 855 1048 322 856 1048 322 856 590 322 841 599 322 842 590 322 841 1048 322 856 1032 322 857 1032 322 857 581 322 840 590 322 841 581 322 840 1032 322 857 1015 322 858 1015 322 858 572 322 839 581 322 840 572 322 839 1015 322 858 997 322 859 997 322 859 563 322 838 572 322 839 563 322 838 997 322 859 980 322 860 980 322 860 626 322 837 563 322 838 626 322 837 980 322 860 965 322 861 965 322 861 644 322 836 626 322 837 644 322 836 965 322 861 949 322 862 949 322 862 635 322 835 644 322 836 635 322 835 949 322 862 933 322 863 797 322 866 824 322 865 848 322 864 824 322 865 797 322 866 806 322 867 806 322 867 815 322 868 824 322 865 815 322 868 806 322 867 653 322 833 933 322 863 662 322 834 635 322 835 662 322 834 933 322 863 916 322 869 916 322 869 653 322 833 662 322 834 653 322 833 916 322 869 815 322 868 442 1275 832 777 1081 694 528 1289 866 777 1081 694 442 1275 832 358 1133 720 899 1292 852 1299 1291 850 907 1290 852 1299 1291 850 899 1292 852 1292 1293 850 1084 1296 870 856 1295 864 1109 1294 870 856 1295 864 1084 1296 870 848 1297 864 1292 1293 850 1286 1298 848 1299 1291 850 1286 1298 848 1292 1293 850 1279 1299 848 1279 1299 848 1272 1300 847 1286 1298 848 1272 1300 847 1279 1299 848 1265 1301 847 1265 1301 847 1258 1302 846 1272 1300 847 1258 1302 846 1265 1301 847 1250 1303 846 1250 1303 846 1242 1304 871 1258 1302 846 1242 1304 871 1250 1303 846 1235 1305 871 1235 1305 871 1227 1306 872 1242 1304 871 1227 1306 872 1235 1305 871 1219 1307 872 1219 1307 872 1211 1308 873 1227 1306 872 1211 1308 873 1219 1307 872 1202 1309 873 1202 1309 873 1194 1310 874 1211 1308 873 1194 1310 874 1202 1309 873 1185 1311 874 1185 1311 874 1178 1312 875 1194 1310 874 1178 1312 875 1185 1311 874 1171 1313 875 1171 1313 875 1161 1314 876 1178 1312 875 1161 1314 876 1171 1313 875 1153 1315 876 1153 1315 876 1145 1316 877 1161 1314 876 1145 1316 877 1153 1315 876 1136 1317 877 1136 1317 877 1126 1318 878 1145 1316 877 1126 1318 878 1136 1317 877 1117 1319 878 1117 1319 878 1101 1320 879 1126 1318 878 1101 1320 879 1117 1319 878 1093 1321 879 1093 1321 879 1109 1294 870 1101 1320 879 1109 1294 870 1093 1321 879 1084 1296 870 815 1324 868 925 1323 869 840 1322 868 925 1323 869 815 1324 868 916 1325 869 916 1325 869 941 1326 863 925 1323 869 941 1326 863 916 1325 869 933 1327 863 933 1327 863 957 1328 862 941 1326 863 957 1328 862 933 1327 863 949 1329 862 949 1329 862 972 1330 861 957 1328 862 972 1330 861 949 1329 862 965 1331 861 965 1331 861 989 1332 860 972 1330 861 989 1332 860 965 1331 861 980 1333 860 980 1333 860 1006 1334 859 989 1332 860 1006 1334 859 980 1333 860 997 1335 859 997 1335 859 1024 1336 858 1006 1334 859 1024 1336 858 997 1335 859 1015 1337 858 1015 1337 858 1040 1338 857 1024 1336 858 1040 1338 857 1015 1337 858 1032 1339 857 1032 1339 857 1057 1340 856 1040 1338 857 1057 1340 856 1032 1339 857 1048 1341 856 1048 1341 856 1075 1342 855 1057 1340 856 1075 1342 855 1048 1341 856 1066 1343 855 1066 1343 855 882 1344 854 1075 1342 855 882 1344 854 1066 1343 855 873 1345 854 864 1347 853 907 1290 852 891 1346 853 907 1290 852 864 1347 853 899 1292 852 873 1345 854 891 1346 853 882 1344 854 891 1346 853 873 1345 854 864 1347 853 848 1297 864 832 1348 865 856 1295 864 832 1348 865 848 1297 864 824 1349 865 824 1349 865 840 1322 868 832 1348 865 840 1322 868 824 1349 865 815 1324 868 788 1351 820 294 1350 849 519 1263 820 294 1350 849 788 1351 820 554 1352 849 653 1354 833 406 1353 867 396 1276 833 406 1353 867 653 1354 833 806 1253 867 806 1253 867 528 1289 866 406 1353 867 528 1289 866 806 1253 867 797 1355 866 797 1355 866 442 1275 832 528 1289 866 442 1275 832 797 1355 866 690 1356 832 519 1263 820 779 1357 821 788 1351 820 779 1357 821 519 1263 820 509 1264 821 509 1264 821 769 1258 822 779 1357 821 769 1258 822 509 1264 821 500 1265 822 500 1265 822 758 1259 823 769 1258 822 758 1259 823 500 1265 822 491 1266 823 491 1266 823 748 1260 824 758 1259 823 748 1260 824 491 1266 823 483 1267 824 483 1267 824 739 1358 825 748 1260 824 739 1358 825 483 1267 824 475 1268 825 475 1268 825 730 1359 826 739 1358 825 730 1359 826 475 1268 825 467 1269 826 467 1269 826 720 1225 827 730 1359 826 720 1225 827 467 1269 826 459 1270 827 459 1270 827 711 1226 828 720 1225 827 711 1226 828 459 1270 827 451 1271 828 451 1271 828 701 1360 829 711 1226 828 701 1360 829 451 1271 828 433 1272 829 433 1272 829 672 1361 830 701 1360 829 672 1361 830 433 1272 829 424 1273 830 690 1356 832 415 1274 831 442 1275 832 415 1274 831 690 1356 832 681 1362 831 681 1362 831 424 1273 830 415 1274 831 424 1273 830 681 1362 831 672 1361 830 396 1276 833 662 1363 834 653 1354 833 662 1363 834 396 1276 833 387 1277 834 387 1277 834 635 1364 835 662 1363 834 635 1364 835 387 1277 834 378 1278 835 378 1278 835 644 1365 836 635 1364 835 644 1365 836 378 1278 835 368 1279 836 368 1279 836 626 1366 837 644 1365 836 626 1366 837 368 1279 836 321 1280 837 321 1280 837 563 1367 838 626 1366 837 563 1367 838 321 1280 837 312 1281 838 536 1368 845 285 1287 844 276 1288 845 285 1287 844 536 1368 845 617 1369 844 617 1369 844 359 1286 843 285 1287 844 359 1286 843 617 1369 844 608 1191 843 608 1191 843 349 1285 842 359 1286 843 349 1285 842 608 1191 843 599 1193 842 599 1193 842 340 1284 841 349 1285 842 340 1284 841 599 1193 842 590 1195 841 590 1195 841 331 1283 840 340 1284 841 331 1283 840 590 1195 841 581 1370 840 581 1370 840 303 1282 839 331 1283 840 303 1282 839 581 1370 840 572 1199 839 572 1199 839 312 1281 838 303 1282 839 312 1281 838 572 1199 839 563 1367 838 554 1352 849 267 1371 851 294 1350 849 267 1371 851 554 1352 849 545 1372 851 545 1372 851 276 1288 845 267 1371 851 276 1288 845 545 1372 851 536 1368 845 311 1082 695 528 1289 866 777 1081 694 528 1289 866 311 1082 695 406 1353 867 294 1350 849 284 1109 708 519 1263 820 284 1109 708 294 1350 849 275 1076 692 1219 322 872 758 322 823 748 322 824 758 322 823 1219 322 872 1235 322 871 406 1353 867 320 1085 696 396 1276 833 320 1085 696 406 1353 867 311 1082 695 1235 322 871 769 322 822 758 322 823 769 322 822 1235 322 871 1250 322 846 275 1076 692 267 1371 851 796 1075 691 267 1371 851 275 1076 692 294 1350 849 796 1075 691 276 1288 845 757 1079 693 276 1288 845 796 1075 691 267 1371 851 1331 1375 882 1751 1374 881 1324 1373 880 1751 1374 881 1331 1375 882 1709 1376 883 1618 1377 883 1709 1376 883 1331 1375 882 1709 1376 883 1618 1377 883 1715 1378 884 1304 1379 884 1715 1378 884 1618 1377 883 1715 1378 884 1304 1379 884 1764 1380 885 1309 1381 885 1764 1380 885 1304 1379 884 1764 1380 885 1309 1381 885 1758 1382 886 1599 1382 886 1758 1382 886 1309 1381 885 1758 1384 886 1599 1384 886 1697 1383 887 1604 1385 887 1697 1383 887 1599 1384 886 1697 1383 887 1604 1385 887 1703 1386 888 1622 1387 888 1703 1386 888 1604 1385 887 1703 1386 888 1622 1387 888 1745 1388 889 1629 1389 890 1745 1388 889 1622 1387 888 1745 1388 889 1629 1389 890 1633 1390 891 1637 1391 892 1745 1388 889 1633 1390 891 1745 1388 889 1637 1391 892 1721 1392 893 1641 1393 893 1721 1392 893 1637 1391 892 1721 1392 893 1641 1393 893 1727 1394 894 1503 1395 894 1727 1394 894 1641 1393 893 1727 1397 894 1503 1397 894 1733 1396 895 1491 1398 895 1733 1396 895 1503 1397 894 1733 1396 895 1491 1398 895 1739 1399 896 1342 1400 896 1739 1399 896 1491 1398 895 1739 1399 896 1342 1400 896 1751 1374 881 1348 1401 897 1751 1374 881 1342 1400 896 1751 1374 881 1348 1401 897 1324 1373 880 1833 1404 34 71 1403 33 1858 1402 32 71 1403 33 1833 1404 34 63 1405 35 63 1405 35 55 1406 36 71 1403 33 55 1406 36 63 1405 35 47 1407 37 47 1407 37 39 1408 38 55 1406 36 39 1408 38 47 1407 37 31 1409 39 31 1409 39 23 1410 40 39 1408 38 23 1410 40 31 1409 39 15 1411 41 15 1411 41 6 1412 42 23 1410 40 6 1412 42 15 1411 41 1883 1413 43 1883 1413 43 1875 1414 44 6 1412 42 1875 1414 44 1883 1413 43 1866 1415 45 1866 1415 45 1849 1416 46 1875 1414 44 1849 1416 46 1866 1415 45 1841 1417 47 1841 1417 47 1857 1418 48 1849 1416 46 1857 1418 48 1841 1417 47 1832 1419 49 209 1421 50 193 1420 35 80 1420 34 193 1420 35 209 1421 50 177 1422 37 161 1423 39 177 1422 37 209 1421 50 209 1421 50 145 1424 41 161 1423 39 145 1424 41 209 1421 50 129 1425 43 113 1426 45 129 1425 43 209 1421 50 209 1421 50 88 1427 47 113 1426 45 88 1427 47 209 1421 50 79 1428 49 80 1431 34 201 1430 33 105 1429 32 201 1430 33 80 1431 34 193 1432 35 193 1432 35 185 1433 36 201 1430 33 185 1433 36 193 1432 35 177 1434 37 177 1434 37 169 1435 38 185 1433 36 169 1435 38 177 1434 37 161 1436 39 161 1436 39 153 1437 40 169 1435 38 153 1437 40 161 1436 39 145 1438 41 145 1438 41 137 1439 42 153 1437 40 137 1439 42 145 1438 41 129 1440 43 129 1440 43 121 1441 44 137 1439 42 121 1441 44 129 1440 43 113 1442 45 113 1442 45 96 1443 46 121 1441 44 96 1443 46 113 1442 45 88 1444 47 88 1444 47 104 1445 48 96 1443 46 104 1445 48 88 1444 47 79 1446 49 350 1449 33 360 1448 51 243 1447 32 360 1448 51 350 1449 33 332 1450 36 313 1451 38 360 1448 51 332 1450 36 360 1448 51 313 1451 38 295 1452 40 277 1453 42 360 1448 51 295 1452 40 360 1448 51 277 1453 42 259 1454 44 234 1455 46 360 1448 51 259 1454 44 360 1448 51 234 1455 46 242 1456 48 218 1459 34 350 1458 33 243 1457 32 350 1458 33 218 1459 34 341 1460 35 341 1460 35 332 1461 36 350 1458 33 332 1461 36 341 1460 35 322 1462 37 322 1462 37 313 1463 38 332 1461 36 313 1463 38 322 1462 37 304 1464 39 304 1464 39 295 1465 40 313 1463 38 295 1465 40 304 1464 39 286 1466 41 286 1466 41 277 1467 42 295 1465 40 277 1467 42 286 1466 41 268 1468 43 268 1468 43 259 1469 44 277 1467 42 259 1469 44 268 1468 43 251 1470 45 251 1470 45 234 1471 46 259 1469 44 234 1471 46 251 1470 45 226 1472 47 226 1472 47 242 1473 48 234 1471 46 242 1473 48 226 1472 47 217 1474 49 370 1475 34 501 1476 33 398 1475 32 501 1476 33 370 1475 34 492 1477 35 492 1477 35 484 1478 36 501 1476 33 484 1478 36 492 1477 35 476 1479 37 476 1479 37 468 1480 38 484 1478 36 468 1480 38 476 1479 37 460 1481 39 460 1481 39 452 1482 40 468 1480 38 452 1482 40 460 1481 39 443 1483 41 443 1483 41 434 1484 42 452 1482 40 434 1484 42 443 1483 41 425 1485 43 425 1485 43 416 1486 44 434 1484 42 416 1486 44 425 1485 43 407 1487 45 407 1487 45 388 1488 46 416 1486 44 388 1488 46 407 1487 45 379 1489 47 379 1489 47 397 1490 48 388 1488 46 397 1490 48 379 1489 47 369 1490 49 654 1492 50 636 1491 35 511 1491 34 636 1491 35 654 1492 50 618 1493 37 600 1494 39 618 1493 37 654 1492 50 654 1492 50 582 1495 41 600 1494 39 582 1495 41 654 1492 50 564 1496 43 546 1497 45 564 1496 43 654 1492 50 654 1492 50 520 1498 47 546 1497 45 520 1498 47 654 1492 50 510 1499 49 511 1502 34 645 1501 33 538 1500 32 645 1501 33 511 1502 34 636 1503 35 636 1503 35 627 1504 36 645 1501 33 627 1504 36 636 1503 35 618 1505 37 618 1505 37 609 1506 38 627 1504 36 609 1506 38 618 1505 37 600 1507 39 600 1507 39 591 1508 40 609 1506 38 591 1508 40 600 1507 39 582 1509 41 582 1509 41 573 1510 42 591 1508 40 573 1510 42 582 1509 41 564 1511 43 564 1511 43 555 1512 44 573 1510 42 555 1512 44 564 1511 43 546 1513 45 546 1513 45 529 1514 46 555 1512 44 529 1514 46 546 1513 45 520 1515 47 520 1515 47 537 1516 48 529 1514 46 537 1516 48 520 1515 47 510 1517 49 807 1520 33 816 1519 51 692 1518 32 816 1519 51 807 1520 33 789 1521 36 770 1522 38 816 1519 51 789 1521 36 816 1519 51 770 1522 38 749 1523 40 731 1520 42 816 1519 51 749 1523 40 816 1519 51 731 1520 42 712 1524 44 682 1525 46 816 1519 51 712 1524 44 816 1519 51 682 1525 46 691 1526 48 664 1529 34 807 1528 33 692 1527 32 807 1528 33 664 1529 34 798 1530 35 798 1530 35 789 1531 36 807 1528 33 789 1531 36 798 1530 35 780 1532 37 780 1532 37 770 1533 38 789 1531 36 770 1533 38 780 1532 37 759 1534 39 759 1534 39 749 1535 40 770 1533 38 749 1535 40 759 1534 39 740 1536 41 740 1536 41 731 1537 42 749 1535 40 731 1537 42 740 1536 41 721 1538 43 721 1538 43 712 1539 44 731 1537 42 712 1539 44 721 1538 43 702 1540 45 702 1540 45 682 1541 46 712 1539 44 682 1541 46 702 1540 45 673 1542 47 673 1542 47 691 1543 48 682 1541 46 691 1543 48 673 1542 47 663 1544 49 1595 1547 900 1591 1546 899 1600 1545 898 1591 1546 899 1595 1547 900 1510 1548 901 1517 1549 902 1510 1548 901 1595 1547 900 1510 1548 901 1517 1549 902 1497 1550 903 1504 1551 904 1497 1550 903 1517 1549 902 1497 1550 903 1504 1551 904 1486 1552 905 1492 1553 906 1486 1552 905 1504 1551 904 1486 1552 905 1492 1553 906 1474 1554 907 1480 1555 908 1474 1554 907 1492 1553 906 1474 1554 907 1480 1555 908 1462 1556 909 1468 1557 910 1462 1556 909 1480 1555 908 1462 1556 909 1468 1557 910 1440 1558 911 1456 1559 912 1440 1558 911 1468 1557 910 1440 1558 911 1456 1559 912 1445 1560 913 1450 1561 914 1445 1560 913 1456 1559 912 1445 1560 913 1450 1561 914 1578 1562 915 1583 1563 916 1578 1562 915 1450 1561 914 1578 1562 915 1583 1563 916 1568 1564 917 1573 1565 918 1568 1564 917 1583 1563 916 1568 1564 917 1573 1565 918 1558 1566 919 1563 1567 920 1558 1566 919 1573 1565 918 1558 1566 919 1563 1567 920 1548 1568 921 1553 1569 922 1548 1568 921 1563 1567 920 1548 1568 921 1553 1569 922 1536 1570 923 1529 1571 924 1536 1570 923 1553 1569 922 1536 1570 923 1529 1571 924 1542 1572 925 1523 1573 926 1542 1572 925 1529 1571 924 1542 1572 925 1523 1573 926 1605 1574 927 1615 1575 928 1605 1574 927 1523 1573 926 1605 1574 927 1615 1575 928 1608 1576 929 1611 1577 930 1608 1576 929 1615 1575 928 1608 1576 929 1611 1577 930 1385 1578 931 1405 1579 932 1385 1578 931 1611 1577 930 1385 1578 931 1405 1579 932 1392 1580 933 1399 1581 934 1392 1580 933 1405 1579 932 1392 1580 933 1399 1581 934 1419 1582 935 1411 1583 936 1419 1582 935 1399 1581 934 1419 1582 935 1411 1583 936 1433 1584 937 1426 1585 938 1433 1584 937 1411 1583 936 1850 1587 940 1542 1572 925 1842 1586 939 1542 1572 925 1850 1587 940 1536 1570 923 1867 1588 941 1536 1570 923 1850 1587 940 1536 1570 923 1867 1588 941 1548 1568 921 1884 1589 942 1548 1568 921 1867 1588 941 1548 1568 921 1884 1589 942 1558 1566 919 16 1590 943 1558 1566 919 1884 1589 942 1558 1566 919 16 1590 943 1568 1564 917 32 1591 944 1568 1564 917 16 1590 943 1568 1564 917 32 1591 944 1578 1562 915 1752 1592 945 1578 1562 915 32 1591 944 1578 1562 915 1752 1592 945 1445 1560 913 1759 1593 946 1445 1560 913 1752 1592 945 1445 1560 913 1759 1593 946 1440 1558 911 1770 1594 947 1440 1558 911 1759 1593 946 1440 1558 911 1770 1594 947 1462 1556 909 1781 1595 948 1462 1556 909 1770 1594 947 1462 1556 909 1781 1595 948 1474 1554 907 1792 1596 949 1474 1554 907 1781 1595 948 1474 1554 907 1792 1596 949 1486 1552 905 1804 1597 950 1486 1552 905 1792 1596 949 1486 1552 905 1804 1597 950 1497 1550 903 1818 1598 951 1497 1550 903 1804 1597 950 1497 1550 903 1818 1598 951 1510 1548 901 89 1599 952 1510 1548 901 1818 1598 951 1510 1548 901 89 1599 952 1591 1546 899 1529 1571 924 278 1600 953 1523 1573 926 278 1600 953 1529 1571 924 287 1601 954 1553 1569 922 287 1601 954 1529 1571 924 287 1601 954 1553 1569 922 296 1602 955 1563 1567 920 296 1602 955 1553 1569 922 296 1602 955 1563 1567 920 305 1603 956 1573 1565 918 305 1603 956 1563 1567 920 305 1603 956 1573 1565 918 314 1604 957 1583 1563 916 314 1604 957 1573 1565 918 314 1604 957 1583 1563 916 194 1605 958 1450 1561 914 194 1605 958 1583 1563 916 194 1605 958 1450 1561 914 202 1606 959 1456 1559 912 202 1606 959 1450 1561 914 202 1606 959 1456 1559 912 210 1607 960 1468 1557 910 210 1607 960 1456 1559 912 210 1607 960 1468 1557 910 219 1608 961 1480 1555 908 219 1608 961 1468 1557 910 219 1608 961 1480 1555 908 227 1609 962 1492 1553 906 227 1609 962 1480 1555 908 227 1609 962 1492 1553 906 235 1610 963 1504 1551 904 235 1610 963 1492 1553 906 235 1610 963 1504 1551 904 244 1611 964 1517 1549 902 244 1611 964 1504 1551 904 244 1611 964 1517 1549 902 252 1612 965 1595 1547 900 252 1612 965 1517 1549 902 252 1612 965 1595 1547 900 260 1613 966 1660 1615 968 48 1614 967 56 1614 967 48 1614 967 1660 1615 968 1666 1616 968 1654 1617 969 1666 1616 968 1660 1615 968 1666 1616 968 1654 1617 969 1657 1618 969 1648 1619 970 1657 1618 969 1654 1617 969 1657 1618 969 1648 1619 970 1651 1620 970 1642 1621 971 1651 1620 970 1648 1619 970 1651 1620 970 1642 1621 971 1645 1622 971 1634 1623 972 1645 1622 971 1642 1621 971 1645 1622 971 1634 1623 972 1638 1624 972 1623 1625 973 1638 1624 972 1634 1623 972 1638 1624 972 1623 1625 973 1626 1625 973 1630 995 974 1626 1625 973 1623 1625 973 1710 1628 977 138 1627 976 1728 1626 975 138 1627 976 1710 1628 977 1433 1584 937 1698 1629 978 1433 1584 937 1710 1628 977 1433 1584 937 1698 1629 978 1419 1582 935 1682 1630 979 1419 1582 935 1698 1629 978 1419 1582 935 1682 1630 979 1392 1580 933 1687 1631 980 1392 1580 933 1682 1630 979 1392 1580 933 1687 1631 980 1385 1578 931 1426 1585 938 186 1633 982 146 1632 981 186 1633 982 1426 1585 938 178 1634 983 1411 1583 936 178 1634 983 1426 1585 938 178 1634 983 1411 1583 936 154 1635 984 1399 1581 934 154 1635 984 1411 1583 936 154 1635 984 1399 1581 934 162 1636 985 1405 1579 932 162 1636 985 1399 1581 934 162 1636 985 1405 1579 932 170 1637 986 1722 1639 987 1734 1638 975 1728 1626 975 1734 1638 975 1722 1639 987 1716 1640 987 1630 995 974 1716 1640 987 1722 1639 987 1716 1640 987 1630 995 974 1619 995 974 1623 1625 973 1619 995 974 1630 995 974 1600 1545 898 389 1642 989 380 1641 988 389 1642 989 1600 1545 898 1587 1643 990 1591 1546 899 1587 1643 990 1600 1545 898 1600 1545 898 426 1645 992 269 1644 991 426 1645 992 1600 1545 898 380 1641 988 97 1646 993 389 1642 989 1587 1643 990 389 1642 989 97 1646 993 40 1647 994 351 1648 997 371 1648 996 361 1648 995 371 1648 996 351 1648 997 342 1648 998 1523 1573 926 333 1649 999 1615 1575 928 333 1649 999 1523 1573 926 278 1600 953 1615 1575 928 323 1650 1000 1611 1577 930 323 1650 1000 1615 1575 928 333 1649 999 1611 1577 930 170 1637 986 1405 1579 932 170 1637 986 1611 1577 930 323 1650 1000 1385 1578 931 122 1651 1001 1608 1576 929 122 1651 1001 1385 1578 931 1687 1631 980 1608 1576 929 130 1652 1002 1605 1574 927 130 1652 1002 1608 1576 929 122 1651 1001 1842 1586 939 1605 1574 927 130 1652 1002 1605 1574 927 1842 1586 939 1542 1572 925 97 1646 993 1591 1546 899 89 1599 952 1591 1546 899 97 1646 993 1587 1643 990 1600 1545 898 260 1613 966 1595 1547 900 260 1613 966 1600 1545 898 269 1644 991 138 1627 976 1426 1585 938 146 1632 981 1426 1585 938 138 1627 976 1433 1584 937 1811 1653 951 89 1599 952 1818 1598 951 89 1599 952 1811 1653 951 81 1654 952 64 1656 994 97 1646 993 72 1655 993 97 1646 993 64 1656 994 40 1647 994 106 1657 1002 1842 1586 939 130 1652 1002 1842 1586 939 106 1657 1002 1834 1658 939 1671 1659 980 122 1651 1001 1687 1631 980 122 1651 1001 1671 1659 980 114 1660 1001 114 1660 1001 130 1652 1002 122 1651 1001 130 1652 1002 114 1660 1001 106 1657 1002 81 1654 952 97 1646 993 89 1599 952 97 1646 993 81 1654 952 72 1655 993 48 1614 967 64 1656 994 56 1614 967 64 1656 994 48 1614 967 40 1647 994 1834 1658 939 1850 1587 940 1842 1586 939 1850 1587 940 1834 1658 939 1825 1661 940 1825 1661 940 1867 1588 941 1850 1587 940 1867 1588 941 1825 1661 940 1859 1662 941 1859 1662 941 1884 1589 942 1867 1588 941 1884 1589 942 1859 1662 941 1876 1663 942 1876 1663 942 16 1590 943 1884 1589 942 16 1590 943 1876 1663 942 7 1664 943 7 1664 943 32 1591 944 16 1590 943 32 1591 944 7 1664 943 24 1665 944 24 1665 944 1752 1592 945 32 1591 944 1752 1592 945 24 1665 944 1746 1666 945 1818 1598 951 1798 1667 950 1811 1653 951 1798 1667 950 1818 1598 951 1804 1597 950 1792 1596 949 1776 1669 948 1786 1668 949 1776 1669 948 1792 1596 949 1781 1595 948 1781 1595 948 1765 1670 947 1776 1669 948 1765 1670 947 1781 1595 948 1770 1594 947 1770 1594 947 1740 1671 946 1765 1670 947 1740 1671 946 1770 1594 947 1759 1593 946 1746 1666 945 1759 1593 946 1752 1592 945 1759 1593 946 1746 1666 945 1740 1671 946 1804 1597 950 1786 1668 949 1798 1667 950 1786 1668 949 1804 1597 950 1792 1596 949 1682 1630 979 1692 1673 978 1676 1672 979 1692 1673 978 1682 1630 979 1698 1629 978 1698 1629 978 1704 1674 977 1692 1673 978 1704 1674 977 1698 1629 978 1710 1628 977 1710 1628 977 1734 1638 975 1704 1674 977 1734 1638 975 1710 1628 977 1728 1626 975 1687 1631 980 1676 1672 979 1671 1659 980 1676 1672 979 1687 1631 980 1682 1630 979 417 1675 1005 408 1675 1004 399 1675 1003 444 1648 1007 227 1648 962 435 1648 1006 693 1678 1010 1067 1677 1009 556 1676 1008 1067 1677 1009 693 1678 1010 1076 1679 1011 703 1680 1011 1076 1679 1011 693 1678 1010 1076 1679 1011 703 1680 1011 1110 1681 1012 722 1681 1012 1110 1681 1012 703 1680 1011 1110 1683 1012 722 1683 1012 1102 1682 1013 981 1684 1013 1102 1682 1013 722 1683 1012 1102 1682 1013 981 1684 1013 1085 1685 1014 973 1686 1014 1085 1685 1014 981 1684 1013 1085 1685 1014 973 1686 1014 1094 1687 1015 750 1688 1016 1094 1687 1015 973 1686 1014 1094 1689 1015 750 1689 1016 1118 1689 1017 760 1692 1015 1118 1691 1017 750 1690 1016 1118 1691 1017 760 1692 1015 1094 1693 1015 883 1694 1018 1094 1693 1015 760 1692 1015 1094 1693 1015 883 1694 1018 1049 1695 1019 874 1696 1019 1049 1695 1019 883 1694 1018 1049 1695 1019 874 1696 1019 1041 1697 1020 493 1698 1020 1041 1697 1020 874 1696 1019 1041 1697 1020 493 1698 1020 1016 1699 1021 502 1700 1021 1016 1699 1021 493 1698 1020 1016 1699 1021 502 1700 1021 1025 1701 1022 908 1702 1022 1025 1701 1022 502 1700 1021 1025 1701 1022 908 1702 1022 998 1703 1023 917 1703 1023 998 1703 1023 908 1702 1022 998 1705 1023 917 1705 1023 1007 1704 1024 865 1706 1024 1007 1704 1024 917 1705 1023 1007 1704 1024 865 1706 1024 1033 1707 1025 512 1708 1025 1033 1707 1025 865 1706 1024 1033 1707 1025 512 1708 1025 1058 1709 1026 521 1710 1026 1058 1709 1026 512 1708 1025 1058 1709 1026 521 1710 1026 1067 1677 1009 547 1711 1027 1067 1677 1009 521 1710 1026 1067 1677 1009 547 1711 1027 556 1676 1008 1427 322 954 1834 322 939 1243 322 953 1834 322 939 1427 322 954 1825 322 940 1434 322 955 1825 322 940 1427 322 954 1825 322 940 1434 322 955 1859 322 941 1186 322 956 1859 322 941 1434 322 955 1859 322 941 1186 322 956 1876 322 942 1162 322 957 1876 322 942 1186 322 956 1876 322 942 1162 322 957 7 322 943 1172 322 958 7 322 943 1162 322 957 7 322 943 1172 322 958 24 322 944 1379 322 959 24 322 944 1172 322 958 24 322 944 1379 322 959 1386 322 945 1212 322 960 1386 322 945 1379 322 959 1386 322 945 1212 322 960 1740 322 946 1220 322 961 1740 322 946 1212 322 960 1740 322 946 1220 322 961 1765 322 947 1325 322 962 1765 322 947 1220 322 961 1765 322 947 1325 322 962 1776 322 948 1400 322 963 1776 322 948 1325 322 962 1776 322 948 1400 322 963 1393 322 949 1412 322 964 1393 322 949 1400 322 963 1511 322 987 1505 322 1028 1195 322 982 1505 322 1028 1511 322 987 1441 322 1005 1451 322 974 1441 322 1005 1511 322 987 1441 322 1005 1451 322 974 1236 322 1029 1446 322 973 1236 322 1029 1451 322 974 1236 322 1029 1446 322 973 1228 322 1030 1457 322 972 1228 322 1030 1446 322 973 1228 322 1030 1457 322 972 1463 322 1031 1469 322 971 1463 322 1031 1457 322 972 1463 322 1031 1469 322 971 1293 322 1032 1648 322 970 1293 322 1032 1469 322 971 1293 322 1032 1648 322 970 1475 322 1033 1481 322 969 1475 322 1033 1648 322 970 1475 322 1033 1481 322 969 1487 322 1034 1493 322 1035 1487 322 1034 1481 322 969 1676 322 979 1137 322 986 1671 322 980 1137 322 986 1676 322 979 1127 322 985 1692 322 978 1127 322 985 1676 322 979 1127 322 985 1692 322 978 1251 322 984 1704 322 977 1251 322 984 1692 322 978 1251 322 984 1704 322 977 1203 322 983 1195 322 982 1203 322 983 1704 322 977 1406 322 950 1412 322 964 1420 322 951 1412 322 964 1406 322 950 1393 322 949 1361 322 991 1530 322 994 1355 322 993 1530 322 994 1361 322 991 1524 322 992 1243 322 953 106 322 1002 1266 322 999 106 322 1002 1243 322 953 1834 322 939 1266 322 999 114 322 1001 1259 322 1000 114 322 1001 1266 322 999 106 322 1002 1259 322 1000 1671 322 980 1137 322 986 1671 322 980 1259 322 1000 114 322 1001 1361 322 991 1373 322 952 1367 322 966 1373 322 952 1361 322 991 1355 322 993 1349 322 975 1195 322 982 1704 322 977 1195 322 982 1349 322 975 1511 322 987 1487 322 1034 1530 322 994 1524 322 992 1530 322 994 1487 322 1034 1493 322 1035 1373 322 952 1420 322 951 1367 322 966 1543 322 1007 1537 322 1006 1325 322 962 1412 322 964 1367 322 966 1420 322 951 1493 322 1035 1498 322 968 1518 322 967 1530 322 994 1493 322 1035 1518 322 967 1498 322 968 1493 322 1035 1481 322 969</p>
                </triangles>
            </mesh>
        </geometry>
        <geometry id="ID34">
            <mesh>
                <source id="ID35">
                    <float_array id="ID36" count="2019">116.125 -215.375 1868.88 40 -215.375 1868.88 177.625 -215.375 2631.25 148.75 -215.375 2365.25 418.5 -215.375 2331.13 -2180.5 -215.375 684.75 -2257.13 -215.375 707.25 -2274.13 -215.375 655.125 -2197 -215.375 633.875 -2116.88 -227.125 1551.5 -1910.38 -227.125 1401.5 -1903 -215.375 1410.25 -2109.75 -215.375 1560 -1032.38 -227.125 1650.88 -1042.25 -215.375 1643.75 -1388.13 -215.375 2232 -2122.75 -215.375 1542.13 -362.875 -215.375 1917.38 -462.5 -215.375 2592.13 1708.75 -215.5 939.375 116.125 -227.125 1878.25 1577.5 -215.5 1146.13 40 -227.125 1878.25 1492.75 -215.5 1248.63 116.125 -215.375 1887.5 40 -215.375 1888.25 1885.63 -215.5 484.125 -113.875 -215.375 1868.88 2611.13 -215.5 329.75 -113.875 -227.125 1878.25 -113.875 -215.375 1888.25 2611.13 -215.5 -329.75 -412.75 -215.375 2171 2549.13 -215.5 -654.5 -1183.13 -215.375 1866.5 -2120 -215.375 612.75 2306.38 -215.5 -1267.88 -1172.75 -227.125 1872.13 2129.25 -215.5 -1547 -40 -215.375 1868.88 1918.5 -215.5 -1801.63 -113.875 -215.375 1060.13 1898.13 -215.5 -1820.75 -40 -215.375 1060.13 1806 -215.5 -1818.63 -40 -227.125 1878.25 2003.13 -215.5 1699.38 -40 -215.375 1888.25 2129.25 -215.5 1547 -138.75 -215.375 2205.63 2306.38 -215.5 1267.88 -196.625 -215.375 1950.63 -39.875 -215.375 2205.63 2549.13 -215.5 654.5 403.125 -215.375 2252.63 1495.75 -215.5 1320 456 -215.375 2242.5 1917.75 -215.5 1706.38 176.75 -215.375 1938.13 138.75 -215.375 2205.63 143.75 -215.375 2285.38 -1911.75 -215.375 555.5 -2462.25 -215.375 706.875 -2498.13 -215.375 778 -1248.5 -215.375 2012.75 1946.13 -215.5 -7.375 -2071.5 -215.375 1150.13 1946.13 -215.5 6.75 -1917.63 -215.375 1392.5 -2293.88 -215.375 1272.38 1416.13 -215.375 -1405.75 -2434.63 -215.375 973.375 2444.13 -215.5 -975 -2199.75 -215.375 880.375 2448.63 -215.5 -964 -1719 -215.375 1630.38 2311.63 -215.375 -292 -1906.13 -215.375 1806.13 2256.75 -215.375 -579.375 -1665.25 -215.375 2032.38 2447 -222.375 -968.875 -1500.5 -215.375 1833.38 2167.88 -215.5 -853 -996.75 -215.375 2149.25 2166.25 -222.375 -857.625 -719.5 -215.375 2257.25 1820.25 -215.5 1322.5 -415.25 -215.375 2331.63 1717.25 -215.5 1446.88 -2228.5 -215.375 793.875 1885 -215.5 1369.5 473.625 -215.375 2320.38 2041.75 -215.5 1122.38 40 -215.375 2205.63 2447 -222.375 968.875 40 -215.375 2285.38 2443.25 -215.5 977 -148.75 -215.375 2365.25 2162.63 -215.5 865.5 -152.75 -215.375 2631.25 2166.38 -222.375 857.625 -2153 -215.375 767.875 2631.88 -222.375 -0 2631.5 -215.5 6.75 2329.5 -215.5 6.75 2330 -222.375 -0 1698.38 -215.375 -1594.88 1643.5 -215.375 -1646.5 2631.38 -215.5 -7.375 2329.5 -215.5 -7.375 1971.63 -215.375 -1083.88 2089.25 -215.5 -833.875 1807.38 -215.5 -721.875 1705.75 -215.375 -937.75 2041.75 -215.375 -1122.38 1885 -215.375 -1369.5 2169.5 -215.5 848 2256.75 -215.5 579.375 2450 -215.5 959.75 2311.63 -215.375 292 1813 -222.375 717.75 1816.38 -215.5 707.375 518.25 9.875 -1595.38 2095.13 -215.5 818.375 314.25 9.875 -1647.75 2091.88 -222.375 828.25 105.25 9.875 -1674.13 2163.63 -215.5 -863.5 451.5 226.125 -1389.88 -105.25 9.875 -1674.13 1809.5 -215.5 725.25 -314.25 9.875 -1647.75 1946.63 -222.375 -0 -362.375 9.875 -1635.25 1809.88 -222.375 -716.625 -91.75 226.125 -1458.5 1811.38 -215.5 -711.875 1760.5 -217 403 2179.25 -215.375 -559.5 1797.75 -217 461.5 2232.25 -215.375 -281.875 1931.25 -215.375 -243.875 1885.38 -215.375 -484 2091.88 -222.375 -828.25 2093.5 -215.5 -823.5 601 -217 -1703.75 1777.13 -215.5 1499.75 -394.5 9.875 -1670.5 770.25 -217 -1636.75 1971.63 -215.5 1083.88 2088.25 -215.5 836 2250 -222.375 -0 2249.5 -215.5 6.75 1681.5 -215.5 1490.13 1794.75 -217 226.625 1740.5 -215.5 1544.13 1419 -215.375 -1332.5 1588.63 -215.375 -1588.5 -432 236.625 -1949.75 1640.13 -215.375 -1540.13 -466.25 236.625 -1941 -1230.5 -215.375 1507 1794.75 -217 -226.625 2249.5 -215.5 -7.375 711 437.5 -1511 -374.75 236.625 -1964.5 1820.25 -215.375 -1322.5 894.75 437.5 -1410 -125.5 236.625 -1996 -817.75 -215.375 1768.88 1752.13 -217 -449.875 1574.88 -215.375 -1144.13 598.625 430.875 -1842.63 -120.5 236.625 -1916.13 2179.25 -215.5 559.5 607.375 437.5 -1839.25 -359.75 236.625 -1885.88 1682 -217 -665.875 2232.25 -215.375 282 550 437.5 -1660.63 125.5 236.625 -1996 1931.25 -215.375 243.875 540.75 430.875 -1664.25 120.5 236.625 -1916.13 1585.25 -217 -871.5 1740.5 -304.375 1544.13 104.75 437.5 -1666.63 363.375 236.625 -1965.88 1777.13 -304.375 1499.75 312.875 437.5 -1640.38 348 236.625 -1887.38 1463.5 -217 -1063.25 1717.25 -304.375 1446.88 -95.375 437.5 -1666.63 593.125 236.625 -1826 1681.5 -304.375 1490.13 -82 437.5 -1458.5 593.125 236.625 -1826 1318.63 -217 -1238.25 1885 -304.375 1369.5 -130.625 437.5 -1932.5 370.625 236.625 -1883.13 1820.25 -304.375 1322.5 -121.625 430.875 -1933.63 386 236.625 -1961.63 1153.13 -217 -1393.88 1971.63 -304.375 1083.88 -109.875 430.875 -1746.5 617.75 236.625 -1902.13 2041.75 -304.375 1122.38 -119.125 437.5 -1745.25 817.375 236.625 -1737.25 969.25 -217 -1527.38 -516 437.5 -1588.25 617.75 236.625 -1902.13 2256.75 -304.375 579.375 -312.875 437.5 -1640.38 851.5 236.625 -1809.63 2179.25 -304.375 559.5 -702.375 437.5 -1514.38 898.75 232 -1416.38 2091.88 -304.375 828.25 -613.625 437.5 -1325.63 889.625 236.625 -1421.38 -1108.13 -215.375 2385.88 2232.25 -304.375 282 -832.25 437.5 -1749.13 1018.5 236.625 -1626.63 -800.875 -215.375 2507.63 2311.63 -304.375 292 -824.875 430.875 -1753.13 1028.75 232 -1621 -745 430.875 -1583.38 906.625 236.625 -1410.63 1577.5 -304.375 1146.13 -753 437.5 -1579 1036.13 236.625 -1615.63 1492.75 -304.375 1248.63 -1064.38 437.5 -1286.75 1361.88 236.625 -978.375 470.75 -215.375 2597.88 2129.25 -304.375 1547 -894.75 437.5 -1410 1357.13 232 -986 521.25 -215.375 2532.38 2306.38 -304.375 1267.88 -1217.38 437.5 -1143.13 1553.25 232 -1128.5 2549.13 -304.375 654.5 -1140.88 437.5 -1214.88 1557.63 236.625 -1121.5 2611.13 -304.375 329.75 -1275.63 437.5 -1197.88 2098.63 236.625 -636.25 2166.38 -304.375 857.625 -1311 437.5 -1155.13 1909.88 236.625 -581 2131.88 -217 -1172 2447 -304.375 968.875 970 437.5 -1355.38 1901 236.625 -608.25 1885.63 -304.375 484.125 1011.75 437.5 -1325 2121.38 236.625 -673.375 1968.13 -217 -1429.88 1813 -304.375 717.75 525.625 437.5 -1584.38 1785.13 236.625 -706.75 2611.13 -304.375 -329.75 461.875 437.5 -1385.75 1824.5 236.625 -585.625 1773.38 -217 -1665.38 2549.13 -304.375 -654.5 505.375 437.5 -1591 1350.75 236.625 -993.625 1885.38 -304.375 -484 439.625 437.5 -1392.88 1547.13 236.625 -1135.88 1550.75 -217 -1874.5 1931.25 -304.375 -243.875 622.25 437.5 -1322.25 -112.625 437.5 -1933.63 714.25 236.625 -1517.88 2003.13 -304.375 1699.38 783 437.5 -1233.88 -100.5 437.5 -1746.5 -417.625 236.625 -2189.5 374.75 232.375 -1964.5 1303.5 -217 -2054 1708.75 -304.375 939.375 837 437.5 -1194.75 -114.25 437.5 -1665.5 -481.75 236.625 -2174.5 374.75 232 -1964.5 1495.75 -304.375 1320 -101.5 437.5 -1457.25 -512.875 236.625 -2116.63 359.75 232 -1885.88 1917.75 -304.375 1706.38 273.75 437.5 -1435.5 -816.25 437.5 -1756.5 323.75 236.625 -1645.38 2306.38 -304.375 -1267.88 91.75 437.5 -1458.5 -736.5 437.5 -1586.75 1559.63 236.625 -617.5 314.25 232 -1647.75 790.75 -217 -2295.25 2129.25 -304.375 -1547 -719.125 437.5 -1506.5 1590.38 236.625 -516.5 1797.38 236.625 -1317.25 1574.88 -304.375 -1144.13 -273.75 437.5 -1435.5 -631 437.5 -1317.5 1634.5 236.625 -500.25 1807.25 236.625 -1304 734.25 -217 -2269.5 1705.75 -304.375 -937.75 -451.5 437.5 -1389.88 451.5 430.875 -1389.88 1803.25 232 -1310.13 1419 -304.375 -1332.5 589.625 437.5 -1845 1069.25 236.625 -1292.5 1182.88 236.625 -1888.25 -1800.63 -304.875 722.25 2063.5 11.5 260.625 1898.13 -304.375 -1820.75 -783 437.5 -1233.88 -91.75 430.875 -1458.5 1201.25 236.625 -1877 -2051 -304.875 821.5 2012.75 11.5 523 1931.25 -304.375 243.875 -931.5 437.5 -1126 -622.25 430.875 -1322.25 1222.75 236.625 -1148.25 1194.38 232 -1882 -1931.25 -304.875 1073 1795.38 11.5 -215.5 2631.88 -304.375 -0 -1065.25 437.5 -1000.38 937.625 437.5 -1477.5 301 236.625 -1649.38 -1696.38 -304.875 943.875 1794.75 6.125 -226.625 1946.63 -304.375 -0 -1129.88 437.5 -996.625 745 437.5 -1583.38 1470 236.625 -808.125 407.75 236.625 -2190.75 -1780.88 -304.875 1307.38 2063.5 6.125 -260.625 2447 -304.375 -968.875 1140.63 437.5 -1561.38 516 430.875 -1588.25 -139.875 236.625 -2224.63 430.25 236.625 -2186.25 -1602.38 -304.875 1520.88 2064.25 11.5 -249.375 1809.88 -304.375 -716.625 1038.13 437.5 -1635.88 540.75 431.375 -1664.25 139.875 236.625 -2224.63 417.625 232 -2189.5 -1409 -304.875 1339.38 1792.75 11.5 -237.25 1806 -304.375 -1818.63 824.875 437.5 -1753.13 530.5 437.5 -1666.88 -394.5 236.625 -1670.5 -1565.13 -304.875 1150.63 2014.63 11.5 -517.25 1416.13 -304.375 -1405.75 327.875 437.5 -1719 688.5 236.625 -2120 -445.75 236.625 -1863.88 -1398.63 -304.875 1710.13 2061.25 11.5 -272.75 363 437.5 -1903.13 109.875 437.5 -1746.5 -414.75 236.625 -1871.75 -1230.5 -304.875 1507 1587.75 11.5 -866 121.625 437.5 -1933.63 -104.75 430.875 -1666.63 -362.375 236.625 -1635.25 -1172.75 -304.875 1872.13 1585.25 6.125 -871.5 -327.875 437.5 -1719 -105.25 236.625 -1674.13 -928.625 -304.875 2004.5 1822.63 6.125 -1002 -363 437.5 -1903.13 -540.75 437.5 -1664.25 -314.25 236.625 -1647.75 -817.75 -304.875 1768.88 1825.13 11.5 -996.75 -598.625 437.5 -1842.63 -711 430.875 -1511 105.25 236.625 -1674.13 -1032.38 -304.875 1650.88 1889.13 11.5 -1046.38 -937.625 437.5 -1477.5 518.25 236.625 -1595.38 -670.125 -304.875 2105 1747.38 11.5 -1269.5 -1038.13 437.5 -1635.88 -1115.38 437.5 -1348.38 949 236.625 -2016.88 -590.125 -304.875 1859 1968.13 11.5 -1429.88 -1235 437.5 -1492.88 -1195.5 437.5 -1273.13 1061.13 236.625 -1694.38 -1844.88 -304.875 586.25 2128.75 11.5 -1176.88 -1412.38 437.5 -1326.25 1021 437.5 -1417 1071.63 232 -1688.63 -2077.5 -304.875 741.875 1682.75 11.5 -1222.5 -1422.25 437.5 -1314.25 -1250.88 437.5 -1102.5 1078.88 236.625 -1683.25 418.5 -304.875 2331.13 1516.25 11.5 -1423.75 -1419.5 437.5 -1250.13 1063.38 437.5 -1386.13 1223.75 236.625 -1479.38 148.75 -304.875 2365.25 1574.5 11.5 -1478.5 904 437.5 -1197.63 1399.5 236.625 -1314.25 177.625 -304.875 2631.25 1331.13 11.5 -1597.5 1149.63 437.5 -1488.25 894.75 229.5 -1410 1457.88 236.625 -1369 470.75 -304.875 2597.88 1382.13 11.5 -1659.25 970 229.5 -1355.38 1274.75 236.625 -1541 40 -304.875 1060.13 1367.88 11.5 -1670.63 1420.75 236.625 -1717.5 40 -304.875 1888.25 1157.38 11.5 -1823.63 1624.88 236.625 -1525.88 116.125 -304.875 1887.5 1303.5 11.5 -2054 711 229.5 -1511 1611.88 236.625 -1182.88 116.125 -304.875 1060.13 1542.5 11.5 -1880.38 1622.25 236.625 -1168.75 -352.875 -304.875 1919.88 1114.5 11.5 -1756.13 1618 232 -1175.5 -401.125 -304.875 2172.38 885.5 11.5 -1882 104.75 229.5 -1666.63 1682.5 236.625 -924.875 -113.875 -304.875 1060.13 919.625 11.5 -1954.38 312.875 229.5 -1640.38 1859.5 236.625 -736.125 -113.875 -304.875 1888.25 646.375 11.5 -1976.75 1752.5 236.625 -963.5 -40 -304.875 1888.25 669.375 11.5 -2053.5 1953.25 236.625 -1073.75 -40 -304.875 1060.13 1933.88 11.5 -765.625 -104.75 222.75 -1666.63 2072.5 236.625 -820.5 -196.625 -304.875 1950.63 1895.25 11.5 -1035.25 1833.25 236.625 -558.5 -138.75 -304.875 2205.63 2008.25 11.5 -795.125 -516 229.5 -1588.25 -39.875 -304.875 2205.63 1580.75 11.5 -878.375 -312.875 229.5 -1640.38 340.125 -304.875 1930.63 1818.75 11.5 -1008 -327.875 229.5 -1719 1223.75 9.875 -1479.38 403.125 -304.875 2252.63 1892.75 6.625 -1040.5 -540.75 229.5 -1664.25 1399.5 9.875 -1314.25 456 -304.875 2242.5 1892.75 6.125 -1040.5 -711 226.125 -1511 393.875 -304.875 1965.88 1158.5 11.5 -1388.63 -745 226.125 -1583.38 1553.25 9.875 -1128.5 143.75 -304.875 2285.38 1153.13 6.125 -1393.88 -1064.38 229.5 -1286.75 176.75 -304.875 1938.13 1325.75 6.125 -1602.63 -894.75 229.5 -1410 -1911.75 -304.875 555.5 1143.38 11.5 -1400.88 -937.625 229.5 -1477.5 1682.5 9.875 -924.875 -2462.25 -304.875 706.875 1316.75 11.5 -1609.13 -1115.38 229.5 -1348.38 1785.13 9.875 -706.75 -2498.13 -304.875 778 2410.88 11.5 -319 1078.88 9.875 -1683.25 -1910.38 -304.875 1401.5 2414.38 11.5 -293.375 1011.75 229.5 -1325 1036.13 9.875 -1615.63 -2071.5 -304.875 1150.13 1794.75 11.5 226.625 2413.63 6.125 -304.875 -1140.88 229.5 -1214.88 -2293.88 -304.875 1272.38 1760.5 11.5 403 2134.25 11.5 -1166.88 -1195.5 229.5 -1273.13 -2116.88 -304.875 1551.5 1797.75 11.5 461.5 2131.88 6.125 -1172 783 229.5 -1233.88 -2199.75 -304.875 880.375 1556 11.5 -1869.5 622.25 229.5 -1322.25 1824.5 9.875 -585.625 -2434.63 -304.875 973.375 1550.75 6.125 -1874.5 273.75 229.5 -1435.5 1833.25 9.875 -558.5 -1906.13 -304.875 1806.13 577.75 11.5 -1748.63 2295.38 11.5 603.875 91.75 229.5 -1458.5 -1719 -304.875 1630.38 2089.5 11.5 545 -273.75 229.5 -1435.5 1559.63 9.875 -617.5 -1665.25 -304.875 2032.38 2142.88 11.5 270.625 -451.5 229.5 -1389.88 1590.38 9.875 -516.5 -1500.5 -304.875 1833.38 1752.13 11.5 -449.875 2413.63 11.5 304.875 -783 229.5 -1233.88 1222.75 9.875 -1148.25 -1397.75 -304.875 2226.63 1682 11.5 -665.875 2366.75 11.5 553 -931.5 229.5 -1126 1357.13 9.875 -986 -1108.13 -304.875 2385.88 1809 11.5 -0 -1065.25 229.5 -1000.38 -481.75 9.875 -2174.5 -996.75 -304.875 2149.25 2080 11.5 -0 837 229.5 -1194.75 -512.875 9.875 -2116.63 -1258.5 -304.875 2007.25 2160 11.5 -0 904 229.5 -1197.63 -139.875 9.875 -2224.63 -800.875 -304.875 2507.63 2432.75 11.5 -0 516 222.75 -1588.25 -417.625 9.875 -2189.5 -719.5 -304.875 2257.25 2143.63 11.5 -259.375 -598.625 229.5 -1842.63 139.875 9.875 -2224.63 -2228.5 -304.875 793.875 2142.88 6.125 -270.625 -824.875 226.125 -1753.13 714.25 9.875 -1517.88 -431.125 -304.875 2329.63 2140.5 11.5 -283.25 -622.25 226.125 -1322.25 949 9.875 -2016.88 -480.75 -304.875 2589.75 2092.13 11.5 -537.125 -363 229.5 -1903.13 688.5 9.875 -2120 521.25 -304.875 2532.38 2356.38 11.5 -605 -1038.13 229.5 -1635.88 1069.25 9.875 -1292.5 473.625 -304.875 2320.38 2262 11.5 -895.5 -1235 229.5 -1492.88 1470 9.875 -808.125 -1931.25 -215.375 1073 40 -304.875 2285.38 1463.5 11.5 -1063.25 -1422.25 229.5 -1314.25 1634.5 9.875 -500.25 -2051 -215.375 821.5 -148.75 -304.875 2365.25 1318.63 11.5 -1238.25 -1129.88 229.5 -996.625 898.75 9.875 -1416.38 -1800.63 -215.375 722.25 -152.75 -304.875 2631.25 1773.38 11.5 -1665.38 -1419.5 229.5 -1250.13 417.625 9.875 -2189.5 -1696.38 -215.375 943.875 969.25 11.5 -1527.38 -1780.88 -227.125 1307.38 770.25 11.5 -1636.75 -1788.25 -215.375 1298.25 1035.75 11.5 -2201.25 -1571.63 -215.375 1140.25 601 11.5 -1703.75 -1565.13 -227.125 1150.63 734.25 11.5 -2269.5 -1557.38 -215.375 1160.13 790.75 11.5 -2295.25 -1409 -215.375 1339.38 1376.75 6.125 -1664.25 -1602.38 -215.375 1520.88 -1773.38 -215.375 1316.5 -1398.63 -215.375 1710.13 -1397.75 -227.125 2226.63 -1406.75 -215.375 2220.25 -1268.63 -215.375 2001.75 -1258.5 -227.125 2007.25 -1021.63 -215.375 1656.75 -928.625 -215.375 2004.5 -1162.5 -215.375 1877.75 -670.125 -215.375 2105 -590.125 -215.375 1859 -480.75 -227.125 2589.75 2063.5 -217 260.625 -494.625 -215.375 2586.25 2012.75 -217 523 -443.75 -215.375 2328 2063.5 -217 -260.625 -431.125 -227.125 2329.63 2014.63 -217 -517.25 -352.875 -227.125 1919.88 2080 -217 -0 -341 -215.375 1921.38 1809 -217 -0 -386.75 -215.375 2174.25 1933.88 -217 -765.625 -401.125 -227.125 2172.38 1035.75 -217 -2201.25 393.875 -215.375 1965.88 2008.25 -217 -795.125 438.5 -215.375 2164.5 577.75 -217 -1748.63 387.75 -215.375 2174.13 340.125 -215.375 1930.63 -2077.5 -215.375 741.875 -2103.88 -215.375 662.25 -1844.88 -215.375 586.25 40 -215.375 1060.13 116.125 -215.375 1060.13</float_array>
                    <technique_common>
                        <accessor count="673" source="#ID36" stride="3">
                            <param name="X" type="float"/>
                            <param name="Y" type="float"/>
                            <param name="Z" type="float"/>
                        </accessor>
                    </technique_common>
                </source>
                <source id="ID37">
                    <float_array id="ID38" count="825">0 1 0 -0.183311 0.98129 -0.0588802 -0.223181 0.972133 -0.0717422 -0.374393 0.919358 -0.120877 0.200112 0.97751 0.0665524 0.248091 0 -0.968737 0.366318 0.922682 0.120282 0.406857 0.913143 -0.0252647 0.20551 0.978574 -0.0126214 -0.199392 0.93115 -0.30529 -0.22881 0.912142 -0.340063 -0.395496 0.918126 0.0250552 0.217911 0.975878 -0.0133326 0.191775 0.979372 0.0636558 -0.347804 0.909105 -0.229261 0.194293 0.875274 -0.442883 0.199135 0.975567 -0.0928114 0.183486 0.979292 -0.085554 -0.368767 0.913208 0.173385 -0.18523 0.978834 0.0870227 0.339955 0.876913 -0.339785 0.197622 0.980204 -0.0120993 -0.407246 0.912949 0.0259745 -0.200609 0.979585 0.0129987 -0.057837 0.936099 -0.346949 -0.0830005 0.920075 -0.382849 -0.34476 0.932058 -0.111393 0.165038 0.984757 0.0549221 0.392938 0.897501 -0.200229 0.169286 0.983964 0.0561796 0.382735 0.906318 -0.179168 0.19716 0.97606 -0.0918436 -0.303929 0.929372 -0.209509 -0.367117 0.914018 0.172618 -0.2106 0.972553 0.0989402 0.228394 0.967737 -0.106404 -0.235577 0.971736 0.0152535 0.230832 0.97289 -0.014169 0.417197 -0.0820518 0.905105 0.0621555 -0.0844377 0.994488 -0.307253 -0.0773804 0.948477 0 -1 -0 -0.00753937 -0.999963 0.00418425 -0.00778185 -0.999958 0.00493752 -0.00449944 -0.999985 0.00296805 0.0101769 -0.999911 0.00861928 0.0145843 -0.99987 0.00685753 -0.00649455 -0.99997 0.00412125 -0.00639043 -0.999973 0.00353962 0.00678671 -0.999973 -0.00271065 0.00660968 -0.999976 -0.00214456 0.00485837 -0.999987 -0.00164231 -0.00387838 -0.999989 0.00253518 0.00799798 -0.999963 -0.00320466 0.00579985 -0.999981 -0.00198571 0.00766562 -0.999968 -0.00249241 -0.00995156 -0.999876 0.0122057 0.0126489 -0.999911 0.00426912 0.00682226 -0.999908 0.0117254 0.0161035 -0.99987 0.00100586 -0.01206 -0.999913 0.00538698 -0.00905233 -0.999958 0.00172872 0.00200851 -0.999908 0.0134052 -0.0131957 -0.999913 0.000567778 -0.0137494 -0.999876 0.00767874 -0.0090489 -0.999958 -0.00172807 0.261633 0.929818 -0.258817 0.325104 0.941701 0.0866344 0.19117 0.980851 0.0372139 0.141034 0.989614 0.0278305 -0.0766086 0.942201 -0.326172 -0.198984 0.979236 -0.0387605 -0.187128 0.981661 -0.0364069 -0.23426 0.971112 -0.0454314 0.365985 0.921406 -0.130636 0.15754 0.982507 0.0993062 0.151276 0.983876 0.0954098 0.0954396 0.993629 0.0599344 -0.287697 0.940243 -0.182136 0.0515006 0.942474 -0.330288 0.0898511 0.988201 0.124036 0.0768431 0.991374 0.106176 0.177098 0.953444 0.244091 -0.132591 0.974403 -0.181543 -0.210596 0.933893 -0.288951 -0.101974 0.98496 -0.139483 -0.191377 0.945737 -0.262594 0.164345 0.940861 -0.296262 0.40431 0.913974 0.034418 0.0870694 0.988924 0.120199 0.0663917 0.996932 0.0414485 -0.270609 0.947316 -0.171358 -0.0467032 0.998466 -0.0297265 -0.237383 0.959739 -0.150167 -0.0338223 0.999193 -0.0216733 0.161199 0.986412 0.0317148 0.130564 0.989871 0.0557593 -0.0136088 0.999904 -0.00251091 -0.0963192 0.934965 -0.341414 0.0417774 0.93301 -0.357417 0.0798828 0.990679 0.110338 0.162018 0.92873 -0.333482 0.120006 0 -0.992773 0.784576 0.571433 0.240633 -0.19384 -0.151928 0.969198 -0.797995 -0.0974603 0.594732 -0.516689 -0.144301 0.843925 -0.328958 0.942468 -0.0595148 -0.380138 0.905504 0.188567 0 0.961049 -0.276376 0 0.833345 -0.552752 -0.276069 0.959833 -0.0500739 -0.291179 0.955129 -0.0542462 -0.00170562 0.940093 -0.340914 -0.00430251 0.899595 -0.436705 -0.214003 0.967261 -0.136415 -0.261599 0.95066 -0.166769 -0.567068 0.823115 0.0302505 0.026355 0.874902 0.483583 0.437821 0.855215 0.277345 0.216358 0.966686 0.136771 0.455918 0.885617 0.0884428 0.236512 0.970511 0.0465926 -0.197574 0.979639 -0.0356773 0.292388 0.95457 0.0574926 0 0.901022 0.433774 -0.230726 0.919558 -0.318087 -0.228422 0.921068 -0.315368 0.304471 0.855764 0.41829 0.150489 0.966845 0.20631 -0.328852 0.920868 -0.209423 -0.332314 0.9192 -0.21128 -0.610934 0.689846 -0.388423 -0.616164 0.683645 -0.391115 -0.147908 0.967669 -0.204305 -0.180338 0.951534 -0.249119 -0.538369 0.822903 -0.181628 -0.15564 0.875836 0.456824 0.424392 0.692789 0.58304 0.428349 0.684674 0.589693 0.422458 0.865976 0.267609 0.0182099 0.916265 0.400159 0.516248 0.850566 0.100126 0.186617 0.907338 0.376713 0 0.62368 0.781679 -0.00387125 0.63345 -0.773774 -0 0.648119 -0.761539 0 0.820909 0.571059 0 0.95837 0.285529 0.294315 0.865973 0.404314 -0.132505 0.917139 0.375897 0.228487 0.860476 0.455385 0.696716 0.704884 0.133135 -0.424337 0.691163 -0.585005 -0.427863 0.685552 -0.589025 0 0.648119 -0.761539 -0.655174 0.745556 -0.12204 0.610089 0.691687 0.386472 0.615949 0.683917 0.390978 1 0 -0 -1 0 -0 0.179315 -0.0803222 -0.980507 0.807037 -0.0647815 -0.586936 0.532895 -0.0501172 -0.844696 0.39686 0.915076 -0.0716777 0.173096 0.974358 0.143752 0.178524 0.9727 0.148267 0.123619 0.986978 0.102918 -0.234726 0.873488 -0.426523 -0.175729 0.931065 -0.319746 -0.174415 0.932183 -0.317199 0.176429 0.920959 -0.34743 -0.319284 0.910103 -0.264141 -0.239172 0.950626 -0.197755 -0.237344 0.951416 -0.196149 0.0552741 0.930746 -0.361465 0.518773 0.763267 0.385096 0.115986 0.970181 0.212831 0.155494 0.946137 0.283983 0.115716 0.97029 0.212478 -0.03639 0.956719 -0.28873 -0.0182987 0.989157 -0.145717 0.397003 0.565505 0.722906 0.397791 0.54824 0.73566 0.0931046 0.992617 0.0777394 -0.0689807 0.996 -0.0567883 -0.0724026 0.995603 -0.0594337 0.0155343 0.992953 0.117485 0.0148528 0.993624 0.111764 0.031994 0.968336 0.247592 -0.0210457 0.985648 -0.167495 0.450094 0.311742 0.836799 0.176268 0.883256 -0.434497 -0.0369878 0.955404 -0.292976 0.288882 0.941951 -0.1711 -0.332586 0.723615 -0.604788 -0.329112 0.730395 -0.598505 -0.327081 0.733768 -0.595486 0.0127952 0.904428 -0.426434 0.0178107 0.990725 0.134709 0.0197772 0.988516 0.149814 0.339221 0.913754 0.223567 0.307831 0.934817 -0.17708 -0.623453 -0.110992 0.773942 -0.873932 -0.0721502 0.480663 -0.979653 -0.149587 0.133806 1.90122e-005 1 0.000326777 -4.33586e-005 1 -0.000168768 1.87687e-005 1 0.000223808 -6.80282e-005 1 -0.000227158 0.000146202 1 0.000128504 0.000138125 1 -0.000257868 0.000409726 1 -6.05467e-005 0.000231267 1 -0.000209205 0.000169996 1 -0.000118162 0.000172432 1 -0.000161926 0.000329748 1 -0.000250422 0.000301665 1 -0.000283415 0.000137387 1 0.000295022 9.9453e-005 1 0.00020034 0.000182978 1 6.52935e-005 0.000358595 1 -0.000206975 0.393845 0.870793 -0.294288 0.32732 0.832102 0.447736 0 0.999755 -0.0221219 1.02157e-005 0.93036 0.366646 8.47445e-005 0.92206 -0.387047 0 0.999755 -0.0221219 0 0.85963 -0.510916 0 0.957688 0.287807 0.0802305 0.976109 -0.201925 0.0987044 0.9636 -0.24846 0.158855 0.902531 -0.400254 -0.079645 0.976589 0.199828 -0.167896 0.889683 -0.424589 -0.297966 0.586253 -0.753342 -0.219257 0.803165 -0.553943 -0.295237 0.598098 -0.745059 -1.71242e-005 1 -0.000742383 0.000183636 1 -0.000448952 8.90223e-005 1 -0.000348155 -6.102e-005 1 0.000311972 -0.0707774 0.981529 0.177741 -4.2451e-005 1 0.000165369 0.169187 0.88332 0.437175 1.68253e-005 1 -0.000246972 1.0259e-005 0.922028 -0.387124 0.000165335 1 -0.000161036 -3.8939e-005 1 0.000137641 0.328921 0.914488 -0.235633 -0.0750866 0.979204 0.188472 -0.147042 0.917329 0.369981 0.164195 0.895429 -0.41382 0.377401 0.922877 -0.0765915 0.149007 0.914794 0.375432 0.145699 0.918883 0.366641 0.0945216 0.966806 0.237386 9.95409e-006 0.930367 0.36663 0.433261 0.893684 -0.116678 -0.0679832 0.983001 0.170552 -0.167163 0.890998 -0.422112 -0.298138 0.586298 -0.753239 0.213996 0.898576 -0.383102 0.267614 0.818264 -0.50875 0.276179 0.661383 0.69735 0.270753 0.678532 0.682852 0.497898 0.795217 0.346018 0.266314 0.691953 0.671028 0.000147079 0.970191 0.242343 0.000292149 1 -0.00011034 -3.55125e-005 1 0.000138209 0.000100339 1 0.000164146 -0.924405 -0.0496581 0.378166 -0.997968 -0.0631056 0.00883157 -0.928473 -0.0770669 -0.363316</float_array>
                    <technique_common>
                        <accessor count="275" source="#ID38" stride="3">
                            <param name="X" type="float"/>
                            <param name="Y" type="float"/>
                            <param name="Z" type="float"/>
                        </accessor>
                    </technique_common>
                </source>
                <source id="ID39">
                    <float_array id="ID40" count="910">-1.29883 3.5144 -1.45532 3.78833 -1.21521 3.52393 -1.41187 3.89355 -1.31299 4.0791 -1.38367 4.22998 -1.53308 3.92456 -1.4873 4.03516 1.65125 4.78662 1.53955 4.52246 1.63953 4.97607 1.48474 4.60205 1.37683 4.75879 1.50696 5.1687 1.12769 5.03296 1.23096 5.47217 -1.67712 4.33643 -1.66431 4.36743 -1.43481 4.79858 -1.28003 4.42456 0.875244 5.23267 0.863159 5.24219 0.949463 5.69507 0.938232 5.70386 1.17676 4.12842 0.968628 4.35718 1.32141 4.58398 1.0835 4.84546 0.862915 5.24243 0.849976 5.24902 -1.04199 3.84912 -1.21411 4.26489 -1.04993 4.75879 -1.18005 5.1687 0.0090332 5.4519 -0.260864 5.38379 -0.00561523 5.93652 -0.306274 5.8606 0.0571289 4.70972 0.0446777 4.70972 0.0397949 5.24829 0.02771 5.24829 0.587769 5.38379 0.926514 5.70996 0.633179 5.8606 -0.641724 4.35718 -0.653076 4.34473 -0.756714 4.84546 -0.767212 4.83398 -0.892944 5.48096 -0.611328 5.70386 -0.789673 5.04175 -0.536255 5.24219 0.0319824 4.70654 0.0153809 5.24536 0.0175781 5.93945 0.320801 5.93945 0.0332031 5.45508 0.305542 5.45508 0.761108 4.52148 0.747803 4.53198 0.843628 5.03564 0.831177 5.04541 0.732422 4.54004 0.817383 5.05249 -0.810913 5.02173 -0.913574 5.46167 0.517822 4.65015 0.282104 4.70972 0.568359 5.18042 0.299072 5.24829 -0.630737 4.36597 -0.745605 4.85425 -0.849854 4.12842 -0.994507 4.58398 -0.800781 5.03296 -0.904053 5.47217 -0.190918 4.65015 -0.241455 5.18042 0.0212402 5.45508 0.00598145 5.93945 1.33337 4.03467 1.24658 4.02686 1.47266 4.36426 1.4187 4.44263 -1.67358 4.17041 -0.504272 5.04541 -0.420898 4.53198 1.08765 4.86328 0.834229 5.06396 1.22131 5.43091 0.93103 5.66089 0.962891 5.85767 1.26538 5.61841 0.963013 5.85791 1.3916 6.15479 1.05444 6.42163 0.553101 5.20386 0.299683 5.26782 0.61377 5.81982 0.319336 5.89404 0.633789 6.02295 0.325928 6.10083 0.691162 6.60498 0.344482 6.69238 0.58252 5.19312 0.643066 5.80859 0.662964 6.01172 0.720215 6.59326 1.3147 4.61377 1.48157 5.14478 1.53662 5.32007 1.69421 5.82202 -0.243286 5.19946 -0.305542 5.16699 -0.302124 5.81592 -0.373291 5.7793 -0.321533 6.01929 -0.39563 5.9812 -0.377075 6.60156 -0.460083 6.56299 0.0270996 5.26782 0.00732422 5.89404 0.000854492 6.10083 -0.0175781 6.69238 -0.413452 5.75879 -0.439941 5.9585 -0.500244 6.41309 2.52441 2.45068 2.53589 2.38037 2.22156 2.27173 2.27869 2.22949 1.50427 5.11646 1.74719 4.76367 1.33667 4.58594 1.54712 4.28003 2.4895 4.34424 2.49707 4.32568 2.24939 3.99634 2.25732 3.97729 2.50208 4.30981 2.69116 3.71387 2.26282 3.95972 2.4314 3.42847 2.1792 3.8374 2.3407 3.32861 1.9259 3.46704 2.0658 3.02637 2.62354 2.50928 2.56982 2.84009 2.90881 2.67773 2.84546 3.05835 2.47351 2.76392 2.18176 2.53296 2.05005 4.47803 2.26611 4.88403 1.9115 3.50659 1.74585 3.90674 2.16553 3.87476 1.97461 4.33643 1.70898 5.80566 1.71802 5.79272 1.55017 5.30518 1.55957 5.2915 1.49475 5.13037 2.00208 5.37988 1.81311 4.9231 -0.347168 5.25854 0.703857 6.60156 0.648315 6.01929 0.628906 5.81592 0.57019 5.19946 1.32654 4.60059 2.63513 2.43848 2.87927 2.58154 2.17346 3.85547 1.91968 3.48657 0.648193 6.01929 0.308105 -4.98047 0.288452 -4.77368 0.410278 -4.98047 0.388916 -4.77368 0.685181 -4.89551 0.665283 -4.69238 0.753662 -4.86914 0.730957 -4.66748 -2.31055 -0.50293 -2.224 -0.58252 -2.57996 -0.651123 -2.5592 -0.779297 -2.65833 -0.837646 -2.62268 -1.05249 -2.72046 -1.11987 -2.52502 -0.985352 -2.16675 -0.934814 -2.49072 -1.19141 -2.03174 -1.5083 -2.33582 -1.84253 -0.337158 -4.69263 -0.277832 -4.03833 -0.0144043 -4.77368 -0.0910645 -4.11377 0.129639 -4.77368 0.0158691 -3.95239 0.118286 -3.95239 -3.02295 -0.894775 -2.77942 -0.760986 -3.06934 -1.0791 -2.75757 -0.895996 -2.68323 -1.34375 -2.67969 -0.706055 -0.435059 -5.77393 -0.374023 -5.09985 -0.0343018 -5.87524 -0.0290527 -5.18701 0.412842 -5.18701 0.673096 -4.15332 0.603516 -4.06201 0.39209 -4.0813 0.220703 -3.95239 0.313843 -3.95044 -1.34094 -3.92529 -1.35425 -3.91064 -1.15869 -3.35327 -1.17261 -3.33813 0.838013 -5.61938 0.772583 -5.78882 0.776367 -5.0708 0.705078 -5.09888 -1.65698 -4.81152 -1.99146 -4.32544 -1.47827 -4.24609 -1.77844 -3.8103 -0.476563 -5.75879 -0.872925 -5.55542 -0.410767 -5.09058 -0.7677 -4.90747 -0.458618 -5.76807 -0.394409 -5.09473 -1.27063 -5.24048 -1.12646 -4.62793 0.0158691 -1.80884 0.118286 -1.80884 0.0158691 -3.90234 0.118286 -3.90234 -2.30334 -3.73999 -2.06116 -3.28516 -2.56689 -3.10278 -2.29919 -2.71533 -2.58362 -3.05664 -2.80505 -2.3584 -2.31812 -2.66943 -2.51721 -2.04199 -2.98718 -1.58447 -1.45215 -4.27466 -1.63293 -4.84204 -1.46521 -4.26025 -1.64551 -4.82837 -2.13147 -2.47241 -2.14124 -2.44897 -1.85193 -2.06787 -1.86194 -2.04346 -2.30872 -2.69238 -2.57593 -3.08081 -1.36768 -3.896 -1.64648 -3.49121 -1.18542 -3.31958 -1.42896 -2.96558 -0.370728 -4.68408 -0.703735 -4.51367 -0.306152 -4.02783 -0.60022 -3.87671 0.118286 -3.92651 0.0158691 -3.92651 0.313843 -3.92651 0.220703 -3.92651 0.313843 -3.90234 0.220703 -3.90234 -2.15076 -2.42554 -1.87048 -2.0166 0.393311 -5.87524 -0.293335 -4.03442 -0.355591 -4.68799 -1.03833 -4.25317 -0.894897 -3.64355 0.313843 -1.80884 0.220703 -1.80884 -1.91016 -3.00146 -1.66003 -2.53174 1.64307 4.56055 1.41785 4.88794 1.86743 5.09961 1.60571 5.47998 1.93372 5.25879 1.66113 5.65479 2.15967 5.80151 1.85034 6.25098 1.16016 5.17114 1.30945 5.80566 1.35352 5.99316 1.50391 6.63208 2.92542 3.95508 3.09058 3.25269 2.61609 3.61426 2.76233 2.99268 2.52539 3.5144 2.66602 2.9165 2.21814 3.17627 2.34009 2.6582 2.17712 5.77344 2.45837 5.24512 1.95215 5.229 2.20105 4.76147 1.88611 5.06958 2.12561 4.61987 1.66272 4.52905 1.87 4.13989 2.71045 4.63574 2.4248 4.2207 2.34106 4.09888 2.05737 3.68677 2.20911 3.20825 2.51721 3.5437 2.60815 3.64282 2.91833 3.98071 3.28784 1.69409 3.31177 0.934814 2.9375 1.60596 2.95862 0.934814 2.92224 3.96802 2.61267 3.62842 3.28687 0.145752 3.2262 -0.496582 2.93652 0.234131 2.86743 -0.47583 2.83386 0.260254 2.76807 -0.418945 2.48596 0.348145 2.44165 -0.108398 2.8551 0.934814 2.50439 0.934814 2.17017 5.78638 1.94519 5.24219 1.87915 5.08252 3.28333 1.7605 3.28687 1.72388 2.93347 1.66797 2.93652 1.63525 2.61292 3.62793 2.21484 3.19019 2.83484 1.58008 2.48694 1.49268 2.52209 3.52808 3.21277 2.50049 2.87085 2.32495 0.911133 5.46045 0.941284 5.34448 2.77051 2.27344 2.43091 2.09912 1.65564 4.54224 2.83081 1.64087 2.83386 1.60938 2.4834 1.54883 2.48596 1.52148 1.18677 6.87524 1.11377 6.80859 1.02966 6.24951 0.999878 6.05078 2.48987 -0.259766 3.13379 -0.628174 2.66272 1.56616 2.60339 2.1875 3.05212 1.66455 2.98364 2.38281 3.15479 1.69043 3.08386 2.43433 3.54248 1.78833 3.46228 2.62866 2.20142 3.896 1.99976 4.38354 2.51904 4.35767 2.28589 4.92114 2.60278 4.47925 2.36145 5.06274 2.91882 4.93848 2.64624 5.59766 2.37097 3.36182 2.71497 3.73999 2.80566 3.83984 3.14807 4.21631 2.64526 -3.48169 2.41589 -3.06152 2.75562 -3.46362 2.46326 -2.94702 2.91882 -3.06909 2.60278 -2.60962 2.80566 -1.97021 2.6825 0.934814 2.68188 0.954102 3.07507 0.934814 3.07446 0.954102 3.1781 0.917236 3.17859 0.934814 3.56873 0.917236 3.56934 0.934814 2.96204 -1.30542 2.96692 -1.28516 3.3252 -1.59399 3.3302 -1.57275 2.51904 -2.48804 2.38574 -2.81006 2.20496 -2.03174 2.09521 -2.29688 2.96887 3.14233 2.96692 3.15454 3.33215 3.42993 3.3302 3.44238 2.50061 5.64185 2.61975 5.64746 2.29028 5.19629 2.98364 -0.513428 2.87476 -1.18335 2.60376 -0.318359 2.51404 -0.895996 3.05212 0.205078 3.07458 0.917236 3.15479 0.178955 2.66272 0.303467 2.68201 0.917236 3.33398 -1.54932 2.97095 -1.26001 2.86584 -1.229 2.71497 -1.87061 2.50513 -0.942383 2.37476 -1.49658 2.86719 3.09302 2.96338 3.16968 3.32642 3.45825 3.17798 0.954102 2.21936 5.04614 2.33948 -2.92188 2.09912 -2.48169 2.50964 -0.923096 2.87061 -1.20874 1.99609 4.57324 2.87256 3.06616 2.87061 3.07837 2.50757 2.77734 2.50562 2.78955 2.50244 2.80298 3.56873 0.954102 3.54248 0.0810547 3.14807 -2.34668 3.08386 -0.564941 3.46228 -0.759277</float_array>
                    <technique_common>
                        <accessor count="455" source="#ID40" stride="2">
                            <param name="S" type="float"/>
                            <param name="T" type="float"/>
                        </accessor>
                    </technique_common>
                </source>
                <vertices id="ID41">
                    <input semantic="POSITION" source="#ID35"/>
                </vertices>
                <triangles count="751" material="Material1">
                    <input offset="0" semantic="VERTEX" source="#ID41"/>
                    <input offset="1" semantic="NORMAL" source="#ID37"/>
                    <input offset="2" semantic="TEXCOORD" source="#ID39" set="0"/>
                    <p>342 0 2 424 0 1 348 0 0 424 0 1 342 0 2 246 0 3 249 0 4 246 0 3 342 0 2 246 0 3 249 0 4 414 0 5 246 0 3 255 0 6 424 0 1 255 0 6 246 0 3 252 0 7 414 0 5 252 0 7 246 0 3 355 0 10 429 0 9 437 0 8 429 0 9 355 0 10 419 0 11 343 0 12 419 0 11 355 0 10 362 0 13 343 0 12 355 0 10 343 0 12 362 0 13 349 0 14 369 0 15 349 0 14 362 0 13 252 0 7 418 0 17 423 0 16 418 0 17 252 0 7 413 0 18 409 0 19 413 0 18 252 0 7 175 3 22 182 2 21 179 1 20 182 2 21 175 3 22 172 4 23 167 0 26 280 0 25 284 0 24 280 0 25 167 0 26 164 0 27 182 5 21 370 5 29 363 5 28 370 6 29 182 2 21 172 4 23 238 0 31 342 0 2 335 0 30 342 0 2 238 0 31 249 0 4 408 0 33 409 0 19 404 0 32 409 0 19 408 0 33 413 0 18 200 8 36 390 0 35 210 7 34 390 0 35 200 8 36 394 0 37 193 11 40 330 10 39 196 9 38 330 10 39 193 11 40 386 12 41 323 13 43 375 0 42 370 6 29 375 0 42 323 13 43 380 0 44 179 1 20 369 0 15 175 3 22 369 0 15 179 1 20 349 0 14 400 16 47 314 15 46 336 14 45 314 15 46 400 16 47 309 17 48 304 19 51 399 0 50 300 18 49 399 0 50 304 19 51 395 0 52 386 12 41 295 20 53 330 10 39 295 20 53 386 12 41 291 21 54 285 23 57 385 0 56 281 22 55 385 0 56 285 23 57 381 0 58 380 0 44 381 0 58 375 0 42 381 0 58 380 0 44 385 0 56 266 26 61 320 25 60 269 24 59 320 25 60 266 26 61 356 27 62 394 0 37 395 0 52 390 0 35 395 0 52 394 0 37 399 0 50 356 27 62 276 28 63 320 25 60 276 28 63 356 27 62 273 29 64 226 31 66 404 0 32 235 30 65 404 0 32 226 31 66 408 0 33 189 0 69 303 0 68 299 0 67 303 0 68 189 0 69 186 0 70 219 33 72 336 14 45 222 32 71 336 14 45 219 33 72 400 16 47 309 17 48 329 0 73 314 15 46 329 0 73 309 17 48 242 0 74 300 18 49 232 34 75 304 19 51 232 34 75 300 18 49 230 35 76 291 21 54 313 0 77 295 20 53 313 0 77 291 21 54 216 0 78 281 22 55 207 36 79 285 23 57 207 36 79 281 22 55 203 37 80 273 29 64 299 0 67 276 28 63 299 0 67 273 29 64 189 0 69 269 24 59 164 0 27 266 26 61 164 0 27 269 24 59 280 0 25 262 0 83 290 0 82 433 0 81 290 0 82 262 0 83 259 0 84 259 0 84 284 0 24 290 0 82 284 0 24 259 0 84 167 0 26 255 0 6 423 0 16 428 0 85 423 0 16 255 0 6 252 0 7 242 0 74 335 0 30 329 0 73 335 0 30 242 0 74 238 0 31 230 35 76 235 30 65 232 34 75 235 30 65 230 35 76 226 31 66 222 32 71 213 0 86 219 33 72 213 0 86 222 32 71 319 0 87 216 0 78 319 0 87 313 0 77 319 0 87 216 0 78 213 0 86 203 37 80 210 7 34 207 36 79 210 7 34 203 37 80 200 8 36 196 9 38 186 0 70 193 11 40 186 0 70 196 9 38 303 0 68 222 32 71 336 14 45 314 15 46 230 38 76 300 38 49 226 38 66 203 39 80 281 39 55 200 39 36 196 9 38 330 10 39 295 20 53 172 40 23 175 40 22 323 40 43 370 6 29 172 4 23 323 13 43 269 24 59 320 25 60 276 28 63 526 41 4 613 41 0 530 41 5 613 41 0 526 41 4 567 41 2 504 41 31 567 41 2 526 41 4 567 41 2 504 41 31 563 41 30 507 42 74 563 41 30 504 41 31 563 41 30 507 42 74 558 43 73 591 44 45 558 43 73 507 42 74 571 41 82 521 41 83 575 41 81 521 41 83 571 41 82 442 41 84 534 41 24 442 41 84 571 41 82 442 41 84 534 41 24 438 41 26 537 45 25 438 41 26 534 41 24 438 41 26 537 45 25 452 46 27 514 41 19 599 48 33 510 47 32 599 48 33 514 41 19 603 41 18 608 41 16 603 41 18 514 41 19 530 41 5 608 41 16 514 41 19 608 41 16 530 41 5 618 41 85 613 41 0 618 41 85 530 41 5 493 49 52 595 41 37 489 41 35 595 41 37 493 49 52 583 50 50 587 51 76 583 50 50 493 49 52 500 52 75 599 48 33 587 51 76 599 48 33 500 52 75 510 47 32 497 54 47 553 53 87 591 44 45 553 53 87 497 54 47 483 55 86 476 58 41 546 57 68 135 56 39 546 57 68 476 58 41 462 59 70 135 56 39 486 60 78 476 58 41 486 60 78 135 56 39 549 61 77 128 64 60 466 63 69 579 62 62 466 63 69 128 64 60 541 65 67 579 62 62 537 45 25 128 64 60 537 45 25 579 62 62 452 46 27 486 60 78 553 53 87 483 55 86 553 53 87 486 60 78 549 61 77 466 63 69 546 57 68 462 59 70 546 57 68 466 63 69 541 65 67 591 44 45 507 42 74 497 54 47 493 49 52 500 52 75 587 51 76 211 0 90 405 0 89 282 0 88 405 0 89 211 0 90 197 0 91 217 0 93 208 0 92 194 0 91 410 0 95 214 0 94 217 0 93 214 0 94 410 0 95 376 0 96 190 67 99 401 0 98 344 66 97 401 0 98 190 67 99 183 0 100 187 68 101 183 0 100 190 67 99 183 0 100 187 68 101 180 0 102 351 69 103 180 0 102 187 68 101 180 0 102 351 69 103 364 0 104 197 0 91 301 70 105 405 0 89 301 70 105 197 0 91 201 71 106 208 0 92 201 71 106 197 0 91 201 71 106 208 0 92 204 72 107 376 0 96 204 72 107 208 0 92 204 72 107 376 0 96 358 73 108 227 75 110 282 0 88 223 74 109 282 0 88 227 75 110 211 0 90 415 76 111 211 0 90 227 75 110 211 0 90 415 76 111 217 0 93 325 77 112 217 0 93 415 76 111 217 0 93 325 77 112 410 0 95 176 0 115 387 0 114 396 0 113 387 0 114 176 0 115 382 0 116 165 0 117 382 0 116 176 0 115 382 0 116 165 0 117 158 0 118 286 0 119 158 0 118 165 0 117 158 0 118 286 0 119 292 0 120 173 0 122 396 0 113 391 0 121 396 0 113 173 0 122 176 0 115 168 0 123 176 0 115 173 0 122 176 0 115 168 0 123 165 0 117 357 0 124 165 0 117 168 0 123 165 0 117 357 0 124 286 0 119 183 0 100 391 0 121 401 0 98 391 0 121 183 0 100 173 0 122 180 0 102 173 0 122 183 0 100 173 0 122 180 0 102 168 0 123 364 0 104 168 0 123 180 0 102 168 0 123 364 0 104 357 0 124 158 0 118 377 0 125 382 0 116 377 0 125 158 0 118 160 0 126 292 0 120 160 0 126 158 0 118 160 0 126 292 0 120 296 0 127 310 0 130 480 0 129 270 0 128 480 0 129 310 0 130 315 0 131 233 79 134 430 0 133 236 78 132 430 0 133 233 79 134 324 0 135 453 82 138 321 81 137 311 80 136 321 81 137 453 82 138 459 83 139 456 85 142 473 0 141 316 84 140 473 0 141 456 85 142 470 0 143 239 87 146 463 0 145 250 86 144 463 0 145 239 87 146 350 0 147 263 0 150 467 0 149 260 0 148 467 0 149 263 0 150 477 0 151 470 0 143 477 0 151 473 0 141 477 0 151 470 0 143 467 0 149 350 0 147 267 0 152 463 0 145 267 0 152 350 0 147 305 0 153 459 83 139 316 84 140 321 81 137 316 84 140 459 83 139 456 85 142 311 80 136 439 0 154 453 82 138 439 0 154 311 80 136 449 0 155 277 89 158 337 0 157 274 88 156 337 0 157 277 89 158 434 0 159 324 0 135 434 0 159 430 0 133 434 0 159 324 0 135 337 0 157 420 92 162 331 91 161 338 90 160 331 91 161 420 92 162 425 93 163 231 94 164 425 93 163 420 92 162 425 93 163 231 94 164 236 78 132 415 76 111 338 90 160 325 77 112 338 90 160 415 76 111 420 92 162 227 75 110 420 92 162 415 76 111 420 92 162 227 75 110 231 94 164 443 0 166 449 0 155 446 0 165 449 0 155 443 0 166 439 0 154 387 0 114 377 0 125 371 0 167 377 0 125 387 0 114 382 0 116 293 96 169 358 73 108 365 95 168 358 73 108 293 96 169 204 72 107 297 97 170 204 72 107 293 96 169 204 72 107 297 97 170 201 71 106 297 97 170 344 66 97 306 98 171 344 66 97 297 97 170 190 67 99 306 98 171 201 71 106 297 97 170 201 71 106 306 98 171 301 70 105 220 99 172 236 78 132 231 94 164 236 78 132 220 99 172 233 79 134 305 0 153 270 0 128 267 0 152 270 0 128 305 0 153 310 0 130 256 0 173 263 0 150 260 0 148 263 0 150 256 0 173 253 0 174 243 101 176 250 86 144 247 100 175 250 86 144 243 101 176 239 87 146 223 74 109 231 94 164 227 75 110 231 94 164 223 74 109 220 99 172 425 93 163 446 0 165 331 91 161 446 0 165 425 93 163 443 0 166 274 88 156 247 100 175 277 89 158 247 100 175 274 88 156 243 101 176 293 102 169 187 102 101 287 102 177 187 68 101 293 96 169 365 95 168 293 96 169 190 67 99 297 97 170 190 67 99 293 96 169 287 103 177 233 79 134 220 99 172 223 74 109 239 87 146 243 101 176 274 88 156 301 70 105 306 98 171 344 66 97 365 104 168 358 104 108 351 104 103 217 0 93 194 0 91 211 0 90 321 105 137 316 105 140 311 105 136 187 68 101 365 95 168 351 69 103 338 106 160 331 106 161 325 106 112 190 67 99 287 103 177 187 68 101 588 41 88 522 41 132 614 41 172 522 41 132 588 41 88 592 41 95 122 41 89 592 41 95 588 41 88 592 41 95 122 41 89 596 41 96 619 41 168 596 41 96 122 41 89 515 41 152 604 41 147 511 41 145 604 41 147 515 41 152 550 41 153 538 41 128 550 41 153 515 41 152 550 41 153 538 41 128 554 41 130 494 41 159 600 41 135 490 41 133 600 41 135 494 41 159 559 41 157 564 41 176 559 41 157 494 41 159 129 41 121 584 41 104 126 41 98 584 41 104 129 41 121 576 41 124 580 41 119 576 41 124 129 41 121 133 41 114 568 41 120 580 41 119 568 41 120 133 41 114 572 41 127 147 41 167 572 41 127 133 41 114 124 41 171 584 41 104 619 41 168 584 41 104 124 41 171 126 41 98 522 41 132 600 41 135 614 41 172 600 41 135 522 41 132 490 41 133 501 41 175 604 41 147 564 41 176 604 41 147 501 41 175 511 41 145 554 41 130 542 41 129 609 41 131 542 41 129 554 41 130 538 41 128 131 41 113 580 41 119 129 41 121 580 41 119 131 41 113 133 41 114 592 41 95 518 41 163 522 41 132 122 41 89 124 41 171 619 41 168 494 41 159 501 41 175 564 41 176 60 0 180 93 0 179 95 0 178 93 0 179 60 0 180 59 0 181 54 0 182 59 0 181 60 0 180 59 0 181 54 0 182 666 0 183 56 0 184 666 0 183 54 0 182 666 0 183 56 0 184 664 0 185 35 0 188 670 0 187 61 0 186 670 0 187 35 0 188 669 0 189 5 0 190 669 0 189 35 0 188 669 0 189 5 0 190 101 0 191 89 0 192 101 0 191 5 0 190 668 0 193 669 0 189 101 0 191 669 0 189 668 0 193 615 0 194 610 0 195 615 0 194 668 0 193 615 0 194 610 0 195 620 0 196 605 0 197 620 0 196 610 0 195 49 0 200 656 108 199 658 107 198 656 108 199 49 0 200 51 0 201 52 0 202 51 0 201 49 0 200 51 0 201 52 0 202 30 109 203 47 110 204 30 109 203 52 0 202 63 0 207 7 0 206 62 0 205 7 0 206 63 0 207 6 0 208 73 0 209 6 0 208 63 0 207 6 41 208 73 41 209 89 41 192 8 0 210 5 0 190 35 0 188 5 0 190 8 0 210 6 0 208 7 0 206 6 0 208 8 0 210 99 0 213 87 112 212 18 111 211 87 112 212 99 0 213 97 0 214 3 0 215 97 0 214 99 0 213 667 0 217 664 0 185 662 0 216 664 0 185 667 0 217 666 0 183 59 0 181 666 0 183 667 0 217 58 0 218 59 0 181 667 0 217 59 0 181 58 0 218 25 113 219 24 114 220 25 113 219 58 0 218 641 117 223 37 116 222 643 115 221 37 116 222 641 117 223 13 118 224 91 0 227 240 0 226 244 0 225 240 0 226 91 0 227 4 0 228 639 120 231 79 0 230 638 119 229 79 0 230 639 120 231 81 0 232 650 122 235 228 0 234 648 121 233 228 0 234 650 122 235 85 0 236 87 112 212 646 123 237 18 111 211 646 123 237 87 112 212 652 124 238 85 0 236 224 0 239 228 0 234 224 0 239 85 0 236 83 0 240 27 125 243 43 0 242 41 0 241 43 0 242 27 125 243 39 125 244 81 0 232 77 0 245 79 0 230 77 0 245 81 0 232 75 0 246 75 0 246 12 126 247 77 0 245 12 126 247 75 0 246 11 127 248 68 129 251 69 0 250 16 128 249 69 0 250 68 129 251 66 0 252 66 0 252 71 0 253 69 0 250 71 0 253 66 0 252 73 0 209 640 132 256 15 131 255 64 130 254 15 131 255 640 132 256 637 133 257 630 136 260 622 135 259 635 134 258 622 135 259 630 136 260 628 137 261 16 128 249 10 138 262 68 129 251 10 138 262 16 128 249 9 139 263 14 141 266 636 0 265 34 140 264 636 0 265 14 141 266 161 0 267 17 143 270 644 0 269 32 142 268 644 0 269 17 143 270 645 0 271 27 125 243 45 144 272 39 125 244 45 144 272 27 125 243 29 144 273 20 145 274 25 113 219 24 114 220 25 113 219 20 145 274 22 146 275 0 147 276 22 144 275 20 144 274 22 144 275 0 147 276 1 148 277 83 0 240 15 131 255 224 0 239 15 131 255 83 0 240 64 130 254 626 150 279 605 0 197 624 149 278 605 0 197 626 150 279 620 0 196 2 0 280 3 0 215 99 0 213 3 0 215 2 0 280 240 0 226 32 142 268 654 151 281 17 143 270 654 151 281 32 142 268 660 152 282 10 153 262 12 126 247 11 127 248 12 126 247 10 153 262 9 154 263 169 0 284 643 115 221 642 0 283 643 115 221 169 0 284 641 117 223 672 0 285 1 148 277 0 147 276 1 148 277 672 0 285 671 0 286 34 140 264 13 118 224 14 141 266 13 118 224 34 140 264 37 116 222 29 155 273 47 110 204 45 155 272 47 110 204 29 155 273 30 109 203 656 108 199 660 156 282 658 107 198 660 156 282 656 108 199 654 151 281 648 121 233 652 124 238 650 122 235 652 124 238 648 121 233 646 123 237 645 0 271 642 0 283 644 0 269 642 0 283 645 0 271 169 0 284 638 119 229 640 157 256 639 120 231 640 157 256 638 119 229 637 158 257 161 0 267 634 0 287 636 0 265 634 0 287 161 0 267 632 0 288 632 0 288 635 134 258 634 0 287 635 134 258 632 0 288 630 136 260 624 149 278 628 137 261 626 150 279 628 137 261 624 149 278 622 135 259 626 150 279 628 137 261 630 136 260 89 0 192 5 0 190 6 0 208 30 159 203 29 159 273 27 159 243 0 160 276 20 160 274 24 160 220 17 143 270 654 151 281 656 108 199 240 0 226 4 0 228 3 0 215 18 161 211 646 161 237 648 161 233 12 162 247 9 162 263 16 162 249 15 163 255 637 163 257 638 163 229 14 141 266 13 118 224 641 117 223 73 0 209 63 0 207 71 0 253 670 0 187 669 0 189 615 0 194 93 0 179 59 0 181 25 113 219 539 41 253 523 41 252 527 41 250 523 41 252 539 41 253 535 41 209 516 41 207 535 41 209 539 41 253 535 41 209 516 41 207 585 41 192 416 41 187 585 41 192 516 41 207 585 41 192 416 41 187 421 41 193 326 41 194 421 41 193 416 41 187 421 41 193 326 41 194 332 41 195 345 41 196 332 41 195 326 41 194 332 41 195 345 41 196 339 41 197 352 41 259 339 41 197 345 41 196 431 41 215 616 41 213 611 41 214 616 41 213 431 41 215 435 41 280 440 41 226 435 41 280 431 41 215 440 41 226 601 41 227 597 41 225 601 41 227 440 41 226 426 41 228 431 41 215 426 41 228 440 41 226 565 41 239 581 41 236 577 41 234 581 41 236 565 41 239 569 41 240 573 41 256 569 41 240 565 41 239 543 41 245 555 41 232 551 41 230 555 41 232 543 41 245 547 41 246 519 41 262 547 41 246 543 41 245 491 41 182 498 41 216 495 41 184 498 41 216 491 41 182 487 41 217 505 41 218 487 41 217 491 41 182 392 41 283 411 41 271 406 41 269 411 41 271 392 41 283 397 41 284 402 41 224 397 41 284 392 41 283 359 41 287 383 41 267 378 41 265 383 41 267 359 41 287 366 41 288 372 41 261 366 41 288 359 41 287 589 41 238 616 41 213 593 41 237 616 41 213 589 41 238 611 41 214 457 41 281 481 41 200 460 41 282 481 41 200 457 41 281 478 41 201 560 41 257 555 41 232 573 41 256 555 41 232 560 41 257 551 41 230 593 41 237 581 41 236 589 41 238 581 41 236 593 41 237 577 41 234 531 41 263 523 41 252 519 41 262 523 41 252 531 41 263 527 41 250 508 41 186 516 41 207 512 41 205 516 41 207 508 41 186 416 41 187 502 41 180 505 41 218 491 41 182 505 41 218 502 41 180 606 41 178 468 41 203 474 41 242 471 41 204 474 41 242 468 41 203 464 41 241 388 41 222 383 41 267 402 41 224 383 41 267 388 41 222 378 41 265 460 41 282 411 41 271 457 41 281 411 41 271 460 41 282 406 41 269 447 41 219 454 41 285 450 41 220 454 41 285 447 41 219 444 41 286 447 41 219 505 41 218 606 41 178 505 41 218 447 41 219 450 41 220 478 41 201 484 41 202 481 41 200 484 41 202 478 41 201 468 41 203 573 41 256 565 41 239 560 41 257 519 41 262 543 41 245 531 41 263 352 41 259 345 41 196 372 41 261 402 41 224 392 41 283 388 41 222 372 41 261 359 41 287 352 41 259 484 41 202 468 41 203 471 41 204 513 165 291 621 0 290 509 164 289 621 0 290 513 165 291 458 0 292 445 166 293 458 0 292 513 165 291 458 0 292 445 166 293 448 0 294 455 167 295 448 0 294 445 166 293 448 0 294 455 167 295 451 0 296 458 0 292 623 0 297 621 0 290 623 0 297 458 0 292 461 0 298 448 0 294 461 0 298 458 0 292 461 0 298 448 0 294 465 0 299 451 0 296 465 0 299 448 0 294 465 0 299 451 0 296 625 0 300 479 169 303 602 0 302 529 168 301 602 0 302 479 169 303 482 0 304 398 170 305 482 0 304 479 169 303 482 0 304 398 170 305 475 0 306 384 171 307 475 0 306 398 170 305 475 0 306 384 171 307 561 0 308 441 173 311 617 0 310 536 172 309 617 0 310 441 173 311 432 0 312 436 174 313 432 0 312 441 173 311 432 0 312 436 174 313 427 0 314 499 175 315 427 0 314 436 174 313 427 0 314 499 175 315 612 0 316 432 0 312 412 0 317 617 0 310 412 0 317 432 0 312 407 0 318 427 0 314 407 0 318 432 0 312 407 0 318 427 0 314 422 0 319 612 0 316 422 0 319 427 0 314 422 0 319 612 0 316 607 0 320 488 177 322 607 0 320 485 176 321 607 0 320 488 177 322 422 0 319 403 178 323 422 0 319 488 177 322 422 0 319 403 178 323 407 0 318 417 179 324 407 0 318 403 178 323 407 0 318 417 179 324 412 0 317 582 181 327 578 0 326 520 180 325 578 0 326 582 181 327 574 0 328 403 178 323 533 182 329 417 179 324 533 182 329 403 178 323 492 183 330 552 0 333 562 0 332 557 0 331 562 0 332 552 0 333 548 0 334 524 0 337 333 0 336 327 0 335 333 0 336 524 0 337 528 0 338 488 177 322 492 183 330 403 178 323 492 183 330 488 177 322 485 176 321 566 0 340 327 0 335 570 0 339 327 0 335 566 0 340 524 0 337 633 185 342 536 172 309 540 184 341 536 172 309 633 185 342 441 173 311 506 186 343 441 173 311 633 185 342 441 173 311 506 186 343 436 174 313 590 189 346 525 188 345 517 187 344 525 188 345 590 189 346 586 190 347 485 176 321 496 191 348 492 183 330 496 191 348 485 176 321 389 192 349 340 194 351 570 0 339 360 193 350 570 0 339 340 194 351 566 0 340 496 196 348 529 168 301 533 195 329 529 168 301 496 196 348 479 169 303 393 197 352 479 169 303 496 196 348 479 169 303 393 197 352 398 170 305 482 0 304 598 0 353 602 0 302 598 0 353 482 0 304 594 0 354 594 0 354 517 187 344 598 0 353 517 187 344 594 0 354 590 189 346 586 190 347 520 180 325 525 188 345 520 180 325 586 190 347 582 181 327 574 0 328 557 0 331 578 0 326 557 0 331 574 0 328 552 0 333 627 0 356 461 0 298 544 0 355 461 0 298 627 0 356 623 0 297 561 0 308 373 0 357 475 0 306 373 0 357 561 0 308 556 0 358 445 166 293 540 184 341 455 167 295 540 184 341 445 166 293 633 185 342 513 165 291 633 185 342 445 166 293 633 185 342 513 165 291 506 186 343 509 164 289 506 186 343 513 165 291 506 186 343 509 164 289 503 198 359 503 198 359 436 174 313 506 186 343 436 174 313 503 198 359 499 175 315 367 201 362 353 200 361 379 199 360 353 200 361 367 201 362 346 202 363 389 192 349 398 170 305 393 197 352 398 170 305 389 192 349 384 171 307 556 0 358 379 199 360 373 0 357 379 199 360 556 0 358 367 201 362 346 202 363 360 193 350 353 200 361 360 193 350 346 202 363 340 194 351 629 0 365 625 0 300 631 0 364 625 0 300 629 0 365 472 0 366 472 0 366 465 0 299 625 0 300 465 0 299 472 0 366 469 0 367 469 0 367 461 0 298 465 0 299 461 0 298 469 0 367 544 0 355 499 175 315 503 198 359 509 164 289 540 203 341 536 203 309 455 203 295 533 204 329 529 204 301 417 204 324 525 205 345 520 205 325 517 205 344 340 194 351 346 202 363 367 201 362 533 182 329 492 183 330 496 191 348 333 0 336 528 0 338 532 0 368 562 0 332 548 0 334 545 0 369 384 171 307 389 192 349 485 176 321 496 41 348 389 41 349 393 41 352 307 41 364 665 41 355 317 41 365 665 41 355 307 41 364 145 41 356 661 41 300 145 41 356 307 41 364 145 41 356 661 41 300 148 41 297 212 41 290 148 41 297 661 41 300 212 41 290 278 41 341 205 41 359 278 41 341 212 41 290 288 41 296 661 41 300 288 41 296 212 41 290 647 41 335 137 41 338 154 41 337 137 41 338 647 41 335 649 41 336 184 41 349 659 41 306 177 41 308 659 41 306 184 41 349 257 41 329 278 41 341 198 41 316 205 41 359 198 41 316 278 41 341 271 41 310 651 41 361 657 41 340 162 41 363 657 41 340 651 41 361 655 41 339 271 41 310 191 41 320 198 41 316 191 41 320 271 41 310 264 41 317 177 41 308 653 41 357 170 41 358 653 41 357 177 41 308 659 41 306 657 41 340 647 41 335 154 41 337 647 41 335 657 41 340 655 41 339 184 41 349 264 41 317 257 41 329 264 41 317 184 41 349 191 41 320 162 41 363 653 41 357 651 41 361 653 41 357 162 41 363 170 41 358 257 41 329 663 41 304 659 41 306 649 41 336 139 41 368 137 41 338 140 208 372 142 207 371 141 206 370 142 207 371 140 208 372 138 209 373 76 210 374 138 209 373 140 208 372 138 209 373 76 210 374 78 211 375 31 212 376 78 211 375 76 210 374 78 211 375 31 212 376 33 213 377 166 0 380 156 0 379 171 0 378 156 0 379 166 0 380 159 0 381 115 214 382 159 0 381 166 0 380 159 0 381 115 214 382 106 215 383 38 216 384 106 215 383 115 214 382 106 215 383 38 216 384 40 217 385 110 219 387 171 0 378 113 218 386 171 0 378 110 219 387 166 0 380 114 220 388 166 0 380 110 219 387 166 0 380 114 220 388 115 214 382 36 221 389 115 214 382 114 220 388 115 214 382 36 221 389 38 216 384 46 0 392 155 0 391 57 0 390 155 0 391 46 0 392 146 0 393 48 0 394 146 0 393 46 0 392 146 0 393 48 0 394 90 0 395 92 0 396 90 0 395 48 0 394 151 224 399 65 223 398 132 222 397 65 223 398 151 224 399 163 225 400 103 228 403 105 227 402 104 226 401 105 227 402 103 228 403 102 229 404 96 232 407 100 231 406 98 230 405 100 231 406 96 232 407 94 233 408 21 0 411 88 0 410 86 0 409 88 0 410 21 0 411 23 0 412 74 236 415 84 235 414 82 234 413 84 235 414 74 236 415 80 237 416 107 240 419 42 239 418 44 238 417 42 239 418 107 240 419 106 215 383 26 243 422 123 242 421 174 241 420 123 242 421 26 243 422 121 244 423 119 247 426 152 246 425 178 245 424 152 246 425 119 247 426 104 226 401 178 245 424 67 249 428 181 248 427 67 249 428 178 245 424 152 246 425 116 251 430 94 233 408 118 250 429 94 233 408 116 251 430 100 231 406 130 253 433 149 0 432 150 252 431 149 0 432 130 253 433 19 0 434 174 241 420 181 248 427 26 243 422 181 248 427 174 241 420 178 245 424 127 255 436 110 219 387 111 254 435 110 219 387 127 255 436 114 220 388 72 256 437 114 220 388 127 255 436 114 220 388 72 256 437 36 221 389 109 257 438 140 208 372 163 225 400 140 208 372 109 257 438 76 210 374 163 225 400 141 206 370 65 223 398 141 206 370 163 225 400 140 208 372 157 0 439 106 215 383 107 240 419 106 215 383 157 0 439 159 0 381 23 0 412 153 0 440 88 0 410 153 0 440 23 0 412 55 0 441 104 226 401 151 224 399 152 246 425 151 224 399 104 226 401 105 227 402 152 246 425 132 222 397 67 249 428 132 222 397 152 246 425 151 224 399 150 252 431 120 258 442 130 253 433 120 258 442 150 252 431 125 259 443 86 0 409 19 0 434 21 0 411 19 0 434 86 0 409 149 0 432 70 0 444 159 0 381 157 0 439 159 0 381 70 0 444 156 0 379 82 234 413 143 261 446 144 260 445 143 261 446 82 234 413 84 235 414 144 260 445 134 263 448 136 262 447 134 263 448 144 260 445 143 261 446 84 265 414 111 254 435 143 264 446 111 254 435 84 265 414 127 255 436 143 264 446 112 266 449 134 263 448 112 266 449 143 264 446 111 254 435 78 211 375 144 260 445 138 209 373 144 260 445 78 211 375 82 234 413 138 209 373 136 262 447 142 207 371 136 262 447 138 209 373 144 260 445 105 227 402 163 225 400 151 224 399 163 225 400 105 227 402 109 257 438 80 267 416 127 255 436 84 265 414 127 255 436 80 267 416 72 256 437 33 213 377 82 234 413 78 211 375 82 234 413 33 213 377 74 236 415 102 229 404 109 257 438 105 227 402 109 257 438 102 229 404 108 268 450 28 269 451 104 226 401 119 247 426 104 226 401 28 269 451 103 228 403 121 244 423 125 259 443 123 242 421 125 259 443 121 244 423 120 258 442 98 230 405 50 0 452 96 232 407 50 0 452 98 230 405 92 0 396 53 271 454 119 247 426 117 270 453 119 247 426 53 271 454 28 269 451 117 270 453 118 250 429 53 271 454 118 250 429 117 270 453 116 251 430 111 254 435 113 218 386 112 266 449 113 218 386 111 254 435 110 219 387 108 268 450 76 210 374 109 257 438 76 210 374 108 268 450 31 212 376 80 272 416 74 272 415 72 272 437 136 262 447 134 263 448 112 266 449 108 273 450 102 273 404 103 273 403 118 274 429 94 274 408 96 274 407 130 253 433 120 258 442 121 244 423 92 0 396 48 0 394 50 0 452 67 249 428 132 222 397 65 223 398 42 239 418 106 215 383 40 217 385 347 41 397 225 41 424 334 41 427 225 41 424 347 41 397 229 41 426 341 41 404 229 41 426 347 41 397 229 41 426 341 41 404 251 41 451 368 41 417 322 41 379 374 41 444 322 41 379 368 41 417 328 41 418 318 41 386 354 41 416 361 41 448 354 41 416 318 41 386 302 41 389 361 41 448 272 41 377 275 41 371 272 41 377 361 41 448 354 41 416 279 41 370 341 41 404 347 41 397 341 41 404 279 41 370 268 41 376 254 41 406 248 41 454 258 41 408 248 41 454 254 41 406 215 41 453 221 41 443 289 41 434 265 41 442 289 41 434 221 41 443 206 41 432 218 41 420 334 41 427 225 41 424 334 41 427 218 41 420 261 41 422 312 41 378 328 41 418 308 41 384 328 41 418 312 41 378 322 41 379 308 41 384 318 41 386 312 41 378 318 41 386 308 41 384 302 41 389 185 41 391 283 41 392 298 41 390 283 41 392 185 41 391 188 41 393 237 41 412 195 41 440 294 41 441 195 41 440 237 41 412 192 41 410 202 41 409 289 41 434 206 41 432 289 41 434 202 41 409 234 41 411 188 41 393 241 41 394 283 41 392 241 41 394 188 41 393 199 41 395 272 41 377 279 41 370 275 41 371 279 41 370 272 41 377 268 41 376 265 41 442 218 41 420 221 41 443 218 41 420 265 41 442 261 41 422 258 41 408 209 41 396 254 41 406 209 41 396 258 41 408 245 41 452 248 41 454 229 41 426 251 41 451 229 41 426 248 41 454 215 41 453 241 41 394 209 41 396 245 41 452 209 41 396 241 41 394 199 41 395 234 41 411 192 41 410 237 41 412 192 41 410 234 41 411 202 41 409</p>
                </triangles>
            </mesh>
        </geometry>
        <geometry id="ID43">
            <mesh>
                <source id="ID44">
                    <float_array id="ID45" count="1848">-584 2226.25 -28.25 -584 2226.25 -28.25 -850.5 2238 -491 -501 2169.75 88.25 -584 2198 -39.875 -908.25 2228 -524.375 -558.875 2149.75 98.5 -564 2198 -39.875 -981.75 2228 -421 -505.25 2169.75 40 -564 2226.25 -28.25 -564 2226.25 -28.25 -1095.88 2228 -407.25 -564 2149.75 40 -584 2169.75 -28.25 -1010.88 2228 -407.5 -439.875 2149.75 579.375 -564 2169.75 -28.25 -1283.63 2238 -0 -380.25 2169.75 572 -584 2158 -0 -1264.13 2238 -222.875 -419.125 2149.75 645.375 -564 2158 -0 -1333.13 2228 -235 -364.625 2169.75 619.375 -584 2169.75 28.25 -1353.75 2228 -0 0 2228 755.125 -564 2169.75 28.25 -1197.38 2228 -433.625 -131.125 2228 743.625 -584 2198 39.875 -1290.38 2228 -389.875 -141.5 2238 802.75 -564 2198 39.875 -1235.75 2238 -328.75 0 2238 815.125 -584 2226.25 28.25 -1173.38 2238 -361.875 -258.25 2228 709.625 -564 2226.25 28.25 -1076.75 2238 -337.5 -278.75 2238 766 -584 2238 -0 -993.75 2238 -340.5 -328.875 2228 662 -564 2238 -0 -945 2238 -360.625 -365.25 2238 709.75 -564 2198 -0 141.5 2238 -802.75 0 2238 982 -584 2198 -0 131.125 2228 -743.625 -170.5 2238 967.125 -1062.13 2226.25 -28.25 -1062.13 2226.25 -28.25 278.75 2238 -766 -182.125 2228 1032.88 -1062.13 2198 -39.875 258.25 2228 -709.625 0 2228 1048.75 -1042.13 2198 -39.875 407.5 2238 -705.875 -335.875 2238 922.875 -1042.13 2226.25 -28.25 -1042.13 2226.25 -28.25 377.5 2228 -653.875 -358.625 2228 985.5 -1062.13 2169.75 -28.25 523.875 2238 -624.375 -491 2238 850.5 -1042.13 2169.75 -28.25 485.375 2228 -578.375 -524.375 2228 908.25 -1062.13 2158 -0 624.375 2238 -523.875 -631.25 2238 752.25 -1042.13 2158 -0 578.375 2228 -485.375 -674.125 2228 803.375 -1062.13 2169.75 28.25 705.875 2238 -407.5 -752.25 2238 631.25 -1042.13 2169.75 28.25 653.875 2228 -377.5 -803.375 2228 674.125 -1062.13 2198 39.875 766 2238 -278.75 -850.5 2238 491 -1042.13 2198 39.875 709.625 2228 -258.25 -908.25 2228 524.375 -1062.13 2226.25 28.25 802.75 2238 -141.5 -981.75 2228 421 -1042.13 2226.25 28.25 743.625 2228 -131.125 -1095.88 2228 407.25 -1062.13 2238 -0 815.125 2238 -0 -1010.88 2228 407.5 -1042.13 2238 -0 755.125 2228 -0 -1264.13 2238 222.875 -1042.13 2198 -0 182.125 2228 -1032.88 -1333.13 2228 235 -1062.13 2198 -0 170.5 2238 -967.125 -1290.38 2228 389.875 -140.125 2245.63 -795.125 358.625 2228 -985.5 -1197.38 2228 433.625 0 2245.63 -807.375 335.875 2238 -922.875 -1173.38 2238 361.875 0 2245.63 -762.75 524.375 2228 -908.25 -1235.75 2238 328.75 -132.375 2245.63 -751.25 491 2238 -850.5 -1076.75 2238 337.5 -276.125 2245.63 -758.75 674.125 2228 -803.375 -993.75 2238 340.5 -260.875 2245.63 -716.75 631.25 2238 -752.25 -945 2238 360.625 -360.5 2245.63 -703.625 803.375 2228 -674.125 141.5 2238 802.75 -333.5 2245.63 -668.125 752.25 2238 -631.25 131.125 2228 743.625 -180.75 2245.63 -1025.25 908.25 2228 -524.375 278.75 2238 766 0 2245.63 -1041.13 850.5 2238 -491 258.25 2228 709.625 0 2245.63 -989.75 945 2238 -360.625 407.5 2238 705.875 -171.875 2245.63 -974.75 1044.88 2238 -334 377.5 2228 653.875 -356 2245.63 -978.375 975.5 2238 -344 523.875 2238 624.375 -338.5 2245.63 -930 1049.75 2228 -395.625 485.375 2228 578.375 -520.5 2245.63 -901.625 1010.88 2228 -400.125 624.375 2238 523.875 -494.875 2245.63 -857.125 1353.75 2228 -0 578.375 2228 485.375 -669.125 2245.63 -797.5 1333.13 2228 -235 705.875 2238 407.5 -636.125 2245.63 -758.125 1264.13 2238 -222.875 653.875 2228 377.5 -797.5 2245.63 -669.125 1283.63 2238 -0 766 2238 278.75 -758.125 2245.63 -636.125 1173.38 2238 -361.875 709.625 2228 258.25 -901.625 2245.63 -520.5 1235.75 2238 -328.75 802.75 2238 141.5 -857.125 2245.63 -494.875 1290.38 2228 -394.75 743.625 2228 131.125 -949.5 2245.63 -367 1206.25 2228 -439 182.125 2228 1032.88 -977.375 2245.63 -414.625 981.75 2228 -413.375 170.5 2238 967.125 -1079.25 2245.63 -346 -434.125 2238 -502.125 358.625 2228 985.5 -1093.38 2245.63 -400.5 -439.875 2238 -579.375 335.875 2238 922.875 -1008.88 2245.63 -400.25 -378.125 2228 -520.125 524.375 2228 908.25 -995.875 2245.63 -347.75 -354.625 2228 -362.125 491 2238 850.5 -1346 2245.63 -0 -434.75 2238 -364.75 674.125 2228 803.375 -1325.63 2245.63 -233.625 -491.5 2238 -283.75 631.25 2238 752.25 -1271.75 2245.63 -224.125 -440.625 2228 -254.375 803.375 2228 674.125 -1291.38 2245.63 -0 -389.75 2228 -327 752.25 2238 631.25 -1285.25 2245.63 -383.75 -533.25 2238 -194.125 908.25 2228 524.375 -1194.13 2245.63 -426.125 -478.125 2228 -174 850.5 2238 491 -1176.63 2245.63 -369.5 -558.875 2238 -98.5 945 2238 360.625 -1243.88 2245.63 -335 -501 2228 -88.25 1044.88 2238 334 140.125 2245.63 -795.125 -505.25 2228 -40 975.5 2238 344 132.375 2245.63 -751.25 -417.625 2238 -383.75 1010.88 2228 400.125 276.125 2245.63 -758.75 -380.25 2228 -572 1049.75 2228 395.625 260.875 2245.63 -716.75 -364.625 2228 -619.375 1333.13 2228 235 403.625 2245.63 -699.25 -419.125 2238 -645.375 1264.13 2238 222.875 381.375 2245.63 -660.625 -567.5 2238 -0 1235.75 2238 328.75 519 2245.63 -618.5 -564 2238 -40 1173.38 2238 361.875 490.25 2245.63 -584.375 -508.75 2228 -0 1206.25 2228 439 618.5 2245.63 -519 0 2245.63 762.75 1290.38 2228 394.75 584.375 2245.63 -490.25 0 2245.63 807.375 981.75 2228 413.375 699.25 2245.63 -403.625 -140.125 2245.63 795.125 -434.125 2238 502.125 660.625 2245.63 -381.375 -132.375 2245.63 751.25 -439.875 2238 579.375 758.75 2245.63 -276.125 -276.125 2245.63 758.75 -378.125 2228 520.125 716.75 2245.63 -260.875 -260.875 2245.63 716.75 -354.625 2228 362.125 795.125 2245.63 -140.125 -360.5 2245.63 703.625 -491.5 2238 283.75 751.25 2245.63 -132.375 -333.5 2245.63 668.125 -434.75 2238 364.75 807.375 2245.63 -0 0 2245.63 989.75 -389.75 2228 327 762.75 2245.63 -0 0 2245.63 1041.13 -440.625 2228 254.375 180.75 2245.63 -1025.25 -180.75 2245.63 1025.25 -533.25 2238 194.125 171.875 2245.63 -974.75 -171.875 2245.63 974.75 -478.125 2228 174 356 2245.63 -978.375 -356 2245.63 978.375 -558.875 2238 98.5 338.5 2245.63 -930 -338.5 2245.63 930 -501 2228 88.25 520.5 2245.63 -901.625 -520.5 2245.63 901.625 -505.25 2228 40 494.875 2245.63 -857.125 -494.875 2245.63 857.125 -417.625 2238 383.75 669.125 2245.63 -797.5 -669.125 2245.63 797.5 -380.25 2228 572 636.125 2245.63 -758.125 -636.125 2245.63 758.125 -364.625 2228 619.375 797.5 2245.63 -669.125 -797.5 2245.63 669.125 -419.125 2238 645.375 758.125 2245.63 -636.125 -758.125 2245.63 636.125 -564 2238 40 901.625 2245.63 -520.5 -901.625 2245.63 520.5 857.125 2245.63 -494.875 -857.125 2245.63 494.875 979.75 2245.63 -350.75 -977.375 2245.63 414.625 1006.75 2245.63 -393.625 -949.5 2245.63 367 1049.13 2245.63 -387.875 -1008.88 2245.63 400.25 1045.5 2245.63 -341.625 -1093.38 2245.63 400.5 1325.63 2245.63 -233.625 -1079.25 2245.63 346 1346 2245.63 -0 -995.875 2245.63 347.75 1291.38 2245.63 -0 -1271.75 2245.63 224.125 1271.75 2245.63 -224.125 -1325.63 2245.63 233.625 1203 2245.63 -431.375 -1176.63 2245.63 369.5 1285.25 2245.63 -388.5 -1194.13 2245.63 426.125 1240.88 2245.63 -335 -1285.25 2245.63 383.75 1176.63 2245.63 -369.5 -1243.88 2245.63 335 977.375 2245.63 -407 132.375 2245.63 751.25 949.5 2245.63 -367 140.125 2245.63 795.125 -385.625 2245.63 -517.5 260.875 2245.63 716.75 -426.625 2245.63 -504.875 276.125 2245.63 758.75 -432.125 2245.63 -578.5 381.375 2245.63 660.625 -386.875 2245.63 -572.875 403.625 2245.63 699.25 -395.625 2245.63 -332 490.25 2245.63 584.375 -447.25 2245.63 -258.25 519 2245.63 618.5 -484.875 2245.63 -279.875 584.375 2245.63 490.25 -428.875 2245.63 -359.875 618.5 2245.63 519 -485.25 2245.63 -176.625 660.625 2245.63 381.375 -526.125 2245.63 -191.5 699.25 2245.63 403.625 -508.625 2245.63 -89.625 716.75 2245.63 260.875 -551.375 2245.63 -97.125 758.75 2245.63 276.125 -516.5 2245.63 -0 751.25 2245.63 132.375 -559.875 2245.63 -0 795.125 2245.63 140.125 -556.375 2245.63 -40 171.875 2245.63 974.75 -513 2245.63 -39.875 180.75 2245.63 1025.25 -410.375 2245.63 -381.25 338.5 2245.63 930 -362 2245.63 -364.625 356 2245.63 978.375 -411.25 2245.63 -641.625 494.875 2245.63 857.125 -372.625 2245.63 -623.25 520.5 2245.63 901.625 0 2169.75 -755.125 636.125 2245.63 758.125 0 2149.75 -815.125 669.125 2245.63 797.5 -141.5 2149.75 -802.75 758.125 2245.63 636.125 -131.125 2169.75 -743.625 797.5 2245.63 669.125 -278.75 2149.75 -766 857.125 2245.63 494.875 -258.25 2169.75 -709.625 901.625 2245.63 520.5 -365.25 2149.75 -709.75 1049.13 2245.63 387.875 -328.875 2169.75 -662 1006.75 2245.63 393.625 0 2149.75 -982 979.75 2245.63 350.75 0 2169.75 -1048.75 1045.5 2245.63 341.625 -182.125 2169.75 -1032.88 1325.63 2245.63 233.625 -170.5 2149.75 -967.125 1271.75 2245.63 224.125 -358.625 2169.75 -985.5 1240.88 2245.63 335 -335.875 2149.75 -922.875 1285.25 2245.63 388.5 -524.375 2169.75 -908.25 1203 2245.63 431.375 -491 2149.75 -850.5 1176.63 2245.63 369.5 -674.125 2169.75 -803.375 977.375 2245.63 407 -631.25 2149.75 -752.25 949.5 2245.63 367 -803.375 2169.75 -674.125 -432.125 2245.63 578.5 -752.25 2149.75 -631.25 -426.625 2245.63 504.875 -908.25 2169.75 -524.375 -385.625 2245.63 517.5 -850.5 2149.75 -491 -386.875 2245.63 572.875 -1264.13 2149.75 -222.875 -484.875 2245.63 279.875 -1333.13 2169.75 -235 -447.25 2245.63 258.25 -1353.75 2169.75 -0 -395.625 2245.63 332 -1283.63 2149.75 -0 -428.875 2245.63 359.875 -1197.38 2169.75 -433.625 -526.125 2245.63 191.5 -1290.38 2169.75 -389.875 -485.25 2245.63 176.625 -1235.75 2149.75 -328.75 -551.375 2245.63 97.125 -1173.38 2149.75 -361.875 -508.625 2245.63 89.625 -993.75 2149.75 -340.5 -556.375 2245.63 40 -1010.88 2169.75 -407.5 -513 2245.63 39.875 -1095.88 2169.75 -407.25 -362 2245.63 364.625 -1076.75 2149.75 -337.5 -410.375 2245.63 381.25 -981.75 2169.75 -421 -411.25 2245.63 641.625 -945 2149.75 -360.625 -372.625 2245.63 623.25 141.5 2149.75 -802.75 -141.5 2149.75 802.75 131.125 2169.75 -743.625 0 2149.75 815.125 278.75 2149.75 -766 0 2169.75 755.125 258.25 2169.75 -709.625 -131.125 2169.75 743.625 407.5 2149.75 -705.875 -278.75 2149.75 766 377.5 2169.75 -653.875 -258.25 2169.75 709.625 523.875 2149.75 -624.375 -365.25 2149.75 709.75 485.375 2169.75 -578.375 -328.875 2169.75 662 624.375 2149.75 -523.875 -182.125 2169.75 1032.88 578.375 2169.75 -485.375 0 2169.75 1048.75 705.875 2149.75 -407.5 0 2149.75 982 653.875 2169.75 -377.5 -170.5 2149.75 967.125 766 2149.75 -278.75 -358.625 2169.75 985.5 709.625 2169.75 -258.25 -335.875 2149.75 922.875 802.75 2149.75 -141.5 -524.375 2169.75 908.25 743.625 2169.75 -131.125 -491 2149.75 850.5 815.125 2149.75 -0 -674.125 2169.75 803.375 755.125 2169.75 -0 -631.25 2149.75 752.25 182.125 2169.75 -1032.88 -803.375 2169.75 674.125 170.5 2149.75 -967.125 -752.25 2149.75 631.25 358.625 2169.75 -985.5 -908.25 2169.75 524.375 335.875 2149.75 -922.875 -850.5 2149.75 491 524.375 2169.75 -908.25 -1333.13 2169.75 235 491 2149.75 -850.5 -1264.13 2149.75 222.875 674.125 2169.75 -803.375 -1235.75 2149.75 328.75 631.25 2149.75 -752.25 -1290.38 2169.75 389.875 803.375 2169.75 -674.125 -1197.38 2169.75 433.625 752.25 2149.75 -631.25 -1173.38 2149.75 361.875 908.25 2169.75 -524.375 -1095.88 2169.75 407.25 850.5 2149.75 -491 -1010.88 2169.75 407.5 945 2149.75 -360.625 -993.75 2149.75 340.5 981.75 2169.75 -413.375 -1076.75 2149.75 337.5 1044.88 2149.75 -334 -981.75 2169.75 421 1049.75 2169.75 -395.625 -945 2149.75 360.625 1010.88 2169.75 -400.125 141.5 2149.75 802.75 975.5 2149.75 -344 131.125 2169.75 743.625 1353.75 2169.75 -0 278.75 2149.75 766 1333.13 2169.75 -235 258.25 2169.75 709.625 1264.13 2149.75 -222.875 407.5 2149.75 705.875 1283.63 2149.75 -0 377.5 2169.75 653.875 1235.75 2149.75 -328.75 523.875 2149.75 624.375 1290.38 2169.75 -394.75 485.375 2169.75 578.375 1206.25 2169.75 -439 624.375 2149.75 523.875 1173.38 2149.75 -361.875 578.375 2169.75 485.375 -378.125 2169.75 -520.125 705.875 2149.75 407.5 -434.125 2149.75 -502.125 653.875 2169.75 377.5 -417.625 2149.75 -383.75 766 2149.75 278.75 -354.625 2169.75 -362.125 709.625 2169.75 258.25 -491.5 2149.75 -283.75 802.75 2149.75 141.5 -440.625 2169.75 -254.375 743.625 2169.75 131.125 -389.75 2169.75 -327 182.125 2169.75 1032.88 -434.75 2149.75 -364.75 170.5 2149.75 967.125 -533.25 2149.75 -194.125 358.625 2169.75 985.5 -478.125 2169.75 -174 335.875 2149.75 922.875 -558.875 2149.75 -98.5 524.375 2169.75 908.25 -501 2169.75 -88.25 491 2149.75 850.5 -567.5 2149.75 -0 674.125 2169.75 803.375 -508.75 2169.75 -0 631.25 2149.75 752.25 -505.25 2169.75 -40 803.375 2169.75 674.125 -564 2149.75 -40 752.25 2149.75 631.25 -380.25 2169.75 -572 908.25 2169.75 524.375 -439.875 2149.75 -579.375 850.5 2149.75 491 -364.625 2169.75 -619.375 981.75 2169.75 413.375 -419.125 2149.75 -645.375 945 2149.75 360.625 -131.125 2228 -743.625 1010.88 2169.75 400.125 0 2228 -755.125 1049.75 2169.75 395.625 0 2238 -815.125 1044.88 2149.75 334 -141.5 2238 -802.75 975.5 2149.75 344 -258.25 2228 -709.625 1264.13 2149.75 222.875 -278.75 2238 -766 1333.13 2169.75 235 -328.875 2228 -662 1206.25 2169.75 439 -365.25 2238 -709.75 1290.38 2169.75 394.75 -170.5 2238 -967.125 1235.75 2149.75 328.75 0 2238 -982 1173.38 2149.75 361.875 0 2228 -1048.75 -417.625 2149.75 383.75 -182.125 2228 -1032.88 -434.125 2149.75 502.125 -335.875 2238 -922.875 -378.125 2169.75 520.125 -358.625 2228 -985.5 -354.625 2169.75 362.125 -491 2238 -850.5 -389.75 2169.75 327 -524.375 2228 -908.25 -440.625 2169.75 254.375 -631.25 2238 -752.25 -491.5 2149.75 283.75 -674.125 2228 -803.375 -434.75 2149.75 364.75 -752.25 2238 -631.25 -478.125 2169.75 174 -803.375 2228 -674.125 -533.25 2149.75 194.125</float_array>
                    <technique_common>
                        <accessor count="616" source="#ID45" stride="3">
                            <param name="X" type="float"/>
                            <param name="Y" type="float"/>
                            <param name="Z" type="float"/>
                        </accessor>
                    </technique_common>
                </source>
                <source id="ID46">
                    <float_array id="ID47" count="2070">-1 0 0 1 0 -0 0 0.923318 -0.384035 0 0.990525 -0.137329 0 0.923319 -0.384035 0 0.990525 0.137329 0 0.796132 0.605123 0 0.602111 0.798413 0 0.135896 0.990723 0 -0.135896 0.990723 0 -0.602111 0.798413 0 -0.796132 0.605123 0 -0.990525 0.137329 0 -0.990525 -0.137329 0 -0.796132 -0.605123 0 -0.602111 -0.798413 0 -0.135896 -0.990723 0 0.135896 -0.990723 0 0.380544 -0.924763 -0.956066 0 -0.293153 -0.995425 0 0.0955469 -0.920124 0.376617 0.107388 -0.919926 0.389234 -0.0472605 -0.378257 0.925027 0.0353119 -0.360805 0.930302 -0.0660081 0.557839 0.829002 0.0396284 0.469766 0.8444 0.257503 0.962327 0.197876 0.186469 0.84977 0.231532 0.473585 0.74938 -0.503516 0.430001 0.68503 0.211419 0.697163 0.512761 -0.585768 0.627656 0.454414 0.202998 0.867352 0.294025 -0.587892 0.753613 0.197975 0.204017 0.95874 0.117405 -0.585579 0.802068 0.0284604 0.203574 0.978646 -0.0213698 -0.463912 0.885623 -0.141659 0.204289 0.968607 -0.152632 -0.585698 0.796029 -0.308118 0.202955 0.929448 -0.289011 -0.585687 0.757261 -0.464748 0.204936 0.8614 -0.416001 -0.585685 0.695641 -0.606877 0.20557 0.767751 -0.530296 -0.585674 0.613003 -0.731145 0.205085 0.650666 -0.628801 -0.585637 0.511506 -0.832692 0.206072 0.513964 -0.707785 -0.585692 0.394975 -0.909797 0.203476 0.361757 -0.765726 -0.585696 0.26575 -0.95874 0.204017 0.197975 -0.800263 -0.585689 0.128636 -0.978953 0.204085 -9.5468e-010 -0.651364 -0.758765 -0 -0.800263 -0.585689 -0.128636 0.344225 0.836311 0.426723 0.198049 0.837731 0.508905 0.0792418 0.837139 0.541221 -0.0159785 0.83672 0.547398 -0.110625 0.836989 0.535921 -0.202389 0.836666 0.508949 -0.286315 0.838125 0.464296 -0.363245 0.837569 0.408082 -0.428251 0.837839 0.338566 -0.480959 0.837498 0.259375 -0.520362 0.836374 0.172339 -0.541221 0.837139 0.0792418 -0.548193 0.836352 -0 -0.541221 0.837139 -0.0792418 0.378641 0.925544 -5.03673e-010 0.371312 0.925342 0.0766191 0.912519 0.386627 0.133521 0.875721 0.385894 0.29017 0.979353 0 0.202156 0.929207 0 0.369561 -0.879597 0.39283 -0.268315 -0.345793 0.932454 -0.104674 -0.71418 0.377136 -0.589674 -0.305351 0.924104 -0.229766 -0.78581 0.384051 -0.484776 -0.336065 0.924263 -0.181103 -0.858635 0.382719 -0.340987 -0.363609 0.923728 -0.120478 -0.90483 0.382556 -0.186904 -0.378434 0.923971 -0.0553724 -0.92074 0.381756 -0.0806203 -0.456951 0.888593 -0.0399874 -0.899411 0.436895 -0.0134901 -0.252391 0.967625 -0 -0.456951 0.888593 0.0399874 0.465316 0.884199 -0.0409163 -0.378434 0.923971 0.0553724 0.535629 0.83717 -0.110673 -0.363609 0.923728 0.120478 0.509699 0.836167 -0.202561 -0.336065 0.924263 0.181103 0.465698 0.837058 -0.287158 -0.305351 0.924104 0.229766 0.409991 0.834182 -0.368847 -0.345793 0.932454 0.104674 0.491198 0.855341 -0.16467 0.549205 0.833564 0.0595481 0.926286 0.218383 -0.307089 0.978056 0.195537 0.0719201 0.809088 -0.581331 0.0862059 0.803207 -0.589495 -0.0857565 -0.984025 0 -0.178033 -0.80289 0.402071 -0.440121 -0.307059 0.936519 -0.169256 -0.260286 0.928711 -0.264097 -0.172467 0.925538 -0.337097 -0.0766191 0.925342 -0.371312 -0.011039 0.925497 -0.378594 0.0547964 0.925499 -0.374765 0.119319 0.925201 -0.360231 0.180698 0.924735 -0.334983 0.236751 0.924274 -0.299445 0.285523 0.924072 -0.254101 0.324526 0.924439 -0.200239 0.353369 0.924875 -0.140489 0.371312 0.925342 -0.0766191 -0.877236 0 -0.480059 -0.699831 0 -0.714309 -0.577216 0.385203 -0.720028 -0.454652 0 -0.890669 -0.33052 0.386669 -0.860955 -0.202156 0 -0.979353 -0.133521 0.386627 -0.912519 -0.0291396 0 -0.999575 0.0268716 0.386622 -0.921847 0.144787 0 -0.989463 0.186447 0.386245 -0.903356 0.314547 0 -0.949242 0.341045 0.385104 -0.857545 0.474894 0 -0.880043 0.484937 0.384043 -0.785714 0.620224 0 -0.784425 0.614132 0.383147 -0.689957 0.746964 0 -0.664864 0.724411 0.383632 -0.57276 0.850957 0 -0.525235 0.812306 0.384757 -0.438316 0.929207 0 -0.369561 0.875721 0.385894 -0.29017 0.979353 0 -0.202156 0.912519 0.386627 -0.133521 1 0 -0 -0.800141 0.201155 0.565076 -0.428913 0.83726 0.33916 -0.731125 0.204844 0.650765 -0.363394 0.837435 0.408224 -0.607131 0.20453 0.767828 -0.287332 0.837055 0.465595 -0.464586 0.203271 0.861882 -0.202435 0.836181 0.509727 -0.308025 0.20319 0.929427 -0.110729 0.837165 0.535626 -0.14181 0.204637 0.968511 -0.0158759 0.83678 0.547309 0.0285149 0.203649 0.978629 0.079097 0.837314 0.540971 0.198081 0.204368 0.958644 0.17238 0.836526 0.520105 0.361665 0.202576 0.910034 0.260015 0.83656 0.482244 0.513981 0.204157 0.833153 0.33916 0.83726 0.428913 0.650765 0.204844 0.731125 0.408224 0.837435 0.363394 0.767828 0.20453 0.60713 0.454858 0.834715 0.310411 0.809218 0.203489 0.551142 0.634841 0.207971 0.744127 0.762411 -0.386129 0.519263 0.466632 -0.715456 0.519979 0.34952 0.842499 0.409916 -0.246593 0.927913 -0.279589 -0.311317 0.924125 -0.221528 -0.753018 0.381011 -0.536465 -0.299388 0.92427 -0.236837 -0.689928 0.383146 -0.614165 -0.254167 0.924071 -0.285469 -0.572882 0.383632 -0.724315 -0.200263 0.924444 -0.324497 -0.43832 0.383615 -0.812844 -0.141325 0.923897 -0.355587 -0.290471 0.38353 -0.876659 -0.0770082 0.924848 -0.37246 -0.133347 0.386629 -0.912544 -0.0110124 0.925496 -0.378597 0.0268146 0.386618 -0.92185 0.0548791 0.925502 -0.374745 0.18659 0.385016 -0.903851 0.120153 0.924224 -0.362455 0.341078 0.382733 -0.858592 0.181163 0.924268 -0.336019 0.484976 0.384045 -0.78569 0.236837 0.92427 -0.299388 0.614165 0.383146 -0.689928 0.285469 0.924071 -0.254167 0.605574 -0.598006 0.525042 0.505255 -0.598016 0.622169 0.38946 -0.597998 0.700514 0.262143 -0.597891 0.757501 0.126386 -0.598031 0.791446 -0.0154014 -0.679389 0.733617 -0.162244 -0.597917 0.784966 -0.296055 -0.597778 0.744992 -0.420856 -0.597884 0.682214 -0.532936 -0.597903 0.598741 -0.628769 -0.597892 0.497166 -0.877236 0 0.480059 -0.80289 0.402071 0.440121 -0.699831 0 0.714309 -0.577216 0.385203 0.720028 -0.454652 0 0.890669 -0.33052 0.386669 0.860955 -0.202156 0 0.979353 -0.133521 0.386627 0.912519 -0.0291396 0 0.999575 0.0268716 0.386622 0.921847 0.144787 0 0.989463 0.186447 0.386245 0.903356 0.314547 0 0.949242 0.341045 0.385104 0.857545 0.474894 0 0.880043 0.484937 0.384043 0.785714 0.620224 0 0.784425 0.614132 0.383147 0.689957 0.746964 0 0.664864 0.724411 0.383632 0.57276 0.850957 0 0.525235 0.812306 0.384757 0.438316 -0.941543 0.326651 0.0824325 -0.999575 0 0.0291543 -0.996191 0 -0.0872022 -0.989439 0 -0.144952 -0.9493 0 -0.314373 -0.880314 0 -0.474392 -0.794922 0 -0.606712 0.549205 0.833564 -0.0595481 0.978056 0.195537 -0.0719201 0.803207 -0.589495 0.0857565 0.344225 0.836311 -0.426723 0.454414 0.202998 -0.867352 0.198049 0.837731 -0.508905 0.197975 0.204017 -0.95874 0.0792418 0.837139 -0.541221 0.0284604 0.203574 -0.978646 -0.0159785 0.83672 -0.547398 -0.141659 0.204289 -0.968607 -0.110625 0.836989 -0.535921 -0.308118 0.202955 -0.929448 -0.202389 0.836666 -0.508949 -0.464748 0.204936 -0.8614 -0.286315 0.838125 -0.464296 -0.606877 0.20557 -0.767751 -0.363245 0.837569 -0.408082 -0.731145 0.205085 -0.650667 -0.428251 0.837839 -0.338566 -0.832692 0.206072 -0.513964 -0.480959 0.837498 -0.259375 -0.909797 0.203476 -0.361757 -0.520362 0.836374 -0.172339 -0.95874 0.204017 -0.197975 -0.260286 0.928711 0.264097 -0.172467 0.925538 0.337097 -0.0766191 0.925342 0.371312 -0.011039 0.925497 0.378594 0.0547964 0.925499 0.374765 0.119319 0.925201 0.360231 0.180698 0.924735 0.334983 0.236751 0.924274 0.299445 0.285523 0.924072 0.254101 0.324526 0.924439 0.200239 0.353369 0.924875 0.140489 0.620299 0 -0.784366 0.474728 0 -0.880132 0.314325 0 -0.949315 0.144591 0 -0.989491 -0.0290688 0 -0.999577 -0.201974 0 -0.979391 -0.369287 0 -0.929315 -0.525216 0 -0.850969 -0.6649 0 -0.746933 -0.784366 0 -0.620299 -0.814377 0 -0.580336 -0.660383 0 -0.750929 -0.312923 -0.948673 -0.0458143 -0.316228 -0.948683 -0 -0.312923 -0.948673 0.0458143 -0.300301 -0.948642 0.0994825 -0.278314 -0.948669 0.150232 -0.248166 -0.948644 0.196186 -0.210384 -0.948616 0.236359 -0.166086 -0.948674 0.269134 -0.116941 -0.948649 0.293921 -0.0639127 -0.948666 0.309754 0 -0.948709 0.316151 0.270208 0 -0.962802 0.163959 0.304155 -0.938407 -0.0579686 0 -0.998318 -0.118607 0.435493 -0.892344 -0.00714838 0 -0.999974 0.213062 0.413576 -0.885189 0.684956 0 -0.728585 0.777881 0.440975 -0.447707 0.97932 0 -0.202317 0.912679 0.386197 -0.133678 0.92216 0.386809 -0 0.912679 0.386197 0.133678 0.3788 0.925479 5.0371e-010 0.356918 0.93142 0.0711808 -0.541701 0.836803 -0.0795069 -0.447356 0.852301 -0.271025 -0.959768 0.194516 -0.202507 -0.64414 0.216035 -0.733766 -0.581194 -0.720074 -0.379088 -0.12072 -0.619757 -0.775454 0.258635 -0.594947 0.761017 0.2331 0.15724 0.959656 -0.0551874 -0.505374 0.861134 -0.0350094 0.238904 0.970412 0.10096 0.213568 0.971697 -0.0766126 0.834455 0.545725 0.0500816 0.850191 0.524087 -0.046136 0.931153 -0.361698 0.357584 0.854294 0.377249 -0.318171 0.930352 -0.182244 0.544256 0.831513 0.11123 -0.374945 0.925343 -0.0561845 0.546989 0.83714 1.11506e-009 -0.378568 0.925573 -0 -0.374945 0.925343 0.0561845 -0.922258 0.386576 -0 -0.908053 0.373565 0.189445 -0.989448 0 0.144887 -0.863712 0 0.503985 -0.753018 0.381011 0.536465 -0.784366 0 0.620299 -0.689928 0.383146 0.614165 -0.6649 0 0.746933 -0.572882 0.383632 0.724315 -0.525216 0 0.850969 -0.43832 0.383615 0.812844 -0.369287 0 0.929315 -0.290471 0.38353 0.876659 -0.201974 0 0.979391 -0.133347 0.386629 0.912544 -0.0290688 0 0.999577 0.0268146 0.386618 0.92185 0.144591 0 0.989491 0.18659 0.385016 0.903851 0.314325 0 0.949315 0.341078 0.382733 0.858592 0.474728 0 0.880132 0.484976 0.384045 0.78569 0.620299 0 0.784366 0.614165 0.383146 0.689928 0.0414989 -0.957907 0.284062 0 -0.957925 0.287019 -0.0414989 -0.957907 0.284062 -0.0904244 -0.957807 0.272818 -0.13641 -0.957802 0.252996 -0.178179 -0.957851 0.225329 -0.214547 -0.957859 0.190985 -0.235248 -0.957537 0.166676 -0.577266 -0.707053 0.408461 -0.174441 -0.961461 0.212517 -0.587088 -0.398323 0.704746 -0.133952 -0.783633 0.606611 0.247312 -0.947656 -0.201955 0.275684 -0.957695 -0.0825803 0.582679 -0.790505 -0.188645 0.322515 -0.945768 0.0388297 0.318659 -0.947668 -0.0195497 0.285397 -0.948915 -0.134569 0.74938 -0.503516 -0.430001 0.223077 -0.947944 -0.227243 0.512761 -0.585768 -0.627656 0.145685 -0.948618 -0.280891 0.294025 -0.587892 -0.753613 0.0639127 -0.948666 -0.309754 0.117405 -0.585579 -0.802068 0 -0.948709 -0.316151 -0.0213698 -0.463912 -0.885623 -0.152632 -0.585698 -0.796029 0.809088 -0.581331 -0.0862059 0.926286 0.218383 0.307089 0.491198 0.855341 0.16467 0.409991 0.834182 0.368847 0.465698 0.837058 0.287158 0.509699 0.836167 0.202561 0.535629 0.837169 0.110673 0.465316 0.884199 0.0409163 -0.90483 0.382556 0.186904 -0.858635 0.382719 0.340987 -0.78581 0.384051 0.484776 -0.71418 0.377136 0.589674 -0.879597 0.39283 0.268315 -0.920124 0.376617 -0.107388 -0.956066 0 0.293153 -0.995425 0 -0.0955469 0.466632 -0.715456 -0.519979 0.762411 -0.386129 -0.519263 0.241333 -0.955739 -0.168288 0.605574 -0.598006 -0.525042 0.214547 -0.957859 -0.190985 0.505255 -0.598016 -0.622169 0.178179 -0.957851 -0.225329 0.38946 -0.597997 -0.700514 0.13641 -0.957802 -0.252996 0.262143 -0.597891 -0.757501 0.0904244 -0.957807 -0.272818 0.126386 -0.59803 -0.791446 0.0414989 -0.957907 -0.284062 -0.0154014 -0.679389 -0.733617 0 -0.957925 -0.287019 -0.0414989 -0.957907 -0.284062 0.767829 0.204527 0.60713 0.86183 0.203263 0.464686 0.929566 0.203212 0.307591 0.957156 0.246446 0.152041 0.980715 0.17546 0.0860961 0.711611 0.702574 -1.45245e-009 0.978611 0.20572 -0 0.980715 0.17546 -0.0860961 0.812388 -0.583118 -0 0.978611 0.20572 -0 0.968708 0.203683 -0.14184 0.544256 0.831513 -0.11123 0.845077 0.211143 -0.491186 0.357584 0.854294 -0.377249 0.10096 0.213568 -0.971697 0.0500816 0.850191 -0.524087 -0.0766126 0.834455 -0.545725 -0.046136 0.931153 0.361698 -0.00913444 0.923014 0.384657 0.0888327 0.374942 0.922783 -0.288923 0.388629 0.874924 -0.0247974 0 0.999692 -0.315619 0 0.948886 -0.00744536 0.929585 -0.368534 -0.0407614 0.930633 -0.363676 0.0716783 0.823804 0.562324 0.0789858 0.927463 -0.365476 -0.114961 0.837854 0.533653 -0.343466 0.842499 0.415001 -0.210559 0.198553 0.957205 -0.625922 0.204994 0.752462 -0.133952 -0.783633 -0.606611 -0.587088 -0.398323 -0.704746 -0.210559 0.198553 -0.957205 -0.625923 0.204994 -0.752462 -0.343466 0.842499 -0.415001 -0.800141 0.201155 -0.565076 -0.447772 0.83606 -0.317024 -0.428913 0.83726 -0.33916 0.313104 0.923173 0.222973 0.285469 0.924071 0.254167 0.724315 0.383632 0.572882 0.746933 0 0.6649 -0.660383 0 0.750929 -0.609139 0.389036 0.691087 -0.246593 0.927913 0.279589 -0.311317 0.924125 0.221528 -0.299388 0.92427 0.236837 0.454858 0.834715 -0.310411 0.408224 0.837435 -0.363394 0.767828 0.20453 -0.60713 0.650765 0.204844 -0.731125 -0.378257 0.925027 -0.0353119 -0.919926 0.389234 0.0472605 -0.360805 0.930302 0.0660081 -0.307059 0.936519 0.169256 0.469766 0.8444 -0.257503 0.68503 0.211419 -0.697163 0.218042 0.947049 -0.235703 -0.109967 0.846699 0.520584 0.0287639 0.193436 0.980691 0.123899 0.172852 0.977124 0.116212 -0.388368 0.914147 0.968708 0.203683 0.14184 0.920609 -0.390487 -0 0.783 -0.603315 -0.151402 0.494557 -0.722897 -0.482528 0.0410061 -0.735939 -0.675805 -0.0551874 -0.505374 -0.861134 0.814377 0 0.580336 0.75219 0.383263 0.536022 0.56977 0.392628 0.721945 0.232729 0.927399 0.292863 0.0789858 0.927463 0.365476 -0.114961 0.837854 -0.533653 0.0716783 0.823804 -0.562324 0.809218 0.203489 -0.551142 0.634841 0.207971 -0.744127 0.34952 0.842499 -0.409916 0.149005 0.836807 -0.526832 -0.115828 0.925784 0.359873 0.494557 -0.722897 0.482528 0.0527319 -0.971952 0.229191 0.0410061 -0.735939 0.675805 -0.0342099 -0.953868 0.29827 0.0730566 -0.953687 0.291794 0.172619 -0.955824 0.237915 0.241333 -0.955739 0.168288 0.270208 0 0.962802 -0.0579686 0 0.998318 0.163959 0.304155 0.938407 -0.118607 0.435493 0.892344 -0.0407614 0.930633 0.363676 -0.00744536 0.929585 0.368534 -0.109967 0.846699 -0.520584 0.218042 0.947049 0.235703 -0.447772 0.83606 0.317024 0.313104 0.923173 -0.222973 0.724315 0.383632 -0.572882 0.746933 0 -0.6649 -0.11874 0.398541 -0.909432 0.0888327 0.374942 -0.922782 -0.00913444 0.923014 -0.384657 -0.288923 0.388629 -0.874924 -0.115828 0.925784 -0.359873 0.149005 0.836807 0.526832 -0.631735 0.405827 -0.660466 -0.136855 0 -0.990591 -0.0247974 0 -0.999692 -0.315619 0 -0.948886 -0.254167 0.924071 0.285469 -0.200263 0.924444 0.324497 0.33916 0.83726 -0.428913 0.260015 0.83656 -0.482244 0.513981 0.204157 -0.833153 0.361665 0.202576 -0.910034 -0.0110124 0.925496 0.378597 0.0548791 0.925502 0.374745 -0.0158759 0.83678 -0.547309 -0.110729 0.837165 -0.535626 -0.14181 0.204637 -0.968511 -0.308025 0.20319 -0.929427 -0.162244 -0.597917 -0.784966 -0.296055 -0.597778 -0.744992 -0.141325 0.923897 0.355587 0.17238 0.836526 -0.520105 0.198081 0.204368 -0.958644 -0.0770082 0.924848 0.37246 0.079097 0.837314 -0.540971 0.0285149 0.203649 -0.978629 0.356918 0.93142 -0.0711808 -0.541701 0.836803 0.0795069 -0.447356 0.852301 0.271025 -0.959768 0.194516 0.202507 -0.64414 0.216035 0.733766 -0.581194 -0.720074 0.379088 -0.12072 -0.619757 0.775454 0.720115 -0.69097 -0.0632055 0.318892 -0.946637 -0.0467654 0.853531 -0.497358 -0.155308 0.306242 -0.946549 -0.101295 0.755218 -0.582874 -0.299839 0.283865 -0.946572 -0.15304 0.691425 -0.582941 -0.426745 0.66552 -0.461891 -0.586293 0.853531 -0.497358 0.155308 0.755218 -0.582874 0.299839 0.691425 -0.582941 0.426745 0.66552 -0.461891 0.586293 0.582679 -0.790505 0.188645 0.181163 0.924268 0.336019 0.236837 0.92427 0.299388 -0.287332 0.837055 -0.465595 -0.363394 0.837435 -0.408224 -0.60713 0.20453 -0.767828 -0.731125 0.204844 -0.650765 -0.532936 -0.597903 -0.598742 -0.628769 -0.597892 -0.497166 0.120153 0.924224 0.362455 -0.202435 0.836181 -0.509727 -0.464586 0.203271 -0.861882 -0.420856 -0.597884 -0.682214 0.557839 0.829002 -0.0396284 0.962327 0.197876 -0.186469 0.84977 0.231532 -0.473585 -0.794922 0 0.606712 -0.880314 0 0.474392 -0.9493 0 0.314373 0.0287639 0.193436 -0.980691 0.123899 0.172852 -0.977124 0.116212 -0.388368 -0.914147 0.814377 0 -0.580336 0.75219 0.383263 -0.536022 0.56977 0.392629 -0.721945 0.232729 0.927399 -0.292863 -0.136855 0 0.990591 -0.11874 0.398541 0.909432 -0.631735 0.405827 0.660466 -0.318171 0.930352 0.182244 0.92216 0.386809 -0 -0.788791 -0.603299 0.117642 -0.978927 0.204212 -0 -0.545702 0.837979 -0 -0.0503879 -0.96765 0.247212 -0.193431 -0.970392 0.144649 -0.270259 -0.961121 0.0566251 -0.274384 -0.96162 4.65796e-010 -0.7974 -0.603451 -0 -0.788791 -0.603299 -0.117642 0.929566 0.203212 -0.307591 0.957156 0.246446 -0.152041 0.213062 0.413576 0.885189 0.777881 0.440975 0.447707 -0.270259 -0.961121 -0.0566251 -0.193431 -0.970392 -0.144649 -0.0503879 -0.96765 -0.247212 0.0346896 -0.957557 -0.286149 -0.0350094 0.238904 -0.970412 0.2331 0.15724 -0.959656 0.258635 -0.594947 -0.761017 0.767829 0.204527 -0.60713 0.86183 0.203263 -0.464686 -0.0586969 -0.96058 0.271737 0.0346896 -0.957557 0.286149 0.247312 -0.947656 0.201955 0.275684 -0.957695 0.0825803 0.322515 -0.945768 -0.0388297 0.845077 0.211143 0.491186 0.783 -0.603315 0.151402 -0.908053 0.373565 -0.189445 -0.989448 0 -0.144887 -0.863712 0 -0.503985 0.274384 -0.96162 4.65796e-010 0.26888 -0.961573 -0.0555095 0.188324 -0.972255 -0.138756 0.0527319 -0.971952 -0.229191 -0.0586969 -0.96058 -0.271737 -0.174441 -0.961461 -0.212517 -0.577266 -0.707053 -0.408461 0.322136 -0.946273 -0.0281983 0.322264 -0.94665 -0 0.322136 -0.946273 0.0281983 0.26888 -0.961573 0.0555095 -0.814377 0 0.580336 0.188324 -0.972255 0.138756 -0.609139 0.389036 -0.691087 0.720115 -0.69097 0.0632055 0.619067 0 0.785338 -0.996189 0 0.0872198 -0.989439 0 0.144952 -0.00714838 0 0.999974 0.684956 0 0.728585 -0.984025 0 0.178033 -0.765726 -0.585696 -0.26575 -0.707785 -0.585692 -0.394975 -0.628801 -0.585637 -0.511506 -0.530296 -0.585674 -0.613003 -0.416001 -0.585685 -0.695641 -0.289011 -0.585687 -0.757261 0.0639127 -0.948666 0.309754 0.223077 -0.947944 0.227243 0.145685 -0.948618 0.280891 -0.210384 -0.948616 -0.236359 -0.248166 -0.948644 -0.196186 0.285397 -0.948915 0.134569 -1 0 -0 0.318659 -0.947668 0.0195497 0.283866 -0.946572 0.15304 0.306242 -0.946549 0.101295 0.318892 -0.946637 0.0467654 -0.300301 -0.948642 -0.0994825 -0.278314 -0.948669 -0.150232 0.214547 -0.957859 0.190985 0.178179 -0.957851 0.225329 0.13641 -0.957802 0.252996 0.0904244 -0.957807 0.272818 -0.0342099 -0.953868 -0.29827 0.0730566 -0.953687 -0.291794 0.172619 -0.955824 -0.237915 0.619067 0 -0.785338 -0.235248 -0.957537 -0.166676 -0.214547 -0.957859 -0.190985 -0.178179 -0.957851 -0.225329 -0.13641 -0.957802 -0.252996 -0.0904244 -0.957807 -0.272818 -0.166086 -0.948674 -0.269134 -0.116941 -0.948649 -0.293921 -0.0639127 -0.948666 -0.309754 0.97932 0 0.202317</float_array>
                    <technique_common>
                        <accessor count="690" source="#ID47" stride="3">
                            <param name="X" type="float"/>
                            <param name="Y" type="float"/>
                            <param name="Z" type="float"/>
                        </accessor>
                    </technique_common>
                </source>
                <source id="ID48">
                    <float_array id="ID49" count="808">1 0.23877 0.875 0.23877 0.5 0.397949 0.75 0.23877 0.625 0.23877 0.5 0.23877 0.375 0.23877 0.25 0.23877 0.125 0.23877 0 0.23877 1 0.15918 0.5 0 0.875 0.15918 0.75 0.15918 0.625 0.15918 0.5 0.15918 0.375 0.15918 0.25 0.15918 0.125 0.15918 0 0.15918 0.0371094 0.925293 0.0187988 1.0564 0.0124512 1.14185 0.0270996 1.05933 0.0209961 1.14087 0.0712891 1.13452 0.0869141 1.19043 0.0786133 1.13379 0.0959473 1.18628 0.135498 1.2334 0.213623 1.28613 0.354492 1.32397 0.5 1.33667 0.645264 1.32397 0.786133 1.28613 0.918213 1.22461 1.03784 1.14087 1.14087 1.03784 1.22461 0.918457 1.28613 0.786377 1.32397 0.645508 1.33667 0.5 1.32397 0.354736 0.130371 1.24023 0.210693 1.29419 0.353027 1.33228 0.5 1.34521 0.646729 1.33228 0.789063 1.29419 0.922607 1.23193 1.04321 1.14746 1.14746 1.04321 1.23193 0.922852 1.29419 0.789307 1.33228 0.646973 1.34521 0.5 1.33228 0.353271 1.39453 0.5 1.3811 0.344727 1.3894 0.343262 1.34863 0.191162 0.045166 0.922607 0.0180664 0.904297 0.0246582 0.898926 -0.0444336 0.814453 -0.0371094 0.810303 -0.0908203 0.715332 -0.0827637 0.712402 -0.119141 0.609375 -0.11084 0.60791 -0.125 0.544434 -0.116455 0.544434 -0.128662 0.5 -0.120361 0.5 -0.116455 0.455811 -0.0683594 0.455811 -0.11084 0.392334 -0.0634766 0.400635 -0.0827637 0.287842 -0.0375977 0.304443 -0.0371094 0.189941 0.00415039 0.213867 0.0246582 0.101318 0.0615234 0.132324 0.045166 0.0776367 0.0986328 0.0961914 0.0725098 -0.0732422 0.106934 0.098877 0.0808105 -0.0761719 0.0786133 -0.133789 0.0354004 1.21509 0.0441895 1.21094 0.100342 1.27954 0.193848 1.34058 0.344482 1.3811 0.5 1.39453 0.655273 1.3811 0.805908 1.34058 0.947266 1.27466 1.07495 1.1853 1.1853 1.07495 1.27466 0.94751 1.34058 0.806152 1.3811 0.655518 0.0952148 1.28638 0.190918 1.34863 0.343018 1.3894 0.5 1.40308 0.656738 1.3894 0.808838 1.34863 0.951416 1.28198 1.08057 1.19189 1.19189 1.08057 1.28198 0.95166 1.34863 0.809082 1.3894 0.656982 1.40308 0.5 -0.506348 -0.0810547 -0.383545 -0.241455 -0.390137 -0.246826 -0.241455 -0.383545 -0.246826 -0.390137 -0.0766602 -0.499023 -0.0810547 -0.506348 0.105225 -0.583984 0.102295 -0.592041 0.299561 -0.635986 0.298096 -0.644287 0.5 -0.653564 0.5 -0.662109 0.700195 -0.635986 0.70166 -0.644287 0.894531 -0.583984 0.897461 -0.592041 1.07666 -0.499023 1.08105 -0.506348 1.24146 -0.383545 1.24683 -0.390137 1.38354 -0.241455 1.39014 -0.246826 1.49902 -0.0766602 1.50635 -0.0810547 1.58765 0.0419922 1.58301 0.0490723 1.552 0.0935059 1.44971 -0.0483398 1.44238 -0.0439453 1.34009 -0.204834 1.3335 -0.199463 1.20483 -0.340088 1.19946 -0.333496 1.04834 -0.449707 1.04395 -0.442383 0.875 -0.530518 0.87207 -0.522461 0.69043 -0.579834 0.688721 -0.571533 0.5 -0.59668 0.5 -0.588135 0.309326 -0.579834 0.311035 -0.571533 0.124756 -0.530518 0.127686 -0.522461 -0.0483398 -0.449707 -0.0439453 -0.442383 -0.204834 -0.340088 -0.199463 -0.333496 -0.340088 -0.204834 0.0354004 -0.215088 0.0952148 -0.286377 0.190918 -0.348633 0.343018 -0.389404 0.5 -0.403076 0.656738 -0.389404 0.808838 -0.348633 0.951416 -0.281982 1.08057 -0.191895 1.19189 -0.0805664 1.28198 0.048584 -0.125 0.455811 0.0725098 1.07324 0.0808105 1.07617 0.130371 -0.240234 0.213623 -0.286133 0.210693 -0.294189 0.354492 -0.323975 0.353027 -0.332275 0.5 -0.33667 0.5 -0.345215 0.645264 -0.323975 0.646729 -0.332275 0.786133 -0.286133 0.789063 -0.294189 0.918213 -0.224609 0.922607 -0.231934 1.03784 -0.140869 1.04321 -0.147461 1.14087 -0.0378418 1.14746 -0.0432129 1.22461 0.0817871 1.23193 0.0773926 1.28613 0.213867 1.29419 0.210938 0.100342 -0.279541 0.193848 -0.340576 0.344482 -0.381104 0.5 -0.394531 0.655273 -0.381104 0.805908 -0.340576 0.947266 -0.274658 1.07495 -0.185303 1.1853 -0.0749512 1.27466 0.0527344 1.34058 0.194092 1.54712 0.100342 -0.601074 0.122803 -0.693115 0.126221 -0.800049 0.0991211 -0.869141 0.135742 -0.900635 0.253174 -0.922119 0.5 -0.900635 0.74707 -0.930664 0.5 -0.908936 0.748535 -0.96875 0.759033 -0.924072 0.925293 -0.977051 0.760498 -0.929688 0.932129 -0.82666 0.980713 1.61987 0.0568848 1.66309 0.0617676 1.83643 0.0136719 1.66235 0.0703125 1.83276 0.0219727 1.80371 0.0905762 1.92407 0.0695801 1.87476 0.128906 1.96875 0.241211 1.90894 0.251709 1.99146 0.5 1.93066 0.5 1.90894 0.748535 1.92212 0.5 1.90063 0.74707 1.86914 0.864502 1.44238 1.04395 1.3335 1.19946 1.19946 1.3335 1.04395 1.44238 0.87207 1.52246 0.688721 1.57153 0.5 1.58813 0.311035 1.57153 0.127686 1.52246 -0.0439453 1.44238 -0.199463 1.3335 -0.333496 -0.199463 -0.442383 -0.0439453 -0.547119 0.100342 -0.587646 0.0336914 -0.619873 0.048584 0.0180664 0.0959473 0.0371094 0.0749512 0.0187988 -0.0563965 0.0124512 -0.141846 0.0959473 -0.186279 0.135498 -0.233398 0.106934 0.901367 0.0986328 0.904053 0.0615234 0.86792 0.00415039 0.786377 -0.0375977 0.695801 -0.0634766 0.599609 -0.0683594 0.544434 -0.119141 0.390869 -0.0908203 0.284912 -0.0444336 0.185791 1.58765 0.958252 1.50635 1.08105 1.39014 1.24683 1.24683 1.39014 1.08105 1.50635 0.897461 1.59204 0.70166 1.64429 0.5 1.66211 0.0678711 0.862549 0.0117188 0.781982 -0.0297852 0.692871 -0.0551758 0.598145 -0.0598145 0.544434 -0.0722656 0.5 -0.0637207 0.5 -0.0598145 0.455811 2 0.5 1.97705 0.760498 1.96875 0.759033 1.92969 0.9375 1.92407 0.930664 1.83643 0.986572 1.83276 0.978271 1.66235 0.929932 1.80371 0.909668 1.65845 0.878662 1.65771 0.870117 1.58081 0.881348 -0.803711 0.0905762 -0.695801 0.116699 -0.711426 0.0563965 -0.603271 0.114746 -0.617676 0.0566406 -0.583008 0.0407715 -0.619873 0.95166 -0.587646 0.966553 -0.583008 0.959473 -0.506348 1.08105 -0.499023 1.07666 -0.383545 1.24146 -0.449707 1.04834 -0.340088 1.20483 -0.333496 1.19946 1.54712 0.899902 1.552 0.906738 1.44971 1.04834 1.34009 1.20483 1.49902 1.07666 1.38354 1.24146 0.0270996 -0.0593262 0.0209961 -0.140869 0.0441895 -0.210938 0.0869141 -0.19043 -0.878174 0.128906 -0.822998 0.027832 -0.82666 0.0195313 -0.714111 0.0488281 1.97705 0.239746 1.66309 0.938477 -0.442383 1.04395 -0.547119 0.899902 -0.552002 0.906738 -0.603271 0.885498 -0.617676 0.943604 -0.711426 0.943848 1.58301 0.951172 1.61548 0.936279 1.58545 0.888672 1.92969 0.0627441 1.80005 0.0991211 1.65771 0.130127 1.58081 0.118896 -0.601074 0.877441 -0.693115 0.874023 -0.695801 0.883545 -0.803711 0.909668 -0.822998 0.972412 -0.878174 0.871338 -0.499023 -0.0766602 -0.449707 -0.0483398 1.65845 0.121582 1.58545 0.111572 1.61548 0.0639648 1.86914 0.135742 1.20483 1.34009 1.04834 1.44971 1.24146 1.38354 1.07666 1.49902 0.5 1.59668 0.309326 1.57983 0.5 1.65356 0.299561 1.63599 0.298096 1.64429 0.102295 1.59204 0.875 1.53052 0.894531 1.58398 0.69043 1.57983 0.700195 1.63599 -0.908936 0.251709 -0.96875 0.241211 -0.924072 0.0749512 -0.977051 0.239746 -0.929688 0.0681152 -0.0551758 0.4021 -0.0297852 0.307373 0.0117188 0.218262 0.0678711 0.137695 -0.0483398 1.44971 -0.204834 1.34009 -0.0766602 1.49902 -0.241455 1.38354 -0.246826 1.39014 -0.390137 1.24683 0.124756 1.53052 0.105225 1.58398 -0.0810547 1.50635 0.0712891 -0.134521 -0.714111 0.951416 -0.552002 0.0935059 1.80005 0.901123 1.87476 0.871338 -1 0.5 -0.991455 0.5 -0.800049 0.901123 -0.869141 0.864502 1.61987 0.943359 1.90063 0.253174</float_array>
                    <technique_common>
                        <accessor count="404" source="#ID49" stride="2">
                            <param name="S" type="float"/>
                            <param name="T" type="float"/>
                        </accessor>
                    </technique_common>
                </source>
                <vertices id="ID50">
                    <input semantic="POSITION" source="#ID44"/>
                </vertices>
                <triangles count="1216" material="Material1">
                    <input offset="0" semantic="VERTEX" source="#ID50"/>
                    <input offset="1" semantic="NORMAL" source="#ID46"/>
                    <input offset="2" semantic="TEXCOORD" source="#ID48" set="0"/>
                    <p>53 0 2 44 0 1 1 0 0 44 0 1 53 0 2 38 0 3 32 0 4 38 0 3 53 0 2 53 0 2 26 0 5 32 0 4 26 0 5 53 0 2 20 0 6 14 0 7 20 0 6 53 0 2 53 0 2 4 0 8 14 0 7 4 0 8 53 0 2 0 0 9 47 1 12 50 1 11 11 1 10 50 1 11 47 1 12 41 1 13 35 1 14 50 1 11 41 1 13 50 1 11 35 1 14 29 1 15 23 1 16 50 1 11 29 1 15 50 1 11 23 1 16 17 1 17 7 1 18 50 1 11 17 1 17 50 1 11 7 1 18 10 1 19 1 4 0 47 3 12 11 2 10 47 3 12 1 4 0 44 5 1 44 5 1 41 6 13 47 3 12 41 6 13 44 5 1 38 7 3 38 7 3 35 8 14 41 6 13 35 8 14 38 7 3 32 9 4 32 9 4 29 10 15 35 8 14 29 10 15 32 9 4 26 11 5 26 11 5 23 12 16 29 10 15 23 12 16 26 11 5 20 13 6 20 13 6 17 14 17 23 12 16 17 14 17 20 13 6 14 15 7 14 15 7 7 16 18 17 14 17 7 16 18 14 15 7 4 17 8 4 17 8 10 18 19 7 16 18 10 18 19 4 17 8 0 18 9 109 0 2 100 0 1 57 0 0 100 0 1 109 0 2 94 0 3 88 0 4 94 0 3 109 0 2 109 0 2 82 0 5 88 0 4 82 0 5 109 0 2 76 0 6 70 0 7 76 0 6 109 0 2 109 0 2 60 0 8 70 0 7 60 0 8 109 0 2 56 0 9 103 1 12 106 1 11 67 1 10 106 1 11 103 1 12 97 1 13 91 1 14 106 1 11 97 1 13 106 1 11 91 1 14 85 1 15 79 1 16 106 1 11 85 1 15 106 1 11 79 1 16 73 1 17 63 1 18 106 1 11 73 1 17 106 1 11 63 1 18 66 1 19 57 4 0 103 3 12 67 2 10 103 3 12 57 4 0 100 5 1 100 5 1 97 6 13 103 3 12 97 6 13 100 5 1 94 7 3 94 7 3 91 8 14 97 6 13 91 8 14 94 7 3 88 9 4 88 9 4 85 10 15 91 8 14 85 10 15 88 9 4 82 11 5 82 11 5 79 12 16 85 10 15 79 12 16 82 11 5 76 13 6 76 13 6 73 14 17 79 12 16 73 14 17 76 13 6 70 15 7 70 15 7 63 16 18 73 14 17 63 16 18 70 15 7 60 17 8 60 17 8 66 18 19 63 16 18 66 18 19 60 17 8 56 18 9 185 21 21 538 20 21 540 19 20 538 20 21 185 21 21 188 22 22 338 23 23 188 22 22 185 21 21 188 22 22 338 23 23 340 24 24 342 25 25 340 24 24 338 23 23 340 24 24 342 25 25 374 26 26 227 27 27 374 26 26 342 25 25 374 26 26 227 27 27 230 28 28 572 29 28 230 28 28 227 27 27 230 28 28 572 29 28 588 30 29 390 31 29 588 30 29 572 29 28 588 30 29 390 31 29 584 32 30 386 33 30 584 32 30 390 31 29 584 32 30 386 33 30 576 34 31 382 35 31 576 34 31 386 33 30 576 34 31 382 35 31 578 36 32 376 37 32 578 36 32 382 35 31 578 36 32 376 37 32 54 38 33 450 39 33 54 38 33 376 37 32 54 38 33 450 39 33 61 40 34 454 41 34 61 40 34 450 39 33 61 40 34 454 41 34 68 42 35 458 43 35 68 42 35 454 41 34 68 42 35 458 43 35 74 44 36 462 45 36 74 44 36 458 43 35 74 44 36 462 45 36 80 46 37 466 47 37 80 46 37 462 45 36 80 46 37 466 47 37 86 48 38 470 49 38 86 48 38 466 47 37 86 48 38 470 49 38 92 50 39 474 51 39 92 50 39 470 49 38 92 50 39 474 51 39 98 52 40 478 53 40 98 52 40 474 51 39 98 52 40 478 53 40 104 54 41 482 55 41 104 54 41 478 53 40 104 54 41 482 55 41 547 56 42 588 30 29 374 26 26 230 28 28 374 26 26 588 30 29 133 57 43 584 32 30 133 57 43 588 30 29 133 57 43 584 32 30 127 58 44 576 34 31 127 58 44 584 32 30 127 58 44 576 34 31 121 59 45 578 36 32 121 59 45 576 34 31 121 59 45 578 36 32 118 60 46 54 38 33 118 60 46 578 36 32 118 60 46 54 38 33 223 61 47 61 40 34 223 61 47 54 38 33 223 61 47 61 40 34 229 62 48 68 42 35 229 62 48 61 40 34 229 62 48 68 42 35 235 63 49 74 44 36 235 63 49 68 42 35 235 63 49 74 44 36 241 64 50 80 46 37 241 64 50 74 44 36 241 64 50 80 46 37 247 65 51 86 48 38 247 65 51 80 46 37 247 65 51 86 48 38 253 66 52 92 50 39 253 66 52 86 48 38 253 66 52 92 50 39 259 67 53 98 52 40 259 67 53 92 50 39 259 67 53 98 52 40 265 68 54 104 54 41 265 68 54 98 52 40 265 68 54 104 54 41 271 69 55 361 70 56 271 69 55 104 54 41 271 69 55 361 70 56 268 71 57 363 72 58 268 71 57 361 70 56 268 71 57 363 72 58 174 73 59 168 74 60 174 73 59 363 72 58 174 73 59 168 74 60 545 75 59 541 76 60 545 75 59 168 74 60 197 79 62 368 78 61 224 77 20 368 78 61 197 79 62 350 80 63 200 81 64 350 80 63 197 79 62 350 80 63 200 81 64 348 82 65 209 83 66 348 82 65 200 81 64 348 82 65 209 83 66 354 84 67 215 85 68 354 84 67 209 83 66 354 84 67 215 85 68 358 86 69 239 87 70 358 86 69 215 85 68 358 86 69 239 87 70 364 88 71 236 89 72 364 88 71 239 87 70 364 88 71 236 89 72 362 90 73 437 91 74 362 90 73 236 89 72 362 90 73 437 91 74 439 92 75 433 93 76 439 92 75 437 91 74 439 92 75 433 93 76 435 94 77 429 95 78 435 94 77 433 93 76 435 94 77 429 95 78 431 96 79 421 97 80 431 96 79 429 95 78 431 96 79 421 97 80 423 98 81 427 99 82 423 98 81 421 97 80 423 98 81 427 99 82 425 100 83 443 101 84 425 100 83 427 99 82 425 100 83 443 101 84 441 102 85 417 103 86 441 102 85 443 101 84 441 102 85 417 103 86 261 104 87 258 105 88 261 104 87 417 103 86 261 104 87 258 105 88 601 106 88 19 107 89 601 106 88 258 105 88 188 22 22 570 108 22 538 20 21 570 108 22 188 22 22 233 109 90 340 24 24 233 109 90 188 22 22 233 109 90 340 24 24 372 110 91 374 26 26 372 110 91 340 24 24 372 110 91 374 26 26 130 111 92 133 57 43 130 111 92 374 26 26 130 111 92 133 57 43 124 112 93 127 58 44 124 112 93 133 57 43 124 112 93 127 58 44 112 113 94 121 59 45 112 113 94 127 58 44 112 113 94 121 59 45 115 114 95 118 60 46 115 114 95 121 59 45 115 114 95 118 60 46 220 115 96 223 61 47 220 115 96 118 60 46 220 115 96 223 61 47 226 116 97 229 62 48 226 116 97 223 61 47 226 116 97 229 62 48 232 117 98 235 63 49 232 117 98 229 62 48 232 117 98 235 63 49 238 118 99 241 64 50 238 118 99 235 63 49 238 118 99 241 64 50 244 119 100 247 65 51 244 119 100 241 64 50 244 119 100 247 65 51 250 120 101 253 66 52 250 120 101 247 65 51 250 120 101 253 66 52 256 121 102 259 67 53 256 121 102 253 66 52 256 121 102 259 67 53 262 122 103 233 109 90 574 123 90 570 108 22 574 123 90 233 109 90 388 124 104 590 125 104 388 124 104 233 109 90 388 124 104 590 125 104 384 126 105 586 127 105 384 126 105 590 125 104 384 126 105 586 127 105 380 128 106 582 129 106 380 128 106 586 127 105 380 128 106 582 129 106 378 130 107 580 131 107 378 130 107 582 129 106 378 130 107 580 131 107 448 132 108 51 133 108 448 132 108 580 131 107 448 132 108 51 133 108 452 134 109 58 135 109 452 134 109 51 133 108 452 134 109 58 135 109 456 136 110 64 137 110 456 136 110 58 135 109 456 136 110 64 137 110 460 138 111 71 139 111 460 138 111 64 137 110 460 138 111 71 139 111 464 140 112 77 141 112 464 140 112 71 139 111 464 140 112 77 141 112 468 142 113 83 143 113 468 142 113 77 141 112 468 142 113 83 143 113 472 144 114 89 145 114 472 144 114 83 143 113 472 144 114 89 145 114 476 146 115 95 147 115 476 146 115 89 145 114 476 146 115 95 147 115 480 148 116 87 151 119 299 150 118 93 149 117 299 150 118 87 151 119 293 152 120 81 153 121 293 152 120 87 151 119 293 152 120 81 153 121 287 154 122 75 155 123 287 154 122 81 153 121 287 154 122 75 155 123 281 156 124 69 157 125 281 156 124 75 155 123 281 156 124 69 157 125 275 158 126 59 159 127 275 158 126 69 157 125 275 158 126 59 159 127 272 160 128 62 161 129 272 160 128 59 159 127 272 160 128 62 161 129 367 162 130 180 163 131 367 162 130 62 161 129 367 162 130 180 163 131 371 164 132 186 165 133 371 164 132 180 163 131 371 164 132 186 165 133 375 166 134 192 167 135 375 166 134 186 165 133 375 166 134 192 167 135 379 168 136 198 169 137 379 168 136 192 167 135 379 168 136 198 169 137 383 170 138 204 171 139 383 170 138 198 169 137 383 170 138 204 171 139 387 172 140 210 173 141 387 172 140 204 171 139 387 172 140 210 173 141 249 174 142 569 175 141 249 174 142 210 173 141 249 174 142 569 175 141 573 176 142 411 178 144 387 172 140 409 177 143 387 172 140 411 178 144 385 179 145 213 180 146 385 179 145 411 178 144 385 179 145 213 180 146 381 181 147 207 182 148 381 181 147 213 180 146 381 181 147 207 182 148 377 183 149 201 184 150 377 183 149 207 182 148 377 183 149 201 184 150 373 185 151 195 186 152 373 185 151 201 184 150 373 185 151 195 186 152 369 187 153 189 188 154 369 187 153 195 186 152 369 187 153 189 188 154 365 189 155 183 190 156 365 189 155 189 188 154 365 189 155 183 190 156 269 191 157 52 192 158 269 191 157 183 190 156 269 191 157 52 192 158 278 193 159 55 194 160 278 193 159 52 192 158 278 193 159 55 194 160 284 195 161 65 196 162 284 195 161 55 194 160 284 195 161 65 196 162 290 197 163 72 198 164 290 197 163 65 196 162 290 197 163 72 198 164 296 199 165 78 200 166 296 199 165 72 198 164 296 199 165 78 200 166 302 201 167 130 111 92 233 109 90 372 110 91 233 109 90 130 111 92 590 125 104 124 112 93 590 125 104 130 111 92 590 125 104 124 112 93 586 127 105 112 113 94 586 127 105 124 112 93 586 127 105 112 113 94 582 129 106 115 114 95 582 129 106 112 113 94 582 129 106 115 114 95 580 131 107 220 115 96 580 131 107 115 114 95 580 131 107 220 115 96 51 133 108 226 116 97 51 133 108 220 115 96 51 133 108 226 116 97 58 135 109 232 117 98 58 135 109 226 116 97 58 135 109 232 117 98 64 137 110 238 118 99 64 137 110 232 117 98 64 137 110 238 118 99 71 139 111 244 119 100 71 139 111 238 118 99 71 139 111 244 119 100 77 141 112 250 120 101 77 141 112 244 119 100 77 141 112 250 120 101 83 143 113 256 121 102 83 143 113 250 120 101 83 143 113 256 121 102 89 145 114 262 122 103 89 145 114 256 121 102 89 145 114 262 122 103 95 147 115 204 171 139 569 175 141 210 173 141 569 175 141 204 171 139 565 202 139 198 169 137 565 202 139 204 171 139 565 202 139 198 169 137 561 203 137 192 167 135 561 203 137 198 169 137 561 203 137 192 167 135 557 204 135 186 165 133 557 204 135 192 167 135 557 204 135 186 165 133 553 205 133 180 163 131 553 205 133 186 165 133 553 205 133 180 163 131 549 206 131 62 161 129 549 206 131 180 163 131 549 206 131 62 161 129 467 207 129 59 159 127 467 207 129 62 161 129 467 207 129 59 159 127 465 208 127 69 157 125 465 208 127 59 159 127 465 208 127 69 157 125 473 209 125 75 155 123 473 209 125 69 157 125 473 209 125 75 155 123 477 210 123 81 153 121 477 210 123 75 155 123 477 210 123 81 153 121 481 211 121 87 151 119 481 211 121 81 153 121 481 211 121 87 151 119 485 212 119 93 149 117 485 212 119 87 151 119 381 181 147 387 172 140 385 179 145 387 172 140 381 181 147 383 170 138 377 183 149 383 170 138 381 181 147 383 170 138 377 183 149 379 168 136 373 185 151 379 168 136 377 183 149 379 168 136 373 185 151 375 166 134 369 187 153 375 166 134 373 185 151 375 166 134 369 187 153 371 164 132 365 189 155 371 164 132 369 187 153 371 164 132 365 189 155 367 162 130 269 191 157 367 162 130 365 189 155 367 162 130 269 191 157 272 160 128 278 193 159 272 160 128 269 191 157 272 160 128 278 193 159 275 158 126 284 195 161 275 158 126 278 193 159 275 158 126 284 195 161 281 156 124 290 197 163 281 156 124 284 195 161 281 156 124 290 197 163 287 154 122 296 199 165 287 154 122 290 197 163 287 154 122 296 199 165 293 152 120 302 201 167 293 152 120 296 199 165 293 152 120 302 201 167 299 150 118 461 215 169 300 214 168 22 213 168 300 214 168 461 215 169 49 216 169 457 217 170 49 216 169 461 215 169 49 216 169 457 217 170 43 218 170 449 219 171 43 218 170 457 217 170 43 218 170 449 219 171 34 220 171 451 221 172 34 220 171 449 219 171 34 220 171 451 221 172 37 222 172 517 223 173 37 222 172 451 221 172 37 222 172 517 223 173 132 224 173 521 225 174 132 224 173 517 223 173 132 224 173 521 225 174 138 226 174 525 227 175 138 226 174 521 225 174 138 226 174 525 227 175 144 228 175 529 229 176 144 228 175 525 227 175 144 228 175 529 229 176 150 230 176 533 231 177 150 230 176 529 229 176 150 230 176 533 231 177 156 232 177 537 233 178 156 232 177 533 231 177 156 232 177 537 233 178 162 234 178 541 76 60 162 234 178 537 233 178 162 234 178 541 76 60 168 74 60 236 89 72 560 236 72 303 235 179 560 236 72 236 89 72 566 237 70 239 87 70 566 237 70 236 89 72 566 237 70 239 87 70 556 238 68 215 85 68 556 238 68 239 87 70 556 238 68 215 85 68 552 239 66 209 83 66 552 239 66 215 85 68 552 239 66 209 83 66 544 240 64 200 81 64 544 240 64 209 83 66 544 240 64 200 81 64 550 241 62 197 79 62 550 241 62 200 81 64 550 241 62 197 79 62 540 19 20 224 77 20 540 19 20 197 79 62 540 19 20 224 77 20 185 21 21 368 78 61 185 21 21 224 77 20 185 21 21 368 78 61 338 23 23 336 242 180 338 23 23 368 78 61 338 23 23 336 242 180 342 25 25 191 243 181 342 25 25 336 242 180 342 25 25 191 243 181 227 27 27 568 244 27 227 27 27 191 243 181 227 27 27 568 244 27 572 29 28 260 247 184 40 246 183 266 245 182 40 246 183 260 247 184 31 248 185 254 249 186 31 248 185 260 247 184 31 248 185 254 249 186 28 250 187 245 251 188 28 250 187 254 249 186 28 250 187 245 251 188 135 252 189 333 253 190 135 252 189 245 251 188 135 252 189 333 253 190 141 254 191 337 255 192 141 254 191 333 253 190 141 254 191 337 255 192 147 256 193 341 257 194 147 256 193 337 255 192 147 256 193 341 257 194 153 258 195 345 259 196 153 258 195 341 257 194 153 258 195 345 259 196 159 260 197 349 261 198 159 260 197 345 259 196 159 260 197 349 261 198 165 262 199 353 263 200 165 262 199 349 261 198 165 262 199 353 263 200 171 264 201 357 265 202 171 264 201 353 263 200 171 264 201 357 265 202 177 266 42 361 70 56 177 266 42 357 265 202 177 266 42 361 70 56 104 54 41 49 216 169 263 267 203 300 214 168 263 267 203 49 216 169 257 268 204 43 218 170 257 268 204 49 216 169 257 268 204 43 218 170 251 269 205 34 220 171 251 269 205 43 218 170 251 269 205 34 220 171 248 270 206 37 222 172 248 270 206 34 220 171 248 270 206 37 222 172 335 271 207 132 224 173 335 271 207 37 222 172 335 271 207 132 224 173 339 272 208 138 226 174 339 272 208 132 224 173 339 272 208 138 226 174 343 273 209 144 228 175 343 273 209 138 226 174 343 273 209 144 228 175 347 274 210 150 230 176 347 274 210 144 228 175 347 274 210 150 230 176 351 275 211 156 232 177 351 275 211 150 230 176 351 275 211 156 232 177 355 276 212 162 234 178 355 276 212 156 232 177 355 276 212 162 234 178 359 277 213 168 74 60 359 277 213 162 234 178 359 277 213 168 74 60 363 72 58 257 268 204 266 245 182 263 267 203 266 245 182 257 268 204 260 247 184 251 269 205 260 247 184 257 268 204 260 247 184 251 269 205 254 249 186 248 270 206 254 249 186 251 269 205 254 249 186 248 270 206 245 251 188 335 271 207 245 251 188 248 270 206 245 251 188 335 271 207 333 253 190 339 272 208 333 253 190 335 271 207 333 253 190 339 272 208 337 255 192 343 273 209 337 255 192 339 272 208 337 255 192 343 273 209 341 257 194 347 274 210 341 257 194 343 273 209 341 257 194 347 274 210 345 259 196 351 275 211 345 259 196 347 274 210 345 259 196 351 275 211 349 261 198 355 276 212 349 261 198 351 275 211 349 261 198 355 276 212 353 263 200 359 277 213 353 263 200 355 276 212 353 263 200 359 277 213 357 265 202 363 72 58 357 265 202 359 277 213 357 265 202 363 72 58 361 70 56 72 198 164 483 278 166 78 200 166 483 278 166 72 198 164 479 279 164 65 196 162 479 279 164 72 198 164 479 279 164 65 196 162 475 280 162 55 194 160 475 280 162 65 196 162 475 280 162 55 194 160 471 281 160 52 192 158 471 281 160 55 194 160 471 281 160 52 192 158 469 282 158 183 190 156 469 282 158 52 192 158 469 282 158 183 190 156 551 283 156 189 188 154 551 283 156 183 190 156 551 283 156 189 188 154 555 284 154 195 186 152 555 284 154 189 188 154 555 284 154 195 186 152 559 285 152 201 184 150 559 285 152 195 186 152 559 285 152 201 184 150 563 286 150 207 182 148 563 286 150 201 184 150 563 286 150 207 182 148 567 287 148 213 180 146 567 287 148 207 182 148 567 287 148 213 180 146 571 288 146 575 289 214 571 288 146 213 180 146 482 55 41 480 291 116 545 290 59 480 291 116 482 55 41 476 292 115 478 53 40 476 292 115 482 55 41 476 292 115 478 53 40 472 293 114 474 51 39 472 293 114 478 53 40 472 293 114 474 51 39 468 294 113 470 49 38 468 294 113 474 51 39 468 294 113 470 49 38 464 295 112 466 47 37 464 295 112 470 49 38 464 295 112 466 47 37 460 296 111 462 45 36 460 296 111 466 47 37 460 296 111 462 45 36 456 297 110 458 43 35 456 297 110 462 45 36 456 297 110 458 43 35 452 298 109 454 41 34 452 298 109 458 43 35 452 298 109 454 41 34 448 299 108 450 39 33 448 299 108 454 41 34 448 299 108 450 39 33 378 300 107 376 37 32 378 300 107 450 39 33 378 300 107 376 37 32 382 35 31 511 303 216 126 302 215 509 301 215 126 302 215 511 303 216 123 304 216 503 305 217 123 304 216 511 303 216 123 304 216 503 305 217 117 306 217 497 307 218 117 306 217 503 305 217 117 306 217 497 307 218 120 308 218 495 309 219 120 308 218 497 307 218 120 308 218 495 309 219 105 310 219 426 148 220 105 310 219 495 309 219 105 310 219 426 148 220 18 311 220 21 312 221 18 311 220 426 148 220 18 311 220 21 312 221 205 313 222 202 314 223 205 313 222 21 312 221 205 313 222 202 314 223 199 315 224 208 316 225 199 315 224 202 314 223 199 315 224 208 316 225 24 317 226 33 318 227 24 317 226 208 316 225 24 317 226 33 318 227 430 319 227 428 320 228 430 319 227 33 318 227 577 321 229 249 174 142 573 176 142 249 174 142 577 321 229 225 322 229 579 323 230 225 322 229 577 321 229 225 322 229 579 323 230 228 324 230 243 325 231 228 324 230 579 323 230 228 324 230 243 325 231 389 326 232 405 327 233 389 326 232 243 325 231 389 326 232 405 327 233 407 328 234 403 329 235 407 328 234 405 327 233 407 328 234 403 329 235 401 330 236 397 331 237 401 330 236 403 329 235 401 330 236 397 331 237 399 332 238 318 333 239 399 332 238 397 331 237 399 332 238 318 333 239 320 334 240 322 335 241 320 334 240 318 333 239 320 334 240 322 335 241 167 336 242 164 337 243 167 336 242 322 335 241 167 336 242 164 337 243 524 338 243 528 339 244 524 338 243 164 337 243 134 342 246 502 341 246 140 340 245 502 341 246 134 342 246 498 343 247 128 344 247 498 343 247 134 342 246 498 343 247 128 344 247 494 345 248 122 346 248 494 345 248 128 344 247 494 345 248 122 346 248 490 347 249 116 348 249 490 347 249 122 346 248 490 347 249 116 348 249 486 349 250 110 350 250 486 349 250 116 348 249 486 349 250 110 350 250 392 351 251 594 352 251 392 351 251 110 350 250 392 351 251 594 352 251 398 353 252 592 354 252 398 353 252 594 352 251 398 353 252 592 354 252 402 355 253 600 356 253 402 355 253 592 354 252 402 355 253 600 356 253 406 357 254 604 358 254 406 357 254 600 356 253 406 357 254 604 358 254 410 359 255 608 360 255 410 359 255 604 358 254 467 207 129 469 362 158 551 361 156 469 362 158 467 207 129 471 363 160 465 208 127 471 363 160 467 207 129 471 363 160 465 208 127 475 364 162 473 209 125 475 364 162 465 208 127 475 364 162 473 209 125 479 365 164 477 210 123 479 365 164 473 209 125 479 365 164 477 210 123 483 366 166 481 211 121 483 366 166 477 210 123 483 366 166 481 211 121 487 367 256 485 212 119 487 367 256 481 211 121 487 367 256 485 212 119 491 368 257 489 369 117 491 368 257 485 212 119 491 368 257 489 369 117 515 370 258 513 371 259 515 370 258 489 369 117 515 370 258 513 371 259 507 372 260 603 375 87 597 374 262 611 373 261 597 374 262 603 375 87 599 376 263 601 106 88 599 376 263 603 375 87 599 376 263 601 106 88 16 377 264 19 107 89 16 377 264 601 106 88 16 377 264 19 107 89 22 378 168 25 379 265 22 378 168 19 107 89 22 378 168 25 379 265 461 380 169 463 381 266 461 380 169 25 379 265 461 380 169 463 381 266 457 382 170 459 383 183 457 382 170 463 381 266 457 382 170 459 383 183 449 384 171 455 385 185 449 384 171 459 383 183 449 384 171 455 385 185 451 386 172 453 387 187 451 386 172 455 385 185 451 386 172 453 387 187 519 388 189 191 243 181 536 389 181 568 244 27 536 389 181 191 243 181 194 390 267 336 242 180 194 390 267 191 243 181 194 390 267 336 242 180 370 391 268 368 78 61 370 391 268 336 242 180 370 391 268 368 78 61 344 392 269 350 80 63 344 392 269 368 78 61 344 392 269 350 80 63 346 393 270 348 82 65 346 393 270 350 80 63 346 393 270 348 82 65 352 394 271 354 84 67 352 394 271 348 82 65 352 394 271 354 84 67 356 395 272 358 86 69 356 395 272 354 84 67 356 395 272 358 86 69 366 396 273 364 88 71 366 396 273 358 86 69 366 396 273 364 88 71 362 90 73 303 235 179 437 91 74 236 89 72 437 91 74 303 235 179 433 93 76 282 397 274 433 93 76 303 235 179 433 93 76 282 397 274 429 95 78 276 398 275 429 95 78 282 397 274 429 95 78 276 398 275 421 97 80 264 399 276 421 97 80 276 398 275 421 97 80 264 399 276 427 99 82 267 400 261 427 99 82 264 399 276 427 99 82 267 400 261 443 101 84 291 401 262 443 101 84 267 400 261 443 101 84 291 401 262 252 402 263 597 403 262 252 402 263 291 401 262 252 402 263 597 403 262 599 404 263 506 407 245 504 406 278 510 405 277 504 406 278 506 407 245 500 408 279 502 409 246 500 408 279 506 407 245 500 408 279 502 409 246 496 410 280 498 411 247 496 410 280 502 409 246 496 410 280 498 411 247 492 412 281 494 413 248 492 412 281 498 411 247 492 412 281 494 413 248 488 414 282 490 415 249 488 414 282 494 413 248 488 414 282 490 415 249 484 416 283 486 417 250 484 416 283 490 415 249 484 416 283 486 417 250 394 418 284 392 419 251 394 418 284 486 417 250 394 418 284 392 419 251 398 420 252 344 392 269 194 390 267 370 391 268 194 390 267 344 392 269 206 421 285 346 393 270 206 421 285 344 392 269 206 421 285 346 393 270 203 422 286 352 394 271 203 422 286 346 393 270 203 422 286 352 394 271 212 423 287 356 395 272 212 423 287 352 394 271 212 423 287 356 395 272 218 424 288 366 396 273 218 424 288 356 395 272 218 424 288 366 396 273 221 425 289 360 426 290 221 425 289 366 396 273 221 425 289 360 426 290 242 427 291 288 428 292 242 427 291 360 426 290 242 427 291 288 428 292 562 429 291 161 431 294 318 333 239 158 430 293 318 333 239 161 431 294 316 432 295 176 433 296 316 432 295 161 431 294 316 432 295 176 433 296 326 434 297 179 435 298 326 434 297 176 433 296 326 434 297 179 435 298 324 436 299 312 437 300 324 436 299 179 435 298 324 436 299 312 437 300 330 438 301 314 439 302 330 438 301 312 437 300 330 438 301 314 439 302 146 440 303 149 441 304 146 440 303 314 439 302 146 440 303 149 441 304 512 442 303 518 443 304 512 442 303 149 441 304 325 444 305 123 304 216 117 306 217 123 304 216 325 444 305 317 445 306 315 446 307 317 445 306 325 444 305 317 445 306 315 446 307 319 447 308 313 448 309 319 447 308 315 446 307 319 447 308 313 448 309 309 449 310 102 450 260 309 449 310 313 448 309 309 449 310 102 450 260 96 451 259 513 371 259 96 451 259 102 450 260 96 451 259 513 371 259 93 149 117 489 369 117 93 149 117 513 371 259 93 149 117 489 369 117 485 212 119 15 454 311 444 453 312 438 452 311 444 453 312 15 454 311 8 455 312 181 456 313 8 455 312 15 454 311 8 455 312 181 456 313 5 457 314 172 458 315 5 457 314 181 456 313 5 457 314 172 458 315 166 459 316 175 460 317 166 459 316 172 458 315 166 459 316 175 460 317 169 461 318 612 462 319 169 461 318 175 460 317 169 461 318 612 462 319 608 360 255 414 463 319 608 360 255 612 462 319 608 360 255 414 463 319 410 359 255 149 441 304 508 464 320 518 443 304 508 464 320 149 441 304 143 465 320 334 466 321 143 465 320 149 441 304 143 465 320 334 466 321 140 340 245 306 467 322 140 340 245 334 466 321 140 340 245 306 467 322 301 468 323 304 469 324 301 468 323 306 467 322 301 468 323 304 469 324 298 470 325 131 471 279 298 470 325 304 469 324 298 470 325 131 471 279 125 472 280 500 408 279 125 472 280 131 471 279 125 472 280 500 408 279 496 410 280 255 474 264 415 473 326 252 402 263 415 473 326 255 474 264 413 475 327 300 214 168 413 475 327 255 474 264 413 475 327 300 214 168 445 476 328 263 267 203 445 476 328 300 214 168 445 476 328 263 267 203 447 477 329 266 245 182 447 477 329 263 267 203 447 477 329 266 245 182 46 478 266 40 246 183 46 478 266 266 245 182 46 478 266 40 246 183 463 381 266 459 383 183 463 381 266 40 246 183 331 479 330 117 306 217 120 308 218 117 306 217 331 479 330 325 444 305 327 480 331 325 444 305 331 479 330 325 444 305 327 480 331 315 446 307 114 481 332 315 446 307 327 480 331 315 446 307 114 481 332 99 482 333 505 483 333 99 482 333 114 481 332 99 482 333 505 483 333 102 450 260 507 372 260 102 450 260 505 483 333 102 450 260 507 372 260 513 371 259 231 484 334 318 333 239 397 331 237 318 333 239 231 484 334 158 430 293 520 485 293 158 430 293 231 484 334 158 430 293 520 485 293 161 431 294 522 486 294 161 431 294 520 485 293 161 431 294 522 486 294 176 433 296 530 487 296 176 433 296 522 486 294 176 433 296 530 487 296 179 435 298 532 488 298 179 435 298 530 487 296 179 435 298 532 488 298 514 489 335 612 462 319 418 490 336 414 463 319 418 490 336 612 462 319 2 491 336 175 460 317 2 491 336 612 462 319 2 491 336 175 460 317 48 492 337 178 493 338 48 492 337 175 460 317 48 492 337 178 493 338 193 494 339 181 456 313 193 494 339 178 493 338 193 494 339 181 456 313 190 495 340 15 454 311 190 495 340 181 456 313 190 495 340 15 454 311 187 496 341 131 471 279 504 406 278 500 408 279 504 406 278 131 471 279 137 497 278 304 469 324 137 497 278 131 471 279 137 497 278 304 469 324 182 498 277 332 499 342 182 498 277 304 469 324 182 498 277 332 499 342 310 500 343 334 466 321 310 500 343 332 499 342 310 500 343 334 466 321 308 501 344 149 441 304 308 501 344 334 466 321 308 501 344 149 441 304 314 439 302 589 504 231 595 503 346 591 502 345 595 503 346 589 504 231 581 505 347 579 323 230 581 505 347 589 504 231 581 505 347 579 323 230 583 506 348 577 321 229 583 506 348 579 323 230 583 506 348 577 321 229 575 507 214 573 176 142 575 507 214 577 321 229 575 507 214 573 176 142 571 508 146 569 175 141 571 508 146 573 176 142 571 508 146 569 175 141 565 202 139 45 511 349 442 510 350 436 509 349 442 510 350 45 511 349 42 512 350 193 494 339 42 512 350 45 511 349 42 512 350 193 494 339 184 513 351 187 496 341 184 513 351 193 494 339 184 513 351 187 496 341 214 514 352 211 515 353 214 514 352 187 496 341 214 514 352 211 515 353 217 516 354 208 316 225 217 516 354 211 515 353 217 516 354 208 316 225 202 314 223 93 149 117 309 449 310 96 451 259 309 449 310 93 149 117 305 517 355 299 150 118 305 517 355 93 149 117 305 517 355 299 150 118 307 518 356 302 201 167 307 518 356 299 150 118 307 518 356 302 201 167 84 519 256 78 200 166 84 519 256 302 201 167 84 519 256 78 200 166 487 520 256 483 278 166 487 520 256 78 200 166 219 522 347 407 328 234 240 521 346 407 328 234 219 522 347 395 523 357 222 524 348 395 523 357 219 522 347 395 523 357 222 524 348 393 525 358 411 178 144 393 525 358 222 524 348 393 525 358 411 178 144 391 526 359 409 177 143 391 526 359 411 178 144 391 526 359 409 177 143 249 174 142 387 172 140 249 174 142 409 177 143 237 527 360 407 328 234 401 330 236 407 328 234 237 527 360 240 521 346 595 528 346 240 521 346 237 527 360 240 521 346 595 528 346 219 522 347 581 529 347 219 522 347 595 528 346 219 522 347 581 529 347 222 524 348 583 530 348 222 524 348 581 529 347 222 524 348 583 530 348 575 289 214 295 531 361 128 344 247 134 342 246 128 344 247 295 531 361 289 532 362 292 533 363 289 532 362 295 531 361 289 532 362 292 533 363 286 534 364 119 535 281 286 534 364 292 533 363 286 534 364 119 535 281 113 536 282 492 412 281 113 536 282 119 535 281 113 536 282 492 412 281 488 414 282 142 537 365 594 352 251 110 350 250 594 352 251 142 537 365 145 538 366 139 539 367 145 538 366 142 537 365 145 538 366 139 539 367 136 540 368 598 541 369 136 540 368 139 539 367 136 540 368 598 541 369 602 542 370 396 543 369 602 542 370 598 541 369 602 542 370 396 543 369 400 544 370 289 532 362 122 346 248 128 344 247 122 346 248 289 532 362 283 545 371 286 534 364 283 545 371 289 532 362 283 545 371 286 534 364 280 546 372 113 536 282 280 546 372 286 534 364 280 546 372 113 536 282 107 547 283 488 414 282 107 547 283 113 536 282 107 547 283 488 414 282 484 416 283 277 548 373 110 350 250 116 348 249 110 350 250 277 548 373 142 537 365 274 549 374 142 537 365 277 548 373 142 537 365 274 549 374 139 539 367 596 550 284 139 539 367 274 549 374 139 539 367 596 550 284 598 541 369 394 418 284 598 541 369 596 550 284 598 541 369 394 418 284 396 543 369 205 313 222 105 310 219 18 311 220 105 310 219 205 313 222 321 551 375 323 552 376 321 551 375 205 313 222 321 551 375 323 552 376 329 553 377 108 554 378 329 553 377 323 552 376 329 553 377 108 554 378 111 555 379 499 556 379 111 555 379 108 554 378 111 555 379 499 556 379 501 557 332 3 560 380 6 559 274 9 558 292 6 559 274 3 560 380 615 561 275 613 562 381 615 561 275 3 560 380 615 561 275 613 562 381 609 563 276 607 564 382 609 563 276 613 562 381 609 563 276 607 564 382 611 373 261 605 565 383 611 373 261 607 564 382 611 373 261 605 565 383 603 375 87 554 567 287 212 423 287 558 566 288 212 423 287 554 567 287 203 422 286 546 568 286 203 422 286 554 567 287 203 422 286 546 568 286 206 421 285 548 569 285 206 421 285 546 568 286 206 421 285 548 569 285 194 390 267 542 570 267 194 390 267 548 569 285 194 390 267 542 570 267 536 389 181 283 545 371 116 348 249 122 346 248 116 348 249 283 545 371 277 548 373 280 546 372 277 548 373 283 545 371 277 548 373 280 546 372 274 549 374 107 547 283 274 549 374 280 546 372 274 549 374 107 547 283 596 550 284 484 416 283 596 550 284 107 547 283 596 550 284 484 416 283 394 418 284 157 571 384 604 358 254 600 356 253 604 358 254 157 571 384 163 572 385 154 573 386 163 572 385 157 571 384 163 572 385 154 573 386 160 574 387 610 575 388 160 574 387 154 573 386 160 574 387 610 575 388 614 576 389 408 577 388 614 576 389 610 575 388 614 576 389 408 577 388 412 578 389 301 468 323 134 342 246 140 340 245 134 342 246 301 468 323 295 531 361 298 470 325 295 531 361 301 468 323 295 531 361 298 470 325 292 533 363 125 472 280 292 533 363 298 470 325 292 533 363 125 472 280 119 535 281 496 410 280 119 535 281 125 472 280 119 535 281 496 410 280 492 412 281 321 551 375 120 308 218 105 310 219 120 308 218 321 551 375 331 479 330 329 553 377 331 479 330 321 551 375 331 479 330 329 553 377 327 480 331 111 555 379 327 480 331 329 553 377 327 480 331 111 555 379 114 481 332 501 557 332 114 481 332 111 555 379 114 481 332 501 557 332 505 483 333 151 579 390 600 356 253 592 354 252 600 356 253 151 579 390 157 571 384 148 580 391 157 571 384 151 579 390 157 571 384 148 580 391 154 573 386 606 581 392 154 573 386 148 580 391 154 573 386 606 581 392 610 575 388 404 582 392 610 575 388 606 581 392 610 575 388 404 582 392 408 577 388 145 538 366 592 354 252 594 352 251 592 354 252 145 538 366 151 579 390 136 540 368 151 579 390 145 538 366 151 579 390 136 540 368 148 580 391 602 542 370 148 580 391 136 540 368 148 580 391 602 542 370 606 581 392 400 544 370 606 581 392 602 542 370 606 581 392 400 544 370 404 582 392 415 473 326 443 101 84 252 402 263 443 101 84 415 473 326 417 103 86 419 583 393 417 103 86 415 473 326 417 103 86 419 583 393 258 105 88 294 584 89 258 105 88 419 583 393 258 105 88 294 584 89 19 107 89 25 379 265 19 107 89 294 584 89 25 379 265 46 478 266 463 381 266 46 478 266 25 379 265 297 585 265 294 584 89 297 585 265 25 379 265 297 585 265 294 584 89 447 477 329 419 583 393 447 477 329 294 584 89 447 477 329 419 583 393 413 475 327 415 473 326 413 475 327 419 583 393 267 400 261 597 403 262 291 401 262 597 403 262 267 400 261 611 586 261 264 399 276 611 586 261 267 400 261 611 586 261 264 399 276 609 587 276 276 398 275 609 587 276 264 399 276 609 587 276 276 398 275 615 588 275 282 397 274 615 588 275 276 398 275 211 515 353 33 318 227 208 316 225 33 318 227 211 515 353 30 589 228 187 496 341 30 589 228 211 515 353 30 589 228 187 496 341 12 590 394 15 454 311 12 590 394 187 496 341 12 590 394 15 454 311 440 591 394 438 452 311 440 591 394 15 454 311 491 592 257 84 519 256 487 520 256 84 519 256 491 592 257 90 593 257 129 594 258 90 593 257 491 592 257 90 593 257 129 594 258 307 518 356 311 595 395 307 518 356 129 594 258 307 518 356 311 595 395 309 449 310 319 447 308 309 449 310 311 595 395 534 596 396 146 440 303 512 442 303 146 440 303 534 596 396 170 597 396 173 598 244 170 597 396 534 596 396 170 597 396 173 598 244 330 438 301 328 599 397 330 438 301 173 598 244 330 438 301 328 599 397 326 434 297 316 432 295 326 434 297 328 599 397 163 572 385 608 360 255 604 358 254 608 360 255 163 572 385 169 461 318 160 574 387 169 461 318 163 572 385 169 461 318 160 574 387 166 459 316 614 576 389 166 459 316 160 574 387 166 459 316 614 576 389 5 457 314 412 578 389 5 457 314 614 576 389 480 148 116 174 73 59 545 75 59 174 73 59 480 148 116 101 600 116 95 147 115 101 600 116 480 148 116 101 600 116 95 147 115 268 71 57 262 122 103 268 71 57 95 147 115 268 71 57 262 122 103 265 68 54 259 67 53 265 68 54 262 122 103 108 554 378 493 601 378 499 556 379 493 601 378 108 554 378 27 602 398 323 552 376 27 602 398 108 554 378 27 602 398 323 552 376 196 603 399 205 313 222 196 603 399 323 552 376 196 603 399 205 313 222 199 315 224 499 556 379 497 605 218 503 604 217 497 605 218 499 556 379 495 606 219 493 601 378 495 606 219 499 556 379 495 606 219 493 601 378 426 607 220 424 608 398 426 607 220 493 601 378 426 607 220 424 608 398 422 609 226 279 610 381 435 94 77 431 96 79 435 94 77 279 610 381 285 611 380 3 560 380 285 611 380 279 610 381 285 611 380 3 560 380 288 428 292 9 558 292 288 428 292 3 560 380 288 428 292 9 558 292 562 429 291 214 514 352 42 512 350 184 513 351 42 512 350 214 514 352 39 612 400 217 516 354 39 612 400 214 514 352 39 612 400 217 516 354 36 613 401 202 314 223 36 613 401 217 516 354 36 613 401 202 314 223 21 312 221 430 319 227 432 615 401 420 614 221 432 615 401 430 319 227 434 616 400 428 320 228 434 616 400 430 319 227 434 616 400 428 320 228 442 617 350 440 591 394 442 617 350 428 320 228 442 617 350 440 591 394 438 452 311 152 618 335 312 437 300 179 435 298 312 437 300 152 618 335 310 500 343 155 619 402 310 500 343 152 618 335 310 500 343 155 619 402 182 498 277 516 620 402 182 498 277 155 619 402 261 104 87 425 100 83 441 102 85 425 100 83 261 104 87 270 621 383 605 565 383 270 621 383 261 104 87 270 621 383 605 565 383 607 564 382 270 621 383 423 98 81 425 100 83 423 98 81 270 621 383 273 622 382 607 564 382 273 622 382 270 621 383 273 622 382 607 564 382 613 562 381 27 602 398 424 608 398 493 601 378 424 608 398 27 602 398 422 609 226 24 317 226 422 609 226 27 602 398 422 609 226 24 317 226 430 319 227 273 622 382 431 96 79 423 98 81 431 96 79 273 622 382 279 610 381 613 562 381 279 610 381 273 622 382 279 610 381 613 562 381 3 560 380 507 372 260 509 623 215 515 370 258 509 623 215 507 372 260 511 624 216 505 483 333 511 624 216 507 372 260 511 624 216 505 483 333 501 557 332 550 625 62 548 569 285 546 568 286 548 569 285 550 625 62 542 570 267 540 626 20 542 570 267 550 625 62 542 570 267 540 626 20 538 627 21 243 325 231 403 329 235 405 327 233 403 329 235 243 325 231 246 628 345 591 502 345 246 628 345 243 325 231 246 628 345 591 502 345 587 629 334 167 336 242 399 332 238 320 334 240 399 332 238 167 336 242 234 630 403 585 631 403 234 630 403 167 336 242 234 630 403 585 631 403 593 632 360 234 630 403 401 330 236 399 332 238 401 330 236 234 630 403 237 527 360 593 632 360 237 527 360 234 630 403 237 527 360 593 632 360 595 528 346 246 628 345 397 331 237 403 329 235 397 331 237 246 628 345 231 484 334 587 629 334 231 484 334 246 628 345 231 484 334 587 629 334 520 485 293 524 634 243 522 486 294 526 633 242 522 486 294 524 634 243 530 487 296 528 635 244 530 487 296 524 634 243 530 487 296 528 635 244 534 636 396 438 452 311 436 637 349 442 617 350 436 637 349 438 452 311 446 638 337 444 453 312 446 638 337 438 452 311 446 638 337 444 453 312 416 639 314 13 640 179 9 558 292 6 559 274 9 558 292 13 640 179 562 429 291 560 641 72 562 429 291 13 640 179 562 429 291 560 641 72 566 642 70 129 594 258 319 447 308 311 595 395 319 447 308 129 594 258 126 302 215 509 301 215 126 302 215 129 594 258 182 498 277 504 406 278 137 497 278 504 406 278 182 498 277 510 405 277 516 620 402 510 405 277 182 498 277 526 633 242 587 629 334 585 643 403 587 629 334 526 633 242 520 485 293 522 486 294 520 485 293 526 633 242 5 457 314 444 453 312 8 455 312 444 453 312 5 457 314 416 639 314 412 578 389 416 639 314 5 457 314 140 340 245 508 464 320 143 465 320 508 464 320 140 340 245 506 644 245 502 341 246 506 644 245 140 340 245 591 502 345 585 643 403 587 629 334 585 643 403 591 502 345 593 645 360 595 503 346 593 645 360 591 502 345 216 646 214 411 178 144 222 524 348 411 178 144 216 646 214 213 180 146 575 289 214 213 180 146 216 646 214 389 326 232 391 526 359 228 324 230 391 526 359 389 326 232 395 523 357 407 328 234 395 523 357 389 326 232 31 248 185 459 383 183 40 246 183 459 383 183 31 248 185 455 385 185 28 250 187 455 385 185 31 248 185 514 489 335 152 618 335 179 435 298 152 618 335 514 489 335 155 619 402 516 620 402 155 619 402 514 489 335 558 566 288 221 425 289 564 647 289 221 425 289 558 566 288 218 424 288 212 423 287 218 424 288 558 566 288 360 426 290 439 92 75 288 428 292 439 92 75 360 426 290 362 90 73 366 396 273 362 90 73 360 426 290 45 511 349 48 492 337 193 494 339 48 492 337 45 511 349 436 509 349 446 648 337 48 492 337 436 509 349 48 492 337 446 648 337 418 490 336 181 456 313 175 460 317 172 458 315 175 460 317 181 456 313 178 493 338 13 649 179 303 235 179 560 236 72 303 235 179 13 649 179 6 650 274 6 650 274 282 397 274 303 235 179 282 397 274 6 650 274 615 588 275 285 611 380 439 92 75 435 94 77 439 92 75 285 611 380 288 428 292 39 612 400 432 652 401 434 651 400 432 652 401 39 612 400 36 613 401 599 404 263 255 474 264 252 402 263 255 474 264 599 404 263 16 653 264 547 56 42 177 266 42 104 54 41 177 266 42 547 56 42 543 654 201 543 654 201 171 264 201 177 266 42 171 264 201 543 654 201 539 655 199 539 655 199 165 262 199 171 264 201 165 262 199 539 655 199 535 656 197 535 656 197 159 260 197 165 262 199 159 260 197 535 656 197 531 657 195 531 657 195 153 258 195 159 260 197 153 258 195 531 657 195 527 658 193 527 658 193 147 256 193 153 258 195 147 256 193 527 658 193 523 659 191 523 659 191 141 254 191 147 256 193 141 254 191 523 659 191 519 388 189 519 388 189 135 252 189 141 254 191 135 252 189 519 388 189 453 387 187 453 387 187 28 250 187 135 252 189 28 250 187 453 387 187 455 385 185 380 660 106 382 35 31 386 33 30 382 35 31 380 660 106 378 300 107 388 661 104 390 31 29 572 29 28 390 31 29 388 661 104 384 662 105 535 656 197 533 664 177 529 663 176 533 664 177 535 656 197 539 655 199 574 665 90 572 29 28 568 244 27 572 29 28 574 665 90 388 661 104 225 322 229 391 526 359 249 174 142 391 526 359 225 322 229 228 324 230 589 504 231 243 325 231 579 323 230 243 325 231 589 504 231 591 502 345 167 336 242 526 666 242 585 631 403 526 666 242 167 336 242 524 338 243 570 667 22 568 244 27 536 389 181 568 244 27 570 667 22 574 665 90 538 627 21 536 389 181 542 570 267 536 389 181 538 627 21 570 667 22 384 662 105 386 33 30 390 31 29 386 33 30 384 662 105 380 660 106 544 668 64 546 568 286 554 567 287 546 568 286 544 668 64 550 625 62 552 669 66 554 567 287 558 566 288 554 567 287 552 669 66 544 668 64 556 670 68 558 566 288 564 647 289 558 566 288 556 670 68 552 669 66 16 653 264 300 214 168 255 474 264 300 214 168 16 653 264 22 213 168 528 339 244 173 598 244 534 596 396 173 598 244 528 339 244 164 337 243 164 337 243 328 599 397 173 598 244 328 599 397 164 337 243 322 335 241 566 642 70 564 647 289 562 429 291 564 647 289 566 642 70 556 670 68 322 335 241 316 432 295 328 599 397 316 432 295 322 335 241 318 333 239 547 56 42 545 290 59 541 671 60 545 290 59 547 56 42 482 55 41 314 439 302 310 500 343 308 501 344 310 500 343 314 439 302 312 437 300 543 654 201 541 671 60 537 672 178 541 671 60 543 654 201 547 56 42 565 202 139 567 673 148 571 508 146 567 673 148 565 202 139 561 203 137 561 203 137 563 674 150 567 673 148 563 674 150 561 203 137 557 204 135 557 204 135 559 675 152 563 674 150 559 675 152 557 204 135 553 205 133 553 205 133 555 676 154 559 675 152 555 676 154 553 205 133 549 206 131 549 206 131 551 361 156 555 676 154 551 361 156 549 206 131 467 207 129 539 655 199 537 672 178 533 664 177 537 672 178 539 655 199 543 654 201 501 557 332 503 604 217 511 624 216 503 604 217 501 557 332 499 556 379 102 450 260 315 446 307 99 482 333 315 446 307 102 450 260 313 448 309 534 636 396 532 488 298 530 487 296 532 488 298 534 636 396 512 677 303 512 677 303 514 489 335 532 488 298 514 489 335 512 677 303 518 678 304 518 678 304 516 620 402 514 489 335 516 620 402 518 678 304 508 679 320 508 679 320 510 405 277 516 620 402 510 405 277 508 679 320 506 407 245 422 609 226 420 614 221 426 607 220 420 614 221 422 609 226 430 319 227 319 447 308 123 304 216 317 445 306 123 304 216 319 447 308 126 302 215 129 594 258 515 680 258 509 301 215 515 680 258 129 594 258 491 592 257 416 639 314 418 681 336 446 638 337 418 681 336 416 639 314 412 578 389 412 578 389 414 682 319 418 681 336 414 682 319 412 578 389 408 577 388 408 577 388 410 683 255 414 682 319 410 683 255 408 577 388 404 582 392 404 582 392 406 684 254 410 683 255 406 684 254 404 582 392 400 544 370 400 544 370 402 685 253 406 684 254 402 685 253 400 544 370 396 543 369 396 543 369 398 420 252 402 685 253 398 420 252 396 543 369 394 418 284 27 602 398 199 315 224 24 317 226 199 315 224 27 602 398 196 603 399 42 512 350 434 651 400 442 510 350 434 651 400 42 512 350 39 612 400 531 657 195 529 663 176 525 686 175 529 663 176 531 657 195 535 656 197 527 658 193 525 686 175 521 687 174 525 686 175 527 658 193 531 657 195 523 659 191 521 687 174 517 688 173 521 687 174 523 659 191 527 658 193 519 388 189 517 688 173 451 386 172 517 688 173 519 388 189 523 659 191 440 591 394 30 589 228 12 590 394 30 589 228 440 591 394 428 320 228 36 613 401 420 689 221 432 652 401 420 689 221 36 613 401 21 312 221 562 429 291 221 425 289 242 427 291 221 425 289 562 429 291 564 647 289 261 104 87 603 375 87 605 565 383 603 375 87 261 104 87 601 106 88 304 469 324 334 466 321 332 499 342 334 466 321 304 469 324 306 467 322 330 438 301 146 440 303 170 597 396 46 478 266 297 585 265 447 477 329 330 438 301 326 434 297 324 436 299 447 477 329 413 475 327 445 476 328 395 523 357 393 525 358 391 526 359 193 494 339 190 495 340 187 496 341 575 289 214 216 646 214 222 524 348 307 518 356 309 449 310 305 517 355 265 68 54 271 69 55 268 71 57 48 492 337 418 490 336 2 491 336 84 519 256 90 593 257 307 518 356 426 148 220 420 689 221 21 312 221 174 73 59 101 600 116 268 71 57 428 320 228 33 318 227 30 589 228</p>
                </triangles>
            </mesh>
        </geometry>
        <geometry id="ID52">
            <mesh>
                <source id="ID53">
                    <float_array id="ID54" count="1068">-850.5 2238 -491 -603.75 2229.38 722.625 -1154.88 2229.38 309 1194.75 2229.38 291.5 -1204.25 2238 210.125 -1192.38 2238 275.5 -1283.63 2238 -0 -1150.75 2238 298.5 -1264.13 2238 -222.875 -1062.13 2238 278.625 -996 2238 278 -919 2238 303.375 -564 2238 50 -141.5 2238 802.75 -564 2163.88 40 -1235.75 2238 -328.75 0 2238 815.125 -564 2229.38 40 -1173.38 2238 -361.875 -141.5 2163.88 -802.75 -1076.75 2238 -337.5 -278.75 2238 766 0 2163.88 -815.125 -993.75 2238 -340.5 0 2163.88 -982 -945 2238 -360.625 -365.25 2238 709.75 -170.5 2163.88 -967.125 141.5 2238 -802.75 0 2238 982 -278.75 2163.88 -766 -170.5 2238 967.125 -335.875 2163.88 -922.875 278.75 2238 -766 -365.25 2163.88 -709.75 -491 2163.88 -850.5 407.5 2238 -705.875 -335.875 2238 922.875 -631.25 2163.88 -752.25 -439.875 2163.88 -579.375 523.875 2238 -624.375 -491 2238 850.5 -419.125 2163.88 -645.375 -434.125 2163.88 -502.125 624.375 2238 -523.875 -631.25 2238 752.25 -752.25 2163.88 -631.25 -417.625 2163.88 -383.75 705.875 2238 -407.5 -752.25 2238 631.25 -491.5 2163.88 -283.75 -434.75 2163.88 -364.75 766 2238 -278.75 -850.5 2238 491 -850.5 2163.88 -491 -993.75 2163.88 -340.5 802.75 2238 -141.5 -1076.75 2163.88 -337.5 -558.875 2163.88 -98.5 815.125 2238 -0 -945 2163.88 -360.625 -1264.13 2238 222.875 -533.25 2163.88 -194.125 -1264.13 2163.88 -222.875 170.5 2238 -967.125 -1173.38 2163.88 -361.875 -1235.75 2163.88 -328.75 335.875 2238 -922.875 -1173.38 2238 361.875 141.5 2163.88 -802.75 -1235.75 2238 328.75 170.5 2163.88 -967.125 491 2238 -850.5 -1076.75 2238 337.5 278.75 2163.88 -766 -993.75 2238 340.5 335.875 2163.88 -922.875 631.25 2238 -752.25 -945 2238 360.625 407.5 2163.88 -705.875 141.5 2238 802.75 491 2163.88 -850.5 752.25 2238 -631.25 523.875 2163.88 -624.375 278.75 2238 766 631.25 2163.88 -752.25 850.5 2238 -491 624.375 2163.88 -523.875 945 2238 -360.625 407.5 2238 705.875 752.25 2163.88 -631.25 1044.88 2238 -334 705.875 2163.88 -407.5 975.5 2238 -344 523.875 2238 624.375 850.5 2163.88 -491 802.75 2163.88 -141.5 624.375 2238 523.875 815.125 2163.88 -0 1283.63 2163.88 -0 705.875 2238 407.5 1264.13 2163.88 -222.875 1264.13 2238 -222.875 1173.38 2163.88 -361.875 1283.63 2238 -0 766 2238 278.75 1044.88 2163.88 -334 1173.38 2238 -361.875 975.5 2163.88 -344 1235.75 2238 -328.75 802.75 2238 141.5 766 2163.88 -278.75 945 2163.88 -360.625 1235.75 2163.88 -328.75 170.5 2238 967.125 -1062.13 2163.88 39.875 -434.125 2238 -502.125 -1062.13 2163.88 -39.875 -439.875 2238 -579.375 335.875 2238 922.875 -1283.63 2163.88 -0 0 2163.88 982 491 2238 850.5 0 2163.88 815.125 -434.75 2238 -364.75 -141.5 2163.88 802.75 -491.5 2238 -283.75 631.25 2238 752.25 -170.5 2163.88 967.125 -278.75 2163.88 766 752.25 2238 631.25 -335.875 2163.88 922.875 -533.25 2238 -194.125 -365.25 2163.88 709.75 850.5 2238 491 -491 2163.88 850.5 -558.875 2238 -98.5 945 2238 360.625 -439.875 2163.88 579.375 1044.88 2238 334 -631.25 2163.88 752.25 975.5 2238 344 -419.125 2163.88 645.375 -417.625 2238 -383.75 -752.25 2163.88 631.25 -434.125 2163.88 502.125 -417.625 2163.88 383.75 -419.125 2238 -645.375 1264.13 2238 222.875 -434.75 2163.88 364.75 1235.75 2238 328.75 -491.5 2163.88 283.75 1173.38 2238 361.875 -850.5 2163.88 491 -1076.75 2163.88 337.5 -993.75 2163.88 340.5 -558.875 2163.88 98.5 -434.125 2238 502.125 -945 2163.88 360.625 -439.875 2238 579.375 -533.25 2163.88 194.125 -1264.13 2163.88 222.875 -1173.38 2163.88 361.875 -491.5 2238 283.75 -1235.75 2163.88 328.75 -434.75 2238 364.75 170.5 2163.88 967.125 141.5 2163.88 802.75 335.875 2163.88 922.875 -533.25 2238 194.125 278.75 2163.88 766 491 2163.88 850.5 -558.875 2238 98.5 407.5 2163.88 705.875 631.25 2163.88 752.25 523.875 2163.88 624.375 -417.625 2238 383.75 752.25 2163.88 631.25 624.375 2163.88 523.875 850.5 2163.88 491 -419.125 2238 645.375 705.875 2163.88 407.5 802.75 2163.88 141.5 -930.75 2238 -322 1264.13 2163.88 222.875 -824.375 2238 -475.875 1044.88 2163.88 334 -161.75 2238 -917.625 1173.38 2163.88 361.875 0 2238 -931.75 975.5 2163.88 344 -318.625 2238 -875.625 766 2163.88 278.75 -465.875 2238 -807 945 2163.88 360.625 -1225.38 2238 -216 1235.75 2163.88 328.75 -1214.88 2229.38 -213.125 -1234.13 2229.38 -0 -1244.25 2238 -0 -1069.13 2238 -299.25 -995.875 2238 -301.125 -995.875 2229.38 -289.625 -1065.63 2229.38 -288.875 -1208.75 2238 -290.125 161.75 2238 -917.625 318.625 2238 -875.625 465.875 2238 -807 598.875 2238 -713.75 713.75 2238 -598.875 807 2238 -465.875 897 2238 -330.125 962 2238 -286.25 1207.63 2238 -212 1226.5 2238 -0 965 2238 -307.75 1041.25 2238 -298.25 1040.38 2229.38 -287.875 963.5 2229.38 -297 1155.5 2238 -318 1153.63 2229.38 -308.875 -713.75 2238 -598.875 -807 2238 -465.875 -597 2238 -715.125 -1159 2238 -319.375 1202.25 2238 -297 1225.38 2238 -216 -729.25 2238 -611.875 0 2238 -951.875 -165.25 2238 -937.5 -325.5 2238 -894.5 -475.875 2238 -824.375 -924.875 2229.38 -312.75 -1200.5 2229.38 -282.75 165.25 2238 -937.5 325.5 2238 -894.5 475.875 2238 -824.375 611.875 2238 -729.25 729.25 2238 -611.875 824.375 2238 -475.875 1244.25 2238 -0 914.125 2238 -341.25 -610.625 2238 -730 1151.75 2238 -299.75 1187.25 2238 -285.875 -815.625 2229.38 -470.875 -721.5 2229.38 -605.375 0 2229.38 -941.875 -163.5 2229.38 -927.5 -322.125 2229.38 -885 -470.875 2229.38 -815.625 163.5 2229.38 -927.5 322.125 2229.38 -885 470.875 2229.38 -815.625 605.375 2229.38 -721.5 721.5 2229.38 -605.375 815.625 2229.38 -470.875 905.625 2229.38 -335.625 1235.38 2229.38 -0 1216.5 2229.38 -214 1039.5 2238 -277.625 -603.75 2229.38 -722.625 -1154.88 2229.38 -309 1194.75 2229.38 -291.5 -1204.25 2238 -210.125 -1224 2238 -0 -1192.38 2238 -275.5 -1150.75 2238 -298.5 -1062.13 2238 -278.625 -996 2238 -278 -919 2238 -303.375 -1072.13 2238 -49.875 -1072.13 2238 49.875 -564 2238 -50 -1062.13 2229.38 39.875 -1062.13 2229.38 -39.875 -1062.13 2163.88 -39.875 -1062.13 2163.88 39.875 -564 2163.88 -40 -564 2229.38 -40 -930.75 2238 322 -824.375 2238 475.875 0 2238 931.75 -161.75 2238 917.625 -318.625 2238 875.625 -465.875 2238 807 -1214.88 2229.38 213.125 -1225.38 2238 216 -995.875 2229.38 289.625 -995.875 2238 301.125 -1069.13 2238 299.25 -1065.63 2229.38 288.875 -1208.75 2238 290.125 161.75 2238 917.625 318.625 2238 875.625 465.875 2238 807 598.875 2238 713.75 713.75 2238 598.875 807 2238 465.875 897 2238 330.125 962 2238 286.25 1207.63 2238 212 1040.38 2229.38 287.875 1041.25 2238 298.25 965 2238 307.75 963.5 2229.38 297 1153.63 2229.38 308.875 1155.5 2238 318 -713.75 2238 598.875 -807 2238 465.875 -597 2238 715.125 -1159 2238 319.375 1202.25 2238 297 1225.38 2238 216 -729.25 2238 611.875 0 2238 951.875 -165.25 2238 937.5 -325.5 2238 894.5 -475.875 2238 824.375 -924.875 2229.38 312.75 -1200.5 2229.38 282.75 165.25 2238 937.5 325.5 2238 894.5 475.875 2238 824.375 611.875 2238 729.25 729.25 2238 611.875 824.375 2238 475.875 914.125 2238 341.25 0 2238 -815.125 -610.625 2238 730 -141.5 2238 -802.75 1187.25 2238 285.875 1151.75 2238 299.75 -278.75 2238 -766 -815.625 2229.38 470.875 -721.5 2229.38 605.375 -365.25 2238 -709.75 0 2229.38 941.875 -170.5 2238 -967.125 -163.5 2229.38 927.5 0 2238 -982 -322.125 2229.38 885 -470.875 2229.38 815.625 163.5 2229.38 927.5 -335.875 2238 -922.875 322.125 2229.38 885 470.875 2229.38 815.625 -491 2238 -850.5 605.375 2229.38 721.5 721.5 2229.38 605.375 -631.25 2238 -752.25 815.625 2229.38 470.875 905.625 2229.38 335.625 -752.25 2238 -631.25 1216.5 2229.38 214 1039.5 2238 277.625</float_array>
                    <technique_common>
                        <accessor count="356" source="#ID54" stride="3">
                            <param name="X" type="float"/>
                            <param name="Y" type="float"/>
                            <param name="Z" type="float"/>
                        </accessor>
                    </technique_common>
                </source>
                <source id="ID55">
                    <float_array id="ID56" count="510">-0.0967474 0.989702 0.105496 -0.227225 0.934661 -0.273456 -0.0990952 0.99506 -0.00603095 -0.00762701 0.93532 -0.353721 0.0416338 0.999021 -0.0149353 -0.00627626 0.957882 -0.287094 0.0656558 0.997723 -0.0154608 -0.174534 0.912306 -0.370453 0.0401649 0.998295 -0.0423533 -0.221616 0.955218 -0.196072 0.000299478 0.999991 0.00425354 -0.342125 0.909648 -0.235563 -0.0162992 0.999688 0.0189174 -0.258189 0.938385 -0.229721 -0.0183206 0.999689 0.0169028 -0.21444 0.938271 -0.271409 -0.0203368 0.999685 0.0147351 -0.164376 0.93806 -0.304998 -0.0229925 0.999684 0.0101196 -0.108831 0.938295 -0.328266 -0.0242924 0.999687 0.00601884 -0.0500863 0.93827 -0.342258 -0.0248439 0.999691 -0.0010229 0.0101091 0.937838 -0.346925 -0.0250871 0.999682 -0.00238639 0.0698406 0.938519 -0.33809 -0.0243315 0.999686 -0.00596986 0.127955 0.938101 -0.32186 -0.0226646 0.999684 -0.0108394 0.182131 0.937915 -0.295202 -0.018515 0.999697 -0.0162439 0.22985 0.938111 -0.259068 -0.0171207 0.999682 -0.0185295 0.27125 0.938275 -0.214625 0.137079 0.985908 -0.0958863 0.24408 0.954851 -0.169364 -0.0356997 0.993579 0.107358 0.163418 0.946806 -0.277224 0.0420101 0.999089 0.0075493 0.0447461 0.921427 -0.385967 0.0363968 0.999208 0.0160972 -0.0503745 0.935142 -0.350673 -0.0999757 0.994702 -0.0239378 0.0855607 0.946185 -0.312112 -0.0669351 0.993747 -0.0893663 0.283095 0.947888 -0.146169 0.122048 0.992175 -0.0263103 0.260323 0.96468 -0.0402996 0.338299 0.941039 -0 -0.221616 0.955218 0.196072 -0.342125 0.909648 0.235564 0 1 -0 -0.258189 0.938385 0.229721 -0.21444 0.938271 0.271409 -0.164376 0.93806 0.304998 -0.108831 0.938295 0.328266 -0.0500863 0.93827 0.342258 0.0101091 0.937838 0.346925 0.0698406 0.938519 0.33809 0.127955 0.938101 0.32186 0.182131 0.937915 0.295202 0.22985 0.938111 0.259068 0.27125 0.938275 0.214625 0.24408 0.954851 0.169364 -0.039734 0.904921 -0.42372 0.243145 0.969311 -0.0362968 0.0916435 0.94255 -0.321249 0.229315 0.937336 -0.262326 0.287859 0.937667 -0.194723 0.271985 0.937974 -0.215011 0.229822 0.938383 -0.258107 0.182577 0.937564 -0.296041 0.128614 0.937352 -0.323773 0.0703196 0.937569 -0.340615 0.00870914 0.95512 -0.29609 0.438932 0.850899 0.288634 0.0865241 0.894879 0.437842 -0.039734 0.904921 0.42372 0.0916435 0.94255 0.321249 0.229315 0.937336 0.262326 0.287859 0.937667 0.194723 0.271985 0.937974 0.215011 0.229822 0.938383 0.258107 0.182577 0.937564 0.296041 0.128614 0.937352 0.323773 0.00870914 0.95512 0.29609 0.0703196 0.937569 0.340615 0.243145 0.969311 0.0362968 0.260323 0.96468 0.0402996 0.283095 0.947888 0.146169 0.0855607 0.946185 0.312112 -0.0503745 0.935142 0.350673 0.0447461 0.921427 0.385967 0.163418 0.946806 0.277224 -0.364664 0.927782 -0.0789953 -0.4937 0.869633 -0 -0.364664 0.927782 0.0789954 -0.227225 0.934661 0.273456 -0.00762701 0.93532 0.353721 -0.00627626 0.957882 0.287094 -0.276698 0.924833 0.261 0.000710054 0.916166 0.400799 0.03147 0.91391 0.404696 -0.0672476 0.947246 0.313373 -0.155093 0.966464 0.204678 -0.285549 0.937575 0.198532 -0.184072 0.954833 0.233262 -0.165453 0.937273 0.30683 -0.109361 0.93753 0.330268 -0.0502875 0.937927 0.343167 -0.0356997 0.993579 -0.107358 -0.0672476 0.947246 -0.313373 0.0420101 0.999089 -0.00754933 0.03147 0.91391 -0.404696 0.0363968 0.999208 -0.0160972 0.000710058 0.916166 -0.400799 -0.0999757 0.994702 0.0239378 -0.276698 0.924833 -0.261 -0.0669351 0.993747 0.0893663 -0.401744 0.913468 0.0646343 -0.38427 0.923221 -0 0.122048 0.992175 0.0263103 0.125918 0.990042 -0.0629422 0.0683405 0.99532 0.068314 -0.401744 0.913468 -0.0646343 -0.220609 0.955261 -0.196999 -0.184072 0.954833 -0.233262 0.375714 0.926736 -0 0.304463 0.952524 -0 -0.00432662 0.999566 0.0291275 -0.155093 0.966464 -0.204678 -0.285549 0.937575 -0.198532 -0.220609 0.955261 0.196999 -0.174534 0.912306 0.370453 0.000114535 0.887422 -0.460959 0.000114535 0.887422 0.460959 0.137079 0.985908 0.0958862 0.655766 0.600685 0.457327 0.45492 0.624961 -0.634407 0.000241305 0.274457 0.961599 0.000250941 0 1 0.000250941 0 1 1 -0 -0 0.000241305 0.274457 -0.961599 0.000250941 -0 -1 0.000250941 0 -1 -0.00432665 0.999566 -0.0291275 0.438932 0.850899 -0.288634 -0.0967474 0.989702 -0.105496 0.0865242 0.894879 -0.437842 -0.0990951 0.99506 0.00603091 0.0416338 0.999021 0.0149353 0.0656558 0.997723 0.0154609 0.0401649 0.998295 0.0423533 0.000299491 0.999991 -0.00425353 -0.0162992 0.999688 -0.0189173 -0.0183206 0.999689 -0.0169028 -0.0203368 0.999685 -0.0147351 -0.0229925 0.999684 -0.0101196 -0.0242925 0.999687 -0.00601884 -0.0248439 0.999691 0.00102287 -0.0502875 0.937927 -0.343167 -0.0250871 0.999682 0.00238634 -0.109361 0.93753 -0.330268 -0.0243315 0.999686 0.0059699 -0.165453 0.937273 -0.30683 -0.0226646 0.999684 0.0108393 -0.018515 0.999697 0.0162439 -0.0171207 0.999682 0.0185295 0 -1 -0</float_array>
                    <technique_common>
                        <accessor count="170" source="#ID56" stride="3">
                            <param name="X" type="float"/>
                            <param name="Y" type="float"/>
                            <param name="Z" type="float"/>
                        </accessor>
                    </technique_common>
                </source>
                <source id="ID57">
                    <float_array id="ID58" count="514">1.82373 0.177002 1.83203 0.170898 1.77808 0.157715 1.78027 0.147705 1.65259 0.181152 1.65356 0.169678 1.56763 0.170898 1.56934 0.15918 1.50342 0.128174 1.51294 0.121826 1.40381 -0.0217285 1.41333 -0.0273438 1.29932 -0.170654 1.30786 -0.177979 1.17065 -0.299316 1.17798 -0.307861 1.02173 -0.403809 1.02734 -0.41333 0.856934 -0.480713 0.860596 -0.490967 0.681152 -0.527588 0.683105 -0.538574 0.5 -0.543457 0.5 -0.554688 0.318604 -0.527588 0.31665 -0.538574 0.142822 -0.480713 0.13916 -0.490967 -0.0217285 -0.403809 -0.0273438 -0.41333 -0.168945 -0.300537 -0.176514 -0.308838 -0.299316 -0.170654 -0.307861 -0.177979 -0.403809 -0.0217285 -0.41333 -0.0273438 -0.524658 0.153564 -0.53125 0.143311 -0.603516 0.179199 -0.603271 0.16626 -0.680664 0.179932 -0.68457 0.168457 -0.779541 0.157715 -0.78418 0.145996 -0.830078 0.186768 -0.839111 0.178711 -0.845947 0.263916 -0.857666 0.260742 -0.878662 0.5 1.51294 0.878418 1.41333 1.02734 1.44238 1.04395 1.30786 1.17798 1.3335 1.19946 1.17798 1.30786 1.19946 1.3335 1.02734 1.41333 1.04395 1.44238 0.860596 1.49097 0.87207 1.52246 0.683105 1.53857 0.688721 1.57153 0.5 1.55469 0.5 1.58813 0.31665 1.53857 0.311035 1.57153 0.13916 1.49097 0.127686 1.52246 -0.0273438 1.41333 -0.0439453 1.44238 -0.176514 1.30884 -0.199463 1.3335 -0.307861 1.17798 -0.333496 1.19946 -0.41333 1.02734 -0.442383 1.04395 -0.547119 0.899902 1.44238 -0.0439453 1.3335 -0.199463 1.19946 -0.333496 1.04395 -0.442383 0.87207 -0.522461 0.688721 -0.571533 0.5 -0.588135 0.311035 -0.571533 0.127686 -0.522461 -0.0439453 -0.442383 -0.199463 -0.333496 -0.333496 -0.199463 -0.442383 -0.0439453 -0.547119 0.100342 1.65161 0.807861 1.83813 0.735107 1.56592 0.817383 1.3894 0.656982 1.4939 0.865967 1.34863 0.809082 1.39404 1.01611 1.28198 0.95166 1.29077 1.16357 1.19189 1.08057 1.16357 1.29077 1.08057 1.19189 1.01611 1.39404 0.951416 1.28198 0.853027 1.47021 0.808838 1.34863 0.679199 1.5166 0.656738 1.3894 0.5 1.53247 0.5 1.40308 0.343018 1.3894 1.81543 0.18335 1.77612 0.167969 1.65161 0.192383 1.56592 0.182861 1.4939 0.134277 1.39404 -0.0161133 1.29077 -0.163574 1.16357 -0.290771 1.01611 -0.394043 0.853027 -0.470215 0.5 -0.532471 0.656738 -0.389404 0.679199 -0.516602 0.808838 -0.348633 0.951416 -0.281982 1.08057 -0.191895 1.19189 -0.0805664 1.28198 0.048584 1.34863 0.191162 1.3894 0.343262 1.83813 0.265137 -0.900635 0.253174 -0.922119 0.5 -0.900635 0.74707 -0.857666 0.739502 -0.869141 0.864502 -0.839111 0.821533 -0.800049 0.901123 -0.78418 0.854248 -0.693115 0.874023 -0.68457 0.831787 -0.601074 0.877441 -0.603271 0.833984 -0.53125 0.856934 1.85767 0.260742 1.87866 0.5 1.92212 0.5 1.85767 0.739502 1.90063 0.74707 1.83203 0.829346 1.86914 0.864502 1.78027 0.852539 1.80005 0.901123 1.65356 0.830566 1.65771 0.870117 1.58081 0.881348 -0.821045 0.194824 -0.774902 0.169189 -0.676758 0.191406 -0.603516 0.191895 -0.518311 0.164063 -0.394043 -0.0161133 -0.161377 -0.29248 0.0354004 -0.215088 -0.0161133 -0.394043 0.0952148 -0.286377 0.146729 -0.470215 0.190918 -0.348633 0.320557 -0.516602 0.343018 -0.389404 0.5 -0.403076 -0.524658 0.84668 -0.603516 0.80835 -0.603516 0.821045 -0.676758 0.808838 -0.680664 0.820313 -0.774902 0.831055 -0.779541 0.842529 -0.821045 0.80542 -0.830078 0.813477 -0.834229 0.26709 -0.856201 0.5 -0.867432 0.5 -0.845947 0.736328 -0.0444336 0.185791 -0.0908203 0.284912 -0.119141 0.390869 -0.687988 0.444824 -0.687988 0.55542 -0.834229 0.733154 0.0371094 0.925293 -0.290771 1.16357 0.0187988 1.0564 -0.161377 1.29248 0.0124512 1.14185 0.0354004 1.21509 1.85889 0.5 1.86865 0.5 1.8479 0.262939 -0.119141 0.609375 -0.518311 0.836182 -0.0908203 0.715332 -0.394043 1.01611 -0.0444336 0.814453 0.0180664 0.904297 0.0124512 -0.141846 0.0187988 -0.0563965 -0.290771 -0.163574 0.0371094 0.0749512 0.0180664 0.0959473 -0.601074 0.122803 1.56934 0.841064 1.54712 0.899902 -0.125 0.444824 1.54712 0.100342 1.58081 0.118896 -0.125 0.55542 -0.403809 1.02173 1.40308 0.5 -0.676758 0.544434 -0.676758 0.455811 -0.125 0.544434 -0.125 0.455811 1.8479 0.737305 1.81543 0.816895 1.82373 0.823242 1.77612 0.832275 1.77808 0.842529 1.65259 0.819092 1.56763 0.829346 1.50342 0.87207 1.40381 1.02173 1.29932 1.17065 1.17065 1.29932 1.02173 1.40381 0.856934 1.48071 0.681152 1.52759 0.5 1.54346 0.320557 1.5166 0.318604 1.52759 0.146729 1.47021 0.142822 1.48071 -0.0161133 1.39404 -0.0217285 1.40381 -0.168945 1.30054 -0.299316 1.17065 0.0952148 1.28638 0.190918 1.34863 1.65771 0.130127 1.80005 0.0991211 1.86914 0.135742 1.90063 0.253174 -0.693115 0.126221 -0.800049 0.0991211 -0.869141 0.135742</float_array>
                    <technique_common>
                        <accessor count="257" source="#ID58" stride="2">
                            <param name="S" type="float"/>
                            <param name="T" type="float"/>
                        </accessor>
                    </technique_common>
                </source>
                <vertices id="ID59">
                    <input semantic="POSITION" source="#ID53"/>
                </vertices>
                <triangles count="518" material="Material1">
                    <input offset="0" semantic="VERTEX" source="#ID59"/>
                    <input offset="1" semantic="NORMAL" source="#ID55"/>
                    <input offset="2" semantic="TEXCOORD" source="#ID57" set="0"/>
                    <p>306 2 2 312 1 1 3 0 0 312 1 1 306 2 2 307 3 3 302 4 4 307 3 3 306 2 2 307 3 3 302 4 4 303 5 5 305 6 6 303 5 5 302 4 4 303 5 5 305 6 6 304 7 7 352 8 8 304 7 7 305 6 6 304 7 7 352 8 8 327 9 9 351 10 10 327 9 9 352 8 8 327 9 9 351 10 10 326 11 11 349 12 12 326 11 11 351 10 10 326 11 11 349 12 12 325 13 13 348 14 14 325 13 13 349 12 12 325 13 13 348 14 14 324 15 15 346 16 16 324 15 15 348 14 14 324 15 15 346 16 16 323 17 17 345 18 18 323 17 17 346 16 16 323 17 17 345 18 18 322 19 19 343 20 20 322 19 19 345 18 18 322 19 19 343 20 20 321 21 21 337 22 22 321 21 21 343 20 20 321 21 21 337 22 22 315 23 23 339 24 24 315 23 23 337 22 22 315 23 23 339 24 24 316 25 25 341 26 26 316 25 25 339 24 24 316 25 25 341 26 26 317 27 27 342 28 28 317 27 27 341 26 26 317 27 27 342 28 28 318 29 29 1 30 30 318 29 29 342 28 28 318 29 29 1 30 30 329 31 31 335 32 32 329 31 31 1 30 30 329 31 31 335 32 32 314 33 33 334 34 34 314 33 33 335 32 32 314 33 33 334 34 34 281 35 35 319 36 36 281 35 35 334 34 34 281 35 35 319 36 36 280 37 37 288 38 38 280 37 37 319 36 36 280 37 37 288 38 38 289 39 39 291 40 40 289 39 39 288 38 38 289 39 39 291 40 40 290 41 41 2 42 42 290 41 41 291 40 40 290 41 41 2 42 42 311 43 43 320 44 44 311 43 43 2 42 42 311 43 43 320 44 44 292 45 45 286 46 46 292 45 45 320 44 44 292 45 45 286 46 46 287 47 47 199 48 48 287 47 47 286 46 46 86 51 51 239 50 50 241 49 49 239 50 50 86 51 51 238 52 52 82 51 53 238 52 52 86 51 51 238 52 52 82 51 53 237 53 54 77 51 55 237 53 54 82 51 53 237 53 54 77 51 55 236 54 56 72 51 57 236 54 56 77 51 55 236 54 56 72 51 57 235 55 58 67 51 59 235 55 58 72 51 57 235 55 58 67 51 59 234 56 60 64 51 61 234 56 60 67 51 59 234 56 60 64 51 61 228 57 62 340 51 63 228 57 62 64 51 61 228 57 62 340 51 63 229 58 64 338 51 65 229 58 64 340 51 63 229 58 64 338 51 65 230 59 66 344 51 67 230 59 66 338 51 65 230 59 66 344 51 67 231 60 68 347 51 69 231 60 68 344 51 67 231 60 68 347 51 69 242 61 70 350 51 71 242 61 70 347 51 69 242 61 70 350 51 71 227 62 72 353 51 73 227 62 72 350 51 71 227 62 72 353 51 73 185 63 74 0 51 75 185 63 74 353 51 73 185 63 74 0 51 75 25 51 76 325 13 13 134 51 77 326 11 11 134 51 77 325 13 13 130 51 78 324 15 15 130 51 78 325 13 13 130 51 78 324 15 15 127 51 79 323 17 17 127 51 79 324 15 15 127 51 79 323 17 17 122 51 80 322 19 19 122 51 80 323 17 17 122 51 80 322 19 19 119 51 81 321 21 21 119 51 81 322 19 19 119 51 81 321 21 21 114 51 82 315 23 23 114 51 82 321 21 21 114 51 82 315 23 23 29 51 83 316 25 25 29 51 83 315 23 23 29 51 83 316 25 25 31 51 84 317 27 27 31 51 84 316 25 25 31 51 84 317 27 27 37 51 85 318 29 29 37 51 85 317 27 27 37 51 85 318 29 29 41 51 86 329 31 31 41 51 86 318 29 29 41 51 86 329 31 31 45 51 87 314 33 33 45 51 87 329 31 31 45 51 87 314 33 33 49 51 88 281 35 35 49 51 88 314 33 33 49 51 88 281 35 35 53 51 89 78 51 90 53 51 89 281 35 35 212 66 93 213 65 92 260 64 91 213 65 92 212 66 93 56 51 94 211 67 95 56 51 94 212 66 93 56 51 94 211 67 95 52 51 96 210 68 97 52 51 96 211 67 95 52 51 96 210 68 97 48 51 98 209 69 99 48 51 98 210 68 97 48 51 98 209 69 99 44 51 100 208 70 101 44 51 100 209 69 99 44 51 100 208 70 101 40 51 102 207 71 103 40 51 102 208 70 101 40 51 102 207 71 103 36 51 104 206 72 105 36 51 104 207 71 103 36 51 104 206 72 105 33 51 106 205 73 107 33 51 106 206 72 105 33 51 106 205 73 107 28 51 108 189 74 109 28 51 108 205 73 107 28 51 108 189 74 109 328 51 110 330 51 111 328 51 110 189 74 109 332 76 113 3 0 0 331 75 112 3 0 0 332 76 113 306 2 2 355 77 114 306 2 2 332 76 113 306 2 2 355 77 114 302 4 4 300 78 115 302 4 4 355 77 114 302 4 4 300 78 115 305 6 6 299 79 116 305 6 6 300 78 115 305 6 6 299 79 116 352 8 8 298 80 117 352 8 8 299 79 116 352 8 8 298 80 117 351 10 10 297 81 118 351 10 10 298 80 117 351 10 10 297 81 118 349 12 12 296 82 119 349 12 12 297 81 118 349 12 12 296 82 119 348 14 14 295 83 120 348 14 14 296 82 119 348 14 14 295 83 120 346 16 16 294 84 121 346 16 16 295 83 120 293 86 124 80 51 123 282 85 122 80 51 123 293 86 124 84 51 125 294 84 121 84 51 125 293 86 124 84 51 125 294 84 121 89 51 126 295 83 120 89 51 126 294 84 121 89 51 126 295 83 120 94 51 127 296 82 119 94 51 127 295 83 120 94 51 127 296 82 119 97 51 128 297 81 118 97 51 128 296 82 119 97 51 128 297 81 118 100 51 129 298 80 117 100 51 129 297 81 118 100 51 129 298 80 117 105 51 130 299 79 116 105 51 130 298 80 117 105 51 130 299 79 116 110 51 131 300 78 115 110 51 131 299 79 116 110 51 131 300 78 115 301 87 132 199 48 48 6 51 134 61 51 133 6 51 134 199 48 48 8 51 135 195 88 136 8 51 135 199 48 48 8 51 135 195 88 136 15 51 137 204 89 138 15 51 137 195 88 136 15 51 137 204 89 138 18 51 139 224 90 140 18 51 139 204 89 138 18 51 139 224 90 140 20 51 141 200 91 142 20 51 141 224 90 140 20 51 141 200 91 142 23 51 143 201 92 144 23 51 143 200 91 142 23 51 143 201 92 144 183 93 145 104 51 148 240 95 147 313 94 146 240 95 147 104 51 148 226 96 149 102 51 150 226 96 149 104 51 148 226 96 149 102 51 150 225 97 151 109 51 152 225 97 151 102 51 150 225 97 151 109 51 152 219 98 153 107 51 154 219 98 153 109 51 152 219 98 153 107 51 154 216 99 155 91 51 156 216 99 155 107 51 154 216 99 155 91 51 156 93 51 157 2 42 42 5 100 158 320 44 44 5 100 158 2 42 42 7 101 159 291 40 40 7 101 159 2 42 42 7 101 159 291 40 40 9 102 160 288 38 38 9 102 160 291 40 40 9 102 160 288 38 38 10 103 161 319 36 36 10 103 161 288 38 38 10 103 161 319 36 36 11 104 162 309 105 163 11 104 162 319 36 36 285 107 166 180 51 165 310 106 164 180 51 165 285 107 166 26 51 167 284 108 168 26 51 167 285 107 166 26 51 167 284 108 168 21 51 169 283 109 170 21 51 169 284 108 168 21 51 169 283 109 170 13 51 171 282 85 122 13 51 171 283 109 170 13 51 171 282 85 122 16 51 172 80 51 123 16 51 172 282 85 122 202 112 175 269 111 174 232 110 173 269 111 174 202 112 175 268 113 176 203 114 177 268 113 176 202 112 175 268 113 176 203 114 177 267 115 178 262 116 179 267 115 178 203 114 177 267 115 178 262 116 179 266 117 180 233 118 181 266 117 180 262 116 179 4 119 182 320 44 44 5 100 158 320 44 44 4 119 182 286 46 46 265 120 183 286 46 46 4 119 182 286 46 46 265 120 183 198 51 184 197 121 185 198 51 184 265 120 183 169 51 187 309 105 163 163 51 186 309 105 163 169 51 187 11 104 162 172 51 188 11 104 162 169 51 187 11 104 162 172 51 188 10 103 161 272 122 189 4 119 182 5 100 158 4 119 182 272 122 189 265 120 183 271 123 190 265 120 183 272 122 189 265 120 183 271 123 190 264 124 191 116 51 194 221 125 193 143 51 192 221 125 193 116 51 194 223 126 195 118 51 196 223 126 195 116 51 194 223 126 195 118 51 196 147 51 197 301 87 132 258 128 199 214 127 198 258 128 199 301 87 132 354 129 200 331 75 112 354 129 200 301 87 132 354 129 200 331 75 112 3 0 0 132 51 203 270 130 202 136 51 201 270 130 202 132 51 203 222 131 204 126 51 205 222 131 204 132 51 203 222 131 204 126 51 205 124 51 206 313 94 146 3 0 0 312 1 1 3 0 0 313 94 146 354 129 200 240 95 147 354 129 200 313 94 146 354 129 200 240 95 147 258 128 199 157 51 208 310 106 164 159 51 207 310 106 164 157 51 208 308 132 209 176 51 210 308 132 209 157 51 208 308 132 209 176 51 210 165 51 211 280 37 37 78 51 90 281 35 35 78 51 90 280 37 37 75 51 212 289 39 39 75 51 212 280 37 37 75 51 212 289 39 39 290 41 41 93 51 157 215 133 213 216 99 155 215 133 213 93 51 157 241 49 49 88 51 214 241 49 49 93 51 157 241 49 49 88 51 214 86 51 51 272 122 189 172 51 188 12 134 215 172 51 188 272 122 189 10 103 161 9 102 160 10 103 161 272 122 189 141 51 217 327 9 9 137 51 216 327 9 9 141 51 217 304 7 7 303 5 5 304 7 7 141 51 217 136 51 201 271 123 190 273 135 218 271 123 190 136 51 201 269 111 174 270 130 202 269 111 174 136 51 201 232 110 173 222 131 204 245 136 219 222 131 204 232 110 173 270 130 202 269 111 174 270 130 202 232 110 173 301 87 132 332 76 113 331 75 112 332 76 113 301 87 132 355 77 114 300 78 115 355 77 114 301 87 132 341 26 26 284 108 168 285 107 166 284 108 168 341 26 26 339 24 24 339 24 24 283 109 170 284 108 168 283 109 170 339 24 24 337 22 22 337 22 22 282 85 122 283 109 170 282 85 122 337 22 22 343 20 20 343 20 20 293 86 124 282 85 122 293 86 124 343 20 20 345 18 18 345 18 18 294 84 121 293 86 124 294 84 121 345 18 18 346 16 16 165 51 211 309 105 163 308 132 209 309 105 163 165 51 211 163 51 186 335 32 32 308 132 209 309 105 163 308 132 209 335 32 32 1 30 30 301 87 132 59 51 220 110 51 131 59 51 220 301 87 132 214 127 198 198 51 184 199 48 48 286 46 46 199 48 48 198 51 184 197 121 185 272 122 189 275 137 221 271 123 190 275 137 221 272 122 189 274 138 222 275 137 221 273 135 218 271 123 190 273 135 218 275 137 221 279 139 223 276 140 221 279 139 223 275 137 221 279 139 223 276 140 221 278 141 223 275 137 221 277 142 222 276 142 221 277 142 222 275 137 221 274 138 222 274 138 222 12 134 215 17 143 224 12 134 215 274 138 222 272 122 189 277 145 222 17 143 224 14 144 224 17 143 224 277 145 222 274 138 222 258 128 199 213 65 92 214 127 198 213 65 92 258 128 199 259 146 225 259 146 225 244 147 226 213 65 92 244 147 226 259 146 225 263 148 227 263 148 227 243 149 228 244 147 226 243 149 228 263 148 227 220 150 229 220 150 229 260 64 91 243 149 228 260 64 91 220 150 229 217 151 230 217 151 230 212 66 93 260 64 91 212 66 93 217 151 230 218 152 231 218 152 231 211 67 95 212 66 93 211 67 95 218 152 231 257 153 232 257 153 232 210 68 97 211 67 95 210 68 97 257 153 232 256 154 233 256 154 233 209 69 99 210 68 97 209 69 99 256 154 233 255 155 234 255 155 234 208 70 101 209 69 99 208 70 101 255 155 234 254 156 235 254 156 235 207 71 103 208 70 101 207 71 103 254 156 235 253 157 236 253 157 236 206 72 105 207 71 103 206 72 105 253 157 236 252 158 237 252 158 237 205 73 107 206 72 105 205 73 107 252 158 237 251 159 238 251 159 238 189 74 109 205 73 107 189 74 109 251 159 238 247 160 239 247 160 239 187 161 240 189 74 109 187 161 240 247 160 239 248 162 241 248 162 241 191 163 242 187 161 240 191 163 242 248 162 241 249 164 243 249 164 243 193 165 244 191 163 242 193 165 244 249 164 243 250 166 245 250 166 245 223 126 195 193 165 244 223 126 195 250 166 245 261 167 246 261 167 246 221 125 193 223 126 195 221 125 193 261 167 246 246 168 247 246 168 247 222 131 204 221 125 193 222 131 204 246 168 247 245 136 219 233 118 181 264 124 191 266 117 180 264 124 191 233 118 181 197 121 185 263 148 227 226 96 149 225 97 151 226 96 149 263 148 227 259 146 225 225 97 151 220 150 229 263 148 227 220 150 229 225 97 151 219 98 153 240 95 147 259 146 225 258 128 199 259 146 225 240 95 147 226 96 149 124 51 206 221 125 193 222 131 204 221 125 193 124 51 206 143 51 192 147 51 197 193 165 244 223 126 195 193 165 244 147 51 197 336 51 248 219 98 153 217 151 230 220 150 229 217 151 230 219 98 153 216 99 155 216 99 155 218 152 231 217 151 230 218 152 231 216 99 155 215 133 213 215 133 213 257 153 232 218 152 231 257 153 232 215 133 213 241 49 49 241 49 49 256 154 233 257 153 232 256 154 233 241 49 49 239 50 50 239 50 50 255 155 234 256 154 233 255 155 234 239 50 50 238 52 52 238 52 52 254 156 235 255 155 234 254 156 235 238 52 52 237 53 54 237 53 54 253 157 236 254 156 235 253 157 236 237 53 54 236 54 56 236 54 56 252 158 237 253 157 236 252 158 237 236 54 56 235 55 58 235 55 58 251 159 238 252 158 237 251 159 238 235 55 58 234 56 60 234 56 60 247 160 239 251 159 238 247 160 239 234 56 60 228 57 62 228 57 62 248 162 241 247 160 239 248 162 241 228 57 62 229 58 64 229 58 64 249 164 243 248 162 241 249 164 243 229 58 64 230 59 66 230 59 66 250 166 245 249 164 243 250 166 245 230 59 66 231 60 68 231 60 68 261 167 246 250 166 245 261 167 246 231 60 68 242 61 70 242 61 70 246 168 247 261 167 246 246 168 247 242 61 70 227 62 72 227 62 72 245 136 219 246 168 247 245 136 219 227 62 72 185 63 74 185 63 74 232 110 173 245 136 219 232 110 173 185 63 74 183 93 145 183 93 145 202 112 175 232 110 173 202 112 175 183 93 145 201 92 144 213 65 92 59 51 220 214 127 198 59 51 220 213 65 92 56 51 94 201 92 144 203 114 177 202 112 175 203 114 177 201 92 144 200 91 142 200 91 142 262 116 179 203 114 177 262 116 179 200 91 142 224 90 140 224 90 140 233 118 181 262 116 179 233 118 181 224 90 140 204 89 138 204 89 138 197 121 185 233 118 181 197 121 185 204 89 138 195 88 136 336 51 248 191 163 242 193 165 244 191 163 242 336 51 248 333 51 249 333 51 249 187 161 240 191 163 242 187 161 240 333 51 249 330 51 111 134 51 77 327 9 9 326 11 11 327 9 9 134 51 77 137 51 216 139 51 250 303 5 5 141 51 217 303 5 5 139 51 250 152 51 251 152 51 251 307 3 3 303 5 5 307 3 3 152 51 251 150 51 252 150 51 252 312 1 1 307 3 3 312 1 1 150 51 252 148 51 253 148 51 253 313 94 146 312 1 1 313 94 146 148 51 253 104 51 148 268 113 176 271 123 190 269 111 174 271 123 190 268 113 176 267 115 178 243 149 228 213 65 92 244 147 226 213 65 92 243 149 228 260 64 91 290 41 41 73 51 254 75 51 212 73 51 254 290 41 41 311 43 43 311 43 43 68 51 255 73 51 254 68 51 255 311 43 43 292 45 45 292 45 45 70 51 256 68 51 255 70 51 256 292 45 45 287 47 47 287 47 47 61 51 133 70 51 256 61 51 133 287 47 47 199 48 48 334 34 34 309 105 163 319 36 36 309 105 163 334 34 34 335 32 32 1 30 30 310 106 164 308 132 209 310 106 164 1 30 30 342 28 28 342 28 28 285 107 166 310 106 164 285 107 166 342 28 28 341 26 26 183 93 145 25 51 76 23 51 143 25 51 76 183 93 145 185 63 74 272 122 189 7 101 159 9 102 160 272 122 189 5 100 158 7 101 159 199 48 48 197 121 185 195 88 136 159 51 207 310 106 164 180 51 165 271 123 190 267 115 178 266 117 180 197 121 185 265 120 183 264 124 191 330 51 111 189 74 109 187 161 240 271 123 190 266 117 180 264 124 191 38 169 71 42 169 197 39 169 196 42 169 197 38 169 71 34 169 248 35 169 69 34 169 248 38 169 71 34 169 248 35 169 69 30 169 249 32 169 67 30 169 249 35 169 69 30 169 249 32 169 67 19 169 111 27 169 65 19 169 111 32 169 67 19 169 111 27 169 65 22 169 110 24 169 63 22 169 110 27 169 65 22 169 110 24 169 63 69 169 108 71 169 61 69 169 108 24 169 63 69 169 108 71 169 61 74 169 106 76 169 59 74 169 106 71 169 61 74 169 106 76 169 59 79 169 104 81 169 57 79 169 104 76 169 59 79 169 104 81 169 57 83 169 102 85 169 55 83 169 102 81 169 57 83 169 102 85 169 55 87 169 100 90 169 53 87 169 100 85 169 55 87 169 100 90 169 53 92 169 98 95 169 51 92 169 98 90 169 53 92 169 98 95 169 51 111 169 96 112 169 214 111 169 96 95 169 51 111 169 96 112 169 214 108 169 157 133 169 167 140 169 87 142 169 165 140 169 87 133 169 167 135 169 86 129 169 169 135 169 86 133 169 167 135 169 86 129 169 169 131 169 85 125 169 171 131 169 85 129 169 169 131 169 85 125 169 171 128 169 84 123 169 172 128 169 84 125 169 171 128 169 84 123 169 172 121 169 83 167 169 123 121 169 83 123 169 172 121 169 83 167 169 123 166 169 82 170 169 125 166 169 82 167 169 123 166 169 82 170 169 125 168 169 81 173 169 126 168 169 81 170 169 125 168 169 81 173 169 126 171 169 80 175 169 127 171 169 80 173 169 126 171 169 80 175 169 127 174 169 79 178 169 128 174 169 79 175 169 127 174 169 79 178 169 128 177 169 78 181 169 129 177 169 78 178 169 128 177 169 78 181 169 129 179 169 77 192 169 130 179 169 77 181 169 129 179 169 77 192 169 130 194 169 216 190 169 217 194 169 216 192 169 130 58 169 201 57 169 141 55 169 143 57 169 141 58 169 201 63 169 135 117 169 221 63 169 135 58 169 201 63 169 135 117 169 221 120 169 134 115 169 222 120 169 134 117 169 221 120 169 134 115 169 222 161 169 133 156 169 188 161 169 133 115 169 222 161 169 133 162 169 255 164 169 256 162 169 255 161 169 133 154 169 254 156 169 188 154 169 254 161 169 133 154 169 254 156 169 188 155 169 212 106 169 156 111 169 96 108 169 157 111 169 96 106 169 156 96 169 94 103 169 154 96 169 94 106 169 156 96 169 94 103 169 154 113 169 152 160 169 187 155 169 212 156 169 188 155 169 212 160 169 187 158 169 90 153 169 89 158 169 90 160 169 187 182 169 131 188 169 251 186 169 250 188 169 251 182 169 131 196 169 252 184 169 253 196 169 252 182 169 131 98 169 220 184 169 253 182 169 131 184 169 253 98 169 220 99 169 148 101 169 150 99 169 148 98 169 220 54 169 75 62 169 203 60 169 76 62 169 203 54 169 75 50 169 205 51 169 206 50 169 205 54 169 75 46 169 73 51 169 206 54 169 75 51 169 206 46 169 73 47 169 192 43 169 194 47 169 192 46 169 73 65 169 139 63 169 135 66 169 137 63 169 135 65 169 139 57 169 141 55 169 143 62 169 203 58 169 201 62 169 203 55 169 143 60 169 76 151 169 186 153 169 89 160 169 187 153 169 89 151 169 186 149 169 211 149 169 211 144 169 88 153 169 89 144 169 88 149 169 211 146 169 210 145 169 208 144 169 88 146 169 210 144 169 88 145 169 208 138 169 207 138 169 207 140 169 87 144 169 88 140 169 87 138 169 207 142 169 165 192 169 130 186 169 250 190 169 217 186 169 250 192 169 130 182 169 131 46 169 73 39 169 196 43 169 194 39 169 196 46 169 73 38 169 71 101 169 150 96 169 94 113 169 152 96 169 94 101 169 150 98 169 220 115 169 222 14 169 224 156 169 188 117 169 221 58 169 201 278 169 223</p>
                </triangles>
            </mesh>
        </geometry>
        <geometry id="ID61">
            <mesh>
                <source id="ID62">
                    <float_array id="ID63" count="1107">1525 13.5 -1836.25 1496.63 13.5 -1801.75 1016.38 13.5 -2160 1279.13 13.5 -2015.63 1255.25 13.5 -1977.88 997.375 13.5 -2119.63 1516.75 13.5 -1843 1488 13.5 -1808.75 722.5 13.5 -2229.88 733.5 13.5 -2269.38 1796.38 13.5 462.5 1840.13 13.5 475 1726.5 13.5 -683.5 1771.13 13.5 -701.25 1629.75 13.5 -889.125 1671.88 13.5 -912.375 1502.25 13.5 -1091.5 1353.63 13.5 -1271.13 1388.63 13.5 -1304 1541.13 13.5 -1119.63 1622.88 13.5 -901.375 1665.13 13.5 -924.375 1189.13 13.5 -1425.63 1219.63 13.5 -1462.63 995 13.5 -1567.88 790.625 13.5 -1680.25 811 13.5 -1723.63 1020.75 13.5 -1608.38 1174 13.5 -1437.75 1204.75 13.5 -1474.63 581.125 13.5 -1788.63 594.625 13.5 -1837.38 2516.13 -210 -646 2577.25 -210 -325.5 2523.5 -210 -318.75 2464 -210 -630.875 2597.25 -210 -7.375 2543 -210 -9.25 2416.88 -210 -951.5 2367.38 -210 -928.25 2597.25 -210 6.75 2577.25 -210 325.5 2523.5 -210 317 2543 -210 4.875 2516.13 -210 646 2464 -210 629 1893.63 -210 -1778.25 2101.63 -210 -1526.88 2053.63 -210 -1492.25 1857.88 -210 -1733.25 2276.38 -210 -1251.38 2230.63 -210 -1220.38 2412.5 -210 -962.25 2363.25 -210 -938.375 1806 -210 -1818.63 1848.88 -210 -1819.63 1794.75 -210 -1794 2401.25 -210 940.375 2352.5 -210 920.875 1881.13 -210 1672.88 1924.63 -210 1630 1963.88 -210 1664.75 1917.75 -210 1706.38 2044.38 -210 1485.25 2086.75 -210 1516.13 2260.38 -210 1242.63 2214.38 -210 1217.38 2394.5 -210 957.625 2345.75 -210 938.25 1865.13 -213.5 726.75 1927.63 -213.5 495.125 1981.88 -213.5 508.5 1913.88 -213.5 746.125 1800.63 -213.5 989.875 65 -213.375 1060.13 1662.38 -213.5 1207.75 102.75 -213.375 1060.13 1620 -213.5 1177 102.75 -213.375 1868.88 1754.75 -213.5 964.625 65 -213.375 1868.88 1907 -213.5 764 190.5 -213.375 1982.13 1858.25 -213.5 744.625 399.125 -213.375 1971.63 1532 -213.5 1283.25 408.625 -213.375 2008.38 1571.25 -213.5 1318 182.125 -213.375 2020.63 1495.75 -213.5 1320 -1776 -213.375 987.625 1535.5 -213.5 1356.38 -1885.13 -213.375 755.75 1972.25 -213.5 249.75 -1842.88 -213.375 739 2026.5 -213.5 255.625 -1736.13 -213.375 965.75 1988.38 -213.5 7.375 -1931.88 -213.375 611.75 2042.63 -213.5 7.375 -1888.38 -213.375 599 1971 -213.5 -249.125 -1288.5 -213.375 1577 2025.25 -213.5 -255.25 -1475.25 -213.375 1401.63 2042.63 -213.5 -7.375 -1442.13 -213.375 1370.5 1988.38 -213.5 -7.375 -1259.5 -213.375 1542 1926.38 -213.5 -494.5 -618.25 -213.375 1945.5 1980.63 -213.5 -508.125 -856.5 -213.375 1851.13 1852 -213.5 -727.5 -837.125 -213.375 1810 1906.25 -213.5 -749.875 -604.125 -213.375 1902.25 1743 -213.5 -958 -202.375 -213.375 2041.38 1792.25 -213.5 -985.375 -357.125 -213.375 2010.88 1902.63 -213.5 -761 -349.125 -213.375 1966.13 1848.25 -213.5 -738.625 -199.5 -213.375 1996 1610.38 -213.5 -1170 -1608.38 -213.375 1167.13 1654.75 -213.5 -1202.25 -1645.13 -213.375 1193.88 1456.63 -213.5 -1368.38 -1594.13 -213.375 1186.75 1492.38 -213.5 -1401.75 -1631 -213.375 1213.38 1418.25 -213.5 -1410.5 -1066.63 -213.375 1682.13 1453.88 -213.5 -1443.88 -1090.88 -213.375 1720.63 -1046.13 -213.375 1695.13 -1070.5 -213.375 1733.5 1399 238.625 -1691.13 -371.625 -213.375 1962 1597.38 238.625 -1500.13 -380.375 -213.375 2006.5 1566 238.625 -1470.5 -1900.88 -213.375 548.875 1371.5 238.625 -1657.88 -1943.63 -213.375 564.25 2043.88 238.625 -647.25 -2417.13 -213.375 694.5 1129.13 439.5 -1463.88 1997.38 238.625 -790.75 -2411 -213.375 752.5 1093.88 439.5 -1505 2037.5 238.625 -806.625 -2454.5 -213.375 765.25 1117.25 439.5 -1533.13 2085.25 238.625 -659.375 -2462.25 -213.375 706.875 1149.63 439.5 -1488.25 1161.25 238.625 -1816.5 -2214.25 -213.375 1228.63 -1120.25 439.5 -1048.63 1182.13 238.625 -1849.5 -2049.25 -213.375 1488.63 -1092.75 439.5 -1024.5 1920.25 238.625 -1055.63 -2086 -213.375 1515.38 -1129.88 439.5 -996.625 1882.5 238.625 -1034.88 -2254.13 -213.375 1250.5 -1153.25 439.5 -1017.13 1777.88 238.625 -1280 -2036.13 -213.375 1506.63 -1188.25 439.5 -1436.38 1743 238.625 -1254.63 -1839.88 -213.375 1743.88 -1367.38 439.5 -1266 1765 238.625 -1297.38 -1873 -213.375 1775 -1394.88 439.5 -1290.13 1730.13 238.625 -1272.13 -2073 -213.375 1533.25 -1211.63 439.5 -1464.63 678.375 238.625 -2088 -1607.25 -213.375 1962.38 809.375 439.5 -1720 934.75 238.625 -1986.5 -1358.13 -213.375 2143.38 1018.5 439.5 -1605 918.125 238.625 -1951.25 -1382.38 -213.375 2181.75 998.875 439.5 -1574 666.375 238.625 -2050.88 -1636.25 -213.375 1997.38 793.75 439.5 -1686.88 1169.38 238.625 -1857.5 -1339.25 -213.375 2155.25 596.125 439.5 -1804.38 1148.63 238.625 -1824.5 -1069.5 -213.375 2303.63 585 439.5 -1769.5 420 238.625 -2154.38 -1088.75 -213.375 2344.75 119.25 439.5 -1897.13 412.625 238.625 -2116 -1363.75 -213.375 2193.63 356.125 439.5 -1867.25 -137.75 238.625 -2191.13 -772.75 -213.375 2421.13 349.25 439.5 -1831.25 137.75 238.625 -2191.13 -477 -213.375 2497 117 439.5 -1860.63 135.375 238.625 -2152.25 -485.75 -213.375 2541.63 578.125 439.5 -1810.25 -135.375 238.625 -2152.25 -786.75 -213.375 2464.38 566.5 439.5 -1775.5 401.375 238.625 -2157.88 -147.125 -213.375 2540.5 -110.25 439.5 -1897.13 394 238.625 -2119.5 171.875 -213.375 2540.5 -107.875 439.5 -1860.63 -406.125 238.625 -2157.25 174.75 -213.375 2585.88 -587.375 439.5 -1807.88 -398.75 238.625 -2118.88 -150 -213.375 2585.88 -356.125 439.5 -1867.25 -409.625 238.625 -2116.88 443.125 -213.375 2509.88 -349.25 439.5 -1831.25 -509.375 238.625 -2081.38 456.875 -213.375 2553.88 -576 439.5 -1773 -519.5 238.625 -2119.75 -2392.38 -213.375 956.625 -128.375 439.5 -1896 -416.875 238.625 -2155.25 -2350.13 -213.375 939.875 -126.125 439.5 -1859.38 1542.38 238.625 -847.875 -454.375 -213.375 2547.38 -800.75 439.5 -1723.38 1636.5 238.625 -647.875 -446.25 -213.375 2502.63 -785.125 439.5 -1690.25 1596.38 238.625 -632 521.25 -213.375 2532.38 -1018.5 439.5 -1605 1504.63 238.625 -827.125 511.625 -213.375 2489.5 -998.875 439.5 -1574 1429.25 238.625 -1026.13 -56.625 -213.375 1868.88 -816.75 439.5 -1715.88 1394.38 238.625 -1000.75 -94.75 -213.375 1868.88 -801.25 439.5 -1682.63 1283 238.625 -1204.88 -94.75 -213.375 1060.13 653.375 439.5 -1388.63 1416.13 238.625 -1044 -56.625 -213.375 1060.13 822.25 439.5 -1295.75 1381.25 238.625 -1018.63 -94.75 -213.375 1888.25 802.625 439.5 -1264.75 1251.63 238.625 -1175.38 -56.625 -213.375 1888.25 637.75 439.5 -1355.5 1629 238.625 -527.125 68.125 -213.375 1887.88 883.625 439.5 -1251.13 1670.5 238.625 -539.125 107.25 -213.375 1887.63 860.25 439.5 -1222.88 1639 238.625 -496 484.25 439.5 -1455.5 1676 238.625 -506.875 473 439.5 -1420.63 1097.38 238.625 -1326.5 96.25 439.5 -1531.63 1127 238.625 -1362.38 2248.88 13.5 591.5 287.5 439.5 -1507.5 2053.25 238.625 -617.75 2272.88 13.5 530.75 280.625 439.5 -1471.5 2093.25 238.625 -629.5 2319.63 13.5 542.25 94 439.5 -1495 -331.5 238.625 -1738 2295.63 13.5 604.875 462.75 439.5 -1462.5 -111 238.625 -1765.88 2365.63 13.5 -289 451.125 439.5 -1427.75 -108.125 238.625 -1720 2383.88 13.5 -0 -86.75 439.5 -1531.63 -322.875 238.625 -1692.88 2335.88 13.5 -0 -84.375 439.5 -1495 -412.125 238.625 -1719.88 2318 13.5 -283 -474.125 439.5 -1459.5 -402.125 238.625 -1674.88 2365.13 13.5 298.75 -287.5 439.5 -1507.5 111 238.625 -1765.88 2317.38 13.5 292.75 -280.625 439.5 -1471.5 108.125 238.625 -1720 2309 13.5 -592.75 -462.875 439.5 -1424.75 318.875 238.625 -1739.63 2362.75 13.5 -310.875 -106 439.5 -1530.38 310 238.625 -1694.5 2315.13 13.5 -304.75 -103.75 439.5 -1493.88 733.75 238.625 -1559.38 2262.5 13.5 -580.875 -644.875 439.5 -1392 532.5 238.625 -1639.13 1889.13 13.5 -229.375 -629.25 439.5 -1358.88 546.625 238.625 -1682.75 1903.63 13.5 -0 -978.25 439.5 -1182.5 753.375 238.625 -1601 1855.5 13.5 -0 -822.25 439.5 -1295.75 332.625 238.625 -1690.38 1841.5 13.5 -223.5 -802.625 439.5 -1264.75 341.5 238.625 -1735.5 1888.5 13.5 238.5 -954.875 439.5 -1154.25 914 238.625 -1460.25 1840.88 13.5 232.5 -661.875 439.5 -1383.88 938.5 238.625 -1499.25 1843.75 13.5 -473.375 -646.5 439.5 -1350.63 931.125 238.625 -1449.5 1886.38 13.5 -249.875 904 439.5 -1186.38 955.75 238.625 -1488.38 1838.75 13.5 -243.75 922.125 439.5 -1219.13 1797.25 13.5 -461.375 -1394.63 439.5 -1228.38 1852.75 13.5 427.25 -1419.5 439.5 -1250.13 1806 13.5 415.75 2178.13 13.5 -862.375 2219.63 13.5 -878.75 2094.13 13.5 -1145.38 2055 13.5 -1123.88 1740.25 13.5 -1634.13 1931.25 13.5 -1403.13 1895.13 13.5 -1376.88 1707.63 13.5 -1603.63 2088.13 13.5 -1156.13 2048.75 13.5 -1134.88</float_array>
                    <technique_common>
                        <accessor count="369" source="#ID63" stride="3">
                            <param name="X" type="float"/>
                            <param name="Y" type="float"/>
                            <param name="Z" type="float"/>
                        </accessor>
                    </technique_common>
                </source>
                <source id="ID64">
                    <float_array id="ID65" count="3">0 1 0</float_array>
                    <technique_common>
                        <accessor count="1" source="#ID65" stride="3">
                            <param name="X" type="float"/>
                            <param name="Y" type="float"/>
                            <param name="Z" type="float"/>
                        </accessor>
                    </technique_common>
                </source>
                <source id="ID66">
                    <float_array id="ID67" count="738">-0.197021 1.41455 -0.2052 1.42896 -0.18811 1.43945 -0.197144 1.45532 -0.136719 1.57056 0.561035 1.38696 0.546631 1.41113 0.567017 1.40845 0.554321 1.42969 0.0495605 1.49536 -0.00183105 1.43872 0.0445557 1.51733 -0.00830078 1.45898 -0.052002 1.36572 -0.0596924 1.38428 -0.0974121 1.28027 -0.106567 1.29614 0.0501709 1.52246 0.106445 1.56714 0.0552979 1.50073 0.110229 1.54419 0.228638 1.58984 0.170288 1.57495 0.227905 1.61377 0.167969 1.59863 0.234253 1.61475 0.294678 1.61475 0.234985 1.59058 0.293945 1.59058 0.411743 1.54614 0.355469 1.57495 0.415527 1.56909 0.357666 1.59863 0.422607 1.56445 0.478394 1.52026 0.418945 1.5415 0.473267 1.49854 0.527588 1.43872 0.534058 1.45898 -0.00134277 1.71436 -0.0665283 1.64258 -0.00646973 1.73633 -0.072998 1.66309 -0.129028 1.552 -0.00109863 1.74121 0.0690918 1.79688 0.00390625 1.71924 0.072876 1.77393 0.221191 1.83081 0.147583 1.81226 0.220459 1.85498 0.145386 1.83618 0.22644 1.85571 0.302246 1.85571 0.227295 1.83179 0.301514 1.83179 0.449707 1.77563 0.378052 1.81226 0.453613 1.79858 0.380371 1.83618 0.459473 1.79468 0.529785 1.73901 0.455811 1.77148 0.524658 1.71704 0.598877 1.66309 0.592407 1.64258 0.63147 1.61572 0.623657 1.59717 -0.109741 1.26172 -0.117432 1.27539 0.64209 1.58594 0.635254 1.57007 0.624878 1.47949 0.634644 1.50293 0.675659 1.37964 0.686035 1.39917 0.72998 1.29297 0.578125 1.58618 0.570068 1.56055 0.564331 1.56763 0.504883 1.63306 0.572388 1.59326 0.511353 1.6604 0.375488 1.74927 0.443237 1.71436 0.372559 1.71948 0.438477 1.68555 0.365112 1.72217 0.298584 1.73901 0.368042 1.75195 0.299561 1.76929 0.227173 1.73901 0.226196 1.76929 0.126953 1.73877 0.153564 1.75098 0.130249 1.70923 0.156372 1.72119 0.940186 1.01172 0.937012 1.03125 0.953369 1.01953 0.950684 1.03931 0.803467 0.931885 0.800171 0.952393 0.815674 0.938965 0.813843 0.960205 0.789429 1.02124 0.802612 1.03174 0.734253 1.28125 0.771606 1.16357 0.722778 1.2644 0.759155 1.1499 0.0915527 2.00269 0.125366 2.02612 0.0948486 1.97729 0.127808 2.00073 0.128906 2.02734 0.217407 2.0498 0.131348 2.0022 0.218262 2.02417 0.392822 2.00244 0.307495 2.02417 0.395264 2.02783 0.30835 2.0498 0.401367 2.02539 0.486694 1.98169 0.399048 2.00024 0.482666 1.95728 0.641724 1.80786 0.565674 1.8916 0.64856 1.82959 0.571167 1.91479 0.833618 1.4436 0.779419 1.57446 0.845093 1.46021 0.789795 1.59399 0.849365 1.44873 0.89624 1.30078 0.837769 1.43188 0.883789 1.28711 0.934937 1.13647 0.921753 1.12598 0.652832 1.82446 0.724365 1.71997 0.645874 1.80273 0.71521 1.698 0.718506 1.27637 0.29834 -0.640869 0.325684 -0.703125 0.2854 -0.640869 0.322998 -0.728516 0.244141 -0.641113 0.196045 -0.742188 0.231567 -0.641113 0.197021 -0.712158 0.231567 -0.0949707 0.244141 -0.0949707 0.231567 -0.628418 0.244141 -0.628418 0.434814 -1.06616 0.413574 -1.08032 0.431641 -1.03784 0.409058 -1.05127 0.115601 -1.04639 0.214355 -1.07153 0.112915 -1.07593 0.213379 -1.10132 0.320557 -1.10132 0.31958 -1.07153 0.102661 -1.07227 0.0032959 -1.02124 0.105469 -1.04272 0.00793457 -0.992676 -0.0961914 -0.942383 -0.0897217 -0.915283 -0.18689 -0.842529 -0.178833 -0.817383 -0.192993 -0.834717 -0.276733 -0.713135 -0.185059 -0.80957 -0.267212 -0.689941 -0.354858 -0.566406 -0.343872 -0.545898 -0.420776 -0.406982 -0.408691 -0.389404 -0.425049 -0.395264 -0.480469 -0.220459 -0.412964 -0.377441 -0.467407 -0.206055 -0.526123 -0.0266113 -0.512207 -0.015625 -0.546631 0.0996094 -0.532227 0.108154 -0.549194 0.138184 -0.534302 0.14624 -0.364014 0.242432 -0.359863 0.209229 -0.378174 0.232178 -0.374268 0.200928 0.137329 -0.719238 0.05896 -0.678955 0.140259 -0.689697 0.0635986 -0.650391 -0.0820313 -0.513916 -0.0131836 -0.5896 -0.0900879 -0.539063 -0.0195313 -0.616699 -0.0968018 -0.530518 -0.161987 -0.435791 -0.0888672 -0.505127 -0.152466 -0.412842 -0.262817 -0.178467 -0.212769 -0.299561 -0.275024 -0.196045 -0.223633 -0.320068 -0.279663 -0.183105 -0.322876 -0.0471191 -0.267578 -0.165527 -0.309692 -0.0327148 0.147705 -0.692627 0.14502 -0.722168 -0.344849 0.116943 -0.358887 0.105957 0.397705 -0.720459 0.394531 -0.696289 0.296753 -0.628418 0.284302 -0.628418 0.296753 -0.0949707 0.284302 -0.0949707 0.458984 1.81641 0.530396 1.74146 0.45459 1.78418 0.523682 1.71265 0.650146 1.55273 0.591064 1.63867 0.660278 1.57715 0.599609 1.66528 0.665161 1.56909 0.720947 1.4646 0.655151 1.54492 0.709351 1.44287 0.798218 1.19897 0.758423 1.32422 0.812134 1.21411 0.77124 1.34302 0.814331 1.20605 0.847046 1.06689 0.800415 1.19092 0.832397 1.05518 0.871094 0.916748 0.855713 0.908936 0.855347 0.299316 0.858643 0.330078 0.869873 0.29126 0.874023 0.32251 0.504883 2.10132 0.598145 2.0293 0.501221 2.07544 0.591919 2.00269 0.753662 1.79761 0.67688 1.90918 0.763184 1.82007 0.684814 1.93408 0.765869 1.81567 0.836914 1.68237 0.756592 1.79297 0.826172 1.66211 0.938599 1.35303 0.887939 1.5127 0.95166 1.36694 0.899902 1.53003 0.953613 1.35986 0.994995 1.18408 0.940674 1.3457 0.981323 1.1731 1.02454 0.995605 1.00916 0.987793 0.870117 0.451172 0.885864 0.447021 0.869385 0.765381 0.885132 0.769287 0.874878 0.604492 0.890747 0.604492 0.870239 0.751953 0.885986 0.755859 1.02649 0.805664 1.04224 0.80957 1.04321 0.795166 1.04919 0.604492 1.02747 0.79126 1.03333 0.604492 1.04297 0.407471 1.02722 0.411377 1.02795 0.246826 1.01257 0.254395 1.02014 0.205566 1.00464 0.214355 0.991211 2.17554 1.03369 2.16211 1.01831 2.12354 1.12292 1.94629 1.10242 1.9165 1.198 1.70996 1.17834 1.68311 1.25635 1.46167 1.23523 1.44116 1.25159 -0.171143 1.23059 -0.154541 1.30078 0.081543 1.27844 0.0959473 1.30396 0.36377 1.32703 0.356445 1.31238 0.631592 1.33569 0.630127 1.01453 2.19751 0.996094 2.19678 1.24866 -0.186035 1.19104 -0.430664 1.22766 -0.169434 1.17139 -0.408936 1.11658 -0.665527 1.09839 -0.638916 1.06384 -0.792969 1.047 -0.763184 1.04407 -0.828857 1.02832 -0.800049 1.25818 1.45239 1.30078 1.19019 1.23694 1.43237 1.27844 1.17725 1.31238 0.643799 1.30396 0.909668 1.33569 0.642334 1.32703 0.915283 0.730713 1.53467 0.742432 1.55688 0.743286 1.50708 0.755127 1.52905 0.794067 1.37622 0.808716 1.39746 0.837769 1.23633 0.854004 1.25439 0.872559 1.09155 0.890503 1.1062 0.873779 1.08423 0.891724 1.09888 0.898315 0.930664 0.91626 0.939697 0.912964 0.768799 0.930908 0.772949 0.918701 0.609375 0.936646 0.609375 0.918701 0.599609 0.936646 0.599609 0.913452 0.439697 0.931274 0.435791 0.898682 0.277832 0.916626 0.269043 0.894165 0.112305 0.756226 -0.266357 0.768188 -0.242188 0.769409 -0.290283 0.781128 -0.264893 0.797241 -0.171875 0.811279 -0.192383 0.891846 0.100586 0.856812 -0.048584 0.875854 0.113281 0.841675 -0.0319824 0.878052 0.125</float_array>
                    <technique_common>
                        <accessor count="369" source="#ID67" stride="2">
                            <param name="S" type="float"/>
                            <param name="T" type="float"/>
                        </accessor>
                    </technique_common>
                </source>
                <vertices id="ID68">
                    <input semantic="POSITION" source="#ID62"/>
                </vertices>
                <triangles count="281" material="Material1">
                    <input offset="0" semantic="VERTEX" source="#ID68"/>
                    <input offset="1" semantic="NORMAL" source="#ID64"/>
                    <input offset="2" semantic="TEXCOORD" source="#ID66" set="0"/>
                    <p>176 0 2 357 0 1 355 0 0 357 0 1 176 0 2 179 0 3 182 0 4 179 0 3 176 0 2 353 0 7 278 0 6 350 0 5 278 0 6 353 0 7 275 0 8 344 0 11 338 0 10 347 0 9 338 0 10 344 0 11 335 0 12 335 0 12 341 0 13 338 0 10 341 0 13 335 0 12 332 0 14 332 0 14 164 0 15 341 0 13 164 0 15 332 0 14 161 0 16 329 0 19 308 0 18 326 0 17 308 0 18 329 0 19 317 0 20 320 0 23 314 0 22 323 0 21 314 0 22 320 0 23 311 0 24 311 0 24 317 0 20 314 0 22 317 0 20 311 0 24 308 0 18 305 0 27 284 0 26 302 0 25 284 0 26 305 0 27 293 0 28 296 0 31 290 0 30 299 0 29 290 0 30 296 0 31 287 0 32 287 0 32 293 0 28 290 0 30 293 0 28 287 0 32 284 0 26 282 0 35 263 0 34 280 0 33 263 0 34 282 0 35 272 0 36 275 0 8 269 0 37 278 0 6 269 0 37 275 0 8 266 0 38 266 0 38 272 0 36 269 0 37 272 0 36 266 0 38 263 0 34 257 0 41 254 0 40 260 0 39 254 0 40 257 0 41 251 0 42 251 0 42 173 0 43 254 0 40 173 0 43 251 0 42 182 0 4 248 0 46 227 0 45 245 0 44 227 0 45 248 0 46 236 0 47 239 0 50 233 0 49 242 0 48 233 0 49 239 0 50 230 0 51 230 0 51 236 0 47 233 0 49 236 0 47 230 0 51 227 0 45 224 0 54 203 0 53 221 0 52 203 0 53 224 0 54 212 0 55 215 0 58 209 0 57 218 0 56 209 0 57 215 0 58 206 0 59 206 0 59 212 0 55 209 0 57 212 0 55 206 0 59 203 0 53 200 0 62 185 0 61 197 0 60 185 0 61 200 0 62 194 0 63 194 0 63 188 0 64 185 0 61 188 0 64 194 0 63 191 0 65 191 0 65 155 0 66 188 0 64 155 0 66 191 0 65 152 0 67 164 0 15 170 0 69 167 0 68 170 0 69 164 0 15 161 0 16 152 0 67 158 0 70 155 0 66 158 0 70 152 0 67 149 0 71 182 0 4 176 0 2 173 0 43 270 0 74 285 0 73 283 0 72 285 0 73 270 0 74 261 0 75 264 0 76 261 0 75 270 0 74 348 0 78 285 0 73 351 0 77 285 0 73 348 0 78 283 0 72 345 0 81 324 0 80 342 0 79 324 0 80 345 0 81 333 0 82 336 0 85 330 0 84 339 0 83 330 0 84 336 0 85 327 0 86 327 0 86 333 0 82 330 0 84 333 0 82 327 0 86 324 0 80 318 0 89 315 0 88 321 0 87 315 0 88 318 0 89 312 0 90 312 0 90 300 0 91 315 0 88 300 0 91 312 0 90 297 0 92 309 0 95 294 0 94 306 0 93 294 0 94 309 0 95 303 0 96 297 0 92 303 0 96 300 0 91 303 0 96 297 0 92 294 0 94 291 0 99 147 0 98 288 0 97 147 0 98 291 0 99 156 0 100 281 0 103 273 0 102 279 0 101 273 0 102 281 0 103 276 0 104 276 0 104 249 0 105 273 0 102 249 0 105 276 0 104 246 0 106 258 0 109 243 0 108 255 0 107 243 0 108 258 0 109 252 0 110 246 0 106 252 0 110 249 0 105 252 0 110 246 0 106 243 0 108 234 0 113 240 0 112 237 0 111 240 0 112 234 0 113 231 0 114 228 0 117 207 0 116 225 0 115 207 0 116 228 0 117 216 0 118 219 0 121 213 0 120 222 0 119 213 0 120 219 0 121 210 0 122 210 0 122 216 0 118 213 0 120 216 0 118 210 0 122 207 0 116 204 0 125 183 0 124 201 0 123 183 0 124 204 0 125 192 0 126 195 0 129 189 0 128 198 0 127 189 0 128 195 0 129 186 0 130 186 0 130 192 0 126 189 0 128 192 0 126 186 0 130 183 0 124 177 0 133 143 0 132 180 0 131 143 0 132 177 0 133 141 0 134 174 0 137 165 0 136 171 0 135 165 0 136 174 0 137 168 0 138 168 0 138 153 0 139 165 0 136 153 0 139 168 0 138 150 0 140 159 0 143 139 0 142 162 0 141 139 0 142 159 0 143 145 0 144 150 0 140 156 0 100 153 0 139 156 0 100 150 0 140 147 0 98 141 0 134 145 0 144 143 0 132 145 0 144 141 0 134 139 0 142 270 0 74 267 0 145 264 0 76 274 0 148 82 0 147 277 0 146 82 0 147 274 0 148 88 0 149 268 0 152 118 0 151 271 0 150 118 0 151 268 0 152 124 0 153 259 0 156 265 0 155 262 0 154 265 0 155 259 0 156 256 0 157 253 0 160 235 0 159 250 0 158 235 0 159 253 0 160 232 0 161 244 0 164 220 0 163 247 0 162 220 0 163 244 0 164 229 0 165 232 0 161 226 0 166 235 0 159 226 0 166 232 0 161 223 0 167 223 0 167 229 0 165 226 0 166 229 0 165 223 0 167 220 0 163 211 0 170 217 0 169 214 0 168 217 0 169 211 0 170 208 0 171 208 0 171 202 0 172 217 0 169 202 0 172 208 0 171 199 0 173 199 0 173 205 0 174 202 0 172 205 0 174 199 0 173 196 0 175 187 0 178 193 0 177 190 0 176 193 0 177 187 0 178 184 0 179 184 0 179 178 0 180 193 0 177 178 0 180 184 0 179 175 0 181 175 0 181 181 0 182 178 0 180 181 0 182 175 0 181 172 0 183 163 0 186 169 0 185 166 0 184 169 0 185 163 0 186 160 0 187 160 0 187 238 0 188 169 0 185 238 0 188 160 0 187 241 0 189 241 0 189 154 0 190 238 0 188 154 0 190 241 0 189 151 0 191 151 0 191 157 0 192 154 0 190 157 0 192 151 0 191 148 0 193 146 0 196 100 0 195 144 0 194 100 0 195 146 0 196 98 0 197 140 0 200 110 0 199 142 0 198 110 0 199 140 0 200 116 0 201 138 0 204 114 0 203 137 0 202 114 0 203 138 0 204 112 0 205 134 0 208 102 0 207 136 0 206 102 0 207 134 0 208 108 0 209 132 0 212 106 0 211 130 0 210 106 0 211 132 0 212 104 0 213 126 0 216 90 0 215 128 0 214 90 0 215 126 0 216 96 0 217 120 0 219 124 0 153 122 0 218 124 0 153 120 0 219 118 0 151 112 0 205 116 0 201 114 0 203 116 0 201 112 0 205 110 0 199 104 0 213 108 0 209 106 0 211 108 0 209 104 0 213 102 0 207 98 0 197 94 0 220 100 0 195 94 0 220 98 0 197 92 0 221 92 0 221 96 0 217 94 0 220 96 0 217 92 0 221 90 0 215 84 0 223 88 0 149 86 0 222 88 0 149 84 0 223 82 0 147 76 0 226 80 0 225 78 0 224 80 0 225 76 0 226 74 0 227 30 0 230 26 0 229 31 0 228 26 0 229 30 0 230 25 0 231 29 0 234 24 0 233 28 0 232 24 0 233 29 0 234 27 0 235 25 0 231 27 0 235 26 0 229 27 0 235 25 0 231 24 0 233 22 0 238 18 0 237 23 0 236 18 0 237 22 0 238 17 0 239 21 0 242 16 0 241 20 0 240 16 0 241 21 0 242 19 0 243 17 0 239 19 0 243 18 0 237 19 0 243 17 0 239 16 0 241 14 0 246 13 0 245 15 0 244 13 0 245 14 0 246 12 0 247 12 0 247 346 0 248 13 0 245 346 0 248 12 0 247 354 0 249 11 0 252 358 0 251 10 0 250 358 0 251 11 0 252 356 0 253 8 0 256 2 0 255 9 0 254 2 0 255 8 0 256 5 0 257 6 0 260 4 0 259 7 0 258 4 0 259 6 0 260 3 0 261 3 0 261 5 0 257 4 0 259 5 0 257 3 0 261 2 0 255 1 0 264 363 0 263 0 0 262 363 0 263 1 0 264 366 0 265 367 0 268 365 0 267 368 0 266 365 0 267 367 0 268 364 0 269 364 0 269 366 0 265 365 0 267 366 0 265 364 0 269 363 0 263 362 0 272 360 0 271 361 0 270 360 0 271 362 0 272 359 0 273 359 0 273 316 0 274 360 0 271 316 0 274 359 0 273 325 0 275 356 0 253 343 0 276 358 0 251 343 0 276 356 0 253 340 0 277 349 0 279 354 0 249 352 0 278 354 0 249 349 0 279 346 0 248 340 0 277 334 0 280 343 0 276 334 0 280 340 0 277 331 0 281 331 0 281 337 0 282 334 0 280 337 0 282 331 0 281 328 0 283 319 0 285 325 0 275 322 0 284 325 0 275 319 0 285 316 0 274 307 0 288 301 0 287 298 0 286 301 0 287 307 0 288 304 0 289 304 0 289 310 0 290 301 0 287 310 0 290 304 0 289 313 0 291 313 0 291 292 0 292 310 0 290 292 0 292 313 0 291 289 0 293 289 0 293 295 0 294 292 0 292 295 0 294 289 0 293 286 0 295 49 0 298 46 0 297 56 0 296 46 0 297 49 0 298 47 0 299 48 0 300 47 0 299 49 0 298 47 0 299 48 0 300 50 0 301 51 0 302 50 0 301 48 0 300 50 0 301 51 0 302 52 0 303 53 0 304 52 0 303 51 0 302 44 0 307 58 0 306 57 0 305 58 0 306 44 0 307 45 0 308 42 0 309 45 0 308 44 0 307 41 0 310 42 0 309 44 0 307 42 0 309 41 0 310 43 0 311 40 0 312 43 0 311 41 0 310 54 0 314 46 0 297 55 0 313 46 0 297 54 0 314 56 0 296 68 0 317 65 0 316 67 0 315 65 0 316 68 0 317 66 0 318 66 0 318 64 0 319 65 0 316 64 0 319 66 0 318 63 0 320 63 0 320 61 0 321 64 0 319 61 0 321 63 0 320 60 0 322 60 0 322 62 0 323 61 0 321 62 0 323 60 0 322 59 0 324 39 0 327 32 0 326 38 0 325 32 0 326 39 0 327 35 0 328 36 0 331 34 0 330 37 0 329 34 0 330 36 0 331 33 0 332 33 0 332 35 0 328 34 0 330 35 0 328 33 0 332 32 0 326 129 0 335 135 0 334 133 0 333 135 0 334 129 0 335 131 0 336 125 0 337 131 0 336 129 0 335 131 0 336 125 0 337 127 0 338 117 0 339 127 0 338 125 0 337 127 0 338 117 0 339 119 0 340 123 0 341 119 0 340 117 0 339 119 0 340 123 0 341 121 0 342 109 0 345 115 0 344 113 0 343 115 0 344 109 0 345 111 0 346 101 0 347 111 0 346 109 0 345 111 0 346 101 0 347 103 0 348 107 0 349 103 0 348 101 0 347 103 0 348 107 0 349 105 0 350 93 0 353 99 0 352 97 0 351 99 0 352 93 0 353 95 0 354 70 0 355 95 0 354 93 0 353 95 0 354 70 0 355 71 0 356 72 0 357 71 0 356 70 0 355 91 0 360 85 0 359 89 0 358 85 0 359 91 0 360 87 0 361 87 0 361 77 0 362 85 0 359 77 0 362 87 0 361 75 0 363 83 0 366 73 0 365 81 0 364 73 0 365 83 0 366 79 0 367 75 0 363 79 0 367 77 0 362 79 0 367 75 0 363 73 0 365 72 0 357 70 0 355 69 0 368</p>
                </triangles>
            </mesh>
        </geometry>
    </library_geometries>
    <library_visual_scenes>
        <visual_scene id="ID23">
            <node id="ID24" name="n0b2">
                <translate sid="translate">0 0 -0</translate>
                <rotate sid="rotateY">0 1 0 -0</rotate>
                <rotate sid="rotateX">1 0 0 0</rotate>
                <rotate sid="rotateZ">0 0 1 -0</rotate>
                <scale sid="scale">1 1 1</scale>
                <instance_geometry url="#ID25">
                    <bind_material>
                        <technique_common>
                            <instance_material symbol="Material1" target="#ID18">
                                <bind_vertex_input semantic="UVSET0" input_semantic="TEXCOORD" input_set="0"/>
                            </instance_material>
                        </technique_common>
                    </bind_material>
                </instance_geometry>
            </node>
            <node id="ID33" name="n1b4">
                <translate sid="translate">0 0 -0</translate>
                <rotate sid="rotateY">0 1 0 -0</rotate>
                <rotate sid="rotateX">1 0 0 0</rotate>
                <rotate sid="rotateZ">0 0 1 -0</rotate>
                <scale sid="scale">1 1 1</scale>
                <instance_geometry url="#ID34">
                    <bind_material>
                        <technique_common>
                            <instance_material symbol="Material1" target="#ID13">
                                <bind_vertex_input semantic="UVSET0" input_semantic="TEXCOORD" input_set="0"/>
                            </instance_material>
                        </technique_common>
                    </bind_material>
                </instance_geometry>
            </node>
            <node id="ID42" name="n2b0">
                <translate sid="translate">0 0 -0</translate>
                <rotate sid="rotateY">0 1 0 -0</rotate>
                <rotate sid="rotateX">1 0 0 0</rotate>
                <rotate sid="rotateZ">0 0 1 -0</rotate>
                <scale sid="scale">1 1 1</scale>
                <instance_geometry url="#ID43">
                    <bind_material>
                        <technique_common>
                            <instance_material symbol="Material1" target="#ID18">
                                <bind_vertex_input semantic="UVSET0" input_semantic="TEXCOORD" input_set="0"/>
                            </instance_material>
                        </technique_common>
                    </bind_material>
                </instance_geometry>
            </node>
            <node id="ID51" name="n3b1">
                <translate sid="translate">0 0 -0</translate>
                <rotate sid="rotateY">0 1 0 -0</rotate>
                <rotate sid="rotateX">1 0 0 0</rotate>
                <rotate sid="rotateZ">0 0 1 -0</rotate>
                <scale sid="scale">1 1 1</scale>
                <instance_geometry url="#ID52">
                    <bind_material>
                        <technique_common>
                            <instance_material symbol="Material1" target="#ID8">
                                <bind_vertex_input semantic="UVSET0" input_semantic="TEXCOORD" input_set="0"/>
                            </instance_material>
                        </technique_common>
                    </bind_material>
                </instance_geometry>
            </node>
            <node id="ID60" name="n4b3">
                <translate sid="translate">0 0 -0</translate>
                <rotate sid="rotateY">0 1 0 -0</rotate>
                <rotate sid="rotateX">1 0 0 0</rotate>
                <rotate sid="rotateZ">0 0 1 -0</rotate>
                <scale sid="scale">1 1 1</scale>
                <instance_geometry url="#ID61">
                    <bind_material>
                        <technique_common>
                            <instance_material symbol="Material1" target="#ID3">
                                <bind_vertex_input semantic="UVSET0" input_semantic="TEXCOORD" input_set="0"/>
                            </instance_material>
                        </technique_common>
                    </bind_material>
                </instance_geometry>
            </node>
        </visual_scene>
    </library_visual_scenes>
    <scene>
        <instance_visual_scene url="#ID23"/>
    </scene>
</COLLADA>
