<?xml version="1.0"?>
<COLLADA xmlns="http://www.collada.org/2005/11/COLLADASchema" version="1.4.1">
    <asset>
        <contributor>
            <authoring_tool>CINEMA4D 15.064 COLLADA Exporter</authoring_tool>
        </contributor>
        <created>2018-04-28T04:17:21Z</created>
        <modified>2018-04-28T04:17:21Z</modified>
        <unit meter="0.01" name="centimeter"/>
        <up_axis>Y_UP</up_axis>
    </asset>
    <library_images>
        <image id="ID5">
            <init_from>LibraryGate00MS.png</init_from>
        </image>
        <image id="ID10">
            <init_from>BellMetalBase02.png</init_from>
        </image>
        <image id="ID15">
            <init_from>closetMS.png</init_from>
        </image>
        <image id="ID20">
            <init_from>mokume02.png</init_from>
        </image>
        <image id="ID25">
            <init_from>Telescope.png</init_from>
        </image>
        <image id="ID30">
            <init_from>DisappearDoor.png</init_from>
        </image>
        <image id="ID35">
            <init_from>bookshelf00.png</init_from>
        </image>
    </library_images>
    <library_effects>
        <effect id="ID2">
            <profile_COMMON>
                <technique sid="COMMON">
                    <blinn>
                        <diffuse>
                            <color>0.8 0.8 0.8 1</color>
                        </diffuse>
                        <specular>
                            <color>0.2 0.2 0.2 1</color>
                        </specular>
                        <shininess>
                            <float>0.5</float>
                        </shininess>
                    </blinn>
                </technique>
            </profile_COMMON>
        </effect>
        <effect id="ID4">
            <profile_COMMON>
                <newparam sid="ID6">
                    <surface type="2D">
                        <init_from>ID5</init_from>
                    </surface>
                </newparam>
                <newparam sid="ID7">
                    <sampler2D>
                        <source>ID6</source>
                    </sampler2D>
                </newparam>
                <technique sid="COMMON">
                    <blinn>
                        <diffuse>
                            <texture texture="ID7" texcoord="UVSET0"/>
                        </diffuse>
                    </blinn>
                </technique>
            </profile_COMMON>
        </effect>
        <effect id="ID9">
            <profile_COMMON>
                <newparam sid="ID11">
                    <surface type="2D">
                        <init_from>ID10</init_from>
                    </surface>
                </newparam>
                <newparam sid="ID12">
                    <sampler2D>
                        <source>ID11</source>
                    </sampler2D>
                </newparam>
                <technique sid="COMMON">
                    <blinn>
                        <diffuse>
                            <texture texture="ID12" texcoord="UVSET0"/>
                        </diffuse>
                    </blinn>
                </technique>
            </profile_COMMON>
        </effect>
        <effect id="ID14">
            <profile_COMMON>
                <newparam sid="ID16">
                    <surface type="2D">
                        <init_from>ID15</init_from>
                    </surface>
                </newparam>
                <newparam sid="ID17">
                    <sampler2D>
                        <source>ID16</source>
                    </sampler2D>
                </newparam>
                <technique sid="COMMON">
                    <blinn>
                        <diffuse>
                            <texture texture="ID17" texcoord="UVSET0"/>
                        </diffuse>
                    </blinn>
                </technique>
            </profile_COMMON>
        </effect>
        <effect id="ID19">
            <profile_COMMON>
                <newparam sid="ID21">
                    <surface type="2D">
                        <init_from>ID20</init_from>
                    </surface>
                </newparam>
                <newparam sid="ID22">
                    <sampler2D>
                        <source>ID21</source>
                    </sampler2D>
                </newparam>
                <technique sid="COMMON">
                    <blinn>
                        <diffuse>
                            <texture texture="ID22" texcoord="UVSET0"/>
                        </diffuse>
                    </blinn>
                </technique>
            </profile_COMMON>
        </effect>
        <effect id="ID24">
            <profile_COMMON>
                <newparam sid="ID26">
                    <surface type="2D">
                        <init_from>ID25</init_from>
                    </surface>
                </newparam>
                <newparam sid="ID27">
                    <sampler2D>
                        <source>ID26</source>
                    </sampler2D>
                </newparam>
                <technique sid="COMMON">
                    <blinn>
                        <diffuse>
                            <texture texture="ID27" texcoord="UVSET0"/>
                        </diffuse>
                    </blinn>
                </technique>
            </profile_COMMON>
        </effect>
        <effect id="ID29">
            <profile_COMMON>
                <newparam sid="ID31">
                    <surface type="2D">
                        <init_from>ID30</init_from>
                    </surface>
                </newparam>
                <newparam sid="ID32">
                    <sampler2D>
                        <source>ID31</source>
                    </sampler2D>
                </newparam>
                <technique sid="COMMON">
                    <blinn>
                        <diffuse>
                            <texture texture="ID32" texcoord="UVSET0"/>
                        </diffuse>
                    </blinn>
                </technique>
            </profile_COMMON>
        </effect>
        <effect id="ID34">
            <profile_COMMON>
                <newparam sid="ID36">
                    <surface type="2D">
                        <init_from>ID35</init_from>
                    </surface>
                </newparam>
                <newparam sid="ID37">
                    <sampler2D>
                        <source>ID36</source>
                    </sampler2D>
                </newparam>
                <technique sid="COMMON">
                    <blinn>
                        <diffuse>
                            <texture texture="ID37" texcoord="UVSET0"/>
                        </diffuse>
                    </blinn>
                </technique>
            </profile_COMMON>
        </effect>
    </library_effects>
    <library_materials>
        <material id="ID3" name="m6">
            <instance_effect url="#ID4"/>
        </material>
        <material id="ID8" name="m5">
            <instance_effect url="#ID9"/>
        </material>
        <material id="ID13" name="m4">
            <instance_effect url="#ID14"/>
        </material>
        <material id="ID18" name="m3">
            <instance_effect url="#ID19"/>
        </material>
        <material id="ID23" name="m2">
            <instance_effect url="#ID24"/>
        </material>
        <material id="ID28" name="m1">
            <instance_effect url="#ID29"/>
        </material>
        <material id="ID33" name="m0">
            <instance_effect url="#ID34"/>
        </material>
    </library_materials>
    <library_geometries>
        <geometry id="ID40">
            <mesh>
                <source id="ID41">
                    <float_array id="ID42" count="564">-206.75 16.625 825.125 -200.875 16.625 729.125 -200.875 217 729.125 -206.75 217 825.125 -232.625 637.875 1245.38 -200.875 637.875 729.125 -200.875 818.25 729.125 -232.625 818.25 1245.38 -232.625 437.5 1245.38 -200.875 437.5 729.125 -200.875 617.875 729.125 -232.625 617.875 1245.38 701.875 744.125 -1177.13 -232.625 237 1245.38 1424.38 744.125 -1084.25 -214.875 237 957.5 1424.38 824.5 -1084.25 -214.875 417.5 957.5 701.875 824.5 -1177.13 -232.625 417.5 1245.38 701.875 636.625 -1177.13 -219 16.625 1024.13 1424.38 636.625 -1084.25 -209.25 16.625 865.375 1424.38 724.125 -1084.25 -209.25 217 865.375 701.875 724.125 -1177.13 -219 217 1024.13 -225.125 16.625 864.375 -222.625 16.625 824.125 -222.625 217 824.125 -225.125 217 864.375 -233.875 16.625 1042.75 -232.625 16.625 1023.25 -232.625 217 1023.25 -233.875 217 1042.75 -232.625 16.625 1245.38 -220.25 16.625 1043.63 -220.25 217 1043.63 -232.625 217 1245.38 -213.25 237 930 -200.875 237 729.125 -200.875 417.5 729.125 -213.25 417.5 930 -227.5 237 956.75 -225.75 237 929.25 -225.75 417.5 929.25 -227.5 417.5 956.75 5.875 217 -34.375 120.875 217 -276.75 230.875 217 -508.25 230.875 16.625 -508.25 5.875 16.625 -34.375 189.5 818.25 -421.25 230.875 818.25 -508.25 73 818.25 -175.75 83.5 818.25 -198 5.875 818.25 -34.375 230.875 637.875 -508.25 189.5 637.875 -421.25 73 637.875 -175.75 83.5 637.875 -198 5.875 637.875 -34.375 5.875 617.875 -34.375 120.875 617.875 -276.75 230.875 617.875 -508.25 230.875 437.5 -508.25 5.875 437.5 -34.375 120.875 437.5 -276.75 189.5 417.5 -421.25 230.875 417.5 -508.25 85.875 417.5 -203 97.875 417.5 -228.25 5.875 417.5 -34.375 230.875 237 -508.25 84.5 237 -198.5 3.625 237 -27.375 96.625 237 -224.125 207.625 16.625 -412.625 207.625 217 -412.625 173.25 16.625 -340.375 139 217 -268.125 139 16.625 -268.125 207.625 437.5 -412.625 207.625 617.875 -412.625 139 617.875 -268.125 139 437.5 -268.125 189.5 217 -421.25 120.875 16.625 -276.75 120.875 637.875 -276.75 189.5 617.875 -421.25 189.5 437.5 -421.25 189.75 237 -421.125 121.375 237 -276.5 207.75 237.125 -412.625 207.625 417.5 -412.625 139 417.5 -268.125 139.375 237.125 -267.875 207.625 637.875 -412.625 207.625 755 -412.625 138.75 755 -268.25 139 637.875 -268.125 120.875 818.25 -276.75 120.875 417.5 -276.75 189.5 0 -421.25 189.5 16.625 -421.25 120.875 0 -276.75 68.5 237 -206 80.625 237 -231.75 81.875 417.375 -235.875 69.875 417.375 -210.5 57.75 637.875 -183 68.25 637.875 -205.25 68.25 818.25 -205.25 57.75 818.25 -183 207.625 818.25 -412.625 139 818.25 -268.125 173.25 0 -340.375 207.625 0 -412.625 139 0 -268.125 216.375 16.625 -1055.75 274.375 16.625 -1162.5 274.375 274.125 -1162.5 216.375 274.125 -1055.75 5.5 700.625 -666.75 274.375 700.625 -1162.5 274.375 818.25 -1162.5 5.5 818.25 -666.75 5.5 559.625 -666.75 274.375 559.625 -1162.5 274.375 680.625 -1162.5 5.5 680.625 -666.75 3.375 294.125 -659.75 141 294.125 -915.125 142.125 539.625 -918.625 5.5 539.625 -666.75 185.125 16.625 -1036.88 200.125 16.625 -1064.63 200.125 274.125 -1064.63 185.125 274.125 -1036.88 71.75 16.625 -789 201.375 16.625 -1028 201.375 274.125 -1028 71.75 274.125 -789 46.625 16.625 -770.375 60.125 16.625 -795.25 60.125 274.125 -795.25 46.625 274.125 -770.375 5.5 16.625 -666.75 58.25 16.625 -764 58.25 274.125 -764 5.5 274.125 -666.75 155.5 294.125 -942 274.375 294.125 -1162.5 274.375 539.625 -1162.5 156.5 539.625 -945.125 124.625 294.125 -924 139.125 294.125 -950.875 140.125 539.625 -954 125.75 539.625 -927.5 -483.875 559.5 400 -241.375 559.5 -109.125 -241.375 739.875 -109.125 -483.875 739.875 400 -483.875 310.375 400 -409.125 310.375 243.25 -409.125 539.5 243.25 -483.875 539.5 400 -486 15 407 -311.875 15 39.75 -311.25 290.375 37.625 -483.875 290.375 400 -328.75 15 31.75 -316.75 15 6.375 -316.25 290.375 4.75 -328.125 290.375 29.625 -300 15 14.375 -241.375 15 -109.125 -241.375 290.375 -109.125 -299.375 290.375 12.75 -396.75 310.375 217 -241.375 310.375 -109.125 -241.375 539.5 -109.125 -396.75 539.5 217 -420.5 310.375 237.75 -408 310.375 211.625 -408 539.5 211.625 -420.5 539.5 237.75</float_array>
                    <technique_common>
                        <accessor count="188" source="#ID42" stride="3">
                            <param name="X" type="float"/>
                            <param name="Y" type="float"/>
                            <param name="Z" type="float"/>
                        </accessor>
                    </technique_common>
                </source>
                <source id="ID43">
                    <float_array id="ID44" count="375">-0.0593014 -0 0.99824 0.0598923 -0 -0.998205 0.0598923 0 -0.998205 -0.997981 0 -0.0635079 -0.997981 0 -0.0635079 -0.998108 0 -0.0614889 -0.0640882 -0 0.997944 0.0640882 -0 -0.997944 -0.998124 0 -0.0612232 -0.997952 0 -0.0639713 -0.997952 0 -0.0639713 -0.0628675 -0 0.998022 0.0628675 -0 -0.998022 -0.998077 0 -0.0619923 -0.998119 0 -0.0613018 -0.998105 0 -0.0615418 -0.998114 0 -0.0613852 -0.998133 0 -0.0610836 -0.90361 0 -0.428355 -0.903409 0 -0.42878 -0.903611 0 -0.428355 -0.903207 0 -0.429205 0.429692 0 -0.902976 0.429692 0 -0.902976 -0.429692 0 0.902976 -0.429692 0 0.902976 -0.903005 0 -0.42963 -0.903005 0 -0.42963 -0.429692 0 0.902976 -0.429692 0 0.902976 0.429568 4.3075e-005 -0.903035 0.429568 -2.32614e-005 -0.903035 0.429609 1.32091e-005 -0.903015 0.429692 -4.65229e-005 -0.902976 0.429692 -6.03766e-005 -0.902976 0.430907 -0.000205956 -0.902396 0.432122 -0.000351534 -0.901815 -0.427007 3.47892e-005 0.904249 -0.42835 -0.000131494 0.903613 -0.429692 -0.000297777 0.902976 0.429692 0 -0.902976 0.429692 0 -0.902976 -0.903416 0 -0.428764 -0.903075 -0.00154822 -0.42948 -0.903698 -0.000774111 -0.42817 -0.904318 0 -0.426859 -0.903462 0 -0.428667 -0.903463 0 -0.428667 -0.903463 0 -0.428667 -0.429359 -0 0.903134 -0.429359 0 0.903134 0.429359 -0 -0.903134 0.429359 0 -0.903134 -0.904358 0 -0.426775 -0.904358 0 -0.426776 -0.903076 0 -0.42948 -0.424458 0.0257977 0.90508 -0.424375 0.025807 0.905119 -0.424292 0.0258163 0.905157 0.430087 -0.023603 -0.902479 0.430163 -0.0236108 -0.902443 0.430238 -0.0236187 -0.902407 -0.904004 -0.00351197 -0.427509 -0.904359 -0.00362167 -0.426758 -0.904713 -0.00373136 -0.426006 -0.903544 -0.00309636 -0.428485 -0.903836 -0.00329954 -0.427867 -0.904127 -0.00350272 -0.427249 -0.903472 -0.00380367 -0.42863 -0.903787 -0.00455217 -0.427958 -0.904101 -0.00530066 -0.427285 -0.903347 0 -0.42891 -0.903076 0 -0.42948 0.429692 8.61501e-005 -0.902976 -0.476448 0.014716 0.87908 0.476458 -0.0131309 -0.879099 -0.879 -0.002489 -0.476816 -0.879537 -0.00261278 -0.475823 -0.880073 -0.00273655 -0.47483 -0.879071 0 -0.47669 -0.879651 -0.00122755 -0.475618 -0.880228 -0.00245509 -0.474545 -0.480833 -0 0.876812 -0.480833 0 0.876813 0.473535 -0 -0.880775 -0.879016 0 -0.476793 -0.878906 0 -0.476994 -0.878906 0 -0.476994 -0.479325 -0 0.877637 -0.479325 0 0.877638 0.479325 -0 -0.877637 0.479325 0 -0.877638 -0.879035 0 -0.476757 -0.879707 0 -0.475517 -0.879007 -0.00276954 -0.476801 -0.87965 -0.00433831 -0.475602 -0.88029 -0.00590706 -0.4744 -0.879037 0 -0.476754 -0.879037 0 -0.476754 -0.879037 0 -0.476754 -0.879037 0 -0.476754 -0.878681 0 -0.47741 -0.435302 -0 0.900284 0.431101 -0 -0.902304 -0.902061 0 -0.431608 -0.902777 0 -0.430108 -0.428361 0.00794487 0.903573 -0.428361 0.00794487 0.903573 0.43097 -0.00630292 -0.902344 0.429669 -0.0062064 -0.902965 0.428366 -0.00610988 -0.903585 -0.902963 0 -0.429718 -0.903174 -0.000240107 -0.429275 -0.903384 -0.000480213 -0.428833 -0.902441 -0.000903682 -0.430813 -0.903226 -0.00107546 -0.429163 -0.904009 -0.00124723 -0.427512 -0.902796 -0.0012697 -0.430066 -0.903187 -0.00259363 -0.42924 -0.903574 -0.00391757 -0.428414 -0.902621 0 -0.430436 -0.902621 0 -0.430436 -0.90282 0 -0.43002 0.127498 0 -0.991839 0.127498 0 -0.991839</float_array>
                    <technique_common>
                        <accessor count="125" source="#ID44" stride="3">
                            <param name="X" type="float"/>
                            <param name="Y" type="float"/>
                            <param name="Z" type="float"/>
                        </accessor>
                    </technique_common>
                </source>
                <source id="ID45">
                    <float_array id="ID46" count="274">2.35742 1.75 2.35742 1.52246 2.41016 1.52246 2.41016 1.75 2.7998 1.75 2.7998 1.52246 -1.25098 0.257813 -1.25098 0.0166016 -1.19824 0.0166016 -1.19824 0.257813 -1.7998 0.257813 -1.7998 0.0166016 -0.766602 0.257813 -0.766602 0.0166016 -0.657227 0.0166016 -0.657227 0.257813 -0.663086 0.0166016 -0.663086 0.257813 1.7998 1.75 1.7998 1.52246 -0.395508 1.50391 -1.7998 1.50391 -0.395508 1.26367 -1.7998 1.26367 1 2 0 2 1 1.77441 0 1.77441 -0.395508 0.257813 -0.395508 0.0166016 -1.34375 0.761719 -1.13574 0.761719 -1 0.761719 0.816406 2.53027 0.816406 2.75488 0.816406 2.67578 0.498047 2.75488 0.498047 2.53027 0.498047 2.67578 2.34863 2.24512 2.34863 2.0166 2.59375 2.0166 2.5918 2.24512 -1.42676 1.51172 -1.42676 1.27148 -1 1.27148 -1 1.51172 -1.34375 1.00098 -1 1.00098 0.344727 2.75488 0.344727 2.53027 2.7998 2.24512 2.7998 2.0166 -2 1.51172 -2 1.27148 -1.7998 1.00098 -1.7998 0.761719 0.297852 2.75488 0.297852 2.53027 1 2.75488 1 2.53027 2.15527 2.24512 2.15527 2.0166 2.20898 2.0166 2.20898 2.24512 1.7998 2.24512 1.7998 2.0166 -0.799805 1.51172 -0.799805 1.27148 0 2.75488 0 2.53027 -0.799805 1.00098 -0.799805 0.761719 2.30762 2 2.30762 1.77246 2.36133 1.77246 2.36133 2 2.35645 1.77246 2.35645 2 2.7998 2 2.7998 1.77246 -1.56445 0.763672 -1.56445 0.523438 -1.50391 0.523438 -1.50391 0.763672 -1.50879 0.523438 -1.50879 0.763672 -1.7998 0.763672 -1.7998 0.523438 -0.924805 0.763672 -0.924805 0.523438 -0.920898 0.763672 -0.920898 0.523438 -0.860352 0.523438 -0.860352 0.763672 -0.868164 0.523438 -0.868164 0.763672 1.7998 2 1.7998 1.77246 -0.395508 1.25879 -1.7998 1.25879 -0.395508 1.01855 -1.7998 1.01855 1.59961 1.49902 0.199219 1.49902 1.59961 1.27344 0.199219 1.27344 -0.599609 0.763672 -0.599609 0.523438 -2.49121 1.50293 -2.49121 1.27246 -2.44043 1.27246 -2.44043 1.50293 -1.7998 1.50293 -1.7998 1.27246 2.51074 2.00195 2.51074 1.77441 2.55957 1.77441 2.55957 2.00195 2.7998 2.00195 2.7998 1.77441 1.7998 2.00195 1.7998 1.77441 -2.7998 1.50293 -2.7998 1.27246 0.353516 2.24805 -0.802734 2.24805 0.353516 2.02344 -0.802734 2.02344 0 1.75879 -2 1.75879 0 1.51855 -2 1.51855 2.19922 2.48047 0 2.48047 2.19922 2.25488 0 2.25488</float_array>
                    <technique_common>
                        <accessor count="137" source="#ID46" stride="2">
                            <param name="S" type="float"/>
                            <param name="T" type="float"/>
                        </accessor>
                    </technique_common>
                </source>
                <vertices id="ID47">
                    <input semantic="POSITION" source="#ID41"/>
                </vertices>
                <triangles count="148" material="Material1">
                    <input offset="0" semantic="VERTEX" source="#ID47"/>
                    <input offset="1" semantic="NORMAL" source="#ID43"/>
                    <input offset="2" semantic="TEXCOORD" source="#ID45" set="0"/>
                    <p>47 0 0 15 0 1 17 0 0 15 0 1 47 0 0 44 0 1 45 2 2 43 2 3 40 1 2 43 2 3 45 2 2 46 1 3 45 4 2 47 4 0 46 3 3 47 4 0 45 4 2 44 3 1 41 5 5 43 5 3 42 5 4 43 5 3 41 5 5 40 5 2 35 6 6 37 6 7 38 6 6 37 6 7 35 6 6 32 6 7 33 7 8 27 7 9 21 7 8 27 7 9 33 7 8 34 7 9 37 8 7 39 8 10 38 8 6 39 8 10 37 8 7 36 8 11 33 10 8 35 10 6 34 9 9 35 10 6 33 10 8 32 9 7 31 11 12 23 11 13 25 11 12 23 11 13 31 11 12 28 11 13 29 12 16 3 12 15 0 12 14 3 12 15 29 12 16 30 12 17 29 13 16 31 13 12 30 13 17 31 13 12 29 13 16 28 13 13 23 14 13 27 14 9 25 14 12 27 14 9 23 14 13 21 14 8 15 15 1 19 15 18 17 15 0 19 15 18 15 15 1 13 15 19 9 16 22 11 16 21 10 16 20 11 16 21 9 16 22 8 16 23 5 16 26 7 16 25 6 16 24 7 16 25 5 16 26 4 16 27 1 17 29 3 17 15 2 17 28 3 17 15 1 17 29 0 17 14 82 20 30 117 19 31 119 18 30 117 19 31 82 20 30 80 21 31 119 23 30 88 22 30 82 22 30 88 22 30 119 23 30 106 23 30 104 25 32 78 24 32 105 24 32 78 24 32 104 25 32 118 25 32 118 27 32 80 21 31 78 26 32 80 21 31 118 27 32 117 19 31 98 24 33 53 29 34 59 28 33 53 29 34 98 24 33 99 25 35 100 32 38 89 31 37 102 30 36 89 31 37 100 32 38 101 33 37 96 35 39 93 35 40 103 34 39 93 35 40 96 35 39 97 36 40 94 38 41 69 38 42 92 37 41 69 38 42 94 38 41 95 39 42 85 41 43 68 41 44 64 40 43 68 41 44 85 41 43 86 40 44 83 29 45 90 29 46 91 28 45 90 29 46 83 29 45 84 28 46 81 41 47 88 22 30 49 40 47 88 22 30 81 41 47 82 22 30 78 24 32 87 29 48 105 24 32 87 29 48 78 24 32 79 28 48 89 42 37 56 42 49 102 42 36 56 42 49 89 42 37 61 42 50 70 44 51 92 44 41 69 43 42 92 44 41 70 44 51 74 45 52 68 47 44 63 47 53 64 46 43 63 47 53 68 47 44 67 46 54 88 48 30 48 48 55 49 48 47 48 48 55 88 48 30 52 48 56 114 50 57 60 50 58 55 49 57 60 50 58 114 50 57 111 49 58 112 52 50 56 52 49 61 51 50 56 52 49 112 52 50 113 51 49 112 54 50 114 54 57 113 53 49 114 54 57 112 54 50 111 53 58 54 55 59 59 55 33 53 55 34 59 55 33 54 55 59 58 55 60 110 57 61 75 57 62 71 56 61 75 57 62 110 57 61 107 58 62 108 60 63 72 60 64 77 59 63 72 60 64 108 60 63 109 61 64 108 63 63 110 63 61 109 62 64 110 63 61 108 63 63 107 64 62 93 66 40 72 66 64 103 65 39 72 66 64 93 66 40 77 67 63 75 69 62 73 69 65 71 68 61 73 69 65 75 69 62 76 70 66 65 55 67 91 55 45 90 55 46 91 55 45 65 55 67 66 55 68 60 71 58 57 71 69 55 71 57 57 71 69 60 71 58 62 71 70 50 72 71 105 72 32 87 72 48 105 72 32 50 72 71 51 72 72 100 32 38 102 30 36 116 73 36 53 29 34 99 25 35 115 25 34 159 74 73 133 74 74 134 74 73 133 74 74 159 74 73 156 74 74 157 75 77 155 75 76 152 75 75 155 75 76 157 75 77 158 75 78 157 77 77 159 77 73 158 76 78 159 77 73 157 77 77 156 78 74 153 80 80 155 80 76 154 79 79 155 80 76 153 80 80 152 81 75 147 83 81 149 83 82 150 82 81 149 83 82 147 83 81 144 82 82 145 84 85 143 84 84 140 84 83 143 84 84 145 84 85 146 84 86 149 85 82 151 85 87 150 85 81 151 85 87 149 85 82 148 85 88 145 87 85 147 87 81 146 86 86 147 87 81 145 87 85 144 86 82 139 89 91 141 89 90 142 88 89 141 89 90 139 89 91 136 88 92 137 91 95 123 91 94 120 90 93 123 91 94 137 91 95 138 90 96 141 92 90 143 92 84 142 92 89 143 92 84 141 92 90 140 92 83 137 93 95 139 93 91 138 93 96 139 93 91 137 93 95 136 93 92 133 95 74 135 95 97 134 94 73 135 95 97 133 95 74 132 96 98 129 98 101 131 98 100 130 97 99 131 98 100 129 98 101 128 97 102 125 100 105 127 100 104 126 99 103 127 100 104 125 100 105 124 99 106 121 101 108 123 101 94 122 101 107 123 101 94 121 101 108 120 101 93 187 102 109 165 102 110 166 102 109 165 102 110 187 102 109 184 102 110 185 103 111 183 103 112 180 103 111 183 103 112 185 103 111 186 103 112 185 104 111 187 104 109 186 104 112 187 104 109 185 104 111 184 104 110 181 105 114 183 105 112 182 105 113 183 105 112 181 105 114 180 105 111 175 107 115 169 107 116 170 106 115 169 107 116 175 107 115 172 106 116 173 109 117 179 109 118 176 108 117 179 109 118 173 109 117 174 110 118 177 112 120 179 112 118 178 111 119 179 112 118 177 112 120 176 113 117 173 115 117 175 115 115 174 114 118 175 115 115 173 115 117 172 116 116 169 118 116 171 118 121 170 117 115 171 118 121 169 118 116 168 119 122 165 121 110 167 121 123 166 120 109 167 121 123 165 121 110 164 120 124 161 122 127 163 122 126 162 122 125 163 122 126 161 122 127 160 122 128 22 124 131 26 124 130 24 123 129 26 124 130 22 124 131 20 123 132 14 124 135 18 124 134 16 123 133 18 124 134 14 124 135 12 123 136</p>
                </triangles>
            </mesh>
        </geometry>
        <geometry id="ID49">
            <mesh>
                <source id="ID50">
                    <float_array id="ID51" count="105">919.25 307.125 -1189.5 919.25 161.25 -1188.13 963.25 161.25 -1188.5 961.5 307.125 -1184.88 1182.75 307.125 -1156.88 1181.63 161.125 -1160.75 1216.38 161.125 -1150 1216.63 307.125 -1151.25 1073 161.125 -1163.38 1116.88 161.125 -1169.5 1116.88 307.125 -1170 1073 307.125 -1163.38 1037.88 161.125 -1179.5 1037.63 307.125 -1175.75 1152 161.125 -1153.13 1152 307 -1153.13 1001 161.125 -1172.5 1001.5 307.125 -1172.5 1068 19.375 -1170.38 1082.88 19.375 -1168.25 1032.25 19.375 -1186.38 1051.88 19.375 -1182.38 1142.38 19.375 -1160.75 1162.5 19.375 -1158.63 1106.63 19.375 -1176.75 1126.5 19.375 -1173.38 993.625 19.375 -1179.88 1008.5 19.375 -1177.25 977.75 19.375 -1192.5 1181 19.375 -1167.25 1201.88 19.375 -1166.13 919.25 19.375 -1189.5 939.5 19.375 -1187.13 1216.75 19.375 -1151.25 957.875 19.375 -1195.88</float_array>
                    <technique_common>
                        <accessor count="35" source="#ID51" stride="3">
                            <param name="X" type="float"/>
                            <param name="Y" type="float"/>
                            <param name="Z" type="float"/>
                        </accessor>
                    </technique_common>
                </source>
                <source id="ID52">
                    <float_array id="ID53" count="105">0.11648 0.00962521 -0.993146 -0.110251 0.02213 -0.993657 0.0521641 0.00419082 -0.99863 0.169755 0.0400971 -0.98467 0.199062 0.0106136 -0.97993 0.150813 0.0206401 -0.988347 0.00664008 0.00853778 -0.999942 0.107269 0.0367928 -0.993549 0.224977 0.0169216 -0.974217 0.176724 0.0210322 -0.984036 0.0145849 -0.00115832 -0.999893 0.115585 0.0281335 -0.992899 0.244866 -0.00225016 -0.969554 0.1548 0.0144185 -0.987841 0.0218888 0.00952501 -0.999715 -0.0302706 0.0297042 -0.9991 0.0215394 0.0263597 -0.99942 0.230201 0.00813364 -0.973109 0.403026 0.0528 -0.913664 -0.126816 0.042612 -0.991011 -0.082529 0.0515457 -0.995255 0.407232 0.0587063 -0.911436 0.707084 0.0081059 -0.707084 0.444271 0.0265846 -0.895498 0.368787 0.0460567 -0.928372 -0.189858 0.0458094 -0.980742 -0.193693 0.0372038 -0.980357 -0.137292 0.0566074 -0.988912 0.406555 0.0672397 -0.911149 0.392728 0.0507331 -0.918254 0.393433 0.0445 -0.918276 0.407073 0.0525687 -0.911882 -0.0872402 0.0571758 -0.994545 -0.113253 0.0478188 -0.992415 0.108813 -0.00936949 -0.994018</float_array>
                    <technique_common>
                        <accessor count="35" source="#ID53" stride="3">
                            <param name="X" type="float"/>
                            <param name="Y" type="float"/>
                            <param name="Z" type="float"/>
                        </accessor>
                    </technique_common>
                </source>
                <source id="ID54">
                    <float_array id="ID55" count="70">1.70898 -2.01465 1.57129 -2.01465 1.70898 -1.0166 1.40918 -1.0166 1.4209 0.0107422 1.15234 -1.01758 1.14844 0.00976563 0.900391 -1.0166 0.902344 0.00976563 0.662109 -1.0166 0.662109 0.00976563 0.363281 -1.01758 0.363281 0.00976563 0.124023 -1.01758 0.124023 0.00976563 -0.0761719 -1.0166 -0.0839844 0.00976563 -0.31543 0.00976563 1.20215 -2.01465 1.10059 -2.01465 0.939453 -2.01465 0.805664 -2.01465 -0.31543 -2.01465 -0.313477 -1.0166 -0.214844 -2.01465 -0.0722656 -2.01465 0.0527344 -2.01465 1.44629 -2.01465 1.30957 -2.01465 0.696289 -2.01465 0.189453 -2.01465 0.296875 -2.01465 0.433594 -2.01465 0.594727 -2.01465 1.70898 0.00976563</float_array>
                    <technique_common>
                        <accessor count="35" source="#ID55" stride="2">
                            <param name="S" type="float"/>
                            <param name="T" type="float"/>
                        </accessor>
                    </technique_common>
                </source>
                <vertices id="ID56">
                    <input semantic="POSITION" source="#ID50"/>
                </vertices>
                <triangles count="40" material="Material1">
                    <input offset="0" semantic="VERTEX" source="#ID56"/>
                    <input offset="1" semantic="NORMAL" source="#ID52"/>
                    <input offset="2" semantic="TEXCOORD" source="#ID54" set="0"/>
                    <p>1 2 2 32 1 1 31 0 0 32 1 1 1 2 2 2 3 3 3 4 4 2 3 3 1 2 2 2 3 3 3 4 4 16 5 5 17 6 6 16 5 5 3 4 4 16 5 5 17 6 6 12 7 7 13 8 8 12 7 7 17 6 6 12 7 7 13 8 8 8 9 9 11 10 10 8 9 9 13 8 8 8 9 9 11 10 10 9 11 11 10 12 12 9 11 11 11 10 10 9 11 11 10 12 12 14 13 13 15 14 14 14 13 13 10 12 12 14 13 13 15 14 14 5 15 15 4 16 16 5 15 15 15 14 14 5 15 15 4 16 16 7 17 17 16 5 5 26 18 18 2 3 3 26 18 18 16 5 5 27 19 19 12 7 7 27 19 19 16 5 5 27 19 19 12 7 7 20 20 20 21 21 21 20 20 20 12 7 7 30 24 24 6 23 23 33 22 22 6 23 23 30 24 24 5 15 15 29 25 25 5 15 15 30 24 24 5 15 15 29 25 25 23 26 26 2 3 3 34 27 27 32 1 1 34 27 27 2 3 3 28 28 28 26 18 18 28 28 28 2 3 3 12 7 7 18 29 29 21 21 21 18 29 29 12 7 7 8 9 9 23 26 26 14 13 13 5 15 15 14 13 13 23 26 26 22 30 30 22 30 30 9 11 11 14 13 13 9 11 11 22 30 30 25 31 31 24 32 32 9 11 11 25 31 31 9 11 11 24 32 32 19 33 33 19 33 33 8 9 9 9 11 11 8 9 9 19 33 33 18 29 29 7 17 17 6 23 23 5 15 15 3 4 4 1 2 2 0 34 34</p>
                </triangles>
            </mesh>
        </geometry>
        <geometry id="ID58">
            <mesh>
                <source id="ID59">
                    <float_array id="ID60" count="1320">620 384.5 -1175.5 620 384.5 -1175.5 620.625 385.5 -1178.63 620.625 385.5 -1178.63 619.5 384.5 -1181.63 619.5 384.5 -1181.63 617.375 382.25 -1182.63 617.375 382.25 -1182.63 615.5 379.875 -1181.25 615.5 379.875 -1181.25 615 379 -1178.13 615 379 -1178.13 616 379.875 -1175.13 616 379.875 -1175.13 618.125 382.25 -1174.13 618.125 382.25 -1174.13 594.625 402.875 -1170.5 597.125 406 -1172.38 591.75 399.875 -1171.88 590.25 398.625 -1175.88 591 399.875 -1180 593.5 402.875 -1181.88 596.375 406 -1180.5 597.75 407.25 -1176.5 548.5 429.75 -1180.63 548.5 429.75 -1180.63 550.125 429.75 -1163.5 550.125 429.75 -1163.5 547.25 429.5 -1163.25 547.25 429.5 -1163.25 545.625 429.5 -1180.38 545.625 429.5 -1180.38 548.75 426.875 -1180.63 548.75 426.875 -1180.63 550.25 426.875 -1163.5 550.25 426.875 -1163.5 545.875 426.75 -1180.38 545.875 426.75 -1180.38 545.875 426.75 -1180.38 547.5 426.75 -1163.25 547.5 426.75 -1163.25 547.5 426.75 -1163.25 551.375 423.75 -1167.13 551.375 423.75 -1167.13 552.5 422.375 -1172.38 548.125 422 -1171.88 547.5 422.875 -1168.88 547.5 422.875 -1168.88 550.375 423.75 -1177.25 547 422.875 -1174.75 546.375 427.125 -1179 544.625 424.75 -1175.75 542.75 430.5 -1176.5 542.75 430.5 -1176.5 542.5 426.75 -1174.38 542.5 426.75 -1174.38 541.625 431.875 -1171.25 541.875 427.5 -1171.38 543.625 430.5 -1166.38 543 426.75 -1168.5 547.625 427.125 -1164.63 545.375 424.75 -1167.5 554.75 426.375 -1166.63 554.75 426.375 -1166.63 556 424.75 -1172.63 553.625 426.375 -1178.38 544.875 424.625 -1173.13 549 430.25 -1180.38 549.375 424.625 -1173.63 544.75 434.125 -1177.5 544.75 434.125 -1177.5 548.125 427.875 -1173.5 548.125 427.875 -1173.5 543.5 435.75 -1171.5 541.625 427.875 -1172.88 545.875 434.125 -1165.75 540.375 424.625 -1172.75 550.5 430.25 -1163.75 544.875 429.25 -1173.13 544.25 424 -1171.5 549.625 424.625 -1170.5 539.875 407 -1173.63 548.375 427.875 -1170.38 548.375 427.875 -1170.38 510.875 297.875 -1171 545.125 429.25 -1170.13 512.75 297.375 -1171.13 542 427.875 -1169.75 541.75 406.375 -1173.88 540.625 424.625 -1169.63 511.25 297.875 -1166 545.125 424.625 -1170.13 540.375 407 -1168.63 551.125 406.875 -1166.5 551.125 406.875 -1166.5 542.25 406.375 -1168.88 552.875 406.875 -1172.38 552.875 406.875 -1172.38 513.25 297.375 -1166.13 545 406.875 -1171.63 538.75 407.375 -1170 550.125 406.875 -1177.75 550.125 406.875 -1177.75 509.75 298.25 -1167.38 544.25 406.875 -1179.5 544.25 406.875 -1179.5 509.5 298.25 -1169.38 538.875 406.875 -1176.75 538.875 406.875 -1176.75 538.5 407.375 -1172 537.125 406.875 -1170.88 537.125 406.875 -1170.88 543.375 406 -1172.5 539.875 406.875 -1165.5 539.875 406.875 -1165.5 514.375 297 -1169.75 545.75 406.875 -1163.75 545.75 406.875 -1163.75 514.5 297 -1167.75 545 413.375 -1171.63 543.5 406 -1170.5 552.875 413.375 -1172.38 552.875 413.375 -1172.38 545.875 407 -1166.13 551.125 413.375 -1166.5 551.125 413.375 -1166.5 562.625 297.875 -1142.38 550.125 413.375 -1177.75 550.125 413.375 -1177.75 561.5 297.375 -1143.88 544.25 413.375 -1179.5 544.25 413.375 -1179.5 544.75 406.375 -1167.75 538.875 413.375 -1176.75 538.875 413.375 -1176.75 566.75 297.875 -1145.25 537.125 413.375 -1170.88 537.125 413.375 -1170.88 549.875 407 -1169 539.875 413.375 -1165.5 539.875 413.375 -1165.5 548.75 406.375 -1170.63 545.75 413.375 -1163.75 545.75 413.375 -1163.75 565.625 297.375 -1146.88 548.375 401.625 -1168.88 548.375 401.625 -1168.88 549.5 407.375 -1167 549.375 401.625 -1172 566.375 298.25 -1143.25 547.5 399.875 -1171.88 564.75 298.25 -1142 546.875 399.875 -1170 546.875 399.875 -1170 547.875 407.375 -1165.88 547.75 401.625 -1175 545.125 406 -1169.75 546.625 399.875 -1173.5 561.875 297 -1146 544.625 401.625 -1175.88 563.625 297 -1147.13 544.75 399.875 -1174.13 546.75 406 -1170.88 541.625 401.625 -1174.38 541.625 401.625 -1174.38 557 297.875 -1203.63 543.125 399.875 -1173.25 543.125 399.875 -1173.25 544.75 407 -1177.13 540.75 401.625 -1171.25 544 406.375 -1175.38 542.5 399.875 -1171.38 556.125 297.375 -1201.88 542.25 401.625 -1168.25 549.375 407 -1175.13 543.375 399.875 -1169.75 561.5 297.875 -1201.5 545.375 401.625 -1167.25 560.75 297.375 -1199.75 545.25 399.875 -1169.13 548.5 406.375 -1173.25 548.875 404.125 -1168.38 548.875 404.125 -1168.38 560.75 298.25 -1203.5 550 404.125 -1172.13 548.625 407.375 -1177 548.25 404.125 -1175.5 546.75 407.375 -1177.88 544.5 404.125 -1176.63 559 298.25 -1204.38 541.125 404.125 -1174.88 541.125 404.125 -1174.88 556.875 297 -1200 540 404.125 -1171.13 544.75 406 -1173.5 541.875 404.125 -1167.75 546.625 406 -1172.63 545.5 404.125 -1166.63 558.75 297 -1199.13 545 424.75 -1171.63 449.875 377.125 -1178.25 550.75 424.75 -1172.13 403.75 377.125 -1178.25 549.375 424.75 -1168 549.375 424.75 -1168 413.5 360.25 -1197.75 548.625 424.75 -1176 440.125 360.25 -1197.75 544.5 424.75 -1177.38 380.75 337.25 -1178.25 540.625 424.75 -1175.25 540.625 424.75 -1175.25 400.25 337.25 -1197.75 539.375 424.75 -1171.13 403.75 297.25 -1178.25 541.375 424.75 -1167.25 413.5 314.125 -1197.75 545.5 424.75 -1165.88 449.875 297.25 -1178.25 545 399.125 -1171.63 440.125 314.125 -1197.75 542.75 421 -1168.88 473 337.25 -1178.25 545.375 421 -1168.13 453.5 337.25 -1197.75 545.375 413.25 -1168.13 453.5 383.375 -1151.63 542.75 413.25 -1168.88 400.25 383.375 -1151.63 541.5 421 -1171.25 373.5 337.25 -1151.63 541.5 413.25 -1171.25 400.25 291 -1151.63 542.25 421 -1173.88 542.25 421 -1173.88 453.5 291 -1151.63 542.25 413.25 -1173.88 542.25 413.25 -1173.88 480.125 337.25 -1151.63 544.625 421 -1175.13 449.875 377.125 -1124.88 544.625 413.25 -1175.13 403.75 377.125 -1124.88 547.25 421 -1174.38 380.75 337.25 -1124.88 547.25 413.25 -1174.38 403.75 297.25 -1124.88 548.5 421 -1172 449.875 297.25 -1124.88 548.5 413.25 -1172 473 337.25 -1124.88 547.75 421 -1169.38 547.75 421 -1169.38 440.125 360.25 -1105.38 547.75 413.25 -1169.38 547.75 413.25 -1169.38 413.5 360.25 -1105.38 548.875 407.5 -1168.38 548.875 407.5 -1168.38 400.25 337.25 -1105.38 550 407.5 -1172.13 413.5 314.125 -1105.38 548.25 407.5 -1175.5 440.125 314.125 -1105.38 544.5 407.5 -1176.63 453.5 337.25 -1105.38 541.125 407.5 -1174.88 541.125 407.5 -1174.88 426.875 337.25 -1204.88 540 407.5 -1171.13 426.875 337.25 -1098.25 541.875 407.5 -1167.75 545.5 407.5 -1166.63 539.375 420.875 -1171.13 540.625 420.875 -1175.25 540.625 420.875 -1175.25 544.5 420.875 -1177.38 548.625 420.875 -1176 550.75 420.875 -1172.13 549.375 420.875 -1168 549.375 420.875 -1168 545.5 420.875 -1165.88 541.375 420.875 -1167.25 545 420.875 -1171.63 567.125 438 -1165.38 567.125 438 -1165.38 568.5 440.625 -1173.75 568.5 440.625 -1173.75 570.375 438.875 -1174 568.875 436.375 -1165.63 565.5 438 -1181.75 565.5 438 -1181.75 567.375 436.375 -1181.88 559.875 431.875 -1184.75 559.875 431.875 -1184.75 561.75 430.125 -1184.75 554.75 425.625 -1180.75 554.75 425.625 -1180.75 556.75 424 -1180.88 553.375 423 -1172.38 553.375 423 -1172.38 555.25 421.5 -1172.63 556.25 425.625 -1164.38 556.25 425.625 -1164.38 558.25 424 -1164.63 562 431.875 -1161.5 562 431.875 -1161.5 563.875 430.125 -1161.75 563.875 429.25 -1173.38 569.375 435 -1166.38 570.75 437.25 -1174 568 435 -1181.25 562.875 429.25 -1183.88 558.25 423.625 -1180.38 556.875 421.375 -1172.75 559.625 423.625 -1165.5 564.75 429.25 -1162.88 476.625 519 -1155.63 478.375 522 -1165.5 480.25 522.375 -1165.63 480.25 522.375 -1165.63 478.375 519 -1154.75 478.375 519 -1154.75 474.875 519 -1174.75 476.375 519 -1176 476.375 519 -1176 468.125 511.75 -1178.13 469 510.875 -1179.75 469 510.875 -1179.75 462.25 504.5 -1173.63 462.375 502.875 -1174.75 462.375 502.875 -1174.75 460.5 501.375 -1163.75 460.5 499.5 -1163.75 460.5 499.5 -1163.75 464 504.5 -1154.5 464.375 502.875 -1153.38 464.375 502.875 -1153.38 470.75 511.75 -1151 471.75 510.875 -1149.63 471.75 510.875 -1149.63 469.5 511.625 -1164.63 479.375 519.125 -1165.5 479.375 519.125 -1165.5 477.75 516.375 -1156.75 477.75 516.375 -1156.75 472.5 510 -1152.75 472.5 510 -1152.75 466.625 503.5 -1155.75 466.625 503.5 -1155.75 463.5 500.875 -1164.13 463.5 500.875 -1164.13 465 503.5 -1172.75 465 503.5 -1172.75 470.375 510 -1176.88 470.375 510 -1176.88 476.25 516.375 -1173.88 476.25 516.375 -1173.88 478.25 520 -1165.38 476.75 517.375 -1156.75 471.5 510.875 -1152.63 465.5 504.5 -1155.63 462.5 501.75 -1164 464 504.5 -1172.75 469.25 510.875 -1176.75 475.125 517.375 -1173.75 480.625 503.125 -1150.88 480.625 503.125 -1150.88 487 511 -1155.75 487 511 -1155.75 473.375 495.25 -1154.5 473.375 495.25 -1154.5 469.625 492 -1164.63 469.625 492 -1164.63 471.375 495.25 -1175.25 471.375 495.25 -1175.25 477.875 503.125 -1180.25 477.875 503.125 -1180.25 485 511 -1176.5 485 511 -1176.5 488.875 514.25 -1166.38 488.875 514.25 -1166.38 596.125 408.875 -1170.88 597.125 410.625 -1176.5 598.5 409.125 -1176.63 597.625 407.5 -1171 595.125 408.875 -1181.75 596.625 407.5 -1181.88 591.25 404.75 -1183.75 592.875 403.375 -1183.75 587.875 400.625 -1181.13 589.5 399.25 -1181.25 586.875 398.875 -1175.5 588.5 397.5 -1175.63 588.875 400.625 -1170.13 590.5 399.25 -1170.38 592.75 404.75 -1168.25 594.25 403.375 -1168.5 594.25 402.75 -1176.25 597.75 406.25 -1171.88 598.5 407.75 -1176.63 596.875 406.25 -1181.13 593.625 402.75 -1182.75 590.75 399.25 -1180.5 590 397.75 -1175.75 591.625 399.25 -1171.25 594.875 402.75 -1169.63 564.25 429.625 -1164 568.375 434.625 -1167.13 559.75 424.625 -1166.38 557.375 422.5 -1172.75 558.5 424.625 -1179.5 562.625 429.625 -1182.63 567.125 434.625 -1180.38 569.625 436.75 -1173.88 615.875 389.125 -1174.5 615.875 389.125 -1174.5 616.625 390.25 -1178.25 616.625 390.25 -1178.25 620.375 386.625 -1178.63 619.75 385.5 -1174.88 615.25 389.125 -1181.88 615.25 389.125 -1181.88 619.125 385.5 -1182.13 612.625 386.25 -1183.13 612.625 386.25 -1183.13 616.625 382.75 -1183.38 610.375 383.5 -1181.38 610.375 383.5 -1181.38 614.375 380.125 -1181.63 609.625 382.25 -1177.63 609.625 382.25 -1177.63 613.75 379 -1178 611 383.5 -1174 611 383.5 -1174 615.125 380.125 -1174.5 613.625 386.25 -1172.75 613.625 386.25 -1172.75 617.625 382.75 -1173.25 617.75 382.25 -1178.38</float_array>
                    <technique_common>
                        <accessor count="440" source="#ID60" stride="3">
                            <param name="X" type="float"/>
                            <param name="Y" type="float"/>
                            <param name="Z" type="float"/>
                        </accessor>
                    </technique_common>
                </source>
                <source id="ID61">
                    <float_array id="ID62" count="1359">0.222637 0 0.974901 0.670938 0 0.741514 0.851441 0 0.524451 0.999155 0 0.041104 0.974901 0 -0.222637 0.741514 0 -0.670938 0.524451 0 -0.851441 0.041104 0 -0.999155 -0.222637 0 -0.974901 -0.670938 0 -0.741514 -0.851441 0 -0.524451 -0.999155 0 -0.041104 -0.974901 0 0.222637 -0.741514 0 0.670938 -0.524451 0 0.851441 -0.041104 0 0.999155 0.957826 0 0.287348 0.999169 0 0.0407659 0.954672 -0.0810872 0.286402 0.987791 -0.12624 -0.0912839 0.873005 -0.404184 0.272943 0.848384 -0.520947 -0.0941201 0.559247 -0.808467 0.183367 0.526638 -0.84343 -0.106197 0.133317 -0.978435 -0.157768 0.29961 -0.838947 -0.454315 -0.102157 -0.836321 -0.538638 -0.094232 -0.520345 -0.848741 -0.376959 -0.560648 -0.737276 -0.448512 -0.180524 -0.875356 -0.957826 0 -0.287348 -0.999491 0 -0.0319045 -0.954672 -0.0810872 -0.286402 -0.983519 -0.142427 0.111378 -0.873345 -0.417494 -0.25093 -0.851605 -0.514571 0.0999343 -0.572676 -0.800124 -0.178448 -0.538638 -0.836321 0.102157 -0.133317 -0.978435 0.157768 -0.302004 -0.84277 0.445569 0.106197 -0.84343 0.526638 0.0941201 -0.520947 0.848384 0.39126 -0.568602 0.723607 0.458986 -0.16773 0.872467 0.73938 0 -0.673288 0.628091 -0.134861 -0.766364 0.519648 -0.525592 -0.673587 -0.72786 0 0.685726 -0.628737 -0.131028 0.7665 -0.544669 -0.506521 0.66841 0.0898056 0 0.995959 -0.542396 0 0.840123 -0.746504 0 0.665381 -0.97468 0 0.223605 -0.999064 0 -0.0432653 -0.957024 0 -0.290007 -0.0971128 -0.142067 -0.985082 -0.460317 0 -0.887755 0.0879843 -0.124115 0.988359 0.460317 0 0.887755 -0 1 -0 -0.0472975 0 0.998881 0 -1 -0 0.480833 0 0.876812 0.480833 0 0.876813 0.110428 -0.00849443 0.993848 0.114789 -0.00424729 0.993381 0.102108 -0.00283198 0.994769 0.0979431 0 0.995192 0.0766965 0 0.997054 0.0407659 0 -0.999169 -0.114624 0 -0.993409 -0.0956777 0 -0.995412 -0.0914679 -0.00212963 -0.995806 -0.079871 -0.00319402 -0.9968 -0.0830438 -0.00638798 -0.996525 0.948683 0 0.316228 0.99851 0 0.0545736 0.972641 0 -0.232312 0.734854 0 -0.678226 0.535831 0 -0.844325 0.0545736 0 -0.99851 -0.232312 0 -0.972641 -0.480833 0 -0.876812 -0.480833 0 -0.876813 -0.250248 -0.849345 -0.464746 0.250248 -0.849345 0.464746 0.465746 0 0.884918 0.233792 0 0.972287 -0.0297933 0 0.999556 0.961524 0 0.274721 0.999556 0 0.0297933 0.972287 0 -0.233792 0.733777 0 -0.67939 0.514782 0 -0.857321 0.0297933 0 -0.999556 -0.233792 0 -0.972287 -0.929798 0.360476 0.0743838 -0.797251 0.598002 0.0823729 -0.922124 0.375784 0.0920533 -0.604989 0.793377 0.0673877 -0.00315374 0.999985 0.00445993 -0.00644222 0.999979 0.000536851 0.386426 0.921802 -0.0309141 0.386878 0.921589 -0.0315958 -0.465746 0 -0.884918 -0.961524 0 -0.274721 -0.999556 0 -0.0297933 -0.972287 0 0.233792 -0.733777 0 0.67939 -0.514782 0 0.857321 0.929798 0.360476 -0.0743838 -0.110431 -0.00424733 -0.993875 0.0830438 -0.00638798 0.996525 0.114109 -0.0178552 0.993308 0.547386 0.513704 0.660664 0.547861 0.514296 0.659809 0.680668 0.728982 0.0726426 0.65487 0.728401 -0.201439 0.485903 0.582687 -0.65144 0.34562 0.441084 -0.828246 0.0238463 0.0900123 -0.995655 -0.158608 -0.120898 -0.979912 -0.448717 -0.477456 -0.755439 -0.556251 -0.622322 -0.550728 -0.638104 -0.766152 -0.0763768 -0.61331 -0.766 0.192599 -0.443937 -0.620189 0.64675 -0.298338 -0.472724 0.829172 0.114399 -0.0174658 0.993281 -0.447843 -0.617427 0.646699 -0.912534 -0.394362 0.108444 -0.641869 -0.762595 -0.0803336 -0.813379 -0.208511 -0.543081 -0.475057 -0.447298 -0.757789 -0.426992 0.272064 -0.862357 -0.0165965 0.115894 -0.993123 0.00849446 0.753162 -0.657781 0.461903 0.606847 -0.646824 0.252314 0.966658 -0.0437137 0.670727 0.73765 0.0774422 0.166186 0.771801 0.613763 0.468217 0.456127 0.756783 -0.21904 0.300559 0.92827 0.0121429 -0.111196 0.993724 -0.675479 -0.168865 0.717784 -0.731253 0.659555 0.173944 -0.784004 0.599007 0.162874 -0.816291 0.571573 0.0835056 -0.806378 0.591331 -0.0090525 -0.765911 0.641572 -0.0420227 -0.701662 0.712393 -0.0129144 -0.669748 0.739003 0.0728863 -0.687777 0.710071 0.150871 0.386958 -0.878351 0.280646 -0.0512636 -0.651945 0.756532 0.643863 -0.613888 0.456707 0.426433 -0.127415 0.8955 0.885867 -0.313624 0.341875 0.792616 0.351697 0.498065 0.988068 -0.153127 -0.0165579 0.841359 0.498039 -0.209932 0.883089 -0.228287 -0.409926 0.548108 0.220922 -0.806704 0.635249 -0.494257 -0.593438 0.0761997 -0.316049 -0.945678 0.372998 -0.802315 -0.466007 -0.304353 -0.781594 -0.5445 0.276313 -0.955958 -0.0989675 -0.347022 -0.924531 0.157538 -0.451799 0.570329 0.686005 -0.217298 0.887055 0.407326 -0.197009 0.977952 -0.0692629 -0.376522 0.794248 -0.476865 -0.685701 0.433386 -0.5848 -0.946779 0.120024 -0.298671 -0.983258 0.00732477 0.182074 -0.784957 0.215769 0.580763 0.500718 0.426116 0.753463 0.685608 0.724514 0.0708596 0.477009 0.593609 -0.648144 0.0375416 0.0716392 -0.996724 -0.436493 -0.486358 -0.756921 -0.626138 -0.775543 -0.0805264 -0.429244 -0.633023 0.64423 0.0267624 -0.124344 0.991878 0.552201 0.510526 0.659118 0.687142 0.722767 0.073784 0.663091 0.721208 -0.200422 0.493304 0.57387 -0.6537 0.34797 0.43235 -0.831859 0.0231283 0.0855151 -0.996068 -0.156984 -0.120133 -0.980267 -0.446834 -0.474046 -0.758696 -0.555762 -0.621994 -0.55159 -0.638505 -0.765978 -0.0747601 -0.612583 -0.765779 0.195769 -0.443153 -0.620759 0.646741 -0.297042 -0.475679 0.827947 0.117424 -0.0212342 0.992855 0.119517 -0.0232241 0.992561 -0.817898 0.531112 0.221276 -0.868604 0.488629 0.0822702 -0.750648 0.657225 0.0677004 -0.841757 0.535403 -0.0691991 -0.751228 0.645187 -0.139245 -0.652056 0.752905 -0.0891975 -0.601006 0.797493 0.0528804 -0.626337 0.752921 0.202019 0.751696 -0.655964 -0.0682944 -0.718025 0.641839 0.269226 0.551548 0.512357 0.658244 0.501293 -0.840885 0.204006 0.0534163 -0.695223 0.716807 0.684138 -0.638539 0.352454 0.48836 -0.193719 0.850869 0.878873 -0.410134 0.243666 0.855049 0.245381 0.456815 0.958481 -0.282611 -0.0380133 0.908225 0.363561 -0.207245 0.878704 -0.349125 -0.325562 0.623336 0.119017 -0.772844 0.67911 -0.560444 -0.474039 0.183515 -0.39107 -0.901879 0.506136 -0.779459 -0.369149 -0.17199 -0.830598 -0.529647 0.430739 -0.897526 -0.094396 -0.234766 -0.960504 0.149388 0.528025 0.474784 0.704109 0.69767 0.712811 -0.0718065 0.431635 0.502717 -0.748977 -0.0565533 -0.0301174 -0.997945 -0.495883 -0.558173 -0.665239 -0.631075 -0.773589 0.0574797 -0.365856 -0.555787 0.746492 0.0796676 -0.0888342 0.992855 0.690276 0.719493 0.0764746 0.491417 0.569688 -0.65876 0.0292754 0.0772451 -0.996582 -0.436802 -0.482466 -0.75923 -0.627454 -0.774613 -0.079228 -0.433647 -0.627724 0.646461 0.124218 -0.0266073 0.991898 0.752215 -0.655038 -0.0713961 0.555071 0.501545 0.663588 0.11406 -0.881032 0.4591 -0.0219389 -0.666075 0.745562 0.518767 -0.537413 0.664882 0.465047 -0.174455 0.867927 0.856264 -0.130707 0.499728 0.810935 0.319993 0.489886 0.983779 0.17864 0.0163091 0.856002 0.474711 -0.204721 0.832196 0.0588336 -0.551352 0.573175 0.178339 -0.799791 0.508373 -0.358339 -0.783039 0.103674 -0.342578 -0.933752 0.102167 -0.77599 -0.622416 -0.289313 -0.788556 -0.542658 -0.0413556 -0.993186 -0.108955 -0.317827 -0.934828 0.158377 0.482366 0.433506 0.761181 0.692873 0.717124 0.0752356 0.49551 0.572661 -0.653092 0.0103707 0.0775954 -0.996931 -0.447603 -0.470133 -0.760675 -0.627799 -0.773656 -0.0855861 -0.427217 -0.622854 0.655392 0.0240687 -0.119825 0.992503 0.540213 0.519508 0.662028 0.672329 0.735917 0.0799978 0.648978 0.73798 -0.184966 0.480162 0.591354 -0.647878 0.328561 0.435535 -0.838067 0.00533821 0.0813123 -0.996674 -0.168947 -0.121782 -0.978073 -0.451332 -0.469389 -0.758929 -0.557899 -0.609945 -0.562776 -0.646282 -0.75765 -0.0910325 -0.622743 -0.759245 0.189046 -0.44844 -0.609956 0.653342 -0.29925 -0.460442 0.835729 0.10767 -0.0119983 0.994114 0.109356 -0.00954211 0.993957 0.75192 -0.655908 -0.0663458 0.745727 -0.663107 -0.0646588 0.752189 -0.655843 -0.0638873 0.745281 -0.663968 -0.0608509 0.742651 -0.666825 -0.0617593 0.758381 -0.648508 -0.0655507 0.759561 -0.647475 -0.0620008 0.761764 -0.644729 -0.0635604 0.751895 -0.655936 -0.0663437 0.543313 0.520759 0.658499 -0.869626 0.399935 -0.289488 -0.900629 0.4319 -0.0482743 -0.928806 0.257956 -0.266041 -0.975206 0.195237 0.10419 -0.962895 -0.227219 -0.14562 -0.952114 -0.271084 0.141393 -0.727019 -0.659129 0.192334 -0.769193 -0.406506 0.493047 -0.448745 -0.676306 0.584155 -0.236186 -0.391517 0.889343 -0.0401166 -0.622794 0.781357 0.201829 -0.429671 0.880141 0.550704 -0.769603 0.323164 0.564916 -0.821267 0.079934 0.40865 -0.857229 0.313312 0.323679 -0.945127 -0.0443504 -0.0795737 -0.963704 0.254839 -0.152547 -0.987261 -0.0452157 -0.560518 -0.824747 -0.0749158 -0.332599 -0.854213 -0.399623 -0.638289 -0.595672 -0.487609 -0.422358 -0.368738 -0.828037 -0.668329 -0.194831 -0.717898 -0.524605 0.0601914 -0.849215 -0.991476 -0.0901342 0.0940817 -0.991476 -0.0901342 0.0940817 -0.0859231 0.996268 0.00815328 -0.0859231 0.996269 0.00815328 0.994597 0.0432433 -0.0943778 0.993771 0.064788 -0.0906764 0.992469 0.0863017 -0.0869316 0.0450493 -0.998977 -0.00394593 0.0440657 -0.999021 -0.004017 0.043082 -0.999063 -0.00408808 -0.18039 -0.109725 0.977456 -0.724413 0.0204019 0.689064 -0.69201 0.316488 0.648812 -0.160911 -0.281939 -0.945842 0.0573609 -0.771536 -0.633594 0.354849 -0.698539 -0.62139 -0.0863033 -0.00750464 -0.996241 -0.086128 -0.00765926 -0.996255 -0.0859526 -0.00781387 -0.996269 0.0859526 0.00781387 0.996269 0.0881556 0.00587126 0.99609 0.0903579 0.00392861 0.995902 -0.351988 -0.779214 0.518584 -0.750806 -0.505148 -0.425576 -0.101478 -0.918964 -0.38106 -0.248788 -0.968238 0.0248788 0.447208 -0.86682 0.220517 0.957588 0.0195488 0.287478 0.463925 -0.10156 0.880034 0.761599 -0.484091 -0.43084 0.76994 0.550952 -0.321938 0.277095 -0.097534 -0.95588 0.456861 0.821241 0.341819 0.278527 0.960024 -0.0278527 0.000649625 0.869571 -0.493808 0.266482 0.963412 -0.0287307 -0.690312 0.670994 -0.270624 0.249756 0.967805 -0.0312195 -0.845076 0.236118 0.479682 -0.849332 0.237249 0.471538 -0.28664 0.0995795 0.952849 -0.310537 0.105605 0.944677 -0.25224 -0.967439 0.0209268 -0.446024 0.0968181 -0.889769 -0.245187 -0.969175 0.0241669 -0.248935 -0.968258 0.022522 -0.23109 -0.972503 0.0288862 -0.92507 0.238732 -0.295385 0.145699 -0.967608 0.206171 0.149345 -0.967227 0.20535 -0.273094 -0.917563 0.288959 -0.0316798 -0.865491 -0.499922 -0.754882 -0.482793 -0.443919 -0.235415 0.0189284 -0.971711 -0.669371 0.546358 -0.503423 0.0730424 0.827194 -0.557148 -0.163286 0.960066 -0.22718 -0.168713 0.957307 -0.234731 -0.966401 -0.0964498 0.238257 -0.533504 0.100876 0.83976 -0.535635 0.100682 0.838426 0.211868 0.239559 0.947482 0.212286 0.240074 0.947259 0.832108 0.237946 0.500976 0.139721 -0.973389 0.181637 0.142568 -0.970359 0.195137 0.144188 -0.969004 0.2006 -0.158155 0.961996 -0.222598 -0.14918 0.96595 -0.21139 -0.144298 0.967334 -0.208431 0.825581 0.238926 0.511205 0.968537 0.100195 -0.227808 0.968547 0.100205 -0.227764 0.533454 -0.100408 -0.839848 0.10449 -0.969133 -0.223301 0.107258 -0.968957 -0.222753 0.106621 -0.969833 -0.219214 0.111726 -0.968291 -0.223452 0.0248869 0.238419 -0.970843 0.734903 0.236046 -0.635767 0.589354 0.665615 -0.457841 0.993972 0.0996577 0.0456985 0.993935 0.0987319 0.0484299 0.679749 -0.100497 0.726527 -0.116166 0.958429 0.260612 -0.118275 0.960874 0.250464 -0.117796 0.959425 0.25618 -0.111903 0.964706 0.238368 -0.110749 0.965098 0.237319 -0.039938 -0.240147 0.969915 -0.719516 -0.238601 0.652201 -0.0349006 -0.239758 0.970205 -0.719516 -0.238601 0.652201 0.107298 -0.967014 -0.231023 0.108619 -0.966009 -0.234582 0.108538 -0.966502 -0.232581 0.106064 -0.967192 -0.230845 -0.993925 -0.0993079 -0.047449 -0.680369 0.0999324 -0.726024 -0.607744 0.683219 -0.404795 -0.0318221 0.6677 -0.74375 0.681625 -0.0996295 0.724887 -0.994172 -0.102385 -0.0337494 0.338796 0.424793 0.839505 0.536475 -0.0814786 0.839974 -1.82528e-005 0.000527781 1 0.197254 -0.505729 0.839839 -0.339704 -0.422719 0.840185 -0.449323 -0.735633 0.506906 -0.861668 0.0220822 0.506991 -1 0.000597971 -0.000624694 -0.499628 0.86624 -0.000509164 -0.448663 0.735759 -0.507306 0.411726 0.75681 -0.507661 0.196909 0.506337 -0.839553 0.536187 0.082698 -0.840038 -1.82476e-005 0.000527774 -1 0.33914 -0.423846 -0.839844 -0.197825 -0.505157 -0.840049 0.448855 -0.735631 -0.507323 -0.413558 -0.756012 -0.507362 0.500332 -0.865833 -0.00106847 -0.500126 -0.865953 -0.000711223 0.412427 -0.75668 0.507287 0.861907 -0.0198674 0.506678 1 0.00064379 -0.000571896 0.861608 0.0211487 -0.507133 0.448524 0.736223 0.506757 0.499755 0.866167 -0.000107064 -0.861402 -0.020752 -0.5075 -0.339361 0.423663 -0.839847 -0.413096 0.75666 0.506772 -0.536678 0.0824317 0.839751 -0.536964 -0.0812187 -0.839686 -0.197481 0.505764 0.839765</float_array>
                    <technique_common>
                        <accessor count="453" source="#ID62" stride="3">
                            <param name="X" type="float"/>
                            <param name="Y" type="float"/>
                            <param name="Z" type="float"/>
                        </accessor>
                    </technique_common>
                </source>
                <source id="ID63">
                    <float_array id="ID64" count="466">0.998047 0.756836 0.861328 0.87793 0.998047 0.87793 0.861328 0.981445 0.998047 0.981445 0.861328 0.756836 0.861328 0.635742 0.998047 0.635742 0.861328 0.532227 0.998047 0.532227 0.196289 0.0126953 0.196289 0.0712891 0.216797 0.0126953 0.216797 0.0712891 0.333984 0.0126953 0.333984 0.0712891 0.412109 0.0507813 0.412109 0.0908203 0.490234 0.129883 0.412109 0.129883 0.412109 0.169922 0.333984 0.188477 0.333984 0.24707 0.216797 0.24707 0.412109 0.0527344 0.412109 0.0917969 0.412109 0.168945 0.196289 0.129883 0.216797 0.129883 0.333984 0.129883 0.03125 0.806641 0.120117 0.748047 0.03125 0.748047 0.120117 0.689453 0.03125 0.689453 0.120117 0.630859 0.03125 0.630859 0.216797 0.188477 0.196289 0.24707 0.03125 0.866211 0.00683594 0.748047 0.196289 0.188477 0.143555 0.748047 0.120117 0.806641 0.969727 0.770508 0.969727 0.789063 0.908203 0.75 0.969727 0.75 0.120117 0.866211 0.226563 0.689453 0.226563 0.748047 0.25 0.748047 0.226563 0.806641 0.226563 0.866211 0.137695 0.866211 0.137695 0.806641 0.113281 0.748047 0.137695 0.748047 0.137695 0.689453 0.969727 0.728516 0.969727 0.710938 0.412109 0.208984 0.412109 0.208008 0.163086 0.24707 0.163086 0.188477 0.12207 0.24707 0.12207 0.188477 0.12207 0.0126953 0.12207 0.0712891 0.163086 0.0126953 0.163086 0.0712891 0.12207 0.129883 0.163086 0.129883 0.226563 0.630859 0.137695 0.630859 0.854492 0.756836 0.854492 0.883789 0.0644531 0.883789 0.854492 0.987305 0.0644531 0.986328 0.0644531 0.756836 0.854492 0.628906 0.0644531 0.629883 0.854492 0.525391 0.0644531 0.526367 0.00195313 0.875 0.0224609 0.991211 0.00195313 0.991211 0.0224609 0.875 0.0224609 0.753906 0.00195313 0.753906 0.0224609 0.634766 0.00195313 0.634766 0.0224609 0.510742 0.00195313 0.510742 0.0400391 0.991211 0.0400391 0.875 0.0400391 0.753906 0.0400391 0.634766 0.0400391 0.510742 0.0615234 0.753906 0.0615234 0.875 0.0615234 0.991211 0.0615234 0.634766 0.0615234 0.510742 0.996094 0.874023 0.861328 0.991211 0.996094 0.991211 0.861328 0.875 0.861328 0.753906 0.996094 0.753906 0.861328 0.634766 0.996094 0.635742 0.861328 0.510742 0.996094 0.510742 0.890625 0.118164 0.761719 0.0644531 0.761719 0.24707 0.631836 0.118164 0.578125 0.24707 0.631836 0.375977 0.761719 0.429688 0.890625 0.375977 0.944336 0.24707 0.00195313 0.649414 0.0292969 0.649414 0.00195313 0.756836 0.0292969 0.756836 0.00195313 0.860352 0.0292969 0.860352 0.00195313 0.964844 0.0292969 0.964844 0.00195313 0.538086 0.0292969 0.538086 0.0625 0.860352 0.0625 0.964844 0.0625 0.756836 0.0625 0.649414 0.0625 0.538086 0.852539 0.964844 0.852539 0.860352 0.852539 0.756836 0.852539 0.649414 0.852539 0.538086 0.99707 0.621094 0.985352 0.621094 0.99707 0.75 0.985352 0.75 0.99707 0.87793 0.985352 0.87793 0.99707 0.983398 0.985352 0.983398 0.99707 0.518555 0.985352 0.518555 0.860352 0.87793 0.860352 0.983398 0.860352 0.75 0.860352 0.621094 0.860352 0.518555 0.0693359 0.869141 0.856445 0.966797 0.0693359 0.966797 0.856445 0.869141 0.856445 0.75 0.0693359 0.75 0.856445 0.630859 0.0693359 0.630859 0.856445 0.533203 0.0693359 0.533203 0.529297 0.24707 0.604492 0.417969 0.761719 0.473633 0.914063 0.417969 0.604492 0.0761719 0.761719 0.0205078 0.914063 0.0761719 0.994141 0.24707 0.00195313 0.578125 0.00195313 0.705078 0.0166016 0.578125 0.0166016 0.705078 0.03125 0.578125 0.03125 0.705078 0.0449219 0.578125 0.0449219 0.705078 0.0595703 0.578125 0.0595703 0.705078 0.918945 0.423828 0.996094 0.498047 0.996094 0.347656 0.0371094 0.799805 0.0371094 0.755859 0.854492 0.755859 0.854492 0.799805 0.854492 0.857422 0.854492 0.901367 0.0371094 0.901367 0.0371094 0.857422 0.0371094 0.750977 0.0371094 0.780273 0.0371094 0.90625 0.0371094 0.839844 0.0371094 0.889648 0.854492 0.839844 0.854492 0.889648 0.854492 0.780273 0.854492 0.90625 0.854492 0.876953 0.0371094 0.876953 0.854492 0.817383 0.0371094 0.817383 0.0371094 0.767578 0.854492 0.750977 0.854492 0.767578 -0.165039 0.209961 -0.238281 0.167969 -0.238281 0.250977 -0.310547 0.209961 -0.310547 0.292969 -0.363281 0.323242 -0.238281 0.394531 -0.238281 0.416992 -0.0927734 0.333984 -0.112305 0.323242 -0.112305 0.179688 -0.363281 0.179688 -0.382813 0.167969 -0.382813 0.333984 -0.238281 0.107422 -0.238281 0.0849609 -0.0927734 0.167969 -0.165039 0.292969 -0.238281 0.333984</float_array>
                    <technique_common>
                        <accessor count="233" source="#ID64" stride="2">
                            <param name="S" type="float"/>
                            <param name="T" type="float"/>
                        </accessor>
                    </technique_common>
                </source>
                <vertices id="ID65">
                    <input semantic="POSITION" source="#ID59"/>
                </vertices>
                <triangles count="588" material="Material1">
                    <input offset="0" semantic="VERTEX" source="#ID65"/>
                    <input offset="1" semantic="NORMAL" source="#ID61"/>
                    <input offset="2" semantic="TEXCOORD" source="#ID63" set="0"/>
                    <p>94 2 2 125 1 1 117 0 0 125 1 1 94 2 2 122 3 3 97 4 4 122 3 3 94 2 2 122 3 3 97 4 4 128 5 1 102 6 2 128 5 1 97 4 4 128 5 1 102 6 2 131 7 5 105 8 0 131 7 5 102 6 2 131 7 5 105 8 0 134 9 6 108 10 7 134 9 6 105 8 0 134 9 6 108 10 7 137 11 8 111 12 9 137 11 8 108 10 7 137 11 8 111 12 9 140 13 6 114 14 7 140 13 6 111 12 9 140 13 6 114 14 7 143 15 5 117 0 0 143 15 5 114 14 7 143 15 5 117 0 0 125 1 1 181 18 12 260 17 11 257 16 10 260 17 11 181 18 12 184 19 13 145 20 14 184 19 13 181 18 12 184 19 13 145 20 14 148 21 15 152 22 16 148 21 15 145 20 14 148 21 15 152 22 16 150 23 17 219 24 18 150 23 17 152 22 16 150 23 17 219 24 18 157 25 19 161 26 20 157 25 19 219 24 18 157 25 19 161 26 20 159 27 21 164 28 22 159 27 21 161 26 20 159 27 21 164 28 22 191 29 23 190 32 12 269 31 11 266 30 10 269 31 11 190 32 12 193 33 13 163 34 14 193 33 13 190 32 12 193 33 13 163 34 14 169 35 15 167 36 24 169 35 15 163 34 14 169 35 15 167 36 24 171 37 25 219 38 18 171 37 25 167 36 24 171 37 25 219 38 18 175 39 19 179 40 26 175 39 19 219 38 18 175 39 19 179 40 26 177 41 21 146 42 22 177 41 21 179 40 26 177 41 21 146 42 22 182 43 23 184 19 13 262 44 27 260 17 11 262 44 27 184 19 13 186 45 28 148 21 15 186 45 28 184 19 13 186 45 28 148 21 15 155 46 29 150 23 17 155 46 29 148 21 15 155 46 29 150 23 17 157 25 19 193 33 13 271 47 27 269 31 11 271 47 27 193 33 13 195 48 28 169 35 15 195 48 28 193 33 13 195 48 28 169 35 15 173 49 29 171 37 25 173 49 29 169 35 15 173 49 29 171 37 25 175 39 19 215 52 32 282 51 31 217 50 30 282 51 31 215 52 32 273 53 33 213 54 34 273 53 33 215 52 32 273 53 33 213 54 34 274 55 35 210 55 36 274 55 35 213 54 34 159 27 21 155 46 29 157 25 19 155 46 29 159 27 21 188 56 37 191 29 23 188 56 37 159 27 21 188 56 37 191 29 23 267 57 38 177 41 21 173 49 29 175 39 19 173 49 29 177 41 21 197 58 37 182 43 23 197 58 37 177 41 21 197 58 37 182 43 23 258 59 38 199 60 40 208 60 30 211 60 39 208 60 30 199 60 40 206 60 32 201 60 34 206 60 32 199 60 40 272 61 41 197 58 37 258 59 38 197 58 37 272 61 41 195 48 28 271 47 27 195 48 28 272 61 41 283 62 42 278 62 33 279 62 35 278 62 33 283 62 42 277 62 31 276 62 43 277 62 31 283 62 42 99 62 46 96 62 45 93 62 44 96 62 45 99 62 46 101 62 44 104 62 47 101 62 44 99 62 46 217 50 30 280 64 48 204 63 39 280 64 48 217 50 30 281 50 43 282 51 31 281 50 43 217 50 30 91 67 51 87 66 50 89 65 49 87 66 50 91 67 51 85 68 52 83 69 53 85 68 52 91 67 51 188 56 37 186 45 28 155 46 29 186 45 28 188 56 37 264 70 41 267 57 38 264 70 41 188 56 37 66 73 56 78 72 55 72 71 54 78 72 55 66 73 56 74 74 57 76 75 58 74 74 57 66 73 56 119 60 46 142 60 47 124 60 44 142 60 47 119 60 46 139 60 59 136 60 60 139 60 59 119 60 46 119 60 46 133 60 59 136 60 60 133 60 59 119 60 46 130 60 47 127 60 44 130 60 47 119 60 46 217 60 30 199 60 40 215 60 32 199 60 40 217 60 30 204 60 39 281 62 43 283 62 42 280 62 48 283 62 42 281 62 43 282 62 31 279 76 35 201 77 34 203 76 36 201 77 34 279 76 35 278 78 33 278 78 33 206 79 32 201 77 34 206 79 32 278 78 33 277 80 31 277 80 31 208 81 30 206 79 32 208 81 30 277 80 31 276 82 43 211 84 39 276 82 43 275 83 48 276 82 43 211 84 39 208 81 30 166 85 61 161 26 20 219 24 18 161 26 20 166 85 61 164 28 22 153 86 62 179 40 26 219 38 18 179 40 26 153 86 62 146 42 22 252 87 65 225 88 64 255 87 63 225 88 64 252 87 65 223 89 66 254 90 69 247 91 68 251 90 67 247 91 68 254 90 69 249 92 70 249 92 70 243 93 71 247 91 68 243 93 71 249 92 70 245 94 72 245 94 72 239 95 66 243 93 71 239 95 66 245 94 72 241 96 64 89 99 49 74 98 57 76 97 58 74 98 57 89 99 49 87 100 50 87 100 50 78 101 55 74 98 57 78 101 55 87 100 50 85 102 52 78 101 55 83 104 53 72 103 54 83 104 53 78 101 55 85 102 52 234 105 65 241 96 64 237 105 63 241 96 64 234 105 65 239 95 66 236 106 69 229 107 68 233 106 67 229 107 68 236 106 69 231 108 70 231 108 70 221 109 71 229 107 68 221 109 71 231 108 70 227 110 72 223 89 66 227 110 72 225 88 64 227 110 72 223 89 66 221 109 71 68 111 58 82 111 73 80 111 49 82 111 73 68 111 58 71 111 74 110 62 60 99 62 46 113 62 59 99 62 46 110 62 60 107 62 59 273 62 33 283 62 42 282 62 31 283 62 42 273 62 33 274 62 35 213 60 34 199 60 40 210 60 36 199 60 40 213 60 34 215 60 32 119 60 46 121 60 45 127 60 44 121 60 45 119 60 46 124 60 44 116 62 47 99 62 46 93 62 44 99 62 46 116 62 47 113 62 59 203 60 36 201 60 34 199 60 40 173 49 29 197 58 37 195 48 28 99 62 46 107 62 59 104 62 47 71 112 74 68 112 58 66 112 56 91 113 51 80 113 49 82 113 73 186 45 28 264 70 41 262 44 27 283 62 42 275 62 48 276 62 43 285 116 77 369 115 76 367 114 75 369 115 76 285 116 77 381 117 78 287 118 79 381 117 78 285 116 77 381 117 78 287 118 79 379 119 76 291 120 77 379 119 76 287 118 79 379 119 76 291 120 77 377 121 75 294 122 80 377 121 75 291 120 77 377 121 75 294 122 80 375 123 81 297 124 82 375 123 81 294 122 80 375 123 81 297 124 82 373 125 83 300 126 84 373 125 83 297 124 82 373 125 83 300 126 84 371 127 81 303 128 82 371 127 81 300 126 84 371 127 81 303 128 82 367 114 75 306 129 80 367 114 75 303 128 82 367 114 75 306 129 80 285 116 77 342 132 87 358 131 86 356 130 85 358 131 86 342 132 87 359 133 88 344 134 85 359 133 88 342 132 87 359 133 88 344 134 85 360 135 89 346 136 90 360 135 89 344 134 85 360 135 89 346 136 90 361 137 91 348 138 92 361 137 91 346 136 90 361 137 91 348 138 92 362 139 93 350 140 94 362 139 93 348 138 92 362 139 93 350 140 94 363 141 91 352 142 92 363 141 91 350 140 94 363 141 91 352 142 92 364 143 89 354 144 90 364 143 89 352 142 92 364 143 89 354 144 90 365 145 88 356 130 85 365 145 88 354 144 90 365 145 88 356 130 85 358 131 86 358 131 86 318 146 95 365 145 88 318 146 95 358 131 86 317 147 96 359 133 88 317 147 96 358 131 86 317 147 96 359 133 88 338 148 97 360 135 89 338 148 97 359 133 88 338 148 97 360 135 89 335 149 98 361 137 91 335 149 98 360 135 89 335 149 98 361 137 91 332 150 99 362 139 93 332 150 99 361 137 91 332 150 99 362 139 93 329 151 98 363 141 91 329 151 98 362 139 93 329 151 98 363 141 91 326 152 97 364 143 89 326 152 97 363 141 91 326 152 97 364 143 89 323 153 96 365 145 88 323 153 96 364 143 89 323 153 96 365 145 88 318 146 95 316 156 90 304 155 91 315 154 92 304 155 91 316 156 90 307 157 89 309 158 85 307 157 89 316 156 90 307 157 89 309 158 85 289 159 88 310 160 87 289 159 88 309 158 85 289 159 88 310 160 87 288 161 86 311 162 85 288 161 86 310 160 87 288 161 86 311 162 85 292 163 88 312 164 90 292 163 88 311 162 85 292 163 88 312 164 90 295 165 89 313 166 92 295 165 89 312 164 90 295 165 89 313 166 92 298 167 91 314 168 94 298 167 91 313 166 92 298 167 91 314 168 94 301 169 93 315 154 92 301 169 93 314 168 94 301 169 93 315 154 92 304 155 91 321 171 101 317 147 96 339 170 100 317 147 96 321 171 101 318 146 95 319 172 102 318 146 95 321 171 101 318 146 95 319 172 102 323 153 96 324 173 101 323 153 96 319 172 102 323 153 96 324 173 101 326 152 97 327 174 100 326 152 97 324 173 101 326 152 97 327 174 100 329 151 98 330 175 103 329 151 98 327 174 100 329 151 98 330 175 103 332 150 99 333 176 104 332 150 99 330 175 103 332 150 99 333 176 104 335 149 98 336 177 103 335 149 98 333 176 104 335 149 98 336 177 103 338 148 97 339 170 100 338 148 97 336 177 103 338 148 97 339 170 100 317 147 96 289 159 88 284 178 101 307 157 89 284 178 101 289 159 88 286 179 102 288 161 86 286 179 102 289 159 88 286 179 102 288 161 86 290 180 101 292 163 88 290 180 101 288 161 86 290 180 101 292 163 88 293 181 100 295 165 89 293 181 100 292 163 88 293 181 100 295 165 89 296 182 103 298 167 91 296 182 103 295 165 89 296 182 103 298 167 91 299 183 104 301 169 93 299 183 104 298 167 91 299 183 104 301 169 93 302 184 103 304 155 91 302 184 103 301 169 93 302 184 103 304 155 91 305 185 100 307 157 89 305 185 100 304 155 91 305 185 100 307 157 89 284 178 101 380 188 107 320 187 106 368 186 105 320 187 106 380 188 107 325 189 108 378 190 105 325 189 108 380 188 107 325 189 108 378 190 105 328 191 109 376 192 110 328 191 109 378 190 105 328 191 109 376 192 110 331 193 111 374 194 112 331 193 111 376 192 110 331 193 111 374 194 112 334 195 113 372 196 114 334 195 113 374 194 112 334 195 113 372 196 114 337 197 111 370 198 112 337 197 111 372 196 114 337 197 111 370 198 112 340 199 109 366 200 110 340 199 109 370 198 112 340 199 109 366 200 110 368 186 105 341 203 117 351 202 116 349 201 115 351 202 116 341 203 117 353 204 118 355 205 119 353 204 118 341 203 117 341 203 117 357 206 120 355 205 119 357 206 120 341 203 117 343 207 121 345 208 122 343 207 121 341 203 117 308 209 90 311 162 85 310 160 87 311 162 85 308 209 90 312 164 90 313 166 92 312 164 90 308 209 90 308 209 90 314 168 94 313 166 92 314 168 94 308 209 90 315 154 92 316 156 90 315 154 92 308 209 90 347 210 123 341 203 117 349 201 115 341 203 117 347 210 123 345 208 122 308 209 90 309 158 85 316 156 90 309 158 85 308 209 90 310 160 87 322 211 108 368 186 105 320 187 106 368 186 105 322 211 108 340 199 109 406 214 126 395 213 125 405 212 124 395 213 125 406 214 126 397 215 127 399 216 128 397 215 127 406 214 126 397 215 127 399 216 128 385 217 129 400 218 130 385 217 129 399 216 128 385 217 129 400 218 130 384 219 131 401 220 128 384 219 131 400 218 130 384 219 131 401 220 128 387 221 129 402 222 126 387 221 129 401 220 128 387 221 129 402 222 126 389 223 127 403 224 124 389 223 127 402 222 126 389 223 127 403 224 124 391 225 125 404 226 132 391 225 125 403 224 124 391 225 125 404 226 132 393 227 133 405 212 124 393 227 133 404 226 132 393 227 133 405 212 124 395 213 125 385 217 129 382 228 134 397 215 127 382 228 134 385 217 129 383 229 135 384 219 131 383 229 135 385 217 129 383 229 135 384 219 131 386 230 134 387 221 129 386 230 134 384 219 131 386 230 134 387 221 129 388 231 136 389 223 127 388 231 136 387 221 129 388 231 136 389 223 127 390 232 137 391 225 125 390 232 137 389 223 127 390 232 137 391 225 125 392 233 138 393 227 133 392 233 138 391 225 125 392 233 138 393 227 133 394 234 137 395 213 125 394 234 137 393 227 133 394 234 137 395 213 125 396 235 136 397 215 127 396 235 136 395 213 125 396 235 136 397 215 127 382 228 134 383 229 135 414 236 139 382 228 134 414 236 139 383 229 135 413 237 140 386 230 134 413 237 140 383 229 135 413 237 140 386 230 134 412 238 141 388 231 136 412 238 141 386 230 134 412 238 141 388 231 136 411 239 142 390 232 137 411 239 142 388 231 136 411 239 142 390 232 137 410 240 143 392 233 138 410 240 143 390 232 137 410 240 143 392 233 138 409 241 142 394 234 137 409 241 142 392 233 138 409 241 142 394 234 137 407 242 141 396 235 136 407 242 141 394 234 137 407 242 141 396 235 136 382 228 134 398 243 126 399 216 128 406 214 126 399 216 128 398 243 126 400 218 130 401 220 128 400 218 130 398 243 126 405 212 124 398 243 126 406 214 126 398 243 126 405 212 124 404 226 132 403 224 124 398 243 126 404 226 132 398 243 126 403 224 124 402 222 126 408 244 140 382 228 134 414 236 139 382 228 134 408 244 140 407 242 141 402 222 126 401 220 128 398 243 126 15 247 146 435 246 145 13 245 144 435 246 145 15 247 146 438 248 147 1 249 148 438 248 147 15 247 146 438 248 147 1 249 148 420 250 149 3 251 150 420 250 149 1 249 148 420 250 149 3 251 150 419 252 151 5 253 148 419 252 151 3 251 150 419 252 151 5 253 148 423 254 149 7 255 146 423 254 149 5 253 148 423 254 149 7 255 146 426 256 147 9 257 144 426 256 147 7 255 146 426 256 147 9 257 144 429 258 145 11 259 152 429 258 145 9 257 144 429 258 145 11 259 152 432 260 153 13 245 144 432 260 153 11 259 152 432 260 153 13 245 144 435 246 145 420 250 149 415 261 154 438 248 147 415 261 154 420 250 149 417 262 155 419 252 151 417 262 155 420 250 149 417 262 155 419 252 151 421 263 154 423 254 149 421 263 154 419 252 151 421 263 154 423 254 149 424 264 156 426 256 147 424 264 156 423 254 149 424 264 156 426 256 147 427 265 157 429 258 145 427 265 157 426 256 147 427 265 157 429 258 145 430 266 158 432 260 153 430 266 158 429 258 145 430 266 158 432 260 153 433 267 157 435 246 145 433 267 157 432 260 153 433 267 157 435 246 145 436 268 156 438 248 147 436 268 156 435 246 145 436 268 156 438 248 147 415 261 154 418 271 161 23 270 160 416 269 159 23 270 160 418 271 161 22 272 162 422 273 159 22 272 162 418 271 161 22 272 162 422 273 159 21 274 163 425 275 164 21 274 163 422 273 159 21 274 163 425 275 164 20 276 165 428 277 166 20 276 165 425 275 164 20 276 165 428 277 166 19 278 167 431 279 168 19 278 167 428 277 166 19 278 167 431 279 168 18 280 165 434 281 166 18 280 165 431 279 168 18 280 165 434 281 166 16 282 163 437 283 164 16 282 163 434 281 166 16 282 163 437 283 164 416 269 159 439 286 117 0 285 170 14 284 169 0 285 170 439 286 117 2 287 171 4 288 172 2 287 171 439 286 117 12 289 173 439 286 117 14 284 169 439 286 117 12 289 173 10 290 174 8 291 175 439 286 117 10 290 174 439 286 117 8 291 175 6 292 176 17 293 162 416 269 159 23 270 160 416 269 159 17 293 162 16 282 163 6 292 176 4 288 172 439 286 117 52 296 14 73 295 13 69 294 12 73 295 13 52 296 14 56 297 15 55 298 24 56 297 15 52 296 14 56 297 15 55 298 24 57 299 25 79 300 18 57 299 25 55 298 24 57 299 25 79 300 18 59 301 19 61 302 26 59 301 19 79 300 18 59 301 19 61 302 26 60 303 21 43 304 22 60 303 21 61 302 26 60 303 21 43 304 22 63 305 23 42 308 14 64 307 13 62 306 12 64 307 13 42 308 14 44 309 15 46 310 16 44 309 15 42 308 14 44 309 15 46 310 16 45 311 17 79 312 18 45 311 17 46 310 16 45 311 17 79 312 18 49 313 19 51 314 20 49 313 19 79 312 18 49 313 19 51 314 20 50 315 21 53 316 22 50 315 21 51 314 20 50 315 21 53 316 22 70 317 23 28 319 179 37 319 178 40 318 177 37 319 178 28 319 179 30 318 180 26 321 181 30 321 180 28 320 179 30 321 180 26 321 181 24 320 182 34 323 183 24 323 182 26 322 181 24 323 182 34 323 183 32 324 184 39 326 185 32 326 184 34 325 183 32 326 184 39 326 185 36 327 186 77 328 37 60 303 21 63 305 23 60 303 21 77 328 37 58 329 29 75 330 28 58 329 29 77 328 37 58 329 29 75 330 28 56 297 15 73 295 13 56 297 15 75 330 28 67 331 37 50 315 21 70 317 23 50 315 21 67 331 37 48 332 29 65 333 28 48 332 29 67 331 37 48 332 29 65 333 28 44 309 15 64 307 13 44 309 15 65 333 28 58 329 29 59 301 19 60 303 21 59 301 19 58 329 29 57 299 25 56 297 15 57 299 25 58 329 29 48 332 29 49 313 19 50 315 21 49 313 19 48 332 29 45 311 17 44 309 15 45 311 17 48 332 29 38 335 189 25 335 188 33 334 187 25 335 188 38 335 189 31 336 187 41 338 189 27 338 188 29 337 187 27 338 188 41 338 189 35 339 187 47 340 62 61 302 26 79 300 18 61 302 26 47 340 62 43 304 22 54 341 61 51 314 20 79 312 18 51 314 20 54 341 61 53 316 22 118 344 191 98 343 190 86 342 190 98 346 190 118 344 191 120 345 192 115 347 191 120 345 192 118 344 191 120 345 192 115 347 191 112 348 192 88 349 193 112 348 192 115 347 191 112 348 192 88 351 193 95 350 193 81 352 194 95 350 193 88 351 193 95 350 193 81 352 194 92 353 194 109 354 195 92 353 194 81 352 194 92 353 194 109 354 195 100 355 195 103 357 196 100 356 195 109 354 195 100 356 195 103 357 196 92 358 194 90 359 197 92 358 194 103 357 196 92 358 194 90 359 197 98 346 190 86 342 190 98 343 190 90 360 197 86 342 190 115 347 191 118 344 191 115 347 191 86 342 190 88 349 193 84 361 197 88 349 193 86 342 190 88 349 193 84 361 197 81 352 194 109 354 195 81 352 194 84 361 197 95 350 193 120 345 192 112 348 192 120 345 192 95 350 193 98 346 190 92 358 194 98 346 190 95 350 193 106 364 196 84 363 197 103 362 196 84 361 197 106 365 196 109 354 195 103 357 196 109 354 195 106 365 196 90 360 197 84 363 197 86 342 190 84 363 197 90 360 197 103 362 196 129 368 200 144 367 199 135 366 198 144 367 199 129 368 200 160 369 201 158 370 202 160 369 201 129 368 200 160 369 201 158 370 202 162 371 203 156 372 204 162 371 203 158 370 202 162 371 203 156 372 204 141 373 205 132 374 206 141 373 205 156 372 204 141 373 205 132 374 206 123 375 207 126 378 208 123 377 207 132 376 206 123 377 207 126 378 208 154 379 209 151 380 210 154 379 209 126 378 208 154 379 209 151 380 210 149 381 211 126 384 208 149 383 211 151 382 210 149 383 211 126 384 208 135 366 198 129 368 200 135 366 198 126 384 208 154 386 209 138 385 212 123 375 207 138 385 212 154 386 209 147 387 213 149 381 211 147 388 213 154 379 209 147 388 213 149 381 211 138 389 212 135 390 198 138 389 212 149 381 211 138 389 212 135 390 198 144 391 199 162 371 203 144 391 199 160 369 201 144 391 199 162 371 203 141 373 205 158 370 202 132 376 206 156 372 204 132 376 206 158 370 202 129 368 200 138 385 212 141 373 205 123 375 207 141 373 205 138 389 212 144 391 199 132 376 206 129 368 200 126 378 208 189 394 210 176 393 198 165 392 208 176 393 198 189 394 210 183 395 211 185 398 213 183 397 211 189 396 210 183 397 211 185 398 213 176 399 198 174 400 212 176 399 198 185 398 213 176 399 198 174 400 212 180 401 205 170 404 206 180 403 205 174 402 212 180 403 205 170 404 206 196 405 203 194 406 204 196 405 203 170 404 206 196 409 203 194 408 204 198 407 201 192 410 202 198 407 201 194 408 204 198 413 201 192 412 202 178 411 199 172 414 200 178 411 199 192 412 202 178 411 199 172 414 200 165 392 208 168 417 207 165 416 208 172 415 200 165 416 208 168 417 207 189 396 210 187 418 209 189 396 210 168 417 207 189 396 210 187 418 209 185 398 213 168 417 207 185 398 213 187 418 209 185 398 213 168 417 207 174 402 212 170 404 206 174 402 212 168 417 207 198 407 201 180 401 205 196 409 203 180 401 205 198 407 201 178 419 199 194 408 204 172 415 200 192 410 202 172 415 200 194 408 204 170 420 206 176 393 198 178 411 199 165 392 208 178 419 199 176 399 198 180 401 205 172 415 200 170 420 206 168 417 207 270 423 216 265 422 215 253 421 214 265 422 215 270 423 216 263 424 217 261 425 218 263 424 217 270 423 216 263 424 217 261 425 218 246 426 219 244 427 220 246 426 219 261 425 218 246 426 219 244 427 220 230 428 221 228 429 222 230 428 221 244 427 220 230 428 221 228 429 222 202 430 223 200 431 224 202 430 223 228 429 222 202 430 223 200 431 224 207 432 214 224 433 215 207 432 214 200 431 224 207 432 214 224 433 215 268 434 216 220 435 217 268 434 216 224 433 215 268 434 216 220 435 217 216 436 218 218 437 225 216 436 218 220 435 217 216 436 218 218 437 225 214 438 219 235 439 226 214 438 219 218 437 225 214 438 219 235 439 226 232 440 227 248 441 225 232 440 227 235 439 226 232 440 227 248 441 225 246 426 219 263 424 217 246 426 219 248 441 225 248 441 225 265 422 215 263 424 217 265 422 215 248 441 225 250 442 228 235 439 226 250 442 228 248 441 225 250 442 228 235 439 226 238 443 229 218 437 225 238 443 229 235 439 226 238 443 229 218 437 225 222 444 228 220 435 217 222 444 228 218 437 225 222 444 228 220 435 217 224 433 215 250 442 228 253 421 214 265 422 215 253 421 214 250 442 228 240 445 224 238 443 229 240 445 224 250 442 228 240 445 224 238 443 229 226 446 230 222 444 228 226 446 230 238 443 229 226 446 230 222 444 228 200 431 224 224 433 215 200 431 224 222 444 228 230 428 221 232 440 227 246 426 219 232 440 227 230 428 221 209 447 220 202 430 223 209 447 220 230 428 221 209 447 220 202 430 223 205 448 231 207 432 214 205 448 231 202 430 223 205 448 231 207 432 214 268 434 216 228 429 222 226 446 230 200 431 224 226 446 230 228 429 222 242 449 223 244 427 220 242 449 223 228 429 222 242 449 223 244 427 220 259 450 232 261 425 218 259 450 232 244 427 220 259 450 232 261 425 218 270 423 216 209 447 220 214 438 219 232 440 227 214 438 219 209 447 220 212 451 232 205 448 231 212 451 232 209 447 220 212 451 232 205 448 231 268 434 216 242 449 223 240 445 224 226 446 230 240 445 224 242 449 223 256 452 231 259 450 232 256 452 231 242 449 223 256 452 231 259 450 232 270 423 216 216 436 218 212 451 232 268 434 216 212 451 232 216 436 218 214 438 219 253 421 214 256 452 231 270 423 216 256 452 231 253 421 214 240 445 224</p>
                </triangles>
            </mesh>
        </geometry>
        <geometry id="ID67">
            <mesh>
                <source id="ID68">
                    <float_array id="ID69" count="2622">-206.75 16.625 825.125 -277.5 539.5 -126.25 -277.5 539.5 -126.25 -3253.13 835 -943.125 -3253.13 835 -943.125 -200.875 16.625 729.125 -200.875 16.625 729.125 -277.5 559.5 -126.25 -277.5 559.5 -126.25 -3253.13 815 -943.125 -3253.13 815 -943.125 -200.875 217 729.125 -200.875 217 729.125 -520 559.5 382.75 -520 559.5 382.75 -276.375 824.625 428.25 -206.75 217 825.125 -520 290.375 382.75 -520 290.375 382.75 -520 290.375 382.75 -242.75 824.625 310.5 -232.625 637.875 1245.38 -232.625 637.875 1245.38 -277.5 290.375 -126.25 -277.5 290.375 -126.25 -215.75 815 323.125 -215.75 815 323.125 -200.875 637.875 729.125 -200.875 637.875 729.125 -277.5 310.375 -126.25 -277.5 310.375 -126.25 -257.875 815 470.625 -257.875 815 470.625 -200.875 818.25 729.125 -200.875 818.25 729.125 -520 310.375 382.75 -520 310.375 382.75 -520 310.375 382.75 1293.13 55.625 -1196.88 -232.625 818.25 1245.38 -232.625 818.25 1245.38 -277.5 739.875 -126.25 -277.5 739.875 -126.25 1377.5 55.625 -1186.13 -232.625 437.5 1245.38 -232.625 437.5 1245.38 -520 739.875 382.75 -520 739.875 382.75 1371.88 55.625 -1181.88 -200.875 437.5 729.125 -200.875 437.5 729.125 -277.5 15 -126.25 -277.5 15 -126.25 1297.5 55.625 -1191.38 -200.875 617.875 729.125 -200.875 617.875 729.125 -520 15 382.75 -520 15 382.75 1378 55.625 -1150.88 1378 55.625 -1150.88 -232.625 617.875 1245.38 -232.625 617.875 1245.38 701.875 744.125 -1177.13 701.875 744.125 -1177.13 1368 55.625 -1152.13 -232.625 237 1245.38 -232.625 237 1245.38 1424.38 744.125 -1084.25 1424.38 744.125 -1084.25 1283.75 55.625 -1162.88 -214.875 237 957.5 1424.38 824.5 -1084.25 1424.38 824.5 -1084.25 1293.63 55.625 -1161.63 -214.875 417.5 957.5 701.875 824.5 -1177.13 701.875 824.5 -1177.13 856.75 55.625 -1253 -232.625 417.5 1245.38 -232.625 417.5 1245.38 701.875 636.625 -1177.13 701.875 636.625 -1177.13 857.25 55.625 -1217.63 -219 16.625 1024.13 1424.38 636.625 -1084.25 1424.38 636.625 -1084.25 847.375 55.625 -1218.88 -209.25 16.625 865.375 1424.38 724.125 -1084.25 1424.38 724.125 -1084.25 851.125 55.625 -1248.63 -209.25 217 865.375 701.875 724.125 -1177.13 701.875 724.125 -1177.13 772.5 55.625 -1263.75 -219 217 1024.13 706.625 724.125 -1216.75 706.625 724.125 -1216.75 776.75 55.625 -1258.13 1429.25 724.125 -1123.88 1429.25 724.125 -1123.88 763.125 55.625 -1229.63 763.125 55.625 -1229.63 1429.25 744.125 -1123.88 1429.25 744.125 -1123.88 773 55.625 -1228.38 706.625 744.125 -1216.75 706.625 744.125 -1216.75 690.25 577.125 -1239.13 1429.25 824.5 -1123.88 1429.25 824.5 -1123.88 772.875 425.875 -1228.25 706.625 824.5 -1216.75 706.625 824.5 -1216.75 1070.5 577.125 -1190.25 1429.25 636.625 -1123.88 1429.25 636.625 -1123.88 690.25 55.625 -1239.13 706.625 636.625 -1216.75 706.625 636.625 -1216.75 1368 425.875 -1152 1450.75 577.125 -1141.25 -232.625 16.625 1245.38 -232.625 16.625 1245.38 1450.75 55 -1141.25 -220.25 16.625 1043.63 -240.875 637.875 726.625 -220.25 217 1043.63 -260.75 626 725.5 -232.625 217 1245.38 -232.625 217 1245.38 -240.875 617.875 726.625 -213.25 237 930 -240.875 437.5 726.625 -200.875 237 729.125 -200.875 237 729.125 -260.75 430.375 725.5 -200.875 417.5 729.125 -200.875 417.5 729.125 -240.875 417.5 726.625 -213.25 417.5 930 -240.875 237 726.625 -272.5 237 1243 -292.5 229 1241.75 -272.5 217 1243 -272.5 437.5 1243 -272.5 617.875 1243 -272.5 617.875 1243 -292.5 430.125 1241.75 -240.875 617.875 726.625 -240.875 617.875 726.625 -272.5 417.5 1243 -240.875 637.875 726.625 -240.875 637.875 726.625 -272.5 617.875 1243 -272.5 637.875 1243 -272.5 637.875 1243 -520 539.5 382.75 -272.5 417.5 1243 -272.5 417.5 1243 -538 302.25 374.125 -240.875 417.5 726.625 -240.875 417.5 726.625 -277.5 539.5 -126.25 -240.875 437.5 726.625 -240.875 437.5 726.625 -277.5 310.375 -126.25 -272.5 437.5 1243 -272.5 437.5 1243 -295.5 549.625 -134.875 -272.5 217 1243 -272.5 217 1243 -277.5 559.5 -126.25 -240.875 217 726.625 -240.875 217 726.625 194.75 637.875 -525.5 -240.875 237 726.625 -240.875 237 726.625 176.625 625.875 -534 -272.5 237 1243 -272.5 237 1243 194.75 617.875 -525.5 -240.875 16.625 726.625 -240.875 16.625 726.625 194.75 437.5 -525.5 -272.5 16.625 1243 -272.5 16.625 1243 176.625 426.75 -534 -240.875 818.25 726.625 -240.875 818.25 726.625 194.75 437.5 -525.5 -272.5 818.25 1243 -272.5 818.25 1243 194.75 416.75 -525.5 5.875 217 -34.375 5.875 217 -34.375 194.75 416.75 -525.5 120.875 217 -276.75 194.75 237 -525.5 84.75 217 -293.875 176.625 227.375 -534 -30.125 217 -51.625 -30.125 217 -51.625 -30.125 16.625 -51.625 -30.125 16.625 -51.625 230.875 217 -508.25 230.875 217 -508.25 -30.125 217 -51.625 230.875 16.625 -508.25 230.875 16.625 -508.25 -48.25 228.875 -60.25 205 16.625 -520.5 205 16.625 -520.5 -48.25 16.625 -60.25 -48.25 16.625 -60.25 194.75 16.625 -525.5 194.75 16.625 -525.5 -30.125 237 -51.625 194.75 217 -525.5 194.75 217 -525.5 -30.125 417.5 -51.625 154.25 16.625 -438 -48.25 427.375 -60.25 153.375 16.625 -438.5 -30.125 437.5 -51.625 5.875 16.625 -34.375 5.875 16.625 -34.375 -30.125 617.875 -51.625 -30.125 16.625 -51.625 -30.125 16.625 -51.625 -3219 825 -953.75 153.375 818.25 -438.5 -3231.5 815 -959.75 189.5 818.25 -421.25 -3167.25 825 -997 230.875 818.25 -508.25 230.875 818.25 -508.25 -2604.75 825 -665.25 194.75 818.25 -525.5 194.75 818.25 -525.5 -2410.75 825 -1081.38 -30.125 818.25 -51.625 -30.125 818.25 -51.625 -2996.38 825 -1290.25 73 818.25 -175.75 -2986.13 825 -1351.63 83.5 818.25 -198 -3064.5 825 -1133.38 5.875 818.25 -34.375 5.875 818.25 -34.375 -148.625 824.625 -18.875 230.875 637.875 -508.25 230.875 637.875 -508.25 -890.125 824.75 -367.125 194.75 637.875 -525.5 194.75 637.875 -525.5 -880.75 815 -387.25 -880.75 815 -387.25 189.5 637.875 -421.25 -3032.88 835 -1404.25 153.375 637.875 -438.5 -3037.88 835 -1377.13 73 637.875 -175.75 -3037.88 825 -1377.13 -30.125 637.875 -51.625 -30.125 637.875 -51.625 -3032.88 815 -1404.25 83.5 637.875 -198 -2997.88 835 -1357.13 5.875 637.875 -34.375 5.875 637.875 -34.375 -2992.63 835 -1385.25 -2992.63 835 -1385.25 5.875 617.875 -34.375 5.875 617.875 -34.375 -2992.88 815 -1384.25 -2992.88 815 -1384.25 120.875 617.875 -276.75 -2997.88 815 -1357.13 84.75 617.875 -293.875 -3271.5 835 -979.75 -30.125 617.875 -51.625 -30.125 617.875 -51.625 -3293.13 835 -963.125 230.875 617.875 -508.25 230.875 617.875 -508.25 -3293.13 815 -963.125 230.875 437.5 -508.25 230.875 437.5 -508.25 -3271.5 825 -979.75 194.75 437.5 -525.5 194.75 437.5 -525.5 -3231.5 835 -959.75 194.75 617.875 -525.5 194.75 617.875 -525.5 -3048.38 835 -1314.5 5.875 437.5 -34.375 5.875 437.5 -34.375 -3048.38 825 -1314.5 -30.125 437.5 -51.625 -30.125 437.5 -51.625 -3008.38 815 -1294.5 84.75 437.5 -293.875 -3008.38 835 -1294.5 120.875 437.5 -276.75 -3115.88 835 -1158.75 153.375 417.5 -438.5 -3115.88 825 -1158.75 189.5 417.5 -421.25 -3406.63 745 -969.125 -3075.88 835 -1138.75 230.875 417.5 -508.25 230.875 417.5 -508.25 -2634.25 745 -602 -3075.88 815 -1138.75 194.75 417.5 -525.5 194.75 417.5 -525.5 -2380.63 745 -1145.75 -3218.75 835 -1023.75 -30.125 417.5 -51.625 -30.125 417.5 -51.625 -3148.63 745 -1510.75 -3218.75 825 -1023.75 85.875 417.5 -203 -277.5 290.375 -126.25 -3178.75 835 -1003.75 97.875 417.5 -228.25 -277.5 15 -126.25 -277.5 15 -126.25 -3178.75 815 -1003.75 5.875 417.5 -34.375 5.875 417.5 -34.375 -295.5 15 -134.875 -295.5 15 -134.875 -880.625 835 -387.5 230.875 237 -508.25 230.875 237 -508.25 -295.5 302.875 -134.875 -1116.88 745 119 194.75 237 -525.5 194.75 237 -525.5 -520 15 382.75 -520 15 382.75 -863.375 745 -424.75 -30.125 237 -51.625 -30.125 237 -51.625 -538 15 374.125 -538 15 374.125 -1609.13 745 -779.125 84.5 237 -198.5 -520 559.5 382.75 -1862.75 745 -235.375 3.625 237 -27.375 3.625 237 -27.375 -520 729.875 382.75 -520 729.875 382.75 -1096.38 815 74.875 -1096.38 815 74.875 96.625 237 -224.125 -538 729.875 374.125 -538 729.875 374.125 -1096.38 835 74.875 207.625 16.625 -412.625 -538 548.625 374.125 -1843.13 835 -277.5 207.625 217 -412.625 -277.5 729.875 -126.25 -277.5 729.875 -126.25 -1843.13 815 -277.5 -1843.13 815 -277.5 173.25 217 -340.375 -295.5 729.875 -134.875 -295.5 729.875 -134.875 -1084.25 824.75 48.875 173.25 16.625 -340.375 -259.75 835 709 -259.75 835 709 -1831.63 825 -302.125 139 217 -268.125 -222.25 835 539.625 -222.25 835 539.625 -999.625 755 -132.375 139 16.625 -268.125 606.875 835 831.625 -1527.75 755 -381 207.625 437.5 -412.625 -293.5 835 1258.25 -293.5 835 1258.25 -1494.25 755 -453.625 207.625 617.875 -412.625 581.375 835 1243.63 581.375 835 1243.63 -965.75 755 -205 173.25 617.875 -340.375 690.25 835 -1239.13 -2400 815 -1104.38 -2400 815 -1104.38 173.25 437.5 -340.375 1450.75 835 -1141.25 -1627.5 815 -739.75 -1627.5 815 -739.75 139 617.875 -268.125 1629.13 835 -904.125 -1637.63 825 -718.25 139 437.5 -268.125 1319.75 835 -630.25 -2399.63 835 -1105.13 153.375 217 -438.5 -222.25 755 539.625 -1627.38 835 -740.25 189.5 217 -421.25 -222.25 777.125 539.625 -545.75 745 390.375 84.75 16.625 -293.875 1057.13 835 -311.75 -287.75 745 -151.125 120.875 16.625 -276.75 183.875 835 -549.125 183.875 835 -549.125 -257.875 835 470.625 84.75 818.25 -293.875 -63.75 835 378.375 -198.75 824.625 156.5 84.75 637.875 -293.875 696.125 835 428.375 -965.75 824.75 -205 120.875 637.875 -276.75 314.875 835 257 138.75 755 -268.125 153.375 617.875 -438.5 413.875 835 152.75 173.125 755 -340.375 189.5 617.875 -421.25 -167.25 835 346.75 173.25 755 -340.375 189.5 437.5 -421.25 69.625 835 381.375 245.375 755 -306 153.375 437.5 -438.5 201.625 835 341 210.875 755 -233.75 84.75 417.5 -293.875 551.5 797.125 1241.75 -193.75 755 246.125 -193.75 755 246.125 189.75 237 -421.125 1155.5 299.875 -675.125 1155.5 299.875 -675.125 1155.5 299.875 -675.125 -193.875 755 246.25 153.375 237 -438.5 858 300 -713.375 858 300 -713.375 858 300 -713.375 -215.75 755 323.125 -215.75 755 323.125 84.75 237 -293.875 858 10 -713.375 858 10 -713.375 858 10 -713.375 -171.875 755 169.25 -171.875 755 169.25 121.375 237 -276.5 1155.5 10 -675.125 1155.5 10 -675.125 1155.5 10 -675.125 1155.5 10 -675.125 -215.75 835 323.25 207.75 237.125 -412.625 921.75 0 -1209.38 921.75 0 -1209.38 -198.75 755 156.5 207.625 417.5 -412.625 1219.25 0 -1171.13 1219.25 0 -1171.13 -220.75 755 233.5 173.25 417.5 -340.375 921.75 300 -1209.25 921.75 300 -1209.25 -242.75 755 310.5 173.625 237.125 -340.25 1219.25 299.875 -1171.13 1219.25 299.875 -1171.13 -1033 824.75 -60.75 139 417.5 -268.125 1431.75 636.625 -1143.75 1431.75 636.625 -1143.75 1431.75 636.625 -1143.75 -1033 755 -60.75 139.375 237.125 -267.875 709.25 636.625 -1236.63 709.25 636.625 -1236.63 709.25 636.625 -1236.63 298.125 755 -10.125 207.625 637.875 -412.625 690.25 626.25 -1239.13 378 755 -5.375 207.625 755 -412.625 1450.75 626.25 -1141.25 343.5 755 114.75 173.125 755 -340.375 709.25 805.625 -1236.63 709.25 805.625 -1236.63 709.25 805.625 -1236.63 273 755 76.75 173.25 637.875 -340.375 690.25 805.625 -1239.13 293.25 755 -93.375 138.75 755 -268.25 1429.25 636.625 -1123.88 1429.25 636.625 -1123.88 366.25 755 -126 139 637.875 -268.125 706.625 636.625 -1216.75 706.625 636.625 -1216.75 270.25 755 -174.125 120.875 818.25 -276.75 706.625 797.125 -1216.75 706.625 797.125 -1216.75 330.875 755 -226.25 120.875 417.5 -276.75 1429.25 797.125 -1123.88 1429.25 797.125 -1123.88 257 755 201.75 189.5 0 -421.25 1431.75 805.625 -1143.75 1431.75 805.625 -1143.75 1431.75 805.625 -1143.75 199.25 755 146.375 153.375 0 -438.5 194.75 818.25 -525.5 194.75 818.25 -525.5 169.875 755 267.625 189.5 16.625 -421.25 176.625 818.25 -534 176.625 818.25 -534 138.25 755 194.125 84.75 0 -293.875 135.375 818.25 -447.125 135.375 818.25 -447.125 65.5 755 306.375 120.875 0 -276.75 153.375 818.25 -438.5 153.375 818.25 -438.5 61.25 755 231.375 194.75 16.625 -525.5 -40.375 755 301.875 194.75 16.625 -525.5 69.625 755 381.375 194.75 217 -525.5 -63.75 755 378.375 -30.125 637.875 -51.625 -167.25 755 346.75 -30.125 818.25 -51.625 -30.125 818.25 -51.625 -145.25 755 269.875 -48.25 818.25 -60.25 -48.25 818.25 -60.25 207.625 835 -412.625 -48.25 628.375 -60.25 135.375 835 -447.125 -56.625 835 -677.625 -56.625 835 -677.625 -55.375 835 -45.125 -56.625 550 -677.625 -17 835 225.375 229.25 835 -1205.13 -123.25 835 192.625 238.25 700.625 -1179.75 61.25 835 231.375 238.25 680.625 -1179.75 138.25 835 194.125 220.625 690 -1189.38 199.25 835 146.375 216.375 16.625 -1055.75 238.25 16.625 -1179.75 238.25 16.625 -1179.75 210.875 835 -233.75 274.375 16.625 -1162.5 274.375 16.625 -1162.5 -30.5 16.625 -684 -30.5 16.625 -684 138.75 835 -268.25 274.375 274.125 -1162.5 274.375 274.125 -1162.5 -48 16.625 -693.5 -48 16.625 -693.5 273 835 76.75 216.375 274.125 -1055.75 220.625 16.625 -1189.38 220.625 16.625 -1189.38 298.125 835 -10.125 5.5 700.625 -666.75 5.5 700.625 -666.75 -30.5 700.625 -684 293.25 835 -93.375 274.375 700.625 -1162.5 274.375 700.625 -1162.5 -30.5 818.25 -684 -30.5 818.25 -684 270.25 835 -174.125 274.375 818.25 -1162.5 274.375 818.25 -1162.5 -48 818.25 -693.5 -48 818.25 -693.5 279.75 835 -378.25 5.5 818.25 -666.75 5.5 818.25 -666.75 -48 690.5 -693.5 207.625 835 -412.625 5.5 559.625 -666.75 5.5 559.625 -666.75 238.25 818.25 -1179.75 238.25 818.25 -1179.75 391.625 835 -278.375 274.375 559.625 -1162.5 274.375 559.625 -1162.5 220.625 818.25 -1189.38 220.625 818.25 -1189.38 439.25 835 -158.75 274.375 680.625 -1162.5 274.375 680.625 -1162.5 244.5 797.125 -1186.25 244.5 797.125 -1186.25 244.5 797.125 -1186.25 847.375 835 44 5.5 680.625 -666.75 5.5 680.625 -666.75 677.875 797.125 -1218.13 677.875 797.125 -1218.13 677.875 797.125 -1218.13 457.875 835 -0.625 3.375 294.125 -659.75 3.375 294.125 -659.75 676.375 805.625 -1238 676.375 805.625 -1238 -1494.25 824.75 -453.625 141 294.125 -915.125 243.125 805.625 -1206.13 243.125 805.625 -1206.13 -1561.88 824.75 -310.125 142.125 539.625 -918.625 677.875 561.75 -1218.13 677.875 561.75 -1218.13 677.875 561.75 -1218.13 -1561.88 755 -310.125 5.5 539.625 -666.75 5.5 539.625 -666.75 676.375 551.125 -1238 677.875 16.625 -1218.13 677.875 16.625 -1218.13 677.875 16.625 -1218.13 677.875 16.625 -1218.13 -123.25 755 192.625 244.5 16.625 -1186.25 244.5 16.625 -1186.25 244.5 16.625 -1186.25 244.5 16.625 -1186.25 -17 755 225.375 243.125 16.625 -1206.13 243.125 16.625 -1206.13 279.75 755 -378.25 676.375 16.625 -1238 676.375 16.625 -1238 207.625 755 -412.625 71.75 16.625 -789 244.5 273.125 -1186.25 244.5 273.125 -1186.25 244.5 273.125 -1186.25 439.25 755 -158.75 201.375 16.625 -1028 243.125 283.875 -1206.13 457.875 755 -0.625 201.375 274.125 -1028 545 797.125 -1041.25 545 797.125 -1041.25 413.875 755 152.75 71.75 274.125 -789 545 561.75 -1041.25 545 561.75 -1041.25 391.625 755 -278.375 244.5 561.75 -1186.25 244.5 561.75 -1186.25 244.5 561.75 -1186.25 314.875 755 257 545 540.375 -1041.25 545 540.375 -1041.25 201.625 755 341 677.875 540.375 -1218.13 677.875 540.375 -1218.13 677.875 540.375 -1218.13 84.75 818.25 -293.875 84.75 818.25 -293.875 244.5 540.375 -1186.25 244.5 540.375 -1186.25 244.5 540.375 -1186.25 66.75 818.25 -302.5 66.75 818.25 -302.5 5.5 16.625 -666.75 5.5 16.625 -666.75 545 294.125 -1041.25 545 294.125 -1041.25 66.75 835 -302.5 58.25 16.625 -764 677.875 294.125 -1218.13 677.875 294.125 -1218.13 677.875 294.125 -1218.13 139 818.25 -268.125 58.25 274.125 -764 244.5 294.125 -1186.25 244.5 294.125 -1186.25 244.5 294.125 -1186.25 207.625 818.25 -412.625 5.5 274.125 -666.75 5.5 274.125 -666.75 545 273.125 -1041.25 545 273.125 -1041.25 155.5 294.125 -942 677.875 273.125 -1218.13 677.875 273.125 -1218.13 677.875 273.125 -1218.13 189.5 818.25 -421.25 274.375 294.125 -1162.5 274.375 294.125 -1162.5 545 16.625 -1041.25 545 16.625 -1041.25 120.875 818.25 -276.75 274.375 539.625 -1162.5 274.375 539.625 -1162.5 -272.5 818.25 1243 -272.5 818.25 1243 138.75 755 -268.25 156.5 539.625 -945.125 -240.875 818.25 726.625 -240.875 818.25 726.625 176.625 16.625 -534 176.625 16.625 -534 -260.75 818.25 725.5 -260.75 818.25 725.5 66.75 16.625 -302.5 -292.5 818.25 1241.75 -292.5 818.25 1241.75 84.75 16.625 -293.875 -240.875 217 726.625 153.375 16.625 -438.5 -240.875 16.625 726.625 -240.875 16.625 726.625 -30.5 274.125 -684 -30.5 274.125 -684 -260.75 16.625 725.5 -260.75 16.625 725.5 135.375 16.625 -447 238.25 274.125 -1179.75 238.25 274.125 -1179.75 -260.75 227.625 725.5 611.75 0 832.25 238.25 16.625 -1179.75 238.25 16.625 -1179.75 -272.5 16.625 1243 -272.5 16.625 1243 700.875 0 429.75 -30.5 16.625 -684 -30.5 16.625 -684 -292.5 16.625 1241.75 -292.5 16.625 1241.75 851.875 0 46.125 238.25 818.25 -1179.75 238.25 818.25 -1179.75 -272.5 637.875 1243 1632.5 0 -900.375 -30.5 818.25 -684 -30.5 818.25 -684 -292.5 630.375 1241.75 1450.75 0 -1141.25 238.25 700.625 -1179.75 238.25 700.625 -1179.75 -259.75 417.5 709 1323.38 0 -626.875 -30.5 700.625 -684 -30.5 700.625 -684 -222.25 0 539.625 1061.25 0 -308.875 238.25 680.625 -1179.75 238.25 680.625 -1179.75 -259.75 0 709 -30.5 680.625 -684 -30.5 680.625 -684 243.125 551.125 -1206.13 238.25 559.625 -1179.75 238.25 559.625 -1179.75 676.375 283.875 -1238 -30.5 559.625 -684 -30.5 559.625 -684 1450.75 805.625 -1141.25 -30.5 539.625 -684 -30.5 539.625 -684 581.375 805.625 1243.63 238.25 539.625 -1179.75 238.25 539.625 -1179.75 586.375 55 1244 238.25 294.125 -1179.75 238.25 294.125 -1179.75 586.375 0 1244 586.375 0 1244 -30.5 294.125 -684 -30.5 294.125 -684 561.375 55 1242.38 -483.875 559.5 400 -483.875 559.5 400 581.375 626.25 1243.63 -241.375 559.5 -109.125 -241.375 559.5 -109.125 581.375 577.125 1243.63 -241.375 739.875 -109.125 -241.375 739.875 -109.125 561.375 567.625 1242.38 -483.875 739.875 400 -483.875 739.875 400 551.5 626.25 1241.75 -483.875 310.375 400 -483.875 310.375 400 -293.5 417.5 1258.25 -409.125 310.375 243.25 -293.5 0 1258.25 -293.5 0 1258.25 -409.125 539.5 243.25 238.25 274.125 -1179.75 -483.875 539.5 400 -483.875 539.5 400 220.625 286.125 -1189.38 -486 15 407 -486 15 407 238.25 559.625 -1179.75 -311.875 15 39.75 220.625 552.125 -1189.38 -311.25 290.375 37.625 238.25 539.625 -1179.75 -483.875 290.375 400 -483.875 290.375 400 238.25 294.125 -1179.75 -30.5 680.625 -684 -30.5 559.625 -684 -48 549.875 -693.5 -30.5 539.625 -684 -300 15 14.375 -30.5 294.125 -684 -241.375 15 -109.125 -241.375 15 -109.125 -48 284.125 -693.5 -241.375 290.375 -109.125 -241.375 290.375 -109.125 -30.5 274.125 -684 -299.375 290.375 12.75 183.875 0 -549.125 -396.75 310.375 217 -56.625 0 -677.625 -241.375 310.375 -109.125 -241.375 310.375 -109.125 183.875 417.5 -549.125 -241.375 539.5 -109.125 -241.375 539.5 -109.125 -222.25 812.125 539.625 -396.75 539.5 217 -116 815 -26.375 -116 815 -26.375 -116 835 -26.375 -171.875 835 169.25 -171.875 815 169.125 -171.875 815 169.125 -2615.5 815 -642.125 -2615.5 815 -642.125 -520 539.5 382.75 -520 539.5 382.75 -2615.5 835 -642.125</float_array>
                    <technique_common>
                        <accessor count="874" source="#ID69" stride="3">
                            <param name="X" type="float"/>
                            <param name="Y" type="float"/>
                            <param name="Z" type="float"/>
                        </accessor>
                    </technique_common>
                </source>
                <source id="ID70">
                    <float_array id="ID71" count="948">0 1 -0 0 -1 -0 0.0594558 0 -0.998231 -0.0623783 0 0.998053 0.0594558 0 -0.998231 -0.0623783 0 0.998053 -0.0623783 0 0.998053 -0.903619 0.0138825 -0.428112 -0.90361 0 -0.428355 -0.903532 0.00743399 -0.428455 -0.903207 0 -0.429205 -0.903003 0.00186955 -0.42963 -0.903005 0 -0.42963 -0.90361 0 -0.428355 -0.903308 0 -0.428993 -0.903265 0 -0.429084 -0.903005 0 -0.42963 -0.903005 0 -0.42963 -0.903207 -0.00032124 -0.429205 -0.902713 -0.00238598 -0.430236 -0.903312 -0.00111678 -0.428982 -0.902908 -0.00143781 -0.429832 -0.902702 -0.000481536 -0.430267 -0.90361 -0.000824101 -0.428355 -0.903786 0.00583476 -0.427945 -0.903425 -0.0013646 -0.428744 -0.903862 0.00936176 -0.427721 -0.903379 -0.000700475 -0.428842 -0.903973 0.00816065 -0.427513 0.43212 0 -0.901816 0.509668 -0.0194485 -0.860151 0.583074 -0.038739 -0.811495 -0.430903 0 0.902398 0.428355 0 -0.90361 0.428355 0 -0.903611 0.43212 0 -0.901816 0.43212 0 -0.901816 -0.438424 0 0.898768 -0.432414 0.000221541 0.901675 -0.433169 0.000332314 0.901313 -0.429401 0.000332309 0.903114 0.43212 0 -0.901816 0.508974 -0.0141613 -0.860665 0.581858 -0.028212 -0.812801 -0.430903 0 0.902398 -0.430903 0 0.902398 0.430903 0 -0.902398 0.507657 -0.0126329 -0.861467 0.580488 -0.0251682 -0.81388 -0.428355 0 0.90361 0.430903 0 -0.902398 -0.428355 0 0.90361 0.992892 0 0.119022 -0.992517 0 -0.122108 -0.426345 0.0504868 0.903151 -0.426553 0.0461834 0.903283 -0.426527 0.0447486 0.903367 -0.426776 0.0363423 0.903627 -0.426771 0.030805 0.903835 -0.426967 0.0215017 0.904011 -0.426852 0.0177365 0.904148 -0.426961 0.00931388 0.904222 -0.76385 0.00587863 0.645367 -0.988796 0.000722209 0.149273 0.426823 -0 -0.904335 0.426823 0 -0.904335 0.426799 0 -0.904347 0.426775 0 -0.904358 0.426802 0 -0.904345 0.426853 0 -0.904321 0.426899 0 -0.904299 0.426894 0 -0.904302 0.42689 0 -0.904304 -0.110703 0.955095 -0.274841 -0.291774 0.94555 -0.144232 -0.614689 0.78157 -0.106331 -0.380498 0.919815 -0.0957121 -0.585995 0.785367 -0.19952 -0.320668 0.928499 -0.187248 -0.537914 0.781616 -0.315792 -0.461734 0.787234 -0.408734 0.997615 0 -0.0690174 0.997616 0 -0.0690174 0.997615 0 -0.0690174 -0.140423 0.944103 0.298247 -0.150013 0.936031 0.318343 -0.0481535 0.993508 0.103068 -0.0665005 0.987725 0.141341 0.0586311 0.990471 -0.124617 0.429692 0 -0.902976 0.429692 0 -0.902976 -0.0565133 0 0.998402 -0.0565133 0 0.998402 -0.0565133 0 0.998402 0.299986 0.950083 0.0857376 0.151974 0.987429 0.043442 0.244864 0.958221 -0.147828 0.164767 0.981069 -0.101761 0.0879126 0.97853 -0.186414 6.68002e-005 1 3.11597e-005 -0.43212 0 0.901816 -0.43212 0 0.901816 -0.43212 0 0.901816 -0.43212 0 0.901816 0.0623783 0 -0.998053 0.0623783 0 -0.998053 0.498729 0.656103 -0.566391 0.0856273 0.978252 0.188922 0.372623 0.777113 -0.507196 0.0584482 0.990799 0.122072 -0.067719 0.987206 0.144353 -0.976356 0 -0.216167 -0.976356 0 -0.216167 -0.976356 0 -0.216167 -0.997164 0 0.0752577 -0.997164 0 0.0752577 -0.997164 0 0.0752577 -0.479288 0 0.877658 -0.479288 0 0.877658 -0.479288 0 0.877658 -0.424594 0 0.905384 -0.424594 0 0.905384 -0.424594 0 0.905384 0.0827953 0.981022 -0.175332 0.159276 0.927579 -0.337976 0.167455 0.919705 -0.355109 0.637345 0.708591 0.302804 0.000425306 1 -0.000553451 -0.424594 0 0.905384 0.477092 0 -0.878853 0.477092 0 -0.878853 -0.431512 0.000803923 0.902107 -0.431309 0.0010719 0.902204 -0.430499 0.0010719 0.90259 -0.430297 0.000803923 0.902687 0.43212 0 -0.901816 0.131164 0.000530341 -0.991361 0.129995 0.000265171 -0.991515 0.129266 0.000366115 -0.99161 0.128316 0.000284001 -0.991733 0.127806 0.000568002 -0.991799 -0.0565133 0 0.998402 -0.0565133 0 0.998402 -0.958946 0 -0.28359 -0.958946 0 -0.28359 -0.984865 0 -0.173323 -0.983432 0 -0.181278 0.0181018 0.00446337 0.999826 -0.0139741 0.00270477 0.999899 -0.00227355 0.00338035 0.999992 -0.0625374 6.15745e-005 0.998043 -0.0701554 -0.996881 -0.036155 -0.042876 -0.998879 -0.0200633 -0.0360953 -0.99905 -0.0244215 -0.00661183 -0.999959 -0.00624772 0.00254952 0.9998 -0.0198296 0.127522 -0 -0.991836 0.127522 0 -0.991836 0.171622 0.915597 -0.363633 0.404841 0.89464 0.189004 0.908051 0 0.41886 0.904562 0.00313347 0.42633 -0.961492 0.00171768 -0.274828 -0.961524 0.000858839 -0.274721 -0.961555 0 -0.274613 0.429204 -0.00181969 -0.903205 0.602182 -0.00138666 -0.798357 0.430257 -0.000260266 -0.902706 0.578442 -7.39971e-005 -0.815723 -0.3045 0.948705 -0.0850819 -0.393536 0.781276 -0.484497 -0.241098 0.968288 -0.0654934 -0.270073 0.921739 -0.278311 0.5303 -0.000574289 -0.84781 0.845641 -0.00334246 -0.533742 0.129518 0.00174411 -0.991575 0.129013 -6.88236e-005 -0.991643 0.128533 -9.1765e-005 -0.991705 0.128976 -0.00275382 -0.991644 -0.29456 -0 0.955633 -0.223083 0 0.9748 -0.29456 0 0.955633 -0.149979 0 0.988689 0.0185839 -0.0208622 0.99961 -0.00882149 -0.0208773 0.999743 0.129266 0.000278502 -0.99161 0.129082 -0.000464323 -0.991634 0.12988 0.000139251 -0.99153 0.128989 -0.000835736 -0.991646 -0.471254 0 0.881997 -0.471254 0 0.881997 -0.471254 0 0.881997 -0.471254 0 0.881997 -0.471254 -0 0.881997 0.609489 0 0.792794 0.619949 0 0.784642 0.630302 0 0.77635 0.696045 0 0.717998 0.747948 0 0.663757 0.841577 0 0.540138 0.882562 0 0.470196 0.946629 0 0.322326 0.969678 0 0.244386 0.9852 0 0.17141 0.984261 -0.00107637 0.176716 -0.609489 0 -0.792794 -0.619949 0 -0.784642 -0.630302 0 -0.77635 -0.696045 0 -0.717998 -0.747948 0 -0.663757 -0.841577 0 -0.540138 -0.882562 0 -0.470196 0.983427 -0.00322899 0.181277 0.983225 -0.0016145 0.182387 -0.0789245 -0.995888 -0.0444645 0.429692 -0 -0.902976 -0.424594 0 0.905384 0.430015 -0.00171126 -0.90282 0.430237 -0.00248499 -0.902712 0.273208 0 0.961955 0.0971694 0 0.995268 -0.430237 0 0.902716 -0.492886 0 0.870094 -0.430237 0 0.902716 -0.592691 0 0.80543 -0.771957 0 0.635675 -0.861789 0 0.507267 -0.957701 0 0.287766 -0.979216 0 0.20282 -0.9999 0 -0.01418 -0.989076 0 -0.14741 -0.905581 0 -0.424172 -0.824826 0 -0.565386 -0.684273 0 -0.729226 -0.640998 0 -0.767542 -0.501122 0 -0.865376 -0.39872 0 -0.917073 -0.189643 0 -0.981853 -0.0834495 0 -0.996512 -0.0565133 -0 0.998402 0.426487 -0 -0.904494 0.426059 0 -0.904695 0.426487 0 -0.904494 0.425632 0 -0.904896 0.292219 -0 -0.956352 0.204007 0 -0.978969 0.113342 0 -0.993556 0.498311 0 0.866999 0.558921 0 0.829221 0.640365 0 0.768071 0.663748 0 0.747956 0.802975 0 0.596013 0.897309 0 0.441403 -0.961546 0.0017165 -0.27464 -0.961524 0.000858249 -0.274721 0.985808 0 0.167879 0.998523 0 0.0543311 0.991385 0 -0.130981 0.979139 0 -0.20319 0.902845 0 -0.429965 0.816008 0 -0.57804 0.477092 0 -0.878853 0.477092 -0 -0.878853 0.424661 0 -0.905353 0.423574 0 -0.905861 -0.428627 0.00188225 0.903479 -0.426718 0.000627417 0.904384 -0.426909 0.000941127 0.904294 -0.425954 0 0.904745 -0.426119 0 0.904667 -0.425901 0 0.90477 -0.425684 -0 0.904872 -0.479288 0 0.877658 0.130455 0 -0.991454 -0.158079 0.928711 0.335421 0.434581 0 -0.900633 0.0289806 0 -0.99958 -0.484608 0 -0.874731 -0.799525 0 -0.600633 0.434581 0 -0.900633 0.0289807 0 -0.99958 -0.484608 0 -0.874731 -0.799525 0 -0.600633 -0.0287829 -0.919847 -0.391221 -0.0287843 -0.919814 -0.391298 -0.0195409 -0.963874 -0.265642 -0.0146905 -0.97974 -0.199734 -0.992182 0 -0.124803 0.049803 -0.920553 -0.387431 0.049782 -0.920608 -0.387301 0.0497609 -0.920664 -0.387171 0.991391 0 0.130938 0.991391 0 0.130938 -0.991841 0 -0.12748 -0.991841 0 -0.12748 -0.991841 0 -0.12748 -0.00041336 -1 -5.31284e-005 -0.000413348 -1 -5.31336e-005 -0.000413336 -1 -5.31387e-005 0.991837 -5.31297e-005 0.127511 0.991839 -2.65648e-005 0.127495 0.991841 0 0.12748 -0.430237 0 0.902716 -0.429692 0 0.902976 0.901002 0 0.433816 -0.0626383 -0 0.998036 -0.0626383 0 0.998036 -0.0230077 -0.0313196 0.999245 -0.0648631 -0 0.997894 -0.0243646 0.0184569 0.999533 -0.0100471 0.0123035 0.999874 0.0177747 0.0122942 0.999766 -0.43212 0 0.901816 0.999992 -0.00395254 -0 0.127485 -0.00167147 -0.991839 0.429692 0 -0.902976</float_array>
                    <technique_common>
                        <accessor count="316" source="#ID71" stride="3">
                            <param name="X" type="float"/>
                            <param name="Y" type="float"/>
                            <param name="Z" type="float"/>
                        </accessor>
                    </technique_common>
                </source>
                <source id="ID72">
                    <float_array id="ID73" count="998">4 0.428711 3.7998 0 4 0.736328 3.7998 1 4 0.814453 4 1 4 0.391602 4 0 4 0.557617 4 0.611328 2 0.5 2 0.275391 2.19922 0.5 2.19922 0.275391 2.7998 0.275391 2.7998 0.5 3 0.275391 3 0.5 2 0.75 2 0.525391 2.19922 0.75 2.19922 0.525391 2.7998 0.525391 2.7998 0.75 3 0.525391 3 0.75 2 1 2 0.775391 2.19922 1 2.19922 0.775391 2.7998 0.775391 2.7998 1 3 0.775391 3 1 2 0.25 2 0 2.19922 0.25 2.19922 0 2.7998 0 2.7998 0.25 3 0 3 0.25 4 0.511719 3.7998 0.511719 4 0.40918 4 0.356445 4 0.345703 4 0.298828 0.000976563 -3.31543 0.000976563 -4.05469 0.5 -3.31543 0.5 -4.05469 0.999023 -3.31543 0.999023 -4.05469 0.000976563 -1.83691 0.000976563 -2.50293 0.5 -1.83691 0.5 -2.50293 0.999023 -1.83691 0.999023 -2.50293 4 0.817383 3.85645 1 3.80469 0.817383 3.7998 0.817383 0.999023 -1.76367 0.5 -1.76367 0.00195313 -1.33105 0.000976563 -1.76367 0.5 -1.33105 0.999023 -1.33105 0.000976563 -2.57617 0 -3.24219 0.5 -2.57617 0.499023 -3.24219 1 -2.57617 0.999023 -3.24219 4 0.518555 4 0.819336 2.85645 0 4 0.785156 4 0.729492 4 0.24707 4 0.196289 4 0.561523 4 0.508789 4 0.308594 4 0.359375 4 0.711914 4 0.760742 0.148438 3.87598 0.222656 3.8877 0.165039 3.79102 0.238281 3.80078 0.277344 3.72266 0.338867 3.75195 0.352539 3.66113 0.401367 3.70996 0.443359 3.62109 0.46582 3.68262 0.551758 3.58984 0.554688 3.65332 0.666016 3.60645 0.637695 3.66602 0.762695 3.65723 0.705078 3.69922 0.832031 3.71875 0.763672 3.74414 0.864258 3.80859 0.789063 3.80762 0.863281 3.87207 0.900391 3.69336 0.819336 3.61621 0.695313 3.54785 0.548828 3.52539 0.420898 3.56055 0.303711 3.6123 0.216797 3.69336 5.91406 0 5.91504 0 5.51953 0 5.00586 0 4.50879 0 4 0.885742 4.54395 0.885742 5.02832 0.885742 5.5293 0.885742 5.94336 0.885742 3.91895 2.59668 3.13477 2.5957 3.91895 2.91016 3.13379 2.91113 3.91797 3.31934 3.13379 3.32031 3.91797 3.74219 3.13281 3.74316 3.13184 4.16504 9.00684 3.04492 8.95801 2.92871 8.95801 2.94629 8.87402 2.87109 8.87207 2.8877 8.54492 2.69238 8.54492 2.70996 8.22852 2.60645 -2.28125 4.0752 -2.25293 4.08984 -2.28125 3.72852 -2.25293 3.71387 -2.28125 3.69922 -2.25293 3.33887 -2.28125 3.33887 8.0625 -0.849609 8.07129 0.367188 8.12012 0.390625 8.12598 1.61133 8.9541 2.05078 -2.51855 4.18555 -2.51855 4.15625 -2.54395 4.16797 -2.51855 3.90234 -2.54395 3.88867 -2.51855 3.875 -2.51855 3.62012 -2.2998 4.21191 -2.2998 4.18262 -2.32813 4.19531 -2.2998 3.92773 -2.32813 3.91992 -2.2998 3.90137 -2.2998 3.64746 8.6123 -1.76465 8.61328 -1.66113 8.97559 -1.47363 8.93848 -1.39941 8.94434 -0.268555 8.62109 -0.47168 -1.86816 5.13379 -1.86816 5.10547 -1.89355 5.12012 -1.86816 4.7832 -1.89355 4.77246 -1.86816 4.75586 -1.86816 4.36816 -2.43164 4.18457 -2.43164 4.15625 -2.45898 4.16699 -2.43164 3.90234 -2.45898 3.88477 -2.43164 3.87402 -2.43164 3.62109 -0.0341797 3.84863 0.0585938 3.14746 -0.191406 3.81543 -0.295898 3.02148 -0.665039 3.64746 0.432617 3.22461 8.32617 -1.99414 8.05273 -2.21484 8.32715 -1.89063 8.1084 -2.06641 8.11426 -0.790039 1.2002 3.22461 0.938477 3.80859 1.04199 3.9375 0.9375 3.87305 -2.01172 -2.02344 -1.01172 -2.02344 -2.01172 -1.52344 -1.01172 -1.11914 -2.01172 -1.02344 -1.01172 -1.09277 -2.20605 3.33887 -2.23438 3.33887 -2.20605 3.69922 -2.23438 3.71387 -2.20605 3.72852 -2.20605 4.0752 -2.3457 3.7002 -2.37012 3.71777 -2.3457 3.72852 -2.37012 4.0918 -2.3457 4.07422 -2.3457 4.10254 8.61133 0.338867 8.44141 0.24707 8.47559 -0.5625 8.33887 0.18457 8.33301 -0.652344 -2.38672 3.61914 -2.41211 3.63477 -2.38672 3.64844 -2.41211 3.91504 -2.38672 3.90137 -3.77539 5.94531 -3.80762 5.8125 -3.83301 5.82324 -3.75 5.93359 8.46973 -1.87988 8.46973 -1.77637 1.05176 4.15625 1.61035 4.13574 1.82715 3.81543 1.57422 3.14746 0.311523 3.81055 0.295898 3.89844 8.94922 0.87207 9.00098 2.11328 8.99219 0.901367 0.788086 3.93555 0.789063 3.87207 0.522461 3.93359 -2.3457 4.27246 -2.37012 4.28516 -2.3457 4.30078 -2.37012 4.46582 -2.3457 4.46582 -2.45898 3.60254 -2.43164 3.59277 -2.43164 3.33887 -2.38672 4.18359 -2.41211 4.19531 -2.38672 4.21191 -2.41211 4.46582 -2.38672 4.46582 -2.47656 4.10352 -2.47656 4.0752 -2.50195 4.08984 -2.47656 3.73047 -2.50195 3.71582 0.9375 3.93652 0.9375 3.9209 0.9375 3.88867 -1.90918 5.0498 -1.90918 5.02246 -1.93457 5.0332 -1.90918 4.7002 -1.93457 4.68652 -2.54395 3.60547 -2.51855 3.59375 -2.51855 3.33887 16.6455 0 16.5674 0 16.6611 0.678711 16.5674 0.900391 16.998 0.901367 -2.32813 3.63477 -2.2998 3.62109 -2.2998 3.33887 8.86328 2.93652 8.95898 3.00781 9.00781 3.1084 -3.50391 4.56934 -3.21094 3.38086 -3.29297 3.36621 -3.2793 3.33887 8.45117 7.75977 8.58691 7.89258 8.65332 8.10645 8.74805 8.00586 8.34277 7.61133 7.74805 7.10645 8.26465 7.45215 8.21777 7.28418 0.175781 1 1 0.928711 0 0.0722656 0.823242 0 -3.89941 -0.5625 -3.10449 -0.5625 -3.89941 0.201172 -3.10449 0.201172 8.9834 -0.271484 4 0.623047 0.789063 3.8877 1.92969 3.02051 2.05469 3.23242 -1.97461 4.47559 -2.31543 5.19141 -1.94922 4.4873 -2.29004 5.2041 -1.93457 4.41797 -1.90918 4.41797 -1.90918 4.67188 -2.69629 4.53418 -2.35547 5.25098 -2.6709 4.52246 -2.33008 5.23926 8.08789 2.66211 8.13086 2.60156 8.13086 2.58203 8.22656 2.58594 -1.93457 4.4082 -1.93457 3.33887 -1.9502 4.38184 -1.9502 3.36523 -2.91699 4.56934 -2.96973 3.38086 17.3516 0 17.334 0.678711 17.4277 0 17.4277 0.900391 -0.987305 0 -0.987305 0.65918 -1.9873 0 -1.9873 0.5 -1.9873 1 -0.987305 1 8.08789 2.72754 8.13086 2.66504 8.22754 2.66992 8.54199 2.77148 8.47949 7.91504 -2.51855 4.46582 -2.54395 4.46582 -3.92969 5.62012 -3.9043 5.60742 -4.0918 5.2793 -4.06641 5.2666 -2.41211 3.33887 -2.38672 3.33887 -2.38672 3.92871 -1.86816 5.3877 -1.89355 5.3877 0.788086 3.9209 -1.90918 5.4375 -1.93457 5.4375 -2.43164 4.46582 -2.45898 4.46582 -2.2998 4.46582 -2.32813 4.46582 0.816406 3.25098 -4.29688 -0.420898 -4.29688 -0.418945 -4.09766 -0.425781 -4.09766 -0.4375 -2.90625 -0.424805 -2.90625 -0.390625 -2.70801 -0.420898 -2.70801 -0.356445 4 0.348633 -2.50195 4.46582 -2.47656 4.46582 -2.50195 3.51855 -2.47656 3.53223 -2.47656 3.70215 -2.37012 3.33887 -2.3457 3.33887 -3.90137 4.9043 -4.06348 5.24512 -3.87598 4.91699 -4.03809 5.25781 -2.1875 3.33887 -2.1875 3.36523 -2.23438 4.08984 -2.20605 4.10547 -2.28125 4.10547 -2.25293 4.44824 -2.28125 4.43652 8.08008 1.62305 -2.87109 4.52441 -2.82715 5.25 -2.84375 4.52246 -2.79883 5.24902 -2.73926 4.52246 -2.78418 5.24902 -2.71094 4.52441 -2.75586 5.25 6.92773 -0.00292969 6.92773 -0.897461 6.10742 -0.00292969 6.10742 -0.897461 7.10742 -0.897461 7.10742 -0.00292969 6.92773 0.929688 6.92773 0.0703125 6.10742 0.929688 6.10742 0.0703125 7.10742 0.0703125 7.10742 0.929688 6.92773 1.89746 6.92773 1.00293 6.10742 1.89746 6.10742 1.00293 7.10742 1.00293 7.10742 1.89746 -3.41113 5.91113 -3.36621 5.30176 -3.43945 5.90918 -3.39453 5.29883 -2.23438 4.44824 -2.20605 4.43652 -3.73438 5.30176 -3.68945 5.91113 -3.70703 5.29883 -3.66211 5.90918 -3.32813 4.5791 -3.70703 5.27637 -3.30371 4.5918 -3.68164 5.29004 -2.50195 3.33887 -2.47656 3.33887 -2.47656 3.50391 -3.28906 4.5918 -2.91113 5.29004 -3.26465 4.5791 -2.88574 5.27637 -3.80469 4.70117 -3.7793 4.71289 -3.74707 4.5791 -3.72168 4.59082 -3.30371 5.29883 -3.30371 5.53711 -3.27539 5.29883 -3.27539 5.52441 -1.72363 4.36816 -1.85352 5.38379 -1.69531 4.37109 -1.82617 5.3877 -3.32227 5.53711 -3.32227 5.29883 -3.35059 5.52441 -3.35059 5.29883 -1.76172 4.35449 -1.89258 3.33887 -1.78906 4.3584 -1.91992 3.3418 -2.1875 4.4082 -2.1875 4.38184 0.927734 0 0.927734 1 0 0.0341797 0 1 0.999023 0.928711 0.823242 0.000976563 0.999023 1 1 0 0.0712891 1 0.0712891 0.0341797 8.20508 7.1123 4 0.486328 4 0.485352 -3.21094 3.33887 -5.10938 0 -4.80273 1 -5.80273 0.820313 -2.95801 3.33887 -2.91699 3.33887 -4.01367 3.33887 -4.0918 3.33887 -4.01367 3.36621 -4.0918 4.56934 -1.01172 -1.05078 -1.01172 -1.02344 -3.45801 5.48633 -2.45898 3.33887 -2.32813 3.33887 -1.89355 4.36816 3.91699 4.16602 -2.54395 3.33887</float_array>
                    <technique_common>
                        <accessor count="499" source="#ID73" stride="2">
                            <param name="S" type="float"/>
                            <param name="T" type="float"/>
                        </accessor>
                    </technique_common>
                </source>
                <vertices id="ID74">
                    <input semantic="POSITION" source="#ID68"/>
                </vertices>
                <triangles count="697" material="Material1">
                    <input offset="0" semantic="VERTEX" source="#ID74"/>
                    <input offset="1" semantic="NORMAL" source="#ID70"/>
                    <input offset="2" semantic="TEXCOORD" source="#ID72" set="0"/>
                    <p>87 0 2 185 0 1 83 0 0 185 0 1 87 0 2 182 0 3 0 0 4 182 0 3 87 0 2 182 0 3 0 0 4 5 0 5 95 1 0 173 1 3 91 1 2 173 1 3 95 1 0 170 1 1 127 1 6 170 1 1 95 1 0 170 1 1 127 1 6 129 1 7 70 0 8 179 0 1 65 0 7 179 0 1 70 0 8 132 0 9 132 0 9 176 0 3 179 0 1 176 0 3 132 0 9 134 0 5 140 1 9 161 1 3 137 1 5 161 1 3 140 1 9 74 1 8 74 1 8 158 1 1 161 1 3 158 1 1 74 1 8 78 1 7 125 0 6 185 0 1 122 0 7 185 0 1 125 0 6 83 0 0 16 1 4 173 1 3 11 1 5 173 1 3 16 1 4 91 1 2 79 2 12 180 2 11 159 2 10 180 2 11 79 2 12 66 2 13 135 3 16 162 3 15 177 3 14 162 3 15 135 3 16 138 3 17 61 2 20 168 2 19 147 2 18 168 2 19 61 2 20 45 2 21 44 0 7 164 0 3 167 0 1 164 0 3 44 0 7 49 0 5 50 3 24 150 3 23 165 3 22 150 3 23 50 3 24 55 3 25 54 1 5 146 1 1 149 1 3 146 1 1 54 1 5 60 1 7 40 2 28 156 2 27 192 2 26 156 2 27 40 2 28 22 2 29 21 0 7 152 0 3 155 0 1 152 0 3 21 0 7 27 0 5 28 3 32 189 3 31 153 3 30 189 3 31 28 3 32 34 3 33 33 1 5 191 1 1 188 1 3 191 1 1 33 1 5 39 1 7 130 4 36 186 4 35 171 4 34 186 4 35 130 4 36 123 4 37 6 6 40 174 6 39 183 5 38 174 6 39 6 6 40 12 5 41 326 1 44 441 1 43 520 1 42 441 1 43 326 1 44 319 1 1 323 1 45 319 1 1 326 1 44 319 1 1 323 1 45 330 1 7 246 1 46 420 1 43 516 1 42 420 1 43 246 1 46 241 1 1 244 1 47 241 1 1 246 1 46 241 1 1 244 1 47 248 1 7 370 9 50 382 8 49 378 7 48 382 8 49 370 9 50 374 10 51 365 11 52 374 10 51 370 9 50 374 10 51 365 11 52 362 12 53 393 14 56 404 13 55 401 13 54 404 13 55 393 14 56 397 15 57 389 16 58 397 15 57 393 14 56 397 15 57 389 16 58 385 17 59 212 0 61 533 0 60 208 0 5 533 0 60 212 0 61 221 0 62 223 0 63 221 0 62 212 0 61 349 0 45 344 0 1 352 0 7 344 0 1 349 0 45 358 0 44 262 0 47 264 0 1 269 0 7 264 0 1 262 0 47 267 0 46 393 14 56 494 12 64 389 16 58 494 12 64 393 14 56 505 18 65 500 21 68 512 20 67 508 19 66 512 20 67 500 21 68 505 18 65 497 22 69 505 18 65 500 21 68 505 18 65 497 22 69 494 12 64 476 25 72 489 24 71 484 23 70 489 24 71 476 25 72 480 26 73 472 27 74 480 26 73 476 25 72 480 26 73 472 27 74 468 28 75 344 0 1 462 0 76 456 0 43 462 0 76 344 0 1 358 0 44 445 0 77 339 0 3 450 0 63 339 0 3 445 0 77 335 0 5 435 0 60 290 0 3 438 0 63 290 0 3 435 0 60 287 0 5 293 1 3 432 1 60 429 1 63 432 1 60 293 1 3 284 1 5 264 0 1 426 0 42 423 0 43 426 0 42 264 0 1 267 0 46 413 0 43 225 0 7 416 0 42 225 0 7 413 0 43 228 0 1 218 1 3 410 1 60 407 1 63 410 1 60 218 1 3 205 1 5 331 30 12 345 30 11 320 29 10 345 30 11 331 30 12 353 31 13 336 32 16 316 32 15 340 32 14 316 32 15 336 32 16 312 32 17 541 34 42 413 34 43 416 33 42 413 34 43 541 34 42 537 33 43 378 7 48 480 26 73 370 9 50 480 26 73 378 7 48 489 24 71 308 1 60 315 1 3 311 1 5 315 1 3 308 1 60 306 1 63 274 36 20 300 36 19 282 35 18 300 36 19 274 36 20 297 35 21 299 0 1 304 0 42 302 0 43 304 0 42 299 0 1 296 0 7 288 32 24 294 32 23 291 32 22 294 32 23 288 32 24 285 32 25 370 9 50 468 28 75 365 11 52 468 28 75 370 9 50 480 26 73 249 36 28 265 36 27 242 35 26 265 36 27 249 36 28 270 35 29 472 27 74 397 15 57 385 17 59 397 15 57 472 27 74 476 25 72 484 23 70 397 15 57 476 25 72 397 15 57 484 23 70 404 13 55 258 0 60 254 0 3 260 0 63 254 0 3 258 0 60 251 0 5 252 32 32 239 32 31 255 32 30 239 32 31 252 32 32 236 32 33 277 1 42 281 1 1 279 1 43 281 1 1 277 1 42 273 1 7 401 13 54 505 18 65 393 14 56 505 18 65 401 13 54 512 20 67 233 1 60 238 1 3 235 1 5 238 1 3 233 1 60 231 1 63 195 29 36 229 29 35 202 29 34 229 29 35 195 29 36 226 29 37 197 1 42 201 1 1 199 1 43 201 1 1 197 1 42 194 1 7 211 39 78 219 38 39 216 37 38 219 38 39 211 39 78 209 40 40 223 1 63 533 1 60 221 1 62 533 32 60 223 32 63 529 32 63 219 38 39 209 40 40 206 32 41 223 0 63 212 0 61 215 0 3 533 32 60 529 32 63 524 32 60 756 0 3 574 0 79 578 0 5 574 0 79 756 0 3 670 0 80 761 0 1 670 0 80 756 0 3 670 0 80 761 0 1 665 0 81 703 0 82 665 0 81 761 0 1 800 0 3 717 0 83 722 0 5 717 0 83 800 0 3 637 0 84 804 0 1 637 0 84 800 0 3 637 0 84 804 0 1 632 0 7 677 1 81 752 1 3 673 1 80 752 1 3 677 1 81 747 1 1 708 1 82 747 1 1 677 1 81 747 1 1 708 1 82 713 1 7 732 1 83 797 1 3 727 1 5 797 1 3 732 1 83 641 1 84 641 1 84 794 1 1 797 1 3 794 1 1 641 1 84 646 1 7 588 1 79 752 1 3 583 1 5 752 1 3 588 1 79 673 1 80 647 42 12 805 42 11 795 41 10 805 42 11 647 42 12 633 43 13 723 32 16 798 32 15 801 32 14 798 32 15 723 32 16 728 32 17 627 29 20 792 29 19 786 29 18 792 29 19 627 29 20 611 29 21 610 0 7 788 0 3 791 0 1 788 0 3 610 0 7 615 0 5 616 45 24 783 45 23 789 44 22 783 45 23 616 45 24 621 44 25 620 1 5 785 1 1 782 1 3 785 1 1 620 1 5 626 1 7 607 29 28 779 29 27 771 29 26 779 29 27 607 29 28 593 29 29 592 0 7 774 0 3 778 0 1 774 0 3 592 0 7 596 0 5 597 32 32 767 32 31 775 32 30 767 32 31 597 32 32 602 32 33 601 1 5 770 1 1 766 1 3 770 1 1 601 1 5 606 1 7 714 29 36 762 29 35 748 29 34 762 29 35 714 29 36 699 29 37 579 32 40 753 32 39 757 32 38 753 32 39 579 32 40 584 32 41 761 0 1 698 0 7 703 0 82 871 1 1 825 1 85 827 1 7 825 1 85 871 1 1 862 1 86 1 1 3 862 1 86 871 1 1 862 1 86 1 1 3 859 1 5 51 0 3 833 0 87 846 0 5 833 0 87 51 0 3 56 0 1 17 1 1 835 1 87 837 1 7 835 1 87 17 1 1 23 1 3 23 1 3 852 1 88 835 1 87 852 1 88 23 1 3 849 1 5 822 0 85 35 0 1 819 0 7 35 0 1 822 0 85 854 0 86 854 0 86 29 0 3 35 0 1 29 0 3 854 0 86 856 0 5 838 47 12 57 47 11 19 46 10 57 47 11 838 47 12 831 48 13 847 49 16 24 49 15 52 49 14 24 49 15 847 49 16 850 49 17 828 50 20 36 50 19 872 50 18 36 50 19 828 50 20 820 50 21 857 49 24 2 49 23 30 49 22 2 49 23 857 49 24 860 49 25 817 50 28 14 50 27 47 50 26 14 50 27 817 50 28 808 50 29 807 0 7 7 0 3 13 0 1 7 0 3 807 0 7 810 0 5 811 51 32 42 51 31 8 51 30 42 51 31 811 51 32 814 51 33 813 1 5 46 1 1 41 1 3 46 1 1 813 1 5 816 1 7 833 1 87 844 1 88 846 1 5 830 0 7 833 0 87 56 0 1 93 52 20 119 52 19 97 52 18 119 52 19 93 52 20 81 52 21 80 0 7 115 0 3 118 0 1 115 0 3 80 0 7 84 0 5 85 53 24 100 53 23 116 53 22 100 53 23 85 53 24 89 53 25 88 1 5 96 1 1 99 1 3 96 1 1 88 1 5 92 1 7 76 52 28 107 52 27 113 52 26 107 52 27 76 52 28 63 52 29 62 0 7 103 0 3 106 0 1 103 0 3 62 0 7 67 0 5 68 53 32 110 53 31 104 53 30 110 53 31 68 53 32 72 53 33 71 1 5 112 1 1 109 1 3 112 1 1 71 1 5 75 1 7 550 0 91 555 0 90 552 0 89 555 0 90 550 0 91 546 0 92 540 0 93 546 0 92 550 0 91 546 0 92 540 0 93 544 0 94 532 0 95 544 0 94 540 0 93 544 0 94 532 0 95 536 0 96 523 0 97 536 0 96 532 0 95 536 0 96 523 0 97 528 0 98 499 0 99 528 0 98 523 0 97 528 0 98 499 0 99 504 0 100 496 0 101 504 0 100 499 0 99 504 0 100 496 0 101 493 0 102 511 0 103 493 0 102 496 0 101 493 0 102 511 0 103 507 0 104 519 0 105 507 0 104 511 0 103 507 0 104 519 0 105 515 0 106 437 0 107 515 0 106 519 0 105 515 0 106 437 0 107 440 0 108 434 0 109 440 0 108 437 0 107 440 0 108 434 0 109 431 0 109 519 0 105 680 0 110 437 0 107 680 0 110 519 0 105 669 0 111 511 0 103 669 0 111 519 0 105 669 0 111 511 0 103 672 0 112 496 0 101 672 0 112 511 0 103 672 0 112 496 0 101 676 0 113 499 0 99 676 0 113 496 0 101 676 0 113 499 0 99 684 0 114 523 0 97 684 0 114 499 0 99 684 0 114 523 0 97 687 0 115 532 0 95 687 0 115 523 0 97 687 0 115 532 0 95 548 0 116 540 0 93 548 0 116 532 0 95 548 0 116 540 0 93 550 0 91 396 56 119 272 55 118 276 54 117 272 55 118 396 56 119 406 57 119 400 58 120 406 57 119 396 56 119 406 57 119 400 58 120 409 59 120 257 60 121 409 59 120 400 58 120 409 59 120 257 60 121 334 61 121 863 62 7 334 61 121 257 60 121 334 61 121 863 62 7 865 63 7 356 66 123 419 65 122 32 64 122 419 65 122 356 66 123 361 67 123 368 68 124 361 67 123 356 66 123 361 67 123 368 68 124 364 69 124 869 70 125 364 69 124 368 68 124 364 69 124 869 70 125 873 71 125 9 72 126 873 71 125 869 70 125 873 71 125 9 72 126 3 72 126 338 1 129 415 1 128 412 1 127 415 1 128 338 1 129 343 1 130 351 1 131 343 1 130 338 1 129 343 1 130 351 1 131 348 1 132 313 1 133 348 1 132 351 1 131 348 1 132 313 1 133 317 1 134 321 1 135 317 1 134 313 1 133 278 75 138 245 74 137 275 73 136 245 74 137 278 75 138 243 76 139 301 77 140 243 76 139 278 75 138 243 76 139 301 77 140 247 78 141 314 79 142 247 78 141 301 77 140 247 78 141 314 79 142 329 80 143 711 82 146 787 82 145 695 81 144 787 82 145 711 82 146 671 82 147 666 83 148 671 82 147 711 82 146 671 82 147 666 83 148 660 81 149 655 82 150 660 81 149 666 83 148 377 86 153 369 85 152 357 84 151 369 85 152 377 86 153 237 87 154 240 88 155 237 87 154 377 86 153 237 87 154 240 88 155 247 78 141 243 76 139 247 78 141 240 88 155 210 89 158 217 90 157 207 89 156 217 90 157 210 89 158 220 89 159 222 89 160 220 89 159 210 89 158 220 89 159 222 89 160 224 89 161 227 89 162 224 89 161 222 89 160 128 93 165 131 92 164 126 91 163 131 92 164 128 93 165 133 92 166 136 93 167 133 92 166 128 93 165 133 92 166 136 93 167 139 93 168 141 91 169 139 93 168 136 93 167 864 96 172 422 95 171 868 94 170 422 95 171 864 96 172 250 97 173 253 98 174 250 97 173 864 96 172 250 97 173 253 98 174 422 95 171 425 99 175 422 95 171 253 98 174 169 102 178 163 101 177 172 100 176 163 101 177 169 102 178 166 103 179 337 100 180 166 103 179 169 102 178 166 103 179 337 100 180 324 102 181 327 103 182 324 102 181 337 100 180 143 105 185 142 105 184 144 104 183 142 105 184 143 105 185 151 104 186 148 105 187 151 104 186 143 105 185 151 104 186 148 105 187 145 105 188 154 104 189 145 105 188 148 105 187 380 0 190 421 0 91 433 0 89 421 0 91 380 0 190 383 0 191 375 0 192 383 0 191 380 0 190 383 0 191 375 0 192 390 0 193 386 0 194 390 0 193 375 0 192 383 0 191 436 0 116 421 0 91 436 0 116 383 0 191 439 0 115 424 0 195 439 0 115 383 0 191 439 0 115 424 0 195 427 0 114 430 0 113 427 0 114 424 0 195 20 108 198 31 107 197 25 106 196 31 107 197 20 108 198 15 109 199 373 110 200 15 109 199 20 108 198 15 109 199 373 110 200 31 107 197 357 84 151 31 107 197 373 110 200 414 0 201 614 0 110 619 0 111 614 0 110 414 0 201 605 0 202 417 0 203 605 0 202 414 0 201 605 0 202 417 0 203 609 0 204 776 112 207 780 111 206 784 111 205 780 111 206 776 112 207 408 112 208 376 113 209 408 112 208 776 112 207 408 112 208 376 113 209 411 113 210 720 116 213 663 115 212 652 114 211 663 115 212 720 116 213 790 116 214 706 115 215 790 116 214 720 116 213 790 116 214 706 115 215 690 115 216 839 119 219 829 118 218 826 117 217 829 118 218 839 119 219 834 118 220 836 118 221 834 118 220 839 119 219 834 118 220 836 118 221 832 119 222 384 0 224 392 0 175 388 0 223 392 0 175 384 0 224 381 0 225 645 0 226 381 0 225 384 0 224 381 0 225 645 0 226 488 0 227 198 122 230 200 121 229 549 120 228 200 121 229 198 122 230 187 121 231 196 121 232 187 121 231 198 122 230 751 0 235 744 0 234 736 0 233 545 0 236 736 0 233 744 0 234 444 0 237 479 0 198 454 0 196 479 0 198 444 0 237 475 0 238 461 0 170 475 0 238 444 0 237 475 0 238 461 0 170 471 0 171 381 0 225 471 0 171 392 0 175 471 0 171 381 0 225 475 0 238 488 0 227 475 0 238 381 0 225 475 0 238 488 0 227 479 0 198 417 0 203 566 0 240 562 0 239 566 0 240 417 0 203 394 0 241 414 0 201 394 0 241 417 0 203 394 0 241 414 0 201 405 0 242 658 0 243 546 0 92 544 0 94 546 0 92 658 0 243 555 0 90 653 0 244 555 0 90 658 0 243 403 123 245 240 88 155 377 86 153 240 88 155 403 123 245 395 124 246 399 125 247 395 124 246 403 123 245 563 0 250 582 0 249 702 0 248 582 0 249 563 0 250 577 0 108 600 0 106 577 0 108 563 0 250 568 119 253 572 119 252 570 119 251 572 119 252 568 119 253 617 119 254 612 119 255 617 119 254 568 119 253 772 105 256 154 104 189 148 105 187 154 104 189 772 105 256 768 105 257 730 105 258 768 105 257 772 105 256 377 86 153 483 127 227 640 126 226 483 127 227 377 86 153 373 110 200 357 84 151 373 110 200 377 86 153 175 122 261 178 120 260 181 120 259 178 120 260 175 122 261 534 120 262 530 128 263 534 120 262 175 122 261 848 130 266 845 130 265 851 129 264 845 130 265 848 130 266 843 129 267 842 130 268 843 129 267 848 130 266 543 132 270 560 131 269 539 102 269 560 131 269 543 132 270 558 133 204 721 134 271 558 133 204 543 132 270 160 41 274 37 135 273 18 29 272 37 135 273 160 41 274 157 29 275 363 41 276 157 29 275 160 41 274 559 89 277 227 89 162 222 89 160 227 89 162 559 89 277 551 89 278 553 89 279 551 89 278 559 89 277 437 0 107 664 0 204 434 0 109 664 0 204 437 0 107 661 0 202 680 0 110 661 0 202 437 0 107 120 138 282 124 137 281 59 136 280 124 137 281 120 138 282 121 139 283 114 140 284 121 139 283 120 138 282 240 88 155 245 74 137 243 76 139 245 74 137 240 88 155 275 73 136 395 124 246 275 73 136 240 88 155 754 141 285 141 91 169 136 93 167 141 91 169 754 141 285 743 92 286 745 142 287 743 92 286 754 141 285 261 145 289 298 144 288 295 143 288 298 144 288 261 145 289 263 145 289 266 146 290 263 145 289 261 145 289 815 149 293 818 148 292 821 147 291 818 148 292 815 149 293 812 150 294 773 152 297 777 1 296 781 151 295 777 1 296 773 152 297 769 1 298 760 1 301 823 154 300 765 153 299 823 154 300 760 1 301 755 1 302 458 155 305 473 155 304 469 155 303 473 155 304 458 155 305 465 155 306 451 156 309 464 156 308 457 156 307 464 156 308 451 156 309 446 157 310 256 158 311 253 98 174 864 96 172 253 98 174 256 158 311 399 125 247 403 123 245 253 98 174 399 125 247 253 98 174 403 123 245 636 159 223 636 159 223 384 161 224 388 160 223 384 161 224 636 159 223 640 126 226 26 163 312 419 163 122 467 162 312 419 163 122 26 163 312 32 164 122 582 167 249 707 166 249 726 165 313 707 166 249 582 167 249 577 168 108 398 0 315 405 0 242 402 0 314 405 0 242 398 0 315 394 0 241 366 1 318 360 1 317 371 1 316 360 1 317 366 1 318 355 1 319 565 0 243 563 0 250 567 0 244 563 0 250 565 0 243 569 0 94 571 0 96 563 0 250 569 0 94 563 0 250 571 0 96 573 0 98 587 0 100 563 0 250 573 0 98 563 0 250 587 0 100 591 0 102 595 0 104 563 0 250 591 0 102 563 0 250 595 0 104 600 0 106 558 0 204 417 0 203 560 0 269 354 29 321 363 41 276 359 29 320 363 41 276 354 29 321 350 135 322 341 0 325 333 0 324 346 0 323 333 0 324 341 0 325 328 0 326 230 171 329 232 170 328 10 169 327 232 170 328 230 171 329 234 172 330 440 173 108 707 166 249 577 168 108 707 166 249 440 173 108 428 174 249 490 177 333 498 176 332 495 175 331 498 176 332 490 177 333 485 178 334 653 181 244 565 180 243 567 179 244 565 180 243 653 181 244 658 182 243 818 148 292 387 183 335 821 147 291 387 183 335 818 148 292 442 184 336 117 187 339 111 186 338 102 185 337 111 186 338 117 187 339 108 188 340 853 191 343 564 190 342 855 189 341 564 190 342 853 191 343 858 192 344 418 190 345 564 190 342 858 192 344 564 190 342 418 190 345 561 193 346 329 80 143 234 172 330 247 78 141 234 172 330 329 80 143 232 170 328 10 194 327 292 195 328 4 194 327 292 195 328 10 194 327 232 196 328 232 196 328 325 197 143 292 195 328 325 197 143 232 196 328 329 198 143 329 198 143 310 199 142 325 197 143 310 199 142 329 198 143 314 200 142 314 200 142 303 201 140 310 199 142 303 201 140 314 200 142 301 202 140 301 202 140 268 203 138 303 201 140 268 203 138 301 202 140 278 204 138 283 205 347 289 206 348 286 205 347 289 206 348 283 205 347 280 207 348 280 207 348 322 208 349 289 206 348 322 208 349 280 207 348 318 209 349 318 209 349 307 210 350 322 208 349 307 210 350 318 209 349 305 211 350 305 211 350 298 144 288 307 210 350 298 144 288 305 211 350 295 143 288 271 213 136 278 204 138 275 212 136 278 204 138 271 213 136 268 203 138 463 214 351 765 153 299 823 154 300 765 153 299 463 214 351 781 151 295 213 89 353 207 89 156 203 215 352 207 89 156 213 89 353 210 89 158 214 0 356 742 0 355 739 0 354 742 0 355 214 0 356 204 0 357 547 121 359 200 121 229 735 216 358 200 121 229 547 121 359 549 120 228 190 120 360 187 120 231 193 120 232 184 120 360 178 120 260 187 120 231 178 120 260 184 120 360 181 120 259 372 103 362 172 100 176 367 103 361 172 100 176 372 103 362 169 102 178 726 165 313 702 217 248 582 167 249 702 217 248 726 165 313 692 218 363 347 135 365 18 29 272 342 41 364 18 29 272 347 135 365 160 41 274 569 220 94 658 182 243 544 219 94 658 182 243 569 220 94 565 180 243 763 105 367 144 104 183 758 104 366 144 104 183 763 105 367 143 105 185 664 223 204 605 222 202 712 221 204 605 222 202 664 223 204 661 224 202 661 224 202 614 225 110 605 222 202 614 225 110 661 224 202 680 226 110 680 226 110 619 227 111 614 225 110 619 227 111 680 226 110 669 228 111 669 228 111 631 229 112 619 227 111 631 229 112 669 228 111 672 230 112 672 230 112 430 231 113 631 229 112 430 231 113 672 230 112 676 232 113 676 232 113 427 233 114 430 231 113 427 233 114 676 232 113 684 234 114 684 234 114 439 235 115 427 233 114 439 235 115 684 234 114 687 236 115 687 236 115 436 237 116 439 235 115 436 237 116 687 236 115 548 238 116 737 93 369 126 91 163 733 239 368 126 91 163 737 93 369 128 93 165 424 0 195 631 0 112 430 0 113 631 0 112 424 0 195 625 0 370 640 242 226 488 241 227 645 240 226 488 241 227 640 242 226 483 243 227 433 244 89 550 245 91 552 244 89 550 245 91 433 244 89 421 246 91 548 238 116 421 246 91 436 237 116 421 246 91 548 238 116 550 245 91 544 219 94 571 247 96 569 220 94 571 247 96 544 219 94 536 248 96 536 248 96 573 249 98 571 247 96 573 249 98 536 248 96 528 250 98 528 250 98 587 251 100 573 249 98 587 251 100 528 250 98 504 252 100 105 0 371 94 0 372 101 0 371 94 0 372 105 0 371 98 0 372 98 0 372 77 0 373 94 0 372 77 0 373 98 0 372 90 0 373 82 0 374 90 0 373 86 0 374 90 0 373 82 0 374 77 0 373 73 0 375 38 0 376 69 0 375 38 0 376 73 0 375 53 0 376 58 0 377 48 0 378 64 0 377 48 0 378 58 0 377 43 0 378 43 0 378 53 0 376 48 0 378 53 0 376 43 0 378 38 0 376 865 63 7 867 254 379 866 253 379 867 254 379 865 63 7 863 62 7 504 252 100 591 255 102 587 251 100 591 255 102 504 252 100 493 256 102 493 256 102 595 257 104 591 255 102 595 257 104 493 256 102 507 258 104 507 258 104 600 259 106 595 257 104 600 259 106 507 258 104 515 260 106 515 260 106 577 168 108 600 259 106 577 168 108 515 260 106 440 173 108 851 129 264 585 261 380 848 130 266 585 261 380 851 129 264 580 262 381 483 243 227 479 263 198 488 241 227 479 263 198 483 243 227 20 108 198 840 130 383 842 130 268 608 129 382 842 130 268 840 130 383 841 130 384 454 264 196 20 108 198 25 106 196 20 108 198 454 264 196 479 263 198 868 267 170 471 266 171 461 265 170 471 266 171 868 267 170 422 268 171 422 268 171 392 269 175 471 266 171 392 269 175 422 268 171 425 270 175 388 271 223 425 270 175 636 271 223 425 270 175 388 271 223 392 269 175 575 119 386 829 118 218 589 272 385 829 118 218 575 119 386 826 117 217 832 119 222 572 119 252 834 118 220 572 119 252 832 119 222 570 119 251 691 1 389 557 1 388 696 1 387 557 1 388 691 1 389 554 1 390 498 176 332 527 273 392 793 273 391 527 273 392 498 176 332 485 178 334 690 115 216 648 116 393 790 116 214 648 116 393 690 115 216 642 116 394 639 81 396 683 83 395 787 82 145 683 83 395 639 81 396 624 81 397 636 159 223 377 86 153 640 126 226 377 86 153 636 159 223 403 123 245 234 172 330 237 87 154 247 78 141 237 87 154 234 172 330 230 171 329 237 87 154 870 274 398 369 85 152 870 274 398 237 87 154 230 171 329 759 0 401 750 0 400 764 0 399 750 0 400 759 0 401 746 0 402 734 1 405 740 1 404 738 1 403 740 1 404 734 1 405 729 1 406 716 276 409 657 275 408 668 275 407 657 275 408 716 276 409 725 277 410 725 277 410 719 278 412 651 278 411 719 278 412 725 277 410 716 276 409 625 0 370 619 0 111 631 0 112 619 0 111 625 0 370 414 0 201 686 276 415 710 275 414 694 275 413 710 275 414 686 276 415 701 277 416 701 277 416 689 278 418 705 278 417 689 278 418 701 277 416 686 276 415 675 280 421 682 279 420 623 279 419 682 279 420 675 280 421 678 281 422 678 281 422 630 282 424 643 282 423 630 282 424 678 281 422 675 280 421 654 0 427 662 0 426 659 0 425 662 0 426 654 0 427 649 0 428 648 116 393 629 116 430 635 116 429 629 116 430 648 116 393 642 116 394 628 285 433 638 284 432 634 283 431 638 284 432 628 285 433 622 286 434 613 1 437 604 1 436 618 1 435 604 1 436 613 1 437 599 1 438 598 130 440 608 129 382 603 130 439 608 129 382 598 130 440 594 130 441 581 0 444 590 0 443 586 0 442 590 0 443 581 0 444 576 0 445 535 1 448 542 1 447 538 1 446 542 1 447 535 1 448 531 1 449 510 287 452 526 287 451 487 287 450 526 287 451 510 287 452 522 287 453 521 289 456 503 289 455 525 288 454 503 289 455 521 289 456 518 290 457 517 291 460 492 291 459 502 291 458 492 291 459 517 291 460 514 292 461 513 0 464 486 0 463 491 0 462 486 0 463 513 0 464 509 0 465 501 273 467 495 175 331 506 273 466 495 175 331 501 273 467 490 177 333 466 294 470 482 294 469 474 293 468 482 294 469 466 294 470 448 295 471 447 297 473 478 297 303 481 296 472 478 297 303 447 297 473 453 298 305 452 300 476 470 300 475 477 299 474 470 300 475 452 300 476 459 301 477 802 1 478 823 154 300 755 1 302 431 0 109 434 0 109 664 0 204 428 0 249 431 0 109 731 0 249 605 222 202 609 302 204 712 221 204 702 217 248 692 218 363 697 41 248 558 133 204 721 134 271 712 303 204 443 1 480 449 1 479 460 1 379 455 1 312 449 1 479 443 1 480 384 161 224 640 126 226 645 304 226 157 29 275 363 41 276 350 135 322 818 148 292 812 150 294 809 305 481 695 81 144 787 82 145 683 83 395 693 1 484 688 1 483 685 1 482 391 307 486 442 184 336 796 306 485 704 0 483 709 0 484 700 0 482 667 1 484 718 1 483 715 1 482 781 151 295 463 214 351 773 152 297 806 310 489 803 309 488 799 308 487 824 311 490 815 149 293 821 147 291 806 310 489 824 311 490 803 309 488 815 149 293 824 311 490 806 310 489 266 146 290 261 145 289 259 146 290 20 108 198 483 127 227 373 110 200 842 130 268 841 130 384 843 129 267 376 113 209 379 111 492 861 113 491 376 113 209 861 113 491 411 113 210 650 0 483 656 0 484 724 0 482 622 286 434 628 285 433 674 1 493 253 98 174 636 159 223 425 99 175 772 105 256 741 104 494 730 105 258 230 171 329 10 169 327 870 274 398 754 141 285 749 92 495 745 142 287 644 0 483 681 0 484 679 0 482 387 183 335 442 184 336 391 307 486 337 100 180 332 312 496 327 103 182 321 1 135 313 1 133 309 1 497 608 129 382 594 130 441 840 130 383 707 166 249 428 174 249 731 313 249 440 0 108 431 0 109 428 0 249 114 314 284 111 186 338 108 188 340 559 89 277 556 315 498 553 89 279</p>
                </triangles>
            </mesh>
        </geometry>
        <geometry id="ID76">
            <mesh>
                <source id="ID77">
                    <float_array id="ID78" count="1659">-277.5 539.5 -126.25 -3253.13 835 -943.125 -3253.13 835 -943.125 229.25 287.125 -1205.13 229.25 287.125 -1205.13 -277.5 559.5 -126.25 1459.5 805.625 -1129.63 -520 559.5 382.75 606.875 626.25 831.625 -520 290.375 382.75 606.875 577.125 831.625 -277.5 290.375 -126.25 -215.75 815 323.125 696.125 626.25 428.375 -277.5 310.375 -126.25 696.125 577.125 428.375 -520 310.375 382.75 1293.13 55.625 -1196.88 847.375 577.125 44 1377.5 55.625 -1186.13 847.375 626.25 44 1371.88 55.625 -1181.88 1371.88 55.625 -1181.88 1057.13 577.125 -311.75 1297.5 55.625 -1191.38 1297.5 55.625 -1191.38 1057.13 626.25 -311.75 1378 55.625 -1150.88 1378 55.625 -1150.88 1592.25 797.125 -907.75 1368 55.625 -1152.13 1368 55.625 -1152.13 1592.25 626.25 -907.75 1283.75 55.625 -1162.88 587.125 567.625 828.875 1293.63 55.625 -1161.63 587.125 55 828.875 856.75 55.625 -1253 677 567.625 422.5 857.25 55.625 -1217.63 677 55 422.5 847.375 55.625 -1218.88 829.375 55 35.25 851.125 55.625 -1248.63 851.125 55.625 -1248.63 829.375 567.625 35.25 772.5 55.625 -1263.75 1040.75 55 -323.125 706.625 724.125 -1216.75 776.75 55.625 -1258.13 776.75 55.625 -1258.13 1040.75 567.625 -323.125 1429.25 724.125 -1123.88 763.125 55.625 -1229.63 763.125 55.625 -1229.63 1305.38 55 -644.125 1429.25 744.125 -1123.88 773 55.625 -1228.38 773 55.625 -1228.38 1305.38 567.625 -644.125 706.625 744.125 -1216.75 690.25 577.125 -1239.13 690.25 577.125 -1239.13 1604.63 567.625 -906.5 1604.63 567.625 -906.5 772.875 425.875 -1228.25 1604.63 55 -906.625 1604.63 55 -906.625 1070.5 577.125 -1190.25 1459.5 55 -1129.63 690.25 55.625 -1239.13 690.25 55.625 -1239.13 611.75 55 832.25 1368 425.875 -1152 700.875 55 429.75 1450.75 577.125 -1141.25 1450.75 577.125 -1141.25 851.875 55 46.125 1450.75 55 -1141.25 1450.75 55 -1141.25 1061.25 55 -308.875 1323.38 55 -626.875 -260.75 626 725.5 1632.5 55 -900.375 1629.13 805.625 -904.125 1319.75 805.625 -630.25 -260.75 430.375 725.5 1057.13 805.625 -311.75 847.375 805.625 44 696.125 805.625 428.375 606.875 805.625 831.625 -292.5 229 1241.75 1435.63 797.125 -1111.63 1435.63 626.25 -1111.63 1443.63 567.625 -1117.63 1443.63 567.625 -1117.63 -272.5 617.875 1243 -292.5 430.125 1241.75 1443.63 55 -1117.63 1443.63 55 -1117.63 -240.875 617.875 726.625 229.25 550.375 -1205.13 229.25 550.375 -1205.13 -240.875 637.875 726.625 -55.375 755 -45.125 -55.375 755 -45.125 -55.375 755 -45.125 -272.5 637.875 1243 -55.375 777.125 -45.125 -55.375 777.125 -45.125 -272.5 417.5 1243 -538 302.25 374.125 -545.75 812.125 390.375 -545.75 812.125 390.375 -240.875 417.5 726.625 -545.75 835 390.375 -545.75 835 390.375 -545.75 835 390.375 -240.875 437.5 726.625 -3293.13 835 -914.125 -3293.13 835 -914.125 -272.5 437.5 1243 -295.5 549.625 -134.875 -3294 812.125 -915.625 -3294 812.125 -915.625 -272.5 217 1243 -3406.63 812.125 -969.125 -240.875 217 726.625 -3406.63 835 -969.125 -3406.63 835 -969.125 -240.875 237 726.625 176.625 625.875 -534 -2975.13 812.125 -1428.38 -2975.13 812.125 -1428.38 -272.5 237 1243 -2975.63 835 -1428.63 -2975.63 835 -1428.63 -3148.63 835 -1510.75 -3148.63 835 -1510.75 176.625 426.75 -534 -3148.63 812.125 -1510.75 -287.75 835 -151.125 -287.75 835 -151.125 -287.75 812.125 -151.125 -537.25 812.125 372.375 -537.25 812.125 372.375 120.875 217 -276.75 -213.875 812.125 521.375 84.75 217 -293.875 84.75 217 -293.875 176.625 227.375 -534 -213.875 777.125 521.375 -30.125 217 -51.625 -537.25 777.125 372.375 -537.25 777.125 372.375 -2979.63 777.125 -1418.75 -48.25 228.875 -60.25 -2386 777.125 -1134.38 -48.25 16.625 -60.25 -48.25 16.625 -60.25 -2386 812.125 -1134.38 -2979.63 812.125 -1418.75 194.75 217 -525.5 -296.25 812.125 -133 -48.25 427.375 -60.25 -296.25 777.125 -133 -63.625 777.125 -26.875 -63.625 812.125 -26.875 -2628.88 777.125 -613.5 -2634.25 777.125 -602 -3289.63 777.125 -925 -2380.63 812.125 -1145.75 -2634.5 835 -601.375 -2634.5 835 -601.375 1283.75 0 -1162.88 1371.88 375 -1181.75 1371.88 375 -1181.75 856.75 0 -1253 857.25 0 -1217.63 772.5 0 -1263.75 194.75 637.875 -525.5 763.125 0 -1229.75 763.125 0 -1229.75 189.5 637.875 -421.25 -3032.88 835 -1404.25 -3032.88 835 -1404.25 772.875 375 -1228.25 772.875 375 -1228.25 153.375 637.875 -438.5 153.375 637.875 -438.5 -3037.88 835 -1377.13 776.75 375 -1258 776.75 375 -1258 -287.75 377.5 -151.125 -287.75 377.5 -151.125 -30.125 637.875 -51.625 -2974.75 777.125 -1428.13 -2974.75 777.125 -1428.13 -2997.88 835 -1357.13 -3148.63 777.125 -1510.75 -2992.63 835 -1385.25 -2992.63 835 -1385.25 -1109.38 777.125 102.625 -1109.38 812.125 102.625 120.875 617.875 -276.75 -3289.63 812.125 -925 84.75 617.875 -293.875 84.75 617.875 -293.875 -3271.5 835 -979.75 -871 777.125 -408.375 -30.125 617.875 -51.625 -3293.13 835 -963.125 -3293.13 835 -963.125 -2380.63 835 -1145.75 -2380.63 835 -1145.75 -863.375 835 -424.75 -863.375 835 -424.75 -863.375 812.125 -424.75 194.75 437.5 -525.5 -3231.5 835 -959.75 -1116.88 812.125 119 194.75 617.875 -525.5 -3048.38 835 -1314.5 -2634.25 812.125 -602 -3339.5 835 -985 -30.125 437.5 -51.625 -3120.25 835 -1445.5 84.75 437.5 -293.875 84.75 437.5 -293.875 -3008.38 835 -1294.5 -2380.63 777.125 -1145.75 120.875 437.5 -276.75 -3115.88 835 -1158.75 -1609.13 777.125 -779.125 153.375 417.5 -438.5 153.375 417.5 -438.5 -1116.88 777.125 119 189.5 417.5 -421.25 -3406.63 745 -969.125 -3075.88 835 -1138.75 -1862.75 777.125 -235.375 -2634.25 745 -602 -871 812.125 -408.375 194.75 417.5 -525.5 -2380.63 745 -1145.75 -3218.75 835 -1023.75 -1615.63 812.125 -765.25 -30.125 417.5 -51.625 -3148.63 745 -1510.75 -1615.63 777.125 -765.25 -3178.75 835 -1003.75 -1856.25 777.125 -249.25 -1609.13 812.125 -779.125 -295.5 15 -134.875 -295.5 15 -134.875 -880.625 835 -387.5 -1117 835 119.125 -1117 835 119.125 -295.5 302.875 -134.875 -1116.88 745 119 -1863 835 -235 -1863 835 -235 194.75 237 -525.5 -863.375 745 -424.75 -2628.88 812.125 -613.5 -30.125 237 -51.625 -538 15 374.125 -538 15 374.125 -1609.13 745 -779.125 -1856.25 812.125 -249.25 -1862.75 745 -235.375 -1609.13 835 -779.125 -1609.13 835 -779.125 -1862.75 812.125 -235.375 -538 729.875 374.125 -538 729.875 374.125 -1096.38 835 74.875 135.375 0 -447 135.375 0 -447 -538 548.625 374.125 -1843.13 835 -277.5 66.75 0 -302.5 66.75 0 -302.5 207.625 217 -412.625 153.375 0 -438.5 -295.5 729.875 -134.875 -295.5 729.875 -134.875 84.75 0 -293.875 -259.75 835 709 -259.75 835 709 139 217 -268.125 -222.25 835 539.625 -222.25 835 539.625 -222.25 835 539.625 606.875 835 831.625 207.625 437.5 -412.625 -293.5 835 1258.25 -293.5 835 1258.25 207.625 617.875 -412.625 581.375 835 1243.63 690.25 835 -1239.13 1450.75 835 -1141.25 1450.75 835 -1141.25 139 617.875 -268.125 1629.13 835 -904.125 139 437.5 -268.125 1319.75 835 -630.25 -2399.63 835 -1105.13 153.375 217 -438.5 153.375 217 -438.5 -222.25 755 539.625 -222.25 755 539.625 -1627.38 835 -740.25 189.5 217 -421.25 -222.25 777.125 539.625 -545.75 745 390.375 -545.75 745 390.375 -545.75 745 390.375 -545.75 745 390.375 -545.75 745 390.375 1057.13 835 -311.75 -287.75 745 -151.125 -287.75 745 -151.125 -287.75 745 -151.125 -287.75 745 -151.125 183.875 835 -549.125 183.875 835 -549.125 -257.875 835 470.625 -257.875 835 470.625 84.75 637.875 -293.875 84.75 637.875 -293.875 696.125 835 428.375 120.875 637.875 -276.75 153.375 617.875 -438.5 153.375 617.875 -438.5 189.5 617.875 -421.25 -167.25 835 346.75 189.5 437.5 -421.25 153.375 437.5 -438.5 153.375 437.5 -438.5 84.75 417.5 -293.875 84.75 417.5 -293.875 551.5 797.125 1241.75 189.75 237 -421.125 -193.875 755 246.25 153.375 237 -438.5 153.375 237 -438.5 -215.75 755 323.125 84.75 237 -293.875 84.75 237 -293.875 -171.875 755 169.25 121.375 237 -276.5 -215.75 835 323.25 207.75 237.125 -412.625 207.625 417.5 -412.625 139 417.5 -268.125 139.375 237.125 -267.875 207.625 637.875 -412.625 690.25 626.25 -1239.13 690.25 626.25 -1239.13 1450.75 626.25 -1141.25 1450.75 626.25 -1141.25 709.25 805.625 -1236.63 690.25 805.625 -1239.13 690.25 805.625 -1239.13 139 637.875 -268.125 120.875 417.5 -276.75 1431.75 805.625 -1143.75 176.625 818.25 -534 176.625 818.25 -534 135.375 818.25 -447.125 -167.25 755 346.75 -145.25 755 269.875 -48.25 818.25 -60.25 -48.25 818.25 -60.25 -48.25 628.375 -60.25 135.375 835 -447.125 -56.625 835 -677.625 -56.625 835 -677.625 -55.375 835 -45.125 -55.375 835 -45.125 -55.375 835 -45.125 -55.375 835 -45.125 -55.375 835 -45.125 -56.625 550 -677.625 229.25 835 -1205.13 229.25 835 -1205.13 229.25 835 -1205.13 229.25 835 -1205.13 -123.25 835 192.625 220.625 690 -1189.38 -48 16.625 -693.5 -48 16.625 -693.5 220.625 16.625 -1189.38 220.625 16.625 -1189.38 -48 818.25 -693.5 -48 818.25 -693.5 -48 690.5 -693.5 220.625 818.25 -1189.38 220.625 818.25 -1189.38 847.375 835 44 676.375 805.625 -1238 676.375 805.625 -1238 243.125 805.625 -1206.13 243.125 805.625 -1206.13 677.875 561.75 -1218.13 676.375 551.125 -1238 -145.25 755 269.875 -123.25 755 192.625 243.125 16.625 -1206.13 243.125 16.625 -1206.13 676.375 16.625 -1238 676.375 16.625 -1238 244.5 273.125 -1186.25 243.125 283.875 -1206.13 244.5 561.75 -1186.25 677.875 540.375 -1218.13 244.5 540.375 -1186.25 66.75 818.25 -302.5 66.75 835 -302.5 677.875 294.125 -1218.13 244.5 294.125 -1186.25 677.875 273.125 -1218.13 176.625 16.625 -534 176.625 16.625 -534 -260.75 818.25 725.5 -260.75 818.25 725.5 66.75 16.625 -302.5 66.75 16.625 -302.5 -292.5 818.25 1241.75 -292.5 818.25 1241.75 84.75 16.625 -293.875 153.375 16.625 -438.5 -30.5 274.125 -684 -260.75 16.625 725.5 -260.75 16.625 725.5 135.375 16.625 -447 135.375 16.625 -447 238.25 274.125 -1179.75 -260.75 227.625 725.5 611.75 0 832.25 700.875 0 429.75 -292.5 16.625 1241.75 -292.5 16.625 1241.75 851.875 0 46.125 1632.5 0 -900.375 -292.5 630.375 1241.75 1450.75 0 -1141.25 1450.75 0 -1141.25 238.25 700.625 -1179.75 -259.75 417.5 709 1323.38 0 -626.875 -30.5 700.625 -684 -222.25 0 539.625 1061.25 0 -308.875 238.25 680.625 -1179.75 -259.75 0 709 -259.75 0 709 -55.375 377.5 -45.125 -55.375 377.5 -45.125 -30.5 680.625 -684 243.125 551.125 -1206.13 -287.75 0 -151.125 -287.75 0 -151.125 -287.75 0 -151.125 238.25 559.625 -1179.75 676.375 283.875 -1238 -55.375 0 -45.125 -55.375 0 -45.125 -55.375 0 -45.125 -30.5 559.625 -684 1450.75 805.625 -1141.25 1450.75 805.625 -1141.25 -545.75 777.125 390.375 -545.75 777.125 390.375 -30.5 539.625 -684 581.375 805.625 1243.63 -287.75 777.125 -151.125 238.25 539.625 -1179.75 586.375 55 1244 -863.375 777.125 -424.75 238.25 294.125 -1179.75 586.375 0 1244 -3406.63 777.125 -969.125 -30.5 294.125 -684 561.375 55 1242.38 -3294 777.125 -915.625 -3294 777.125 -915.625 581.375 626.25 1243.63 -545.75 0 390.375 -545.75 0 390.375 -545.75 0 390.375 581.375 577.125 1243.63 -545.75 377.5 390.375 -545.75 377.5 390.375 561.375 567.625 1242.38 1319.75 626.25 -630.25 551.5 626.25 1241.75 1629.13 626.25 -904.125 -293.5 417.5 1258.25 1629.13 577.125 -904.125 -293.5 0 1258.25 -293.5 0 1258.25 1319.75 577.125 -630.25 577.25 797.125 827.375 220.625 286.125 -1189.38 667.5 797.125 419.625 667.5 626.25 419.625 220.625 552.125 -1189.38 577.25 626.25 827.375 1298.25 797.125 -651 1298.25 626.25 -651 1032.63 626.25 -328.875 1032.63 797.125 -328.875 -48 549.875 -693.5 820.5 626.25 30.875 820.5 797.125 30.875 1368 375 -1152 1368 375 -1152 -48 284.125 -693.5 1459.5 626.25 -1129.63 1459.5 577.125 -1129.63 183.875 0 -549.125 183.875 0 -549.125 1293.13 0 -1197 -56.625 0 -677.625 -56.625 0 -677.625 1377.5 0 -1186.25 183.875 417.5 -549.125 -55.375 812.125 -45.125 -55.375 812.125 -45.125 -222.25 812.125 539.625 229.25 0 -1205.13 229.25 0 -1205.13 229.25 0 -1205.13 229.25 0 -1205.13 690.25 0 -1239.13 690.25 0 -1239.13 690.25 0 -1239.13 -116 835 -26.375 -116 835 -26.375 1297.5 375 -1191.25 1297.5 375 -1191.25 -171.875 835 169.25 1293.63 375 -1161.5 -171.875 815 169.125 1378 0 -1150.88 1378 0 -1150.88 851.125 375 -1248.5 851.125 375 -1248.5 -520 539.5 382.75 -2615.5 835 -642.125 847.375 375 -1218.75</float_array>
                    <technique_common>
                        <accessor count="553" source="#ID78" stride="3">
                            <param name="X" type="float"/>
                            <param name="Y" type="float"/>
                            <param name="Z" type="float"/>
                        </accessor>
                    </technique_common>
                </source>
                <source id="ID79">
                    <float_array id="ID80" count="972">-0.99813 0 -0.0611297 -0.99813 0 -0.0611297 0.429246 0 -0.903187 0.428801 0 -0.903399 0.428355 0 -0.90361 0.430055 0.00142214 -0.902802 0.429697 0.000352011 -0.902973 0.428486 0.000293126 -0.903549 0.428616 0 -0.903487 0.42969 0.00321039 -0.902971 0.430904 0.00184009 -0.902396 -0.429012 -0.000282974 0.903299 -0.429655 0.000525736 0.902993 -0.43096 -0.000125972 0.902371 -0.430903 0 0.902398 -0.428348 0.00117744 0.903613 -0.42969 0.00266888 0.902972 0.429692 -0 -0.902976 0.429692 0 -0.902976 -0.430096 0 0.902783 -0.430499 0 0.902591 -0.430903 0 0.902398 -0.429692 -0 0.902976 -0.429692 0 0.902976 -0.430298 -0 0.902687 -0.430298 0 0.902687 -0.903557 0 -0.428467 -0.903557 0 -0.428467 -0.903076 0 -0.42948 -0.879129 0 -0.476583 -0.902779 0 -0.430106 0.127476 0 -0.991842 0.798482 0.000109468 -0.602019 0.995001 0 0.0998667 0.995002 0.000111838 0.0998518 0.700889 0 0.71327 0.737325 0 0.675538 0.80373 0 0.594995 0.833714 0 0.552197 0.886858 0 0.462042 0.909976 0 0.41466 0.94839 0 0.317107 0.963711 0 0.266947 0.98628 0 0.16508 0.993552 0 0.113379 0.998106 0 0.0615105 0.419797 0 -0.907618 0.424563 0 -0.905399 0.429278 0 -0.903173 0.429238 0 -0.903191 0.429203 0 -0.903208 0.429208 0 -0.903206 0.429258 0 -0.903182 0.42931 -0.00016174 -0.903157 0.429205 -0.000327708 -0.903207 0.429036 -0.000327708 -0.903287 0.428871 -0.000248952 -0.903366 0.428844 0 -0.903379 0 1 -0 -0.354253 -0.570948 0.740623 -0.431141 -0.0381375 0.901478 -0.298285 -0.718973 0.627777 -0.428899 -0.0260687 0.902976 -0.299948 -0.715119 0.631376 -0.428932 -0.0154223 0.903205 -0.301654 -0.711115 0.635075 -0.428976 -0.00485348 0.903303 -0.429052 -0.00364035 0.903273 -0.428936 -0 0.903335 0 -1 -0 -0.877096 0 -0.480315 -0.877096 0 -0.480315 -0.877096 0 -0.480315 -0.877096 0 -0.480315 0.66922 -0.715987 0.198766 0.956408 0 0.292032 0.725603 -0.603521 0.33055 0.886917 0 0.461929 0.664824 -0.603441 0.440304 0.803692 0 0.595045 0.619536 -0.514476 0.592865 0.719395 0 0.694602 0.994941 4.8188e-005 0.100462 0.499801 -0.711679 0.493672 0.717042 0 0.69703 0.640878 -0.603408 0.474525 0.833719 0 0.552189 0.707196 -0.603475 0.368364 0.910002 0 0.414605 0.818915 -0.514603 0.254092 0.956398 0 0.292067 0.986262 0 0.16519 -0.426331 -0 0.904567 -0.426276 0 0.904593 -0.426353 0 0.904557 -0.426429 0 0.904521 -0.426426 0 0.904523 -0.426423 0 0.904524 -0.426423 0 0.904524 0.420749 0 -0.907177 0.426426 0 -0.904522 0.432123 0 -0.901815 0.432159 0 -0.901798 0.432166 0 -0.901794 0.432137 0 -0.901808 0.432071 0 -0.90184 -0.429174 -0 0.903222 -0.429163 0 0.903227 -0.429151 0 0.903233 -0.429164 0 0.903227 -0.429188 0 0.903215 -0.429261 0.000270489 0.90318 -0.998168 0 -0.0604951 -0.998169 0 -0.0604951 -0.998168 0 -0.0604951 -0.998169 0 -0.0604951 -0.998169 0 -0.0604951 0.602005 0 0.798492 0.602005 0 0.798493 0.799058 0 -0.601254 0.755303 -0.325312 -0.568937 0.798968 0 -0.601374 -0.429077 -0 0.903268 -0.429203 0.000540978 0.903208 -0.429233 0.000360652 0.903194 -0.429252 0 0.903185 -0.878688 0 -0.477397 -0.878688 0 -0.477397 0.429203 0 -0.903208 0.429258 0 -0.903182 0.429258 0 -0.903182 0.422181 0 -0.906511 0.422181 0 -0.906511 0.0249591 0 -0.999688 0.128976 -0.000972634 -0.991647 0.0464828 -0.000713503 -0.998919 0.128533 -3.24115e-005 -0.991705 0.12905 0.000924017 -0.991638 -0.418925 -0 0.908021 -0.418925 0 0.908021 -0.418925 0 0.908021 0.603011 0 0.797733 0.603011 0 0.797733 0.603011 0 0.797733 0.798781 8.21011e-005 -0.601622 0.750178 -0.343202 -0.565195 0.798968 0 -0.601374 0.415019 0 -0.909813 0.415019 0 -0.909813 0.415019 0 -0.909813 0.415019 0 -0.909813 -0.901756 0 -0.432246 -0.901756 0 -0.432246 -0.904649 0 -0.426157 -0.904649 0 -0.426157 0.127806 -0 -0.991799 0.127726 0.000630928 -0.991809 0.127645 0.000420619 -0.99182 0.127565 0.000630928 -0.99183 0.127485 0 -0.99184 -0.902604 0 -0.430473 -0.902604 0 -0.430473 0.429224 0 -0.903198 0.429208 0 -0.903206 -0.903106 0 -0.429418 -0.903222 0.00184295 -0.42917 -0.903334 0.00368589 -0.428921 0.43212 0 -0.901816 -0.554682 0.0018698 -0.832061 0.531176 0.00190395 -0.847259 -0.554487 0.00167241 -0.832191 0.901568 0.000958702 -0.432636 -0.998169 0 -0.0604951 0.429202 0 -0.903208 0.429238 -0.000132104 -0.903192 0.429232 -0.000198156 -0.903194 0.429241 -0.000132104 -0.90319 0.124035 0.000335003 -0.992278 -1 0 -0 0.625522 -0.779239 0.0388436 0.791033 -0.60363 0.0994911 0.998075 0 0.0620221 -0.904649 0 -0.426157 0.76999 -0.637906 -0.0138437 0.601817 -0.53464 0.593276 0.921368 0 0.38869 0.737314 0 0.67555 -0.902768 0.00045468 -0.430128 -0.902773 -1.45186e-005 -0.430117 -0.902778 -0.000483718 -0.430106 -0.0808159 0 -0.996729 -0.902768 0.000458469 -0.430128 -0.902773 -1.46396e-005 -0.430117 -0.902778 -0.000487749 -0.430106 -0.0718856 0 -0.997413 -0.0718856 0 -0.997413 -0.0718856 0 -0.997413 0.799054 7.08084e-005 -0.601259 0.887217 0 0.461353 0.89673 0.00636658 0.442531 0.905809 0.0127301 0.423495 0.906183 0 0.422885 -0.426463 0 0.904505 0.428898 0 -0.903353 0.42905 -0.000926444 -0.90328 0.429202 -0.00185289 -0.903207 0.126702 0.000388235 -0.991941 -0.991624 5.05523e-005 -0.129161 -0.991889 -0.000144409 -0.127111 -0.992149 -0.000339369 -0.125061 0.707107 0 0.707107 0.12558 0.000377334 -0.992083 0.129266 0.00222833 -0.991607 0.12843 0.00111417 -0.991718 0.127593 -0 -0.991827 -0.0808159 0 -0.996729 -0.301508 0 -0.953464 -0.964149 0.000298669 -0.265363 -0.763774 0.000253219 -0.645484 -0.964024 0.000597338 -0.265815 0.745834 0 -0.666131 0.9999 -0 -0.0141329 0.9999 0 -0.0141329 0.991624 -5.05523e-005 0.129161 -0.964024 0 -0.265815 -0.964149 0.000297652 -0.265363 -0.911219 0 -0.411921 -0.908868 0 -0.417083 0.415055 -0 -0.909796 0.415055 0 -0.909796 0.432033 -0 -0.901858 -0.429077 -0 0.903268 -0.429077 0 0.903268 -0.418479 0 0.908226 -0.418479 0 0.908226 -0.432483 -0.0211508 0.901394 0.415019 -0 -0.909813 -0.427006 0 0.904249 -0.427006 0 0.904249 -0.903452 0 -0.42869 -0.903413 -0.00149655 -0.428768 -0.903373 -0.00299309 -0.428846 -0.90331 0 -0.428989 -0.903442 -0.0021377 -0.428704 -0.903571 -0.00427539 -0.428417 0.436982 0.00281223 -0.899466 0.437296 0.00187482 -0.899316 0.437921 0 -0.899013 -0.43451 -0.00187888 0.900665 -0.434093 -0.00125258 0.900867 -0.434511 0.000937564 0.900666 -0.433258 0 0.90127 -0.903413 0.00148538 -0.428768 -0.903373 0.00297075 -0.428846 0.617829 -0.705457 0.3473 0.342571 -0.902441 -0.261239 0.615315 -0.528841 0.584563 0.697154 -0.534544 0.477743 0.687012 -0.534635 0.492119 0.76323 -0.534882 0.362464 0.755371 -0.535058 0.378322 0.810565 -0.535029 0.238178 0.805521 -0.534818 0.25516 0.838008 -0.534615 0.109219 0.835404 -0.534885 0.126487 0.935429 -0.34874 0.0578967 0.715987 -0.696693 0.0445241 0.582934 -0.804719 0.112318 0.777392 -0.62793 0.0369507 0.632779 -0.602721 -0.486126 0.919173 -0.389725 0.0568905 0.787659 -0.603743 0.12283 0.794999 -0 -0.606611 0.795086 7.39312e-005 -0.606497 0.795172 0.000147862 -0.606384 0.995111 0 0.0987674 0.793003 0 -0.609217 0.99809 0 0.061775 0.993536 0 0.113522 0.131159 0 -0.991361 0.131159 0 -0.991361 0.659438 -0.000183311 0.751759 0.698791 -6.1281e-005 0.715326 0.803706 0 0.595027 0.88687 0 0.46202 0.948441 0 0.316954 0.986273 0 0.165124 0.998067 0 0.0621529 0.99809 0 0.061775 0.993535 0 0.113522 0.963738 0 0.266852 0.910024 0 0.414556 0.833735 0 0.552164 0.992149 -4.89475e-005 0.125061 0.992149 -4.89475e-005 0.125061 0.9999 1.58796e-005 -0.0141579 0.999899 0 -0.014183 -0.998117 -0.000833469 -0.0613317 -0.998116 2.66373e-005 -0.0613585 -0.998114 0.000886744 -0.0613852 -0.998117 -0.000827249 -0.0613317 -0.998116 2.64384e-005 -0.0613585 -0.998114 0.000880126 -0.0613852 -0.0733525 0 -0.997306 -0.0733525 0 -0.997306 -0.0733525 0 -0.997306 -0.0735529 0.00139884 -0.99729 -0.0734627 0.00382448 -0.997291 -0.0733721 0.0062501 -0.997285 -0.0734631 -0.00207929 -0.997296 -0.0759145 -0.0013862 -0.997113 -0.0733735 -0.000706492 -0.997304 -0.87918 0.00469224 -0.476466 -0.87923 0.0016845 -0.476394 -0.879272 -0.00132326 -0.476318 -0.87919 0.00114508 -0.476471 -0.87923 -0.00188472 -0.476394 -0.879262 -0.0049145 -0.476313 -0.902604 0 -0.430473 -0.433251 -0.00563285 0.901255 -0.902604 0 -0.430473 0.436039 0.00562444 -0.89991 -0.0718856 0 -0.997413 0.130455 0 -0.991454</float_array>
                    <technique_common>
                        <accessor count="324" source="#ID80" stride="3">
                            <param name="X" type="float"/>
                            <param name="Y" type="float"/>
                            <param name="Z" type="float"/>
                        </accessor>
                    </technique_common>
                </source>
                <source id="ID81">
                    <float_array id="ID82" count="606">0.5 5 0 5 0.5 4.89648 0 4.89648 0.0351563 -0.0976563 0.0351563 0 0.0996094 -0.0976563 0.0996094 0 0 -0.0976563 0 0 0.255371 5 0.255371 4.89648 0.408203 5 0.408203 4.89648 7.2998 -0.125977 7 -0.125 7 0 6.69971 -0.125 6.69971 0 6.2998 -0.125 6.2998 0 6 -0.125 6 0 5.69971 -0.125 5.69971 0 5.2998 -0.125 5.2998 0 5 -0.125 5 0 -1.8999 2.97266 -1.8999 3 -1.81934 2.97266 -1.81934 3 -1.71484 2.97266 -1.71484 3 -1.60693 2.97266 -1.60693 3 -1.52393 2.97266 -1.52393 3 -1.5 2.97266 -1.5 3 2.59961 2.89844 2.59961 3 2.69971 2.89844 2.69971 3 2.8999 2.89844 2.8999 3 3.09961 2.89844 3.09961 3 3.19971 2.89844 3.19971 3 3.2998 2.89844 3.2998 3 -1.51563 2.97266 -1.51563 3 -1.60791 2.97266 -1.60791 3 -1.71582 2.97266 -1.71582 3 -1.81982 2.97266 -1.81982 3 -1.51416 2.97266 -1.52295 2.97266 -1.60645 2.97266 -1.71436 2.97266 -1.81885 2.97266 -1.8999 2.92773 -1.81934 2.92773 -1.81885 2.92773 -1.71484 2.92773 -1.71436 2.92773 -1.60693 2.92773 -1.60645 2.92773 -1.52393 2.92773 -1.52295 2.92773 -1.51563 2.92773 -1.51416 2.92773 -1.60791 2.92773 -1.71582 2.92773 -1.81982 2.92773 -2 -3.10938 -1.91992 -3.10938 -2 -3 -1.83398 -3.10938 -1.82959 -3 -1.66797 -3.10938 -1.67188 -3 -1.5 -3.10938 -1.5 -3 5.69971 1.89746 5.69971 2 6 1.89746 6 2 6.2998 1.89746 6.2998 2 6.69971 1.89746 6.69971 2 7 2 6.69971 1 6.2998 1 6 1 5.69971 1 5.2998 1 -1.8999 2.90723 -1.81982 2.90723 -1.71582 2.90723 1.26416 -1.00586 1.3999 -1.0918 1.19092 -1.00586 1.27246 -1.0918 1.0957 -1.00586 1.14844 -1.0918 0.997559 -1.00586 1.57861 -1.09766 1.58105 -1.00586 1.60938 -1.09766 1.60742 -1.00586 1.64063 -1.09766 1.63379 -1.00586 -1.6167 -3.10938 -1.75 -3 -1.7417 -3.10938 -1.86719 -3.10938 -1.63135 -3.10938 -1.75781 -3.10938 -1.87988 -3.10938 7.28516 1 7.28516 1.89746 7.2998 1 7.2998 1.89746 -1.5 2.92773 -1.5 2.90723 -1.60791 2.90723 0.899902 -1.0918 0.899902 -1.00586 0.914551 -1.0918 0.921875 -1.00586 0.920898 -1.0918 1.01953 -1.0918 -1.57959 -3.10938 -1.67041 -3 -1.66699 -3.10938 -1.83301 -3.10938 -1.71484 2.90723 -1.81934 2.90723 0.311035 -3.09961 0.303223 -3.09961 0.311035 -3 0.00732422 -3.09961 0 -3 1.69971 0.905273 1.2998 0.905273 1.69971 0.453125 1.2998 0 1.69971 0 7.28516 0 7.28516 0.900391 7.2998 0.900391 1.2998 0.453125 -1.75537 -3.10938 -1.63232 -3 -1.75586 -3 -1.7251 -3.10938 -1.88135 -3 -1.9502 -3.10938 8.28369 0.900391 8.28369 1 8.49902 0.901367 8.71387 1 8.71387 0.900391 -1.63184 -3.10938 -1.80176 -3.10938 -1.60693 2.90723 -1.60107 -3 -1.59131 -3.10938 0.498535 2.0166 0.498535 1.90527 0.470703 2.0166 0.470703 1.90527 9.21631 -0.125977 9.28516 -0.125977 9.21631 0 9.28516 0 8.32275 0 8.33057 0.678711 8.33057 0 8.33057 0.585938 5 1.89746 5.2998 1.89746 5 1.0459 -1.96338 -3.10938 7 0.900391 6.69971 0.900391 7 1 2.5 -3 2.4624 -3 2.5 -3.10645 2.30127 -3.10645 -2 2.90723 -2 2.92773 2.5 3 2.5 2.89844 1.5 -3 1.32959 -3 1.32178 -3.10547 1.16162 -3.10547 7.2998 2 7.2998 0 1 -3 1.17188 -3 2.1333 -3.10645 2.08643 -3 1.979 -3.10645 1.979 -3 1.7998 -1.09961 1.80713 -1.09961 1.7998 -1.00586 1.81592 -1.00586 1.81396 -1.09961 1.90771 -1.00586 1.08691 -6.97852 1.24902 -6.97852 1.08691 -8 1.24902 -8 1.24902 -7.99902 0.938965 -6.97852 1 -6.97852 0.938965 -8 1 -8 8.66699 0.584961 8.66699 0.678711 8.66699 0 8.67578 0 8.71387 0 8.67578 -0.125977 8.71387 -0.125977 2.10791 -3 8.79297 0 8.78564 0 8.79297 -0.125977 8.78564 -0.126953 8.86182 0 8.86182 -0.125977 1 -7.99902 9.20898 0 9.20898 -0.125977 1.91748 -1.09961 2.01563 -1.00586 2.04248 -1.09961 2.12012 -1.00586 2.16357 -1.09961 2.19971 -1.00586 1.5 -1.00586 1.5 -1.09766 -2 2.97266 -2 3 0.5 1.90527 0.5 2.0166 0.47168 1.90527 0.47168 2.0166 -1.75488 -3 -1.89844 -3 -1.9082 -3.10938 -1.74414 -3 -1.74414 -3.10938 1.69971 -1.00586 1.69971 -1.09766 6.2998 0.900391 6 0.900391 5.69971 0.900391 5.2998 0.900391 5 0.900391 5 0.889648 5 0.0244141 7 1.89746 5 1 7.69727 0 7.32031 0 7.69727 0.900391 7.32031 0.900391 5 2 5.2998 2 8.28369 0 8.28369 -0.125977 8.32275 -0.125977 9.28564 -0.125977 9.28564 0 3 -3 3.5 -3 3 -3.11816 3.5 -3.11816 0.5 -3 0.316895 -3.09961 0.494141 -3.09961 -1.86865 -3.10938 -1.69824 -3.10938 2.2998 -1.09961 2.2998 -1.00586 -1.9834 -3.10938 1.3999 -1.00586 1 -3.10547 1.5 -3.10547 0 -3.09961</float_array>
                    <technique_common>
                        <accessor count="303" source="#ID82" stride="2">
                            <param name="S" type="float"/>
                            <param name="T" type="float"/>
                        </accessor>
                    </technique_common>
                </source>
                <vertices id="ID83">
                    <input semantic="POSITION" source="#ID77"/>
                </vertices>
                <triangles count="502" material="Material1">
                    <input offset="0" semantic="VERTEX" source="#ID83"/>
                    <input offset="1" semantic="NORMAL" source="#ID79"/>
                    <input offset="2" semantic="TEXCOORD" source="#ID81" set="0"/>
                    <p>127 1 2 134 1 1 130 0 0 134 1 1 127 1 2 125 0 3 114 1 2 121 1 1 118 0 0 121 1 1 114 1 2 110 0 3 100 1 2 107 1 1 103 0 0 107 1 1 100 1 2 96 0 3 341 4 6 231 3 5 366 2 4 231 3 5 341 4 6 228 4 7 149 7 6 351 6 5 146 5 4 351 6 5 149 7 6 349 8 7 146 5 4 356 10 9 290 9 8 356 10 9 146 5 4 351 6 5 346 13 7 313 12 4 343 11 5 313 12 4 346 13 7 309 14 6 313 12 4 353 15 9 343 11 5 353 15 9 313 12 4 283 16 8 366 2 4 305 18 9 355 17 8 305 18 9 366 2 4 231 3 5 339 21 7 237 20 4 337 19 5 237 20 4 339 21 7 235 14 6 337 19 5 354 23 8 295 22 9 354 23 8 337 19 5 237 20 4 189 21 7 335 25 4 183 24 5 335 25 4 189 21 7 334 14 6 335 25 4 357 23 9 183 24 5 357 23 9 335 25 4 298 22 8 207 4 6 332 3 5 204 2 4 332 3 5 207 4 6 330 4 7 204 2 4 365 18 9 303 17 8 365 18 9 204 2 4 332 3 5 148 27 11 265 27 1 348 26 10 265 27 1 148 27 11 152 26 3 340 27 11 225 27 1 227 26 10 225 27 1 340 27 11 247 26 3 206 27 11 195 27 1 329 26 10 195 27 1 206 27 11 210 26 3 262 28 0 308 28 13 345 28 12 308 28 13 262 28 0 162 28 2 218 28 0 234 28 13 338 28 12 234 28 13 218 28 0 243 28 2 180 28 0 333 28 13 188 28 12 333 28 13 180 28 0 221 28 2 438 29 2 484 29 1 481 29 0 484 29 1 438 29 2 433 29 3 478 29 2 470 29 1 465 29 0 470 29 1 478 29 2 475 29 3 455 29 2 452 29 1 449 29 0 452 29 1 455 29 2 460 29 3 11 30 2 16 30 1 14 30 0 16 30 1 11 30 2 9 30 3 0 30 2 7 30 1 5 30 0 7 30 1 0 30 2 550 30 3 52 31 2 60 31 1 56 31 0 60 31 1 52 31 2 48 31 3 83 34 16 445 33 15 447 32 14 445 33 15 83 34 16 451 35 17 81 36 18 451 35 17 83 34 16 451 35 17 81 36 18 454 37 19 80 38 20 454 37 19 81 36 18 454 37 19 80 38 20 444 39 21 77 40 22 444 39 21 80 38 20 444 39 21 77 40 22 441 41 23 74 42 24 441 41 23 77 40 22 441 41 23 74 42 24 440 43 25 72 44 26 440 43 25 74 42 24 440 43 25 72 44 26 482 45 27 479 45 28 482 45 27 72 44 26 217 48 31 141 47 30 143 46 29 141 47 30 217 48 31 215 49 32 252 50 33 215 49 32 217 48 31 215 49 32 252 50 33 272 51 34 171 52 35 272 51 34 252 50 33 272 51 34 171 52 35 214 53 36 132 54 37 214 53 36 171 52 35 214 53 36 132 54 37 135 55 38 140 56 39 135 55 38 132 54 37 135 55 38 140 56 39 137 57 40 250 58 43 208 58 42 219 58 41 208 58 42 250 58 43 245 58 44 239 58 45 245 58 44 250 58 43 245 58 44 239 58 45 232 58 46 229 58 47 232 58 46 239 58 45 232 58 46 229 58 47 222 58 48 198 58 49 222 58 48 229 58 47 222 58 48 198 58 49 190 58 50 201 58 51 190 58 50 198 58 49 190 58 50 201 58 51 185 58 52 223 61 55 119 60 54 123 59 53 119 60 54 223 61 55 173 62 56 273 63 57 173 62 56 223 61 55 173 62 56 273 63 57 261 64 58 220 65 59 261 64 58 273 63 57 261 64 58 220 65 59 257 66 60 112 67 29 257 66 60 220 65 59 257 66 60 112 67 29 116 68 30 220 65 59 144 69 29 112 69 29 144 69 29 220 65 59 203 69 59 273 63 57 203 69 59 220 65 59 203 69 59 273 63 57 269 69 33 223 61 55 269 69 33 273 63 57 269 69 33 223 61 55 264 69 35 123 59 53 264 69 35 223 61 55 264 69 35 123 59 53 205 69 61 171 69 35 161 69 62 132 69 37 161 69 62 171 69 35 160 69 63 252 69 33 160 69 63 171 69 35 160 69 63 252 69 33 246 69 64 217 69 31 246 69 64 252 69 33 246 69 64 217 69 31 242 69 65 143 69 29 242 69 65 217 69 31 242 69 65 143 69 29 163 69 29 480 58 67 165 58 66 477 58 66 165 58 66 480 58 67 209 58 68 233 58 69 209 58 68 480 58 67 209 58 68 233 58 69 249 58 70 230 58 71 249 58 70 233 58 69 249 58 70 230 58 71 157 58 72 197 58 73 157 58 72 230 58 71 157 58 72 197 58 73 155 58 74 169 58 77 170 58 76 487 58 75 170 58 76 169 58 77 168 58 71 240 58 78 168 58 71 169 58 77 168 58 71 240 58 78 251 58 69 236 58 79 251 58 69 240 58 78 251 58 69 236 58 79 202 58 79 474 58 66 202 58 79 236 58 79 202 58 79 474 58 66 154 58 66 387 71 82 390 70 81 398 70 80 390 70 81 387 71 82 508 70 83 101 71 84 508 70 83 387 71 82 508 70 83 101 71 84 505 71 85 4 70 86 505 71 85 101 71 84 505 71 85 4 70 86 394 72 87 535 73 88 394 72 87 4 70 86 88 76 91 331 75 90 89 74 89 331 75 90 88 76 91 400 77 92 87 78 93 400 77 92 88 76 91 400 77 92 87 78 93 320 79 94 85 80 95 320 79 94 87 78 93 320 79 94 85 80 95 306 81 96 304 82 97 306 81 96 85 80 95 513 85 93 511 84 98 510 83 95 511 84 98 513 85 93 512 86 99 516 87 91 512 86 99 513 85 93 512 86 99 516 87 91 515 88 100 506 89 89 515 88 100 516 87 91 515 88 100 506 89 89 507 90 101 509 91 102 507 90 101 506 89 89 269 93 33 202 92 79 203 92 59 202 92 79 269 93 33 251 94 69 264 95 35 251 94 69 269 93 33 251 94 69 264 95 35 168 96 71 205 97 61 168 96 71 264 95 35 168 96 71 205 97 61 170 98 76 209 101 68 163 100 29 165 99 66 163 100 29 209 101 68 242 102 65 249 103 70 242 102 65 209 101 68 242 102 65 249 103 70 246 104 64 157 105 72 246 104 64 249 103 70 246 104 64 157 105 72 160 105 63 236 107 79 315 106 103 474 106 66 315 106 103 236 107 79 259 108 104 240 109 78 259 108 104 236 107 79 259 108 104 240 109 78 270 110 105 169 111 77 270 110 105 240 109 78 216 58 108 540 58 107 142 58 106 540 58 107 216 58 108 255 58 109 271 58 110 255 58 109 216 58 108 255 58 109 271 58 110 312 58 111 213 58 112 312 58 111 271 58 110 344 58 115 408 58 114 350 58 113 408 58 114 344 58 115 407 58 116 347 58 117 407 58 116 344 58 115 371 58 118 372 58 116 347 58 117 446 114 119 297 113 88 430 112 87 297 113 88 446 114 119 499 113 120 97 115 121 499 113 120 446 114 119 499 113 120 97 115 121 91 112 122 439 112 123 457 115 88 435 116 87 457 115 88 439 112 123 450 113 120 86 113 124 450 113 120 439 112 123 450 113 120 86 113 124 82 114 125 520 118 126 92 118 127 93 117 126 92 118 127 520 118 126 6 117 127 360 121 128 6 120 127 520 119 126 6 120 127 360 121 128 472 121 129 238 124 131 487 123 75 483 122 130 487 123 75 238 124 131 169 111 77 241 125 132 169 111 77 238 124 131 169 111 77 241 125 132 270 110 105 184 58 135 138 58 134 226 58 133 138 58 134 184 58 135 136 58 136 200 58 137 136 58 136 184 58 135 136 58 136 200 58 137 307 58 138 397 127 139 378 127 88 396 126 87 378 127 88 397 127 139 384 127 140 514 127 141 384 127 140 397 127 139 384 127 140 514 127 141 519 127 142 480 130 67 263 129 144 268 128 143 263 129 144 480 130 67 321 131 103 477 132 66 321 131 103 480 130 67 300 135 147 362 134 146 364 133 145 362 134 146 300 135 147 367 136 148 301 137 149 367 136 148 300 135 147 494 139 152 311 139 151 319 138 150 311 139 151 494 139 152 453 140 153 489 140 154 453 140 153 494 139 152 69 142 155 94 142 156 98 141 155 94 142 156 69 142 155 521 143 156 75 146 157 521 145 156 69 144 155 459 149 152 324 148 151 106 147 150 324 148 151 459 149 152 194 148 158 462 150 153 194 148 158 459 149 152 131 152 125 528 152 120 139 151 159 528 152 120 131 152 125 325 152 82 368 152 80 325 152 82 131 152 125 458 154 162 164 154 161 156 153 160 164 154 161 458 154 162 375 153 163 104 153 164 375 153 163 458 154 162 68 157 167 361 156 166 76 155 165 361 156 166 68 157 167 358 158 168 61 159 169 358 158 168 68 157 167 111 161 171 493 161 120 279 160 170 493 161 120 111 161 171 490 161 82 233 163 69 268 128 143 244 162 172 268 128 143 233 163 69 480 130 67 326 165 88 370 165 174 376 164 173 370 165 174 326 165 88 369 166 87 431 167 177 281 167 176 427 167 175 281 167 176 431 167 177 287 167 178 17 170 181 527 169 180 524 168 179 527 169 180 17 170 181 19 171 182 360 121 128 521 145 156 75 146 157 521 145 156 360 121 128 520 119 126 91 112 122 501 113 82 499 113 120 501 113 82 91 112 122 442 172 80 197 175 73 248 174 131 199 173 130 248 174 131 197 175 73 230 176 71 82 114 125 288 115 82 450 113 120 288 115 82 82 114 125 425 116 80 30 177 185 73 177 184 27 177 183 73 178 184 30 178 185 517 178 186 497 181 189 504 180 188 342 179 187 504 180 188 497 181 189 509 91 102 374 154 82 104 153 164 108 182 190 104 153 164 374 154 82 375 153 163 498 185 193 503 184 192 500 183 191 503 184 192 498 185 193 496 186 98 286 188 87 317 188 82 323 187 88 317 188 82 286 188 87 274 189 80 412 190 196 71 190 195 537 190 194 71 190 195 412 190 196 466 190 197 267 192 87 463 192 82 491 191 88 463 192 82 267 192 87 253 193 80 314 139 66 316 139 198 310 140 103 316 139 198 314 139 66 473 138 199 523 152 88 150 152 123 528 152 120 150 152 123 523 152 88 424 152 87 2 58 201 208 58 42 212 58 200 208 58 42 2 58 201 219 58 41 468 154 87 156 153 160 159 154 88 156 153 160 468 154 87 458 154 162 519 127 142 525 127 82 384 127 140 525 127 82 519 127 142 391 127 80 461 196 204 102 195 203 386 194 202 102 195 203 461 196 204 414 195 205 302 197 206 6 120 127 472 121 129 6 120 127 302 197 206 304 82 97 69 144 155 447 32 14 79 121 207 447 32 14 69 144 155 83 34 16 3 195 209 414 195 205 533 195 208 414 195 205 3 195 209 102 195 203 402 190 212 359 190 211 406 190 210 359 190 211 402 190 212 363 190 213 129 58 216 211 58 215 224 58 214 211 58 215 129 58 216 120 58 217 120 58 217 1 58 218 211 58 215 1 58 218 120 58 217 172 58 219 307 58 138 213 58 112 136 58 136 213 58 112 307 58 138 312 58 111 196 199 74 161 199 62 155 198 74 161 199 62 196 199 74 133 200 62 124 201 61 170 201 76 205 201 61 170 201 76 124 201 61 486 201 76 144 202 29 202 92 79 154 202 66 202 92 79 144 202 29 203 92 59 133 204 62 199 204 130 140 203 39 199 204 130 133 204 62 196 205 74 44 206 222 192 206 221 549 206 220 192 206 221 44 206 222 50 206 223 542 206 220 22 206 224 25 206 222 22 206 224 542 206 220 176 206 221 49 208 227 186 208 226 191 207 225 186 208 226 49 208 227 58 209 228 57 210 231 65 210 230 187 210 229 65 211 230 57 211 231 53 211 232 182 213 234 70 213 233 53 212 232 70 213 233 182 213 234 538 214 235 62 215 236 466 190 197 406 190 210 466 190 197 62 215 236 71 190 195 179 218 239 54 217 238 46 216 237 54 217 238 179 218 239 181 219 240 177 220 242 46 216 237 37 220 241 46 216 237 177 220 242 179 218 239 177 220 242 39 222 241 178 221 242 39 222 241 177 220 242 37 220 241 175 223 225 31 223 243 21 223 227 31 223 243 175 223 225 518 223 226 17 170 181 174 225 245 33 224 244 174 225 245 17 170 181 524 168 179 172 58 219 551 58 246 1 58 218 551 58 246 172 58 219 260 58 247 260 58 247 280 58 248 551 58 246 280 58 248 260 58 247 256 58 249 256 58 249 276 58 250 280 58 248 276 58 250 256 58 249 117 58 251 380 58 252 543 58 113 389 58 114 543 58 113 380 58 252 539 58 253 167 69 254 143 69 29 530 69 254 143 69 29 167 69 254 163 69 29 109 58 199 165 58 66 166 58 199 165 58 66 109 58 199 477 58 66 166 226 199 530 226 254 109 226 199 530 226 254 166 226 199 167 226 254 147 227 29 314 227 66 531 227 29 314 227 66 147 227 29 151 227 66 151 58 66 473 58 199 314 58 66 473 58 199 151 58 66 153 58 199 145 69 254 531 69 29 113 69 254 531 69 29 145 69 254 147 69 29 165 99 66 167 229 254 166 228 199 167 229 254 165 99 66 163 100 29 161 230 62 157 105 72 155 230 74 157 105 72 161 230 62 160 105 63 483 232 130 124 232 61 126 231 39 124 232 61 483 232 130 486 231 76 147 234 29 153 234 199 151 233 66 153 234 199 147 234 29 145 233 254 143 46 29 379 148 255 530 148 254 379 148 255 143 46 29 141 47 30 123 59 53 128 235 40 126 122 39 128 235 40 123 59 53 119 60 54 113 139 254 291 139 30 115 139 255 291 139 30 113 139 254 531 139 29 321 131 103 109 148 199 105 236 198 109 148 199 321 131 103 477 132 66 284 238 258 437 238 257 278 237 256 437 238 257 284 238 258 432 237 259 469 240 88 428 240 159 282 239 260 428 240 159 469 240 88 158 241 87 436 243 262 522 243 82 277 242 261 522 243 82 436 243 262 423 244 80 371 247 118 12 246 117 336 245 118 12 246 117 371 247 118 347 247 117 350 250 113 389 249 114 545 248 113 389 249 114 350 250 113 408 251 114 418 252 264 383 252 82 419 239 263 383 252 82 418 252 264 373 253 80 352 58 117 293 58 265 336 58 118 293 58 265 352 58 117 328 58 266 64 254 191 521 145 156 500 183 191 521 145 156 64 254 191 94 255 156 500 183 191 59 256 192 64 254 191 59 256 192 500 183 191 503 184 192 503 184 192 51 257 267 59 256 192 51 257 267 503 184 192 23 258 267 23 258 267 45 259 268 51 257 267 45 259 268 23 258 267 18 260 268 18 260 268 38 261 269 45 259 268 38 261 269 18 260 268 15 262 269 15 262 269 34 263 270 38 261 269 34 263 270 15 262 269 10 264 270 495 266 272 10 264 270 492 265 271 10 264 270 495 266 272 34 263 270 479 58 28 36 58 26 485 58 273 36 58 26 479 58 28 72 58 26 72 58 26 40 58 24 36 58 26 40 58 24 72 58 26 74 58 24 74 58 24 42 58 22 40 58 24 42 58 22 74 58 24 77 58 22 77 58 22 47 58 20 42 58 22 47 58 20 77 58 22 80 58 20 80 58 20 55 58 18 47 58 20 55 58 18 80 58 20 81 58 18 81 58 18 66 58 16 55 58 18 66 58 16 81 58 18 83 58 16 83 58 16 98 58 155 66 58 16 98 58 155 83 58 16 69 58 155 29 268 274 6 120 127 84 267 274 6 120 127 29 268 274 92 269 127 84 267 274 510 83 95 29 268 274 510 83 95 84 267 274 85 80 95 85 80 95 513 85 93 510 83 95 513 85 93 85 80 95 87 78 93 87 78 93 516 87 91 513 85 93 516 87 91 87 78 93 88 76 91 88 76 91 506 89 89 516 87 91 506 89 89 88 76 91 89 74 89 342 179 187 90 271 188 476 270 187 90 271 188 342 179 187 504 180 188 488 58 275 509 58 102 497 58 189 509 58 102 488 58 275 8 58 102 504 180 188 89 74 89 90 271 188 89 74 89 504 180 188 506 89 89 8 58 102 507 58 101 509 58 102 507 58 101 8 58 102 13 58 101 13 58 101 515 58 100 507 58 101 515 58 100 13 58 101 20 58 100 20 58 100 512 58 99 515 58 100 512 58 99 20 58 100 26 58 99 26 58 99 511 58 98 512 58 99 511 58 98 26 58 99 496 58 98 496 58 98 32 58 193 511 58 98 32 58 193 496 58 98 498 58 193 498 58 193 93 58 126 32 58 193 93 58 126 498 58 193 520 58 126 95 273 278 67 273 277 99 272 276 67 273 277 95 273 278 63 274 279 500 183 191 520 119 126 498 185 193 520 119 126 500 183 191 521 145 156 93 276 126 29 268 274 32 275 193 29 268 274 93 276 126 92 269 127 476 270 187 294 278 281 299 277 280 294 278 281 476 270 187 90 271 188 90 271 188 331 75 90 294 278 281 331 75 90 90 271 188 89 74 89 448 280 283 27 280 183 78 279 282 27 280 183 448 280 283 547 279 284 64 254 191 55 282 18 66 281 16 55 282 18 64 254 191 59 256 192 59 256 192 47 283 20 55 282 18 47 283 20 59 256 192 51 257 267 51 257 267 42 284 22 47 283 20 42 284 22 51 257 267 45 259 268 45 259 268 40 285 24 42 284 22 40 285 24 45 259 268 38 261 269 38 261 269 36 286 26 40 285 24 36 286 26 38 261 269 34 263 270 34 263 270 485 287 273 36 286 26 485 287 273 34 263 270 495 266 272 29 268 274 511 84 98 32 275 193 511 84 98 29 268 274 510 83 95 492 265 271 8 289 102 488 288 275 8 289 102 492 265 271 10 264 270 10 264 270 13 290 101 8 289 102 13 290 101 10 264 270 15 262 269 15 262 269 20 291 100 13 290 101 20 291 100 15 262 269 18 260 268 18 260 268 26 292 99 20 291 100 26 292 99 18 260 268 23 258 267 23 258 267 496 186 98 26 292 99 496 186 98 23 258 267 503 184 192 43 294 227 552 294 226 41 293 243 552 294 226 43 294 227 548 293 225 19 171 182 546 295 285 527 169 180 546 295 285 19 171 182 28 296 286 541 207 225 35 207 243 544 207 226 35 207 243 541 207 225 24 207 227 443 298 87 456 298 82 502 297 88 456 298 82 443 298 87 434 299 80 426 301 87 296 301 82 289 300 88 296 301 82 426 301 87 429 302 80 422 303 2 421 303 1 420 303 0 421 303 1 422 303 2 413 303 3 416 305 2 415 305 1 405 304 0 415 305 1 416 305 2 417 304 3 409 307 289 536 307 288 532 306 287 536 307 288 409 307 289 411 308 290 401 310 292 385 309 291 300 135 147 385 309 291 401 310 292 403 311 293 399 313 87 377 313 82 388 312 88 377 313 82 399 313 87 395 314 80 392 316 87 534 316 82 526 315 88 534 316 82 392 316 87 393 317 80 230 176 71 244 162 172 248 174 131 244 162 172 230 176 71 233 163 69 322 318 82 193 161 120 122 161 294 258 161 295 464 318 88 254 318 87 389 249 114 543 319 113 545 248 113 279 160 170 318 160 88 275 320 87 352 321 117 336 245 118 12 246 117 117 58 251 292 58 297 327 58 296 374 154 82 108 182 190 529 154 298 540 58 107 381 58 299 142 58 106 279 160 170 493 161 120 318 160 88 122 161 294 193 161 120 258 161 295 258 161 295 193 161 120 464 318 88 139 151 159 528 152 120 150 152 123 276 58 250 117 58 251 327 58 296 374 154 82 529 154 298 382 154 80 300 135 147 364 133 145 401 310 292 533 195 208 414 195 205 410 322 300 304 82 97 84 267 274 6 120 127 322 318 82 122 161 294 285 318 80 406 190 210 359 190 211 62 215 236 461 196 204 386 194 202 404 194 301 509 91 102 506 89 89 504 180 188 69 144 155 79 121 207 75 146 157 467 147 154 462 150 153 459 149 152 490 161 82 111 161 171 266 161 80 301 137 149 471 323 302 367 136 148 85 80 95 84 267 274 304 82 97</p>
                </triangles>
            </mesh>
        </geometry>
        <geometry id="ID85">
            <mesh>
                <source id="ID86">
                    <float_array id="ID87" count="4104">516.625 641.5 -1090.75 536.875 222 -1221.88 -3181.13 835 -864 -169 722.5 -103.75 -766.5 925 274.625 534.875 641.5 -1100 464.875 222 -1221.88 -3012.63 845 -800.75 -166.875 730.875 -108.25 -762.25 925 265.5 549.375 641.5 -1114.38 464.875 141 -1212.88 464.875 141 -1212.88 -3012.63 921.5 -800.75 -351.25 777.25 491.25 -910.625 925 195.375 558.625 641.5 -1132.63 464.875 141 -1140.88 -3023.5 921.5 -805.875 -351.25 755 491.25 -586 948 359.875 561.875 641.5 -1152.88 536.875 141 -1140.88 -3023.5 845 -805.875 -408.625 755 464.875 -581.75 948 350.875 477.75 701.625 -1115 536.875 141 -1212.88 536.875 141 -1212.88 -3028.63 921.5 -795 -408.625 777.25 464.875 -433.25 948 421 474.5 709.75 -1124.75 474.5 709.75 -1124.75 455.875 150 -1212.88 455.875 150 -1212.88 455.875 150 -1212.88 -3028.63 845 -795 -347.125 787.125 482.375 -437.5 948 430.125 471.125 714.625 -1121.75 471.125 714.625 -1121.75 455.875 222 -1212.88 455.875 222 -1212.88 -3017.75 921.5 -789.875 -404.5 787.125 455.875 -586 925 359.875 474.75 705.375 -1110.75 455.875 222 -1140.88 -3017.75 845 -789.875 -396 787.125 437.5 -437.5 925 430.125 484 692.75 -1107.5 455.875 150 -1140.88 455.875 150 -1140.88 -3008.88 835 -802.125 -338.5 787.125 464 -433.25 925 421 481.875 695.25 -1102.25 545.875 150 -1212.88 545.875 150 -1212.88 545.875 150 -1212.88 -3008.88 845 -802.125 -349.5 748.75 487.625 -581.75 925 350.875 492.625 683.875 -1103 545.875 150 -1140.88 545.875 150 -1140.88 -3024.75 845 -809.625 -407 748.75 461.125 -439 921.5 433.25 491.875 685.125 -1097.13 545.875 222 -1140.88 -3024.75 835 -809.625 -404.375 755 455.625 -439 951.5 433.25 503 675.875 -1102 545.875 222 -1212.88 545.875 222 -1212.88 -3032.38 845 -793.75 -404.375 777.125 455.625 -422.25 951.5 441.125 503.5 676.125 -1096 464.875 150 -1131.88 464.875 150 -1131.88 464.875 150 -1131.88 -3032.38 835 -793.75 -396 777.125 437.5 -422.25 921.5 441.125 513.875 669.625 -1104.5 464.875 222 -1131.88 464.875 222 -1131.88 -3016.5 845 -786.125 -347 777.125 482 -415 921.5 425.75 515.875 669.125 -1098.75 536.875 222 -1131.88 536.875 222 -1131.88 -3016.5 835 -786.125 -347 755 482 -431.75 921.5 417.875 524.25 665.75 -1110.38 536.875 150 -1131.88 536.875 150 -1131.88 536.875 150 -1131.88 -3179.25 948 -867.375 -349.625 713.125 488 -415 951.5 425.75 527.75 664.625 -1105.38 472.25 216 -1168 -3174.88 948 -876.375 -347 713 482.5 -431.75 951.5 417.875 533.25 664.5 -1118.88 500.875 216 -1177 -3026.5 948 -806.25 -404.375 713 455.375 -603.5 921.5 355.5 537.875 663.125 -1115.13 489.75 216 -1162.25 -3030.75 948 -797.125 -407 713 461 -603.5 951.5 355.5 539.75 666.125 -1129.38 464.875 231 -1212.88 464.875 231 -1212.88 464.875 231 -1212.88 -3179.25 925 -867.375 -338.5 777.125 464 -587.5 951.5 363 545.25 665 -1127 464.875 231 -1140.88 464.875 231 -1140.88 464.875 231 -1140.88 -3030.75 925 -797.125 -376 728.625 478.875 -587.5 921.5 363 543.25 670.25 -1140.63 543.25 670.25 -1140.63 536.875 231 -1140.88 536.875 231 -1140.88 536.875 231 -1140.88 -3026.5 925 -806.25 -376 733.125 478.875 -580.25 921.5 347.75 543.5 676.75 -1151.75 543.5 676.75 -1151.75 543.5 676.75 -1151.75 536.875 231 -1212.88 536.875 231 -1212.88 536.875 231 -1212.88 -3174.88 925 -876.375 -371.625 735.125 477.5 -596.25 921.5 340.125 549.5 677.125 -1152.38 529.375 231 -1167.25 -3032.25 921.5 -794 -371.625 726.625 477.5 -580.25 951.5 347.75 540.25 684.875 -1161.5 540.25 684.875 -1161.5 518.875 231 -1183 -3032.25 951.5 -794 -379.5 735.375 477.125 -596.25 951.5 340.125 545.875 686.375 -1163.5 518.875 231 -1201 -3016.25 951.5 -786.375 -378.25 739.375 474.5 -768 921.5 277.75 534 693.75 -1169 500.5 231 -1146.88 -3016.25 921.5 -786.375 -383.125 733.125 475.5 -768 951.5 277.75 538.75 696.5 -1172 472.25 231 -1168 -3025 921.5 -809.375 -384.875 735.125 471.375 -752 951.5 285.375 525.25 702.625 -1173.5 483.125 231 -1183.38 -3009 921.5 -801.75 -383.125 728.625 475.5 -752 921.5 285.375 528.875 706.5 -1177.13 501.125 231 -1196.25 -3009 951.5 -801.75 -384.875 726.625 471.375 -744.625 921.5 270 515 710.625 -1174.5 483.5 231 -1201.38 -3025 951.5 -809.375 -379.5 726.375 477.125 -760.75 921.5 262.375 517.125 715.625 -1178.25 489.75 231 -1162.25 -3197.25 921.5 -872 -378.25 722.5 474.5 -744.625 951.5 270 504.125 716.875 -1172 511.875 231 -1162 -3197.25 951.5 -872 -380.375 730.875 479 -760.75 951.5 262.375 504.75 722.625 -1175.38 518.875 216 -1183 -3180.75 951.5 -864.125 -419 845 426.625 -932.5 921.5 200 493.625 720.75 -1166.13 518.875 216 -1201 -3180.75 921.5 -864.125 -419 921.5 426.625 -932.5 951.5 200 493 727.125 -1168.75 501.125 216 -1196.25 -3189.88 921.5 -887.375 -429.875 921.5 421.5 -916.375 951.5 207.625 484.75 722 -1157.63 483.5 216 -1201.38 -3173.38 921.5 -879.5 -429.875 845 421.5 -916.375 921.5 207.625 482.875 728.5 -1159.13 483.125 216 -1183.38 -3173.38 951.5 -879.5 -435 921.5 432.375 -909.125 921.5 192.25 478.25 720.5 -1147.13 500.5 216 -1146.88 -3189.88 951.5 -887.375 -435 845 432.375 -925.125 921.5 184.625 475.375 726.75 -1147.25 511.875 216 -1162 -3014.75 948 -789.625 -424.125 921.5 437.5 -909.125 951.5 192.25 474.625 716.25 -1135.88 529.375 216 -1167.25 -3014.75 925 -789.625 -424.125 845 437.5 -925.125 951.5 184.625 471.375 722 -1134.38 -3010.5 925 -798.625 -415.25 835 425.375 -1096.88 921.5 122.25 477.25 714.875 -1122.5 477.25 714.875 -1122.5 -3010.5 948 -798.625 -415.25 845 425.375 -1096.88 951.5 122.25 480.375 706.875 -1112.75 -3195.75 925 -875.125 -431.125 845 417.75 -1080.88 951.5 129.875 486.625 697.875 -1105.25 -3195.75 948 -875.125 -431.125 835 417.75 -1080.88 921.5 129.875 495.375 689 -1100.75 -3191.38 925 -884.125 -438.75 845 433.75 -1073.63 921.5 114.5 505.75 681.125 -1099.75 -3191.38 948 -884.125 -438.75 835 433.75 -1089.63 921.5 106.875 516.625 674.875 -1102.25 -3269.5 955 -931.375 -422.875 845 441.25 -1073.63 951.5 114.5 527 670.875 -1108 -3279.75 955 -909.625 -422.875 835 441.25 -1089.63 951.5 106.875 535.875 669.625 -1116.63 -3293.88 952.875 -916.375 -1406.38 845 -39.875 -1261.38 921.5 44.5 542.5 671.25 -1127 -3283.63 952.875 -938.125 -1406.38 921.5 -39.875 -1261.38 951.5 44.5 546 675.5 -1138.38 546 675.5 -1138.38 -3305.88 944 -922.125 -1417.25 921.5 -45.125 -1245.38 951.5 52.125 546.125 682 -1149.5 546.125 682 -1149.5 546.125 682 -1149.5 -3295.63 944 -943.75 -1417.25 845 -45.125 -1245.38 921.5 52.125 543 690.125 -1159.25 543 690.125 -1159.25 -3314 930.625 -925.875 -1422.38 921.5 -34.25 -1238 921.5 36.75 536.75 699 -1166.75 -3303.75 930.625 -947.625 -1422.38 845 -34.25 -1254.13 921.5 29.125 528 707.875 -1171.13 -3315.88 915 -926.75 -1411.5 921.5 -29.125 -1238 951.5 36.75 517.625 715.75 -1172.25 -3305.63 915 -948.5 -1411.5 845 -29.125 -1254.13 951.5 29.125 506.75 722 -1169.63 -3269.5 915 -931.375 -1402.63 835 -41.25 -1426.25 921.5 -33.25 496.375 726 -1163.88 -3281.5 845 -929.375 -1402.63 845 -41.25 -1426.25 951.5 -33.25 487.5 727.25 -1155.38 -3281.5 915 -929.375 -1418.5 845 -48.75 -1409.75 951.5 -25.5 480.875 725.625 -1144.88 -3299.5 915 -937.875 -1418.5 835 -48.75 -1409.75 921.5 -25.5 477.375 721.375 -1133.63 -3299.5 845 -937.875 -1426.13 845 -32.875 -1402.5 921.5 -40.875 508.625 717.375 -1177.5 508.625 717.375 -1177.5 -3303.88 915 -928.875 -1426.13 835 -32.875 -1419 921.5 -48.625 500.875 717.375 -1177.5 -3303.88 845 -928.875 -1410.25 845 -25.375 -1402.5 951.5 -40.875 502.5 713.625 -1174.63 -3285.75 915 -920.375 -1410.25 835 -25.375 -1419 951.5 -48.625 507 713.625 -1174.63 507 713.625 -1174.63 -3285.75 845 -920.375 -1241.75 845 37.75 -3016.5 792.125 -1475.63 497 717.375 -1170.75 -3279.88 915 -909.75 -1241.75 921.5 37.75 -3016.5 796.75 -1475.63 500.25 713.625 -1170.75 -3272.5 948 -925 -1252.5 921.5 32.625 -3018.88 798.625 -1479.5 500.875 717.375 -1164 -3276.75 948 -916 -1252.5 845 32.625 -3018.88 790.25 -1479.5 502.5 713.625 -1166.88 -3276.75 925 -916 -1257.63 921.5 43.5 -3017.13 799 -1471.75 508.625 717.375 -1164 -3272.5 925 -925 -1257.63 845 43.5 -3020.13 802.875 -1472.38 507 713.625 -1166.88 -3269.38 835 -931.5 -1246.88 921.5 48.625 -3017.88 796.75 -1467.88 512.625 717.375 -1170.75 -3269.38 845 -931.5 -1246.88 845 48.625 -3021.38 798.625 -1465.13 509.25 713.625 -1170.75 -3305.63 845 -948.5 -1238 835 36.5 -3017.88 792.125 -1467.88 509.25 722.625 -1178.5 509.25 722.625 -1178.5 -3305.63 835 -948.5 -1238 845 36.5 -3021.38 790.25 -1465.13 500.25 722.625 -1178.5 -3315.88 845 -926.75 -1253.88 845 28.875 -3017.13 789.875 -1471.75 495.75 722.625 -1170.75 -3315.88 835 -926.75 -1253.88 835 28.875 -3020.13 786 -1472.38 500.25 722.625 -1162.88 -3279.63 845 -909.75 -1261.38 845 44.75 -3015.25 794.375 -1471.5 509.25 722.625 -1162.88 -3279.63 835 -909.75 -1261.38 835 44.75 -2987.13 776.75 -1437.38 -2987.13 776.75 -1437.38 -2987.13 776.75 -1437.38 513.75 722.625 -1170.75 -1690.25 955 -182.25 -1245.5 845 52.375 -2986.25 776.75 -1433.63 -2986.25 776.75 -1433.63 508.625 727.875 -1177.5 508.625 727.875 -1177.5 -1676 952.875 -175.625 -1245.5 835 52.375 -2986.25 812.125 -1433.63 -2986.25 812.125 -1433.63 500.875 727.875 -1177.5 -1686.25 952.875 -153.875 -1077.25 845 115.5 -2987.13 812.125 -1437.38 -2987.13 812.125 -1437.38 -2987.13 812.125 -1437.38 497 727.875 -1170.75 -1700.5 955 -160.625 -1077.25 921.5 115.5 -3026.25 812.125 -1452.63 500.875 727.875 -1164 -1664 944 -169.875 -1088.13 921.5 110.375 -3023.13 812.125 -1454.38 -3023.13 812.125 -1454.38 -3023.13 812.125 -1454.38 508.625 727.875 -1164 -1674.25 944 -148.125 -1088.13 845 110.375 -3026.25 776.75 -1452.63 512.625 727.875 -1170.75 -1664.25 915 -143.5 -1093.25 921.5 121.25 -3023.13 776.75 -1454.38 -3023.13 776.75 -1454.38 -3023.13 776.75 -1454.38 507 731.75 -1174.63 507 731.75 -1174.63 -1666.25 930.625 -144.375 -1093.25 845 121.25 -3020.25 812.125 -1493.63 -3020.25 812.125 -1493.63 502.5 731.75 -1174.63 -1656 930.625 -166.125 -1082.38 921.5 126.375 -3017.88 812.125 -1490.63 -3017.88 812.125 -1490.63 500.25 731.75 -1170.75 -1654 915 -165.125 -1082.38 845 126.375 -3017.88 776.75 -1490.63 -3017.88 776.75 -1490.63 502.5 731.75 -1166.88 -1862.75 948 -245 -1073.5 835 114.25 -3020.25 776.75 -1493.63 -3020.25 776.75 -1493.63 507 731.75 -1166.88 -1858.5 948 -254.125 -1073.5 845 114.25 -3341.38 792.25 -915.375 509.25 731.75 -1170.75 -1693.13 948 -176 -1089.38 845 106.625 -3341.38 796.875 -915.375 504.75 712.125 -1170.75 504.75 712.125 -1170.75 504.75 712.125 -1170.75 504.75 712.125 -1170.75 504.75 712.125 -1170.75 504.75 712.125 -1170.75 -1697.5 948 -166.875 -1089.38 835 106.625 -3341.25 798.75 -920 504.75 733.125 -1170.75 504.75 733.125 -1170.75 504.75 733.125 -1170.75 504.75 733.125 -1170.75 504.75 733.125 -1170.75 504.75 733.125 -1170.75 -1862.75 925 -245 -1097 845 122.5 -3341.25 790.375 -920 454.125 674.125 -1177.38 454.125 674.125 -1177.38 -1697.5 925 -166.875 -1097 835 122.5 -3344 799.125 -912.5 446.375 674.125 -1177.38 -1693.13 925 -176 -1081.13 845 130.125 -3346.25 803 -914.625 448 670.25 -1174.63 -1858.5 925 -254.125 -1081.13 835 130.125 -3346.75 796.875 -909.625 452.5 670.25 -1174.63 452.5 670.25 -1174.63 -1690.25 915 -182.25 -912.75 845 193.25 -3351.25 798.75 -909.25 442.5 674.125 -1170.63 -1666.13 915 -163.125 -912.75 921.5 193.25 -3346.75 792.25 -909.625 445.75 670.25 -1170.63 -1684.13 915 -171.625 -923.625 921.5 188.125 -3351.25 790.375 -909.25 446.375 674.125 -1163.88 -1684.13 845 -171.625 -923.625 845 188.125 -3344 790 -912.5 448 670.25 -1166.75 -1666.13 845 -163.125 -928.75 921.5 199 -3346.25 786.125 -914.625 454.125 674.125 -1163.88 -1670.38 845 -154.125 -928.75 845 199 -3342.63 794.5 -911.25 452.5 670.25 -1166.75 -1670.38 915 -154.125 -918 921.5 204.125 -3368.38 776.75 -903 -3368.38 776.75 -903 -3368.38 776.75 -903 458 674.125 -1170.63 -1688.5 845 -162.625 -918 845 204.125 -3372.25 776.75 -903.25 -3372.25 776.75 -903.25 454.75 670.25 -1170.63 -1688.5 915 -162.625 -909.125 835 191.875 -3372.25 812.125 -903.25 -3372.25 812.125 -903.25 454.75 679.375 -1178.5 454.75 679.375 -1178.5 -1700.5 915 -160.625 -909.125 845 191.875 -3368.38 812.125 -903 -3368.38 812.125 -903 -3368.38 812.125 -903 445.75 679.375 -1178.5 -1654 845 -165.125 -925 845 184.375 -3333.25 812.25 -933.625 441.25 679.375 -1170.63 -1690.25 845 -182.25 -925 835 184.375 -3332.63 812.25 -930.125 -3332.63 812.25 -930.125 -3332.63 812.25 -930.125 445.75 679.375 -1162.88 -1690.25 835 -182.25 -932.5 845 200.25 -3333.25 776.875 -933.625 454.75 679.375 -1162.88 -1654 835 -165.125 -932.5 835 200.25 -3332.63 776.875 -930.125 -3332.63 776.875 -930.125 -3332.63 776.875 -930.125 459.25 679.375 -1170.63 -1664.25 835 -143.5 -916.625 845 207.875 -3296.13 812.25 -915.375 -3296.13 812.25 -915.375 454.125 684.625 -1177.38 454.125 684.625 -1177.38 -1664.25 845 -143.5 -916.625 835 207.875 -3299.75 812.25 -913.875 -3299.75 812.25 -913.875 446.375 684.625 -1177.38 -1700.5 835 -160.5 -748.375 845 271 -3299.75 776.875 -913.875 -3299.75 776.875 -913.875 442.5 684.625 -1170.63 -1700.5 845 -160.5 -748.375 921.5 271 -3296.13 776.875 -915.375 -3296.13 776.875 -915.375 446.375 684.625 -1163.88 -2521.38 948 -556.375 -759.125 921.5 265.875 454.125 684.625 -1163.88 -2517.13 948 -565.375 -759.125 845 265.875 458 684.625 -1170.63 -2368.75 948 -495.25 -764.375 921.5 276.75 452.5 688.5 -1174.63 452.5 688.5 -1174.63 -2373 948 -486.25 -764.375 845 276.75 448 688.5 -1174.63 -2521.38 925 -556.375 -753.5 921.5 281.875 511.375 579.375 -1178.63 511.375 579.375 -1178.63 445.75 688.5 -1170.63 -2373 925 -486.25 -753.5 845 281.875 481.625 579.375 -1178.63 448 688.5 -1166.75 -2368.75 925 -495.25 -744.625 835 269.625 472.625 561.75 -1194.13 452.5 688.5 -1166.75 -2517.13 925 -565.375 -744.625 845 269.625 520.25 561.75 -1194.13 520.25 561.75 -1194.13 454.75 688.5 -1170.63 -2192.5 948 -400.875 -760.5 845 262.125 466.75 579.375 -1152.88 450.25 668.875 -1170.63 450.25 668.875 -1170.63 450.25 668.875 -1170.63 450.25 668.875 -1170.63 450.25 668.875 -1170.63 450.25 668.875 -1170.63 -2188.25 948 -410 -760.5 835 262.125 448.75 561.75 -1152.88 450.25 689.875 -1170.63 450.25 689.875 -1170.63 450.25 689.875 -1170.63 450.25 689.875 -1170.63 450.25 689.875 -1170.63 450.25 689.875 -1170.63 -2039.75 948 -339.75 -768.125 845 278 481.625 579.375 -1127.13 508.75 635.125 -1140.5 -2044.13 948 -330.75 -768.125 835 278 472.625 561.75 -1111.63 496.5 658.125 -1130.25 -1861 845 -256.375 -2192.5 925 -400.875 -752.125 845 285.625 511.375 579.375 -1127.13 531.875 658.125 -1117.5 -1861 921.5 -256.375 -2044.13 925 -330.75 -752.125 835 285.625 520.25 561.75 -1111.63 484.125 635.125 -1140.5 -1871.88 921.5 -261.5 -2039.75 925 -339.75 -583.875 845 348.75 526.25 579.375 -1152.88 473.875 658.125 -1152.88 -1871.88 845 -261.5 -2188.25 925 -410 -583.875 921.5 348.75 544.125 561.75 -1152.88 461.125 658.125 -1117.5 -1877 921.5 -250.625 -2850.25 948 -711.875 -594.75 921.5 343.625 503.25 579.375 -1164.63 503.25 579.375 -1164.63 496.5 571.125 -1152.88 -1877 845 -250.625 -2846 948 -720.875 -594.75 845 343.625 489.625 579.375 -1164.63 508.75 635.125 -1165.25 508.75 635.125 -1165.25 -1866.13 921.5 -245.5 -2697.63 948 -650.75 -599.875 921.5 354.375 482.875 579.375 -1152.88 484.125 635.125 -1165.25 484.125 635.125 -1165.25 -1866.13 845 -245.5 -2701.88 948 -641.75 -599.875 845 354.375 489.625 579.375 -1141.13 519.125 658.125 -1152.88 -1857.25 835 -257.75 -2850.25 925 -711.875 -589 921.5 359.625 503.25 579.375 -1141.13 484.125 681.125 -1140.5 -1857.25 845 -257.75 -2701.88 925 -641.75 -589 845 359.625 510 579.375 -1152.88 484.125 681.125 -1165.25 484.125 681.125 -1165.25 -1873.25 845 -265.25 -2697.63 925 -650.75 -580.125 835 347.375 496.5 571.125 -1152.88 496.5 658.125 -1175.5 -1873.25 835 -265.25 -2846 925 -720.875 -580.125 845 347.375 539.25 675.25 -1171.25 508.75 681.125 -1165.25 508.75 681.125 -1165.25 -1880.75 845 -249.375 -2685.88 948 -634.125 -596 845 339.875 546.75 669.125 -1157.63 546.75 669.125 -1157.63 508.75 681.125 -1140.5 -1880.75 835 -249.375 -2681.5 948 -643.125 -596 835 339.875 553.5 673.875 -1158.38 553.5 673.875 -1158.38 531.875 658.125 -1188.25 531.875 658.125 -1188.25 -1864.88 845 -241.75 -2533.13 948 -573 -603.625 845 355.75 545 680.875 -1174 496.5 745.25 -1152.88 -1864.88 835 -241.75 -2537.38 948 -564 -603.625 835 355.75 527.5 680.25 -1182.25 461.125 658.125 -1188.25 461.125 658.125 -1188.25 -2848.38 845 -723.125 -2685.88 925 -634.125 -587.75 845 363.25 531.75 686.5 -1186.38 405.25 580.25 -1152.5 -2848.38 921.5 -723.125 -2537.38 925 -564 -587.75 835 363.25 512.75 683.375 -1189.25 405.75 589.25 -1160.38 -2859.25 921.5 -728.25 -2533.13 925 -573 -1582.75 955 -130 515 690.125 -1194.25 410.375 595.5 -1140.63 -2859.25 845 -728.25 -2681.5 925 -643.125 -1593 955 -108.25 496.5 684.5 -1191.63 399.625 580.25 -1165.25 -2864.38 921.5 -717.375 -2357 948 -478.625 -1607.25 952.875 -115 496.5 691.375 -1197 406.625 578.375 -1174.75 -2864.38 845 -717.375 -2352.63 948 -487.625 -1596.88 952.875 -136.625 480.125 683.375 -1189.25 394.25 595.375 -1177.13 -2853.63 921.5 -712.25 -2204.25 948 -417.5 -1619.25 944 -120.625 477.875 690.125 -1194.25 388.75 563.125 -1152.88 -2853.63 845 -712.25 -2208.5 948 -408.5 -1609 944 -142.375 465.375 680.25 -1182.25 411.875 568.375 -1155.5 411.875 568.375 -1155.5 -2844.63 835 -724.5 -2357 925 -478.625 -1627.25 930.625 -124.375 461.25 686.5 -1186.38 406.25 568.375 -1168.25 406.25 568.375 -1168.25 -2844.63 845 -724.5 -2208.5 925 -408.5 -1617 930.625 -146.125 453.75 675.25 -1171.25 417 578.375 -1151.38 -2860.63 845 -732 -2204.25 925 -417.5 -1629.13 915 -125.375 447.875 680.875 -1174 411.75 588.375 -1170.75 -2860.63 835 -732 -2352.63 925 -487.625 -1618.88 915 -147 446.25 669.125 -1157.63 418.375 576.375 -1173.63 418.375 576.375 -1173.63 -2868.13 845 -716.125 -2028 948 -323.125 -1582.75 915 -130 439.375 673.875 -1158.38 417.875 567.5 -1165.75 -2868.13 835 -716.125 -2023.75 948 -332.25 -1594.75 845 -128 443.625 662.25 -1142.38 443.625 662.25 -1142.38 424 576.5 -1160.88 424 576.5 -1160.88 -2852.25 845 -708.5 -1875.25 948 -262 -1594.75 915 -128 436.5 666 -1141.13 417.375 588.375 -1158 -2852.25 835 -708.5 -1879.5 948 -253 -1612.88 915 -136.5 446.25 655.25 -1127.13 446.25 655.25 -1127.13 446.25 655.25 -1127.13 429.375 561.375 -1149 429.375 561.375 -1149 -2683.75 845 -645.25 -2028 925 -323.125 -1612.88 845 -136.5 439.375 658.125 -1123.75 434.875 593.625 -1173.25 -2683.75 921.5 -645.25 -1879.5 925 -253 -1617.13 915 -127.375 453.75 649.125 -1113.38 453.75 649.125 -1113.38 413.25 561.25 -1185.5 413.25 561.25 -1185.5 -2694.63 921.5 -650.375 -1875.25 925 -262 -1617.13 845 -127.375 447.875 651.125 -1108.25 490 29.125 -1101.13 490 29.125 -1101.13 -2694.63 845 -650.375 -2023.75 925 -332.25 -1599 915 -118.875 465.375 644.125 -1102.5 490 128.625 -1101.13 -2699.75 921.5 -639.625 -1881 921.5 -249.875 -1599 845 -118.875 461.25 645.5 -1095.88 589.5 128.625 -1101.13 -2699.75 845 -639.625 -1881 951.5 -249.875 -1593.25 915 -108.375 480.125 641 -1095.5 589.5 29.125 -1101.13 589.5 29.125 -1101.13 -2688.88 921.5 -634.375 -1864.25 951.5 -241.875 -1585.75 948 -123.625 477.875 641.875 -1087.88 477.625 29.125 -1113.5 477.625 29.125 -1113.5 477.625 29.125 -1113.5 -2688.88 845 -634.375 -1864.25 921.5 -241.875 -1590 948 -114.625 496.5 639.875 -1093.13 477.625 29.125 -1213 477.625 29.125 -1213 -2680 835 -646.625 -1873.75 921.5 -265.125 -1590 925 -114.625 496.5 640.625 -1085.13 477.625 128.625 -1213 -2680 845 -646.625 -1857 921.5 -257.25 -1585.75 925 -123.625 512.75 641 -1095.5 477.625 128.625 -1113.5 477.625 128.625 -1113.5 -2695.88 845 -654.125 -1857 951.5 -257.25 -1582.75 835 -130 515 641.875 -1087.88 601.875 29.125 -1113.5 601.875 29.125 -1113.5 601.875 29.125 -1113.5 -2695.88 835 -654.125 -1873.75 951.5 -265.125 -1582.75 845 -130 527.5 644.125 -1102.5 601.875 128.625 -1113.5 601.875 128.625 -1113.5 -2703.5 845 -638.25 -2045.63 921.5 -327.625 -1619 845 -147 531.75 645.5 -1095.88 601.875 128.625 -1213 -2703.5 835 -638.25 -2045.63 951.5 -327.625 -1619 835 -147 539.25 649.125 -1113.38 601.875 29.125 -1213 601.875 29.125 -1213 -2687.5 845 -630.75 -2029.5 951.5 -320 -1629.13 845 -125.375 545 651.125 -1108.25 490 141 -1113.5 490 141 -1113.5 490 141 -1113.5 -2687.5 835 -630.75 -2029.5 921.5 -320 -1629.13 835 -125.375 546.75 655.25 -1127.13 490 141 -1213 490 141 -1213 -2519.25 845 -567.5 -2038.25 921.5 -343 -1593 845 -108.375 553.5 658.125 -1123.75 589.5 141 -1213 589.5 141 -1213 -2519.25 921.5 -567.5 -2022.25 921.5 -335.375 -1593 835 -108.375 549.25 662.25 -1142.38 589.5 141 -1113.5 589.5 141 -1113.5 589.5 141 -1113.5 -2530.13 921.5 -572.625 -2022.25 951.5 -335.375 -248.125 955 500.75 556.5 666 -1141.13 500.125 91.125 -1204.75 -2530.13 845 -572.625 -2038.25 951.5 -343 -234 952.875 507.5 546.75 676.625 -1155 546.75 676.625 -1155 539.75 78.75 -1204.75 -2535.25 921.5 -561.875 -2210 921.5 -405.375 -244.25 952.875 529.25 539.25 682.875 -1168.75 524.25 99 -1204.75 -2535.25 845 -561.875 -2210 951.5 -405.375 -258.375 955 522.5 527.5 687.875 -1179.63 490 16.625 -1213 -2524.38 921.5 -556.75 -2194 951.5 -397.75 -222 944 513.125 512.75 691 -1186.63 490 16.625 -1113.5 -2524.38 845 -556.75 -2194 921.5 -397.75 -232.25 944 534.875 496.5 692.125 -1189.13 589.5 16.625 -1113.5 -2515.5 835 -568.875 -2202.75 921.5 -420.625 -222.25 915 539.625 480.125 691 -1186.63 589.5 16.625 -1213 -2515.5 845 -568.875 -2186.75 921.5 -413.125 -224.125 930.625 538.625 465.375 687.875 -1179.63 490 29.125 -1225.38 490 29.125 -1225.38 490 29.125 -1225.38 -2531.5 845 -576.375 -2186.75 951.5 -413.125 -213.875 930.625 517 453.75 682.875 -1168.75 490 128.625 -1225.38 490 128.625 -1225.38 490 128.625 -1225.38 -2531.5 835 -576.375 -2202.75 951.5 -420.625 -212 915 517.875 446.25 676.625 -1155 589.5 128.625 -1225.38 589.5 128.625 -1225.38 589.5 128.625 -1225.38 -2539 845 -560.5 -2374.5 921.5 -483 -420.75 948 438 443.625 669.75 -1139.88 443.625 669.75 -1139.88 589.5 29.125 -1225.38 589.5 29.125 -1225.38 589.5 29.125 -1225.38 -2539 835 -560.5 -2374.5 951.5 -483 -416.5 948 429 446.25 662.875 -1124.63 446.25 662.875 -1124.63 446.25 662.875 -1124.63 579 92.125 -1225.38 -2523.13 845 -553 -2358.5 951.5 -475.5 -251.125 948 507.125 453.75 656.625 -1110.88 453.75 656.625 -1110.88 564.625 70.5 -1225.38 -2523.13 835 -553 -2358.5 921.5 -475.5 -255.375 948 516.125 465.375 651.75 -1100 564.5 45.625 -1225.38 -2354.88 845 -489.75 -2367.25 921.5 -498.375 -420.75 925 438 480.125 648.625 -1093 539.25 120.25 -1225.38 -2354.88 921.5 -489.75 -2351.13 921.5 -490.875 -255.375 925 516.125 496.5 647.5 -1090.63 500.125 91.125 -1225.38 -2365.63 921.5 -495 -2351.13 951.5 -490.875 -251.125 925 507.125 512.75 648.625 -1093 515.125 69.875 -1225.38 -2365.63 845 -495 -2367.25 951.5 -498.375 -416.5 925 429 527.5 651.75 -1100 540.125 52.125 -1225.38 -2370.88 921.5 -484.125 -2538.88 921.5 -560.75 -248.125 915 500.75 539.25 656.625 -1110.88 515.75 45 -1225.38 -2370.88 845 -484.125 -2538.88 951.5 -560.75 -224 915 520 546.75 662.875 -1124.63 524.25 99 -1225.38 -2360 921.5 -479 -2522.88 951.5 -553.25 -242.125 915 511.5 549.25 669.75 -1139.88 549.25 669.75 -1139.88 554.875 99.375 -1225.38 -2360 845 -479 -2522.88 921.5 -553.25 -242.125 845 511.5 549.375 625.5 -1191.25 564.625 70.5 -1204.75 -2351.13 835 -491.125 -2531.63 921.5 -576.125 -224 845 520 558.625 625.5 -1173 558.625 625.5 -1173 564.5 45.625 -1204.75 -2351.13 845 -491.125 -2515.63 921.5 -568.625 -228.25 845 529 570.125 633.5 -1176.75 570.125 633.5 -1176.75 540.125 52.125 -1204.75 -2367 845 -498.625 -2515.63 951.5 -568.625 -228.25 915 529 559.125 633.5 -1198.38 515.75 45 -1204.75 -2367 835 -498.625 -2531.63 951.5 -576.125 -246.375 845 520.5 534.875 625.5 -1205.75 515.125 69.875 -1204.75 -2374.5 845 -482.75 -2703.38 921.5 -638.5 -246.375 915 520.5 542 633.5 -1215.5 539.25 120.25 -1204.75 -2374.5 835 -482.75 -2703.38 951.5 -638.5 -258.375 915 522.5 516.625 625.5 -1215 554.875 99.375 -1204.75 -2358.63 845 -475.25 -2687.38 951.5 -631 -212 845 517.875 520.375 633.5 -1226.5 579 92.125 -1204.75 -2358.63 835 -475.25 -2687.38 921.5 -631 -248.25 845 500.875 496.5 625.5 -1218.25 420.25 25.625 -1107.5 420.25 25.625 -1107.5 -2190.38 845 -412 -2696.13 921.5 -653.875 -248.25 835 500.875 496.5 633.5 -1230.25 420.25 97.625 -1107.5 -2190.38 921.5 -412 -2680.13 921.5 -646.25 -212 835 517.875 476.25 625.5 -1215 476 97.625 -1153.13 -2201.25 921.5 -417.25 -2680.13 951.5 -646.25 -222.25 835 539.625 472.5 633.5 -1226.5 476 25.625 -1153.13 476 25.625 -1153.13 -2201.25 845 -417.25 -2696.13 951.5 -653.875 -222.25 845 539.625 458 625.5 -1205.75 407.625 25.625 -1108.75 407.625 25.625 -1108.75 407.625 25.625 -1108.75 -2206.38 921.5 -406.375 -2868.25 921.5 -716.5 -258.5 835 522.5 451 633.5 -1215.5 361.875 25.625 -1164.38 361.875 25.625 -1164.38 -2206.38 845 -406.375 -2868.25 951.5 -716.5 -258.5 845 522.5 443.625 625.5 -1191.25 361.875 97.625 -1164.38 -2195.5 921.5 -401.25 -2851.75 951.5 -708.625 -1079.38 948 126.625 433.875 633.5 -1198.38 407.625 97.625 -1108.75 407.625 97.625 -1108.75 -2195.5 845 -401.25 -2851.75 921.5 -708.625 -1075.13 948 117.625 434.25 625.5 -1173 477.125 25.625 -1165.88 477.125 25.625 -1165.88 477.125 25.625 -1165.88 -2186.63 835 -413.375 -2861 921.5 -731.875 -926.625 948 187.75 422.875 633.5 -1176.75 477.125 97.625 -1165.88 477.125 97.625 -1165.88 -2186.63 845 -413.375 -2844.5 921.5 -724 -931 948 196.875 431.125 625.5 -1152.88 431.125 625.5 -1152.88 431.5 97.625 -1221.5 -2202.5 845 -420.875 -2844.5 951.5 -724 -1079.38 925 126.625 419 633.5 -1152.88 431.5 25.625 -1221.5 431.5 25.625 -1221.5 -2202.5 835 -420.875 -2861 951.5 -731.875 -931 925 196.875 434.25 625.5 -1132.63 434.25 625.5 -1132.63 434.25 625.5 -1132.63 414.625 106.625 -1114.38 414.625 106.625 -1114.38 414.625 106.625 -1114.38 -2210.13 845 -405 -2866.75 925 -719.625 -926.625 925 187.75 422.875 633.5 -1128.88 368.875 106.625 -1170.13 368.875 106.625 -1170.13 -2210.13 835 -405 -2866.75 948 -719.625 -1075.13 925 117.625 443.625 625.5 -1114.38 443.625 625.5 -1114.38 424.5 106.625 -1215.75 424.5 106.625 -1215.75 -2194.25 845 -397.5 -2862.5 925 -728.625 -750.5 948 282.125 433.875 633.5 -1107.38 470.25 106.625 -1160.13 470.25 106.625 -1160.13 470.25 106.625 -1160.13 -2194.25 835 -397.5 -2862.5 948 -728.625 -746.125 948 273.125 458 625.5 -1100 378.375 70.625 -1170.13 -2025.88 845 -334.375 -196.125 777.25 -120.5 -597.75 948 343.25 451 633.5 -1090.25 400.5 61.625 -1188.25 -2025.88 921.5 -334.375 -196.125 755 -120.5 -602 948 352.25 476.25 625.5 -1090.75 391.875 76.25 -1181.13 -2036.75 921.5 -339.5 -138.625 755 -94.25 -750.5 925 282.125 472.5 633.5 -1079.25 368.875 16.625 -1170.13 -2036.75 845 -339.5 -138.625 777.25 -94.25 -602 925 352.25 496.5 625.5 -1087.5 414.625 16.625 -1114.38 -2041.88 921.5 -328.625 -200.25 787.125 -111.5 -597.75 925 343.25 496.5 633.5 -1075.5 470.25 16.625 -1160.13 -2041.88 845 -328.625 -142.75 787.125 -85.25 -746.125 925 273.125 516.625 625.5 -1090.75 424.5 16.625 -1215.75 -2031.13 921.5 -323.5 -151.25 787.125 -66.875 -1408.25 948 -28.625 520.375 633.5 -1079.25 363.125 25.625 -1177 363.125 25.625 -1177 363.125 25.625 -1177 -2031.13 845 -323.5 -208.75 787.125 -93.125 -1404 948 -37.75 534.875 625.5 -1100 363.125 97.625 -1177 363.125 97.625 -1177 363.125 97.625 -1177 -2022.25 835 -335.625 -197.75 748.75 -116.875 -1255.63 948 32.375 542 633.5 -1090.25 418.875 97.625 -1222.75 418.875 97.625 -1222.75 418.875 97.625 -1222.75 -2022.25 845 -335.625 -140.25 748.75 -90.5 -1259.88 948 41.375 549.375 625.5 -1114.38 418.875 25.625 -1222.75 418.875 25.625 -1222.75 418.875 25.625 -1222.75 -2038.13 845 -343.25 -142.875 755 -85 -1408.25 925 -28.625 559.125 633.5 -1107.38 413 71.25 -1217.88 -2038.13 835 -343.25 -142.875 777.125 -85 -1259.88 925 41.375 558.625 625.5 -1132.63 404.875 55.625 -1211.25 -2045.63 845 -327.25 -151.25 777.125 -66.875 -1255.63 925 32.375 570.125 633.5 -1128.88 404.875 37.625 -1211.25 -2045.63 835 -327.25 -200.375 777.125 -111.25 -1404 925 -37.75 561.875 625.5 -1152.88 390.75 91.625 -1199.63 -2029.75 845 -319.75 -200.375 755 -111.25 -1420.5 948 -45.5 573.875 633.5 -1152.88 368.875 70.625 -1181.75 -2029.75 835 -319.75 -197.75 713.125 -117.25 -1424.75 948 -36.5 558.625 641.5 -1173 558.625 641.5 -1173 377.25 55.125 -1188.63 -3177.38 845 -878.625 -200.375 713 -111.75 -1424.75 925 -36.5 549.375 641.5 -1191.25 391.25 42.375 -1200 -3177.38 921.5 -878.625 -142.875 713 -84.75 -1420.5 925 -45.5 534.875 641.5 -1205.75 377.625 37.125 -1188.88 -3188.13 921.5 -883.75 -140.25 713 -90.375 -1243.88 948 49 516.625 641.5 -1215 382.375 76.25 -1192.75 -3188.13 845 -883.75 -208.75 777.125 -93.125 -1239.5 948 39.875 496.5 641.5 -1218.25 399.5 76.5 -1206.75 -3193.25 921.5 -872.875 -171.25 728.625 -108.125 -1091.13 948 110.125 476.25 641.5 -1215 414.5 55.625 -1199.75 -3193.25 845 -872.875 -171.25 733.125 -108.125 -1095.38 948 119.125 458 641.5 -1205.75 414.375 37.625 -1199.63 -3182.5 921.5 -867.75 -175.625 735.125 -106.875 -1243.88 925 49 443.625 641.5 -1191.25 400.75 42.375 -1188.5 -3182.5 845 -867.75 -175.625 726.625 -106.875 -1095.38 925 119.125 434.25 641.5 -1173 387.125 37.125 -1177.25 -3173.63 835 -879.875 -167.75 735.375 -106.5 -1091.13 925 110.125 431.125 641.5 -1152.88 431.125 641.5 -1152.88 386.75 55.125 -1177 -3173.63 845 -879.875 -169 739.375 -103.75 -1239.5 925 39.875 434.25 641.5 -1132.63 434.25 641.5 -1132.63 434.25 641.5 -1132.63 400.25 91.625 -1188 -3189.5 845 -887.5 -164.25 733.125 -104.75 -914.875 948 204.375 443.625 641.5 -1114.38 443.625 641.5 -1114.38 409 76.5 -1195.25 -3189.5 835 -887.5 -162.375 735.125 -100.625 -910.625 948 195.375 458 641.5 -1100 422.5 71.25 -1206.38 -3197 845 -871.5 -164.25 728.625 -104.75 -762.25 948 265.5 476.25 641.5 -1090.75 464.875 150 -1221.88 -3197 835 -871.5 -162.375 726.625 -100.625 -766.5 948 274.625 496.5 641.5 -1087.5 536.875 150 -1221.88 -3181.13 845 -864 -167.75 726.375 -106.5 -914.875 925 204.375</float_array>
                    <technique_common>
                        <accessor count="1368" source="#ID87" stride="3">
                            <param name="X" type="float"/>
                            <param name="Y" type="float"/>
                            <param name="Z" type="float"/>
                        </accessor>
                    </technique_common>
                </source>
                <source id="ID88">
                    <float_array id="ID89" count="3654">-0.173704 0.979729 0.0997876 -0.210713 0.977548 -0 -0.00125256 0.999999 -0 -0.105349 0.977693 -0.181709 0.104661 0.977849 -0.181268 0 0.953523 0.30132 0.104661 0.977849 0.181268 0.209257 0.977861 -0 0.470946 0.839079 -0.272315 0.364203 0.928662 0.0703052 0.121482 0.928734 0.350279 -0.241862 0.929087 0.27982 -0.362758 0.929249 -0.0700262 -0.121073 0.928911 -0.34995 0 0.962397 -0.271647 0.650909 0.659079 -0.376738 0.695958 0.70545 -0.134099 0.463987 0.705333 0.535931 -0.23123 0.706398 0.66898 -0.693539 0.707917 0.133632 -0.462475 0.707031 -0.534999 0 0.660388 -0.750925 0.934901 -0.114419 0.335958 0.966439 -0.0841259 0.242731 0.987719 -0.0505156 0.14785 0.987787 -0.049272 0.147816 0.784497 -0.196493 0.588179 0.844039 -0.169935 0.508645 0.551283 -0.271582 0.78888 0.638643 -0.247215 0.728712 0.263414 -0.309382 0.913726 0.363105 -0.303296 0.881003 -0.0539386 -0.31575 0.947308 0.0550643 -0.315735 0.947248 -0.365646 -0.302972 0.880063 -0.264192 -0.309309 0.913527 -0.635872 -0.247927 0.730889 -0.55117 -0.271606 0.78895 -0.842216 -0.170804 0.51137 -0.781393 -0.197712 0.591891 -0.968047 -0.0821311 0.236938 -0.935887 -0.113533 0.333507 -0.99877 0.0154428 -0.0471078 -0.998729 -0.0166467 0.0475832 -0.936157 0.11024 -0.333853 -0.967989 0.0784314 -0.238426 -0.780818 0.196457 -0.593067 -0.842728 0.169533 -0.510949 -0.548819 0.260438 -0.794336 -0.633881 0.242071 -0.734572 -0.261623 0.300699 -0.917133 -0.363028 0.290296 -0.885403 0.052607 0.311119 -0.948914 -0.0537995 0.311099 -0.948853 0.362661 0.290341 -0.885539 0.26085 0.300765 -0.917332 0.636644 0.241359 -0.732414 0.550743 0.260044 -0.793133 0.714104 0.221372 -0.664116 0.71459 0.219581 -0.664188 0.894675 0.141264 -0.423793 0.894396 0.140394 -0.424671 0.894115 0.139524 -0.425548 0.987774 0.0485677 -0.148131 0.987809 0.0488629 -0.147803 0.987844 0.0491581 -0.147474 0.482692 0.825375 0.292855 0.478965 0.809021 0.340702 0.480647 0.825911 0.294703 0.479239 0.788926 0.384611 0.46265 0.75073 0.47155 0.447684 0.731762 0.51391 0.39832 0.699124 0.593774 0.367804 0.684341 0.629601 0.297299 0.658805 0.691078 0.257543 0.647766 0.716987 0.169701 0.631486 0.756589 0.12109 0.627235 0.769359 0.0240532 0.623078 0.78179 -0.024574 0.622834 0.781968 -0.121071 0.627062 0.769503 -0.169471 0.630669 0.757322 -0.258683 0.645685 0.718452 -0.297799 0.658269 0.691374 -0.366152 0.685876 0.628894 -0.394551 0.703034 0.59167 -0.441917 0.735147 0.51407 -0.460646 0.751957 0.471556 -0.481168 0.787922 0.38426 -0.480999 0.80817 0.339855 -0.466131 0.848431 0.250772 -0.451975 0.868048 0.205455 -0.411538 0.903334 0.12093 -0.389274 0.91775 0.0787466 -0.320396 0.947252 0.00772937 -0.277834 0.960401 -0.0209314 -0.181802 0.981327 -0.0628117 -0.130282 0.988508 -0.0766651 -0.0272319 0.995259 -0.0933753 0.0270808 0.995286 -0.0931269 0.131824 0.988352 -0.076044 0.181852 0.981367 -0.062032 0.274911 0.961269 -0.0196295 0.318188 0.947993 0.00806262 0.389967 0.917638 0.0765951 0.416605 0.901396 0.118006 0.443218 0.882583 0.156857 0.440429 0.883194 0.161218 0.489281 -0.762215 -0.423831 0.481005 -0.786929 -0.386493 0.480626 -0.765213 -0.428309 0.482474 -0.806857 -0.340883 0.475038 -0.844974 -0.245678 0.463601 -0.863883 -0.196925 0.4189 -0.90081 -0.114296 0.389278 -0.917845 -0.0776072 0.318049 -0.94804 -0.0081188 0.274989 -0.961245 0.0197038 0.18184 -0.981351 0.0623234 0.131628 -0.988413 0.0755939 0.0270973 -0.995371 0.0922128 -0.0269936 -0.995356 0.0923973 -0.129976 -0.988586 0.0761788 -0.182015 -0.981275 0.0630024 -0.277928 -0.960373 0.0209804 -0.320355 -0.947265 -0.007845 -0.387132 -0.918733 -0.0778327 -0.413256 -0.902983 -0.117647 -0.457978 -0.865749 -0.201831 -0.473849 -0.845052 -0.247699 -0.484983 -0.806147 -0.338995 -0.482809 -0.786866 -0.384367 -0.464538 -0.749068 -0.472336 -0.447143 -0.732035 -0.513992 -0.398313 -0.701397 -0.591091 -0.367585 -0.685741 -0.628204 -0.297818 -0.658214 -0.691418 -0.258611 -0.642927 -0.720947 -0.169907 -0.624865 -0.762021 -0.122035 -0.61827 -0.776434 -0.0251084 -0.614024 -0.788888 0.0245979 -0.614273 -0.78871 0.123643 -0.618662 -0.775867 0.170315 -0.62537 -0.761515 0.257639 -0.644691 -0.719719 0.295965 -0.658461 -0.691978 0.36868 -0.683988 -0.629472 0.401904 -0.697634 -0.593111 0.436687 -0.708158 -0.554813 0.433215 -0.709708 -0.555554 0.933004 0 0.359866 0.966269 0 0.257536 0.988158 0 0.153441 0.778042 0 0.628212 0.838451 0 0.544977 0.544316 0 0.83888 0.631329 0 0.775515 0.259101 0 0.96585 0.35803 0 0.93371 -0.0540721 0 0.998537 0.0531018 0 0.998589 -0.35833 0 0.933595 -0.25973 0 0.965681 -0.629076 0 0.777344 -0.543119 0 0.839656 -0.839656 0 0.543119 -0.777344 0 0.629076 -0.965681 0 0.25973 -0.933595 0 0.35833 -0.998589 0 -0.0531018 -0.998537 0 0.0540721 -0.93371 0 -0.35803 -0.96585 0 -0.259101 -0.775515 0 -0.631329 -0.83888 0 -0.544316 -0.54192 0 -0.84043 -0.626817 0 -0.779167 -0.25973 0 -0.965681 -0.35833 0 -0.933595 0.0531018 0 -0.998589 -0.0540721 0 -0.998537 0.35803 0 -0.93371 0.259101 0 -0.96585 0.629076 0 -0.777344 0.543119 0 -0.839656 0.707107 0 -0.707107 0.707107 0 -0.707107 0.8895 0 -0.456935 0.988301 0 -0.152516 0.988301 0 -0.152516 0.549802 0.830819 -0.0863563 0.553508 0.832309 -0.029844 0.551146 0.829778 -0.0877892 0.553394 0.832431 0.028528 0.534261 0.833112 0.14314 0.516198 0.833078 0.198796 0.464888 0.832379 0.301703 0.430311 0.832411 0.349176 0.347939 0.832729 0.430698 0.299654 0.833483 0.464235 0.197487 0.833548 0.515942 0.14282 0.832964 0.534578 0.029844 0.832309 0.553508 -0.028528 0.832431 0.553394 -0.14314 0.833112 0.534261 -0.198796 0.833078 0.516198 -0.301703 0.832379 0.464888 -0.34933 0.831678 0.431602 -0.431177 0.831659 0.349899 -0.465437 0.831556 0.303123 -0.518077 0.831471 0.200627 -0.535231 0.832374 0.143812 -0.552036 0.833336 0.0284172 -0.552255 0.833127 -0.0302241 -0.535676 0.832149 -0.143453 -0.517984 0.831962 -0.198827 -0.464315 0.832691 -0.301723 -0.43038 0.832593 -0.348656 -0.349875 0.832273 -0.43001 -0.302304 0.832496 -0.464287 -0.198 0.833197 -0.516312 -0.142495 0.832982 -0.534636 -0.0293669 0.832299 -0.553549 0.0290362 0.832445 -0.553347 0.143045 0.833088 -0.534325 0.198274 0.83349 -0.515734 0.300341 0.833465 -0.463823 0.347692 0.833351 -0.429693 0.42953 0.833345 -0.347908 0.46377 0.833504 -0.300314 0.496402 0.830695 -0.252053 0.49612 0.831044 -0.251458 0.549165 -0.830995 -0.088685 0.553347 -0.832445 -0.0290362 0.550887 -0.829955 -0.0877411 0.553549 -0.832299 0.0293669 0.534636 -0.832982 0.142495 0.516312 -0.833197 0.198 0.464287 -0.832496 0.302304 0.43001 -0.832273 0.349875 0.347846 -0.832616 0.430991 0.300341 -0.833465 0.463823 0.198274 -0.83349 0.515734 0.143045 -0.833088 0.534325 0.0290362 -0.832445 0.553347 -0.0293669 -0.832299 0.553549 -0.142495 -0.832982 0.534636 -0.198 -0.833197 0.516312 -0.301637 -0.832479 0.464751 -0.349899 -0.831659 0.431177 -0.430994 -0.831651 0.350145 -0.465379 -0.831599 0.303093 -0.518448 -0.831545 0.199361 -0.53561 -0.832175 0.143552 -0.552302 -0.833114 0.0297253 -0.551994 -0.833347 -0.0288955 -0.535171 -0.832357 -0.144134 -0.517706 -0.831825 -0.20012 -0.464922 -0.832563 -0.301141 -0.430698 -0.832729 -0.347939 -0.349176 -0.832411 -0.430311 -0.301703 -0.832379 -0.464888 -0.198796 -0.833078 -0.516198 -0.14314 -0.833112 -0.534261 -0.028528 -0.832431 -0.553394 0.029844 -0.832309 -0.553508 0.14282 -0.832964 -0.534578 0.197487 -0.833548 -0.515942 0.300314 -0.833504 -0.46377 0.347908 -0.833345 -0.42953 0.429693 -0.833351 -0.347692 0.463823 -0.833465 -0.300341 0.495833 -0.830986 -0.252216 0.496481 -0.830636 -0.252092 -0.789762 0.544975 -0.281563 -0.831496 0.52524 -0.180937 -0.864438 0.495676 -0.0839758 -0.866102 0.491861 -0.0891052 -0.606759 0.565516 -0.558601 -0.6779 0.563569 -0.472061 -0.35829 0.535711 -0.764619 -0.44645 0.555135 -0.701789 -0.0823548 0.428715 -0.899678 -0.176022 0.4729 -0.863355 0.193884 0.300686 -0.933808 0.10271 0.345899 -0.932633 0.4525 0.147663 -0.879454 0.368387 0.19897 -0.908131 0.666694 -0.013753 -0.745205 0.600918 0.0383784 -0.798389 0.815941 -0.181477 -0.548913 0.774726 -0.122032 -0.62041 0.888565 -0.343094 -0.304532 0.874088 -0.288641 -0.390712 0.886452 -0.462627 -0.0133705 0.895521 -0.429696 -0.115774 0.794616 -0.534751 0.287449 0.834835 -0.51732 0.188232 0.610491 -0.559874 0.560216 0.681284 -0.558235 0.473526 0.360236 -0.527166 0.769627 0.453441 -0.541061 0.708269 0.0753715 -0.444673 0.892516 0.171317 -0.478315 0.861316 -0.200524 -0.308494 0.92985 -0.108984 -0.358683 0.927075 -0.454125 -0.152417 0.877804 -0.377306 -0.207631 0.902513 -0.658242 0.0223042 0.752475 -0.59608 -0.0382215 0.802015 -0.717608 0.0793563 0.691911 -0.717608 0.0793563 0.691912 -0.84751 0.241329 0.472745 -0.850244 0.232899 0.472064 -0.85291 0.22445 0.471345 -0.907795 0.366497 0.203933 -0.904146 0.375331 0.204077 -0.900414 0.38413 0.204202 0.026568 0.862935 0.504617 0.0352541 0.888424 0.457668 0.0266988 0.86296 0.504567 0.0377379 0.911254 0.410111 0.0647461 0.947833 0.312123 0.0785236 0.961906 0.26186 0.135179 0.976889 0.165571 0.170126 0.977953 0.121101 0.254703 0.96605 0.0432807 0.303711 0.952693 0.0116807 0.392564 0.918929 -0.0382447 0.439577 0.896805 -0.0501225 0.528589 0.846301 -0.0660914 0.571874 0.817089 -0.0729756 0.651073 0.755709 -0.070767 0.68723 0.723481 -0.0655028 0.753419 0.657029 -0.0259269 0.781244 0.624226 3.25664e-006 0.825113 0.561423 0.0631883 0.840125 0.532467 0.103292 0.857254 0.480134 0.185977 0.86156 0.454535 0.226081 0.857616 0.410332 0.310036 0.851551 0.389057 0.351421 0.819967 0.361252 0.444016 0.793683 0.357382 0.492285 0.737953 0.352827 0.575273 0.705515 0.356753 0.612352 0.637788 0.363266 0.679165 0.59808 0.37041 0.710701 0.51247 0.396614 0.761625 0.468015 0.408738 0.783515 0.380793 0.444168 0.810994 0.339461 0.465743 0.81722 0.258313 0.521278 0.813353 0.219898 0.553306 0.803429 0.150094 0.61378 0.775078 0.117519 0.644221 0.755757 0.0646214 0.707157 0.704097 0.0500814 0.741812 0.668736 0.033491 0.774106 0.63217 0.0447322 0.779283 0.625074 -0.861412 -0.434265 -0.263407 -0.857567 -0.408576 -0.312481 -0.86454 -0.427973 -0.263458 -0.846561 -0.393486 -0.358473 -0.812897 -0.373989 -0.446465 -0.790762 -0.367256 -0.489713 -0.739106 -0.352536 -0.57397 -0.707123 -0.343664 -0.617959 -0.634924 -0.349375 -0.689064 -0.596672 -0.3587 -0.717856 -0.514713 -0.387344 -0.764876 -0.471644 -0.406772 -0.782361 -0.3847 -0.444699 -0.808856 -0.342237 -0.466146 -0.815832 -0.259876 -0.519049 -0.81428 -0.216379 -0.549171 -0.807212 -0.141025 -0.61144 -0.778623 -0.108905 -0.643179 -0.757932 -0.0588825 -0.708091 -0.703662 -0.0400558 -0.740875 -0.670448 -0.012373 -0.804514 -0.593804 -0.00829295 -0.834441 -0.551036 -0.0135651 -0.889444 -0.456843 -0.0264938 -0.912949 -0.407213 -0.0589944 -0.949173 -0.309178 -0.0841858 -0.960601 -0.264875 -0.144625 -0.973842 -0.17526 -0.180421 -0.975379 -0.126825 -0.256703 -0.965455 -0.0447284 -0.296479 -0.955033 -0.00358249 -0.386162 -0.921046 0.0505401 -0.433051 -0.898814 0.0678275 -0.525494 -0.846638 0.0840326 -0.570596 -0.817024 0.0830205 -0.654431 -0.752402 0.074905 -0.690091 -0.721265 0.0595913 -0.751998 -0.658949 0.0168697 -0.776145 -0.630408 -0.0136003 -0.818051 -0.570264 -0.0747818 -0.835411 -0.538716 -0.108968 -0.852601 -0.502917 -0.141936 -0.849456 -0.50777 -0.143509 0.288101 0.942875 -0.167284 0.579112 0.741367 -0.339124 0.582355 0.807899 0.0903452 0.889584 0.456497 0.0158274 0.425801 0.461575 0.77823 0.500213 -0.00486641 0.865889 -0.501919 0.0013486 0.864914 -0.427715 -0.467615 0.773561 -0.886349 -0.462731 0.0162609 -0.589621 -0.803023 0.0866112 -0.370182 -0.8035 -0.466212 -0.311028 -0.933084 -0.180597 0.288101 0.942875 0.167284 0.216221 0.805595 0.551603 -0.460038 0.460295 0.759272 -0.999995 0.00189456 -0.00253041 -0.459187 -0.462253 -0.758597 0 -0.740938 -0.671573 0 -0.932568 -0.360994 0 0.942428 0.33441 -0.370886 0.804261 0.464336 -0.891149 0.453402 -0.0167252 -0.49915 0.0027583 -0.866511 0 -0.335596 -0.942006 -0.311028 -0.933084 0.180597 -0.218187 -0.804848 0.551918 0.456451 -0.464179 0.759072 0.999995 -0.00190812 -0.00253207 0.813372 0.33079 -0.478544 -0.288101 0.942875 0.167284 -0.588365 0.803775 -0.0881585 -0.432252 0.450728 -0.781027 0 0.0633645 -0.99799 0 -0.932568 0.360994 0.365711 -0.805732 0.465888 0.886472 -0.462426 -0.0181665 0.861635 -0.0620526 -0.503721 -0.288101 0.942875 -0.167284 -0.216221 0.805595 -0.551603 0 0.470125 -0.8826 0.311028 -0.933084 0.180597 0.583597 -0.807176 -0.0887784 0.754953 -0.482081 -0.444572 0 0.942428 -0.33441 0 0.804046 -0.594568 0.311028 -0.933084 -0.180597 0.519567 -0.799397 -0.301684 0.288349 0.943688 -0.162196 0.589481 0.735308 -0.334417 0.588336 0.803424 0.091493 0.891905 0.451858 0.0181646 0.432252 0.450728 0.781027 0.49915 0.00275831 0.866511 -0.49915 -0.00275831 0.866511 -0.432252 -0.450728 0.781027 -0.891905 -0.451858 0.0181646 -0.588336 -0.803424 0.091493 -0.374217 -0.802999 -0.463848 -0.288349 -0.943688 -0.162196 -0.46036 0.454607 0.762497 -0.999995 -0.00189456 0.00253042 -0.460691 -0.451735 -0.764002 0 -0.732248 -0.681038 0 -0.945687 -0.32508 -0.890295 0.455126 -0.0153478 -0.501919 -0.0013486 -0.864914 0 -0.338781 -0.940865 -0.288101 -0.942875 0.167284 -0.216221 -0.805595 0.551603 0.46036 -0.454607 0.762497 0.999995 0.00189456 0.00253042 0.817003 0.336515 -0.468256 -0.591473 0.801739 -0.0858735 -0.43312 0.454711 -0.778232 0 0.071247 -0.997459 0 -0.942428 0.33441 0.370886 -0.804261 0.464336 0.890295 -0.455126 -0.0153478 0.865854 -0.0688533 -0.495536 -0.288349 0.943688 -0.162196 -0.220431 0.801353 -0.556097 0 0.46414 -0.885762 0.288101 -0.942875 0.167284 0.591473 -0.801739 -0.0858735 0.768007 -0.467154 -0.438102 0 0.945687 -0.32508 0 0.80069 -0.599079 0.288349 -0.943688 -0.162196 0.5234 -0.799609 -0.294412 -0.592166 -0.546515 0.592166 -9.35862e-005 -1.17971e-008 1 0.591142 -0.547437 0.592337 -0.92012 -0.378926 0.0989623 -1 0 -0 0.339073 0 -0.94076 0.0989623 -0.378926 -0.92012 -9.35862e-005 -1.17971e-008 -1 -0.0990365 -0.378507 -0.920285 0.919313 -0.380929 0.0987733 1 5.91294e-009 -0 0.591204 0.547304 0.592399 -0.339073 0 0.94076 0.919359 0.380818 0.0987758 -0.592228 0.546381 0.592228 -0.920166 0.378814 0.0989647 0.0989647 0.378814 -0.920166 -0.94076 0 0.339073 0.94076 0 0.339073 -0.339073 0 -0.94076 -0.0990389 0.378395 -0.920331 0.000313759 -0.500548 0.865709 0.339073 0 0.94076 0.000312734 0.499816 0.866132 -0 0.189486 -0.981883 0.94076 0 -0.339073 -0.94076 0 -0.339073 0 -0.189843 -0.981814 -0.994714 0.0429053 -0.0932861 -0.882736 0.262969 0.389391 -0.598642 0.0404812 0.799993 -0.807534 -0.2171 -0.548413 -0.83165 -0.358421 -0.424138 -0.14095 -0.933911 0.328549 -0.00458269 -0.995621 0.0933749 -0.189673 -0.978114 0.0855424 -0.0700696 -0.995825 -0.0585123 -0.13495 -0.221404 0.965799 -0.241857 -0.358534 0.901642 0.528482 0.795262 0.297094 0.697264 0.716697 -0.0129855 0.188642 0.978313 -0.0855388 0.728343 0.36027 0.582856 0.831407 0.360896 0.422513 0.13453 0.79163 -0.596007 0.242095 0.353115 -0.903715 0.0599416 0.353671 -0.933447 0.966258 -0.199264 -0.163217 0.882899 -0.264475 -0.387997 0.860086 -0.422606 -0.285754 0.174004 0.570964 -0.802324 0.70941 0.57362 0.409509 0.77244 -0.199007 -0.603103 0.79402 -0.422734 -0.436838 -0.332021 -0.936306 -0.114425 -0.935715 -0.166911 -0.310769 -0.884376 0.256249 0.390148 -0.961816 -0.243148 0.125655 0.203107 0.975148 -0.0885078 0.692778 -0.656152 -0.299204 -0.401043 -0.166078 0.900879 0.473476 0.714136 -0.515587 -0.737929 -0.242446 0.629826 0.210405 -0.973197 -0.0928258 0 0 -1 -0.677011 -0.670241 0.304029 -0.55764 -0.74817 0.359554 -0.696067 -0.689107 -0.201549 -0.359554 -0.74817 -0.55764 -0.304029 -0.670241 -0.677011 0.201549 -0.689107 -0.696067 0.55764 -0.74817 -0.359554 0 0.862856 -0.505449 0 1 -0 0 0.967538 -0.252725 0.841993 0.453374 -0.292403 0.92388 0 -0.382683 0.967538 0.252725 -0 1 0 -0 -0.10458 0.994516 -0 0.257663 0.966235 -0 0.0809005 0.996722 -0 0.257663 0.966235 0 0.292403 0.453374 0.841993 0.382683 0 0.92388 -0.378446 0.244078 0.892863 -0.382683 0 0.92388 -0.980774 0.195146 -0 -0.83279 0.553589 -0 -0.922886 0.385072 -0 -0.287803 -0.95769 0 -0.480082 -0.877224 -0 -0.287803 -0.95769 -0 -0.658962 -0.752176 -0 -0.800575 -0.599233 -0 0.816968 -0.576683 -0 0.678674 -0.734439 -0 0.816968 -0.576683 -0 0.501817 -0.864974 -0 0.310311 -0.950635 -0 0.816968 0.576683 -0 0.912781 0.408448 -0 0.816968 0.576683 -0 0.976109 0.217282 -0 0.999685 0.0251177 -0 0.999684 0.0251177 0 -0.280567 0.959834 -0 -0.841993 0.292403 -0.453374 -0.92388 0.382683 -0 -0.967538 0 -0.252725 -0.999987 0.00502506 -0 0.692703 0.200813 -0.692703 0 0.707107 -0.707107 0 0.707107 -0.707107 -0.673887 0.302905 -0.673887 -0.707107 0 -0.707107 0.707107 0.707107 -0 0.673887 0.673887 -0.302905 -0.200813 0.692703 0.692703 0.302905 0.673887 0.673887 -0.707107 0.707107 -0 -0.692703 0.692703 -0.200813 0.707107 0 0.707107 0.692703 0.200813 0.692703 0.359554 -0.74817 0.55764 0.696067 -0.689107 0.201549 0.677011 -0.670241 -0.304029 -0.707107 0 0.707107 -0.673887 0.302905 0.673887 -0.201549 -0.689107 0.696067 0.304029 -0.670241 0.677011 -0.634647 0.000431363 -0.772802 -0.632906 0.000498011 -0.774228 -0.634267 -0.00119535 -0.773113 -0.634258 -0.00321605 -0.773114 -0.635953 -0.00245982 -0.771724 -0.635434 -0.00203091 -0.772152 -0.636004 8.22804e-005 -0.771685 -0.634827 -0.000342384 -0.772654 -0.634588 0.00179559 -0.772848 -0.634674 0.000552859 -0.77278 -0.633531 0.000449902 -0.773718 -0.635139 -0.00156324 -0.772397 -0.635799 -0.000319989 -0.771855 -0.634003 0.000575221 -0.77333 -0.636385 -0.00322486 -0.771365 -0.634598 -0.00247096 -0.772838 -0.63401 -0.000759068 -0.773325 -0.631915 -0.00354008 -0.77503 -0.633702 -0.00141611 -0.773576 -0.633023 -0.000758635 -0.774133 -0.633099 0.00251806 -0.774067 -0.634221 0.00263358 -0.773147 -0.636304 0.00112611 -0.771437 -0.636392 0.000657005 -0.771366 -0.635603 -0.0009874 -0.772015 0.99613 0 0.0878938 0.883986 0 0.467514 0.975937 0.200328 0.0861121 0.76199 0.45324 0.462541 0.525256 -0.73475 -0.429242 0.238011 -0.951588 -0.194503 0.387321 -0.865908 -0.31652 0.629798 -0.750631 0.199768 0.662531 -0.691957 -0.28679 0.20139 -0.751986 -0.627662 0.327901 -0.676396 -0.659522 0.289383 0 0.957214 -0.0985282 0 0.995134 0.273263 0.242048 0.930989 -0.093984 0.300188 0.949239 -0.20071 -0.749857 0.63042 0.284538 -0.690572 0.664942 0.662318 -0.675392 0.324315 -0.66116 -0.674052 -0.329426 -0.627486 -0.751774 -0.202724 -0.284529 -0.692762 -0.662665 -0.321208 0.862289 -0.391514 -0.160672 0.967374 -0.195888 0.465372 0.454235 -0.759671 0.471743 0 -0.881736 0.74821 0.252096 -0.613701 0.773183 -0 -0.634183 -0.938137 0.293631 0.183522 -0.713518 0.383173 0.586575 -0.908 0 0.41897 -0.772331 0 0.63522 -0.75452 0.196398 0.626201 -0.639431 0.555371 0.531687 -0.708023 0.38782 0.590169 -0.64204 0.553606 0.530381 -0.221612 -0.957796 0.183071 -0.370295 -0.877103 0.305896 -0.508869 -0.752297 0.418452 -0.618516 -0.599309 0.508199 -0.619083 -0.600653 0.505917 0.632941 -0.57606 -0.517242 0.632941 -0.57606 -0.517242 -0.329316 -0.671202 0.664108 -0.661704 -0.69391 0.283967 0.634635 0.572944 -0.518627 0.707792 0.40555 -0.578411 0.756097 0.215719 -0.617886 0.774088 0.0249128 -0.632588 -0.221457 0.95823 0.180976 -0.0830869 0.994222 0.0679585 -0.220521 0.958406 0.181186 0.0629238 0.996696 -0.0513621 0.20101 0.965567 -0.165155 0.201869 0.965419 -0.164968 -0.774328 0 0.632784 -0.770595 0.00489114 0.637307 0.0964988 0.201914 -0.974638 0.0985281 -0 -0.995134 -0.449228 0.705959 -0.547554 -0.449077 0.706302 -0.547236 -0.947988 0.304154 -0.0938602 -0.995134 0 -0.0985282 0.546107 0.707514 -0.448542 0.327537 0.676294 -0.659807 0.284533 0.690572 0.664945 0.662833 0.675205 0.323651 -0.547236 0.706302 0.449077 -0.661703 0.693911 0.283965 -0.479162 0 -0.877727 -0.799207 0 -0.601056 -0.657678 0 -0.7533 -0.378446 -0.892863 0.244078 -0.200813 -0.692703 0.692703 0.292403 -0.841993 0.453374 0.302905 -0.673887 0.673887 -0.981353 0 0.192213 -0.83205 0 0.5547 -0.923156 0 0.384426 -0.287348 0 -0.957826 0.819545 0 -0.573015 0.681369 0 -0.73194 0.819545 0 -0.573015 0.504189 0 -0.863593 0.312153 0 -0.950032 0.816416 0 0.577465 0.913075 0 0.407791 0.816416 0 0.577465 0.976673 0 0.214732 0.999783 0 0.0208288 -0.279215 -0 0.960228 -0.10335 0 0.994645 -0.279215 0 0.960229 0.0819445 0 0.996637 0.258509 0 0.966009 0.841993 0.292403 0.453374 0.692703 0.692703 0.200813 0.92388 0.382683 -0 0.707107 0.707107 -0 0 0.252725 0.967538 0 0.707107 0.707107 0 0.505449 0.862856 0 0.707107 0.707107 -0.673887 0.673887 0.302905 -0.841993 0.453374 0.292403 -0.707107 0.707107 -0 -0.967538 0.252725 -0 0.967538 0 0.252725 0.707107 0 0.707107 0.673887 0.302905 0.673887 0.453374 0.292403 -0.841993 -0.244078 0.378446 -0.892863 0.244078 -0.378446 -0.892863 -0.453374 -0.292403 -0.841993 -0.707107 0 0.707107 -0.92388 0 0.382683 -0.692703 0.200813 0.692703 0.707107 -0.707107 -0 0.382683 -0.92388 -0 0.692703 -0.692703 0.200813 0.692703 -0.200813 -0.692703 0.673887 0.302905 -0.673887 -0.382683 -0.92388 -0 -0.707107 -0.707107 -0 -0.673887 -0.673887 0.302905 -0.200813 -0.692703 -0.692703 0.302905 -0.673887 -0.673887 -0.673887 -0.302905 -0.673887 -0.692703 0.200813 -0.692703 -0.302905 0.673887 -0.673887 0.200813 0.692703 -0.692703 0 0 1 0.426298 0 -0.904583 0.901412 0 0.432962 0.901412 0 0.432962 -0.427168 0 0.904172 -0.427168 0 0.904172 -0.901412 0 -0.432962 -0.901412 0 -0.432962 0.427168 0 -0.904172 0.427168 0 -0.904172 0.902666 0 0.430341 -0.426298 0 0.904583 -0.904583 0 -0.426298 0.434749 0 -0.900552 0.434749 0 -0.900552 0.904172 0 0.427168 0.904172 0 0.427168 -0.904172 0 -0.427168 -0.904172 0 -0.427168 0.944143 0 -0.329536 -0.900552 0 -0.434749 -0.900552 0 -0.434749 0.438835 0 -0.898568 0.424434 0 -0.905459 -0.902666 0 -0.430341 -0.424434 0 0.905459 0.904583 0 0.426298 -0.434749 0 0.900552 -0.434749 0 0.900552 0.90273 0 0.430207 0.90273 0 0.430207 -0.432962 0 0.901412 -0.432962 0 0.901412 0.900552 0 0.434749 0.900552 0 0.434749 -0.430341 0 0.902666 -0.905459 0 -0.424434 0.432962 0 -0.901412 0.432962 0 -0.901412 0.430341 0 -0.902666 0.905561 -0.00489445 0.424188 0.903413 -0.00489443 0.428744 0.902434 -0.00209315 0.430824 0.902513 0.00227607 0.430657 0.903411 0.00526623 0.428744 0.905559 0.00526624 0.424187 0.906726 0.00299017 0.421709 0.906805 -0.00280129 0.421542 -0.896754 0.131277 -0.422608 -0.896755 0.131277 -0.422608 -0.868572 0.279344 -0.409327 -0.818495 0.425138 -0.386424 -0.679154 0.659976 -0.321217 -0.59477 0.753017 -0.281449 -0.384228 0.905214 -0.181539 -0.254722 0.959535 -0.120042 -0.121674 0.990912 -0.0573405 -0.855699 0.320721 -0.4061 -0.905559 0.00526624 -0.424187 -0.838993 0.53557 -0.0962006 -0.906805 -0.00280129 -0.421542 -0.988914 -0.00406658 0.148435 -0.7218 -0.00463663 -0.692086 -0.902434 -0.00209315 -0.430824 -0.513868 0.00188781 -0.857867 -0.905561 -0.00489445 -0.424188 -0.903413 -0.00489443 -0.428744 -0.902513 0.00227607 -0.430657 -0.903411 0.00526623 -0.428744 -0.905559 0.00526624 -0.424187 -0.906726 0.00299017 -0.421709 -0.839014 0.535533 -0.096231 -0.988929 -0.00406597 0.148336 0.851543 0.32781 0.409165 0.993215 0.0128447 0.115579 0.836859 0.540024 0.0896753 0.862635 -0.486918 -0.137011 0.988781 -0.00654232 -0.149232 0.492897 -0.272025 0.826471 0.900806 0.00163574 0.434219 0.71984 0.00116769 0.69414 0.855699 0.320721 0.4061 0.905559 0.00526624 0.424187 0.839014 0.535533 0.096231 0.988929 -0.00406597 -0.148336 0.515113 -0.00406346 0.857112 0.720492 0.00215482 0.69346 -0.722009 -0.00463249 -0.691868 -0.514659 0.00188523 -0.857393 0.852822 0.322144 0.410996 0.902999 0.00692683 0.429586 0.83701 0.538185 0.0988482 0.751957 -0.557629 0.351582 0.989534 -0.00285338 -0.144268 0.492769 -0.268584 0.827672 0.719119 8.25633e-005 0.694887 -0.902971 -0.000859356 -0.4297 -0.902061 0.00123378 -0.431607 -0.721155 -0.000813835 -0.692774 -0.513248 0.00102283 -0.85824 0.904179 -0.00156737 0.427152 0.904179 -0.00156737 0.427152 0.903189 -0.00384347 0.429226 0.751769 -0.555618 0.35515 0.855851 -0.319514 0.40673 -0.903016 -0.00342539 -0.429594 -0.90084 -0.00342527 -0.434138 -0.900806 0.00163574 -0.434219 -0.901561 8.72665e-005 -0.432652 -0.900824 0.0069266 -0.434129 -0.902999 0.00692683 -0.429586 -0.905115 0.00683962 -0.425111 -0.905863 -0.00506113 -0.423541 -0.904612 -0.00683668 -0.426181 -0.906246 -0.00521995 -0.422719 -0.906881 0.00263339 -0.421379 -0.90463 0.00273635 -0.42619 -0.902289 0.00273629 -0.431123 -0.901587 0.000102936 -0.432597 -0.902227 -0.00161673 -0.431258 -0.902271 -0.00683655 -0.431115 0 -1 -0 0.0139485 -0.666501 0.745374 0.80745 -0.449425 0.382155 -0.991654 0.00154341 -0.128916 -0.991112 0.00571522 0.132908 0.903016 -0.00342539 0.429594 0.90084 -0.00342527 0.434138 0.901561 8.72665e-005 0.432652 0.900824 0.0069266 0.434129 0.905115 0.00683962 0.425111 0.905863 -0.00506113 0.423541 -0.904179 -0.00156737 -0.427152 -0.904179 -0.00156737 -0.427152 -0.903189 -0.00384347 -0.429226 -0.751769 -0.555618 -0.35515 -0.855851 -0.319514 -0.40673 0.427146 -0.00319268 -0.904177 0.426389 -0.00115987 -0.904539 0.426051 -0.00152699 -0.904698 0.427736 -0.00145763 -0.903903 0.425713 -0.00189411 -0.904856 0.845655 0.355026 0.398527 0.845683 0.354243 0.399165 0.641056 0.705534 0.302107 0.383642 0.905611 0.180797 0.253727 0.959843 0.119685 0.120955 0.991011 0.0571667 0.121093 0.99098 0.0573968 0.425472 0 -0.904972 0.425472 0 -0.904972 -0.430979 -0 0.902362 0.427628 -0 -0.903955 -0.427006 -0 0.904249 0.4273 -0 -0.90411 0.430207 0 -0.90273 0.430207 0 -0.90273 -0.4273 0 0.90411 -0.904583 0 -0.426298 -0.424594 -0 0.905384 0.903631 0 0.428311 0.427148 -0 -0.904182 0.427148 0 -0.904182 0.449964 -0 -0.893047 0.945464 -0.000328741 -0.325727 0.992656 0.000422184 0.120967 -0.450517 0 0.892768 0.427561 -0 -0.903986 -0.899368 0 -0.437193 -0.33214 0 -0.94323 -0.424594 -0 0.905384 -0.424594 0 0.905384 0.424434 0 -0.905459 0.427006 0 -0.904249 0.427146 -0 -0.904183 -0.42741 -0 0.904058 -0.42741 0 0.904058 0.894947 0.138308 0.424194 0.895208 0.139968 0.423098 -0.427144 -0.00404072 0.904174 -0.428558 -0.00125174 0.903514 -0.427447 -0.00323143 0.904035 -0.429498 -0.000483111 0.903067 -0.428086 -0 0.903738 -0.429666 0.000727962 0.902988 0.904583 0 0.426298 0.424594 0 -0.905384 -0.427561 -0 0.903986 0.90455 0.000262866 0.426367 0.901955 -0.00413156 0.431811 0.90455 0.000262866 0.426367 0.719515 -0.00196493 0.694474 0.904249 0 0.427006 0.428355 -0.00080043 -0.90361 0.428619 -0.00053815 -0.903485 0.428702 0.000130517 -0.903446 0.427473 -0.000676084 -0.904028 0.428536 -0.00120682 -0.903524 0.431173 0 -0.902269 0.43073 0 -0.902481 -0.43073 -0 0.902481 -0.430207 -0 0.90273 -0.430207 0 0.90273 -0.427628 -0 0.903955 -0.431087 -0.001516 0.902309 -0.428324 0.00158377 0.903624 -0.426233 0.00266467 0.90461 -0.427006 0.000602832 0.904248 -0.424434 0 0.905459 0.421731 0 -0.906721 -0.427484 -0 0.904023 0.421579 0 -0.906792 0.227164 -0.607722 -0.760967 -0.0203108 -0.323681 -0.945948 -0.182825 -0.201492 -0.962276 -0.080554 0.199151 -0.976652 -0.0814043 0.397399 -0.914028 0.304223 0.520828 -0.797613 0.445592 0.594431 -0.669403 0.745484 0.316617 -0.586521 0.853635 0.195487 -0.482797 0.804854 -0.195979 -0.560181 0.753471 -0.394666 -0.525851 0.425318 -0.522647 -0.738881 0.908019 -0.000594032 0.418929 0.908679 -0.000460636 0.417495 0.908453 -0.000445524 0.417986 0.908667 0.00474767 0.417495 0.906674 0.0045654 0.421808 0.905901 0.00787226 0.423416 -0.544578 -0.146361 -0.825841 -0.908673 -0.00294702 -0.417498 -0.907519 -0.000201133 -0.420011 -0.908678 0.000307091 -0.417497 -0.908184 0.000442554 -0.418572 -0.90814 0.000885108 -0.418666 0.433731 -5.58143e-009 -0.901043 -0.907776 0 -0.419455 -0.907687 0.000424472 -0.419648 0.40177 0.253106 -0.880067 0.15868 0.924124 -0.347585 0.358152 0.506212 -0.784523 0.90618 0.00251717 0.422884 0.904667 0.00200919 0.426114 -0.0223631 -0.400027 -0.916231 0.401482 -0.280873 -0.871735 0.191429 -0.891013 -0.411644 -0.903253 0.00481129 -0.42908 0.0034533 -0.999947 -0.00971366 0.907687 -0.000430411 0.419648 0.907598 0 0.419841 0.398748 -0.282404 -0.872495 0.398009 -0.285489 -0.871828 -0.232842 -0.60133 0.764321 0.0192804 -0.328097 0.944447 0.207688 -0.203482 0.956797 0.089674 0.211999 0.973147 0.0908094 0.403574 0.910429 -0.293005 0.52825 0.796932 -0.436051 0.58999 0.679538 -0.736235 0.323482 0.594405 -0.863399 0.199919 0.463221 -0.802323 -0.209299 0.558991 -0.751787 -0.405604 0.519906 -0.422003 -0.531025 0.734796 -0.908019 -0.000594032 -0.418929 -0.908679 -0.000460636 -0.417495 -0.908453 -0.000445524 -0.417986 -0.908667 0.00474767 -0.417495 -0.906674 0.0045654 -0.421808 -0.905901 0.00787226 -0.423416 0.548686 -0.143842 0.823561 0.90866 0.00613936 0.417492 0.90945 0.00429192 0.415791 0.908669 -0.00143328 0.417516 0.906712 -0.00222961 0.421744 0.906944 -0.00445921 0.421227 -0.425582 0 0.90492 0.904249 0 0.427006 0.904741 -0.00230926 0.425956 -0.404077 0.253106 0.87901 -0.160461 0.923573 0.348233 -0.361044 0.504491 0.784306 -0.161331 0.923019 0.349298 -0.90618 0.00251717 -0.422884 -0.904667 0.00200919 -0.426114 0.0207287 -0.400892 0.915891 -0.403275 -0.281942 0.870562 -0.192506 -0.891014 0.41114 0.90719 0.00312817 0.420711 -0.00347672 -0.999947 0.00970248 -0.907687 -0.000430411 -0.419648 -0.907598 0 -0.419841 -0.400694 -0.283823 0.871143 -0.400295 -0.285477 0.870785 0.905459 0 0.424434 -0.90273 0 -0.430207 -0.90273 0 -0.430207 0.0139236 -0.666609 0.745277 0.806349 -0.450857 0.382791 0.902971 -0.000859356 0.4297 0.902061 0.00123378 0.431607 0.514498 -0.00071311 0.857491 -0.895407 0.134611 -0.424413 -0.896083 0.132944 -0.423511 -0.868447 0.278602 -0.4101 -0.820632 0.420713 -0.386735 -0.68286 0.655852 -0.321808 -0.59569 0.752023 -0.282163 -0.382382 0.905904 -0.181995 -0.252255 0.960107 -0.12067 -0.121251 0.990946 -0.0576533 -0.122082 0.990851 -0.0575328 0.901587 -0.000147051 0.432597 0.901561 8.72665e-005 0.432652 0.901625 -5.97843e-005 0.432518 0.901625 -5.97843e-005 0.432518 -0.901625 -5.97843e-005 -0.432518 -0.901625 -5.97843e-005 -0.432518 -0.901587 -0.000147051 -0.432597 -0.901625 -5.97843e-005 -0.432518 0.839003 0.535553 0.096215 0.988921 -0.00406629 -0.148388 -0.839021 0.535519 -0.0962423 -0.988934 -0.00406574 0.148299 -0.90455 -0.000262866 -0.426367 -0.904629 -0.000448536 -0.4262 -0.90474 0.000129969 -0.425964 -0.90455 -0.000184006 -0.426367 -0.90455 -0.000184006 -0.426367 -0.904629 -0.000313975 -0.4262 -0.90474 0.00018567 -0.425964 -0.90455 -0.000262866 -0.426367 0.428355 0.00080043 -0.90361 0.428702 -0.000130517 -0.903446 0.428619 0.00053815 -0.903485 0.427473 0.000676084 -0.904028 0.428536 0.00120682 -0.903524 0.639134 0.70744 0.301722 0.384921 0.904947 0.1814 0.254722 0.959535 0.120042 0.121674 0.990912 0.0573405 -0.431173 -0 0.902269 -0.428536 -0.00120682 0.903524 -0.427474 6.17655e-006 0.904028 -0.425179 -0.00320181 0.905104 -0.426411 0.00121919 0.904529 0.84506 0.354167 0.400549 0.845457 0.354308 0.399585 0.639775 0.706953 0.301503 0.904534 -0.000470963 0.426402 0.900139 -0.00682444 0.43555 0.717239 -0.00242751 0.696823 0.904629 0.000448536 0.4262 -0.425472 -0 0.904972 -0.425472 0 0.904972 0.427006 -0 -0.904249 -0.427923 -0 0.903815 0.427923 -0 -0.903815 0.42741 -0 -0.904058 0.42741 0 -0.904058 -0.426677 -0 0.904404 0.427484 0 -0.904023 -0.903631 0 -0.428311 -0.427148 -0 0.904182 -0.427148 0 0.904182 -0.904249 0 -0.427006 0.424594 -0 -0.905384 0.424594 0 -0.905384 -0.427146 -0 0.904183 0.896352 0.134597 0.422419 0.896083 0.132936 0.423512 -0.425797 0 0.904819 -0.905647 0 -0.424031 0.425797 -0.000425797 -0.904819 0.425933 1.9602e-005 -0.904755 0.425713 -0.000649367 -0.904858 0.426647 0.000252103 -0.904418 -0.9065 0 -0.422206 -0.9065 0 -0.422206 0.426152 0.000688573 -0.904651 0.424639 0 -0.905363 -0.426607 0.000512084 0.904437 -0.425324 0.00097671 0.905041 -0.426861 -0.00283398 0.904313 -0.428213 -0.00644838 0.903655 0.425136 0 -0.905129 0.425137 0 -0.905129 -0.425136 -0 0.905129 -0.425137 0 0.905129 0.9065 0 0.422206 0.9065 0 0.422206 -0.428346 0.00642832 0.903592 0.789694 -0.613285 0.016296 0.906352 -0.3226 -0.272865 0.875548 -0.202378 -0.438701 0.91994 0.198982 -0.337812 0.853602 0.404618 -0.328098 0.848661 0.523253 0.0773327 0.746673 0.615071 0.253311 0.760322 0.323226 0.563413 0.670207 0.204794 0.713359 0.749287 -0.199489 0.631485 0.686914 -0.408918 0.600779 0.822084 -0.526692 0.216272 0.985467 -0.00307966 0.16984 0.918899 0 -0.394492 0.989675 0 0.143332 0.992773 0 -0.120006 0.784046 -0 -0.620703 0.973841 0 -0.22723 0.973841 0 -0.22723 0.650875 -0.617721 0.441341 0.907438 -0.324023 0.267517 0.972762 -0.204482 0.109189 0.954766 0.198096 0.221768 0.893196 0.408525 0.187905 0.670411 0.5234 0.525929 0.48576 0.619403 0.616747 0.331945 0.324013 0.885905 0.166306 0.206282 0.964256 0.283797 -0.201397 0.937496 0.24424 -0.412411 0.877647 0.571209 -0.528361 0.628136 0.733507 -0.00304715 0.679675 0.116378 0 0.993205 -0.443119 0 0.896463 -0.182351 0 0.983234 -0.443119 -0 0.896463 0.382352 0 0.924017 0.00140689 -0.999999 -0.00025123 0.000771948 -0.999999 -0.0011874 -0.00102926 0.999998 0.0015832 -0.000937926 0.999999 0.000167487 0.604447 0 0.796645 0.000274008 -0.999991 -0.00424712 0.0015439 -0.999996 -0.0023748 -0.000274008 0.999991 0.00424712 -0.0015439 0.999996 0.0023748 -0.0643823 -0 0.997925 -0.0643823 0 0.997925</float_array>
                    <technique_common>
                        <accessor count="1218" source="#ID89" stride="3">
                            <param name="X" type="float"/>
                            <param name="Y" type="float"/>
                            <param name="Z" type="float"/>
                        </accessor>
                    </technique_common>
                </source>
                <source id="ID90">
                    <float_array id="ID91" count="586">0.726563 0.564453 0.651367 0.564453 0.5 0.636719 0.575195 0.564453 0.5 0.564453 0.272461 0.564453 0.347656 0.564453 0.423828 0.564453 1 0.477539 0.833008 0.477539 0.666016 0.477539 0.5 0.477539 0.333008 0.477539 0.166016 0.477539 0 0.477539 1 0.15918 0.833008 0.15918 0.666016 0.15918 0.5 0.15918 0.333008 0.15918 0.166016 0.15918 0 0.15918 0.424805 0.517578 0.424805 0.120117 0 1 0.461914 0.120117 0.386719 0.517578 0.386719 0.120117 0.349609 0.517578 0.349609 0.120117 0.3125 0.517578 0.3125 0.120117 0.274414 0.517578 0.274414 0.120117 0.237305 0.517578 0.237305 0.120117 0.199219 0.517578 0.199219 0.120117 0.162109 0.517578 0.162109 0.120117 0.125 0.517578 0.875 0.120117 0.836914 0.517578 0.836914 0.120117 0.799805 0.517578 0.799805 0.120117 0.761719 0.517578 0.761719 0.120117 0.724609 0.517578 0.724609 0.120117 0.6875 0.517578 0.6875 0.120117 0.649414 0.517578 0.649414 0.120117 0.612305 0.517578 0.612305 0.120117 0.574219 0.517578 0.574219 0.120117 0.537109 0.517578 0.117188 0 0.117188 1 0 0 1 0.318359 0.949219 0.318359 0.875 0.517578 0.899414 0.318359 0.849609 0.318359 0.799805 0.318359 0.75 0.318359 0.699219 0.318359 0.649414 0.318359 0.599609 0.318359 0.549805 0.318359 0.5 0.318359 0.5 0.517578 0.449219 0.318359 0.461914 0.517578 0.399414 0.318359 0.349609 0.318359 0.299805 0.318359 0.25 0.318359 0.199219 0.318359 0.149414 0.318359 0.0996094 0.318359 0.0498047 0.318359 0 0.318359 0.537109 0.120117 0.5 0.120117 0.125 0.120117 0.916016 1 1 0.833984 0.833008 0.833984 0.833008 0.666992 0.666016 0.666992 0.666016 0.5 0.5 0.5 0.5 0.333984 0.333008 0.333984 0.333008 0.166992 0.166016 0.166992 0.25 0 0.75 1 0.666016 0.833984 0.5 0.666992 0.333008 0.5 0.166016 0.333984 0 0.166992 0.0830078 0 0.583008 1 0.5 0.833984 0.333008 0.666992 0.166016 0.5 0 0.333984 0.416016 0 0.5 0.166992 0.666016 0.333984 0.833008 0.5 1 0.666992 0.416016 1 0.333008 0.833984 0.166016 0.666992 0 0.5 0.583008 0 0.666016 0.166992 0.833008 0.333984 1 0.5 0.25 1 0.166016 0.833984 0 0.666992 0.75 0 0.833008 0.166992 1 0.333984 0.0830078 1 0 0.833984 0.916016 0 1 0.166992 0.25 2 0.75 2 -0.25 2 -0.5 0.5 0 2.5 0.25 3 0.5 2.5 0.75 3 1.25 2 1.5 0.5 1.25 1 -0.25 1 -1 0.5 2 0.5 1 2.5 0.5 3.5 0.5 1.5 0.0771484 0.951172 0.0751953 0.878906 0.000976563 0.998047 0.03125 0.81543 0.000976563 0.706055 0.102539 0.792969 0.146484 0.730469 0.293945 0.706055 0.192383 0.791992 0.263672 0.813477 0.125977 0.84668 0.149414 0.930664 0.220703 0.950195 0.293945 0.998047 0.220703 0.876953 0.337891 0.332031 0.375 0.332031 0.337891 0.0390625 0.375 0.0390625 0.375 0.00292969 0.667969 0.00292969 0.667969 0.0390625 0.301758 0.665039 0.301758 0.37207 0.00976563 0.665039 0.00976563 0.37207 0.600586 0.665039 0.600586 0.37207 0.308594 0.665039 0.308594 0.37207 0.293945 0.0390625 0.000976563 0.0390625 0.293945 0.332031 0.000976563 0.332031 0.679688 0.665039 0.972656 0.665039 0.679688 0.37207 0.972656 0.37207 0.637695 0.665039 0.637695 0.37207 0.00976563 0.702148 0.301758 0.702148 0.643555 0.665039 0.643555 0.37207 0.308594 0.702148 0.600586 0.702148 0.331055 0.332031 0.331055 0.0390625 0.972656 0.702148 0.679688 0.702148 0.000976563 0.00292969 0.293945 0.00292969 0.667969 0.332031 0.704102 0.332031 0.704102 0.0390625 0.000976563 0.368164 0.293945 0.368164 0.375 0.368164 0.667969 0.368164 0.374023 0.00292969 0.374023 0.0390625 0.666992 0.00292969 0.666992 0.0390625 0.367188 0.332031 0.367188 0.0390625 0.374023 0.332031 0.374023 0.368164 0.666992 0.332031 0.666992 0.368164 0.0380859 0.332031 0.0380859 0.368164 0.331055 0.368164 0.0380859 0.00292969 0.0380859 0.0390625 0.331055 0.00292969 0.600586 0.40918 0.308594 0.40918 0.936523 0.665039 0.936523 0.37207 0.936523 0.702148 0.643555 0.702148 0.637695 0.702148 0.637695 0.40918 0 2 0.999023 1 1 2 1 10 0 10 0.625 0.75 0.375 0.75 0.25 0.5 0.375 0.25 0.625 0.25 0.75 0.5 0.0214844 0.999023 0.0185547 0.864258 0.0214844 0.863281 0.0195313 0.564453 0.0234375 0.56543 0.0214844 0.481445 1.2002 0.483398 1.19727 0.566406 1.20117 0.567383 1.19629 0.867188 1.2002 0.866211 1.2002 1 1.20801 0.868164 1.20703 1.00293 0.0234375 -0.000976563 0.0214844 -0.00195313 1.2041 0.000976563 1.20703 0.000976563 0.0292969 0.866211 0.0283203 1 0.40332 0.53125 0.40332 0.833008 0.697266 0.53125 0.697266 0.833008 0.40332 0.505859 0.697266 0.505859 0.00195313 0.34375 0.0273438 0.329102 0.0507813 0.00195313 0.0712891 0.0273438 0.367188 0.174805 0.34082 0.161133 0.410156 0.476563 0.389648 0.501953 0.102539 0.804688 0.396484 0.804688 0.102539 0.505859 0.397461 0.505859 0.326172 0.470703 0.333984 0.501953 0.666016 0.0332031 0.673828 0.00195313 0.0654297 0.799805 0.0966797 0.799805 0.0654297 0.505859 0.0966797 0.505859</float_array>
                    <technique_common>
                        <accessor count="293" source="#ID91" stride="2">
                            <param name="S" type="float"/>
                            <param name="T" type="float"/>
                        </accessor>
                    </technique_common>
                </source>
                <vertices id="ID92">
                    <input semantic="POSITION" source="#ID86"/>
                </vertices>
                <triangles count="2124" material="Material1">
                    <input offset="0" semantic="VERTEX" source="#ID92"/>
                    <input offset="1" semantic="NORMAL" source="#ID88"/>
                    <input offset="2" semantic="TEXCOORD" source="#ID90" set="0"/>
                    <p>708 2 2 702 1 1 675 0 0 702 1 1 708 2 2 697 3 3 692 4 4 697 3 3 708 2 2 680 6 6 708 2 2 674 5 5 708 2 2 680 6 6 686 7 7 675 0 0 664 9 9 610 8 8 664 9 9 675 0 0 702 1 1 702 1 1 654 10 10 664 9 9 654 10 10 702 1 1 697 3 3 697 3 3 645 11 11 654 10 10 645 11 11 697 3 3 692 4 4 692 4 4 627 12 12 645 11 11 627 12 12 692 4 4 686 7 7 686 7 7 614 13 13 627 12 12 614 13 13 686 7 7 680 6 6 680 6 6 609 14 14 614 13 13 609 14 14 680 6 6 674 5 5 610 8 8 669 16 16 623 15 15 669 16 16 610 8 8 664 9 9 664 9 9 659 17 17 669 16 16 659 17 17 664 9 9 654 10 10 654 10 10 649 18 18 659 17 17 649 18 18 654 10 10 645 11 11 645 11 11 636 19 19 649 18 18 636 19 19 645 11 11 627 12 12 627 12 12 618 20 20 636 19 19 618 20 20 627 12 12 614 13 13 614 13 13 622 21 21 618 20 20 622 21 21 614 13 13 609 14 14 686 7 7 692 4 4 708 2 2 997 24 24 800 23 23 989 22 22 800 23 23 997 24 24 811 25 25 989 22 22 790 27 27 982 26 26 790 27 27 989 22 22 800 23 23 982 26 26 778 29 29 975 28 28 778 29 29 982 26 26 790 27 27 975 28 28 768 31 31 970 30 30 768 31 31 975 28 28 778 29 29 970 30 30 758 33 33 965 32 32 758 33 33 970 30 30 768 31 31 965 32 32 748 35 35 960 34 34 748 35 35 965 32 32 758 33 33 960 34 34 737 37 37 955 36 36 737 37 37 960 34 34 748 35 35 955 36 36 713 39 39 950 38 38 713 39 39 955 36 36 737 37 37 950 38 38 720 41 41 944 40 40 720 41 41 950 38 38 713 39 39 944 40 40 932 43 43 1053 42 42 932 43 43 944 40 40 720 41 41 1053 42 42 920 45 45 1047 44 44 920 45 45 1053 42 42 932 43 43 1047 44 44 907 47 47 1042 46 46 907 47 47 1047 44 44 920 45 45 1042 46 46 896 49 49 1037 48 48 896 49 49 1042 46 46 907 47 47 1037 48 48 883 51 51 1032 50 50 883 51 51 1037 48 48 896 49 49 1032 50 50 872 53 53 1027 52 52 872 53 53 1032 50 50 883 51 51 1027 52 52 859 55 55 1022 54 54 859 55 55 1027 52 52 872 53 53 1022 54 54 849 57 57 1017 56 56 849 57 57 1022 54 54 859 55 55 1017 56 56 837 59 59 1011 58 58 837 59 59 1017 56 56 849 57 57 837 61 59 1006 61 24 1012 60 60 1006 61 24 837 61 59 825 62 61 824 64 59 997 64 24 1005 63 60 997 64 24 824 64 59 812 65 61 945 68 64 939 67 63 726 66 62 939 67 63 945 68 64 1053 69 42 1053 69 42 926 70 65 939 67 63 926 70 65 1053 69 42 1047 71 44 1047 71 44 913 72 66 926 70 65 913 72 66 1047 71 44 1042 73 46 1042 73 46 902 74 67 913 72 66 902 74 67 1042 73 46 1037 75 48 1037 75 48 889 76 68 902 74 67 889 76 68 1037 75 48 1032 77 50 1032 77 50 878 78 69 889 76 68 878 78 69 1032 77 50 1027 79 52 1027 79 52 865 80 70 878 78 69 865 80 70 1027 79 52 1022 81 54 1022 81 54 854 82 71 865 80 70 854 82 71 1022 81 54 1017 83 56 1017 83 56 843 84 72 854 82 71 843 84 72 1017 83 56 1011 85 58 1011 85 58 831 86 73 843 84 72 831 86 73 1011 85 58 1004 87 74 1004 87 74 818 88 75 831 86 73 818 88 75 1004 87 74 996 89 76 996 89 76 806 90 77 818 88 75 806 90 77 996 89 76 989 91 22 989 91 22 795 92 78 806 90 77 795 92 78 989 91 22 982 93 26 982 93 26 784 94 79 795 92 78 784 94 79 982 93 26 975 95 28 975 95 28 773 96 80 784 94 79 773 96 80 975 95 28 970 97 30 970 97 30 763 98 81 773 96 80 763 98 81 970 97 30 965 99 32 965 99 32 753 100 82 763 98 81 753 100 82 965 99 32 960 101 34 960 101 34 743 102 83 753 100 82 743 102 83 960 101 34 955 103 36 955 103 36 732 104 84 743 102 83 732 104 84 955 103 36 950 105 38 950 105 38 725 106 85 732 104 84 725 106 85 950 105 38 944 107 40 726 110 62 932 109 43 720 108 41 932 109 43 726 110 62 939 111 63 939 111 63 920 112 45 932 109 43 920 112 45 939 111 63 926 113 65 926 113 65 907 114 47 920 112 45 907 114 47 926 113 65 913 115 66 913 115 66 896 116 49 907 114 47 896 116 49 913 115 66 902 117 67 902 117 67 883 118 51 896 116 49 883 118 51 902 117 67 889 119 68 889 119 68 872 120 53 883 118 51 872 120 53 889 119 68 878 121 69 878 121 69 859 122 55 872 120 53 859 122 55 878 121 69 865 123 70 865 123 70 849 124 57 859 122 55 849 124 57 865 123 70 854 125 71 854 125 71 836 126 86 849 124 57 836 126 86 854 125 71 843 127 72 843 127 72 823 128 87 836 126 86 823 128 87 843 127 72 831 129 73 831 129 73 811 130 25 823 128 87 811 130 25 831 129 73 818 131 75 818 131 75 800 132 23 811 130 25 800 132 23 818 131 75 806 133 77 806 133 77 790 134 27 800 132 23 790 134 27 806 133 77 795 135 78 795 135 78 778 136 29 790 134 27 778 136 29 795 135 78 784 137 79 784 137 79 768 138 31 778 136 29 768 138 31 784 137 79 773 139 80 773 139 80 758 140 33 768 138 31 758 140 33 773 139 80 763 141 81 763 141 81 748 142 35 758 140 33 748 142 35 763 141 81 753 143 82 753 143 82 737 144 37 748 142 35 737 144 37 753 143 82 743 145 83 743 145 83 713 146 39 737 144 37 713 146 39 743 145 83 732 147 84 719 149 88 732 147 84 725 148 85 732 147 84 719 149 88 713 146 39 1335 152 24 1146 151 23 1329 150 22 1146 151 23 1335 152 24 1159 152 25 1329 150 22 1135 154 27 1324 153 26 1135 154 27 1329 150 22 1146 151 23 1324 153 26 1122 156 29 1319 155 28 1122 156 29 1324 153 26 1135 154 27 1319 155 28 1111 158 31 1314 157 30 1111 158 31 1319 155 28 1122 156 29 1314 157 30 1100 160 33 1309 159 32 1100 160 33 1314 157 30 1111 158 31 1309 159 32 1090 162 35 1304 161 34 1090 162 35 1309 159 32 1100 160 33 1304 161 34 1080 164 37 1299 163 36 1080 164 37 1304 161 34 1090 162 35 1299 163 36 1058 166 39 1294 165 38 1058 166 39 1299 163 36 1080 164 37 1294 165 38 1064 168 41 1288 167 40 1064 168 41 1294 165 38 1058 166 39 1288 167 40 1278 170 43 21 169 42 1278 170 43 1288 167 40 1064 168 41 21 169 42 1268 172 45 16 171 44 1268 172 45 21 169 42 1278 170 43 16 171 44 1256 174 47 10 173 46 1256 174 47 16 171 44 1268 172 45 10 173 46 1242 176 49 5 175 48 1242 176 49 10 173 46 1256 174 47 5 175 48 1230 178 51 0 177 50 1230 178 51 5 175 48 1242 176 49 0 177 50 1220 180 53 1363 179 52 1220 180 53 0 177 50 1230 178 51 1363 179 52 1210 182 55 1358 181 54 1210 182 55 1363 179 52 1220 180 53 1358 181 54 1200 184 57 1353 183 56 1200 184 57 1358 181 54 1210 182 55 1353 183 56 1187 186 59 1347 185 58 1187 186 59 1353 183 56 1200 184 57 1187 187 59 1342 187 24 1348 187 60 1342 187 24 1187 187 59 1173 187 61 1172 189 59 1335 189 24 1341 188 60 1335 189 24 1172 189 59 1160 188 61 1289 192 64 1283 191 63 1070 190 62 1283 191 63 1289 192 64 21 193 42 21 193 42 1273 194 65 1283 191 63 1273 194 65 21 193 42 16 195 44 16 195 44 1263 196 66 1273 194 65 1263 196 66 16 195 44 10 197 46 10 197 46 1249 198 67 1263 196 66 1249 198 67 10 197 46 5 199 48 5 199 48 1235 200 68 1249 198 67 1235 200 68 5 199 48 0 201 50 0 201 50 1225 202 69 1235 200 68 1225 202 69 0 201 50 1363 203 52 1363 203 52 1215 204 70 1225 202 69 1215 204 70 1363 203 52 1358 205 54 1358 205 54 1205 206 71 1215 204 70 1205 206 71 1358 205 54 1353 207 56 1353 207 56 1193 208 72 1205 206 71 1193 208 72 1353 207 56 1347 209 58 1347 209 58 1180 210 73 1193 208 72 1180 210 73 1347 209 58 1340 211 74 1340 211 74 1165 212 75 1180 210 73 1165 212 75 1340 211 74 1334 213 76 1334 213 76 1153 214 77 1165 212 75 1153 214 77 1334 213 76 1329 215 22 1329 215 22 1140 216 78 1153 214 77 1140 216 78 1329 215 22 1324 217 26 1324 217 26 1129 218 79 1140 216 78 1129 218 79 1324 217 26 1319 219 28 1319 219 28 1116 220 80 1129 218 79 1116 220 80 1319 219 28 1314 221 30 1314 221 30 1106 222 81 1116 220 80 1106 222 81 1314 221 30 1309 223 32 1309 223 32 1095 224 82 1106 222 81 1095 224 82 1309 223 32 1304 225 34 1304 225 34 1085 226 83 1095 224 82 1085 226 83 1304 225 34 1299 227 36 1299 227 36 1075 228 84 1085 226 83 1075 228 84 1299 227 36 1294 229 38 1294 229 38 1069 230 85 1075 228 84 1069 230 85 1294 229 38 1288 231 40 1070 234 62 1278 233 43 1064 232 41 1278 233 43 1070 234 62 1283 235 63 1283 235 63 1268 236 45 1278 233 43 1268 236 45 1283 235 63 1273 237 65 1273 237 65 1256 238 47 1268 236 45 1256 238 47 1273 237 65 1263 239 66 1263 239 66 1242 240 49 1256 238 47 1242 240 49 1263 239 66 1249 241 67 1249 241 67 1230 242 51 1242 240 49 1230 242 51 1249 241 67 1235 243 68 1235 243 68 1220 244 53 1230 242 51 1220 244 53 1235 243 68 1225 245 69 1225 245 69 1210 246 55 1220 244 53 1210 246 55 1225 245 69 1215 247 70 1215 247 70 1200 248 57 1210 246 55 1200 248 57 1215 247 70 1205 249 71 1205 249 71 1186 250 86 1200 248 57 1186 250 86 1205 249 71 1193 251 72 1193 251 72 1171 252 87 1186 250 86 1171 252 87 1193 251 72 1180 253 73 1180 253 73 1159 254 25 1171 252 87 1159 254 25 1180 253 73 1165 255 75 1165 255 75 1146 256 23 1159 254 25 1146 256 23 1165 255 75 1153 257 77 1153 257 77 1135 258 27 1146 256 23 1135 258 27 1153 257 77 1140 259 78 1140 259 78 1122 260 29 1135 258 27 1122 260 29 1140 259 78 1129 261 79 1129 261 79 1111 262 31 1122 260 29 1111 262 31 1129 261 79 1116 263 80 1116 263 80 1100 264 33 1111 262 31 1100 264 33 1116 263 80 1106 265 81 1106 265 81 1090 266 35 1100 264 33 1090 266 35 1106 265 81 1095 267 82 1095 267 82 1080 268 37 1090 266 35 1080 268 37 1095 267 82 1085 269 83 1085 269 83 1058 270 39 1080 268 37 1058 270 39 1085 269 83 1075 271 84 1063 273 88 1075 271 84 1069 272 85 1075 271 84 1063 273 88 1058 270 39 287 276 24 123 275 23 282 274 22 123 275 23 287 276 24 137 277 25 282 274 22 113 279 27 278 278 26 113 279 27 282 274 22 123 275 23 278 278 26 101 281 29 274 280 28 101 281 29 278 278 26 113 279 27 274 280 28 89 283 31 270 282 30 89 283 31 274 280 28 101 281 29 270 282 30 76 285 33 266 284 32 76 285 33 270 282 30 89 283 31 266 284 32 65 287 35 262 286 34 65 287 35 266 284 32 76 285 33 262 286 34 52 289 37 258 288 36 52 289 37 262 286 34 65 287 35 258 288 36 26 291 39 254 290 38 26 291 39 258 288 36 52 289 37 254 290 38 33 293 41 249 292 40 33 293 41 254 290 38 26 291 39 249 292 40 240 295 43 330 294 42 240 295 43 249 292 40 33 293 41 330 294 42 230 297 45 326 296 44 230 297 45 330 294 42 240 295 43 326 296 44 220 299 47 322 298 46 220 299 47 326 296 44 230 297 45 322 298 46 210 301 49 318 300 48 210 301 49 322 298 46 220 299 47 318 300 48 200 303 51 314 302 50 200 303 51 318 300 48 210 301 49 314 302 50 190 305 53 310 304 52 190 305 53 314 302 50 200 303 51 310 304 52 180 307 55 306 306 54 180 307 55 310 304 52 190 305 53 306 306 54 170 309 57 302 308 56 170 309 57 306 306 54 180 307 55 302 308 56 160 311 59 297 310 58 160 311 59 302 308 56 170 309 57 160 313 59 293 313 24 298 312 60 293 313 24 160 313 59 147 314 61 146 316 59 287 316 24 292 315 60 287 316 24 146 316 59 138 317 61 250 320 64 245 319 63 41 318 62 245 319 63 250 320 64 330 321 42 330 321 42 235 322 65 245 319 63 235 322 65 330 321 42 326 323 44 326 323 44 225 324 66 235 322 65 225 324 66 326 323 44 322 325 46 322 325 46 215 326 67 225 324 66 215 326 67 322 325 46 318 327 48 318 327 48 205 328 68 215 326 67 205 328 68 318 327 48 314 329 50 314 329 50 195 330 69 205 328 68 195 330 69 314 329 50 310 331 52 310 331 52 185 332 70 195 330 69 185 332 70 310 331 52 306 333 54 306 333 54 175 334 71 185 332 70 175 334 71 306 333 54 302 335 56 302 335 56 165 336 72 175 334 71 165 336 72 302 335 56 297 337 58 297 337 58 154 338 73 165 336 72 154 338 73 297 337 58 291 339 74 291 339 74 1052 340 75 154 338 73 1052 340 75 291 339 74 286 341 76 286 341 76 130 342 77 1052 340 75 130 342 77 286 341 76 282 343 22 282 343 22 118 344 78 130 342 77 118 344 78 282 343 22 278 345 26 278 345 26 108 346 79 118 344 78 108 346 79 278 345 26 274 347 28 274 347 28 95 348 80 108 346 79 95 348 80 274 347 28 270 349 30 270 349 30 82 350 81 95 348 80 82 350 81 270 349 30 266 351 32 266 351 32 71 352 82 82 350 81 71 352 82 266 351 32 262 353 34 262 353 34 58 354 83 71 352 82 58 354 83 262 353 34 258 355 36 258 355 36 47 356 84 58 354 83 47 356 84 258 355 36 254 357 38 254 357 38 40 358 85 47 356 84 40 358 85 254 357 38 249 359 40 41 362 62 240 361 43 33 360 41 240 361 43 41 362 62 245 363 63 245 363 63 230 364 45 240 361 43 230 364 45 245 363 63 235 365 65 235 365 65 220 366 47 230 364 45 220 366 47 235 365 65 225 367 66 225 367 66 210 368 49 220 366 47 210 368 49 225 367 66 215 369 67 215 369 67 200 370 51 210 368 49 200 370 51 215 369 67 205 371 68 205 371 68 190 372 53 200 370 51 190 372 53 205 371 68 195 373 69 195 373 69 180 374 55 190 372 53 180 374 55 195 373 69 185 375 70 185 375 70 170 376 57 180 374 55 170 376 57 185 375 70 175 377 71 175 377 71 159 378 86 170 376 57 159 378 86 175 377 71 165 379 72 165 379 72 145 380 87 159 378 86 145 380 87 165 379 72 154 381 73 154 381 73 137 382 25 145 380 87 137 382 25 154 381 73 1052 383 75 1052 383 75 123 384 23 137 382 25 123 384 23 1052 383 75 130 385 77 130 385 77 113 386 27 123 384 23 113 386 27 130 385 77 118 387 78 118 387 78 101 388 29 113 386 27 101 388 29 118 387 78 108 389 79 108 389 79 89 390 31 101 388 29 89 390 31 108 389 79 95 391 80 95 391 80 76 392 33 89 390 31 76 392 33 95 391 80 82 393 81 82 393 81 65 394 35 76 392 33 65 394 35 82 393 81 71 395 82 71 395 82 52 396 37 65 394 35 52 396 37 71 395 82 58 397 83 58 397 83 26 398 39 52 396 37 26 398 39 58 397 83 47 399 84 32 401 88 47 399 84 40 400 85 47 399 84 32 401 88 26 398 39 469 404 91 445 403 90 487 402 89 445 403 90 469 404 91 438 405 92 434 406 93 438 405 92 469 404 91 438 405 92 434 406 93 401 407 94 397 408 95 401 407 94 434 406 93 401 407 94 397 408 95 360 409 96 352 410 97 360 409 96 397 408 95 360 409 96 352 410 97 356 411 98 343 412 99 356 411 98 352 410 97 356 411 98 343 412 99 474 413 100 465 415 102 469 404 91 486 414 101 469 404 91 465 415 102 434 406 93 428 416 103 434 406 93 465 415 102 434 406 93 428 416 103 397 408 95 393 417 104 397 408 95 428 416 103 397 408 95 393 417 104 352 410 97 339 418 105 352 410 97 393 417 104 352 410 97 339 418 105 343 412 99 347 419 106 343 412 99 339 418 105 343 412 99 347 419 106 473 420 107 460 422 109 465 415 102 485 421 108 465 415 102 460 422 109 428 416 103 424 423 110 428 416 103 460 422 109 428 416 103 424 423 110 393 417 104 389 424 111 393 417 104 424 423 110 393 417 104 389 424 111 339 418 105 334 425 112 339 418 105 389 424 111 339 418 105 334 425 112 347 419 106 364 427 114 356 411 98 475 426 113 356 411 98 364 427 114 360 409 96 368 428 115 360 409 96 364 427 114 360 409 96 368 428 115 401 407 94 407 429 116 401 407 94 368 428 115 401 407 94 407 429 116 438 405 92 413 430 117 438 405 92 407 429 116 438 405 92 413 430 117 445 403 90 455 432 119 460 422 109 484 431 118 460 422 109 455 432 119 424 423 110 418 433 120 424 423 110 455 432 119 424 423 110 418 433 120 389 424 111 384 434 121 389 424 111 418 433 120 389 424 111 384 434 121 334 425 112 372 436 123 364 427 114 476 435 122 364 427 114 372 436 123 368 428 115 376 437 124 368 428 115 372 436 123 368 428 115 376 437 124 407 429 116 385 438 125 407 429 116 376 437 124 407 429 116 385 438 125 413 430 117 450 440 127 455 432 119 483 439 126 455 432 119 450 440 127 418 433 120 412 441 128 418 433 120 450 440 127 418 433 120 412 441 128 384 434 121 380 443 130 372 436 123 477 442 129 372 436 123 380 443 130 376 437 124 335 444 131 376 437 124 380 443 130 376 437 124 335 444 131 385 438 125 444 446 133 450 440 127 482 445 132 450 440 127 444 446 133 412 441 128 348 448 135 380 443 130 478 447 134 380 443 130 348 448 135 335 444 131 624 451 91 603 450 90 642 449 89 603 450 90 624 451 91 599 452 92 596 453 93 599 452 92 624 451 91 599 452 92 596 453 93 566 454 94 562 455 95 566 454 94 596 453 93 566 454 94 562 455 95 517 456 96 509 457 97 517 456 96 562 455 95 517 456 96 509 457 97 513 458 98 500 459 99 513 458 98 509 457 97 513 458 98 500 459 99 629 460 100 619 415 102 624 451 91 641 414 101 624 451 91 619 415 102 596 453 93 593 461 103 596 453 93 619 415 102 596 453 93 593 461 103 562 455 95 556 462 104 562 455 95 593 461 103 562 455 95 556 462 104 509 457 97 496 463 105 509 457 97 556 462 104 509 457 97 496 463 105 500 459 99 504 464 106 500 459 99 496 463 105 500 459 99 504 464 106 628 465 107 615 422 109 619 415 102 640 421 108 619 415 102 615 422 109 593 461 103 588 466 110 593 461 103 615 422 109 593 461 103 588 466 110 556 462 104 552 467 111 556 462 104 588 466 110 556 462 104 552 467 111 496 463 105 491 468 112 496 463 105 552 467 111 496 463 105 491 468 112 504 464 106 521 470 114 513 458 98 630 469 113 513 458 98 521 470 114 517 456 96 525 471 115 517 456 96 521 470 114 517 456 96 525 471 115 566 454 94 572 472 116 566 454 94 525 471 115 566 454 94 572 472 116 599 452 92 578 473 117 599 452 92 572 472 116 599 452 92 578 473 117 603 450 90 611 474 119 615 422 109 639 431 118 615 422 109 611 474 119 588 466 110 583 475 120 588 466 110 611 474 119 588 466 110 583 475 120 552 467 111 545 476 121 552 467 111 583 475 120 552 467 111 545 476 121 491 468 112 529 478 123 521 470 114 631 477 122 521 470 114 529 478 123 525 471 115 535 479 124 525 471 115 529 478 123 525 471 115 535 479 124 572 472 116 546 480 125 572 472 116 535 479 124 572 472 116 546 480 125 578 473 117 606 482 127 611 474 119 638 481 126 611 474 119 606 482 127 583 475 120 577 483 128 583 475 120 606 482 127 583 475 120 577 483 128 545 476 121 540 485 130 529 478 123 632 484 129 529 478 123 540 485 130 535 479 124 492 486 131 535 479 124 540 485 130 535 479 124 492 486 131 546 480 125 602 488 133 606 482 127 637 487 132 606 482 127 602 488 133 577 483 128 505 490 135 540 485 130 633 489 134 540 485 130 505 490 135 492 486 131 646 493 137 650 492 95 660 491 136 660 491 136 665 495 139 688 494 138 709 498 142 687 497 141 739 496 140 709 498 142 681 499 143 687 497 141 693 501 145 646 493 137 682 500 144 650 492 95 655 503 125 721 502 101 693 501 145 715 504 146 721 502 101 650 492 95 721 502 101 698 505 126 698 505 126 704 506 147 665 495 139 703 507 136 709 498 142 739 496 140 665 495 139 704 506 147 738 508 148 693 501 145 727 509 149 715 504 146 714 511 137 728 510 150 709 498 142 681 499 143 709 498 142 728 510 150 688 494 138 665 495 139 738 508 148 676 512 151 660 491 136 688 494 138 660 491 136 650 492 95 670 513 121 646 493 137 676 512 151 682 500 144 676 512 151 646 493 137 660 491 136 733 514 152 704 506 147 698 505 126 698 505 126 721 502 101 733 514 152 715 504 146 733 514 152 721 502 101 733 515 152 714 511 137 703 507 136 693 501 145 682 500 144 727 509 149 693 501 145 721 502 101 655 516 125 650 492 95 698 505 126 670 513 121 714 511 137 709 498 142 703 507 136 698 505 126 665 495 139 670 517 121 655 516 125 646 493 137 693 501 145 687 497 141 681 499 143 676 518 151 670 517 121 665 495 139 660 491 136 655 503 125 650 492 95 646 493 137 744 521 137 749 520 95 759 519 136 759 519 136 764 523 139 786 522 138 807 526 142 785 525 141 839 524 140 807 526 142 779 527 143 785 525 141 791 529 145 744 521 137 780 528 144 749 532 95 754 531 125 819 530 101 791 534 145 814 533 146 819 530 101 749 532 95 819 530 101 796 535 126 796 535 126 802 537 147 764 536 139 801 540 136 807 539 142 839 538 140 764 536 139 802 537 147 838 541 148 791 534 145 826 542 149 814 533 146 813 544 137 827 543 150 807 539 142 779 527 143 807 526 142 827 545 150 786 522 138 764 523 139 838 546 148 774 547 151 759 519 136 786 522 138 759 519 136 749 520 95 769 548 121 744 521 137 774 547 151 780 528 144 774 547 151 744 521 137 759 519 136 832 549 152 802 537 147 796 535 126 796 535 126 819 530 101 832 549 152 814 533 146 832 549 152 819 530 101 832 550 152 813 544 137 801 540 136 791 529 145 780 528 144 826 551 149 791 534 145 819 530 101 754 531 125 749 532 95 796 535 126 769 552 121 813 544 137 807 539 142 801 540 136 796 535 126 764 536 139 769 552 121 754 553 125 744 521 137 791 529 145 785 525 141 779 527 143 774 554 151 769 548 121 764 523 139 759 519 136 754 553 125 749 520 95 744 521 137 978 555 155 1033 555 154 1043 555 153 1033 555 154 978 555 155 1028 555 156 985 555 157 1028 555 156 978 555 155 1028 555 156 985 555 157 1048 555 158 1023 555 159 1048 555 158 985 555 157 992 555 160 1023 555 159 985 555 157 1023 555 159 992 555 160 1054 555 161 1007 555 162 1054 555 161 992 555 160 946 555 163 1076 555 153 1081 555 154 1076 555 153 946 555 163 1071 555 164 1065 555 165 1071 555 164 946 555 163 946 555 163 951 555 158 1086 555 159 951 555 158 946 555 163 940 555 156 1081 555 154 940 555 156 946 555 163 1000 555 166 1007 555 162 992 555 160 1007 555 162 1000 555 166 1013 555 167 1018 555 165 1013 555 167 1000 555 166 946 555 163 1096 555 162 1059 555 167 1096 555 162 946 555 163 1091 555 161 1086 555 159 1091 555 161 946 555 163 874 558 170 961 557 169 867 556 168 961 557 169 874 558 170 956 559 171 999 561 173 956 559 171 977 560 172 956 559 171 999 561 173 971 562 174 921 565 177 933 564 176 927 563 175 933 564 176 921 565 177 914 564 178 897 568 181 908 567 180 903 566 179 908 567 180 897 568 181 890 569 182 1071 572 164 1018 571 165 1038 570 164 1018 571 165 1071 572 164 1065 573 165 850 576 185 860 575 184 855 574 183 860 575 184 850 576 185 844 577 186 1038 555 164 1000 555 166 978 555 155 1000 555 166 1038 555 164 1018 555 165 1059 580 167 1007 579 162 1013 578 167 1007 579 162 1059 580 167 1096 579 162 1096 583 162 1054 582 161 1007 581 162 1054 582 161 1096 583 162 1091 584 161 1091 584 161 1023 585 159 1054 582 161 1023 585 159 1091 584 161 1086 585 159 1086 588 159 1048 587 158 1023 586 159 1048 587 158 1086 588 159 951 589 158 951 589 158 1028 590 156 1048 587 158 1028 590 156 951 589 158 940 590 156 940 593 156 1033 592 154 1028 591 156 1033 592 154 940 593 156 1081 594 154 1081 594 154 1043 595 153 1033 592 154 1043 595 153 1081 594 154 1076 596 153 1076 597 153 1038 570 164 1043 597 153 1038 570 164 1076 597 153 1071 572 164 873 600 189 884 599 188 879 598 187 884 599 188 873 600 189 866 495 190 1065 601 165 1013 578 167 1018 601 165 1013 578 167 1065 601 165 1059 580 167 908 567 180 991 602 191 903 566 179 991 602 191 908 567 180 998 185 192 927 563 175 984 603 193 921 565 177 984 603 193 927 563 175 990 604 194 976 606 196 879 598 187 983 605 195 879 598 187 976 606 196 873 600 189 903 566 179 935 607 197 897 568 181 935 607 197 903 566 179 928 608 198 855 574 183 916 609 199 850 576 185 916 609 199 855 574 183 934 610 200 922 612 202 884 599 188 915 611 201 884 599 188 922 612 202 879 598 187 898 614 204 860 575 184 892 613 203 860 575 184 898 614 204 855 574 183 971 562 174 891 616 206 966 615 205 891 616 206 971 562 174 909 617 207 850 576 185 868 618 208 844 577 186 868 618 208 850 576 185 885 619 209 966 615 205 845 620 210 961 557 169 845 620 210 966 615 205 861 621 211 956 559 171 874 558 170 977 560 172 903 566 179 991 602 191 928 608 198 983 605 195 879 598 187 922 612 202 898 614 204 934 610 200 855 574 183 966 615 205 891 616 206 861 621 211 909 617 207 971 562 174 999 561 173 916 609 199 885 619 209 850 576 185 1038 555 164 978 555 155 1043 555 153 867 556 168 961 557 169 845 620 210 1059 555 167 1065 555 165 946 555 163 1245 624 157 1305 623 158 1284 622 156 1305 623 158 1245 624 157 1279 625 159 1252 626 160 1279 625 159 1245 624 157 1279 625 159 1252 626 160 1310 627 161 1264 628 162 1310 627 161 1252 626 160 1206 631 163 1325 630 164 1330 629 153 1325 630 164 1206 631 163 1320 632 165 1315 633 167 1320 632 165 1206 631 163 1259 634 166 1264 628 162 1252 626 160 1264 628 162 1259 634 166 1269 635 167 1274 636 165 1269 635 167 1259 634 166 1238 638 155 1295 637 164 1259 634 166 1295 637 164 1238 638 155 1300 639 153 1290 640 154 1300 639 153 1238 638 155 1201 642 156 1206 631 163 1336 641 154 1206 631 163 1201 642 156 1211 643 158 1343 644 159 1206 631 163 1211 643 158 1206 631 163 1343 644 159 1349 645 161 1354 646 162 1206 631 163 1349 645 161 1206 631 163 1354 646 162 1315 633 167 1154 649 214 1117 648 213 1148 647 212 1117 648 213 1154 649 214 1112 650 215 1211 653 158 1284 652 156 1305 651 158 1284 652 156 1211 653 158 1201 652 156 1231 656 200 1147 655 216 1226 654 199 1147 655 216 1231 656 200 1167 657 217 1107 660 220 1123 659 219 1102 658 218 1123 659 219 1107 660 220 1142 661 221 1226 654 199 1101 663 223 1221 662 222 1101 663 223 1226 654 199 1118 664 224 1257 667 227 1216 666 226 1237 665 225 1216 666 226 1257 667 227 1231 656 200 1182 669 177 1196 564 176 1189 668 175 1196 564 176 1182 669 177 1176 564 178 1155 672 198 1166 671 229 1161 670 228 1166 671 229 1155 672 198 1149 673 197 1131 676 195 1141 675 231 1136 674 230 1141 675 231 1131 676 195 1125 677 196 1107 660 220 1117 648 213 1112 650 215 1117 648 213 1107 660 220 1102 658 218 1238 638 155 1284 622 156 1290 640 154 1284 622 156 1238 638 155 1245 624 157 1315 680 167 1264 679 162 1269 678 167 1264 679 162 1315 680 167 1354 681 162 1354 682 162 1310 683 161 1264 682 162 1310 683 161 1354 682 162 1349 684 161 1349 684 161 1279 685 159 1310 683 161 1279 685 159 1349 684 161 1343 686 159 1343 688 159 1305 651 158 1279 687 159 1305 651 158 1343 688 159 1211 653 158 1130 690 184 1221 662 222 1124 689 186 1221 662 222 1130 690 184 1216 666 226 1201 691 156 1290 692 154 1284 691 156 1290 692 154 1201 691 156 1336 693 154 1336 693 154 1300 694 153 1290 692 154 1300 694 153 1336 693 154 1330 694 153 1330 697 153 1295 696 164 1300 695 153 1295 696 164 1330 697 153 1325 698 164 1325 698 164 1274 699 165 1295 696 164 1274 699 165 1325 698 164 1320 700 165 1320 702 165 1269 678 167 1274 701 165 1269 678 167 1320 702 165 1315 680 167 1166 671 229 1250 703 180 1161 670 228 1250 703 180 1166 671 229 1258 704 182 1189 668 175 1244 705 193 1182 669 177 1244 705 193 1189 668 175 1251 706 194 1236 708 233 1136 674 230 1243 707 232 1136 674 230 1236 708 233 1131 676 195 1161 670 228 1195 709 234 1155 672 198 1195 709 234 1161 670 228 1188 710 235 1112 650 215 1174 711 206 1107 660 220 1174 711 206 1112 650 215 1194 712 207 1181 714 188 1141 675 231 1175 713 190 1141 675 231 1181 714 188 1136 674 230 1206 631 163 1330 629 153 1336 641 154 1216 666 226 1130 690 184 1237 665 225 1161 670 228 1250 703 180 1188 710 235 1243 707 232 1136 674 230 1181 714 188 1154 649 214 1194 712 207 1112 650 215 1174 711 206 1142 661 221 1107 660 220 1226 654 199 1147 655 216 1118 664 224 1124 689 186 1221 662 222 1101 663 223 1259 634 166 1295 637 164 1274 636 165 1167 657 217 1231 656 200 1257 667 227 114 564 163 119 564 158 231 564 159 119 564 158 114 564 163 109 564 156 226 564 154 109 564 156 114 564 163 114 564 163 241 564 162 206 564 167 241 564 162 114 564 163 236 564 161 231 564 159 236 564 161 114 564 163 133 564 157 176 564 156 126 564 155 176 564 156 133 564 157 196 564 158 171 564 159 196 564 158 133 564 157 126 564 155 191 564 153 186 564 164 191 564 153 126 564 155 181 564 154 176 564 156 181 564 154 126 564 155 114 564 163 221 564 153 226 564 154 221 564 153 114 564 163 216 564 164 211 564 165 216 564 164 114 564 163 150 564 166 155 564 162 141 564 160 155 564 162 150 564 166 161 564 167 166 564 165 161 564 167 150 564 166 236 717 161 171 716 159 201 715 161 171 716 159 236 717 161 231 716 159 150 564 166 186 564 164 166 564 165 186 564 164 150 564 166 126 564 155 22 720 215 83 719 206 17 718 220 83 719 206 22 720 215 102 721 207 206 724 167 155 723 162 161 722 167 155 723 162 206 724 167 241 723 162 241 725 162 201 715 161 155 725 162 201 715 161 241 725 162 236 717 161 231 728 159 196 727 158 171 726 159 196 727 158 231 728 159 119 729 158 119 729 158 176 730 156 196 727 158 176 730 156 119 729 158 109 730 156 109 733 156 181 732 154 176 731 156 181 732 154 109 733 156 226 734 154 226 734 154 191 735 153 181 732 154 191 735 153 226 734 154 221 735 153 221 738 153 186 737 164 191 736 153 186 737 164 221 738 153 216 739 164 216 739 164 166 740 165 186 737 164 166 740 165 216 739 164 211 740 165 211 495 165 161 722 167 166 495 165 161 722 167 211 495 165 206 724 167 77 743 229 139 742 180 72 741 228 139 742 180 77 743 229 149 744 182 97 747 175 132 746 193 91 745 177 132 746 193 97 747 175 140 748 194 124 751 233 48 750 230 131 749 232 48 750 230 124 751 233 43 752 195 72 741 228 103 754 234 67 753 198 103 754 234 72 741 228 96 755 235 1364 758 199 6 757 226 1 756 200 6 757 226 1364 758 199 1359 759 222 90 762 188 53 761 231 84 760 190 53 761 231 90 762 188 48 750 230 66 765 214 27 764 213 60 763 212 27 764 213 66 765 214 22 720 215 1 756 200 59 766 216 1364 758 199 59 766 216 1 756 200 78 767 217 17 718 220 34 769 219 12 768 218 34 769 219 17 718 220 54 770 221 1364 758 199 11 771 223 1359 759 222 11 771 223 1364 758 199 28 772 224 42 774 184 1359 759 222 35 773 186 1359 759 222 42 774 184 6 757 226 148 776 227 6 757 226 125 775 225 6 757 226 148 776 227 1 756 200 91 745 177 104 777 176 97 747 175 104 777 176 91 745 177 85 777 178 67 753 198 77 743 229 72 741 228 77 743 229 67 753 198 61 569 197 43 752 195 53 761 231 48 750 230 53 761 231 43 752 195 36 495 196 17 718 220 27 764 213 22 720 215 27 764 213 17 718 220 12 768 218 201 564 161 141 564 160 155 564 162 141 564 160 201 564 161 171 564 159 6 757 226 42 774 184 125 775 225 1364 758 199 59 766 216 28 772 224 66 765 214 102 721 207 22 720 215 206 564 167 211 564 165 114 564 163 78 767 217 1 756 200 148 776 227 83 719 206 54 770 221 17 718 220 35 773 186 1359 759 222 11 771 223 131 749 232 48 750 230 90 762 188 72 741 228 139 742 180 96 755 235 141 564 160 171 564 159 133 564 157 689 564 24 729 564 24 651 564 236 729 564 24 689 564 24 716 564 237 677 564 237 716 564 237 689 564 24 716 564 237 677 564 237 705 564 238 666 564 238 705 564 238 677 564 237 705 564 238 666 564 238 699 564 236 651 564 236 699 564 236 666 564 238 699 564 236 651 564 236 729 564 24 1239 564 24 1280 564 24 1202 564 236 1280 564 24 1239 564 24 1270 564 237 1227 564 237 1270 564 237 1239 564 24 1270 564 237 1227 564 237 1260 564 238 1217 564 238 1260 564 238 1227 564 237 1260 564 238 1217 564 238 1253 564 236 1202 564 236 1253 564 236 1217 564 238 1253 564 236 1202 564 236 1280 564 24 1143 564 24 1190 564 24 1103 564 236 1190 564 24 1143 564 24 1177 564 237 1132 564 237 1177 564 237 1143 564 24 1177 564 237 1132 564 237 1162 564 238 1119 564 238 1162 564 238 1132 564 237 1162 564 238 1119 564 238 1156 564 236 1103 564 236 1156 564 236 1119 564 238 1156 564 236 1103 564 236 1190 564 24 1055 564 24 1092 564 24 1019 564 236 1092 564 24 1055 564 24 1082 564 237 1044 564 237 1082 564 237 1055 564 24 1082 564 237 1044 564 237 1072 564 238 1034 564 238 1072 564 238 1044 564 237 1072 564 238 1034 564 238 1066 564 236 1019 564 236 1066 564 236 1034 564 238 1066 564 236 1019 564 236 1092 564 24 962 564 24 1008 564 24 923 564 236 1008 564 24 962 564 24 993 564 237 952 564 237 993 564 237 962 564 24 993 564 237 952 564 237 979 564 238 941 564 238 979 564 238 952 564 237 979 564 238 941 564 238 972 564 236 923 564 236 972 564 236 941 564 238 972 564 236 923 564 236 1008 564 24 869 564 24 910 564 24 828 564 236 910 564 24 869 564 24 899 564 237 856 564 237 899 564 237 869 564 24 899 564 237 856 564 237 886 564 238 846 564 238 886 564 238 856 564 237 886 564 238 846 564 238 880 564 236 828 564 236 880 564 236 846 564 238 880 564 236 828 564 236 910 564 24 775 564 24 815 564 24 740 564 236 815 564 24 775 564 24 803 564 237 765 564 237 803 564 237 775 564 24 803 564 237 765 564 237 792 564 238 755 564 238 792 564 238 765 564 237 792 564 238 755 564 238 787 564 236 740 564 236 787 564 236 755 564 238 787 564 236 740 564 236 815 564 24 1207 778 236 1217 778 238 1212 778 238 1217 778 238 1207 778 236 1202 778 236 1190 780 24 1150 780 236 1156 779 236 1150 780 236 1190 780 24 1197 779 24 1190 782 24 1183 782 237 1197 781 24 1183 782 237 1190 782 24 1177 781 237 1177 784 237 1168 784 238 1183 783 237 1168 784 238 1177 784 237 1162 783 238 1156 786 236 1168 786 238 1162 785 238 1168 786 238 1156 786 236 1150 785 236 1108 787 236 1143 787 24 1103 787 236 1143 787 24 1108 787 236 1137 787 24 1137 788 24 1132 788 237 1143 788 24 1132 788 237 1137 788 24 1126 788 237 1126 789 237 1119 789 238 1132 789 237 1119 789 238 1126 789 237 1113 789 238 1108 791 236 1119 791 238 1113 790 238 1119 791 238 1108 791 236 1103 790 236 1092 793 24 1060 793 236 1066 792 236 1060 793 236 1092 793 24 1097 792 24 1092 782 24 1087 782 237 1097 781 24 1087 782 237 1092 782 24 1082 781 237 1082 795 237 1077 795 238 1087 794 237 1077 795 238 1082 795 237 1072 794 238 1066 786 236 1077 786 238 1072 785 238 1077 786 238 1066 786 236 1060 785 236 1024 796 236 1055 787 24 1019 796 236 1055 787 24 1024 796 236 1049 787 24 1049 788 24 1044 788 237 1055 788 24 1044 788 237 1049 788 24 1039 788 237 1039 798 237 1034 798 238 1044 797 237 1034 798 238 1039 798 237 1029 797 238 1024 796 236 1034 799 238 1029 799 238 1034 799 238 1024 796 236 1019 796 236 1008 780 24 967 780 236 972 779 236 967 780 236 1008 780 24 1014 779 24 1008 782 24 1001 782 237 1014 781 24 1001 782 237 1008 782 24 993 781 237 993 795 237 986 795 238 1001 794 237 986 795 238 993 795 237 979 794 238 972 800 236 986 800 238 979 800 238 986 800 238 972 800 236 967 800 236 929 787 236 962 787 24 923 787 236 962 787 24 929 787 236 957 787 24 957 788 24 952 788 237 962 788 24 952 788 237 957 788 24 947 788 237 947 801 237 941 801 238 952 801 237 941 801 238 947 801 237 936 801 238 929 778 236 941 778 238 936 778 238 941 778 238 929 778 236 923 778 236 910 793 24 875 793 236 880 792 236 875 793 236 910 793 24 917 792 24 910 802 24 904 802 237 917 802 24 904 802 237 910 802 24 899 802 237 899 784 237 893 784 238 904 783 237 893 784 238 899 784 237 886 783 238 880 786 236 893 786 238 886 785 238 893 786 238 880 786 236 875 785 236 833 803 236 869 803 24 828 803 236 869 803 24 833 803 236 862 803 24 862 805 24 856 805 237 869 804 24 856 805 237 862 805 24 851 804 237 851 801 237 846 801 238 856 801 237 846 801 238 851 801 237 840 801 238 833 778 236 846 778 238 840 778 238 846 778 238 833 778 236 828 778 236 815 807 24 781 807 236 787 806 236 781 807 236 815 807 24 820 806 24 815 809 24 808 809 237 820 808 24 808 809 237 815 809 24 803 808 237 803 795 237 797 795 238 808 794 237 797 795 238 803 795 237 792 794 238 787 800 236 797 800 238 792 800 238 797 800 238 787 800 236 781 800 236 745 811 236 775 811 24 740 810 236 775 811 24 745 811 236 770 810 24 770 812 24 765 812 237 775 812 24 765 812 237 770 812 24 760 812 237 760 789 237 755 789 238 765 789 237 755 789 238 760 789 237 750 789 238 745 778 236 755 778 238 750 778 238 755 778 238 745 778 236 740 778 236 1280 793 24 1246 793 236 1253 792 236 1246 793 236 1280 793 24 1285 792 24 729 809 24 722 809 237 734 808 24 722 809 237 729 809 24 716 808 237 716 795 237 710 795 238 722 794 237 710 795 238 716 795 237 705 794 238 699 800 236 710 800 238 705 800 238 710 800 238 699 800 236 694 800 236 656 803 236 689 803 24 651 803 236 689 803 24 656 803 236 683 803 24 683 788 24 677 788 237 689 788 24 677 788 237 683 788 24 671 788 237 671 789 237 666 789 238 677 789 237 666 789 238 671 789 237 661 789 238 729 807 24 694 807 236 699 806 236 694 807 236 729 807 24 734 806 24 1280 782 24 1275 782 237 1285 781 24 1275 782 237 1280 782 24 1270 781 237 1270 813 237 1265 813 238 1275 813 237 1265 813 238 1270 813 237 1260 813 238 1253 815 236 1265 815 238 1260 814 238 1265 815 238 1253 815 236 1246 814 236 1207 811 236 1239 811 24 1202 810 236 1239 811 24 1207 811 236 1232 810 24 1232 812 24 1227 812 237 1239 812 24 1227 812 237 1232 812 24 1222 812 237 1222 789 237 1217 789 238 1227 789 237 1217 789 238 1222 789 237 1212 789 238 656 778 236 666 778 238 661 778 238 666 778 238 656 778 236 651 778 236 49 564 24 92 564 24 7 564 236 92 564 24 49 564 24 79 564 237 37 564 237 79 564 237 49 564 24 79 564 237 37 564 237 68 564 238 23 564 238 68 564 238 37 564 237 68 564 238 23 564 238 62 564 236 7 564 236 62 564 236 23 564 238 62 564 236 7 564 236 92 564 24 1326 564 24 1365 564 24 1291 564 236 1365 564 24 1326 564 24 1355 564 237 1316 564 237 1355 564 237 1326 564 24 1355 564 237 1316 564 237 1344 564 238 1306 564 238 1344 564 238 1316 564 237 1344 564 238 1306 564 238 1337 564 236 1291 564 236 1337 564 236 1306 564 238 1337 564 236 1291 564 236 1365 564 24 92 807 24 55 807 236 62 806 236 55 807 236 92 807 24 98 806 24 92 809 24 86 809 237 98 808 24 86 809 237 92 809 24 79 808 237 79 784 237 73 784 238 86 783 237 73 784 238 79 784 237 68 783 238 62 786 236 73 786 238 68 785 238 73 786 238 62 786 236 55 785 236 13 803 236 49 803 24 7 803 236 49 803 24 13 803 236 44 803 24 44 788 24 37 788 237 49 788 24 37 788 237 44 788 24 29 788 237 29 789 237 23 789 238 37 789 237 23 789 238 29 789 237 18 789 238 13 778 236 23 778 238 18 778 238 23 778 238 13 778 236 7 778 236 1365 793 24 1331 793 236 1337 792 236 1331 793 236 1365 793 24 2 792 24 1365 782 24 1360 782 237 2 781 24 1360 782 237 1365 782 24 1355 781 237 1355 813 237 1350 813 238 1360 813 237 1350 813 238 1355 813 237 1344 813 238 1337 815 236 1350 815 238 1344 814 238 1350 815 238 1337 815 236 1331 814 236 1296 803 236 1326 803 24 1291 803 236 1326 803 24 1296 803 236 1321 803 24 1321 812 24 1316 812 237 1326 812 24 1316 812 237 1321 812 24 1311 812 237 1311 789 237 1306 789 238 1316 789 237 1306 789 238 1311 789 237 1301 789 238 1296 816 236 1306 816 238 1301 816 238 1306 816 238 1296 816 236 1291 816 236 251 819 239 187 818 239 237 817 237 187 818 239 251 819 239 182 820 240 246 821 240 182 820 240 251 819 239 182 820 240 246 821 240 172 822 24 242 823 24 172 822 24 246 821 240 172 822 24 242 823 24 167 824 237 237 817 237 167 824 237 242 823 24 167 824 237 237 817 237 187 818 239 299 827 237 311 826 238 307 825 237 311 826 238 299 827 237 303 828 238 288 829 237 303 828 238 299 827 237 303 828 238 288 829 237 294 830 238 279 831 237 294 830 238 288 829 237 294 830 238 279 831 237 283 832 238 275 833 237 283 832 238 279 831 237 283 832 238 275 833 237 271 833 238 735 836 237 1045 835 237 730 834 239 1045 835 237 735 836 237 1040 837 24 746 838 24 1040 837 24 735 836 237 1040 837 24 746 838 24 1061 839 240 751 840 240 1061 839 240 746 838 24 1061 839 240 751 840 240 1078 841 239 730 834 239 1078 841 239 751 840 240 1078 841 239 730 834 239 1045 835 237 1184 840 237 1133 843 237 1198 842 239 1133 843 237 1184 840 237 1127 844 24 1178 845 24 1127 844 24 1184 840 237 1127 844 24 1178 845 24 1151 846 240 1191 847 240 1151 846 240 1178 845 24 1151 846 240 1191 847 240 1169 837 239 1198 842 239 1169 837 239 1191 847 240 1169 837 239 1198 842 239 1133 843 237 678 819 239 1163 818 239 672 817 237 1163 818 239 678 819 239 1157 820 240 711 821 240 1157 820 240 678 819 239 1157 820 240 711 821 240 1144 822 24 695 823 24 1144 822 24 711 821 240 1144 822 24 695 823 24 1138 824 237 672 817 237 1138 824 237 695 823 24 1138 824 237 672 817 237 1163 818 239 690 848 237 1088 835 237 684 834 239 1088 835 237 690 848 237 1083 837 24 700 849 24 1083 837 24 690 848 237 1083 837 24 700 849 24 1104 843 240 706 840 240 1104 843 240 700 849 24 1104 843 240 706 840 240 1120 844 239 684 834 239 1120 844 239 706 840 240 1120 844 239 684 834 239 1088 835 237 723 852 239 1114 851 239 717 850 237 1114 851 239 723 852 239 1109 853 240 756 854 240 1109 853 240 723 852 239 1109 853 240 756 854 240 1098 855 24 741 856 24 1098 855 24 756 854 240 1098 855 24 741 856 24 1093 857 237 717 850 237 1093 857 237 741 856 24 1093 857 237 717 850 237 1114 851 239 597 860 239 1073 859 239 594 858 237 1073 859 239 597 860 239 1067 824 240 620 861 240 1067 824 240 597 860 239 1067 824 240 620 861 240 1056 862 24 607 819 24 1056 862 24 620 861 240 1056 862 24 607 819 24 1050 863 237 594 858 237 1050 863 237 607 819 24 1050 863 237 594 858 237 1073 859 239 604 848 237 1002 835 237 600 834 239 1002 835 237 604 848 237 994 837 24 612 849 24 994 837 24 604 848 237 994 837 24 612 849 24 1020 864 240 616 840 240 1020 864 240 612 849 24 1020 864 240 616 840 240 1035 865 239 600 834 239 1035 865 239 616 840 240 1035 865 239 600 834 239 1002 835 237 766 868 239 1030 867 239 761 866 237 1030 867 239 766 868 239 1025 869 240 798 870 240 1025 869 240 766 868 239 1025 869 240 798 870 240 1015 871 24 782 856 24 1015 871 24 798 870 240 1015 871 24 782 856 24 1009 872 237 761 866 237 1009 872 237 782 856 24 1009 872 237 761 866 237 1030 867 239 776 840 237 953 873 237 771 873 239 953 873 237 776 840 237 948 874 24 788 873 24 948 874 24 776 840 237 948 874 24 788 873 24 968 875 240 793 840 240 968 875 240 788 873 24 968 875 240 793 840 240 987 876 239 771 873 239 987 876 239 793 840 240 987 876 239 771 873 239 953 873 237 634 879 239 980 878 239 625 877 237 980 878 239 634 879 239 973 820 240 667 880 240 973 820 240 634 879 239 973 820 240 667 880 240 963 878 24 652 881 24 963 878 24 667 880 240 963 878 24 652 881 24 958 820 237 625 877 237 958 820 237 652 881 24 958 820 237 625 877 237 980 878 239 647 884 237 905 883 237 643 882 239 905 883 237 647 884 237 900 885 24 657 886 24 900 885 24 647 884 237 900 885 24 657 886 24 924 887 240 662 888 240 924 887 240 657 886 24 924 887 240 662 888 240 942 889 239 643 882 239 942 889 239 662 888 240 942 889 239 643 882 239 905 883 237 809 879 239 937 878 239 804 877 237 937 878 239 809 879 239 930 820 240 847 880 240 930 820 240 809 879 239 930 820 240 847 880 240 918 878 24 829 881 24 918 878 24 847 880 240 918 878 24 829 881 24 911 820 237 804 877 237 911 820 237 829 881 24 911 820 237 804 877 237 937 878 239 821 840 237 857 873 237 816 873 239 857 873 237 821 840 237 852 874 24 834 873 24 852 874 24 821 840 237 852 874 24 834 873 24 876 873 240 841 840 240 876 873 240 834 873 24 876 873 240 841 840 240 894 874 239 816 873 239 894 874 239 841 840 240 894 874 239 816 873 239 857 873 237 466 879 239 887 878 239 461 877 237 887 878 239 466 879 239 881 820 240 501 880 240 881 820 240 466 879 239 881 820 240 501 880 240 870 878 24 488 881 24 870 878 24 501 880 240 870 878 24 488 881 24 863 820 237 461 877 237 863 820 237 488 881 24 863 820 237 461 877 237 887 878 239 506 892 236 470 891 239 408 890 238 470 891 239 506 892 236 497 893 240 547 894 24 497 893 240 506 892 236 497 893 240 547 894 24 493 895 24 425 896 237 493 895 24 547 894 24 493 895 24 425 896 237 479 897 237 408 890 238 479 897 237 425 896 237 479 897 237 408 890 238 470 891 239 506 898 236 541 898 24 547 898 24 541 898 24 506 898 236 514 898 236 456 898 238 514 898 236 506 898 236 514 898 236 456 898 238 510 898 238 439 898 237 510 898 238 456 898 238 510 898 238 439 898 237 530 898 237 547 898 24 530 898 237 439 898 237 530 898 237 547 898 24 541 898 24 353 899 24 344 898 24 323 898 236 344 898 24 353 899 24 336 898 237 307 898 237 336 898 237 353 899 24 336 898 237 307 898 237 327 898 238 311 898 238 327 898 238 307 898 237 327 898 238 311 898 238 323 898 236 315 900 236 323 898 236 311 898 238 323 898 236 315 900 236 353 899 24 259 901 237 202 883 237 267 882 239 202 883 237 259 901 237 197 885 24 255 902 24 197 885 24 259 901 237 197 885 24 255 902 24 217 887 240 263 888 240 217 887 240 255 902 24 217 887 240 263 888 240 232 889 239 267 882 239 232 889 239 263 888 240 232 889 239 267 882 239 202 883 237 110 856 239 227 904 239 105 903 237 227 904 239 110 856 239 222 905 240 151 906 240 222 905 240 110 856 239 222 905 240 151 906 240 212 867 24 127 907 24 212 867 24 151 906 240 212 867 24 127 907 24 207 908 237 105 903 237 207 908 237 127 907 24 207 908 237 105 903 237 227 904 239 120 911 237 162 910 237 115 909 239 162 910 237 120 911 237 156 844 24 134 912 24 156 844 24 120 911 237 156 844 24 134 912 24 177 910 240 142 913 240 177 910 240 134 912 24 177 910 240 142 913 240 192 844 239 115 909 239 192 844 239 142 913 240 192 844 239 115 909 239 162 910 237 589 564 24 518 564 236 557 564 236 518 564 236 589 564 24 536 564 24 579 564 237 536 564 24 589 564 24 536 564 24 579 564 237 526 564 237 553 564 238 526 564 237 579 564 237 526 564 237 553 564 238 522 564 238 506 916 236 451 915 238 456 914 238 451 915 238 506 916 236 429 917 238 414 918 238 429 917 238 506 916 236 429 921 238 446 920 237 451 919 238 446 920 237 429 921 238 435 921 237 419 922 237 435 921 237 429 921 238 414 923 238 419 922 237 429 921 238 419 922 237 414 923 238 425 924 237 408 925 238 425 924 237 414 923 238 377 564 236 349 564 24 398 564 24 349 564 24 377 564 236 319 564 236 331 564 238 319 564 236 377 564 236 894 564 239 863 564 237 887 564 239 863 564 237 894 564 239 857 564 237 881 927 240 894 927 239 887 926 239 894 927 239 881 927 240 876 926 240 857 928 237 870 928 24 863 928 237 870 928 24 857 928 237 852 928 24 847 929 240 816 929 239 841 929 240 816 929 239 847 929 240 809 929 239 847 880 240 834 898 24 829 881 24 834 898 24 847 880 240 841 898 240 804 930 237 834 930 24 821 930 237 834 930 24 804 930 237 829 930 24 809 564 239 821 564 237 816 564 239 821 564 237 809 564 239 804 564 237 798 870 240 771 931 239 793 931 240 771 931 239 798 870 240 766 868 239 798 898 240 788 898 24 782 898 24 788 898 24 798 898 240 793 898 240 761 930 237 788 930 24 776 930 237 788 930 24 761 930 237 782 930 24 766 868 239 776 564 237 771 564 239 776 564 237 766 868 239 761 866 237 756 854 240 730 931 239 751 931 240 730 931 239 756 854 240 723 852 239 756 898 240 746 898 24 741 898 24 746 898 24 756 898 240 751 898 240 717 930 237 746 838 24 735 836 237 746 838 24 717 930 237 741 930 24 930 933 240 942 933 239 937 932 239 942 933 239 930 933 240 924 932 240 711 931 240 684 931 239 706 931 240 684 931 239 711 931 240 678 931 239 711 898 240 700 898 24 695 898 24 700 898 24 711 898 240 706 898 240 672 934 237 700 849 24 690 848 237 700 849 24 672 934 237 695 934 24 678 564 239 690 848 237 684 834 239 690 848 237 678 564 239 672 564 237 667 929 240 643 929 239 662 929 240 643 929 239 667 929 240 634 929 239 667 880 240 657 898 24 652 881 24 657 898 24 667 880 240 662 898 240 625 934 237 657 934 24 647 934 237 657 934 24 625 934 237 652 934 24 634 564 239 647 564 237 643 564 239 647 564 237 634 564 239 625 564 237 620 861 240 600 931 239 616 931 240 600 931 239 620 861 240 597 860 239 620 898 240 612 898 24 607 898 24 612 898 24 620 898 240 616 898 240 594 934 237 612 849 24 604 848 237 612 849 24 594 934 237 607 934 24 597 860 239 604 848 237 600 834 239 604 848 237 597 860 239 594 858 237 557 564 236 522 564 238 553 564 238 522 564 238 557 564 236 518 564 236 589 935 24 563 935 236 584 935 24 563 935 236 589 935 24 557 935 236 589 936 24 573 936 237 579 936 237 573 936 237 589 936 24 584 936 24 579 937 237 567 937 238 553 937 238 567 937 238 579 937 237 573 937 237 557 939 236 567 939 238 563 938 236 567 939 238 557 939 236 553 938 238 369 941 240 267 940 239 263 940 240 267 940 239 369 941 240 357 942 239 365 898 24 263 898 240 255 898 24 263 898 240 365 898 24 369 898 240 361 943 237 255 902 24 259 901 237 255 902 24 361 943 237 365 943 24 357 564 239 259 564 237 267 564 239 259 564 237 357 564 239 361 564 237 246 944 240 1198 944 239 1191 944 240 1198 944 239 246 944 240 251 944 239 723 852 239 735 836 237 730 834 239 735 836 237 723 852 239 717 850 237 514 946 236 536 945 24 541 945 24 536 945 24 514 946 236 518 946 236 541 948 24 526 948 237 530 947 237 526 948 237 541 948 24 536 947 24 1067 949 240 1078 841 239 1073 949 239 1078 841 239 1067 949 240 1061 839 240 514 946 236 522 950 238 518 946 236 522 950 238 514 946 236 510 950 238 251 564 239 1184 564 237 1198 564 239 1184 564 237 251 564 239 237 564 237 501 951 240 470 951 239 497 951 240 470 951 239 501 951 240 466 951 239 501 880 240 493 898 24 488 881 24 493 898 24 501 880 240 497 898 240 461 953 237 493 953 24 479 952 237 493 953 24 461 953 237 488 952 24 466 564 239 479 564 237 470 564 239 479 564 237 466 564 239 461 564 237 456 955 238 446 920 237 439 954 237 446 920 237 456 955 238 451 919 238 446 958 237 547 957 24 439 956 237 547 957 24 446 958 237 435 959 237 547 957 24 419 961 237 425 960 237 419 961 237 547 957 24 435 959 237 390 564 237 349 564 24 340 564 237 349 564 24 390 564 237 398 564 24 340 564 237 381 564 238 390 564 237 381 564 238 340 564 237 331 564 238 373 962 236 398 962 24 402 962 24 398 962 24 373 962 236 377 962 236 398 936 24 394 936 237 402 936 24 394 936 237 398 936 24 390 936 237 390 935 237 386 935 238 394 935 237 386 935 238 390 935 237 381 935 238 377 963 236 386 963 238 381 963 238 386 963 238 377 963 236 373 963 236 237 964 237 1178 964 24 1184 964 237 1178 964 24 237 964 237 242 964 24 246 898 240 1178 898 24 242 898 24 1178 898 24 246 898 240 1191 898 240 1127 898 24 1157 898 240 1144 898 24 1157 898 240 1127 898 24 1151 898 240 1083 898 24 1109 853 240 1098 855 24 1109 853 240 1083 898 24 1104 898 240 1040 898 24 1067 898 240 1056 898 24 1067 898 240 1040 898 24 1061 898 240 994 898 24 1025 869 240 1015 871 24 1025 869 240 994 898 24 1020 898 240 948 898 24 973 898 240 963 898 24 973 898 240 948 898 24 968 898 240 315 900 236 357 942 239 369 941 240 357 942 239 315 900 236 271 965 238 315 900 236 365 966 24 353 899 24 365 966 24 315 900 236 369 941 240 275 968 237 365 966 24 361 967 237 365 966 24 275 968 237 353 899 24 271 965 238 361 967 237 357 942 239 361 967 237 271 965 238 275 968 237 319 969 236 344 969 24 349 969 24 344 969 24 319 969 236 323 969 236 344 948 24 340 948 237 349 947 24 340 948 237 344 948 24 336 947 237 336 945 237 331 946 238 340 945 237 331 946 238 336 945 237 327 946 238 323 950 236 331 946 238 327 946 238 331 946 238 323 950 236 319 950 236 900 898 24 930 898 240 918 898 24 930 898 240 900 898 24 924 898 240 303 972 238 315 971 236 311 970 238 315 971 236 303 972 238 294 973 238 283 974 238 315 971 236 294 973 238 315 971 236 283 974 238 271 975 238 156 898 24 182 898 240 172 898 24 182 898 240 156 898 24 177 898 240 232 564 239 207 564 237 227 564 239 207 564 237 232 564 239 202 564 237 222 976 240 232 976 239 227 976 239 232 976 239 222 976 240 217 976 240 202 977 237 212 977 24 207 977 237 212 977 24 202 977 237 197 977 24 192 564 239 167 564 237 187 564 239 167 564 237 192 564 239 162 564 237 182 933 240 192 933 239 187 932 239 192 933 239 182 933 240 177 932 240 162 979 237 172 979 24 167 978 237 172 979 24 162 979 237 156 978 24 151 931 240 115 931 239 142 931 240 115 931 239 151 931 240 110 931 239 151 898 240 134 912 24 127 898 24 134 912 24 151 898 240 142 913 240 105 980 237 134 980 24 120 980 237 134 980 24 105 980 237 127 980 24 110 564 239 120 564 237 115 564 239 120 564 237 110 564 239 105 564 237 279 981 237 353 899 24 275 968 237 353 899 24 279 981 237 288 982 237 299 983 237 353 899 24 288 982 237 353 899 24 299 983 237 307 984 237 852 898 24 881 898 240 870 898 24 881 898 240 852 898 24 876 898 240 1169 564 239 1138 564 237 1163 564 239 1138 564 237 1169 564 239 1133 564 237 530 969 237 522 969 238 510 969 238 522 969 238 530 969 237 526 969 237 1157 976 240 1169 976 239 1163 976 239 1169 976 239 1157 976 240 1151 976 240 1133 977 237 1144 977 24 1138 977 237 1144 977 24 1133 977 237 1127 977 24 1120 564 239 1093 564 237 1114 564 239 1093 564 237 1120 564 239 1088 564 237 1109 853 240 1120 933 239 1114 851 239 1120 933 239 1109 853 240 1104 932 240 1088 985 237 1098 855 24 1093 857 237 1098 855 24 1088 985 237 1083 985 24 1078 564 239 1050 564 237 1073 564 239 1050 564 237 1078 564 239 1045 564 237 1045 985 237 1056 862 24 1050 863 237 1056 862 24 1045 985 237 1040 985 24 1035 564 239 1009 564 237 1030 564 239 1009 564 237 1035 564 239 1002 564 237 1025 986 240 1035 865 239 1030 986 239 1035 865 239 1025 986 240 1020 864 240 1002 985 237 1015 871 24 1009 872 237 1015 871 24 1002 985 237 994 985 24 987 564 239 958 564 237 980 564 239 958 564 237 987 564 239 953 564 237 973 949 240 987 876 239 980 949 239 987 876 239 973 949 240 968 875 240 953 979 237 963 979 24 958 978 237 963 979 24 953 979 237 948 978 24 942 564 239 911 564 237 937 564 239 911 564 237 942 564 239 905 564 237 905 987 237 918 987 24 911 987 237 918 987 24 905 987 237 900 987 24 197 898 24 222 898 240 212 898 24 222 898 240 197 898 24 217 898 240 506 916 236 408 988 238 414 918 238 331 564 238 377 564 236 381 564 238 1327 991 101 1312 990 241 3 989 125 1312 990 241 1327 991 101 1317 992 242 1322 993 126 1317 992 242 1327 991 101 1317 992 242 1322 993 126 1332 994 243 1338 995 121 1332 994 243 1322 993 126 1332 994 243 1338 995 121 1345 996 244 1351 997 100 1345 996 244 1338 995 121 1345 996 244 1351 997 100 1356 998 245 1361 999 129 1356 998 245 1351 997 100 1356 998 245 1361 999 129 1366 1000 246 3 989 125 1366 1000 246 1361 999 129 1366 1000 246 3 989 125 1312 990 241 1266 1003 249 1218 1002 248 1228 1001 247 1218 1002 248 1266 1003 249 1213 1004 250 1261 1005 251 1213 1004 250 1266 1003 249 1213 1004 250 1261 1005 251 1254 1006 252 1281 1009 255 1208 1008 254 1247 1007 253 1208 1008 254 1281 1009 255 1203 1010 256 1276 1011 257 1203 1010 256 1281 1009 255 1203 1010 256 1276 1011 257 1223 1012 258 8 1013 95 1356 998 245 1366 1000 246 1356 998 245 8 1013 95 1345 996 244 1332 994 243 1345 996 244 8 1013 95 8 1013 95 1317 992 242 1332 994 243 1317 992 242 8 1013 95 1312 990 241 1366 1000 246 1312 990 241 8 1013 95 1240 1015 260 1276 1011 257 1307 1014 259 1276 1011 257 1240 1015 260 1223 1012 258 1203 1018 256 1228 1017 247 1218 1016 248 1228 1017 247 1203 1018 256 1223 1017 258 1302 1020 262 1261 1005 251 1297 1019 261 1261 1005 251 1302 1020 262 1254 1006 252 1254 1022 252 1286 1021 263 1247 1007 253 1286 1021 263 1254 1022 252 1302 1023 262 1247 1007 253 1292 1024 264 1281 1009 255 1292 1024 264 1247 1007 253 1286 1021 263 1292 1025 264 1302 1023 262 1297 898 261 1302 1023 262 1292 1025 264 1286 1021 263 1228 1001 247 1271 1026 265 1266 1003 249 1271 1026 265 1228 1001 247 1233 1027 266 1208 1028 254 1254 1022 252 1247 1007 253 1254 1022 252 1208 1028 254 1213 1029 250 1228 1017 247 1240 564 260 1233 564 266 1240 564 260 1228 1017 247 1223 1017 258 1208 1028 254 1218 1016 248 1213 1029 250 1218 1016 248 1208 1028 254 1203 1018 256 157 1032 101 135 1031 241 198 1030 125 135 1031 241 157 1032 101 143 1033 242 152 1034 126 143 1033 242 157 1032 101 143 1033 242 152 1034 126 163 1035 243 168 1036 121 163 1035 243 152 1034 126 163 1035 243 168 1036 121 173 1037 244 178 1038 100 173 1037 244 168 1036 121 173 1037 244 178 1038 100 183 1039 245 188 1040 129 183 1039 245 178 1038 100 183 1039 245 188 1040 129 193 1041 246 198 1030 125 193 1041 246 188 1040 129 193 1041 246 198 1030 125 135 1031 241 80 1044 249 30 1043 248 45 1042 247 30 1043 248 80 1044 249 24 1045 250 74 1046 251 24 1045 250 80 1044 249 24 1045 250 74 1046 251 69 1047 252 99 1050 255 19 1049 254 63 1048 253 19 1049 254 99 1050 255 14 1051 256 93 1052 257 14 1051 256 99 1050 255 14 1051 256 93 1052 257 38 1053 258 203 1054 95 183 1039 245 193 1041 246 183 1039 245 203 1054 95 173 1037 244 163 1035 243 173 1037 244 203 1054 95 203 1054 95 143 1033 242 163 1035 243 143 1033 242 203 1054 95 135 1031 241 193 1041 246 135 1031 241 203 1054 95 56 1056 260 93 1052 257 128 1055 259 93 1052 257 56 1056 260 38 1053 258 14 1059 256 45 1058 247 30 1057 248 45 1058 247 14 1059 256 38 1060 258 121 1062 262 74 1046 251 116 1061 261 74 1046 251 121 1062 262 69 1047 252 69 1064 252 106 1063 263 63 1048 253 106 1063 263 69 1064 252 121 1065 262 63 1048 253 111 1066 264 99 1050 255 111 1066 264 63 1048 253 106 1063 263 111 1067 264 121 1065 262 116 898 261 121 1065 262 111 1067 264 106 1063 263 45 1042 247 87 1068 265 80 1044 249 87 1068 265 45 1042 247 50 1069 266 19 1070 254 69 1064 252 63 1048 253 69 1064 252 19 1070 254 24 1071 250 45 1058 247 56 564 260 50 564 266 56 564 260 45 1058 247 38 1060 258 19 1070 254 30 1057 248 24 1071 250 30 1057 248 19 1070 254 14 1059 256 243 564 24 272 564 24 208 564 236 272 564 24 243 564 24 264 564 237 233 564 237 264 564 237 243 564 24 264 564 237 233 564 237 256 564 238 223 564 238 256 564 238 233 564 237 256 564 238 223 564 238 252 564 236 208 564 236 252 564 236 223 564 238 252 564 236 208 564 236 272 564 24 701 564 24 742 564 24 663 564 236 742 564 24 701 564 24 731 564 237 691 564 237 731 564 237 701 564 24 731 564 237 691 564 237 718 564 238 679 564 238 718 564 238 691 564 237 718 564 238 679 564 238 712 564 236 663 564 236 712 564 236 679 564 238 712 564 236 663 564 236 742 564 24 613 564 24 653 564 24 585 564 236 653 564 24 613 564 24 644 564 237 605 564 237 644 564 237 613 564 24 644 564 237 605 564 237 626 564 238 598 564 238 626 564 238 605 564 237 626 564 238 598 564 238 621 564 236 585 564 236 621 564 236 598 564 238 621 564 236 585 564 236 653 564 24 537 564 24 574 564 24 507 564 236 574 564 24 537 564 24 564 564 237 527 564 237 564 564 237 537 564 24 564 564 237 527 564 237 554 564 238 519 564 238 554 564 238 527 564 237 554 564 238 519 564 238 548 564 236 507 564 236 548 564 236 519 564 238 548 564 236 507 564 236 574 564 24 457 564 24 498 564 24 420 564 236 498 564 24 457 564 24 489 564 237 447 564 237 489 564 237 457 564 24 489 564 237 447 564 237 471 564 238 436 564 238 471 564 238 447 564 237 471 564 238 436 564 238 467 564 236 420 564 236 467 564 236 436 564 238 467 564 236 420 564 236 498 564 24 378 564 24 409 564 24 350 564 236 409 564 24 378 564 24 399 564 237 370 564 237 399 564 237 378 564 24 399 564 237 370 564 237 391 564 238 362 564 238 391 564 238 370 564 237 391 564 238 362 564 238 387 564 236 350 564 236 387 564 236 362 564 238 387 564 236 350 564 236 409 564 24 312 564 24 341 564 24 280 564 236 341 564 24 312 564 24 332 564 237 304 564 237 332 564 237 312 564 24 332 564 237 304 564 237 324 564 238 295 564 238 324 564 238 304 564 237 324 564 238 295 564 238 320 564 236 280 564 236 320 564 236 295 564 238 320 564 236 280 564 236 341 564 24 668 778 236 679 778 238 673 778 238 679 778 238 668 778 236 663 778 236 653 1072 24 617 1072 236 621 1072 236 617 1072 236 653 1072 24 658 1072 24 653 979 24 648 979 237 658 978 24 648 979 237 653 979 24 644 978 237 644 784 237 635 784 238 648 783 237 635 784 238 644 784 237 626 783 238 621 786 236 635 786 238 626 785 238 635 786 238 621 786 236 617 785 236 590 803 236 613 803 24 585 803 236 613 803 24 590 803 236 608 803 24 608 788 24 605 788 237 613 788 24 605 788 237 608 788 24 601 788 237 601 798 237 598 798 238 605 797 237 598 798 238 601 798 237 595 797 238 590 816 236 598 816 238 595 816 238 598 816 238 590 816 236 585 816 236 574 1072 24 542 1072 236 548 1072 236 542 1072 236 574 1072 24 580 1072 24 574 809 24 568 809 237 580 808 24 568 809 237 574 809 24 564 808 237 564 795 237 558 795 238 568 794 237 558 795 238 564 795 237 554 794 238 548 786 236 558 786 238 554 785 238 558 786 238 548 786 236 542 785 236 511 811 236 537 811 24 507 810 236 537 811 24 511 811 236 531 810 24 531 812 24 527 812 237 537 812 24 527 812 237 531 812 24 523 812 237 523 789 237 519 789 238 527 789 237 519 789 238 523 789 237 515 789 238 511 778 236 519 778 238 515 778 238 519 778 238 511 778 236 507 778 236 498 780 24 462 780 236 467 779 236 462 780 236 498 780 24 502 779 24 498 809 24 494 809 237 502 808 24 494 809 237 498 809 24 489 808 237 489 784 237 480 784 238 494 783 237 480 784 238 489 784 237 471 783 238 467 815 236 480 815 238 471 814 238 480 815 238 467 815 236 462 814 236 426 803 236 457 803 24 420 803 236 457 803 24 426 803 236 452 803 24 452 788 24 447 788 237 457 788 24 447 788 237 452 788 24 440 788 237 440 789 237 436 789 238 447 789 237 436 789 238 440 789 237 430 789 238 426 778 236 436 778 238 430 778 238 436 778 238 426 778 236 420 778 236 409 793 24 382 793 236 387 792 236 382 793 236 409 793 24 415 792 24 409 809 24 403 809 237 415 808 24 403 809 237 409 809 24 399 808 237 399 795 237 395 795 238 403 794 237 395 795 238 399 795 237 391 794 238 387 815 236 395 815 238 391 814 238 395 815 238 387 815 236 382 814 236 354 803 236 378 803 24 350 803 236 378 803 24 354 803 236 374 803 24 374 812 24 370 812 237 378 812 24 370 812 237 374 812 24 366 812 237 366 789 237 362 789 238 370 789 237 362 789 238 366 789 237 358 789 238 354 816 236 362 816 238 358 816 238 362 816 238 354 816 236 350 816 236 341 780 24 316 780 236 320 779 236 316 780 236 341 780 24 345 779 24 341 782 24 337 782 237 345 781 24 337 782 237 341 782 24 332 781 237 332 784 237 328 784 238 337 783 237 328 784 238 332 784 237 324 783 238 320 786 236 328 786 238 324 785 238 328 786 238 320 786 236 316 785 236 284 787 236 312 787 24 280 787 236 312 787 24 284 787 236 308 787 24 308 788 24 304 788 237 312 788 24 304 788 237 308 788 24 300 788 237 300 789 237 295 789 238 304 789 237 295 789 238 300 789 237 289 789 238 284 791 236 295 791 238 289 790 238 295 791 238 284 791 236 280 790 236 742 780 24 707 780 236 712 779 236 707 780 236 742 780 24 747 779 24 272 782 24 268 782 237 276 781 24 268 782 237 272 782 24 264 781 237 264 1074 237 260 1074 238 268 1073 237 260 1074 238 264 1074 237 256 1073 238 252 815 236 260 815 238 256 814 238 260 815 238 252 815 236 247 814 236 213 803 236 243 803 24 208 803 236 243 803 24 213 803 236 238 803 24 238 788 24 233 788 237 243 788 24 233 788 237 238 788 24 228 788 237 228 789 237 223 789 238 233 789 237 223 789 238 228 789 237 218 789 238 272 780 24 247 780 236 252 779 236 247 780 236 272 780 24 276 779 24 742 782 24 736 782 237 747 781 24 736 782 237 742 782 24 731 781 237 731 784 237 724 784 238 736 783 237 724 784 238 731 784 237 718 783 238 712 786 236 724 786 238 718 785 238 724 786 238 712 786 236 707 785 236 668 803 236 701 803 24 663 803 236 701 803 24 668 803 236 696 803 24 696 805 24 691 805 237 701 804 24 691 805 237 696 805 24 685 804 237 685 801 237 679 801 238 691 801 237 679 801 238 685 801 237 673 801 238 213 778 236 223 778 238 218 778 238 223 778 238 213 778 236 208 778 236 858 1075 24 848 898 24 817 898 236 848 898 24 858 1075 24 835 898 237 794 898 237 835 898 237 858 1075 24 835 898 237 794 898 237 822 898 238 799 898 238 822 898 238 794 898 237 822 898 238 799 898 238 817 898 236 805 1076 236 817 898 236 799 898 238 817 898 236 805 1076 236 858 1075 24 25 819 239 158 1077 239 20 1077 237 158 1077 239 25 819 239 144 1078 240 64 1077 240 144 1078 240 25 819 239 144 1078 240 64 1077 240 136 1079 24 46 819 24 136 1079 24 64 1077 240 136 1079 24 46 819 24 129 857 237 20 1077 237 129 857 237 46 819 24 129 857 237 20 1077 237 158 1077 239 783 1082 237 799 1081 238 794 1080 237 799 1081 238 783 1082 237 789 1083 238 772 1084 237 789 1083 238 783 1082 237 789 1083 238 772 1084 237 777 1085 238 762 1086 237 777 1085 238 772 1084 237 777 1085 238 762 1086 237 767 1087 238 757 1088 237 767 1087 238 762 1086 237 767 1087 238 757 1088 237 752 1089 238 1303 1092 237 290 1091 237 1323 1090 24 290 1091 237 1303 1092 237 309 1093 239 1308 1090 239 309 1093 239 1303 1092 237 309 1093 239 1308 1090 239 301 905 240 1339 1092 240 301 905 240 1308 1090 239 301 905 240 1339 1092 240 296 1093 24 1323 1090 24 296 1093 24 1339 1092 240 296 1093 24 1323 1090 24 290 1091 237 1318 840 237 253 843 237 1313 842 239 253 843 237 1318 840 237 248 844 24 1328 845 24 248 844 24 1318 840 237 248 844 24 1328 845 24 269 846 240 1333 847 240 269 846 240 1328 845 24 269 846 240 1333 847 240 277 837 239 1313 842 239 277 837 239 1333 847 240 277 837 239 1313 842 239 253 843 237 1145 819 239 273 818 239 1139 817 237 273 818 239 1145 819 239 265 820 240 1185 821 240 265 820 240 1145 819 239 265 820 240 1185 821 240 261 822 24 1164 823 24 261 822 24 1185 821 240 261 822 24 1164 823 24 257 824 237 1139 817 237 257 824 237 1164 823 24 257 824 237 1139 817 237 273 818 239 1158 1096 237 214 1095 237 1152 1094 239 214 1095 237 1158 1096 237 209 885 24 1170 1094 24 209 885 24 1158 1096 237 209 885 24 1170 1094 24 234 1097 240 1179 1096 240 234 1097 240 1170 1094 24 234 1097 240 1179 1096 240 244 885 239 1152 1094 239 244 885 239 1179 1096 240 244 885 239 1152 1094 239 214 1095 237 1352 819 239 239 818 239 1346 817 237 239 818 239 1352 819 239 229 820 240 15 821 240 229 820 240 1352 819 239 229 820 240 15 821 240 224 822 24 1367 823 24 224 822 24 15 821 240 224 822 24 1367 823 24 219 824 237 1346 817 237 219 824 237 1367 823 24 219 824 237 1346 817 237 239 818 239 1362 911 237 174 910 237 1357 909 239 174 910 237 1362 911 237 169 844 24 4 912 24 169 844 24 1362 911 237 169 844 24 4 912 24 194 910 240 9 913 240 194 910 240 4 912 24 194 910 240 9 913 240 204 844 239 1357 909 239 204 844 239 9 913 240 204 844 239 1357 909 239 174 910 237 1199 856 239 199 904 239 1192 903 237 199 904 239 1199 856 239 189 905 240 1229 906 240 189 905 240 1199 856 239 189 905 240 1229 906 240 184 867 24 1214 907 24 184 867 24 1229 906 240 184 867 24 1214 907 24 179 908 237 1192 903 237 179 908 237 1214 907 24 179 908 237 1192 903 237 199 904 239 1209 836 237 122 835 237 1204 834 239 122 835 237 1209 836 237 117 837 24 1219 838 24 117 837 24 1209 836 237 117 837 24 1219 838 24 153 843 240 1224 840 240 153 843 240 1219 838 24 153 843 240 1224 840 240 164 844 239 1204 834 239 164 844 239 1224 840 240 164 844 239 1204 834 239 122 835 237 39 911 237 75 910 237 31 909 239 75 910 237 39 911 237 70 844 24 51 912 24 70 844 24 39 911 237 70 844 24 51 912 24 100 910 240 57 913 240 100 910 240 51 912 24 100 910 240 57 913 240 112 844 239 31 909 239 112 844 239 57 913 240 112 844 239 31 909 239 75 910 237 1003 1098 239 107 859 239 995 858 237 107 859 239 1003 1098 239 94 824 240 1036 1099 240 94 824 240 1003 1098 239 94 824 240 1036 1099 240 88 818 24 1021 819 24 88 818 24 1036 1099 240 88 818 24 1021 819 24 81 820 237 995 858 237 81 820 237 1021 819 24 81 820 237 995 858 237 107 859 239 1057 564 236 1134 564 24 1079 564 24 1134 564 24 1057 564 236 1099 564 236 1062 564 238 1099 564 236 1057 564 236 1099 564 236 1062 564 238 1094 564 238 1068 564 237 1094 564 238 1062 564 238 1094 564 238 1068 564 237 1121 564 237 1079 564 24 1121 564 237 1068 564 237 1121 564 237 1079 564 24 1134 564 24 1287 1100 237 321 835 237 1282 834 239 321 835 237 1287 1100 237 317 837 24 1293 1101 24 317 837 24 1287 1100 237 317 837 24 1293 1101 24 338 843 240 1298 840 240 338 843 240 1293 1101 24 338 843 240 1298 840 240 346 844 239 1282 834 239 346 844 239 1298 840 240 346 844 239 1282 834 239 321 835 237 1241 879 239 342 878 239 1234 877 237 342 878 239 1241 879 239 333 820 240 1277 880 240 333 820 240 1241 879 239 333 820 240 1277 880 240 329 878 24 1262 881 24 329 878 24 1277 880 240 329 878 24 1262 881 24 325 820 237 1234 877 237 325 820 237 1262 881 24 325 820 237 1234 877 237 342 878 239 1041 1104 236 1010 1103 239 938 1102 238 1010 1103 239 1041 1104 236 1031 1105 240 1089 1106 24 1031 1105 240 1041 1104 236 1031 1105 240 1089 1106 24 1026 1107 24 954 1108 237 1026 1107 24 1089 1106 24 1026 1107 24 954 1108 237 1016 1109 237 938 1102 238 1016 1109 237 954 1108 237 1016 1109 237 938 1102 238 1010 1103 239 1041 898 236 1084 898 24 1089 898 24 1084 898 24 1041 898 236 1051 898 236 988 898 238 1051 898 236 1041 898 236 1051 898 236 988 898 238 1046 898 238 969 898 237 1046 898 238 988 898 238 1046 898 238 969 898 237 1074 898 237 1089 898 24 1074 898 237 969 898 237 1074 898 237 1089 898 24 1084 898 24 853 564 24 925 564 24 895 564 236 925 564 24 853 564 24 912 564 237 842 564 237 912 564 237 853 564 24 912 564 237 842 564 237 901 564 238 830 564 238 901 564 238 842 564 237 901 564 238 830 564 238 895 564 236 810 564 236 895 564 236 830 564 238 895 564 236 810 564 236 853 564 24 1255 840 237 285 843 237 1248 842 239 285 843 237 1255 840 237 281 844 24 1267 845 24 281 844 24 1255 840 237 281 844 24 1267 845 24 305 846 240 1272 847 240 305 846 240 1267 845 24 305 846 240 1272 847 240 313 837 239 1248 842 239 313 837 239 1272 847 240 313 837 239 1248 842 239 285 843 237 1041 1112 236 981 1111 238 988 1110 238 981 1111 238 1041 1112 236 959 1113 238 943 1114 238 959 1113 238 1041 1112 236 943 1117 238 949 1116 237 959 1115 238 949 1116 237 943 1117 238 954 1118 237 938 1118 238 954 1118 237 943 1117 238 1089 1121 24 949 1120 237 954 1119 237 949 1120 237 1089 1121 24 964 1122 237 974 1123 237 964 1122 237 1089 1121 24 959 1115 238 974 1125 237 981 1124 238 974 1125 237 959 1115 238 964 1126 237 949 1116 237 964 1126 237 959 1115 238 877 1128 24 805 1076 236 882 1127 240 805 1076 236 877 1128 24 858 1075 24 757 1129 237 858 1075 24 877 1128 24 871 967 237 757 1129 237 877 1128 24 757 1129 237 871 967 237 752 965 238 864 1130 239 752 965 238 871 967 237 194 898 240 184 898 24 169 898 24 184 898 24 194 898 240 189 898 240 174 979 237 184 979 24 179 978 237 184 979 24 174 979 237 169 978 24 164 564 239 129 564 237 158 564 239 129 564 237 164 564 239 122 564 237 144 933 240 164 933 239 158 932 239 164 933 239 144 933 240 153 932 240 153 898 240 136 898 24 117 898 24 136 898 24 153 898 240 144 898 240 122 985 237 136 1079 24 129 857 237 136 1079 24 122 985 237 117 985 24 112 564 239 81 564 237 107 564 239 81 564 237 112 564 239 75 564 237 94 927 240 112 927 239 107 926 239 112 927 239 94 927 240 100 926 240 100 898 240 88 898 24 70 898 24 88 898 24 100 898 240 94 898 240 75 1132 237 88 1132 24 81 1131 237 88 1132 24 75 1132 237 70 1131 24 64 1133 240 31 1133 239 57 1133 240 31 1133 239 64 1133 240 25 1133 239 64 898 240 51 912 24 46 898 24 51 912 24 64 898 240 57 913 240 20 980 237 51 980 24 39 980 237 51 980 24 20 980 237 46 980 24 25 564 239 39 564 237 31 564 239 39 564 237 25 564 239 20 564 237 15 931 240 1357 931 239 9 931 240 1357 931 239 15 931 240 1352 931 239 15 898 240 4 912 24 1367 898 24 4 912 24 15 898 240 9 913 240 1346 1134 237 4 1134 24 1362 1134 237 4 1134 24 1346 1134 237 1367 1134 24 1352 564 239 1362 564 237 1357 564 239 1362 564 237 1352 564 239 1346 564 237 1339 1135 240 1313 1135 239 1333 1135 240 1313 1135 239 1339 1135 240 1308 1135 239 1339 898 240 1328 898 24 1323 898 24 1328 898 24 1339 898 240 1333 898 240 1303 930 237 1328 930 24 1318 930 237 1328 930 24 1303 930 237 1323 930 24 1308 564 239 1318 564 237 1313 564 239 1318 564 237 1308 564 239 1303 564 237 882 1137 240 1282 1137 239 1298 1136 240 1282 1137 239 882 1137 240 864 1136 239 882 898 240 1293 898 24 877 898 24 1293 898 24 882 898 240 1298 898 240 871 953 237 1293 1101 24 1287 1100 237 1293 1101 24 871 953 237 877 952 24 864 564 239 1287 1100 237 1282 834 239 1287 1100 237 864 564 239 871 564 237 1277 931 240 1248 931 239 1272 931 240 1248 931 239 1277 931 240 1241 931 239 1277 880 240 1267 898 24 1262 881 24 1267 898 24 1277 880 240 1272 898 240 1234 1138 237 1267 1138 24 1255 1138 237 1267 1138 24 1234 1138 237 1262 1138 24 301 1139 240 313 1139 239 309 1139 239 313 1139 239 301 1139 240 305 1139 240 1229 931 240 1204 931 239 1224 931 240 1204 931 239 1229 931 240 1199 931 239 1229 898 240 1219 898 24 1214 898 24 1219 898 24 1229 898 240 1224 898 240 1192 930 237 1219 838 24 1209 836 237 1219 838 24 1192 930 237 1214 930 24 1199 564 239 1209 836 237 1204 834 239 1209 836 237 1199 564 239 1192 564 237 1185 1133 240 1152 1133 239 1179 1133 240 1152 1133 239 1185 1133 240 1145 1133 239 1185 898 240 1170 898 24 1164 898 24 1170 898 24 1185 898 240 1179 898 240 1139 1134 237 1170 1134 24 1158 1134 237 1170 1134 24 1139 1134 237 1164 1134 24 1145 564 239 1158 564 237 1152 564 239 1158 564 237 1145 564 239 1139 564 237 1134 1140 24 1105 1140 236 1128 1140 24 1105 1140 236 1134 1140 24 1099 1140 236 1134 1142 24 1115 1142 237 1121 1141 237 1115 1142 237 1134 1142 24 1128 1141 24 1121 962 237 1110 962 238 1094 962 238 1110 962 238 1121 962 237 1115 962 237 1099 963 236 1110 963 238 1105 963 236 1110 963 238 1099 963 236 1094 963 238 1051 1143 236 1079 1143 24 1084 1143 24 1079 1143 24 1051 1143 236 1057 1143 236 1084 948 24 1068 948 237 1074 947 237 1068 948 237 1084 948 24 1079 947 24 1074 969 237 1062 969 238 1046 969 238 1062 969 238 1074 969 237 1068 969 237 1051 1145 236 1062 1145 238 1057 1144 236 1062 1145 238 1051 1145 236 1046 1144 238 1036 1099 240 1010 951 239 1031 951 240 1010 951 239 1036 1099 240 1003 1098 239 1036 898 240 1026 898 24 1021 898 24 1026 898 24 1036 898 240 1031 898 240 995 1146 237 1026 1146 24 1016 1146 237 1026 1146 24 995 1146 237 1021 1146 24 1003 1098 239 1016 564 237 1010 564 239 1016 564 237 1003 1098 239 995 858 237 988 1148 238 974 1125 237 969 1147 237 974 1125 237 988 1148 238 981 1124 238 888 937 236 925 937 24 931 937 24 925 937 24 888 937 236 895 937 236 925 1149 24 919 1149 237 931 1149 24 919 1149 237 925 1149 24 912 1149 237 912 1150 237 906 1150 238 919 1150 237 906 1150 238 912 1150 237 901 1150 238 895 963 236 906 963 238 901 963 238 906 963 238 895 963 236 888 963 236 789 1153 238 805 1152 236 799 1151 238 805 1152 236 789 1153 238 777 1154 238 848 948 24 842 948 237 853 947 24 842 948 237 848 948 24 835 947 237 835 1156 237 830 1156 238 842 1155 237 830 1156 238 835 1156 237 822 1155 238 817 1145 236 830 1145 238 822 1144 238 830 1145 238 817 1145 236 810 1144 236 767 1157 238 805 1152 236 777 1154 238 805 1152 236 767 1157 238 752 1158 238 762 1159 237 858 1075 24 757 1129 237 858 1075 24 762 1159 237 772 1160 237 783 1161 237 858 1075 24 772 1160 237 858 1075 24 783 1161 237 794 1162 237 346 564 239 325 564 237 342 564 239 325 564 237 346 564 239 321 564 237 333 1164 240 346 1164 239 342 1163 239 346 1164 239 333 1164 240 338 1163 240 338 898 240 329 898 24 317 898 24 329 898 24 338 898 240 333 898 240 321 1166 237 329 1166 24 325 1165 237 329 1166 24 321 1166 237 317 1165 24 313 564 239 290 564 237 309 564 239 290 564 237 313 564 239 285 564 237 305 898 240 296 898 24 281 898 24 296 898 24 305 898 240 301 898 240 1241 564 239 1255 564 237 1248 564 239 1255 564 237 1241 564 239 1234 564 237 285 979 237 296 979 24 290 978 237 296 979 24 285 979 237 281 978 24 277 564 239 257 564 237 273 564 239 257 564 237 277 564 239 253 564 237 265 933 240 277 933 239 273 932 239 277 933 239 265 933 240 269 932 240 269 898 240 261 898 24 248 898 24 261 898 24 269 898 240 265 898 240 253 979 237 261 979 24 257 978 237 261 979 24 253 979 237 248 978 24 244 564 239 219 564 237 239 564 239 219 564 237 244 564 239 214 564 237 229 933 240 244 933 239 239 932 239 244 933 239 229 933 240 234 932 240 234 898 240 224 898 24 209 898 24 224 898 24 234 898 240 229 898 240 214 987 237 224 987 24 219 987 237 224 987 24 214 987 237 209 987 24 805 1076 236 864 1130 239 882 1127 240 864 1130 239 805 1076 236 752 965 238 204 564 239 179 564 237 199 564 239 179 564 237 204 564 239 174 564 237 189 1139 240 204 1139 239 199 1139 239 204 1139 239 189 1139 240 194 1139 240 810 1168 236 848 1168 24 853 1167 24 848 1168 24 810 1168 236 817 1167 236 1041 1112 236 938 975 238 943 1114 238 1089 1121 24 969 1169 237 974 1123 237 363 1172 101 351 1171 241 396 1170 125 351 1171 241 363 1172 101 355 1173 242 359 1174 126 355 1173 242 363 1172 101 355 1173 242 359 1174 126 367 1175 243 371 1176 121 367 1175 243 359 1174 126 367 1175 243 371 1176 121 375 1177 244 379 1178 100 375 1177 244 371 1176 121 375 1177 244 379 1178 100 383 1179 245 388 1180 129 383 1179 245 379 1178 100 383 1179 245 388 1180 129 392 1181 246 396 1170 125 392 1181 246 388 1180 129 392 1181 246 396 1170 125 351 1171 241 400 1182 95 383 1179 245 392 1181 246 383 1179 245 400 1182 95 375 1177 244 367 1175 243 375 1177 244 400 1182 95 400 1182 95 355 1173 242 367 1175 243 355 1173 242 400 1182 95 351 1171 241 392 1181 246 351 1171 241 400 1182 95 454 1185 269 443 1184 268 459 1183 267 443 1184 268 454 1185 269 433 1184 270 449 1186 272 459 1183 267 464 1186 271 459 1183 267 449 1186 272 454 1185 269 463 898 275 441 898 274 437 898 273 441 898 274 463 898 275 458 898 276 453 564 279 427 564 278 431 564 277 427 564 278 453 564 279 448 564 280 423 1133 283 442 1133 282 432 1133 281 442 1133 282 423 1133 283 406 1133 284 411 898 286 441 898 274 405 898 285 441 898 274 411 898 286 437 898 273 431 564 277 417 564 288 422 564 287 417 564 288 431 564 277 427 564 278 410 1188 291 421 1188 290 416 1187 289 421 1188 290 410 1188 291 404 1187 292 490 1191 101 468 1190 241 524 1189 125 468 1190 241 490 1191 101 472 1192 242 481 1193 126 472 1192 242 490 1191 101 472 1192 242 481 1193 126 495 1194 243 499 1195 121 495 1194 243 481 1193 126 495 1194 243 499 1195 121 503 1196 244 508 1197 100 503 1196 244 499 1195 121 503 1196 244 508 1197 100 512 1198 245 516 1199 129 512 1198 245 508 1197 100 512 1198 245 516 1199 129 520 1200 246 524 1189 125 520 1200 246 516 1199 129 520 1200 246 524 1189 125 468 1190 241 528 1201 95 512 1198 245 520 1200 246 512 1198 245 528 1201 95 503 1196 244 495 1194 243 503 1196 244 528 1201 95 528 1201 95 472 1192 242 495 1194 243 472 1192 242 528 1201 95 468 1190 241 520 1200 246 468 1190 241 528 1201 95 582 1204 269 571 1203 268 587 1202 267 571 1203 268 582 1204 269 561 1205 270 576 1206 272 587 1202 267 592 1206 271 587 1202 267 576 1206 272 582 1204 269 591 898 275 569 1208 274 565 1207 273 569 1208 274 591 898 275 586 898 276 581 564 279 555 1210 278 559 1209 277 555 1210 278 581 564 279 575 564 280 551 1211 283 570 1211 282 560 1211 281 570 1211 282 551 1211 283 534 1211 284 539 1213 286 569 1208 274 533 1212 285 569 1208 274 539 1213 286 565 1207 273 559 1209 277 544 1215 288 550 1214 287 544 1215 288 559 1209 277 555 1210 278 538 1217 291 549 1217 290 543 1216 289 549 1217 290 538 1217 291 532 1216 292</p>
                </triangles>
            </mesh>
        </geometry>
        <geometry id="ID94">
            <mesh>
                <source id="ID95">
                    <float_array id="ID96" count="333">1293.63 55.625 -1161.63 847.375 55.625 -1218.88 772.875 425.875 -1228.25 772.875 425.875 -1228.25 1368 425.875 -1152 1368 425.875 -1152 1013.25 452.375 -1205.13 1013.25 452.375 -1205.13 1040.5 451.125 -1209.63 1040.5 451.125 -1209.63 1038.13 451.125 -1189.25 1011.38 452.375 -1192.63 1011.38 452.375 -1192.63 1040.5 373 -1209.63 1040.5 373 -1209.63 1013.25 374.25 -1205.13 1013.25 374.25 -1205.13 1011.38 374.25 -1192.63 1011.38 374.25 -1192.63 1038.13 373 -1189.25 1128.5 452.375 -1177.88 1128.5 452.375 -1177.88 1130.63 452.375 -1192.25 1130.63 452.375 -1192.25 1130.63 374.25 -1192.25 1130.63 374.25 -1192.25 1128.5 374.25 -1177.88 1128.5 374.25 -1177.88 1090.63 372.5 -1202.25 1090.63 372.5 -1202.25 1371.88 375 -1181.75 1371.88 375 -1181.75 1090.63 450.625 -1202.25 1090.63 450.625 -1202.25 1076.75 448.125 -1199 1076.75 448.125 -1199 1076.75 370 -1199 1076.75 370 -1199 1088.38 372.5 -1182.88 1075 370 -1184.63 772.875 375 -1228.25 1088.38 450.625 -1182.88 776.75 375 -1258 776.75 375 -1258 1075 448.125 -1184.63 1070 448.125 -1185.25 1071.13 448.125 -1195.63 1071.13 448.125 -1195.63 1071.13 370 -1195.63 1071.13 370 -1195.63 1070 370 -1185.25 1064.88 370 -1185.88 1066.63 370 -1200.13 1066.63 370 -1200.13 1064.88 448.125 -1185.88 1066.63 448.125 -1200.13 1066.63 448.125 -1200.13 1104.25 373 -1202.5 1104.25 373 -1202.5 1104.25 451.125 -1202.5 1104.25 451.125 -1202.5 1101.75 373 -1181.25 1101.75 451.125 -1181.25 1053.75 372.5 -1206.38 1053.75 372.5 -1206.38 1053.75 450.625 -1206.38 1053.75 450.625 -1206.38 1051.5 372.5 -1187.5 1051.5 450.625 -1187.5 1371.88 425.875 -1181.75 1371.88 425.875 -1181.75 1371.88 425.875 -1181.75 1371.88 425.875 -1181.75 1074.38 585 -1220 1074.38 585 -1220 1074.38 585 -1220 1074.38 495.75 -1220 1074.38 495.75 -1220 1074.38 495.75 -1220 1070.5 495.75 -1190.25 1070.5 495.75 -1190.25 1070.5 495.75 -1190.25 1070.5 585 -1190.25 1070.5 585 -1190.25 776.75 425.875 -1258 776.75 425.875 -1258 776.75 425.875 -1258 776.75 425.875 -1258 1293.63 0 -1161.63 847.375 0 -1218.88 921.75 0 -1209.38 1219.25 0 -1171.13 921.75 300 -1209.25 921.75 300 -1209.25 1219.25 299.875 -1171.13 1219.25 299.875 -1171.13 1368 375 -1152 1297.5 375 -1191.25 1297.5 375 -1191.25 1297.5 375 -1191.25 1293.63 375 -1161.5 1293.63 375 -1161.5 1293.63 375 -1161.5 1293.63 375 -1161.5 851.125 375 -1248.5 851.125 375 -1248.5 851.125 375 -1248.5 847.375 375 -1218.75 847.375 375 -1218.75 847.375 375 -1218.75 847.375 375 -1218.75</float_array>
                    <technique_common>
                        <accessor count="111" source="#ID96" stride="3">
                            <param name="X" type="float"/>
                            <param name="Y" type="float"/>
                            <param name="Z" type="float"/>
                        </accessor>
                    </technique_common>
                </source>
                <source id="ID97">
                    <float_array id="ID98" count="249">0.864478 0 -0.502671 0.239382 0 -0.970926 0.110362 0 -0.993891 -0.0886921 0 -0.996059 -0.158947 0 -0.987287 -0.375793 0 -0.926704 -0.375793 0 -0.926703 0.122183 0 -0.992508 0.339356 0 -0.940658 0.533407 0 -0.845859 0.624666 0 -0.780892 -0.857699 0 -0.514153 -0.0297511 0 -0.999557 -0.526765 0 -0.850011 0.106427 0 -0.994321 -0.0848473 -0.996343 -0.0100819 -0.133101 -0.990972 -0.0160842 -0.0907734 -0.995811 -0.0109844 -0.0909209 -0.995795 -0.0111657 0.0850662 0.996324 0.0101079 0.132982 0.990988 0.016069 0.120903 0.992557 0.0146294 0.0602913 0.998153 0.0074042 0.133687 -0.990897 0.0158667 0.085074 -0.996325 0.00989825 0.0396188 -0.999204 0.00464244 0.0426435 -0.999075 0.00547786 -0.133593 0.99091 -0.0158532 -0.0854289 0.996295 -0.00993942 -0.0398621 0.999194 -0.00467102 -0.0425071 0.999081 -0.00545124 0.0413998 0.999131 0.00482574 0.0416058 0.99912 0.00526668 -0.0416916 -0.999119 -0.00485975 -0.0414949 -0.999125 -0.00524406 -0.0453844 0.998952 -0.00601494 -0.0447727 0.998975 -0.00661857 0.0455492 -0.998944 0.00605019 0.0458241 -0.998927 0.006774 0 1 -0 0 -1 -0 0.0610024 -0.99811 0.00742638 0.121573 -0.992477 0.0144604 -0.0605271 0.998139 -0.00736851 -0.12145 0.992492 -0.0144435 -0.988936 0 -0.14834 0.98925 0 0.146237 0.98925 0 0.146237 -0.046266 -0.99891 -0.00615884 -0.0458118 -0.998926 -0.00687177 0.046493 0.998899 0.00620489 0.0469836 0.998871 0.00704754 0.126702 -0 -0.991941 0.126854 0.000206646 -0.991921 0.126931 0.000267169 -0.991912 0.127046 0.000400754 -0.991897 0.127087 0.000388216 -0.991892 0.12712 0.000129391 -0.991887 0.126702 0 -0.991941 0.127329 0.000194086 -0.991861 0.991624 0 0.129161 0.991624 0 0.129161 -0.991624 0 -0.129161 -0.991624 0 -0.129161 0.127155 -0.000302351 -0.991883 0.126942 -1.4555e-005 -0.99191 0.126652 -2.18325e-005 -0.991947 0.126672 -4.3665e-005 -0.991945 -0.468962 -0.881104 -0.0610833 0.464718 0.883387 0.0605305 -0.464607 0.883446 -0.0605161 -0.464608 0.883447 -0.0605161 0.468814 -0.881184 0.061064 0.469038 -0.88113 0.0601073 0.469262 -0.881076 0.0591507 0.127417 -0.000453527 -0.991849 0.127312 -0.000907053 -0.991862 0.127112 0.000413459 -0.991888 0.12718 0.000756852 -0.991879 0.127248 0.00110024 -0.99187 0.127956 0.000388172 -0.99178 0.126702 0 -0.991941 0.127248 -0.00102678 -0.99187</float_array>
                    <technique_common>
                        <accessor count="83" source="#ID98" stride="3">
                            <param name="X" type="float"/>
                            <param name="Y" type="float"/>
                            <param name="Z" type="float"/>
                        </accessor>
                    </technique_common>
                </source>
                <source id="ID99">
                    <float_array id="ID100" count="144">0.595703 0.258789 0.595703 0.495117 0.562012 0.258789 0.562012 0.495117 0.535645 0.258789 0.535645 0.495117 0.509277 0.258789 0.509277 0.495117 0.499023 0.495117 0.462402 0.495117 0.462402 0.258789 0.489258 0.495117 0.489258 0.258789 0.499023 0.258789 0.404297 0.258789 0.436035 0.258789 0.404297 0.495117 0.436035 0.495117 0.400391 1.40625 0.37793 1.40625 0.400391 1.38086 0.37793 1.37988 0.400391 1.33594 0.37793 1.33496 0.400391 1.31055 0.37793 1.30957 0.37793 1.43164 0.400391 1.43164 0.37793 1.25879 0.400391 1.25781 0.37793 1.37109 0.400391 1.37109 0.400391 1.36133 0.37793 1.36133 0.383301 0.258789 0.383301 0.495117 0.615723 0.258789 0.615723 0.495117 0.400391 1.48242 0.37793 1.48242 0.789551 0.999023 0.789551 0.800781 0.86377 0.999023 1.18994 0.800781 1.28955 0.999023 2.19971 1.00391 2.12549 1.00391 2.19971 0.800781 1.7998 0.800781 -0.907715 -5 -0.907715 -5.13574 -0.744629 -5 -0.744629 -5.13574 -2.8999 -5.49023 -2.8999 -5.00781 -2.09961 -5.49023 -2.09961 -5.00781 -1 -5 -1.3877 -5 -1 -5.12695 -1.3877 -5.12695 -0.193359 0.800781 0.207031 0.800781 -0.276855 1 0.249023 1 1.69971 1.00391 -0.30127 -6 -0.000976563 -6.48438 -0.000976563 -6 -0.526855 -1.99902 0.522949 -1.99902 -0.00195313 -1.12012</float_array>
                    <technique_common>
                        <accessor count="72" source="#ID100" stride="2">
                            <param name="S" type="float"/>
                            <param name="T" type="float"/>
                        </accessor>
                    </technique_common>
                </source>
                <vertices id="ID101">
                    <input semantic="POSITION" source="#ID95"/>
                </vertices>
                <triangles count="79" material="Material1">
                    <input offset="0" semantic="VERTEX" source="#ID101"/>
                    <input offset="1" semantic="NORMAL" source="#ID97"/>
                    <input offset="2" semantic="TEXCOORD" source="#ID99" set="0"/>
                    <p>57 1 2 22 0 1 24 0 0 22 0 1 57 1 2 59 2 3 28 3 4 59 2 3 57 1 2 59 2 3 28 3 4 32 4 5 36 5 6 32 4 5 28 3 4 32 4 5 36 5 6 34 6 7 47 7 8 34 6 7 36 5 6 56 9 11 63 8 10 65 8 9 63 8 10 56 9 11 53 10 12 47 7 8 53 10 12 56 9 11 53 10 12 47 7 8 49 7 13 7 13 16 14 12 15 16 11 14 14 12 15 7 13 16 9 14 17 52 17 20 67 16 19 64 15 18 67 16 19 52 17 20 51 18 21 54 21 21 66 20 18 68 19 19 66 20 18 54 21 21 55 22 20 58 25 24 38 24 23 29 23 22 38 24 23 58 25 24 61 26 25 62 29 25 33 28 22 41 27 23 33 28 22 62 29 25 60 30 24 68 19 19 8 32 27 10 31 26 8 32 27 68 19 19 66 20 18 64 15 18 19 34 26 13 33 27 19 34 26 64 15 18 67 16 19 9 14 17 63 8 10 14 12 15 63 8 10 9 14 17 65 8 9 21 35 28 60 30 24 62 29 25 60 30 24 21 35 28 23 36 29 25 37 29 61 26 25 58 25 24 61 26 25 25 37 29 27 38 28 45 39 30 55 22 20 54 21 21 55 22 20 45 39 30 46 39 31 50 40 30 52 17 20 48 40 31 52 17 20 50 40 30 51 18 21 37 41 32 50 40 30 48 40 31 50 40 30 37 41 32 39 42 33 44 43 33 46 39 31 45 39 30 46 39 31 44 43 33 35 44 32 41 27 23 35 44 32 44 43 33 35 44 32 41 27 23 33 28 22 29 23 22 39 42 33 37 41 32 39 42 33 29 23 22 38 24 23 12 45 35 16 11 14 18 45 34 16 11 14 12 45 35 7 13 16 22 0 1 26 46 36 24 0 0 26 46 36 22 0 1 20 47 37 19 34 26 15 48 38 13 33 27 15 48 38 19 34 26 17 49 39 8 32 27 11 50 39 10 31 26 11 50 39 8 32 27 6 51 38 47 7 8 36 5 6 49 7 13 1 54 42 90 53 41 89 52 40 90 53 41 1 54 42 93 55 43 110 56 44 93 55 43 1 54 42 91 58 47 0 57 46 88 52 45 0 57 46 91 58 47 95 59 48 72 61 51 96 61 50 31 60 49 96 61 50 72 61 51 5 60 52 43 63 51 3 63 50 87 62 49 3 63 50 43 63 51 40 62 52 104 66 55 73 65 54 76 64 53 73 65 54 104 66 55 84 67 56 101 68 59 78 68 58 98 68 57 78 68 58 101 68 59 79 68 60 4 69 60 74 69 57 83 69 59 74 69 57 4 69 60 70 69 58 2 71 59 75 71 58 85 70 57 75 71 58 2 71 59 82 70 60 80 73 59 105 73 58 77 72 57 105 73 58 80 73 59 108 74 60 69 75 56 76 64 53 73 65 54 76 64 53 69 75 56 97 76 55 107 78 63 94 78 62 92 77 61 94 78 62 107 78 63 100 79 64 103 80 65 0 57 46 95 59 48 30 81 68 99 81 67 71 81 66 86 81 68 106 81 67 42 81 66 81 82 71 102 82 70 109 82 69</p>
                </triangles>
            </mesh>
        </geometry>
    </library_geometries>
    <library_visual_scenes>
        <visual_scene id="ID38">
            <node id="ID39" name="n0b0">
                <translate sid="translate">0 0 -0</translate>
                <rotate sid="rotateY">0 1 0 -0</rotate>
                <rotate sid="rotateX">1 0 0 0</rotate>
                <rotate sid="rotateZ">0 0 1 -0</rotate>
                <scale sid="scale">1 1 1</scale>
                <instance_geometry url="#ID40">
                    <bind_material>
                        <technique_common>
                            <instance_material symbol="Material1" target="#ID33">
                                <bind_vertex_input semantic="UVSET0" input_semantic="TEXCOORD" input_set="0"/>
                            </instance_material>
                        </technique_common>
                    </bind_material>
                </instance_geometry>
            </node>
            <node id="ID48" name="n1b3">
                <translate sid="translate">0 0 -0</translate>
                <rotate sid="rotateY">0 1 0 -0</rotate>
                <rotate sid="rotateX">1 0 0 0</rotate>
                <rotate sid="rotateZ">0 0 1 -0</rotate>
                <scale sid="scale">1 1 1</scale>
                <instance_geometry url="#ID49">
                    <bind_material>
                        <technique_common>
                            <instance_material symbol="Material1" target="#ID28">
                                <bind_vertex_input semantic="UVSET0" input_semantic="TEXCOORD" input_set="0"/>
                            </instance_material>
                        </technique_common>
                    </bind_material>
                </instance_geometry>
            </node>
            <node id="ID57" name="n2b6">
                <translate sid="translate">0 0 -0</translate>
                <rotate sid="rotateY">0 1 0 -0</rotate>
                <rotate sid="rotateX">1 0 0 0</rotate>
                <rotate sid="rotateZ">0 0 1 -0</rotate>
                <scale sid="scale">1 1 1</scale>
                <instance_geometry url="#ID58">
                    <bind_material>
                        <technique_common>
                            <instance_material symbol="Material1" target="#ID23">
                                <bind_vertex_input semantic="UVSET0" input_semantic="TEXCOORD" input_set="0"/>
                            </instance_material>
                        </technique_common>
                    </bind_material>
                </instance_geometry>
            </node>
            <node id="ID66" name="n3b2">
                <translate sid="translate">0 0 -0</translate>
                <rotate sid="rotateY">0 1 0 -0</rotate>
                <rotate sid="rotateX">1 0 0 0</rotate>
                <rotate sid="rotateZ">0 0 1 -0</rotate>
                <scale sid="scale">1 1 1</scale>
                <instance_geometry url="#ID67">
                    <bind_material>
                        <technique_common>
                            <instance_material symbol="Material1" target="#ID18">
                                <bind_vertex_input semantic="UVSET0" input_semantic="TEXCOORD" input_set="0"/>
                            </instance_material>
                        </technique_common>
                    </bind_material>
                </instance_geometry>
            </node>
            <node id="ID75" name="n4b1">
                <translate sid="translate">0 0 -0</translate>
                <rotate sid="rotateY">0 1 0 -0</rotate>
                <rotate sid="rotateX">1 0 0 0</rotate>
                <rotate sid="rotateZ">0 0 1 -0</rotate>
                <scale sid="scale">1 1 1</scale>
                <instance_geometry url="#ID76">
                    <bind_material>
                        <technique_common>
                            <instance_material symbol="Material1" target="#ID13">
                                <bind_vertex_input semantic="UVSET0" input_semantic="TEXCOORD" input_set="0"/>
                            </instance_material>
                        </technique_common>
                    </bind_material>
                </instance_geometry>
            </node>
            <node id="ID84" name="n5b5">
                <translate sid="translate">0 0 -0</translate>
                <rotate sid="rotateY">0 1 0 -0</rotate>
                <rotate sid="rotateX">1 0 0 0</rotate>
                <rotate sid="rotateZ">0 0 1 -0</rotate>
                <scale sid="scale">1 1 1</scale>
                <instance_geometry url="#ID85">
                    <bind_material>
                        <technique_common>
                            <instance_material symbol="Material1" target="#ID8">
                                <bind_vertex_input semantic="UVSET0" input_semantic="TEXCOORD" input_set="0"/>
                            </instance_material>
                        </technique_common>
                    </bind_material>
                </instance_geometry>
            </node>
            <node id="ID93" name="n6b4">
                <translate sid="translate">0 0 -0</translate>
                <rotate sid="rotateY">0 1 0 -0</rotate>
                <rotate sid="rotateX">1 0 0 0</rotate>
                <rotate sid="rotateZ">0 0 1 -0</rotate>
                <scale sid="scale">1 1 1</scale>
                <instance_geometry url="#ID94">
                    <bind_material>
                        <technique_common>
                            <instance_material symbol="Material1" target="#ID3">
                                <bind_vertex_input semantic="UVSET0" input_semantic="TEXCOORD" input_set="0"/>
                            </instance_material>
                        </technique_common>
                    </bind_material>
                </instance_geometry>
            </node>
        </visual_scene>
    </library_visual_scenes>
    <scene>
        <instance_visual_scene url="#ID38"/>
    </scene>
</COLLADA>
