<?xml version="1.0"?>
<COLLADA xmlns="http://www.collada.org/2005/11/COLLADASchema" version="1.4.1">
    <asset>
        <contributor>
            <authoring_tool>CINEMA4D 15.064 COLLADA Exporter</authoring_tool>
        </contributor>
        <created>2018-04-28T04:53:55Z</created>
        <modified>2018-04-28T04:53:55Z</modified>
        <unit meter="0.01" name="centimeter"/>
        <up_axis>Y_UP</up_axis>
    </asset>
    <library_images>
        <image id="ID5">
            <init_from>IP2_glow1_i.png</init_from>
        </image>
        <image id="ID10">
            <init_from>PlateMetalBase_64.png</init_from>
        </image>
        <image id="ID15">
            <init_from>golddoorwakuMM2.png</init_from>
        </image>
        <image id="ID22">
            <init_from>mablesidelozet_64.png</init_from>
        </image>
    </library_images>
    <library_effects>
        <effect id="ID2">
            <profile_COMMON>
                <technique sid="COMMON">
                    <blinn>
                        <diffuse>
                            <color>0.8 0.8 0.8 1</color>
                        </diffuse>
                        <specular>
                            <color>0.2 0.2 0.2 1</color>
                        </specular>
                        <shininess>
                            <float>0.5</float>
                        </shininess>
                    </blinn>
                </technique>
            </profile_COMMON>
        </effect>
        <effect id="ID4">
            <profile_COMMON>
                <newparam sid="ID6">
                    <surface type="2D">
                        <init_from>ID5</init_from>
                    </surface>
                </newparam>
                <newparam sid="ID7">
                    <sampler2D>
                        <source>ID6</source>
                    </sampler2D>
                </newparam>
                <technique sid="COMMON">
                    <blinn>
                        <diffuse>
                            <texture texture="ID7" texcoord="UVSET0"/>
                        </diffuse>
                    </blinn>
                </technique>
            </profile_COMMON>
        </effect>
        <effect id="ID9">
            <profile_COMMON>
                <newparam sid="ID11">
                    <surface type="2D">
                        <init_from>ID10</init_from>
                    </surface>
                </newparam>
                <newparam sid="ID12">
                    <sampler2D>
                        <source>ID11</source>
                    </sampler2D>
                </newparam>
                <technique sid="COMMON">
                    <blinn>
                        <diffuse>
                            <texture texture="ID12" texcoord="UVSET0"/>
                        </diffuse>
                    </blinn>
                </technique>
            </profile_COMMON>
        </effect>
        <effect id="ID14">
            <profile_COMMON>
                <newparam sid="ID16">
                    <surface type="2D">
                        <init_from>ID15</init_from>
                    </surface>
                </newparam>
                <newparam sid="ID17">
                    <sampler2D>
                        <source>ID16</source>
                    </sampler2D>
                </newparam>
                <technique sid="COMMON">
                    <blinn>
                        <diffuse>
                            <texture texture="ID17" texcoord="UVSET0"/>
                        </diffuse>
                    </blinn>
                </technique>
            </profile_COMMON>
        </effect>
        <effect id="ID19">
            <profile_COMMON>
                <technique sid="COMMON">
                    <blinn>
                        <diffuse>
                            <color>0.588235 0.588235 0.588235 1</color>
                        </diffuse>
                    </blinn>
                </technique>
            </profile_COMMON>
        </effect>
        <effect id="ID21">
            <profile_COMMON>
                <newparam sid="ID23">
                    <surface type="2D">
                        <init_from>ID22</init_from>
                    </surface>
                </newparam>
                <newparam sid="ID24">
                    <sampler2D>
                        <source>ID23</source>
                    </sampler2D>
                </newparam>
                <technique sid="COMMON">
                    <blinn>
                        <diffuse>
                            <texture texture="ID24" texcoord="UVSET0"/>
                        </diffuse>
                    </blinn>
                </technique>
            </profile_COMMON>
        </effect>
    </library_effects>
    <library_materials>
        <material id="ID3" name="m4">
            <instance_effect url="#ID4"/>
        </material>
        <material id="ID8" name="m3">
            <instance_effect url="#ID9"/>
        </material>
        <material id="ID13" name="m2">
            <instance_effect url="#ID14"/>
        </material>
        <material id="ID18" name="m1">
            <instance_effect url="#ID19"/>
        </material>
        <material id="ID20" name="m0">
            <instance_effect url="#ID21"/>
        </material>
    </library_materials>
    <library_geometries>
        <geometry id="ID27">
            <mesh>
                <source id="ID28">
                    <float_array id="ID29" count="633">1322.76 760 -2328.13 1228.79 695 -2610.89 1228.79 695 -2610.89 1228.79 695 -2610.89 1287.76 760 -2307.88 1248.51 760 -2297.39 1208.51 760 -2297.39 1169.51 760 -2307.9 1134.51 760 -2328.15 1106.02 760 -2356.65 1085.77 760 -2391.65 1075.27 760 -2430.65 1075.28 760 -2470.9 1085.78 760 -2509.9 1106.03 760 -2544.9 1134.54 760 -2573.4 1134.54 760 -2573.4 1169.54 760 -2593.65 1208.54 760 -2604.14 1248.54 760 -2604.14 1287.79 760 -2593.63 1322.79 760 -2573.38 1351.28 760 -2544.88 1371.53 760 -2509.88 1381.78 760 -2470.88 1381.77 760 -2430.63 1371.52 760 -2391.63 1351.27 760 -2356.63 1332.54 675 -2586.13 1293.79 675 -2608.63 1250.79 675 -2620.14 1206.29 675 -2620.14 1163.29 675 -2608.65 1124.54 675 -2586.15 1124.54 675 -2586.15 1093.03 675 -2554.65 1070.78 675 -2516.15 1059.03 675 -2472.91 1059.02 675 -2428.41 1070.77 675 -2385.4 1093.01 675 -2346.65 1124.51 675 -2315.15 1163.26 675 -2292.9 1206.26 675 -2281.39 1250.76 675 -2281.39 1293.76 675 -2292.88 1332.51 675 -2315.13 1364.01 675 -2346.63 1386.52 675 -2385.37 1398.02 675 -2428.37 1398.03 675 -2472.87 1386.53 675 -2516.12 1364.03 675 -2554.63 1332.54 765 -2586.13 1332.54 765 -2586.13 1293.79 765 -2608.63 1293.79 765 -2608.63 1250.79 765 -2620.14 1250.79 765 -2620.14 1206.29 765 -2620.14 1206.29 765 -2620.14 1163.29 765 -2608.65 1163.29 765 -2608.65 1124.54 765 -2586.15 1124.54 765 -2586.15 1124.54 765 -2586.15 1124.54 765 -2586.15 1093.03 765 -2554.65 1093.03 765 -2554.65 1070.78 765 -2516.15 1070.78 765 -2516.15 1059.03 765 -2472.91 1059.03 765 -2472.91 1059.02 765 -2428.41 1059.02 765 -2428.41 1070.77 765 -2385.4 1070.77 765 -2385.4 1093.01 765 -2346.65 1093.01 765 -2346.65 1124.51 765 -2315.15 1124.51 765 -2315.15 1163.26 765 -2292.9 1163.26 765 -2292.9 1206.26 765 -2281.39 1206.26 765 -2281.39 1250.76 765 -2281.39 1250.76 765 -2281.39 1293.76 765 -2292.88 1293.76 765 -2292.88 1332.51 765 -2315.13 1332.51 765 -2315.13 1364.01 765 -2346.63 1364.01 765 -2346.63 1386.52 765 -2385.37 1386.52 765 -2385.37 1398.02 765 -2428.37 1398.02 765 -2428.37 1398.03 765 -2472.87 1398.03 765 -2472.87 1386.53 765 -2516.12 1386.53 765 -2516.12 1364.03 765 -2554.63 1364.03 765 -2554.63 1322.76 765 -2328.13 1287.76 765 -2307.88 1248.51 765 -2297.39 1208.51 765 -2297.39 1169.51 765 -2307.9 1134.51 765 -2328.15 1106.02 765 -2356.65 1085.77 765 -2391.65 1075.27 765 -2430.65 1075.28 765 -2470.9 1085.78 765 -2509.9 1106.03 765 -2544.9 1134.54 765 -2573.4 1134.54 765 -2573.4 1169.54 765 -2593.65 1208.54 765 -2604.14 1248.54 765 -2604.14 1287.79 765 -2593.63 1322.79 765 -2573.38 1351.28 765 -2544.88 1371.53 765 -2509.88 1381.78 765 -2470.88 1381.77 765 -2430.63 1371.52 765 -2391.63 1351.27 765 -2356.63 1250.79 750 -2620.14 1206.29 750 -2620.14 1163.29 750 -2608.65 1124.54 750 -2586.15 1124.54 750 -2586.15 1093.03 750 -2554.65 1070.78 750 -2516.15 1059.03 750 -2472.91 1059.02 750 -2428.41 1070.77 750 -2385.4 1093.01 750 -2346.65 1124.51 750 -2315.15 1163.26 750 -2292.9 1206.26 750 -2281.39 1250.76 750 -2281.39 1293.76 750 -2292.88 1332.51 750 -2315.13 1364.01 750 -2346.63 1386.52 750 -2385.37 1398.02 750 -2428.37 1398.03 750 -2472.87 1386.53 750 -2516.12 1364.03 750 -2554.63 1332.54 750 -2586.13 1293.79 750 -2608.63 1293.79 690 -2608.63 1332.54 690 -2586.13 1364.03 690 -2554.63 1386.53 690 -2516.12 1398.03 690 -2472.87 1398.02 690 -2428.37 1386.52 690 -2385.37 1364.01 690 -2346.63 1332.51 690 -2315.13 1293.76 690 -2292.88 1250.76 690 -2281.39 1206.26 690 -2281.39 1163.26 690 -2292.9 1124.51 690 -2315.15 1093.01 690 -2346.65 1070.77 690 -2385.4 1059.02 690 -2428.41 1059.03 690 -2472.91 1070.78 690 -2516.15 1093.03 690 -2554.65 1124.54 690 -2586.15 1124.54 690 -2586.15 1163.29 690 -2608.65 1206.29 690 -2620.14 1250.79 690 -2620.14 1308.54 695 -2589.38 1308.54 695 -2589.38 1308.54 695 -2589.38 1367.28 695 -2530.63 1367.28 695 -2530.63 1367.28 695 -2530.63 1388.52 695 -2450.87 1388.52 695 -2450.87 1388.52 695 -2450.87 1367.27 695 -2370.63 1367.27 695 -2370.63 1367.27 695 -2370.63 1308.51 695 -2312.13 1308.51 695 -2312.13 1308.51 695 -2312.13 1228.76 695 -2290.64 1228.76 695 -2290.64 1228.76 695 -2290.64 1148.51 695 -2312.15 1148.51 695 -2312.15 1148.51 695 -2312.15 1090.02 695 -2370.65 1090.02 695 -2370.65 1090.02 695 -2370.65 1068.52 695 -2450.91 1068.52 695 -2450.91 1068.52 695 -2450.91 1090.03 695 -2530.65 1090.03 695 -2530.65 1090.03 695 -2530.65 1148.54 695 -2589.4 1148.54 695 -2589.4 1148.54 695 -2589.4</float_array>
                    <technique_common>
                        <accessor count="211" source="#ID29" stride="3">
                            <param name="X" type="float"/>
                            <param name="Y" type="float"/>
                            <param name="Z" type="float"/>
                        </accessor>
                    </technique_common>
                </source>
                <source id="ID30">
                    <float_array id="ID31" count="480">-0.840205 0.436859 0.321263 -0.821092 0.564088 0.0872491 -0.30824 0.947648 0.0833803 -0.305482 0.948677 0.0818112 0.484606 0.562524 0.669868 0.696965 0.436095 0.569263 0.642283 0 0.766468 0.818277 0 0.574823 0.754505 0.562767 0.337662 0.939565 0 0.34237 0.886916 0.439105 0.14341 0.996219 0 0.0868738 0.821306 0.56407 -0.0853308 0.985008 0 -0.172509 0.840287 0.437437 -0.32026 0.905023 0 -0.425363 0.667983 0.561678 -0.488177 0.764839 0 -0.644222 0.569264 0.436096 -0.696965 0.574824 0 -0.818277 -0.502054 0 -0.864836 -0.424089 0 -0.905621 -0.473092 0.334735 -0.814946 -0.320289 0.436565 -0.840729 -0.173462 0 -0.984841 -0.0858503 0.561981 -0.822683 0.0868718 0 -0.99622 0.14345 0.436047 -0.888417 0.34237 0 -0.939565 0.338014 0.561507 -0.755286 -0.0828737 0.947208 -0.309723 -0.083012 0.947116 -0.309968 -0.696584 0.438007 -0.56826 -0.463082 0.7559 -0.462786 -0.226801 0.947271 -0.22636 -0.227978 0.946823 -0.227052 -0.886601 0.439025 -0.145592 -0.753971 0.563544 -0.337557 -0.307573 0.947874 -0.0832702 -0.3088 0.947474 -0.083282 -0.984345 0 -0.176252 -0.996079 0 0.0884668 -0.996105 0 -0.0881742 -0.984205 0 0.17703 -0.567563 0.437593 0.697413 -0.669534 0.563127 0.484367 -0.225668 0.947717 0.225624 -0.225669 0.947716 0.225627 -0.143358 0.436449 0.888234 -0.335438 0.562555 0.755654 -0.0829762 0.947153 0.309866 -0.0829735 0.947245 0.309583 0.318436 0.437301 0.841051 0.0860319 0.561713 0.822847 0.0833723 0.946876 0.310606 0.0840089 0.946449 0.311732 0.0836228 0.946622 -0.31131 0.0836106 0.947047 -0.31002 0.22688 0.947001 0.227407 0.225701 0.94745 0.226708 0.307215 0.948119 0.0817856 0.308776 0.947611 0.0817947 0.308166 0.947793 -0.0819949 0.308456 0.947684 -0.0821587 0.228105 0.94655 -0.228061 0.228106 0.946549 -0.228063 -0.34219 0 -0.939631 -0.0866838 0 -0.996236 0.17365 0 -0.984808 -0.707037 0 -0.707177 -0.765748 0 -0.643141 -0.819061 0 -0.573707 -0.905565 0 -0.424207 -0.93889 0 -0.344218 -0.938936 0 0.344092 -0.906232 0 0.42278 -0.820243 0 0.572016 -0.766467 0 0.642283 -0.642432 0 0.766342 -0.572173 0 0.820133 -0.421327 0 0.906909 -0.340866 0 0.940112 -0.17365 0 0.984808 -0.0868718 0 0.99622 0.0866838 0 0.996236 0.173462 0 0.984841 0.340685 0 0.940177 0.421153 0 0.90699 0.572014 0 0.820244 0.765314 0 0.643657 0.905541 0 0.42426 0.984807 0 0.173651 0.996277 0 -0.0862063 0.939643 0 -0.342157 0.817302 0 -0.576209 0.643658 0 -0.765314 0.42426 0 -0.90554 0.500714 0 0.865613 0.423648 0 0.905827 0.342756 0 0.939425 0.174559 0 0.984647 0.0872335 0 0.996188 -0.0868945 0 0.996217 -0.173697 0 0.984799 -0.341932 0 0.939725 -0.423339 0 0.905971 -0.573973 0 0.818874 -0.643265 0 0.765644 -0.76577 0 0.643115 -0.818984 0 0.573817 -0.906664 0 0.421853 -0.94079 0 0.33899 -0.985338 0 0.170615 -0.996359 0 0.08526 -0.996343 0 -0.0854493 -0.985305 0 -0.170804 -0.940724 0 -0.339172 -0.906583 0 -0.422027 -0.818872 0 -0.573976 -0.765643 0 -0.643265 -0.643116 0 -0.765768 -0.573819 0 -0.818982 0.707036 0 0.707178 0.765644 0 0.643265 0.707036 0 0.707178 0.818874 0 0.573973 0.905747 0 0.423818 0.939358 0 0.342937 0.984613 0 0.174751 0.996171 0 0.0874227 0.996188 0 -0.0872326 0.984646 0 -0.17456 0.939425 0 -0.342756 0.905827 0 -0.423647 0.818983 0 -0.573817 0.765769 0 -0.643116 0.643264 0 -0.765644 0.573973 0 -0.818874 0.423819 0 -0.905747 0.342938 0 -0.939358 0.174751 0 -0.984613 0.0874215 0 -0.996171 -0.0867069 0 -0.996234 -0.173506 0 -0.984833 -0.34175 0 -0.939791 -0.423169 0 -0.906051 0 1 -0 -0.996105 0 -0.0881742 4.43498e-005 0.879709 -0.475513 0.411519 0.879507 0.238997 -0.238923 0.879504 -0.411568 -4.43505e-005 0.879704 0.475521 -0.406189 0.883109 -0.234796 0.408732 0.880854 -0.238818 -0.46575 0.884917 -4.47168e-005 0.465743 0.88492 4.47162e-005 -0.409002 0.88181 0.234796 0.238997 0.879508 -0.411517 -0.23487 0.881813 0.408953 0.234796 0.881809 0.409005</float_array>
                    <technique_common>
                        <accessor count="160" source="#ID31" stride="3">
                            <param name="X" type="float"/>
                            <param name="Y" type="float"/>
                            <param name="Z" type="float"/>
                        </accessor>
                    </technique_common>
                </source>
                <source id="ID32">
                    <float_array id="ID33" count="422">-1.24951 -2.85156 -1.49951 -2.85156 -1.24951 -2.7959 -1.49951 -2.7959 0.5 -2.85156 0.75 -2.85156 0.5 -2.99854 0.75 -2.99854 1 -2.85156 1 -2.99854 1.25 -2.85156 1.25 -2.99854 1.5 -2.85156 1.5 -2.99854 1.75 -2.85156 1.75 -2.99854 2 -2.85156 2 -2.99854 2.25 -2.85156 2.25 -2.99854 3.5 -2.99854 3.25 -2.99854 3.5 -2.85156 3.25 -2.85156 3 -2.99854 3 -2.85156 2.75 -2.99854 2.75 -2.85156 2.5 -2.99854 2.5 -2.85156 3.25 -2.7959 3 -2.7959 -2.24951 -2.85156 -2.49951 -2.85156 -2.24951 -2.7959 -2.49951 -2.7959 -1.74951 -2.85156 -1.99951 -2.85156 -1.74951 -2.7959 -1.99951 -2.7959 -1.74951 -1.99854 -1.49951 -1.99854 -1.74951 -2.22021 -1.49951 -2.22021 -0.749512 -2.85156 -0.999512 -2.85156 -0.749512 -2.7959 -0.999512 -2.7959 -0.249512 -2.85156 -0.499512 -2.85156 -0.249512 -2.7959 -0.499512 -2.7959 0.25 -2.85156 0 -2.85156 0.25 -2.7959 0 -2.7959 2.75 -2.7959 2.5 -2.7959 0.75 -2.7959 0.5 -2.7959 1.25 -2.7959 1 -2.7959 1.75 -2.7959 1.5 -2.7959 2.25 -2.7959 2 -2.7959 3.5 -2.22021 3.25 -2.22021 3.5 -1.99854 3.25 -1.99854 3 -2.22021 3 -1.99854 2.75 -2.22021 2.75 -1.99854 -2.49951 -1.99854 -2.24951 -1.99854 -2.49951 -2.22021 -2.24951 -2.22021 -1.99951 -1.99854 -1.99951 -2.22021 -1.24951 -1.99854 -1.24951 -2.22021 -0.999512 -1.99854 -0.999512 -2.22021 -0.749512 -1.99854 -0.749512 -2.22021 -0.499512 -1.99854 -0.499512 -2.22021 -0.249512 -1.99854 -0.249512 -2.22021 0 -1.99854 0 -2.22021 0.25 -1.99854 0.25 -2.22021 0.5 -1.99854 0.5 -2.22021 0.75 -1.99854 0.75 -2.22021 1 -1.99854 1 -2.22021 1.25 -1.99854 1.25 -2.22021 1.5 -1.99854 1.5 -2.22021 1.75 -1.99854 1.75 -2.22021 2 -1.99854 2 -2.22021 2.25 -1.99854 2.25 -2.22021 2.5 -1.99854 2.5 -2.22021 1.99707 -1 1.83057 -1 1.99707 -1.28174 1.83057 -1.28174 1.66406 -1 1.66406 -1.28174 1.49756 -1 1.49756 -1.28174 1.33154 -1 1.33154 -1.28174 1.16504 -1 1.16504 -1.28174 0.998535 -1 0.998535 -1.28174 0.832031 -1 0.832031 -1.28174 0.665527 -1 0.665527 -1.28174 0.499023 -1 0.499023 -1.28174 0.33252 -1 0.33252 -1.28174 0.166504 -1 0.166504 -1.28174 0 -1 0 -1.28174 -1.99658 -1.28174 -1.83057 -1.28174 -1.99658 -1 -1.83057 -1 -1.66406 -1.28174 -1.66406 -1 -1.49756 -1.28174 -1.49756 -1 -1.33105 -1.28174 -1.33105 -1 -1.16455 -1.28174 -1.16455 -1 -0.998047 -1.28174 -0.998047 -1 -0.831543 -1.28174 -0.831543 -1 -0.665527 -1.28174 -0.665527 -1 -0.499023 -1.28174 -0.499023 -1 -0.33252 -1.28174 -0.33252 -1 -0.166016 -1.28174 -0.166016 -1 -1.99658 -1.22803 -1.83057 -1.22803 -1.66406 -1.22803 -1.49756 -1.22803 -1.33105 -1.22803 -1.16455 -1.22803 -0.998047 -1.22803 -0.831543 -1.22803 -0.665527 -1.22803 -0.499023 -1.22803 -0.33252 -1.22803 -0.166016 -1.22803 0 -1.22803 0.166504 -1.22803 0.33252 -1.22803 0.499023 -1.22803 0.665527 -1.22803 0.832031 -1.22803 0.998535 -1.22803 1.16504 -1.22803 1.99707 -1.22803 1.83057 -1.22803 1.66406 -1.22803 1.49756 -1.22803 1.33154 -1.22803 -2.49951 -2.99854 -2.24951 -2.99854 -1.99951 -2.99854 -1.74951 -2.99854 -1.49951 -2.99854 -1.24951 -2.99854 -0.999512 -2.99854 -0.749512 -2.99854 -0.499512 -2.99854 -0.249512 -2.99854 0 -2.99854 0.25 -2.99854 2.875 -2.7959 0.875 -2.7959 3.375 -2.7959 -0.124512 -2.7959 -2.12451 -2.7959 1.875 -2.7959 -1.62451 -2.7959 1.375 -2.7959 -1.12451 -2.7959 2.375 -2.7959 -0.624512 -2.7959 0.375 -2.7959</float_array>
                    <technique_common>
                        <accessor count="211" source="#ID33" stride="2">
                            <param name="S" type="float"/>
                            <param name="T" type="float"/>
                        </accessor>
                    </technique_common>
                </source>
                <vertices id="ID34">
                    <input semantic="POSITION" source="#ID28"/>
                </vertices>
                <triangles count="228" material="Material1">
                    <input offset="0" semantic="VERTEX" source="#ID34"/>
                    <input offset="1" semantic="NORMAL" source="#ID30"/>
                    <input offset="2" semantic="TEXCOORD" source="#ID32" set="0"/>
                    <p>201 2 2 169 1 1 168 0 0 169 1 1 201 2 2 202 3 3 46 6 6 160 5 5 161 4 4 160 5 5 46 6 6 47 7 7 47 7 7 159 8 8 160 5 5 159 8 8 47 7 7 48 9 9 48 9 9 158 10 10 159 8 8 158 10 10 48 9 9 49 11 11 49 11 11 157 12 12 158 10 10 157 12 12 49 11 11 50 13 13 50 13 13 156 14 14 157 12 12 156 14 14 50 13 13 51 15 15 51 15 15 155 16 16 156 14 14 155 16 16 51 15 15 52 17 17 52 17 17 154 18 18 155 16 16 154 18 18 52 17 17 28 19 19 173 22 22 32 21 21 33 20 20 32 21 21 173 22 22 175 23 23 175 23 23 31 24 24 32 21 21 31 24 24 175 23 23 176 25 25 176 25 25 30 26 26 31 24 24 30 26 26 176 25 25 177 27 27 177 27 27 29 28 28 30 26 26 29 28 28 177 27 27 153 29 29 210 30 30 176 25 25 175 23 23 176 25 25 210 30 30 1 31 31 207 34 34 174 33 33 172 32 32 174 33 33 207 34 34 208 35 35 204 38 38 171 37 37 170 36 36 171 37 37 204 38 38 205 39 39 135 42 42 73 41 41 71 40 40 73 41 41 135 42 42 136 43 43 198 46 46 167 45 45 166 44 44 167 45 45 198 46 46 199 47 47 195 50 50 165 49 49 164 48 48 165 49 49 195 50 50 196 51 51 192 54 54 163 53 53 162 52 52 163 53 53 192 54 54 193 55 55 3 56 56 153 29 29 177 27 27 153 29 29 3 56 56 180 57 57 189 58 58 161 4 4 160 5 5 161 4 4 189 58 58 190 59 59 186 60 60 159 8 8 158 10 10 159 8 8 186 60 60 187 61 61 183 62 62 157 12 12 156 14 14 157 12 12 183 62 62 184 63 63 179 64 64 155 16 16 154 18 18 155 16 16 179 64 64 181 65 65 64 20 68 130 21 67 132 20 66 130 21 67 64 20 68 61 66 69 61 66 69 129 24 70 130 21 67 129 24 70 61 66 69 59 67 71 59 67 71 128 26 72 129 24 70 128 26 72 59 67 71 58 68 73 131 69 76 67 70 75 63 69 74 67 70 75 131 69 76 133 71 77 133 71 77 69 72 78 67 70 75 69 72 78 133 71 77 134 73 79 134 73 79 71 40 40 69 72 78 71 40 40 134 73 79 135 42 42 153 29 29 28 19 19 29 28 28 28 19 19 153 29 29 154 18 18 136 43 43 75 74 80 73 41 41 75 74 80 136 43 43 137 75 81 137 75 81 77 76 82 75 74 80 77 76 82 137 75 81 138 77 83 138 77 83 79 78 84 77 76 82 79 78 84 138 77 83 139 79 85 139 79 85 81 80 86 79 78 84 81 80 86 139 79 85 140 81 87 140 81 87 83 82 88 81 80 86 83 82 88 140 81 87 141 83 89 141 83 89 85 84 90 83 82 88 85 84 90 141 83 89 142 85 91 142 85 91 87 86 92 85 84 90 87 86 92 142 85 91 143 87 93 143 87 93 89 88 94 87 86 92 89 88 94 143 87 93 144 6 95 144 6 95 92 89 96 89 88 94 92 89 96 144 6 95 145 7 97 145 7 97 94 90 98 92 89 96 94 90 98 145 7 97 146 9 99 146 9 99 96 91 100 94 90 98 96 91 100 146 9 99 147 11 101 147 11 101 98 92 102 96 91 100 98 92 102 147 11 101 148 13 103 148 13 103 100 93 104 98 92 102 100 93 104 148 13 103 149 15 105 149 15 105 102 94 106 100 93 104 102 94 106 149 15 105 150 17 107 150 17 107 54 95 108 102 94 106 54 95 108 150 17 107 151 19 109 151 19 109 56 96 110 54 95 108 56 96 110 151 19 109 152 28 111 58 68 73 152 28 111 128 26 72 152 28 111 58 68 73 56 96 110 16 97 114 117 98 113 115 97 112 117 98 113 16 97 114 17 99 115 17 99 115 118 100 116 117 98 113 118 100 116 17 99 115 18 101 117 18 101 117 119 102 118 118 100 116 119 102 118 18 101 117 19 103 119 19 103 119 120 104 120 119 102 118 120 104 120 19 103 119 20 105 121 20 105 121 121 106 122 120 104 120 121 106 122 20 105 121 21 107 123 21 107 123 122 108 124 121 106 122 122 108 124 21 107 123 22 109 125 22 109 125 123 110 126 122 108 124 123 110 126 22 109 125 23 111 127 23 111 127 124 112 128 123 110 126 124 112 128 23 111 127 24 113 129 24 113 129 125 114 130 124 112 128 125 114 130 24 113 129 25 115 131 25 115 131 126 116 132 125 114 130 126 116 132 25 115 131 26 117 133 26 117 133 127 118 134 126 116 132 127 118 134 26 117 133 27 119 135 27 119 135 103 120 136 127 118 134 103 120 136 27 119 135 0 121 137 116 124 140 14 123 139 15 122 138 14 123 139 116 124 140 114 125 141 114 125 141 13 126 142 14 123 139 13 126 142 114 125 141 113 127 143 113 127 143 12 128 144 13 126 142 12 128 144 113 127 143 112 129 145 112 129 145 11 130 146 12 128 144 11 130 146 112 129 145 111 131 147 111 131 147 10 132 148 11 130 146 10 132 148 111 131 147 110 133 149 110 133 149 9 134 150 10 132 148 9 134 150 110 133 149 109 135 151 109 135 151 8 136 152 9 134 150 8 136 152 109 135 151 108 137 153 108 137 153 7 138 154 8 136 152 7 138 154 108 137 153 107 139 155 107 139 155 6 140 156 7 138 154 6 140 156 107 139 155 106 141 157 106 141 157 5 142 158 6 140 156 5 142 158 106 141 157 105 143 159 105 143 159 4 144 160 5 142 158 4 144 160 105 143 159 104 145 161 0 121 137 104 145 161 103 120 136 104 145 161 0 121 137 4 144 160 66 146 162 114 146 141 116 146 140 114 146 141 66 146 162 68 146 163 68 146 163 113 146 143 114 146 141 113 146 143 68 146 163 70 146 164 70 146 164 112 146 145 113 146 143 112 146 145 70 146 164 72 146 165 72 146 165 111 146 147 112 146 145 111 146 147 72 146 165 74 146 166 74 146 166 110 146 149 111 146 147 110 146 149 74 146 166 76 146 167 76 146 167 109 146 151 110 146 149 109 146 151 76 146 167 78 146 168 78 146 168 108 146 153 109 146 151 108 146 153 78 146 168 80 146 169 80 146 169 107 146 155 108 146 153 107 146 155 80 146 169 82 146 170 82 146 170 106 146 157 107 146 155 106 146 157 82 146 170 84 146 171 84 146 171 105 146 159 106 146 157 105 146 159 84 146 171 86 146 172 86 146 172 104 146 161 105 146 159 104 146 161 86 146 172 88 146 173 88 146 173 103 146 136 104 146 161 103 146 136 88 146 173 90 146 174 90 146 174 127 146 134 103 146 136 127 146 134 90 146 174 91 146 175 91 146 175 126 146 132 127 146 134 126 146 132 91 146 175 93 146 176 93 146 176 125 146 130 126 146 132 125 146 130 93 146 176 95 146 177 95 146 177 124 146 128 125 146 130 124 146 128 95 146 177 97 146 178 97 146 178 123 146 126 124 146 128 123 146 126 97 146 178 99 146 179 99 146 179 122 146 124 123 146 126 122 146 124 99 146 179 101 146 180 101 146 180 121 146 122 122 146 124 121 146 122 101 146 180 53 146 181 115 146 112 62 146 183 65 146 182 62 146 183 115 146 112 117 146 113 117 146 113 60 146 184 62 146 183 60 146 184 117 146 113 118 146 116 118 146 116 57 146 185 60 146 184 57 146 185 118 146 116 119 146 118 119 146 118 55 146 186 57 146 185 55 146 186 119 146 118 120 146 120 120 146 120 53 146 181 55 146 186 53 146 181 120 146 120 121 146 122 34 69 187 172 32 32 174 33 33 172 32 32 34 69 187 35 71 188 35 71 188 171 37 37 172 32 32 171 37 37 35 71 188 36 73 189 36 73 189 170 36 36 171 37 37 170 36 36 36 73 189 37 147 190 37 147 190 169 1 1 170 36 36 169 1 1 37 147 190 38 43 191 38 43 191 168 0 0 169 1 1 168 0 0 38 43 191 39 75 192 39 75 192 167 45 45 168 0 0 167 45 45 39 75 192 40 77 193 40 77 193 166 44 44 167 45 45 166 44 44 40 77 193 41 79 194 41 79 194 165 49 49 166 44 44 165 49 49 41 79 194 42 81 195 42 81 195 164 48 48 165 49 49 164 48 48 42 81 195 43 83 196 43 83 196 163 53 53 164 48 48 163 53 53 43 83 196 44 85 197 44 85 197 162 52 52 163 53 53 162 52 52 44 85 197 45 87 198 45 87 198 161 4 4 162 52 52 161 4 4 45 87 198 46 6 6 177 27 27 176 25 25 2 148 199 160 5 5 159 8 8 188 149 200 175 23 23 173 22 22 209 150 201 164 48 48 163 53 53 194 151 202 172 32 32 171 37 37 206 152 203 156 14 14 155 16 16 182 153 204 170 36 36 169 1 1 203 154 205 158 10 10 157 12 12 185 155 206 168 0 0 167 45 45 200 156 207 154 18 18 153 29 29 178 157 208 166 44 44 165 49 49 197 158 209 162 52 52 161 4 4 191 159 210</p>
                </triangles>
            </mesh>
        </geometry>
        <geometry id="ID36">
            <mesh>
                <source id="ID37">
                    <float_array id="ID38" count="144">1322.76 760.75 -2328.13 1287.76 760.75 -2307.88 1248.51 760.75 -2297.39 1208.51 760.75 -2297.39 1169.51 760.75 -2307.9 1134.51 760.75 -2328.15 1106.02 760.75 -2356.65 1085.77 760.75 -2391.65 1075.27 760.75 -2430.65 1075.28 760.75 -2470.9 1085.78 760.75 -2509.9 1106.03 760.75 -2544.9 1134.54 760.75 -2573.4 1169.54 760.75 -2593.65 1208.54 760.75 -2604.14 1248.54 760.75 -2604.14 1287.79 760.75 -2593.63 1322.79 760.75 -2573.38 1351.28 760.75 -2544.88 1371.53 760.75 -2509.88 1381.78 760.75 -2470.88 1381.77 760.75 -2430.63 1371.52 760.75 -2391.63 1351.27 760.75 -2356.63 1341.02 760.75 -2435.88 1333.27 760.75 -2407.38 1318.52 760.75 -2381.63 1297.52 760.75 -2360.63 1272.01 760.75 -2345.89 1243.26 760.75 -2338.14 1213.76 760.75 -2338.14 1185.26 760.75 -2345.89 1159.52 760.75 -2360.65 1138.52 760.75 -2381.65 1123.77 760.75 -2407.4 1116.02 760.75 -2435.9 1116.03 760.75 -2465.4 1123.78 760.75 -2494.15 1138.53 760.75 -2519.65 1159.53 760.75 -2540.65 1185.28 760.75 -2555.64 1213.79 760.75 -2563.14 1243.29 760.75 -2563.14 1272.03 760.75 -2555.64 1297.53 760.75 -2540.63 1318.53 760.75 -2519.63 1333.28 760.75 -2494.13 1341.03 760.75 -2465.38</float_array>
                    <technique_common>
                        <accessor count="48" source="#ID38" stride="3">
                            <param name="X" type="float"/>
                            <param name="Y" type="float"/>
                            <param name="Z" type="float"/>
                        </accessor>
                    </technique_common>
                </source>
                <source id="ID39">
                    <float_array id="ID40" count="3">0 1 -0</float_array>
                    <technique_common>
                        <accessor count="1" source="#ID40" stride="3">
                            <param name="X" type="float"/>
                            <param name="Y" type="float"/>
                            <param name="Z" type="float"/>
                        </accessor>
                    </technique_common>
                </source>
                <source id="ID41">
                    <float_array id="ID42" count="96">1.82837 0.306152 1.68799 0.236084 1.80884 0.397949 1.6521 0.361572 1.802 0.496338 1.63989 0.496338 1.80884 0.594971 1.6521 0.631348 1.82837 0.686768 1.68799 0.756836 1.85986 0.765381 1.74512 0.864746 1.90063 0.825928 1.81958 0.94751 1.948 0.864014 1.90625 0.999512 1.99902 0.876953 1.99902 1.01709 2.05005 0.864014 2.09204 0.999512 2.09741 0.825928 2.17871 0.94751 2.13843 0.765381 2.25293 0.864746 2.16968 0.686523 2.31006 0.756836 2.18921 0.594727 2.34595 0.631104 2.19604 0.496338 2.35815 0.496338 2.18921 0.397705 2.34595 0.361572 2.16968 0.306152 2.31006 0.23584 2.13818 0.227295 2.25293 0.12793 2.09741 0.166748 2.17847 0.045166 2.05005 0.128662 2.0918 -0.00683594 1.99902 0.115723 1.99902 -0.0246582 1.90601 -0.00683594 1.81934 0.045166 1.74512 0.128174 1.85962 0.227295 1.948 0.128906 1.90039 0.166748</float_array>
                    <technique_common>
                        <accessor count="48" source="#ID42" stride="2">
                            <param name="S" type="float"/>
                            <param name="T" type="float"/>
                        </accessor>
                    </technique_common>
                </source>
                <vertices id="ID43">
                    <input semantic="POSITION" source="#ID37"/>
                </vertices>
                <triangles count="48" material="Material1">
                    <input offset="0" semantic="VERTEX" source="#ID43"/>
                    <input offset="1" semantic="NORMAL" source="#ID39"/>
                    <input offset="2" semantic="TEXCOORD" source="#ID41" set="0"/>
                    <p>28 0 2 0 0 1 27 0 0 0 0 1 28 0 2 1 0 3 29 0 4 1 0 3 28 0 2 1 0 3 29 0 4 2 0 5 30 0 6 2 0 5 29 0 4 2 0 5 30 0 6 3 0 7 31 0 8 3 0 7 30 0 6 3 0 7 31 0 8 4 0 9 32 0 10 4 0 9 31 0 8 4 0 9 32 0 10 5 0 11 33 0 12 5 0 11 32 0 10 5 0 11 33 0 12 6 0 13 34 0 14 6 0 13 33 0 12 6 0 13 34 0 14 7 0 15 35 0 16 7 0 15 34 0 14 7 0 15 35 0 16 8 0 17 36 0 18 8 0 17 35 0 16 8 0 17 36 0 18 9 0 19 37 0 20 9 0 19 36 0 18 9 0 19 37 0 20 10 0 21 38 0 22 10 0 21 37 0 20 10 0 21 38 0 22 11 0 23 39 0 24 11 0 23 38 0 22 11 0 23 39 0 24 12 0 25 40 0 26 12 0 25 39 0 24 12 0 25 40 0 26 13 0 27 41 0 28 13 0 27 40 0 26 13 0 27 41 0 28 14 0 29 42 0 30 14 0 29 41 0 28 14 0 29 42 0 30 15 0 31 43 0 32 15 0 31 42 0 30 15 0 31 43 0 32 16 0 33 44 0 34 16 0 33 43 0 32 16 0 33 44 0 34 17 0 35 45 0 36 17 0 35 44 0 34 17 0 35 45 0 36 18 0 37 46 0 38 18 0 37 45 0 36 18 0 37 46 0 38 19 0 39 47 0 40 19 0 39 46 0 38 19 0 39 47 0 40 20 0 41 21 0 42 20 0 41 47 0 40 26 0 45 23 0 44 22 0 43 23 0 44 26 0 45 0 0 1 27 0 0 0 0 1 26 0 45 24 0 46 21 0 42 47 0 40 21 0 42 24 0 46 25 0 47 25 0 47 22 0 43 21 0 42 22 0 43 25 0 47 26 0 45</p>
                </triangles>
            </mesh>
        </geometry>
        <geometry id="ID45">
            <mesh>
                <source id="ID46">
                    <float_array id="ID47" count="459">1322.76 760 -2328.13 1228.79 695 -2610.89 1228.79 695 -2610.89 1287.76 760 -2307.88 1140.28 763.25 -2513.15 1229.77 760 -2451.64 1153.02 763.25 -2450.65 1248.51 760 -2297.39 1142.77 763.25 -2384.9 1208.51 760 -2297.39 1290.78 763.25 -2498.38 1169.51 760 -2307.9 1260.28 763.25 -2554.14 1134.51 760 -2328.15 1205.03 763.25 -2524.39 1106.02 760 -2356.65 1274.03 763.25 -2485.64 1085.77 760 -2391.65 1254.28 763.25 -2531.89 1075.27 760 -2430.65 1213.53 763.25 -2503.89 1075.28 760 -2470.9 1161.03 763.25 -2500.15 1085.78 760 -2509.9 1176.77 763.25 -2451.64 1106.03 760 -2544.9 1162.77 763.25 -2400.4 1134.54 760 -2573.4 1266.01 763.25 -2349.14 1169.54 760 -2593.65 1208.77 763.25 -2377.64 1208.54 760 -2604.14 1336.52 763.25 -2454.63 1248.54 760 -2604.14 1293.77 763.25 -2408.88 1287.79 760 -2593.63 1313.77 763.25 -2454.38 1322.79 760 -2573.38 1276.02 763.25 -2422.39 1351.28 760 -2544.88 1258.77 763.25 -2372.64 1371.53 760 -2509.88 1216.27 763.25 -2400.39 1381.78 760 -2470.88 1381.77 760 -2430.63 1371.52 760 -2391.63 1351.27 760 -2356.63 1126.77 759.5 -2372.65 1117.78 759.5 -2527.15 1142.52 759.5 -2450.4 1201.78 759.5 -2534.89 1267.04 759.5 -2578.89 1299.78 759.5 -2505.38 1273.76 759.5 -2323.89 1362.52 759.5 -2454.63 1302.77 759.5 -2402.88 1206.02 759.5 -2367.89 1176.02 760 -2410.39 1250.02 760 -2389.14 1217.27 760 -2410.39 1292.52 760 -2452.13 1263.52 760 -2427.64 1262.03 760 -2476.39 1246.53 760 -2511.89 1174.53 760 -2487.4 1215.28 760 -2490.39 1186.77 760 -2450.14 1132.02 750 -2376.65 1132.02 750 -2376.65 1173.77 750 -2408.9 1173.77 750 -2408.9 1207.52 750 -2372.14 1207.52 750 -2372.14 1272.01 750 -2330.39 1272.01 750 -2330.39 1252.27 750 -2386.14 1252.27 750 -2386.14 1217.52 750 -2408.89 1217.52 750 -2408.89 1297.02 750 -2453.13 1297.02 750 -2453.13 1266.52 750 -2426.89 1266.52 750 -2426.89 1299.77 750 -2405.63 1299.77 750 -2405.63 1356.52 750 -2454.88 1356.52 750 -2454.88 1264.78 750 -2478.39 1264.78 750 -2478.39 1296.78 750 -2502.88 1296.78 750 -2502.88 1248.53 750 -2516.39 1248.53 750 -2516.39 1172.28 750 -2490.4 1172.28 750 -2490.4 1215.28 750 -2493.39 1215.28 750 -2493.39 1265.79 750 -2573.14 1265.79 750 -2573.14 1203.28 750 -2531.14 1203.28 750 -2531.14 1123.53 750 -2523.9 1123.53 750 -2523.9 1185.27 750 -2450.89 1185.27 750 -2450.89 1147.02 750 -2450.65 1147.02 750 -2450.65 1308.54 695 -2589.38 1308.54 695 -2589.38 1308.54 750 -2589.38 1308.54 750 -2589.38 1367.28 750 -2530.63 1367.28 750 -2530.63 1367.28 695 -2530.63 1367.28 695 -2530.63 1388.52 750 -2450.87 1388.52 750 -2450.87 1388.52 695 -2450.87 1388.52 695 -2450.87 1367.27 750 -2370.63 1367.27 750 -2370.63 1367.27 695 -2370.63 1367.27 695 -2370.63 1308.51 750 -2312.13 1308.51 750 -2312.13 1308.51 695 -2312.13 1308.51 695 -2312.13 1228.76 750 -2290.64 1228.76 750 -2290.64 1228.76 695 -2290.64 1228.76 695 -2290.64 1148.51 750 -2312.15 1148.51 750 -2312.15 1148.51 695 -2312.15 1148.51 695 -2312.15 1090.02 750 -2370.65 1090.02 750 -2370.65 1090.02 695 -2370.65 1090.02 695 -2370.65 1068.52 750 -2450.91 1068.52 750 -2450.91 1068.52 695 -2450.91 1068.52 695 -2450.91 1090.03 750 -2530.65 1090.03 750 -2530.65 1090.03 695 -2530.65 1090.03 695 -2530.65 1148.54 750 -2589.4 1148.54 750 -2589.4 1148.54 695 -2589.4 1148.54 695 -2589.4 1228.79 750 -2610.89 1228.79 750 -2610.89</float_array>
                    <technique_common>
                        <accessor count="153" source="#ID47" stride="3">
                            <param name="X" type="float"/>
                            <param name="Y" type="float"/>
                            <param name="Z" type="float"/>
                        </accessor>
                    </technique_common>
                </source>
                <source id="ID48">
                    <float_array id="ID49" count="366">-0.75587 0.652394 -0.0551679 -0.982523 0.138345 0.124537 -0.607229 0.787872 -0.102618 -0.943149 0.119088 0.310302 -0.0682557 0.293895 -0.953398 -0.172791 0.711544 -0.681064 -0.401051 0.266142 -0.876542 -0.0693466 0.818382 -0.570476 -0.550997 0.248295 -0.796713 0.867182 0.328123 -0.374606 0.573511 0.731812 -0.368152 0.698939 0.328637 -0.635202 0.52154 0.826067 -0.213563 0.580807 0.33552 -0.74168 0.631805 0.227102 0.741112 0.550399 0.698642 0.457122 0.835431 0.286935 0.468747 0.378553 0.81507 0.438587 0.901227 0.297336 0.315249 -0.542187 0.119627 0.831699 -0.29075 0.640145 0.711111 -0.188414 0.14108 0.971904 -0.300961 0.782677 0.54483 -9.38166e-005 0.148337 0.988937 -0.95104 0.168802 -0.258901 -0.168816 0.963559 -0.207498 -0.682283 0.622292 -0.383723 -0.401209 0.853456 -0.332631 -0.615972 0.745476 -0.254645 -0.238445 0.966453 0.0954586 -0.553933 0.661422 0.505647 -0.411373 0.872696 0.26301 -0.380358 0.767726 0.515679 0.0436926 0.946231 0.320528 0.331567 0.610517 0.719258 0.106062 0.903201 0.415906 0.394901 0.739062 0.545748 0.34361 0.937805 0.0495311 0.841615 0.529302 -0.107345 0.471228 0.881328 0.0347159 0.701274 0.692275 -0.170208 0.13924 0.958358 -0.249323 0.161781 0.543615 -0.823596 0.218166 0.820701 -0.528065 0.0872781 0.690506 -0.718041 0.525532 0.847473 -0.0748666 0.903784 0.427033 0.0285728 0.3353 0.936401 -0.103572 0.437354 0.544228 -0.715917 0.0958014 0.914552 -0.392958 0.355213 0.431142 -0.829422 0.0303607 0.908575 -0.416616 0.491042 0.428518 -0.758453 -0.870565 0.373441 -0.320403 -0.408277 0.882432 -0.233716 -0.708858 0.395495 -0.584041 -0.402076 0.90428 -0.143572 -0.601225 0.397984 -0.692919 -0.584796 0.363152 0.725351 -0.414486 0.829235 0.374928 -0.780334 0.369467 0.504552 -0.165821 0.961942 0.217191 -0.859532 0.342656 0.379198 0.514423 0.388771 0.764347 0.193448 0.882941 0.427778 0.233539 0.385473 0.892676 0.195142 0.93664 0.290905 0.0841 0.367773 0.926105 0.863217 0.421686 -0.277558 0.289548 0.921547 -0.258674 0.104449 0.925655 -0.363666 -0.133584 0.91286 -0.385801 -0.317863 0.924159 -0.211882 -0.426304 0.904525 0.00994514 -0.450221 0.883959 0.126168 -0.0933932 0.898077 0.429808 -0.00927136 0.999907 -0.00996338 0.0110776 0.999394 -0.0330098 -0.000202572 0.999989 -0.00460569 0.00153073 0.999988 -0.00462438 -0 1 0 0.0115663 0.999928 -0.00307747 0.00848197 0.999963 -0.00134756 0.0126325 0.999914 0.00362111 0.00832701 0.99991 0.0105332 -0.00329546 0.999748 0.0222094 0.00208373 0.999959 0.00876307 0.00261792 0.999988 0.00408456 0.377066 0.913193 0.154593 0.347741 0.916297 0.198687 -0.0404738 0.907968 0.417081 -0.0110031 0.999932 -0.0038367 -0.0042255 0.999987 -0.00277611 -0.0115132 0.999923 0.00468701 -0.00614081 0.999973 0.00405284 -0.458916 0.832331 -0.310839 -0.266934 0.586205 -0.764924 0.154795 0.830822 -0.534579 0.673338 0.566491 -0.475083 -0.847708 0.529869 0.0250969 0.260391 -0 -0.965503 0.260391 0 -0.965503 -0.258692 0 -0.96596 -0.708545 0 -0.705665 -0.965503 0 -0.260392 -0.965959 0 0.258694 0.005951 0.999929 -0.0103731 -0.707174 0 0.70704 -0.25888 0 0.965909 0.260207 0 0.965553 0.70553 0 0.70868 0.966659 0 0.256068 0.96631 -0 -0.257381 0.707174 -0 -0.707039 -0.0103809 0.999844 0.0143155 -0.00870031 0.999728 0.0216517 0.596457 0.760939 -0.255364 0.438317 0.750951 0.493913 0.670962 0.547419 0.500142 -0.401553 0.638183 0.65687 -0.297146 0.501329 0.812634 0.0151325 0.999818 -0.0116195</float_array>
                    <technique_common>
                        <accessor count="122" source="#ID49" stride="3">
                            <param name="X" type="float"/>
                            <param name="Y" type="float"/>
                            <param name="Z" type="float"/>
                        </accessor>
                    </technique_common>
                </source>
                <source id="ID50">
                    <float_array id="ID51" count="306">0.333496 0.624023 0.32959 0.631348 0.398438 0.807617 0.397949 0.825684 0.567383 0.697266 0.57666 0.708984 0.755859 0.686523 0.776855 0.697266 0.708496 0.5 0.726563 0.5 0.755859 0.313965 0.776855 0.303223 0.567383 0.303223 0.57666 0.291504 0.398438 0.192871 0.397949 0.174805 0.333496 0.376465 0.32959 0.369141 0.171875 0.5 0.158203 0.5 -2.32129 0.170898 -2.14795 0.327637 -2.12598 0.289063 -1.96924 0.336914 -1.90723 0.300781 -2.01416 0.5 -1.9624 0.5 -1.96924 0.663574 -1.90723 0.699707 -2.14795 0.672852 -2.12598 0.711426 -2.30762 0.769531 -2.32129 0.82959 -2.36914 0.608887 -2.39648 0.632813 -2.52197 0.5 -2.5835 0.5 -2.36914 0.391602 -2.39648 0.367676 -2.30762 0.230957 0.160645 0.757813 0.179199 0.745605 -0.135742 0.5 -0.103027 0.5 0.160645 0.242676 0.179199 0.254883 0.295898 -0.134277 0.308105 -0.104004 0.647461 0.0883789 0.643066 0.10791 1.03809 0.112793 1.01514 0.131348 0.944336 0.5 0.925781 0.5 1.03809 0.887695 1.01514 0.869141 0.647461 0.912109 0.643066 0.892578 0.295898 1.13428 0.308105 1.104 -1.86914 0.5 -1.82666 0.756836 -2.10059 0.798828 -2.35889 0.923828 -2.4834 0.687988 -2.6958 0.5 -2.4834 0.3125 0.5 -0.265625 0.301758 -0.239258 0.116699 -0.163086 -0.163086 0.117188 -0.0410156 -0.0410156 -0.239258 0.698242 -0.163086 0.883301 -0.0410156 1.04102 0.301758 1.23926 0.116699 1.16309 1.04102 1.04102 0.882813 1.16309 0.5 1.26563 -1.82666 0.243652 -2.10059 0.20166 -2.35889 0.0766602 1.04102 -0.0410156 0.697754 -0.239258 1.23926 0.302246 1.16309 0.117188 1.26563 0.5 0.507324 0.5 -2.38818 1 -2.08887 0.824707 -1.75635 0.805664 -1.83643 0.5 -2.50293 0.703125 2.5 -3.99561 2.5 -3.47559 2.75 -3.99561 2.75 -3.47559 3 -3.99561 3 -3.47559 3.25 -3.99561 3.25 -3.47559 -2.49951 -3.99561 -2.49951 -3.47559 -2.24951 -3.99561 -2.24951 -3.47559 -1.99951 -3.99561 -1.99951 -3.47559 -1.74951 -3.99561 -1.74951 -3.47559 -1.49951 -3.99561 -1.49951 -3.47559 -1.24951 -3.99561 -1.24951 -3.47559 -0.239258 0.302246 -0.999512 -3.99561 -0.999512 -3.47559 -0.749512 -3.99561 -0.749512 -3.47559 -0.499512 -3.99561 -0.499512 -3.47559 -0.249512 -3.99561 -0.249512 -3.47559 0 -3.99561 0 -3.47559 0.25 -3.99561 0.25 -3.47559 0.5 -3.99561 0.5 -3.47559 0.75 -3.99561 0.75 -3.47559 1 -3.99561 1 -3.47559 1.25 -3.99561 1.25 -3.47559 1.5 -3.99561 1.5 -3.47559 1.75 -3.99561 1.75 -3.47559 2 -3.99561 2 -3.47559 2.25 -3.99561 2.25 -3.47559 1.23926 0.698242 1.16309 0.883301 -1.75635 0.194824 -2.38818 0 -2.08887 0.175781 -2.75586 0.5 -2.50293 0.297363 -0.265625 0.5 0.697754 1.23926 0.882813 -0.163086</float_array>
                    <technique_common>
                        <accessor count="153" source="#ID51" stride="2">
                            <param name="S" type="float"/>
                            <param name="T" type="float"/>
                        </accessor>
                    </technique_common>
                </source>
                <vertices id="ID52">
                    <input semantic="POSITION" source="#ID46"/>
                </vertices>
                <triangles count="168" material="Material1">
                    <input offset="0" semantic="VERTEX" source="#ID52"/>
                    <input offset="1" semantic="NORMAL" source="#ID48"/>
                    <input offset="2" semantic="TEXCOORD" source="#ID50" set="0"/>
                    <p>64 2 2 103 1 1 66 0 0 103 1 1 64 2 2 93 3 3 65 5 4 93 4 3 64 2 2 93 4 3 65 5 4 95 6 5 63 7 6 95 6 5 65 5 4 95 6 5 63 7 6 91 8 7 62 10 8 91 9 7 63 7 6 91 9 7 62 10 8 87 11 9 60 12 10 87 11 9 62 10 8 87 11 9 60 12 10 79 13 11 61 15 12 79 14 11 60 12 10 79 14 11 61 15 12 81 16 13 58 17 14 81 16 13 61 15 12 81 16 13 58 17 14 75 18 15 59 20 16 75 19 15 58 17 14 75 19 15 59 20 16 77 21 17 57 22 18 77 21 17 59 20 16 77 21 17 57 22 18 69 23 19 66 0 0 69 24 19 57 22 18 69 24 19 66 0 0 103 1 1 38 27 22 82 26 21 40 25 20 82 26 21 38 27 22 80 28 23 36 29 24 80 28 23 38 27 22 80 28 23 36 29 24 88 30 25 16 31 26 88 30 25 36 29 24 88 30 25 16 31 26 92 32 27 18 33 28 92 32 27 16 31 26 92 32 27 18 33 28 96 34 29 20 35 30 96 34 29 18 33 28 96 34 29 20 35 30 94 36 31 22 37 32 94 36 31 20 35 30 94 36 31 22 37 32 104 38 33 24 39 34 104 38 33 22 37 32 104 38 33 24 39 34 70 40 35 26 41 36 70 40 35 24 39 34 70 40 35 26 41 36 78 42 37 42 43 38 78 42 37 26 41 36 78 42 37 42 43 38 76 44 39 40 25 20 76 44 39 42 43 38 76 44 39 40 25 20 82 26 21 47 47 42 105 46 41 49 45 40 105 46 41 47 47 42 67 48 43 56 49 44 67 48 43 47 47 42 67 48 43 56 49 44 71 50 45 53 51 46 71 50 45 56 49 44 71 50 45 53 51 46 73 52 47 55 54 48 73 53 47 53 51 46 73 53 47 55 54 48 83 55 49 54 56 50 83 55 49 55 54 48 83 55 49 54 56 50 85 57 51 52 59 52 85 58 51 54 56 50 85 58 51 52 59 52 89 60 53 51 61 54 89 60 53 52 59 52 89 60 53 51 61 54 97 62 55 50 64 56 97 63 55 51 61 54 97 63 55 50 64 56 99 65 57 48 66 58 99 65 57 50 64 56 99 65 57 48 66 58 101 67 59 49 45 40 101 68 59 48 66 58 101 68 59 49 45 40 105 46 41 10 69 60 16 31 26 36 29 24 16 31 26 10 69 60 18 33 28 12 70 61 18 33 28 10 69 60 18 33 28 12 70 61 20 35 30 14 71 62 20 35 30 12 70 61 20 35 30 14 71 62 22 37 32 4 72 63 22 37 32 14 71 62 22 37 32 4 72 63 24 39 34 6 73 64 24 39 34 4 72 63 24 39 34 6 73 64 26 41 36 8 74 65 26 41 36 6 73 64 26 41 36 8 74 65 30 75 66 53 51 46 0 76 67 55 54 48 0 76 67 53 51 46 3 77 68 56 49 44 3 77 68 53 51 46 3 77 68 56 49 44 7 78 69 11 79 70 7 78 69 56 49 44 7 78 69 11 79 70 9 80 71 49 45 40 17 81 72 47 47 42 17 81 72 49 45 40 19 82 73 48 66 58 19 82 73 49 45 40 19 82 73 48 66 58 21 83 74 25 84 75 21 83 74 48 66 58 21 83 74 25 84 75 23 80 76 31 86 78 51 61 54 33 85 77 51 61 54 31 86 78 50 64 56 27 87 79 50 64 56 31 86 78 50 64 56 27 87 79 25 84 75 36 29 24 32 88 80 10 69 60 32 88 80 36 29 24 34 89 81 38 27 22 34 89 81 36 29 24 34 89 81 38 27 22 40 25 20 30 75 66 42 43 38 26 41 36 42 43 38 30 75 66 40 25 20 28 90 82 40 25 20 30 75 66 40 25 20 28 90 82 34 89 81 55 54 48 44 91 83 54 56 50 44 91 83 55 54 48 46 92 84 0 76 67 46 92 84 55 54 48 39 94 87 43 93 86 41 80 85 43 93 86 39 94 87 52 59 52 51 61 54 52 59 52 39 94 87 5 80 88 58 17 14 61 15 12 58 17 14 5 80 88 59 20 16 57 22 18 59 20 16 5 80 88 4 72 63 100 96 90 102 95 89 100 96 90 4 72 63 14 71 62 100 96 90 12 70 61 98 97 91 12 70 61 100 96 90 14 71 62 90 98 92 12 70 61 10 69 60 12 70 61 90 98 92 98 97 91 106 99 93 4 72 63 102 95 89 4 72 63 106 99 93 6 73 64 2 101 96 110 101 95 108 100 94 110 101 95 2 101 96 152 100 97 150 102 100 151 102 99 1 102 98 151 102 99 150 102 100 148 102 101 146 103 104 147 103 103 149 103 102 147 103 103 146 103 104 144 103 105 142 104 108 143 104 107 145 104 106 143 104 107 142 104 108 140 104 109 138 105 112 139 105 111 141 105 110 139 105 111 138 105 112 136 105 113 13 106 114 56 49 44 47 47 42 56 49 44 13 106 114 11 79 70 134 107 117 135 107 116 137 107 115 135 107 116 134 107 117 132 107 118 130 108 121 131 108 120 133 108 119 131 108 120 130 108 121 128 108 122 126 109 125 127 109 124 129 109 123 127 109 124 126 109 125 124 109 126 122 110 129 123 110 128 125 110 127 123 110 128 122 110 129 120 110 130 118 111 133 119 111 132 121 111 131 119 111 132 118 111 133 116 111 134 114 112 137 115 112 136 117 112 135 115 112 136 114 112 137 112 112 138 107 113 141 111 113 140 113 113 139 111 113 140 107 113 141 109 113 142 37 114 143 51 61 54 39 94 87 51 61 54 37 114 143 35 115 144 86 116 145 10 69 60 32 88 80 10 69 60 86 116 145 90 98 92 60 12 10 5 80 88 61 15 12 5 80 88 60 12 10 62 10 8 63 7 6 5 80 88 62 10 8 5 80 88 63 7 6 65 5 4 64 2 2 5 80 88 65 5 4 5 80 88 64 2 2 66 0 0 74 117 146 34 89 81 28 90 82 34 89 81 74 117 146 84 118 147 32 88 80 84 118 147 86 116 145 84 118 147 32 88 80 34 89 81 8 74 65 106 99 93 68 119 148 106 99 93 8 74 65 6 73 64 68 119 148 30 75 66 8 74 65 30 75 66 68 119 148 72 120 149 28 90 82 72 120 149 74 117 146 72 120 149 28 90 82 30 75 66 51 61 54 35 115 144 33 85 77 43 93 86 52 59 52 54 56 50 25 84 75 48 66 58 50 64 56 47 47 42 17 81 72 15 121 150 54 56 50 44 91 83 43 93 86 27 87 79 31 86 78 29 80 151 44 91 83 46 92 84 45 80 152 13 106 114 47 47 42 15 121 150 57 22 18 5 80 88 66 0 0</p>
                </triangles>
            </mesh>
        </geometry>
        <geometry id="ID54">
            <mesh>
                <source id="ID55">
                    <float_array id="ID56" count="1143">-3131.81 849.5 -1505.21 -3106.06 849.5 -1559.45 -3128.06 1581.75 -1536.71 -3128.06 1581.75 -1536.71 -4705.05 1617.75 -1649.86 -4738.8 1617.75 -1577.11 -3109.06 849.5 -1483.45 -3074.81 849.5 -1555.7 -3109.31 1582 -1483.45 -3109.31 1582 -1483.45 -3074.81 1582 -1555.7 -3074.81 1582 -1555.7 -3422.11 1657.75 -1002.98 -3413.86 1647.75 -1031.73 -3411.11 1617.75 -1041.48 -3433.36 1617.75 -964.484 -3430.61 1647.75 -974.234 -3128.06 869.5 -1536.71 -3131.81 869.5 -1505.21 -3109.06 869.5 -1483.45 -3077.56 869.5 -1479.45 -3055.81 869.5 -1502.45 -3051.81 869.5 -1533.7 -3074.56 869.5 -1555.7 219.846 693.75 -3151.38 -3106.06 869.5 -1559.45 239.602 693.75 -3206.88 -3128.06 1562 -1536.71 230.099 702.75 -3179.38 -3106.31 1562 -1559.7 216.595 663.75 -3142.13 -3074.81 1562 -1555.7 242.602 663.75 -3215.88 -3047.81 1562.25 -1531.45 249.348 703 -3170.88 -3053.56 1562.25 -1501.45 238.595 693.75 -3143.13 -3073.31 1562.25 -1477.95 235.095 663.75 -3133.63 -3109.06 1562 -1483.45 262.102 664 -3207.13 -3132.06 1562 -1505.46 259.101 694 -3198.38 -3092.06 1562 -1519.7 -3092.06 1562 -1519.7 -3092.06 1562 -1519.7 248.848 663.75 -3170.38 248.848 663.75 -3170.38 -3091.81 869.5 -1519.45 229.849 663.75 -3178.88 229.849 663.75 -3178.88 -3402.36 1657.75 -993.981 63.3594 720.25 -3289.4 63.3594 720.25 -3289.4 -3393.86 1647.75 -1022.98 59.6085 750.25 -3280.15 59.6085 750.25 -3280.15 -3391.11 1617.75 -1032.48 48.3559 760.25 -3252.4 48.3559 760.25 -3252.4 -3413.61 1617.75 -955.482 36.8532 750.25 -3224.65 36.8532 750.25 -3224.65 -3410.61 1647.75 -965.232 33.1023 720.25 -3215.4 33.1023 720.25 -3215.4 -4003.33 1657.75 -1276.54 14.6031 720.25 -3222.9 14.6031 720.25 -3222.9 -4014.59 1647.75 -1248.79 18.3539 750.25 -3232.15 18.3539 750.25 -3232.15 -4018.34 1617.75 -1239.54 44.8601 720.25 -3296.9 44.8601 720.25 -3296.9 -3988.33 1617.75 -1313.79 41.1093 750.25 -3287.65 41.1093 750.25 -3287.65 -3992.08 1647.75 -1304.54 29.8566 760.25 -3259.9 29.8566 760.25 -3259.9 -4700.8 1657.75 -1603.61 48.3559 720.25 -3252.4 -4713.55 1647.75 -1576.36 29.8566 720.25 -3259.9 -4717.81 1617.75 -1567.36 -183.633 793.25 -3367.67 -183.633 793.25 -3367.67 -4684.05 1617.75 -1640.1 -186.884 823.25 -3358.17 -186.884 823.25 -3358.17 -4688.3 1647.75 -1630.85 -196.137 833.25 -3329.42 -196.137 833.25 -3329.42 -4018.83 1657.75 -1283.79 -205.389 823.25 -3300.93 -205.389 823.25 -3300.93 -4030.09 1647.75 -1256.29 -208.64 793.25 -3291.43 -208.64 793.25 -3291.43 -4033.84 1617.75 -1247.04 -227.64 793.25 -3297.68 -227.64 793.25 -3297.68 -4003.83 1617.75 -1321.04 -224.389 823.25 -3307.18 -224.389 823.25 -3307.18 -4007.58 1647.75 -1311.79 -202.633 793.25 -3373.68 -202.633 793.25 -3373.68 -4700.8 1617.75 -1603.61 -205.883 823.25 -3364.18 -205.883 823.25 -3364.18 -4018.83 1617.75 -1284.04 -215.136 833.25 -3335.68 -215.136 833.25 -3335.68 -3422.36 1617.75 -1002.98 -3422.36 1617.75 -1002.98 -196.137 793.25 -3329.42 -4003.33 1617.75 -1276.54 -215.136 793.25 -3335.68 -3091.81 1582 -1519.7 -3091.81 1582 -1519.7 -3091.81 1582 -1519.7 961.757 720.25 -2218.81 961.757 720.25 -2218.81 961.757 720.25 -2218.81 961.757 720.25 -2218.81 961.757 720.25 -2218.81 961.757 720.25 -2218.81 961.757 720.25 -2218.81 -3402.36 1617.75 -993.981 1165.76 720.25 -2279.29 1165.76 720.25 -2279.29 1165.76 720.25 -2279.29 1165.76 720.25 -2279.29 1165.76 720.25 -2279.29 1165.76 720.25 -2279.29 1165.76 720.25 -2279.29 -3174.05 793.25 -1604.96 -3174.05 793.25 -1604.96 1182.51 699.25 -2270.04 -3179.05 823.25 -1596.46 -3179.05 823.25 -1596.46 1191.76 699 -2294.79 -3193.56 833.25 -1570.21 -3193.56 833.25 -1570.21 1164.51 690.5 -2278.29 -3208.31 823.25 -1543.96 -3208.31 823.25 -1543.96 1173.26 690.25 -2301.79 -3213.31 793.25 -1535.21 -3213.31 793.25 -1535.21 1146.51 699.25 -2287.55 -3230.56 793.25 -1545.21 -3230.56 793.25 -1545.21 1154.27 699 -2309.8 -3225.81 823.25 -1553.71 -3225.81 823.25 -1553.71 1141.26 720.5 -2291.3 -3191.55 793.25 -1614.96 -3191.55 793.25 -1614.96 1148.77 720.25 -2313.3 -3196.3 823.25 -1606.21 -3196.3 823.25 -1606.21 1148.76 741.5 -2288.8 -3211.05 833.25 -1579.96 -3211.05 833.25 -1579.96 1156.77 741.25 -2311.29 -3193.56 793.25 -1570.21 1167.51 750 -2280.04 -3211.05 793.25 -1579.96 1176.52 749.75 -2303.79 1184.76 741.25 -2271.29 1194.26 741 -2296.29 1189.76 720 -2267.54 1189.76 720 -2267.54 1199.26 719.75 -2293.04 1199.26 719.75 -2293.04 959.255 741.25 -2198.81 939.005 741.25 -2201.07 961.757 750 -2218.81 941.507 750 -2221.07 964.259 699.25 -2238.81 965.01 720.25 -2245.81 944.009 699.25 -2241.32 944.76 720.25 -2248.32 964.009 741.25 -2238.81 944.009 741.25 -2241.32 961.757 690.5 -2218.81 941.507 690.5 -2221.07 959.505 699.25 -2198.81 939.005 699.25 -2201.07 958.504 720.25 -2191.81 958.504 720.25 -2191.81 938.255 720.25 -2194.07 938.255 720.25 -2194.07 -0.385425 3744.5 1878.34 -2111.03 3744.5 771.142 -2111.03 3744.5 771.142 -2111.03 3744.5 771.142 -1622.6 3744.5 1555.69 -1622.6 3744.5 1555.69 -1622.6 3744.5 1555.69 -1638.35 3744.5 1539.44 -1638.35 3744.5 1539.44 -934.651 3744.5 2044.5 -934.651 3744.5 2044.5 -934.651 3744.5 2044.5 -954.9 3744.5 2035.25 -954.9 3744.5 2035.25 -156.42 3744.5 2241.58 -156.42 3744.5 2241.58 -156.42 3744.5 2241.58 -173.67 3744.5 2239.83 -173.67 3744.5 2239.83 -0.383079 3744.5 1853.84 -0.383079 3744.5 1853.84 -0.383079 3744.5 1853.84 -0.309323 3744.5 1083.59 -0.309323 3744.5 1083.59 -0.309323 3744.5 1083.59 -0.309323 3783.75 1083.59 -0.307048 3783.75 1059.84 -28.807 3773.25 1059.84 -28.8093 3773.25 1083.59 -39.5593 3744.5 1083.59 -39.557 3744.5 1059.84 -28.8093 3715.75 1083.59 -28.807 3715.75 1059.84 -0.309323 3705 1083.59 -0.307048 3705 1059.84 28.1907 3715.75 1083.6 28.193 3715.75 1059.85 38.943 3744.5 1059.85 38.9407 3744.5 1083.6 28.1907 3773.25 1083.6 28.193 3773.25 1059.85 28.1146 3715.75 1878.35 28.1169 3715.75 1853.85 -0.385425 3705 1878.34 -0.383079 3705 1853.84 -28.8854 3715.75 1878.34 -28.8831 3715.75 1853.84 38.8669 3744.5 1853.85 38.8646 3744.5 1878.35 28.1146 3773.25 1878.35 28.1169 3773.25 1853.85 -0.385425 3783.75 1878.34 -0.383079 3783.75 1853.84 -28.8831 3773.25 1853.84 -28.8854 3773.25 1878.34 -39.6354 3744.5 1878.34 -39.6331 3744.5 1853.84 -170.666 3744.5 2200.58 -153.416 3744.5 2202.33 -154.417 3715.75 2212.83 -171.667 3715.75 2211.33 -154.417 3773 2212.83 -171.667 3773 2211.33 -156.42 3783.75 2241.58 -173.67 3783.75 2239.83 -158.423 3773.25 2270.08 -175.923 3773.25 2268.33 -175.923 3715.75 2268.33 -158.423 3715.75 2270.08 -173.67 3705 2239.83 -156.42 3705 2241.58 -176.924 3744.5 2279.08 -159.174 3744.5 2280.83 -917.898 3744.5 2009.01 -938.147 3744.5 1999.75 -922.399 3716 2018.51 -942.648 3716 2009.25 -922.399 3773 2018.51 -942.648 3773 2009.25 -934.651 3783.75 2044.75 -955.15 3783.75 2035.25 -946.654 3773.25 2070.5 -967.153 3773.25 2061 -967.153 3715.75 2061 -946.654 3715.75 2070.5 -955.15 3705 2035.25 -934.651 3705 2044.75 -971.904 3744.5 2070.75 -951.155 3744.5 2080.25 -1594.1 3744.5 1528.69 -1609.6 3744.5 1512.44 -1601.85 3716 1535.94 -1617.35 3716 1519.94 -1601.85 3773 1535.94 -1617.35 3773 1519.94 -1622.6 3783.75 1555.69 -1638.35 3783.75 1539.44 -1643.36 3773.25 1575.19 -1659.1 3773.25 1558.94 -1659.1 3715.75 1558.94 -1643.36 3715.75 1575.19 -1638.35 3705 1539.44 -1622.6 3705 1555.69 -1666.86 3744.5 1566.18 -1651.11 3744.5 1582.69 -2144.28 3773.25 764.139 -2138.28 3773.25 780.39 -2111.28 3784 771.142 -2117.03 3784 755.142 -2148.53 3744.5 783.889 -2154.28 3744.5 767.638 -2144.28 3715.5 764.139 -2138.28 3715.5 780.39 -2111.28 3705 771.142 -2117.03 3704.75 755.142 -2089.53 3715.75 745.644 -2083.78 3715.75 761.645 -2073.53 3744.5 758.146 -2079.28 3744.5 742.145 -2089.53 3773.25 745.644 -2083.78 3773.25 761.645 1065.05 755 -2707.8 1071.8 725 -2715.05 1044.3 765 -2686.31 1023.55 755 -2664.81 1016.55 725 -2657.56 1027.8 758.5 -2700.06 1048.56 748.5 -2721.31 1055.56 716 -2728.3 999.8 716 -2671.56 1006.8 748.5 -2678.56 1027.8 716 -2699.81 -3353.48 822.75 -2383.73 -3402.72 822.75 -2417.23 -3378.48 832.75 -2400.73 -3345.23 792.75 -2377.98 -3410.72 792.75 -2422.73 -1406.88 822.75 -3349.04 -1404.14 792.75 -3339.29 -1426.88 792.75 -3414.54 -1423.88 822.75 -3405.29 -1415.13 832.75 -3377.54 -1443.13 832.75 -3372.29 -1452.13 822.75 -3400.04 -1455.13 792.75 -3409.04 -1431.64 792.75 -3334.29 -1434.39 822.75 -3343.79 -2556.18 822.75 -2923.4 -2550.18 792.75 -2915.4 -2598.17 792.75 -2979.15 -2592.17 822.75 -2971.15 -2574.17 832.75 -2947.4 -2604.67 832.75 -2931.41 -2622.67 822.75 -2955.41 -2628.67 792.75 -2963.41 -2580.43 792.75 -2899.4 -2586.68 822.75 -2907.4 -3387.73 832.75 -2378.23 -3362.48 822.75 -2361.98 -3353.98 792.75 -2356.48 -3420.48 792.75 -2398.73 -3412.23 822.75 -2393.73 -1415.38 792.75 -3377.29 -1443.38 792.75 -3372.04 -2574.17 792.75 -2947.4 -2604.67 792.75 -2931.41 -3377.98 792.75 -2400.48 -3387.48 792.75 -2377.73 -3072.06 1582.5 -1476.7 -3072.06 1582.5 -1476.7 -3046.31 1582.5 -1531.2 -3046.31 1582.5 -1531.2 -3132.06 1581.75 -1505.46 -3132.06 1581.75 -1505.46 -3106.31 1581.75 -1559.7 -3106.31 1581.75 -1559.7 -3052.31 1582.75 -1500.7 -3052.31 1582.75 -1500.7 -3055.81 849.5 -1502.45 -3051.81 849.5 -1533.7 -3077.56 849.5 -1479.45 -4721.8 1657.75 -1613.36 -4709.3 1647.75 -1640.61 -4734.55 1647.75 -1586.36 -3128.06 849.5 -1536.71</float_array>
                    <technique_common>
                        <accessor count="381" source="#ID56" stride="3">
                            <param name="X" type="float"/>
                            <param name="Y" type="float"/>
                            <param name="Z" type="float"/>
                        </accessor>
                    </technique_common>
                </source>
                <source id="ID57">
                    <float_array id="ID58" count="1377">-0.943189 -0.00241817 0.332248 -0.903688 0 -0.428191 -0.489108 0 -0.872223 -0.174853 0 -0.984594 0.31969 0 -0.947522 0.501697 -0.0135013 -0.864938 0.801309 -0.387112 -0.456124 0.987454 -0.0682984 -0.142373 0.746051 -0.603851 0.280662 0.860909 -0.0765447 0.502968 0.329088 -0.329084 0.885102 0.34307 -0.0789555 0.935986 -0.449225 -0.0157744 0.893279 0.000244663 -1 -0.000527827 -7.79727e-005 -0.999999 -0.00106988 -0.250304 -0.803587 0.539996 -0.337324 -0.59263 0.731438 -0.414502 -0.124632 0.901474 -0.414552 0.123659 0.901585 -0.295545 0.708886 0.640417 -0.296382 0.70945 0.639404 -0.0510708 0.992599 0.110178 0.705398 0.708811 6.75269e-005 0.705398 0.708811 6.75296e-005 0.992322 0.123681 9.49938e-005 0.992322 -0.123681 9.49938e-005 0.805795 -0.592195 7.71378e-005 0.594508 -0.804089 5.69151e-005 0 -1 -1.40946e-009 0 -1 -0 -0.594508 -0.804089 -5.69189e-005 0.00201775 -0.999996 -0.00195529 0.00202241 -0.999996 -0.0019265 -0.166894 -0.75511 0.634 -0.580977 -0.591231 0.559386 -0.187809 -0.0995872 0.977144 -0.716101 0.123902 0.686911 -0.508423 0.708135 0.48995 -0.507734 0.707195 0.492018 -0.0863624 0.992742 0.0836891 0.469768 -0.882136 0.0339832 -0.00127802 -0.999999 0.000548847 -0.0593335 -0.804538 0.59093 -0.412101 -0.556143 0.721719 -0.0979111 -0.124175 0.987418 -0.650162 0.100473 0.753123 -0.0699705 0.709453 0.701271 -0.779052 0.475286 0.408878 -0.011865 0.992875 0.118569 -0.805795 -0.592195 -7.71435e-005 -0.992322 -0.123681 -9.49994e-005 -0.992322 0.123681 -9.49994e-005 -0.705398 0.708811 -6.7524e-005 0 1 8.17955e-009 0.010954 0.992045 -0.125406 0.0531875 0.805749 -0.589864 0.640059 0.478456 -0.601169 0.0938915 0.00142931 -0.995581 0.786551 0.000979241 -0.617524 0.534785 -0.615859 -0.578552 0.0904153 0.992046 -0.0875735 -0.0548793 0.650193 -0.757785 0.580033 0.59333 -0.558141 0.312016 0 -0.950077 0.723675 0 -0.690141 0.511186 -0.704451 -0.492379 0.0513904 0.992326 -0.112463 -0.329385 0.648252 -0.686495 0.335245 0.590974 -0.73373 -0.0582669 0 -0.998301 0.415578 0 -0.909558 0.295855 -0.703455 -0.646236 -0.590185 0.807268 -5.65141e-005 -0.80441 0.594075 -7.70276e-005 -0.992322 0.123681 -9.50215e-005 -0.992322 -0.123681 -9.50215e-005 -0.708122 -0.70609 -6.78029e-005 -0.708122 -0.70609 -6.78075e-005 0 -1 -4.43932e-009 -0.186573 0.886794 0.422832 -0.740468 0.481423 0.468976 -0.670839 0.699986 -0.244937 -0.990822 0.0559127 0.12307 -0.945513 0.0416604 -0.322907 -0.709004 -0.662992 -0.240321 -0.778567 -0.394188 0.488313 -0.116389 -0.960848 0.251443 0.0032592 -0.999924 0.0118518 0.68077 -0.684384 0.261097 0.943189 -0.00241817 -0.332249 0.903691 0 0.428186 0.336701 0 0.941611 -0.430199 0 0.902734 -0.943643 0 0.330966 -0.442145 -0.00552681 0.896927 -0.664205 -0.706413 0.244565 -0.942756 0.0013999 0.33348 -0.673065 0.00123672 0.739582 -0.665767 0.706128 0.241116 -0.206401 0.472718 0.8567 0.150893 0.88216 0.446122 0.665874 -0.708016 -0.235215 0.00613505 -0.999891 0.0134187 0.155669 -0.879483 0.449752 -0.204489 -0.473251 0.856865 -0.430199 0 0.902734 -0.941213 0 0.337813 -0.903185 0 -0.429252 0.00131875 -0.999998 0.00141133 0.09036 -0.676005 -0.731336 0.0889635 -0.676822 -0.730751 0.123 0.00033001 -0.992407 0.122622 0 -0.992453 0.0895045 0.676962 -0.730555 0.0914405 0.676284 -0.730944 0.00136917 0.999998 0.00115143 -0.000246335 0.999998 0.00221506 -0.0814471 0.676006 0.732381 -0.873517 0.00364143 -0.48678 -0.872637 0.00182072 -0.488366 -0.872264 0.000766002 -0.489035 -0.87175 0 -0.489952 -0.871889 -0.000288717 -0.489703 0.870861 -0.00181125 0.491525 0.871306 -0.000905626 0.49074 0.872488 0.00121997 0.488634 0.873525 0 0.48678 0.873661 0.00334558 0.486523 0.132655 0.706445 0.695225 -0.33957 0.597421 0.726485 0.448288 0.883065 -0.138687 -0.69056 0.690487 0.215302 -0.133158 0.697996 -0.703613 -0.335125 0 -0.942174 -0.334903 -0.000415962 -0.942252 0.428223 -0.0026714 -0.903669 0.427194 -0.00533993 -0.904144 0 1 -2.04901e-009 0 1 -0 0.705398 0.708811 6.7541e-005 0.398857 0.321321 -0.858875 0.398861 0.321323 -0.858872 0.29706 0.708934 -0.639662 0.297062 0.708935 -0.63966 -0.00075213 1 -0.000304415 -0.104795 -0.317856 0.94233 -0.104144 -0.31841 0.942215 -0.080944 -0.676129 0.732323 -0.0804411 -0.676252 0.732266 0.904644 0.264019 0.334535 0.902565 0.267907 0.337049 0.713315 0.649807 0.262548 0.711562 0.651157 0.263958 -0.949888 -0.00395735 -0.312564 -0.950511 -0.00197868 -0.310684 -0.950513 5.45293e-007 -0.310684 -0.951127 0 -0.3088 -0.950512 0.00197977 -0.310682 0.949888 -0.00395699 0.312564 0.950511 -0.0019785 0.310684 0.950862 0.000163033 0.309615 0.951521 0 0.307584 0.951207 0.00230457 0.308545 -0.926703 1.43957e-006 -0.375794 -0.926703 7.19786e-007 -0.375795 -0.925429 -0.000480762 -0.37892 -0.925247 0 -0.379365 -0.924145 -0.000962238 -0.382041 0.92451 0.00192764 0.381152 0.924144 0.000963821 0.382042 0.92543 0.000481722 0.378919 0.925247 0 0.379365 0.926704 -3.82185e-007 0.375792 -0.926834 0.202119 0.316427 -0.883499 0.301941 -0.358136 -0.797873 0.579278 0.166843 -0.665178 0.696556 -0.268975 0.25854 0.884845 -0.387564 0.389312 0.316788 -0.864917 0.737516 0.267111 -0.620259 0.287946 0.705394 -0.647693 0.86723 0.449611 -0.213922 0.582703 0.809116 0.076085 -0.435804 0.312267 -0.844135 -0.0310654 0.263348 -0.964201 -0.32641 0.703785 -0.630986 0.355837 0.443472 -0.822625 0.37283 0.884122 -0.28165 0.329695 0.70436 0.628632 -0.0967471 0.586807 0.803926 0.44235 0.314309 0.839962 -0.232977 0.204986 0.950633 -0.182258 0.299214 -0.936618 0.257507 0.258027 -0.931188 0.601443 0.444342 -0.663947 0.274229 0.708908 -0.649806 0.693769 0.603509 -0.393016 -0.441886 0.88293 -0.158657 -0.0114693 0.999928 -0.00343547 -0.232264 0.823879 0.516988 0.663362 0.709331 -0.238327 0.663363 0.709331 -0.238326 0.941106 0 -0.338112 9.64122e-005 -2.16353e-006 -1 9.63959e-005 4.16479e-007 -1 9.64122e-005 0 -1 9.5321e-005 1.08176e-006 -1 -9.5321e-005 -1.08176e-006 1 -9.63918e-005 0 1 -9.64122e-005 0 1 -9.5321e-005 1.08176e-006 1 0.878283 -0.345348 0.330686 0.877887 -0.345944 0.331116 0.680465 -0.684608 0.261304 9.42297e-005 0 -1 9.63713e-005 0 -1 9.85129e-005 0 -1 -9.64122e-005 -2.0824e-006 1 -9.64122e-005 2.0824e-006 1 -9.63918e-005 0 1 -9.63713e-005 -0 1 -0.525024 0.212844 0.824044 0.173768 0.315249 0.932965 0.879135 0.314696 0.357894 0.656588 0.704317 0.269871 0.964944 0.258961 -0.0426982 0.802125 0.43819 -0.40569 -0.392658 0.689453 0.608667 -0.978517 0.202883 -0.0366553 -0.902101 0.431373 -0.0114424 -0.686727 0.304863 0.659897 -0.539367 0.794629 0.278654 -0.465907 0.760337 -0.452569 -0.210187 0.956954 -0.200152 0.49322 0.307611 -0.813701 0.284898 0.669641 -0.685867 0.130605 0.245868 -0.960464 -0.299144 0.392449 -0.869768 -0.343623 0.708312 0.616618 -0.469307 0.313566 0.825486 -0.348457 0.706514 0.615967 -0.47712 0.308681 0.822844 0.000595555 1 -1.80899e-005 5.49552e-007 1 -9.89193e-007 0.348748 0.705573 -0.616881 0.34901 0.70629 -0.615911 -0.265749 0.707041 0.65534 -0.265753 0.707041 0.655339 0.000176627 1 -0.000435574 0.000177061 1 -0.000436627 0.21266 0.708211 -0.673211 0.213794 0.707797 -0.673287 0.285658 0.317299 -0.904279 0.285663 0.317302 -0.904277 0.265874 0.70671 -0.655647 0.265875 0.706709 -0.655647 0.909529 0.197624 -0.365653 0.38313 0.297064 -0.874623 0.356573 0.315697 -0.879313 0.356573 0.315697 -0.879313 -0.910421 0.208771 0.357138 -0.803182 0.458636 0.3802 -0.389435 0.314339 0.865755 0 1 1.07219e-008 -0.00112445 0.999999 0.000258804 3.6131e-007 1 -1.09964e-006 0.0613477 -0.706858 -0.70469 -0.220923 0.7074 0.671401 -0.220927 0.707399 0.6714 -0.296409 0.317359 0.900791 -0.296415 0.317356 0.900791 -0.175732 -0.613917 -0.769561 0.0241966 0.999706 -0.00135178 -0.000246335 -0.999998 0.00221506 0.116881 -0.617471 -0.777862 -0.104795 0.317856 0.94233 0.348868 0.285113 0.89275 0.403568 0.592686 0.697034 -0.814179 0.456424 0.358872 -0.568217 0.812272 -0.131696 -0.252514 0.812615 0.525256 0.567337 0.812699 0.132851 -0.00215109 0.999997 0.000772794 -0.897036 0.208842 0.3895 -0.795508 0.445958 0.410229 -0.39117 0.318144 0.86358 -0.239557 0.812898 0.530857 0.663362 -0.709331 -0.238327 -0.919504 0.216187 0.328291 -0.413456 0.315085 0.854269 0.810318 0.458493 -0.364923 0.246097 0.814091 -0.526015 0.91668 0.217893 -0.334993 0.402156 0.315305 -0.859566 -0.581833 0.809731 -0.0761963 0.705398 0.708811 6.75389e-005 0.992322 0.123681 9.50148e-005 0.992322 -0.123681 9.50148e-005 0.805795 -0.592195 7.71497e-005 0.594508 -0.804089 5.69138e-005 -0.39886 0.321326 0.858871 -0.300698 0.707711 0.639317 -0.40351 0.318112 0.857895 -0.304158 0.706905 0.638571 -0.000257432 1 0.000554332 -0.903185 0 -0.429252 -0.356579 0.315693 0.879312 -0.356584 0.31569 0.879311 0.943642 0 -0.330967 0.469255 0.313574 -0.825513 0.470972 0.314909 -0.824025 -0.580782 0.687774 0.4355 -0.799309 -0.0012458 0.600919 0.563346 0.000809536 -0.826221 0.56207 0.00181767 -0.827088 -0.800055 6.10352e-007 0.599926 0.798734 0.000312808 -0.601684 0.800058 -3.66212e-006 -0.599923 0.800057 -1.83106e-006 -0.599924 -0.953803 0.00669344 0.300357 -0.953114 0.00450811 0.302579 -0.952585 0.00618405 0.304209 0.957217 -0.00613454 -0.289306 0.95888 -0.00436385 -0.283778 0.959359 -0.00605703 -0.282124 0.686208 0.00199401 0.727402 0.68706 0 0.726601 0.68747 -7.76106e-011 0.726213 -0.682566 0 -0.730824 -0.683789 0 -0.72968 0.688523 0.00117361 0.725214 0.687676 0 0.726018 -0.903792 -0.00575664 -0.427933 -0.903344 -0.00191888 -0.428912 0.90625 -0.00269258 0.422734 0.905032 -0.00107103 0.425342 0.906177 -0.000897531 0.422897 0.904344 0 0.426804 0.904344 -0.000557803 0.426804 0.997582 0 0.0694935 -0.997225 0 -0.074449 -0.99754 0 -0.0700984 0.997548 0 0.0699877 0.997544 5.51345e-005 0.0700431 0.997402 1.00107e-005 0.0720304 -0.99697 -9.04276e-006 -0.0777908 0.997548 -0.000110269 0.0699877 0.99754 0 0.0700984 -0.996891 0 -0.0787981 0.997561 0 0.0697959 -0.997312 -0.00311983 -0.0732022 -0.997084 -2.71283e-005 -0.0763061 -0.997065 0.00618533 -0.0763047 -9.74626e-005 -1.0412e-006 1 9.74626e-005 1.0412e-006 -1 0.907201 -0.000183647 0.420697 0.905532 -0.000444649 0.424279 0.907311 0 0.420461 9.64122e-005 2.0824e-006 -1 9.64122e-005 -2.0824e-006 -1 -9.74626e-005 1.0412e-006 1 -0.87203 -0.000577433 -0.489452 -9.85129e-005 -0 1 0.687674 -0.00234722 0.726016 -9.42297e-005 0 1 -9.64122e-005 2.16353e-006 1 0.905708 0.00268286 0.423894 0.992812 0.00437752 0.119601 0.992794 0.00744154 0.119598 0.992794 0.00744079 0.119601 0.993721 0 0.111889 0.992266 0 0.124132 0.993012 0 0.118013 0.99372 0 0.111892 0.992812 0.00437827 0.119603 0.992266 0 0.124129 -0.438966 0.0452206 0.897365 -0.432406 0.048129 0.900394 -0.436433 0.0483167 0.898438 -0.438997 0.0499507 0.897099 -0.437839 0.0485672 0.897741 -0.438665 0.0551 0.89696 -0.438999 0.0498817 0.897102 -0.43564 0.0485108 0.898813 -0.903792 0.0057202 -0.427934 -0.902137 0.00570973 -0.431411 0.90792 0 0.419144 0.907353 -0.00134221 0.420367 -0.949888 0.00395953 -0.312564 0.950491 0.00460912 0.310719 0.872013 0.00669109 0.489437 0.960114 -0.00141328 0.279606 0.960507 -0.00241215 0.278246 -0.92451 -0.00192447 -0.381152 0.926704 -7.6437e-007 0.375792 -0.945405 0.00319422 -0.325883 -0.941643 0.000272089 -0.336613 -0.944969 0.0018643 -0.327156 0.936556 0.00170001 0.350513 0.938584 -0.00662311 0.344988 0.933237 -0.00731381 0.359188 0.937515 -0.0075126 0.347862 0.959822 -0.00482428 0.280567 -0.00625666 0.999976 -0.00296275 -0.00613208 0.999973 -0.00402742 -0.00748696 0.999966 -0.00353638 -0.0124766 0.999905 -0.00589318 -0.0099162 0.999939 -0.00478829 -0.00749097 0.999965 -0.00361721 -0.00650579 0.999979 -0.000833411 -0.0056415 0.999981 -0.00267593 -0.0154653 0.999854 -0.0073163 -0.0137409 0.999846 -0.0109 -0.0123414 0.999906 -0.00595934 -0.0171894 0.999845 -0.00373246 0.927214 0.00019318 0.374531 -0.959977 0.00505872 -0.280034 -0.959829 0.00317469 -0.280568 -0.96022 0.00458946 -0.279208 0.926702 -9.42728e-007 0.375796 0.926702 -1.88546e-006 0.375797 -0.961497 -0.00114322 -0.274812 -0.926701 0.00117514 -0.375799 -0.927141 0.00116721 -0.374711 -0.926703 -7.38892e-007 -0.375796 0.905343 -0.000889298 0.42468 0.908857 7.73578e-005 0.417108 0.908825 0.000154716 0.417179 -0.903678 -0.00161493 -0.42821 -0.901878 0 -0.43199 0.90792 -8.62683e-007 0.419144 -0.714327 -0.00273294 -0.699807 -0.901875 -0.00253739 -0.431989 0.00323646 -0.999994 0.00155118 0.00529779 -0.999983 0.00252222 0.00647289 -0.999974 0.00310234 0.00652196 -0.999974 0.00305933 0.90679 0.00266819 0.421574 -0.905433 0.00573059 -0.42445 0.32715 0.00207203 0.94497 0.323515 0.00103096 0.946222 0.32745 0.00175354 0.944867 0.327451 0 0.944868 0.32745 -0.00175354 0.944867 0.32715 -0.00207203 0.94497 0.325225 -0.00205985 0.945634 0.68937 0 0.72441 -0.682566 0 -0.730824 -0.680378 0 -0.732861 -0.684523 0.000306368 -0.728991 -0.684297 2.91038e-011 -0.729203 -0.684297 -0.000612736 -0.729203 0.684744 0 0.728784 -0.684748 0 -0.72878 -0.537182 0.00610749 0.843444 -0.537487 0.00510154 0.843256 -0.535728 0.00304349 0.844385 0.562044 0.00178681 -0.827105 -0.800055 1.2207e-006 0.599927</float_array>
                    <technique_common>
                        <accessor count="459" source="#ID58" stride="3">
                            <param name="X" type="float"/>
                            <param name="Y" type="float"/>
                            <param name="Z" type="float"/>
                        </accessor>
                    </technique_common>
                </source>
                <source id="ID59">
                    <float_array id="ID60" count="562">2.01904 1.30713 2.5 1.30713 2.5 1.3999 2.98047 1.30713 3 1.3999 3 1.30713 2 1.30713 2 1.3999 -2.08594 -4.34912 -2.13916 -4.3252 -2.13721 -4.45117 -2.19092 -4.42627 -2.12939 -4.44238 -2.18311 -4.41797 -2.11816 -4.41895 -2.17188 -4.39453 0.415527 -2.14502 0.415527 -2.0918 0.441406 -2.14502 0.441406 -2.0918 0.441406 -1.89795 0.441406 -1.8374 0.338867 -2.14502 0.338867 -2.0918 0.236328 -1.8374 -3.86426 -3.0874 -3.90479 -3.04541 -3.94922 -3.16357 -3.99023 -3.12012 -3.93848 -3.1582 -3.97998 -3.11523 -3.91992 -3.14063 -3.96094 -3.09766 -0.0551758 -4.86768 -0.105469 -4.86328 -0.0219727 -4.98047 -0.0800781 -4.97559 -0.0483398 -4.97021 -0.104004 -4.96582 -0.0498047 -4.94482 -0.104492 -4.94043 0.236328 -1.89795 0.236328 -2.0918 0.236328 -2.14502 0.262207 -2.0918 0.262207 -2.14502 -0.107422 -4.78564 -0.0600586 -4.79004 -0.10791 -4.75977 -0.0620117 -4.76416 -0.015625 -4.77344 -3.84766 -2.99219 -3.80762 -3.03369 -3.82861 -2.97461 -3.78857 -3.01611 -3.79932 -3.021 -2.10547 -4.25488 -2.05322 -4.27832 -2.09424 -4.23145 -2.04199 -4.25488 -2.0498 -4.26367 0.262207 -3.87207 0.262207 -3.92725 0.236328 -3.87207 0.236328 -3.92725 0.236328 -3.86426 0.338867 -3.92725 -0.399902 -0.399902 -0.199707 -0.399902 -0.199707 -0.599609 0 -0.399902 0 -0.599609 0.199707 -0.599609 0.199707 -0.399902 0.399902 -0.399902 0.399902 -0.599609 0.599609 -0.599609 3 -0.699707 2.49951 -0.699707 2.49951 -0.671387 2 -0.699707 2 -0.671387 -5.20947 -1.16016 -5.19629 -1.19287 -5.18555 -1.15088 -5.17236 -1.18408 -5.10059 -1.15674 -5.01563 -1.08838 -5.11377 -1.12451 -5.20264 -1.18164 2.12451 -0.699707 2.12451 -0.671387 0.399902 2.3999 0.199707 2.3999 0.199707 2.59961 0 2.3999 0 2.59961 -0.199707 2.59961 -0.199707 2.3999 -0.399902 2.3999 -0.399902 2.59961 -0.599609 2.59961 1.67432 0.5 1.72168 0.643066 1.86475 0.5 1.86475 0.690918 2.00781 0.643066 2.05566 0.5 2.59326 -2.76953 2.59326 -2.82959 2.92334 -2.76953 2.92334 -2.82959 3.19336 -2.82959 2.87451 -0.671387 2.87451 -0.699707 3 -0.671387 0.338867 -3.87207 0.415527 -3.87207 3 -0.681152 3.12451 -0.699707 3.12451 -0.681152 3.49951 -0.680664 0.998047 2.59961 0.998047 2.3999 0.599609 2.59961 0.599609 2.3999 -0.799805 -0.599609 -0.799805 -0.399902 -0.599609 -0.599609 -0.599609 -0.399902 3.39355 -7.09961 3.39355 -7 3.19336 -7.09961 3.19336 -7 2.92334 -7 3 0.839355 3 0.879395 3.125 0.839355 3.125 0.879395 3.5 0.879395 3.39355 -5.22998 3.39355 -5.16992 3.19336 -5.22998 3.19336 -5.16992 2.92334 -5.16992 2.59326 -5.16992 2.59326 -5.22998 2.39355 -5.16992 2.39355 -5.22998 3.39355 -2.82959 3.39355 -2.76953 3.19336 -2.76953 11.0508 -8.4751 11.0508 -8.5874 10.6035 -8.47656 10.6035 -8.58887 10.1509 -8.5874 -5.02734 -1.12939 -5.04004 -1.09717 -5.00293 -1.12012 0.321777 -3.87109 0.998047 -0.599609 0.998047 -0.399902 0.599609 -0.399902 0.338867 -3.86719 0.441406 -3.86426 0.432617 -2.06299 0.268555 -2.0835 2.39355 -2.82959 2.39355 -2.76953 2.39355 -7.09961 2.59326 -7.09961 2.39355 -7 2.59326 -7 2.92334 -7.09961 -1 -3.10303 -0.874512 -3.10303 -1 -3 -0.874512 -3 -0.499023 -3.10303 -0.499512 -3 0 -3 -0.124512 -3 0 -3.10303 -0.124512 -3.10303 0.25 2 0.25 2.5 0.75 2 0.75 2.5 0.25 1.5 0.75 1.5 0.25 1 0.75 1 0.25 0.5 0.75 0.5 11.1997 -8.5874 11.1997 -8.47461 10 -8.47461 10.1509 -8.4751 10 -8.5874 -0.0625 -4.76953 -2.10205 -4.23926 -0.399902 -0.599609 0.399902 2.59961 -3.83887 -2.97949 -0.799805 2.59961 -0.799805 2.3999 -0.599609 2.3999 3.875 0.0166016 3.50049 0.0166016 3.875 0.0380859 3.50049 0.0380859 4 0.839355 3.875 0.839355 4 0.879395 3.875 0.879395 -5.00879 -1.10889 4 0.0166016 4 0.0380859 3.125 0.0380859 3.125 0.0166016 3 0.0380859 3 0.0166016 3.5 0.839355 0.415527 -3.92725 0.441406 -3.92725 0.441406 -3.87207 4 -0.699707 3.87451 -0.699707 4 -0.681152 3.87451 -0.681152 3.49951 -0.699707 2.92334 -5.22998 3.05908 -5.22998 2.73926 -7 2.89746 -5.16992 3.05908 -2.82959 2.89746 -2.76953 -3.8667 -3.08838 -3.90723 -3.04639 -2.14111 -4.32715 -2.08789 -4.35107 -0.0830078 -4.86963 -0.0444336 -4.87012 -0.0957031 -4.86572 -0.0385742 -4.92383 3.69971 -0.681152 0.338867 -1.98047 -0.699707 2.3999 0.798828 2.3999 -0.0996094 2.3999 0.5 2.3999 0.299805 2.3999 0.0996094 2.3999 0.798828 -0.399902 -0.0996094 -0.399902 0.299805 -0.399902 -0.699707 -0.399902 0.0996094 -0.399902 0.5 -0.399902 -2.14404 -4.33008 3.5 0.88623 11.1997 -8.53711 10.6016 -8.47559 10 -8.64355 10.6016 -8.58789 3.5 3 4 3 3 3 3.7002 0.0395508 3.15625 0.84668 3.95801 0.849121 3.5 0.0185547 -0.499512 -3.09863 -2.11133 -4.40039 -5.16797 -1.17871 -5.0127 -1.11914 -5.104 -1.14893 -3.91113 -3.04834 -3.90674 -3.12549 3.05908 -7.09961</float_array>
                    <technique_common>
                        <accessor count="281" source="#ID60" stride="2">
                            <param name="S" type="float"/>
                            <param name="T" type="float"/>
                        </accessor>
                    </technique_common>
                </source>
                <vertices id="ID61">
                    <input semantic="POSITION" source="#ID55"/>
                </vertices>
                <triangles count="448" material="Material1">
                    <input offset="0" semantic="VERTEX" source="#ID61"/>
                    <input offset="1" semantic="NORMAL" source="#ID57"/>
                    <input offset="2" semantic="TEXCOORD" source="#ID59" set="0"/>
                    <p>2 1 2 27 1 1 41 0 0 27 1 1 2 1 2 29 2 3 370 3 4 29 2 3 2 1 2 29 2 3 370 3 4 31 4 5 10 5 4 31 4 5 370 3 4 31 4 5 10 5 4 33 6 5 366 7 4 33 6 5 10 5 4 33 6 5 366 7 4 35 8 1 372 9 2 35 8 1 366 7 4 35 8 1 372 9 2 37 10 6 364 11 7 37 10 6 372 9 2 37 10 6 364 11 7 8 12 7 280 15 10 281 14 9 282 13 8 281 14 9 280 15 10 279 16 11 284 17 12 279 16 11 280 15 10 279 16 11 284 17 12 283 18 13 277 19 14 283 18 13 284 17 12 283 18 13 277 19 14 278 20 15 276 21 9 278 20 15 277 19 14 234 24 18 236 23 17 235 22 16 236 23 17 234 24 18 233 25 19 231 26 20 233 25 19 234 24 18 233 25 19 231 26 20 232 27 21 229 28 22 232 27 21 231 26 20 232 27 21 229 28 22 230 29 23 228 30 24 230 29 23 229 28 22 296 33 27 297 32 26 298 31 25 297 32 26 296 33 27 295 34 28 300 35 29 295 34 28 296 33 27 295 34 28 300 35 29 299 36 30 293 37 31 299 36 30 300 35 29 299 36 30 293 37 31 294 38 32 292 39 26 294 38 32 293 37 31 264 42 35 265 41 34 266 40 33 265 41 34 264 42 35 263 43 36 268 44 37 263 43 36 264 42 35 263 43 36 268 44 37 267 45 38 261 46 39 267 45 38 268 44 37 267 45 38 261 46 39 262 47 40 260 48 34 262 47 40 261 46 39 227 49 41 228 30 24 229 28 22 228 30 24 227 49 41 226 50 42 225 51 43 226 50 42 227 49 41 226 50 42 225 51 43 223 52 44 224 52 45 223 52 44 225 51 43 223 52 44 224 52 45 221 53 22 259 54 33 260 48 34 261 46 39 260 48 34 259 54 33 258 55 46 257 56 47 258 55 46 259 54 33 258 55 46 257 56 47 253 57 48 254 58 49 253 57 48 257 56 47 253 57 48 254 58 49 255 59 50 291 60 25 292 39 26 293 37 31 292 39 26 291 60 25 290 61 51 289 62 52 290 61 51 291 60 25 290 61 51 289 62 52 286 63 53 285 64 54 286 63 53 289 62 52 286 63 53 285 64 54 287 65 55 275 66 8 276 21 9 277 19 14 276 21 9 275 66 8 274 67 56 273 68 57 274 67 56 275 66 8 274 67 56 273 68 57 270 69 58 269 70 59 270 69 58 273 68 57 270 69 58 269 70 59 271 71 60 252 74 63 250 73 62 249 72 61 250 73 62 252 74 63 251 75 64 242 76 65 251 75 64 252 74 63 251 75 64 242 76 65 241 77 64 239 78 66 241 77 64 242 76 65 167 81 69 164 80 68 169 79 67 164 80 68 167 81 69 158 82 70 161 83 71 158 82 70 167 81 69 158 82 70 161 83 71 155 84 72 155 84 72 152 85 73 158 82 70 152 85 73 155 84 72 146 86 74 149 87 75 146 86 74 155 84 72 146 86 74 149 87 75 143 88 76 21 90 79 374 90 78 375 89 77 374 90 78 21 90 79 376 91 80 20 91 81 376 91 80 21 90 79 376 91 80 20 91 81 19 92 81 41 0 0 368 93 7 2 1 2 368 93 7 41 0 0 8 12 7 39 94 6 8 12 7 41 0 0 8 12 7 39 94 6 37 10 6 305 97 83 306 96 82 307 95 82 306 96 82 305 97 83 301 98 84 302 99 85 301 98 84 305 97 83 301 98 84 302 99 85 303 100 86 309 103 86 310 102 88 311 101 87 310 102 88 309 103 86 307 95 82 308 104 89 307 95 82 309 103 86 307 95 82 308 104 89 305 97 83 19 92 81 6 105 80 376 91 80 6 105 80 19 92 81 0 106 90 18 106 91 0 106 90 19 92 81 0 106 90 18 106 91 17 107 79 184 110 94 182 109 93 188 108 92 182 109 93 184 110 94 183 111 95 185 112 96 183 111 95 184 110 94 183 111 95 185 112 96 187 113 97 187 113 97 186 114 98 183 111 95 186 114 98 187 113 97 180 115 99 181 116 100 180 115 99 187 113 97 180 115 99 181 116 100 179 117 101 170 120 104 162 119 103 159 118 102 162 119 103 170 120 104 166 121 105 157 122 106 166 121 105 170 120 104 168 125 104 148 124 106 151 123 107 148 124 106 168 125 104 145 126 105 141 127 103 145 126 105 168 125 104 337 130 110 342 129 109 333 128 108 342 129 109 337 130 110 338 131 111 339 132 112 338 131 111 337 130 110 23 135 115 1 134 114 25 133 113 1 134 114 23 135 115 7 136 77 375 89 77 7 136 77 23 135 115 247 137 66 249 72 61 250 73 62 249 72 61 247 137 66 248 138 116 246 139 117 248 138 116 247 137 66 378 142 119 88 141 118 4 140 77 88 141 118 378 142 119 91 143 120 81 144 121 91 143 120 378 142 119 191 147 124 192 146 123 194 145 122 192 146 123 191 147 124 190 148 125 188 108 92 190 148 125 191 147 124 173 151 128 174 150 127 176 149 126 174 150 127 173 151 128 172 152 129 169 79 67 172 152 129 173 151 128 119 155 104 110 154 103 107 153 102 110 154 103 119 155 104 114 156 105 105 157 106 114 156 105 119 155 104 117 160 104 96 159 106 99 158 107 96 159 106 117 160 104 93 161 105 89 162 103 93 161 105 117 160 104 84 165 104 76 164 103 73 163 102 76 164 103 84 165 104 80 166 105 71 167 106 80 166 105 84 165 104 82 170 104 62 169 106 65 168 107 62 169 106 82 170 104 59 171 105 55 172 103 59 171 105 82 170 104 357 175 132 332 174 131 356 173 130 332 174 131 357 175 132 329 176 133 330 177 134 329 176 133 357 175 132 13 180 137 57 179 136 14 178 135 57 179 136 13 180 137 54 181 138 51 182 139 54 181 138 13 180 137 349 185 142 345 184 141 350 183 140 345 184 141 349 185 142 346 186 143 347 187 144 346 186 143 349 185 142 352 189 146 343 188 145 347 187 144 343 188 145 352 189 146 344 190 147 351 191 148 344 190 147 352 189 146 339 132 112 335 193 150 340 192 149 335 193 150 339 132 112 336 194 151 337 130 110 336 194 151 339 132 112 28 197 154 42 196 153 26 195 152 42 196 153 28 197 154 34 198 155 36 199 156 34 198 155 28 197 154 313 202 159 315 201 158 316 200 157 315 201 158 313 202 159 314 202 87 311 101 87 314 202 87 313 202 159 252 205 63 216 204 160 242 203 65 216 204 160 252 205 63 249 206 61 251 209 64 196 208 66 250 207 62 196 208 66 251 209 64 241 210 64 175 212 162 143 88 76 177 211 161 143 88 76 175 212 162 140 213 163 215 215 164 240 215 116 242 214 65 240 215 116 215 215 164 238 216 165 220 209 166 234 209 18 235 217 16 234 209 18 220 209 166 231 218 20 218 219 167 224 207 45 225 209 43 224 207 45 218 219 167 221 220 22 334 222 169 342 129 109 341 221 168 342 129 109 334 222 169 333 128 108 331 225 172 354 224 171 355 223 170 354 224 171 331 225 172 328 226 173 353 227 174 330 177 134 357 175 132 330 177 134 353 227 174 354 224 171 321 230 177 326 229 176 325 228 175 326 229 176 321 230 177 320 231 178 320 231 178 322 232 179 326 229 176 322 232 179 320 231 178 319 233 180 324 236 183 317 235 182 318 234 181 317 235 182 324 236 183 323 237 184 317 235 182 322 232 179 319 233 180 322 232 179 317 235 182 323 237 184 156 240 187 150 239 186 147 238 185 150 239 186 156 240 187 153 241 188 144 242 189 156 240 187 147 238 185 156 240 187 144 242 189 165 243 190 163 245 192 144 242 189 142 244 191 144 242 189 163 245 192 165 243 190 58 248 189 70 247 187 61 246 185 70 247 187 58 248 189 79 249 190 87 252 193 111 251 192 90 250 191 111 251 192 87 252 193 108 253 194 77 255 192 58 248 189 56 254 191 58 248 189 77 255 192 79 249 190 32 257 196 42 196 153 40 256 195 42 196 153 32 257 196 26 195 152 53 258 193 77 255 192 56 254 191 77 255 192 53 258 193 74 259 194 38 262 199 24 261 198 30 260 197 24 261 198 38 262 199 36 199 156 221 53 22 236 23 17 222 263 23 236 23 17 221 53 22 235 22 16 111 251 192 92 264 189 90 250 191 92 264 189 111 251 192 113 265 190 255 59 50 265 41 34 256 266 200 265 41 34 255 59 50 266 40 33 92 264 189 104 268 187 95 267 185 104 268 187 92 264 189 113 265 190 104 268 187 98 269 186 95 267 185 98 269 186 104 268 187 101 270 188 271 71 60 281 14 9 272 271 201 281 14 9 271 71 60 282 13 8 171 272 202 169 79 67 173 151 128 169 79 67 171 272 202 167 81 69 189 273 203 188 108 92 191 147 124 188 108 92 189 273 203 184 110 94 287 65 55 297 32 26 288 274 204 297 32 26 287 65 55 298 31 25 193 276 206 179 117 101 195 275 205 179 117 101 193 276 206 178 277 207 69 280 210 94 279 209 97 278 208 94 279 209 69 280 210 66 281 211 315 201 158 303 100 86 316 200 157 303 100 86 315 201 158 304 282 88 60 285 214 16 284 213 15 283 212 16 284 213 60 285 214 63 286 215 312 287 216 311 101 87 313 202 159 311 101 87 312 287 216 309 103 86 72 289 218 97 278 208 100 288 217 97 278 208 72 289 218 69 280 210 106 291 220 66 281 211 78 290 219 66 281 211 106 291 220 94 279 209 103 293 222 78 290 219 75 292 221 78 290 219 103 293 222 106 291 220 63 286 215 12 294 223 16 284 213 12 294 223 63 286 215 51 182 139 245 295 224 246 139 117 247 137 66 246 139 117 245 295 224 244 296 225 244 296 225 243 297 226 246 139 117 243 297 226 244 296 225 237 298 225 237 298 225 238 299 165 243 297 226 238 299 165 237 298 225 239 78 66 240 29 116 239 78 66 242 76 65 239 78 66 240 29 116 238 299 165 85 302 229 379 301 228 5 300 227 379 301 228 85 302 229 83 303 230 377 304 231 81 144 121 378 142 119 81 144 121 377 304 231 379 301 228 1 134 114 17 107 79 25 133 113 17 107 79 1 134 114 380 305 78 70 247 187 64 306 186 61 246 185 64 306 186 70 247 187 67 307 188 22 308 115 375 89 77 23 135 115 375 89 77 22 308 115 21 90 79 139 309 193 163 245 192 142 244 191 163 245 192 139 309 193 160 310 194 348 311 232 347 187 144 349 185 142 347 187 144 348 311 232 352 189 146 351 191 148 352 189 146 361 312 233 329 314 133 330 177 134 362 313 234 348 311 232 349 315 142 361 312 233 330 177 134 328 226 173 362 313 234 352 189 146 348 311 232 361 312 233 345 184 141 346 186 143 360 316 235 343 318 145 344 317 147 360 316 235 339 321 112 340 320 149 359 319 236 341 221 168 342 129 109 359 319 236 346 186 143 347 187 144 360 316 235 347 187 144 343 318 145 360 316 235 338 131 111 339 321 112 359 319 236 342 129 109 338 131 111 359 319 236 335 193 150 336 194 151 358 322 237 333 324 108 334 323 169 358 322 237 336 194 151 337 130 110 358 322 237 337 130 110 333 324 108 358 322 237 201 327 238 291 326 25 293 325 31 203 329 239 292 328 26 290 61 51 201 327 238 289 330 52 291 326 25 203 329 239 290 61 51 286 63 53 201 327 238 285 331 54 289 330 52 203 329 239 286 63 53 288 274 204 208 333 240 276 332 9 274 67 56 206 336 241 273 335 57 275 334 8 208 333 240 274 67 56 270 69 58 206 336 241 269 337 59 273 335 57 208 333 240 270 69 58 272 271 201 206 336 241 271 338 60 269 337 59 210 339 50 266 40 33 255 59 50 214 340 242 256 341 200 265 340 34 211 344 243 261 343 39 268 342 37 213 345 244 267 45 38 262 47 40 211 344 243 268 342 37 264 346 35 213 345 244 263 43 36 267 45 38 212 347 245 264 347 35 266 347 33 214 340 242 265 340 34 263 348 36 213 345 244 262 47 40 260 340 34 211 344 243 259 349 33 261 343 39 213 345 244 260 340 34 258 350 46 211 344 243 257 56 47 259 349 33 213 345 244 258 350 46 253 351 48 211 344 243 254 58 49 257 56 47 213 345 244 253 351 48 256 352 200 211 344 243 255 59 50 254 58 49 196 208 66 245 353 224 247 220 66 216 204 160 248 215 116 246 354 117 81 357 121 83 356 230 109 355 246 216 204 160 249 206 61 248 215 116 216 204 160 246 354 117 243 358 226 196 208 66 244 209 225 245 353 224 217 359 165 243 359 226 238 359 165 196 208 66 237 360 225 244 209 225 157 122 106 170 120 104 154 361 107 196 208 66 241 210 64 239 220 66 196 208 66 239 220 66 237 360 225 218 219 167 235 362 16 221 220 22 201 327 238 287 363 55 285 331 54 219 220 247 229 220 22 231 362 20 219 220 247 227 364 41 229 220 22 218 219 167 225 209 43 227 365 41 205 366 60 282 366 8 271 366 60 129 367 248 178 277 207 193 276 206 128 368 249 192 368 123 190 368 125 127 369 250 183 369 95 186 369 98 126 370 251 190 370 125 188 370 92 125 371 252 188 371 92 182 371 93 123 372 99 186 373 98 180 372 99 124 374 253 182 374 93 183 374 95 123 372 99 180 372 99 178 375 207 137 376 254 140 376 163 175 376 162 131 378 67 172 377 129 169 79 67 136 379 255 164 80 68 158 82 70 135 380 256 152 85 73 146 86 74 134 381 257 174 381 127 172 381 129 131 378 67 169 79 67 164 80 68 133 382 258 158 82 70 152 85 73 132 383 259 146 383 74 140 383 163 209 384 260 272 385 201 281 384 9 206 336 241 277 387 14 284 386 12 105 157 106 119 155 104 102 388 107 89 162 103 117 160 104 86 389 102 141 127 103 168 125 104 138 390 102 51 182 139 63 392 215 130 391 261 71 167 106 84 165 104 68 393 107 55 172 103 82 170 104 52 394 102 26 395 152 32 395 196 50 395 262 30 260 197 24 261 198 49 396 263 28 197 154 26 397 152 49 396 263 24 261 198 28 197 154 49 396 263 36 398 156 38 398 199 47 398 264 40 256 195 42 196 153 46 399 265 34 401 155 36 400 156 46 399 265 42 196 153 34 401 155 46 399 265 63 392 215 60 402 214 130 391 261 57 179 136 54 181 138 130 391 261 54 181 138 51 182 139 130 391 261 11 405 267 371 404 267 120 403 266 354 224 171 328 226 173 330 177 134 367 406 267 11 406 267 122 406 267 369 408 268 9 407 268 121 407 268 3 410 266 369 409 268 120 403 266 373 411 266 367 412 267 120 411 266 9 407 268 365 413 268 121 407 268 371 404 267 3 410 266 120 403 266 365 414 268 373 411 266 120 411 266 75 292 221 78 290 219 118 415 269 13 418 137 14 417 135 115 416 270 66 281 211 69 419 210 118 415 269 16 284 213 12 294 223 115 416 270 379 301 228 83 303 230 81 144 121 69 419 210 72 420 218 118 415 269 15 283 212 16 284 213 116 421 271 78 290 219 66 281 211 118 415 269 12 294 223 13 418 137 115 416 270 94 279 209 106 423 220 112 422 272 106 423 220 103 424 222 112 422 272 100 288 217 97 278 208 112 422 272 97 278 208 94 279 209 112 422 272 83 356 230 85 425 229 109 355 246 88 427 118 91 426 120 109 355 246 91 426 120 81 357 121 109 355 246 206 336 241 275 334 8 277 387 14 208 333 240 283 429 13 278 428 15 206 336 241 284 386 12 280 430 10 143 88 76 140 213 163 146 86 74 179 117 101 178 277 207 180 115 99 325 228 175 326 229 176 327 431 273 322 232 179 323 237 184 327 431 273 323 237 184 324 236 183 327 431 273 326 229 176 322 232 179 327 431 273 208 333 240 279 432 11 283 429 13 29 29 3 31 433 5 44 433 5 39 29 6 41 29 0 43 29 1 23 138 115 25 138 113 48 138 79 18 138 91 19 138 81 48 138 79 19 138 81 20 138 81 48 138 79 27 29 1 29 29 3 43 29 1 51 182 139 13 180 137 12 294 223 25 138 113 17 138 79 48 138 79 17 138 79 18 138 91 48 138 79 35 8 1 37 10 6 43 434 1 33 6 5 35 8 1 43 434 1 20 138 81 21 138 79 48 138 79 21 138 79 22 138 115 48 138 79 31 433 5 33 435 5 44 433 5 37 436 6 39 436 6 45 436 6 36 199 156 28 197 154 24 261 198 22 138 115 23 138 115 48 138 79 196 208 66 247 220 66 250 207 62 41 29 0 27 29 1 43 29 1 221 53 22 222 263 23 223 52 44 207 437 274 280 437 10 282 437 8 209 384 260 281 384 9 279 438 11 208 333 240 278 428 15 276 332 9 253 57 48 255 59 50 256 266 200 197 440 275 316 439 157 303 100 86 199 442 276 313 442 159 316 441 157 199 442 276 312 443 216 313 442 159 270 69 58 271 71 60 272 271 201 198 445 277 309 103 86 312 444 216 198 445 277 308 104 89 309 103 86 197 440 275 305 97 83 308 104 89 286 63 53 287 65 55 288 274 204 197 440 275 302 99 85 305 97 83 197 440 275 303 100 86 302 99 85 200 446 55 298 446 25 287 446 55 204 447 278 288 448 204 297 447 26 201 327 238 293 325 31 300 35 29 301 98 84 303 100 86 304 282 88 203 329 239 299 450 30 294 449 32 201 327 238 300 35 29 296 33 27 203 329 239 295 451 28 299 450 30 202 452 279 296 452 27 298 452 25 204 447 278 297 447 26 295 453 28 203 329 239 294 449 32 292 328 26 353 227 174 357 175 132 363 454 280 355 456 170 354 455 171 363 454 280 357 175 132 356 173 130 363 454 280 354 455 171 353 227 174 363 454 280 332 457 131 329 314 133 362 313 234 328 226 173 331 225 172 362 313 234 349 315 142 350 458 140 361 312 233 0 106 90 17 107 79 380 305 78</p>
                </triangles>
            </mesh>
        </geometry>
        <geometry id="ID63">
            <mesh>
                <source id="ID64">
                    <float_array id="ID65" count="60">1279.29 775 -2613.38 1091.28 775 -2548.65 1094.76 775 -2349.9 1284.76 775 -2291.63 1399.02 775 -2454.37 1335.77 775 -2374.38 1190.01 775 -2324.14 1097.02 775 -2447.4 1185.54 775 -2573.89 1333.28 775 -2528.63 1373.52 775 -2454.13 1281.52 775 -2416.13 1276.51 775 -2315.63 1212.52 775 -2392.14 1115.02 775 -2365.15 1168.52 775 -2450.65 1112.03 775 -2534.15 1210.53 775 -2510.39 1271.79 775 -2589.14 1280.28 775 -2488.88</float_array>
                    <technique_common>
                        <accessor count="20" source="#ID65" stride="3">
                            <param name="X" type="float"/>
                            <param name="Y" type="float"/>
                            <param name="Z" type="float"/>
                        </accessor>
                    </technique_common>
                </source>
                <source id="ID66">
                    <float_array id="ID67" count="3">0 1 -0</float_array>
                    <technique_common>
                        <accessor count="1" source="#ID67" stride="3">
                            <param name="X" type="float"/>
                            <param name="Y" type="float"/>
                            <param name="Z" type="float"/>
                        </accessor>
                    </technique_common>
                </source>
                <source id="ID68">
                    <float_array id="ID69" count="40">0.648926 0.61084 0.992188 0.5 0.919922 0.5 0.648926 0.389648 0.626465 0.405762 0.625488 0.0957031 0.446777 0.347168 0.438477 0.321289 0.149902 0.25 0.0917969 0.20752 0.308594 0.5 0.335449 0.5 0.149902 0.750488 0.446777 0.65332 0.438477 0.679199 0.625488 0.904785 0.647949 0.973633 0.626465 0.594727 0.647949 0.0268555 0.0917969 0.792969</float_array>
                    <technique_common>
                        <accessor count="20" source="#ID69" stride="2">
                            <param name="S" type="float"/>
                            <param name="T" type="float"/>
                        </accessor>
                    </technique_common>
                </source>
                <vertices id="ID70">
                    <input semantic="POSITION" source="#ID64"/>
                </vertices>
                <triangles count="28" material="Material1">
                    <input offset="0" semantic="VERTEX" source="#ID70"/>
                    <input offset="1" semantic="NORMAL" source="#ID66"/>
                    <input offset="2" semantic="TEXCOORD" source="#ID68" set="0"/>
                    <p>10 0 2 4 0 1 9 0 0 4 0 1 10 0 2 5 0 3 11 0 4 5 0 3 10 0 2 5 0 3 11 0 4 12 0 5 13 0 6 12 0 5 11 0 4 12 0 5 13 0 6 6 0 7 14 0 8 6 0 7 13 0 6 6 0 7 14 0 8 2 0 9 7 0 10 2 0 9 14 0 8 15 0 11 7 0 10 14 0 8 7 0 10 15 0 11 16 0 12 17 0 13 16 0 12 15 0 11 16 0 12 17 0 13 8 0 14 18 0 15 8 0 14 17 0 13 8 0 14 18 0 15 0 0 16 9 0 0 0 0 16 18 0 15 13 0 6 15 0 11 14 0 8 15 0 11 13 0 6 17 0 13 11 0 4 17 0 13 13 0 6 17 0 13 11 0 4 19 0 17 10 0 2 19 0 17 11 0 4 19 0 17 10 0 2 9 0 0 3 0 18 12 0 5 6 0 7 12 0 5 3 0 18 5 0 3 1 0 19 16 0 12 8 0 14 16 0 12 1 0 19 7 0 10 18 0 15 19 0 17 9 0 0 19 0 17 18 0 15 17 0 13</p>
                </triangles>
            </mesh>
        </geometry>
        <geometry id="ID72">
            <mesh>
                <source id="ID73">
                    <float_array id="ID74" count="1881">-953.651 3714.25 2036.25 -3382.54 792.75 -1741.48 -963.402 3721.5 2056.5 -3423.04 792.75 -1699.73 -966.903 3744.5 2063.25 -3305.55 792.75 -1669.72 -963.402 3767.25 2056.5 -3334.55 792.75 -1616.72 -953.651 3774.75 2036.25 -3468.74 816 -2224.49 -943.649 3767 2015.75 -3506.26 816 -2065.74 -940.398 3744.5 2009 -3504.27 816 -1916.74 -943.649 3721.75 2015.75 -3479.53 816 -1802.49 -157.668 3722 2219.08 -3418.29 816 -1704.73 -157.167 3744.5 2211.83 -3331.3 815.75 -1622.97 -157.668 3766.75 2219.08 -3405.23 816.5 -2392.48 -158.92 3774.25 2241.58 -3410.73 792.75 -2396.23 -160.172 3767 2263.83 145.849 719.75 -3180.14 145.849 719.75 -3180.14 -160.423 3744.5 2271.08 27.6035 719.75 -3227.9 27.6035 719.75 -3227.9 -160.172 3722 2263.83 157.352 750.25 -3208.14 157.352 750.25 -3208.14 -158.92 3714.75 2241.58 166.354 743.5 -3229.89 166.354 743.5 -3229.89 -171.92 3714.75 2239.83 47.8583 743.5 -3277.65 47.8583 743.5 -3277.65 -173.672 3722 2262.08 39.1062 750.25 -3255.9 39.1062 750.25 -3255.9 -174.173 3744.5 2269.33 148.35 743.5 -3186.39 148.35 743.5 -3186.39 -173.672 3767 2262.08 30.3541 743.5 -3234.15 30.3541 743.5 -3234.15 -171.92 3774.25 2239.83 168.854 719.75 -3236.14 168.854 719.75 -3236.14 -170.168 3766.75 2217.33 50.3589 719.75 -3283.9 50.3589 719.75 -3283.9 -169.667 3744.5 2210.08 486.339 692.75 -3072.36 -170.168 3722 2217.33 930.311 692.75 -2780.07 -0.383271 3774.25 1855.84 477.087 685.5 -3051.61 -22.6333 3767 1855.84 914.309 685.5 -2764.07 -30.1333 3744.5 1855.84 498.341 662.75 -3099.36 -22.6333 3722 1855.84 256.351 662.75 -3201.13 256.351 662.75 -3201.13 -0.383271 3714.75 1855.84 474.336 662.75 -3045.36 21.8667 3722 1855.85 908.309 662.75 -2759.57 29.3667 3744.5 1855.85 949.563 662.75 -2802.56 21.8667 3767 1855.85 1006.05 718.25 -2678.81 -0.309011 3774.25 1080.34 495.591 686 -3092.86 -22.559 3767 1080.34 253.6 686.5 -3194.88 253.6 686.5 -3194.88 -30.059 3744.5 1080.34 244.348 693.25 -3172.88 244.348 693.25 -3172.88 -22.559 3722 1080.34 945.562 686 -2796.57 -0.309011 3714.75 1080.34 1029.8 749.25 -2698.06 21.941 3722 1080.35 1012.3 742.25 -2682.06 29.441 3744.5 1080.35 235.346 686.5 -3150.88 235.346 686.5 -3150.88 21.941 3767 1080.35 232.596 662.75 -3144.63 232.596 662.75 -3144.63 -2984.31 1597.75 -1468.94 1046.05 742.25 -2715.06 -3064.81 1582.25 -1506.7 1049.56 718.5 -2721.06 -2994.07 1604.75 -1448.19 959.755 738.25 -2202.06 -3080.81 1582.25 -1489.2 963.759 738.25 -2235.56 -3345.86 1657.75 -966.476 1160.51 702.25 -2235.04 -3240.37 1657.75 -932.966 1179.26 702.25 -2271.04 -3351.87 1650.75 -943.977 1136.26 702.25 -2257.8 -3246.62 1651 -911.716 1149.51 702.25 -2286.55 -3147.62 1657.75 -927.457 1106.76 738.25 -2230.8 1106.76 738.25 -2230.8 1106.76 738.25 -2230.8 -3146.37 1651.25 -907.207 1126.51 738.25 -2243.3 1126.51 738.25 -2243.3 1126.51 738.25 -2243.3 -2970.81 1627.5 -1494.94 1138.01 738.25 -2258.55 -3043.56 1627 -1529.7 1151.76 738.25 -2287.8 -2974.56 1604.25 -1488.69 1113.25 738.25 -2198.05 1113.25 738.25 -2198.05 1113.25 738.25 -2198.05 -3061.31 1582.25 -1530.2 1143.26 738.25 -2215.05 1143.26 738.25 -2215.05 1143.26 738.25 -2215.05 -3102.81 1626 -1550.45 1162.26 738.25 -2235.79 -3103.31 1581.75 -1551.2 1181.51 738.25 -2272.29 -3119.56 1581.75 -1532.7 961.757 745.5 -2218.81 -3119.31 1626 -1532.7 964.509 720.25 -2241.06 -3068.81 1627 -1475.45 959.255 720.25 -2196.56 -2996.57 1627.5 -1441.44 1148.51 695 -2245.8 -2876.85 1627.75 -1089.43 1164.51 695 -2278.29 -2845.84 1627.75 -1203.93 1056.01 720.25 -2231.8 -2903.59 1627.75 -1206.93 1055.26 738.25 -2226.3 -2929.6 1627.75 -1115.44 1087.76 720.25 -2232.3 -2855.08 1627.75 -1320.43 1087.76 738.25 -2226.3 -2908.83 1627.75 -1296.18 1105.51 720.25 -2236.55 1105.51 720.25 -2236.55 -2889.57 1627.75 -1416.93 1122.76 720.25 -2248.3 1122.76 720.25 -2248.3 -2934.57 1627.75 -1378.69 1133.01 720.25 -2262.05 -2961.36 1627.75 -1003.94 1145.76 720.25 -2289.8 -3004.86 1627.75 -1043.69 1053.76 745.5 -2209.3 -3046.37 1627.75 -939.447 1052 738.25 -2192.55 -3068.61 1627.75 -992.949 1088.01 745.5 -2208.8 -3145.87 1627.75 -900.707 1088.25 738.25 -2192.8 -3149.11 1627.75 -955.957 1110.26 745.5 -2213.3 -3353.62 1627.75 -936.977 1135.76 745.5 -2228.05 -3248.62 1627.75 -904.967 1151.01 745.5 -2246.8 -3231.86 1627.75 -961.715 1167.51 745.5 -2280.04 -3338.36 1627.75 -995.475 1051.75 720.25 -2187.05 -3104.06 1582.25 -1491.7 1088.25 720.25 -2187.3 -3103.56 1626.25 -1491.7 1113.75 720.25 -2193.05 1113.75 720.25 -2193.05 -3065.56 1650.75 -1481.7 1145.26 720.25 -2210.55 1145.26 720.25 -2210.55 -3100.31 1650.75 -1497.95 1165.26 720.25 -2231.79 1165.26 720.25 -2231.79 -3055.81 1657.75 -1502.45 1185.26 720.25 -2269.29 1185.26 720.25 -2269.29 -3090.31 1658 -1518.95 -197.134 792.75 -3359.67 -3046.31 1650.75 -1523.2 -199.134 816.5 -3352.92 -3080.56 1650.75 -1539.7 -205.637 823.25 -3330.68 -3077.81 1626.25 -1546.2 -212.139 816.25 -3308.18 -2983.56 1657.75 -1468.69 -213.889 792.75 -3301.43 -2973.81 1651 -1488.69 7.60454 756.5 -3238.4 7.60454 756.5 -3238.4 -2993.57 1650.5 -1447.69 24.1094 756.5 -3288.65 24.1094 756.5 -3288.65 -3109.06 827.75 -1558.95 -3109.06 827.75 -1558.95 -2902.35 1657.75 -1102.18 -57.1431 818.5 -3262.91 -3136.81 827.75 -1511.96 -3136.81 827.75 -1511.96 -2883.1 1651.25 -1092.68 -0.894217 811.75 -3251.41 -3214.56 816.5 -1553.96 -3214.56 816.5 -1553.96 -2852.59 1651.25 -1204.43 9.35887 811.75 -3283.65 -3190.05 816.5 -1595.71 -3190.05 816.5 -1595.71 -2873.34 1657.75 -1205.68 -42.3888 818.5 -3307.91 -3078.81 790 -1547.2 -2896.59 1650.5 -1206.93 -23.6449 718.75 -3244.41 -3102.06 788.75 -1559.95 -3102.06 788.75 -1559.95 -2923.35 1650.25 -1112.44 8.60413 718 -3234.15 8.60413 718 -3234.15 -3078.81 830 -1547.2 -2861.33 1651 -1317.68 -23.6449 758.75 -3244.41 -3104.81 790 -1491.95 -3104.81 790 -1491.95 -2880.83 1657.75 -1309.18 -13.3921 825.75 -3273.41 -3104.81 830 -1491.95 -2902.33 1650.5 -1299.43 -20.8943 818.75 -3250.91 -3140.81 789.25 -1509.71 -3140.81 789.25 -1509.71 -2894.82 1651 -1412.43 10.6071 818.75 -3265.4 -3180.31 790 -1529.21 -2911.57 1657.75 -1398.68 -6.13996 818.75 -3295.91 -3176.81 816.75 -1535.21 -2929.57 1650.25 -1383.44 -49.891 823.5 -3285.41 -3218.06 792.75 -1547.96 -3218.06 792.75 -1547.96 -2982.36 1657.75 -1022.94 -4.38929 718.75 -3302.91 -3165.56 823.5 -1555.96 -2966.36 1651 -1008.44 -4.38929 758.75 -3302.91 -3131.31 835 -1538.71 -3131.31 835 -1538.71 -2999.36 1650.5 -1038.94 27.6096 718 -3291.4 27.6096 718 -3291.4 -3155.3 816.75 -1577.21 -3057.11 1657.75 -965.198 22.6067 763.75 -3261.4 22.6067 763.75 -3261.4 -3202.3 823.25 -1574.71 -3202.3 823.25 -1574.71 -3048.86 1651 -945.698 -23.6449 792.75 -3244.41 -23.6449 792.75 -3244.41 -3152.55 790 -1583.46 -3066.11 1650.5 -986.449 3.60497 793.5 -3242.91 3.60497 793.5 -3242.91 -3186.55 792.75 -1601.71 -3186.55 792.75 -1601.71 -3148.86 1650.5 -949.457 17.3569 793 -3263.15 17.3569 793 -3263.15 -3078.81 869.5 -1547.2 -3078.81 869.5 -1547.2 -3234.11 1650.5 -954.965 18.3593 793.5 -3287.65 18.3593 793.5 -3287.65 -3103.06 869.5 -1550.95 -3103.06 869.5 -1550.95 -3340.11 1650.5 -988.475 -4.38931 792.75 -3302.66 -4.38931 792.75 -3302.66 -3119.31 869.5 -1532.7 -3119.31 869.5 -1532.7 -3123.56 1581.75 -1508.45 -59.3937 792.75 -3256.41 -3123.31 869.5 -1508.2 -3123.31 869.5 -1508.2 -3122.81 1626 -1508.7 -40.3882 792.75 -3314.41 -3104.81 869.5 -1491.95 -3104.81 869.5 -1491.95 -3113.81 1644.25 -1511.95 213.847 692.25 -3157.64 213.847 692.25 -3157.64 -3060.31 830 -1530.7 -3112.81 1650.75 -1529.45 233.851 692.25 -3206.38 233.851 692.25 -3206.38 -3060.31 790 -1530.7 -3099.81 1644.25 -1541.45 198.848 738.25 -3173.89 -3080.56 830 -1487.95 -3077.81 1582.25 -1546.45 211.851 738.25 -3205.39 -3080.56 790 -1487.95 -3399.36 1641.5 -1017.23 177.598 662.75 -3168.64 -3060.31 869.5 -1530.7 -3060.31 869.5 -1530.7 -3405.36 1648.25 -993.982 214.596 662.75 -3153.14 214.596 662.75 -3153.14 -3080.56 869.5 -1487.95 -3080.56 869.5 -1487.95 -3397.86 1617.75 -1023.98 176.848 694.5 -3168.64 15.5779 3728.25 2261.35 -3412.61 1617.75 -964.232 188.101 750.75 -3196.64 21.8324 3722 2214.1 -3411.11 1641.5 -970.982 179.098 743.5 -3174.64 -30.1677 3720 2215.09 -3061.31 1604.75 -1530.2 211.85 745.25 -3186.89 -31.1727 3722 2267.59 -3064.81 1598.25 -1506.7 197.103 743.5 -3218.64 -1986.31 3721.75 1103.15 -3080.81 1604.75 -1489.2 200.353 662.75 -3224.14 -1947.06 3722 1081.41 -3119.06 1260.25 -1532.45 199.603 694.5 -3224.64 -2067.78 3722 826.646 -3119.06 1451.5 -1532.45 237.352 662.75 -3209.13 237.352 662.75 -3209.13 -2109.54 3722 843.142 -3122.56 1260.25 -1508.7 230.599 699.5 -3179.38 230.599 699.5 -3179.38 -1442.12 3721.5 1758.71 -3122.56 1451.5 -1508.7 175.848 719 -3168.39 175.848 719 -3168.39 -1413.12 3721.75 1723.71 -3118.81 1058.5 -1532.45 202.598 719.5 -3164.89 202.598 719.5 -3164.89 -691.163 3721.75 2164.78 -3122.31 1058.5 -1508.7 218.349 719.5 -3184.38 218.349 719.5 -3184.38 -677.159 3722 2122.03 -3123.56 1562 -1508.45 220.602 719.5 -3209.13 220.602 719.5 -3209.13 21.8324 3767 2214.1 -3119.56 1562 -1532.7 199.353 719 -3225.39 199.353 719 -3225.39 15.5779 3760.75 2261.35 -3079.06 1058.5 -1546.7 -30.1677 3769 2215.09 -3061.31 1058.5 -1530.45 -31.1727 3767 2267.59 -3104.81 1260.25 -1492.45 -1986.31 3767 1103.15 -3104.56 1451.5 -1492.45 -1947.06 3766.75 1081.41 -3081.06 1260.25 -1488.95 -2067.78 3767 826.646 -3080.81 1451.75 -1489.2 -2109.54 3767 843.142 -3078.81 1451.5 -1546.7 -1413.12 3767 1723.71 -3079.06 1260.25 -1546.7 -1442.12 3767.25 1758.71 -3061.31 1451.75 -1530.2 -677.159 3766.75 2122.03 -3061.31 1260.25 -1530.45 -691.163 3767 2164.78 -3104.56 1058.5 -1492.45 -1.92042 3774.5 2243.84 -3080.81 1058.5 -1488.95 22.0796 3767.25 2243.35 -3104.81 1562 -1491.95 -1.16765 3774.5 2214.84 -3080.81 1562.25 -1489.2 -30.4205 3774.5 2244.34 -3078.56 1562 -1546.95 -2.17272 3767.25 2267.84 -3061.31 1562.25 -1530.2 -0.385234 3774.25 1876.34 -3064.56 1058.5 -1506.7 -22.6352 3767 1876.34 -3064.31 869.5 -1506.45 21.8648 3767 1876.35 -3064.81 1260.25 -1506.7 -1814.58 3774.25 1331.67 -3064.81 1452 -1506.7 -1796.33 3766.75 1318.67 -3064.81 1562.75 -1506.7 -1832.83 3767 1344.67 -3102.56 1058.5 -1549.95 -1197.89 3774.75 1909.48 -3102.81 1451.5 -1550.2 -1185.64 3767 1890.48 -3102.81 1260.25 -1550.2 -1210.14 3767.25 1928.73 -3103.31 1562 -1551.2 -1966.81 3774.25 1092.41 -4692.3 1641.5 -1625.85 -2088.79 3774.25 834.894 -4702.05 1648.25 -1604.36 -1427.62 3774.75 1741.21 -4689.3 1617.75 -1632.1 -684.161 3774.25 2143.53 -4712.05 1641.5 -1582.86 -408.918 3774.25 2214.81 -4715.05 1617.75 -1576.61 -404.416 3766.75 2192.56 -4026.08 1641.5 -1261.29 -413.17 3767 2236.8 -4017.58 1648.25 -1283.29 -1.92042 3714.5 2243.84 -4028.59 1617.75 -1254.79 -2.17272 3721.75 2267.84 -4006.58 1617.75 -1311.79 -30.4205 3714.5 2244.34 -4008.83 1641.5 -1305.29 -1.16765 3714.5 2214.84 -3420.36 1648.25 -1000.98 22.0796 3721.75 2243.35 -4006.08 1648.25 -1278.04 -0.385234 3714.75 1876.34 -3414.61 1641.5 -1024.23 21.8648 3722 1876.35 -3997.33 1641.5 -1300.04 -22.6352 3722 1876.34 -3413.11 1617.75 -1030.98 -1814.58 3714.75 1331.67 -3995.08 1617.75 -1306.54 -1832.83 3721.75 1344.67 -3427.61 1617.75 -971.234 -1796.33 3722 1318.67 -3426.11 1641.5 -977.984 -1197.89 3714.25 1909.48 -4014.59 1641.5 -1255.79 -1210.14 3721.5 1928.73 -4016.84 1617.75 -1249.54 -1185.64 3721.75 1890.48 -613.128 822.75 -3416.46 -1966.81 3714.75 1092.41 -616.381 815.5 -3393.96 -2088.79 3714.75 834.894 -95.1419 816.5 -3275.41 -95.1419 816.5 -3275.41 -1427.62 3714.25 1741.21 -87.8898 823.5 -3297.91 -87.8898 823.5 -3297.91 -684.161 3714.75 2143.53 -1146.13 815.5 -3405.02 -408.918 3714.75 2214.81 -1150.13 822.75 -3427.52 -413.17 3721.75 2236.8 -617.381 792.75 -3387.21 -404.416 3722 2192.56 -97.3925 792.75 -3268.92 -97.3925 792.75 -3268.92 29.3296 3744.5 2243.35 -1144.63 792.75 -3398.27 29.3324 3744.5 2214.1 -608.626 792.75 -3445.71 21.8273 3744.5 2267.6 -1155.87 792.75 -3456.27 -2.17342 3744.5 2275.09 -1425.38 792.75 -3405.04 -31.1734 3744.5 2275.09 -80.3876 816.75 -3320.41 -80.3876 816.75 -3320.41 -30.1352 3744.5 1876.34 -609.876 815.75 -3438.71 29.3648 3744.5 1876.35 -1154.38 815.75 -3449.52 -1790.58 3744.5 1314.42 -1416.38 823.25 -3376.79 -1838.83 3744.5 1349.17 -1410.13 816.5 -3354.29 -1181.64 3744.5 1884.23 -1423.13 816.5 -3398.79 -1214.39 3744.5 1934.98 -78.387 792.75 -3326.91 -78.387 792.75 -3326.91 -1992.81 3744.5 1106.65 -1408.14 792.75 -3347.79 -1940.56 3744.5 1077.91 -1708.39 822.75 -3321.57 -41.6677 3744.5 2215.34 -1699.39 815.5 -3301.07 -41.9184 3722.25 2222.59 -1434.13 816.5 -3349.79 -41.9184 3766.75 2222.59 -1440.63 823.25 -3372.29 -33.6673 3744.5 2211.09 -2285.66 822.75 -3098.12 -2061.03 3744.5 823.897 -2272.41 815.5 -3079.37 -2116.29 3744.5 845.892 -1696.64 792.75 -3295.07 -1408.37 3744.5 1717.96 -1432.14 792.75 -3343.29 -1446.87 3744.5 1764.46 -2268.16 792.75 -3073.87 -674.908 3744.5 2115.28 -1720.14 792.75 -3348.32 -693.414 3744.5 2171.53 -2302.91 792.75 -3122.88 -403.165 3744.5 2185.56 -2594.17 792.75 -2970.4 -414.67 3744.5 2244.05 -1447.38 816.5 -3394.04 29.3337 3744.5 2200.6 -1717.14 815.75 -3341.82 21.8337 3722 2200.6 -2298.66 815.75 -3116.88 21.8337 3767 2200.6 -2575.42 823.25 -2946.15 -0.666355 3774.25 2201.34 -2561.18 816.5 -2927.15 -23.1665 3766.75 2202.59 -2589.92 816.5 -2964.9 -0.666355 3714.75 2201.34 -1449.63 792.75 -3400.29 -23.1665 3722.25 2202.59 -2556.93 792.75 -2921.65 -30.1665 3744.5 2202.84 -2892.94 822.75 -2779.93 -43.4205 3774.25 2245.09 -2877.94 815.5 -2762.43 -44.1727 3767 2267.59 -2587.43 816.5 -2912.9 -43.4205 3714.75 2245.09 -2601.42 823.25 -2932.15 -44.1727 3722 2267.59 -3378.98 823.25 -2397.73 -44.1734 3744.5 2275.09 -3358.98 816.5 -2384.23 -2112.28 3774.5 768.392 -2873.44 792.75 -2757.18 -2133.28 3767.25 776.39 -2583.18 792.75 -2907.4 -2140.03 3744.5 778.889 -3352.98 792.75 -2380.48 -2133.28 3721.75 776.39 -2911.94 792.75 -2802.93 -2112.28 3714.5 768.392 -2615.42 816.5 -2951.16 -2091.03 3722 760.394 -2907.44 815.75 -2797.43 -2084.03 3744.5 757.895 -3398.22 816.5 -2410.73 -2091.03 3767 760.394 -2619.67 792.75 -2956.41 -1608.6 3721.75 1539.19 -3404.22 792.75 -2414.23 -1603.35 3744.5 1533.94 -3427.24 815.5 -2209.73 -1608.6 3767 1539.19 -3448.49 822.75 -2217.24 -1625.1 3774.75 1554.94 -3365.73 816.5 -2367.98 -1641.36 3767.25 1570.44 -3385.98 823.25 -2380.48 -1646.86 3744.5 1575.69 -3484.26 822.75 -2064.49 -1641.36 3721.5 1570.44 -3461.26 815.5 -2063.24 -1625.1 3714.25 1554.94 -3483.77 822.75 -1921.74 -1637.1 3714.75 1540.44 -3461.77 815.5 -1927.24 -1653.6 3721.75 1555.44 -3460.78 822.75 -1813.49 -1658.85 3744.5 1560.44 -3440.53 815.5 -1825.49 -1653.6 3767 1555.44 -3403.29 822.75 -1719.98 -1637.1 3774.25 1540.44 -3387.29 815.5 -1736.48 -1620.35 3766.75 1525.19 -3320.3 822.75 -1642.72 -1615.1 3744.5 1520.44 -3309.05 815.5 -1663.47 -1620.35 3722 1525.19 -3420.74 792.75 -2207.23 -928.149 3722 2023.76 -3359.73 792.75 -2363.98 -925.149 3744.5 2017.26 -3454.01 792.75 -2062.74 -928.149 3766.75 2023.76 -3474.99 792.75 -2226.99 -937.651 3774.25 2044.25 -3513.26 792.75 -2066.24 -946.903 3767 2064.5 -3455.02 792.75 -1929.24 -949.904 3744.5 2071.25 -3511.02 792.75 -1914.99 -946.903 3721.75 2064.5 -3434.53 792.75 -1829.23 -937.651 3714.75 2044.25 -3485.78 792.75 -1798.99</float_array>
                    <technique_common>
                        <accessor count="627" source="#ID74" stride="3">
                            <param name="X" type="float"/>
                            <param name="Y" type="float"/>
                            <param name="Z" type="float"/>
                        </accessor>
                    </technique_common>
                </source>
                <source id="ID75">
                    <float_array id="ID76" count="1860">-0.441172 0.271021 0.855521 -0.388912 0.692554 0.607549 -0.38577 0.288407 0.876358 -0.268331 0.706964 0.65437 -0.201053 0.292116 0.935011 -0.0922887 0.702233 0.70594 0.0905844 0.272762 0.957808 0.174404 0.61667 0.76766 0.432095 0.269958 0.860475 0.368418 0.695831 0.616512 0.617151 0.273875 0.737643 0.479527 0.697072 0.533052 0.7855 0.285704 0.548965 0.624917 0.710082 0.324441 0.949348 0.279017 0.144529 0.711265 0.701463 0.0453014 0.947906 0.275995 -0.15906 0.698121 0.696749 -0.164825 0.843873 0.283663 -0.455427 0.581192 0.704581 -0.407162 0.564139 0.140785 -0.813589 0.387295 0.704725 -0.594445 0.43184 0.0312946 -0.901407 0.271062 0.776039 -0.569464 0.121178 0.6847 -0.718681 0.0029819 0.999995 0.00016655 -0.12444 0.990346 -0.0610756 -0.481667 0.68497 0.546638 -0.637344 0.708686 -0.302584 -0.766632 0.569614 0.296336 -0.917111 0.21022 0.338696 -0.408809 0.0412597 0.911687 -0.423955 0.0442351 0.904602 -0.0139592 -0.464432 0.885499 -0.48804 0.048692 0.871462 -0.300844 -0.710288 0.636384 -0.301701 0.704056 0.64287 -0.441452 0.704489 0.555711 -0.77904 0.283687 0.559123 -0.630436 0.708258 0.31768 -0.934561 0.284522 0.213641 -0.700951 0.705918 0.101721 -0.955831 0.289721 -0.0494779 -0.69883 0.705926 -0.115349 -0.860216 0.292152 -0.417943 -0.568471 0.711012 -0.413887 -0.640293 0.293472 -0.709858 -0.457237 0.704638 -0.542604 -0.532011 0.29251 -0.794608 -0.345997 0.695569 -0.629659 -0.248575 0.281071 -0.926936 -0.0870933 0.61959 -0.780079 0.139792 0.288841 -0.947116 0.144538 0.705206 -0.694113 0.333603 0.293863 -0.895742 0.192432 0.77615 -0.600467 0.0303842 0.00164041 -0.999537 -0.141541 0.000561337 -0.989932 0.0247717 0.577643 -0.815914 -0.213093 0.756997 -0.617695 -4.47045e-005 0.999991 -0.00412767 -0.00971173 0.999938 -0.00546558 -0.0117453 0.709542 0.704565 -0.0677631 0.995332 0.0687146 -0.00616734 0.710577 0.703593 0.202974 0.698401 0.686322 -0.00297295 0 0.999996 0.151084 7.89402e-009 0.988521 0.202974 -0.698401 0.686322 0.708826 0 0.705383 0.573319 -0.589674 0.568849 0.687725 -0.697556 0.201122 0.14735 -0.978065 0.147233 -0.0677631 -0.995332 0.0687145 0.0690252 -0.995554 -0.0640986 -0.475461 -0.755606 -0.450551 -0.00127059 0.999996 -0.00268996 0.000173061 0.999998 0.00196549 -0.0007036 0.999997 -0.00236945 -0.00457764 0.999985 -0.00287226 0.00178073 0.999998 -0.00124256 0.000783519 0.999998 -0.00184769 -0.00329243 0.999993 0.00168979 -0.00133433 0.999997 0.00206702 0.893439 0.284277 0.347784 0.913601 0.292702 0.282237 0.659267 0.705873 0.259057 0.679713 0.702183 0.211965 0.000292923 0.999998 0.0019958 0.699088 0.706809 0.108155 0.00256038 0.999996 0.00118338 0.708256 0.704425 -0.0464677 -0.000201945 1 0.000458012 0.672493 0.706954 -0.219021 -4.60699e-005 0.999999 0.00114821 0.571648 0.705561 -0.418811 -1.42699e-005 1 0.000277238 0.397335 0.761813 -0.511631 -0.0313949 0.998363 0.0478166 0.0456112 0.994912 -0.0898312 -0.360821 0.708445 0.60656 0.85345 0.25367 0.455275 0.788484 0.253312 0.56047 0.681442 0.638511 0.357688 0.627071 0.642346 0.440652 0.0141781 0.999719 0.0190174 0.293958 0.901406 0.317894 0.0157718 0.999538 0.0259695 0.174578 0.903035 0.392492 0.00549591 0.999751 0.0216166 0.0810588 0.658953 0.747804 0.00151061 0.999867 0.0162534 0.00033591 0.999974 0.0071735 -0.0846902 0.679394 -0.72887 0.0501026 0.669273 -0.741325 0.0271857 0.301358 -0.953124 0.096209 0.294524 -0.950789 -0.485962 0.706424 0.514593 0.00178196 0.999997 -0.00188924 -0.0255493 0.999051 0.0352653 0.402149 0.810375 -0.426108 0.482899 0.651879 -0.58469 0.686391 0.00163808 -0.72723 0.640089 0.00164338 -0.768299 0.452976 -0.706449 -0.543823 0.527029 0.0016431 -0.849846 0.373404 -0.705726 -0.602097 0.32568 -0.705795 -0.629116 0.0301234 -0.998672 -0.0417879 0.00128994 -0.999996 -0.00248518 -0.264682 -0.81789 0.51088 -0.258247 0.705994 0.659455 0.00105249 0.999996 -0.00268746 -0.0107306 0.999052 0.0421933 0.212716 0.812176 -0.543251 0.231118 0.650469 -0.723515 0.364663 0.0016154 -0.931138 0.308108 0.00161388 -0.95135 0.218143 -0.70616 -0.67361 0.178111 0.00162162 -0.984009 0.126143 -0.706417 -0.696465 0.0742274 -0.706437 -0.703873 0.0118985 -0.998886 -0.045661 -0.000170067 -0.999999 0.00161075 -0.0599995 -0.817265 0.57313 -0.559322 -0.580078 0.592173 -0.686425 0.00163388 0.727199 -0.646232 0.0487965 0.761579 -0.452977 0.706689 0.543509 -0.372245 0.708127 0.599991 0.0429127 0.997323 -0.059203 0.00209754 0.99999 -0.00406835 0.33123 0.77062 -0.544455 0.374911 0.578413 -0.724486 0.459407 0.00164814 -0.888224 -0.297693 -0.577481 0.760194 -0.364112 0.00162869 0.931354 -0.316274 0.0482144 0.947442 -0.218817 0.704859 0.674754 -0.126097 0.707741 0.695128 0.0170188 0.997637 -0.0665682 0.000364991 0.999995 -0.00327923 0.1081 0.772217 -0.626096 0.0857266 0.575863 -0.813039 0.104447 0.00164054 -0.994529 -0.300232 0.278154 0.91241 -0.235459 0.714859 0.658434 -0.306765 0.263899 0.914469 -0.235222 0.725114 0.64721 -0.0388119 0.689958 0.722808 -0.0269816 0.999608 -0.00740631 0.100583 0.994396 0.0325573 0.402021 0.688616 -0.603479 0.670999 0.708722 0.217882 0.721191 0.570791 -0.392532 0.814963 0.387725 -0.430703 0.417155 0.254582 -0.872451 0.298629 0.260461 -0.91814 -0.942567 0 0.334018 -0.666765 0.705918 0.238965 -0.930437 0 0.366452 -0.648302 0.707309 0.281812 -0.878834 0.0483485 0.474671 -0.618129 0.708179 0.341174 -0.567477 0.709051 0.418589 -0.0379902 0.998981 0.0243488 0.0591662 0.997528 -0.0379175 0.661741 0.652921 -0.3685 0.508842 0.77167 -0.381581 0.804685 0.0016286 -0.5937 0.623086 0.574417 -0.530857 0.761271 0.00160627 -0.648432 0.476272 0.2807 -0.83329 0.401342 0.57789 -0.710611 0.53575 0.292799 -0.791985 0.716213 0.28994 -0.634802 0.871954 0.288887 -0.395272 0.949274 0.287448 -0.127484 0.951708 0.297625 0.0753102 0.704133 0.710068 0.000134179 1 0 9.57593e-005 1 0 9.5772e-005 0.704133 -0.710068 0.000134179 0.703942 -0.710256 -0.0011045 -0.00360894 -0.999974 -0.00619929 -0.676045 -0.700321 -0.229158 -0.73245 -1.9995e-009 -0.680821 -0.251484 -0.704395 -0.663765 0.0222516 -0.706183 -0.70768 -0.901971 0.262945 -0.342502 -0.670158 0.698022 -0.252298 -0.913546 0.272577 -0.301887 -0.754288 0.62015 -0.215554 -0.947748 0.284741 -0.143863 -0.706536 0.704964 -0.0619142 -0.955091 0.286086 0.0771813 -0.706889 0.701254 0.0924726 -0.905062 0.291535 0.309628 -0.648539 0.705004 0.286998 -0.764551 0.286777 0.577253 -0.53973 0.702167 0.464385 -0.575241 0.286662 0.766109 -0.386019 0.775197 0.500059 0.00212994 -0.999996 -0.00181073 0.53995 -0.704939 -0.459907 0.0415687 -0.998775 -0.0268327 0.570121 -0.7056 -0.420822 0.618055 -0.708307 -0.341042 0.875655 0.00166286 -0.482934 0.925106 0.000415983 -0.379708 0.583084 0.775096 -0.243392 0.667391 0.707408 -0.232729 0.000874507 0.999998 0.00186774 0.00451351 0.999987 0.00216472 0.298045 -0.715952 -0.631333 0.784085 -0.343336 -0.517042 0.529866 -0.832482 0.161914 0.902892 0 0.429867 0.192219 0.000447086 0.981352 -0.49382 0.00836329 0.869524 -0.939709 0.0178558 0.341508 -0.902734 0.0117949 -0.430037 0.45332 -0.00304222 -0.891343 -0.163784 -0.00759441 -0.986467 0.441413 -0.0026549 -0.8973 -0.338575 -0.00429513 -0.94093 0.431456 -2.14247e-005 -0.902134 -0.33629 -0.000529467 -0.941758 0.426802 0.00183554 -0.904343 -0.432805 0.00150366 -0.901486 -0.33689 0.00455696 -0.941533 -0.901942 0.00242741 -0.43185 -0.902709 0.0029575 -0.430241 -0.941826 0.00456733 0.336069 0.426814 0.00295699 -0.904335 0.941727 0.00396908 -0.336355 0.940513 0.0027127 -0.339746 0.904364 0.00209752 0.426756 0.941679 0.000376696 -0.336514 0.903018 0.000325554 0.429603 0.944057 -2.34346e-005 -0.329784 0.946143 -0.000900611 -0.323748 -0.179984 0.266254 -0.94695 -0.113271 0.279384 -0.953475 -0.131108 0.702049 -0.699956 -0.0419967 0.624613 -0.779805 -0.00691183 0.999188 -0.0396919 0.0635645 0.819701 -0.569254 -0.0136156 0.998025 0.0613282 0.0062576 0.999158 -0.0405496 -0.149654 0.775978 0.61275 -0.191959 0.705574 0.682141 -0.229125 0.283415 0.931224 -0.258228 0.277704 0.92531 -0.162093 0.925414 -0.342542 -0.272204 0.924468 -0.266953 -0.626778 0.681551 -0.377673 -0.662119 0.68169 -0.311282 -0.868275 0.134603 -0.477473 -0.90796 0.0386302 -0.417273 -0.6885 -0.650771 -0.320102 0.704721 -0.70946 -0.0059756 0.999996 7.8452e-009 -0.00275003 0.703942 0.710256 -0.0011045 -0.00360893 0.999974 -0.00619928 0 1 3.06099e-010 -0.666765 -0.705918 0.238965 -0.711985 -0.631629 0.306794 0.00127608 -0.999999 0.000987864 -0.613029 -0.710024 0.346498 -0.0507629 -0.998184 0.0324281 -0.560261 -0.71161 0.423932 -0.437587 -0.818576 0.37209 0.502535 0 0.864557 0.343405 -0.000638944 0.939187 -0.413784 -0.0045402 0.910364 -0.42426 -0.00124181 0.905539 -0.898581 -0.00478097 0.438781 -0.941868 -0.000222774 0.335983 -0.920035 -0.0027333 -0.391827 -0.902575 -0.000891209 -0.430532 -0.0173008 7.85453e-009 0.99985 -0.0334424 0 0.999441 -0.011887 -0.656964 0.753829 -0.018521 -0.815571 0.578361 -0.00624154 -0.999976 -0.0030787 -4.95974e-005 -0.999999 0.00163146 -0.597938 0.262669 -0.757281 -0.522879 0.280183 -0.805043 -0.510584 0.564787 -0.648321 -0.347206 0.777881 -0.523783 1.86738e-005 0.999999 -0.00164883 -0.000207278 0.999997 0.00240281 0.403175 0.702932 0.585949 0.32605 0.702715 0.632363 0.492807 0.284678 0.822253 0.441687 0.276677 0.853441 0.336513 0.000608334 0.941679 -0.429473 -0.000167552 0.90308 -0.942256 0.00117906 0.33489 0.372588 0.276278 -0.885917 0.450916 0.28838 -0.844697 0.274701 0.70841 -0.65015 0.301189 0.779192 -0.549677 -0.000892714 0.999981 0.00610691 -0.105217 0.99063 -0.0870732 -0.352071 0.701746 0.619353 -0.578976 0.696053 0.424615 -0.589286 0.299249 0.750462 -0.704931 0.292162 0.646307 -0.475461 0.755606 -0.450551 0.0690252 0.995554 -0.0640986 -0.676045 0.700321 -0.229158 -0.708901 0.705308 -0.000412141 0.944335 0 -0.328985 0.667391 -0.707408 -0.232729 0.653063 -0.708132 -0.268434 0.573319 0.589674 0.568849 0.687725 0.697556 0.201122 0.14735 0.978065 0.147233 0.704721 0.70946 -0.00597559 0.988715 0 0.149809 -0.445646 0.276901 -0.851308 -0.410765 0.292033 -0.863707 -0.326037 0.708062 -0.626377 -0.308553 0.630066 -0.71261 -0.01726 0.999265 -0.0342399 -0.181298 0.774416 -0.606145 -0.00179393 0.999997 0.00142109 -0.136479 0.699969 -0.701011 -0.00252685 0.999991 -0.00348122 -0.255358 0.569918 -0.781016 -0.313756 0.2098 -0.926035 -0.892252 0.145063 -0.427602 0.704714 0.709492 6.74806e-005 0.704714 0.709492 6.74807e-005 0.993884 0.110432 9.51704e-005 0.993884 -0.110432 9.51704e-005 0.812565 -0.58287 7.7808e-005 0.577366 -0.816485 5.52864e-005 0 -1 6.69591e-012 0 -1 -0 -0.577366 -0.816485 -5.52864e-005 0.880853 0.0014937 -0.473388 0.448377 0.0424805 -0.892834 0.365325 0.00841652 -0.930842 -0.326785 0.0197076 -0.944893 0.377399 0.275148 -0.884231 0.211907 0.709008 -0.672609 -0.0890443 0.995587 -0.0296288 0.00158118 0.999979 -0.00622317 0.915339 0.266332 0.30203 0.401515 0.383711 0.831596 0.349184 0.569933 0.743806 -0.325108 0.707227 0.627801 -0.460008 0.00162713 0.887913 -0.539325 -0.063585 0.839693 -0.445608 -0.709172 0.546359 0.00260257 -0.999993 -0.0028245 -0.0742786 0.706408 0.703897 -0.104643 0.000812042 0.99451 -0.192882 -0.0613639 0.979301 -0.210839 -0.708536 0.673441 0.00115861 -0.999995 -0.00306189 -0.8555 -0.00659091 -0.517761 -0.812565 -0.58287 -7.7808e-005 -0.993884 -0.110432 -9.51703e-005 -0.993884 0.110432 -9.51703e-005 -0.704714 0.709492 -6.74806e-005 -0.704714 0.709492 -6.74806e-005 0 1 7.93944e-011 -0.428957 0.00265077 0.903321 0.23357 0.00228383 0.972337 0.335689 0.00406294 0.941964 0.903811 0.00176156 0.427928 -0.0148193 -0.998214 0.0578733 -0.116065 -0.71141 0.693127 -0.0350979 -0.998216 0.0483028 -0.362616 -0.711136 0.602325 0.180943 0.27377 0.944621 0.15651 0.570237 0.806433 0.0810295 0.284676 0.955193 0.060874 0.776755 0.626854 -0.0834029 0.645186 0.75946 0.894581 0.261033 0.362749 0.325549 0.381504 0.865143 0.632608 0.729378 0.260414 0.263659 0.578943 0.771563 -0.0967627 0.68763 0.719585 -0.238941 0.269662 0.932839 0.458456 0.274945 -0.845117 0.840498 0.377832 -0.388338 0.415868 0.690943 -0.591314 0.730886 0.57697 -0.36457 -0.162843 -0 0.986652 -0.340203 0 0.940352 -0.388857 0.0294331 0.920828 -0.894051 0.22182 0.389191 -0.771726 0.198201 0.60428 -0.839357 0.329224 -0.43254 -0.420046 0.283546 0.862069 -0.268151 0.704523 0.657072 0.00156029 0.999998 0.00121787 0.32618 0.7117 -0.622166 0.253068 0.67553 -0.692543 -0.00390909 0.999991 -0.00142604 -0.132194 0.988912 -0.0676531 -0.403032 0.67853 0.614136 -0.238038 0.963362 -0.123575 -0.51807 0.604456 0.605174 0.448073 0.27703 0.849991 0.384095 0.571001 0.725554 0.397713 0.281575 0.873235 0.265994 0.774886 0.57341 0.215934 0.69557 0.68524 -0.299514 0.0969997 0.949148 -0.244783 0.0486385 0.968357 0.0385027 0.100791 0.994162 -0.141936 0.0332576 0.989317 0.404289 0.127223 0.90574 -0.0550611 -0 0.998483 0.243429 0.705893 -0.665175 -0.0079887 0.999963 -0.00325069 0.0905532 0.995201 0.0370861 0.507595 0.280607 -0.814621 0.330017 0.537492 -0.77601 0.509652 0.29098 -0.809682 0.2802 0.678667 -0.678896 0.258258 -0.705867 -0.659587 0.66569 -0 -0.746228 0.66569 0 -0.746228 0.607564 0 -0.794271 0.488162 0.0314414 -0.872186 0.419397 0.0439382 -0.906739 0.0354661 0.168692 -0.98503 -0.000322018 0.999999 0.00116109 -0.0492103 0.667569 0.74292 -0.0763198 0.667805 0.740413 -0.0979129 0.292683 0.951183 -0.692895 -0.646428 -0.319416 0.0037078 -0.999962 0.00794164 0.00648967 -0.999974 0.00319567 0.659907 -0.668069 0.343812 -0.487877 0.280707 0.826547 -0.761511 0.00162555 0.64815 -0.811252 -0.0635459 0.581233 -0.383208 0.129771 0.914501 -0.335584 0.061747 0.939984 -0.0859389 0.196399 0.976751 -0.231004 0.039445 0.972153 0.261146 0.31996 0.91073 -0.129527 -0.0154038 0.991456 0.255891 0.272519 -0.927498 0.186179 0.707635 -0.681608 0.235028 0.280106 -0.930754 0.174584 0.629802 -0.756882 0.107573 0.28892 -0.95129 -0.00616734 -0.710577 0.703593 -0.990977 5.29684e-009 -0.134034 -1 0 -9.57588e-005 0.300731 0.272581 -0.913926 0.203474 0.715433 -0.668396 0.1987 0.724467 -0.66005 -0.42793 0.00295707 0.903807 0.486035 -0.70614 -0.514914 0.0504137 0.994545 0.0913199 -0.331623 0.703564 -0.628509 -0.00183154 0.999998 -0.000222836 -0.00768575 0.99997 0.00011949 -0.141295 0.989311 -0.0360567 0.197939 0.267444 0.943024 0.20434 0.276568 0.939018 0.109165 0.290469 0.950637 -0.0283127 0.292489 0.95585 0.231566 0.275123 0.933105 0.127752 0.697669 0.704938 0.172524 0.273513 0.94627 -0.00335557 0.999985 0.00442936 -0.323267 0.275658 0.905268 -0.225769 0.192495 0.954973 0.115449 0.564254 0.817489 0.137027 0.516294 0.845378 0.527361 0.827107 0.19438 0.59332 0.280259 0.754604 0.440552 0.702863 0.558478 0.550388 0.00613926 -0.834887 0.484147 0.033494 -0.874345 0.865553 0.125922 -0.484727 0.632409 0.0980209 -0.768408 0.93543 0.174084 0.307677 -0.291158 0.914911 -0.279581 -0.986212 -0.00790448 0.165295 0.359673 0.272687 -0.892343 0.359673 0.272687 -0.892343 0.264878 0.705824 -0.657002 0.264754 0.706011 -0.656851 -9.73137e-005 1 -4.02022e-005 0.0218406 0.994677 0.100699 -0.708901 -0.705308 -0.000412141 -0.110107 0.287156 0.951534 -0.265718 0.706013 0.65646 -0.265305 0.70647 0.656135 -4.65195e-007 1 1.14748e-006 -0.410476 0.276222 0.869029 -0.338629 0.20886 0.917447 -0.0935218 0.648657 0.755313 -0.0835276 0.611579 0.786762 0.307722 0.943035 0.126458 0.607693 -0.0181056 -0.793965 0.519731 0.0406212 -0.853364 0.824654 0.320055 -0.466381 0.624398 0.198909 -0.755356 0.797307 0.509128 0.324178 -0.344145 0.273685 0.898143 -0.252865 0.70597 0.661563 0.426816 0 -0.904339 -0.232909 0.205324 -0.950576 0.461809 0.263434 -0.846956 0.444129 0.246891 -0.861275 0.382527 0.167512 -0.908632 -0.488743 0.0523474 0.870856 -0.442312 0 0.896861 0.328037 0.275699 -0.903538 0.338695 0.0976309 -0.935817 0.394133 0.0489567 -0.917748 0.372615 0.129853 -0.918856 0.422909 0.0637572 -0.903926 0.373033 0.27628 -0.885729 0.500258 0.641451 -0.581621 0.453342 0.209691 -0.86632 0.524868 0.604974 -0.598765 0.772941 0.551745 0.313272 0.350712 0.924816 0.147362 -0.185184 0.256727 0.948577 0 1 1.45397e-010 0.282471 0.271825 -0.919957 0.565549 0.583087 -0.583236 0.376597 0.189932 -0.906698 0.578195 0.53473 -0.616243 -0.00165989 0.999986 0.00504443 0.933082 0.185897 0.307896 0.570105 0.789463 0.227441 0.835381 -0.321787 0.445636 0.840392 -0.3122 0.443027 0.665771 -0.660646 0.346838 0.708771 0.253994 0.658127 0.706017 0.24459 0.664617 0.475611 0.262721 0.839507 0.472999 0.255512 0.8432 0.470351 0.248284 0.846832 0.0152723 0.999855 0.00758059 -0.75838 0.318459 -0.568722 -0.760614 0.315981 -0.567118 -0.505309 0.327088 -0.798546 -0.522161 0.308682 -0.795024 -0.538682 0.29008 -0.790996 -0.218968 0.310681 -0.924949 -0.220192 0.309528 -0.925045 -0.118778 0.313986 -0.941968 0.0748919 0.668278 -0.740132 -0.539548 0.705957 0.458815 0.00289386 0.999993 -0.00257168 -0.662966 0.674085 0.325708 0.00451351 -0.999987 0.00216472 -0.359952 0.276192 0.891152 -0.360469 0.27444 0.891485 -0.44782 0.26866 -0.852807 -0.264416 0.288182 -0.920345 -0.181871 0.266332 -0.946568 0.41167 0.27311 -0.869447 0.302621 0.706881 -0.639328 0.411389 0.27489 -0.869019 0.302192 0.707837 -0.638472 -0.411436 0.26821 0.871082 -0.352472 0.564404 0.746466 -0.411051 0.270694 0.870495 -0.242446 0.8232 0.513382 -6.74241e-005 1 0.00030922 -0.000551581 0.999999 0.00116609 -0.0229452 0.706144 0.707696 -0.407466 0.280198 0.869172 -0.348681 0.570254 0.743796 -0.407425 0.280463 0.869106 -0.23987 0.82504 0.511635 0.408158 0.276763 -0.869948 0.349284 0.56884 -0.744595 0.407895 0.278479 -0.869524 0.240012 0.824951 -0.511713 -0.0402308 0.995498 0.0858209 0.0401281 0.995525 -0.085556 -0.0452638 -0.995181 0.086985 -0.162843 0 0.986652 -0.162843 0 0.986652 -0.841433 0.362384 -0.400834 -0.316718 0.710818 0.628034 -0.422383 0.265373 0.866701 0.169428 0.593433 -0.786849 -0.420417 0.250601 0.872037 -0.474786 0.177865 0.861941 -0.365095 0.276233 0.889045</float_array>
                    <technique_common>
                        <accessor count="620" source="#ID76" stride="3">
                            <param name="X" type="float"/>
                            <param name="Y" type="float"/>
                            <param name="Z" type="float"/>
                        </accessor>
                    </technique_common>
                </source>
                <source id="ID77">
                    <float_array id="ID78" count="1002">3 0.879395 3.12451 0.879395 3 1 3.125 1 3 1.19971 3.12256 1.19971 3 1.3999 3.12012 1.3999 3 1.59961 3.11963 1.59961 3 1.7998 3.12012 1.7998 3 2 3.12012 2 3 2.19971 3.11865 2.19971 3 2.3999 3.11963 2.3999 3 2.59961 3.12012 2.59961 3 2.7998 3.12207 2.7998 3 2.97461 3.12451 2.97461 3.125 3 3.49951 2.97461 3.5 3 3.875 3 3.77734 3 4 3 4 2.97461 4 2.94092 4 2.7998 3.87451 2.97461 3.87207 2.7998 4 2.59961 3.87012 2.59961 4 2.3999 3.86963 2.3999 4 2.19971 3.86865 2.19971 4 2 3.87012 2 4 1.7998 3.87012 1.7998 4 1.59961 3.86963 1.59961 4 1.3999 3.87012 1.3999 4 1.19971 3.87256 1.19971 4 1 3.875 1 -4.84619 -4.76416 -4.53564 -4.77344 -4.84424 -4.79004 -4.51172 -4.79932 -4.83887 -4.86768 -4.43994 -4.87695 -4.36865 -4.95459 -4.42529 -4.87695 -4.32617 -4.98047 -4.26172 -4.95459 -4.31104 -4.98047 -4.24658 -4.98047 -4.19189 -4.95459 -4.16748 -4.98047 -4.18701 -4.87695 -4.30615 -4.87695 -4.36523 -4.77344 -4.52441 -4.77344 3.48047 1.3999 3.479 1.6001 3.48145 1.7998 3.48145 2 3.4751 2.19971 3.479 2.3999 3.48047 2.59961 3.48828 2.7998 3.39355 -7.09961 3.39355 -7.7998 3.19336 -7.09961 3.19336 -7.7998 2.86328 -7.7998 3.19336 -8.59961 2.86328 -8.59961 3.19336 -9.3999 2.86328 -9.3999 3.19336 -10.1997 2.86328 -10.1997 3.19336 -11 2.86328 -11 3.19336 -11.7998 2.86328 -11.7998 2.86328 -12.6597 2.59326 -12.6597 -0.799805 -0.399902 -0.799805 0 -0.599609 -0.399902 -0.599609 0 -0.399902 0 -0.599609 0.300293 -0.399902 0.300293 -0.599609 0.700195 -0.399902 0.700195 -0.599609 1 -0.399902 1 -0.399902 1.3999 -0.199707 1 -0.199707 1.3999 0 1.3999 0 2.3999 -8.7041 -3.14063 -8.64844 -3.0874 -8.13916 -3.56055 -8.5918 -3.03369 -8.08936 -3.50049 -8.57275 -3.01611 -8.07324 -3.48047 -8.07666 -3.49121 -7.49268 -3.91064 -6.88574 -4.23926 -7.54785 -3.99805 -6.92285 -4.3252 -6.9751 -4.42627 -6.90234 -4.41895 -6.87012 -4.34912 -6.22412 -4.60107 -6.83691 -4.27832 -6.19971 -4.52686 -6.82617 -4.25488 -6.19189 -4.50244 -6.19141 -4.51367 -5.4917 -4.68799 -4.84668 -4.76953 -5.51123 -4.79053 -4.88965 -4.86328 -4.86426 -4.97559 -8.7334 -3.16357 -8.72266 -3.1582 -8.20459 -3.63965 -8.18848 -3.62012 -7.58936 -4.06348 -7.50635 -3.93262 -6.88916 -4.25488 -6.87842 -4.23145 -6.9209 -4.45117 -6.91309 -4.44238 -6.25586 -4.69873 -6.24756 -4.67432 -5.52539 -4.86621 -5.49658 -4.71387 -4.89111 -4.78564 -4.8916 -4.75977 -0.00195313 -0.21875 0.122559 -0.21875 -0.00195313 -0.0517578 0.122559 -0.0517578 0.122559 0.114746 0.497559 -0.0517578 0.497559 0.114746 0.872559 0.114746 0.497559 0.239746 0.775391 0.207031 0.872559 0.239746 0.997559 0.114746 0.997559 -0.0517578 -9.98047 -1.19287 -9.95605 -1.18408 -9.92676 -1.32471 -9.90283 -1.31543 -9.62891 -1.93359 -9.60645 -1.9209 -9.21289 -2.55518 -9.53906 -1.88379 -9.1499 -2.50977 -9.4707 -1.84619 -9.08691 -2.46387 -9.06641 -2.44873 -8.63135 -2.99219 -8.6123 -2.97461 3.39355 -12.6597 3.19336 -12.6597 3.39355 -11.7998 3.39355 -11 3.39355 -10.1997 3.39355 -9.3999 3.39355 -8.59961 -4.36816 -3.92725 -4.34229 -3.92725 -4.20898 -4.76172 -4.36768 -4.76172 -4.52637 -4.76172 -4.52783 -4.77051 -4.79932 -4.77344 2.39355 -7.09961 2.59326 -7.09961 2.39355 -7.7998 2.59326 -7.7998 2.39355 -8.59961 2.59326 -8.59961 2.39355 -9.3999 2.59326 -9.3999 2.39355 -10.1997 2.59326 -10.1997 2.39355 -11 2.59326 -11 2.39355 -11.7998 2.59326 -11.7998 -8.68848 -3.04541 -8.62256 -2.97949 -9.45557 -1.84229 -9.44775 -1.83398 -9.73535 -1.24707 -9.75928 -1.25684 -9.81104 -1.12939 -9.83154 -1.28613 -9.88428 -1.15674 3 2.94092 3.49658 2.94092 2 1.30713 2.01904 1.30713 2 0.800293 2.125 0.800293 2 0.200195 2.125 0.200195 2 -0.399902 2.125 -0.399902 2.12451 -0.671387 2.5 -0.399902 2.49951 -0.671387 2.87451 -0.671387 2 -0.671387 2.5 0.200195 2.5 0.800293 2.5 1.30713 2.39355 -2.76953 2.39355 -2.19971 2.59326 -2.76953 2.59326 -2.19971 2.86328 -2.19971 2.59326 -1 2.86328 -1 2.86328 -0.254883 3.19336 -0.254883 3.19336 -0.0395508 3.39355 -0.254883 3.39355 -0.0395508 -0.199707 0.700195 -0.199707 0.300293 -0.199707 0 -0.199707 -0.399902 0 0 0 -0.399902 0.199707 -0.399902 -4.20654 -4.77344 -4.20215 -4.79639 -4.24854 -4.76172 -4.44482 -3.92725 -9.98633 -1.18164 -9.95801 -1.26758 -9.63672 -1.94189 -9.23389 -2.5708 -8.77441 -3.12012 3 1.30713 3 0.800293 2.875 0.800293 2.875 0.200195 -4.34473 -4.98047 -4.83203 -4.97021 -4.80566 -4.98047 2.39355 -7 2.39355 -5.7998 2.59326 -7 2.59326 -5.7998 2.86328 -7 2.86328 -5.7998 3.19336 -5.7998 3.19336 -5.22998 3.39355 -5.7998 3.39355 -5.22998 3 0.200195 2.875 -0.399902 0 -5.55273 0 -4.9248 -0.124512 -5.55273 -0.124023 -4.9248 -0.496582 -4.9248 -0.496582 -3.69971 -0.874023 -4.9248 -0.874023 -3.69971 -1 -3.69971 -1 -3.10303 -4.48682 -4.76172 -4.52148 -3.92725 -9.78662 -1.12012 -9.79297 -1.10889 -9.76563 -1.19141 -4.21582 -4.93408 -4.2168 -4.87695 2.39355 -5.16992 2.39355 -4.59961 2.59326 -5.16992 2.59326 -4.59961 2.86328 -4.59961 2.59326 -3.3999 2.86328 -3.3999 2.59326 -2.82959 2.86328 -2.82959 3.22217 3 -4.36816 -3.87207 -4.36816 -2.14502 -4.34229 -3.87207 -4.34229 -2.14502 -4.34229 -3.86426 -4.34229 -1.89795 -4.44482 -3.87207 -4.44482 -2.14502 -4.54688 -1.89795 3 3 4 0.879395 3.87451 0.879395 3.5 1 3.49023 1.19922 0.497559 0.28125 0.122559 0.239746 0.219727 0.207031 -6.95605 -4.39453 -6.96729 -4.41797 -7.60352 -4.08545 -8.20898 -3.65088 -4.88818 -4.94043 -4.8877 -4.96582 -5.53027 -4.8916 -6.25537 -4.71045 -4.54688 -3.86426 -4.54688 -2.14502 -4.54688 -3.87207 -4.52148 -2.14502 -4.52148 -3.87207 3 -0.399902 3 -0.671387 3.39355 -2.76953 3.19336 -2.76953 3.39355 -2.19971 3.19336 -2.19971 3.19336 -1 -0.00195313 0.114746 1.19971 -1.17383 1.19971 -1.29736 1 -1.17383 1 -1.29883 0.875 -1.17383 0.919922 -1.29883 0.5 -1.26758 -1 -4.9248 -0.874512 -5.55273 -0.499512 -5.55273 0.123047 -1.79199 0.123047 -1.625 0.498047 -1.79199 0.498047 -1.625 0.873047 -1.625 0.498047 -1.5 0.918457 -1.4585 3.39355 -5.16992 3.19336 -5.16992 3.39355 -4.59961 3.19336 -4.59961 3.19336 -3.3999 0 -1.42383 0.0795898 -1.29883 0 -1.29883 0.125 -1.17383 0 -1.17383 0.872559 -0.0517578 0 -3.10303 -0.124512 -3.10303 0 -3.69971 -0.124023 -3.69971 -6.83398 -4.26367 -0.199707 -1.4292 -0.199707 -1.29395 -0.399902 2.3999 -0.599609 1.3999 -0.599609 2.3999 -0.799805 2.3999 0.199707 0 0.399902 0 0.399902 -0.399902 0.599609 -0.399902 2.39355 -12.6597 -8.76367 -3.11523 2.39355 -0.0395508 2.59326 -0.0395508 2.39355 -0.254883 2.59326 -0.254883 2.39355 -1 -4.54688 -3.92725 0.997559 -0.21875 0.872559 -0.21875 -8.58301 -3.021 2.86328 -5.16992 2.59326 -5.22998 2.86328 -5.22998 2.86328 -7.09961 3.49951 0.879395 -0.599609 0.800293 -0.799805 0.800293 -0.799805 1 -0.799805 1.3999 3.39355 -3.3999 3.19336 -2.82959 3.39355 -2.82959 2.86328 -0.0395508 -0.00146484 -1.54199 -0.00146484 -1.4585 0.100586 -1.54199 0.078125 -1.4585 3.39355 -7 3.19336 -7 -0.499023 -3.10303 2.98047 1.30713 3 -11.2998 3 -11.6997 2.875 -11.2998 2.875 -11.6997 2.5 -11.7002 2.86328 -2.76953 3.39355 -1 2.125 -11.6997 2.125 -11.2998 2.5 -11.2998 -0.00146484 -1.53271 0.0981445 -1.53271 -0.199707 -1.16943 -0.00146484 -1.79199 -0.00146484 -1.625 1 -1.42383 0.998047 -1.53271 0.897949 -1.53271 0.998047 -1.4585 0.5 -1.17383 0.498047 -1.55615 0.998047 -1.54199 0.895996 -1.54199 0.497559 -0.21875 0.498047 -1.5625 0.998047 -0.399902 0.998047 0 0.599609 0 -0.599609 0.200195 -0.799805 0.200195 -0.599609 0.400391 -0.799805 0.400391 -0.599609 0.600098 -0.799805 0.600098 -0.399902 -0.399902 -0.199707 0.200195 0 0.200195 -0.199707 0.400391 -0.199707 0.600098 0 0.400391 0 0.600098 -0.199707 0.800293 0 0.800293 0 1 -0.199707 2.3999 -8.74512 -3.09766 -0.874512 -3.10303 2 -11.2998 2 -11.6997 2.39355 -5.22998 2.39355 -3.3999 2.39355 -2.82959 4 0.839355 3.87451 0.839355 4 0.0380859 3.87451 0.0380859 3 0.0380859 3.12451 0.0380859 3 0.839355 3.12451 0.839355 3.49902 0.0380859 3.49951 0.839355 -4.83398 -4.94482 3 -0.681152 3.125 -0.681152 3 0.0166016 3.12451 0.0166016 4 0.0166016 3.87451 0.0166016 4 -0.681152 3.875 -0.681152 3.5 -0.680664 3.49902 0.0166016 1.19971 -1.4502 0.873047 -1.79199 0.998047 -1.79199 0.998047 -1.625 -1 -5.55273</float_array>
                    <technique_common>
                        <accessor count="501" source="#ID78" stride="2">
                            <param name="S" type="float"/>
                            <param name="T" type="float"/>
                        </accessor>
                    </technique_common>
                </source>
                <vertices id="ID79">
                    <input semantic="POSITION" source="#ID73"/>
                </vertices>
                <triangles count="826" material="Material1">
                    <input offset="0" semantic="VERTEX" source="#ID79"/>
                    <input offset="1" semantic="NORMAL" source="#ID75"/>
                    <input offset="2" semantic="TEXCOORD" source="#ID77" set="0"/>
                    <p>173 2 2 334 1 1 331 0 0 334 1 1 173 2 2 107 3 3 175 4 4 107 3 3 173 2 2 107 3 3 175 4 4 109 5 5 169 6 6 109 5 5 175 4 4 109 5 5 169 6 6 115 7 7 165 8 8 115 7 7 169 6 6 115 7 7 165 8 8 273 9 9 161 10 10 273 9 9 165 8 8 273 9 9 161 10 10 260 11 11 143 12 12 260 11 11 161 10 10 260 11 11 143 12 12 217 13 13 145 14 14 217 13 13 143 12 12 217 13 13 145 14 14 221 15 15 151 16 16 221 15 15 145 14 14 221 15 15 151 16 16 236 17 17 156 18 18 236 17 17 151 16 16 236 17 17 156 18 18 247 19 19 119 20 20 247 19 19 156 18 18 247 19 19 119 20 20 205 21 21 121 22 22 205 21 21 119 20 20 205 21 21 121 22 22 197 23 23 199 24 24 197 23 23 121 22 22 197 23 23 199 24 24 192 25 25 195 26 26 192 25 25 199 24 24 192 25 25 195 26 26 189 27 27 309 28 26 189 27 27 195 26 26 189 27 27 309 28 26 305 29 28 301 30 27 305 29 28 309 28 26 305 29 28 301 30 27 189 27 27 183 31 29 189 27 27 301 30 27 189 27 27 183 31 29 139 32 30 343 33 31 139 32 30 183 31 29 139 32 30 343 33 31 141 34 32 99 35 32 141 34 32 343 33 31 141 34 32 186 36 33 139 32 30 186 36 33 141 34 32 208 37 34 159 38 35 208 37 34 141 34 32 208 37 34 159 38 35 253 39 36 153 40 37 253 39 36 159 38 35 253 39 36 153 40 37 243 41 38 147 42 39 243 41 38 153 40 37 243 41 38 147 42 39 228 43 40 149 44 41 228 43 40 147 42 39 228 43 40 149 44 41 232 45 42 163 46 43 232 45 42 149 44 41 232 45 42 163 46 43 264 47 44 167 48 45 264 47 44 163 46 43 264 47 44 167 48 45 277 49 46 171 50 47 277 49 46 167 48 45 277 49 46 171 50 47 282 51 48 177 52 49 282 51 48 171 50 47 282 51 48 177 52 49 287 53 50 179 54 51 287 53 50 177 52 49 287 53 50 179 54 51 292 55 52 20 58 55 513 57 54 18 56 53 513 57 54 20 58 55 517 59 56 22 60 57 517 59 56 20 58 55 517 59 56 22 60 57 553 61 58 555 62 59 553 61 58 22 60 57 553 61 58 555 62 59 404 63 60 380 64 61 404 63 60 555 62 59 404 63 60 380 64 61 406 65 62 493 66 63 406 65 62 380 64 61 406 65 62 493 66 63 491 67 64 442 68 64 491 67 64 493 66 63 491 67 64 442 68 64 489 69 65 330 70 66 489 69 65 442 68 64 489 69 65 330 70 66 448 71 67 442 68 64 448 71 67 330 70 66 448 71 67 442 68 64 440 72 68 444 73 60 440 72 68 442 68 64 440 72 68 444 73 60 446 74 69 336 75 70 446 74 69 444 73 60 111 76 71 282 51 48 287 53 50 282 51 48 111 76 71 277 49 46 268 77 72 277 49 46 111 76 71 277 49 46 268 77 72 264 47 44 257 78 73 264 47 44 268 77 72 264 47 44 257 78 73 232 45 42 213 79 74 232 45 42 257 78 73 232 45 42 213 79 74 228 43 40 225 80 75 228 43 40 213 79 74 228 43 40 225 80 75 243 41 38 240 81 76 243 41 38 225 80 75 243 41 38 240 81 76 253 39 36 250 82 77 253 39 36 240 81 76 253 39 36 250 82 77 208 37 34 203 83 78 208 37 34 250 82 77 208 37 34 203 83 78 186 36 33 586 86 81 610 85 80 612 84 79 610 85 80 586 86 81 582 87 82 584 88 83 582 87 82 586 86 81 582 87 82 584 88 83 592 89 84 590 90 85 592 89 84 584 88 83 592 89 84 590 90 85 596 91 86 594 92 87 596 91 86 590 90 85 596 91 86 594 92 87 600 93 88 598 94 89 600 93 88 594 92 87 600 93 88 598 94 89 604 95 90 602 96 91 604 95 90 598 94 89 604 95 90 602 96 91 608 97 92 606 98 93 608 97 92 602 96 91 608 97 92 606 98 93 272 99 94 220 100 95 272 99 94 606 98 93 273 9 9 111 76 71 115 7 7 111 76 71 273 9 9 268 77 72 260 11 11 268 77 72 273 9 9 268 77 72 260 11 11 257 78 73 217 13 13 257 78 73 260 11 11 257 78 73 217 13 13 213 79 74 221 15 15 213 79 74 217 13 13 213 79 74 221 15 15 225 80 75 236 17 17 225 80 75 221 15 15 225 80 75 236 17 17 240 81 76 247 19 19 240 81 76 236 17 17 240 81 76 247 19 19 250 82 77 205 21 21 250 82 77 247 19 19 250 82 77 205 21 21 203 83 78 134 103 98 190 102 97 193 101 96 190 102 97 134 103 98 132 104 99 176 105 100 132 104 99 134 103 98 132 104 99 176 105 100 128 106 101 174 107 102 128 106 101 176 105 100 128 106 101 174 107 102 124 108 103 172 109 104 124 108 103 174 107 102 124 108 103 172 109 104 170 110 105 168 111 106 170 110 105 172 109 104 170 110 105 168 111 106 164 112 107 152 113 108 164 112 107 168 111 106 164 112 107 152 113 108 148 114 109 146 115 110 148 114 109 152 113 108 148 114 109 146 115 110 138 116 111 430 119 114 585 118 113 587 117 112 585 118 113 430 119 114 583 120 115 390 121 116 583 120 115 430 119 114 583 120 115 390 121 116 581 122 117 525 123 118 581 122 117 390 121 116 581 122 117 525 123 118 360 124 119 504 125 120 360 124 119 525 123 118 360 124 119 504 125 120 466 126 120 14 127 121 466 126 120 504 125 120 466 126 120 14 127 121 462 128 122 0 129 123 462 128 122 14 127 121 462 128 122 0 129 123 2 130 124 432 133 127 617 132 126 619 131 125 617 132 126 432 133 127 615 134 128 394 135 129 615 134 128 432 133 127 615 134 128 394 135 129 613 136 130 529 137 131 613 136 130 394 135 129 613 136 130 529 137 131 368 138 132 533 139 133 368 138 132 529 137 131 368 138 132 533 139 133 482 140 133 56 141 134 482 140 133 533 139 133 482 140 133 56 141 134 478 142 135 36 143 136 478 142 135 56 141 134 478 142 135 36 143 136 39 144 137 527 147 140 589 146 139 591 145 138 589 146 139 527 147 140 587 117 112 392 148 141 587 117 112 527 147 140 587 117 112 392 148 141 430 119 114 424 149 142 430 119 114 392 148 141 430 119 114 424 149 142 420 150 122 8 151 123 420 150 122 424 149 142 420 150 122 8 151 123 422 152 143 10 153 144 422 152 143 8 151 123 422 152 143 10 153 144 504 125 120 12 154 145 504 125 120 10 153 144 504 125 120 12 154 145 14 127 121 531 157 148 621 156 147 623 155 146 621 156 147 531 157 148 619 131 125 396 158 149 619 131 125 531 157 148 619 131 125 396 158 149 432 133 127 438 159 150 432 133 127 396 158 149 432 133 127 438 159 150 434 160 135 48 161 136 434 160 135 438 159 150 434 160 135 48 161 136 436 162 151 51 163 152 436 162 151 48 161 136 436 162 151 51 163 152 533 139 133 54 164 153 533 139 133 51 163 152 533 139 133 54 164 153 56 141 134 298 167 156 471 166 155 483 165 154 471 166 155 298 167 156 214 168 157 244 169 158 214 168 157 298 167 156 214 168 157 244 169 158 254 170 159 241 171 160 254 170 159 244 169 158 254 170 159 241 171 160 251 172 161 248 173 162 251 172 161 241 171 160 251 172 161 248 173 162 222 174 163 288 175 164 222 174 163 248 173 162 222 174 163 288 175 164 251 172 161 293 176 165 251 172 161 288 175 164 251 172 161 293 176 165 302 177 166 523 180 169 565 179 168 567 178 167 565 179 168 523 180 169 388 181 170 509 182 171 388 181 170 523 180 169 388 181 170 509 182 171 382 183 172 418 184 173 382 183 172 509 182 171 382 183 172 418 184 173 426 185 174 414 186 175 426 185 174 418 184 173 426 185 174 414 186 175 384 187 176 416 188 177 384 187 176 414 186 175 384 187 176 416 188 177 500 189 178 605 190 179 500 189 178 416 188 177 500 189 178 605 190 179 607 191 180 5 194 183 224 193 182 280 192 181 224 193 182 5 194 183 608 97 92 1 195 184 608 97 92 5 194 183 608 97 92 1 195 184 604 95 90 624 196 185 604 95 90 1 195 184 604 95 90 624 196 185 600 93 88 620 197 186 600 93 88 624 196 185 600 93 88 620 197 186 596 91 86 614 198 187 596 91 86 620 197 186 596 91 86 614 198 187 592 89 84 610 85 80 592 89 84 614 198 187 592 89 84 610 85 80 582 87 82 537 201 190 498 200 189 412 199 188 498 200 189 537 201 190 452 202 189 539 203 190 452 202 189 537 201 190 452 202 189 539 203 190 547 204 191 446 74 69 547 204 191 539 203 190 547 204 191 446 74 69 549 205 192 336 75 70 549 205 192 446 74 69 549 205 192 336 75 70 519 206 193 515 207 54 519 206 193 336 75 70 519 206 193 515 207 54 513 57 54 16 208 194 513 57 54 515 207 54 513 57 54 16 208 194 18 56 53 616 211 197 21 210 196 23 209 195 21 210 196 616 211 197 9 212 198 618 213 199 9 212 198 616 211 197 9 212 198 618 213 199 11 214 200 622 215 201 11 214 200 618 213 199 11 214 200 622 215 201 13 216 202 626 217 203 13 216 202 622 215 201 13 216 202 626 217 203 15 218 204 3 219 205 15 218 204 626 217 203 15 218 204 3 219 205 17 220 206 7 221 207 17 220 206 3 219 205 17 220 206 7 221 207 19 222 208 456 225 175 609 224 210 595 223 209 609 224 210 456 225 175 460 226 178 345 227 211 460 226 178 456 225 175 460 226 178 345 227 211 500 189 178 511 228 212 500 189 178 345 227 211 500 189 178 511 228 212 384 187 176 521 229 213 384 187 176 511 228 212 384 187 176 521 229 213 386 230 214 577 231 215 386 230 214 521 229 213 386 230 214 577 231 215 428 232 216 563 233 217 428 232 216 577 231 215 428 232 216 563 233 217 565 179 168 123 234 20 121 22 22 119 20 20 121 22 22 123 234 20 337 235 218 340 236 219 337 235 218 123 234 20 337 235 218 340 236 219 97 237 26 343 33 31 97 237 26 340 236 219 97 237 26 343 33 31 101 238 29 183 31 29 101 238 29 343 33 31 101 238 29 183 31 29 181 239 29 301 30 27 181 239 29 183 31 29 181 239 29 301 30 27 297 240 29 135 241 26 297 240 29 301 30 27 389 244 222 425 243 221 405 242 220 425 243 221 389 244 222 421 245 223 391 246 224 421 245 223 389 244 222 421 245 223 391 246 224 423 247 225 377 248 226 423 247 225 391 246 224 423 247 225 377 248 226 419 249 227 290 250 228 419 249 227 377 248 226 419 249 227 290 250 228 361 251 229 295 252 230 361 251 229 290 250 228 361 251 229 295 252 230 299 253 231 377 248 226 285 254 232 290 250 228 285 254 232 377 248 226 321 255 232 379 256 226 321 255 232 377 248 226 321 255 232 379 256 226 409 257 229 395 258 224 409 257 229 379 256 226 409 257 229 395 258 224 413 259 233 393 260 222 413 259 233 395 258 224 413 259 233 393 260 222 415 237 234 407 261 220 415 237 234 393 260 222 415 237 234 407 261 220 417 237 235 505 264 238 490 263 237 492 262 236 490 263 237 505 264 238 499 265 239 479 266 240 499 265 239 505 264 238 499 265 239 479 266 240 497 267 241 467 268 242 497 267 241 479 266 240 497 267 241 467 268 242 200 269 243 202 270 244 200 269 243 467 268 242 200 269 243 202 270 244 472 271 245 204 272 246 472 271 245 202 270 244 472 271 245 204 272 246 484 273 247 172 109 104 152 113 108 168 111 106 152 113 108 172 109 104 114 274 248 174 107 102 114 274 248 172 109 104 114 274 248 174 107 102 118 275 249 176 105 100 118 275 249 174 107 102 118 275 249 176 105 100 120 276 250 122 277 251 120 276 250 176 105 100 120 276 250 122 277 251 160 278 252 162 279 253 160 278 252 122 277 251 160 278 252 162 279 253 110 280 254 446 74 69 448 71 67 440 72 68 448 71 67 446 74 69 333 281 255 539 203 190 333 281 255 446 74 69 333 281 255 539 203 190 487 282 256 537 201 190 487 282 256 539 203 190 487 282 256 537 201 190 541 283 257 412 199 188 541 283 257 537 201 190 541 283 257 412 199 188 543 284 191 408 285 258 543 284 191 412 199 188 569 286 259 523 180 169 567 178 167 523 180 169 569 286 259 352 287 260 470 288 216 352 287 260 569 286 259 352 287 260 470 288 216 342 289 261 468 290 174 342 289 261 470 288 216 342 289 261 468 290 174 458 291 262 456 225 175 458 291 262 468 290 174 458 291 262 456 225 175 597 292 263 595 223 209 597 292 263 456 225 175 403 293 264 415 237 234 417 237 235 415 237 234 403 293 264 387 294 265 401 295 264 387 294 265 403 293 264 387 294 265 401 295 264 383 296 265 357 297 266 383 296 265 401 295 264 383 296 265 357 297 266 353 298 267 349 299 234 353 298 267 357 297 266 353 298 267 349 299 234 346 300 233 555 62 59 493 66 63 380 64 61 493 66 63 555 62 59 561 301 268 27 302 269 561 301 268 555 62 59 561 301 268 27 302 269 559 303 268 30 304 270 559 303 268 27 302 269 559 303 268 30 304 270 557 305 58 33 306 57 557 305 58 30 304 270 557 305 58 33 306 57 16 208 194 576 309 273 570 308 272 580 307 271 570 308 272 576 309 273 574 310 274 560 311 275 574 310 274 576 309 273 574 310 274 560 311 275 552 312 276 554 313 277 552 312 276 560 311 275 552 312 276 554 313 277 556 314 278 564 315 279 556 314 278 554 313 277 556 314 278 564 315 279 566 316 280 387 294 265 413 259 233 415 237 234 413 259 233 387 294 265 385 317 281 383 296 265 385 317 281 387 294 265 385 317 281 383 296 265 381 318 281 353 298 267 381 318 281 383 296 265 381 318 281 353 298 267 365 319 282 346 300 233 365 319 282 353 298 267 365 319 282 346 300 233 361 251 229 78 322 285 63 321 284 65 320 283 63 321 284 78 322 285 76 323 286 55 324 287 76 323 286 78 322 285 76 323 286 55 324 287 57 325 288 59 326 289 57 325 288 55 324 287 57 325 288 59 326 289 61 327 290 70 328 291 61 327 290 59 326 289 61 327 290 70 328 291 74 329 292 404 63 60 517 59 56 553 61 58 517 59 56 404 63 60 378 330 70 402 331 69 378 330 70 404 63 60 378 330 70 402 331 69 545 332 293 543 284 191 545 332 293 402 331 69 545 332 293 543 284 191 410 333 294 408 285 258 410 333 294 543 284 191 521 229 213 575 334 295 577 231 215 575 334 295 521 229 213 573 335 296 348 336 297 573 335 296 521 229 213 573 335 296 348 336 297 470 288 216 345 227 211 470 288 216 348 336 297 470 288 216 345 227 211 468 290 174 456 225 175 468 290 174 345 227 211 489 69 65 406 65 62 491 67 64 406 65 62 489 69 65 376 337 298 400 338 299 376 337 298 489 69 65 376 337 298 400 338 299 406 65 62 398 339 68 406 65 62 400 338 299 406 65 62 398 339 68 404 63 60 402 331 69 404 63 60 398 339 68 402 331 69 541 283 257 543 284 191 541 283 257 402 331 69 372 340 255 400 338 299 372 340 255 402 331 69 372 340 255 400 338 299 487 282 256 485 341 67 487 282 256 400 338 299 487 282 256 485 341 67 448 71 67 489 69 65 448 71 67 485 341 67 546 344 302 532 343 301 534 342 300 532 343 301 546 344 302 540 345 303 520 346 304 540 345 303 546 344 302 540 345 303 520 346 304 538 347 305 512 348 306 538 347 305 520 346 304 538 347 305 512 348 306 536 349 307 518 350 308 536 349 307 512 348 306 199 24 24 309 28 26 195 26 26 309 28 26 199 24 24 313 351 309 131 352 24 313 351 309 199 24 24 313 351 309 131 352 24 309 28 26 137 353 26 309 28 26 131 352 24 309 28 26 137 353 26 301 30 27 135 241 26 301 30 27 137 353 26 71 356 312 92 355 311 73 354 310 92 355 311 71 356 312 89 357 313 69 358 314 89 357 313 71 356 312 89 357 313 69 358 314 87 359 315 67 360 316 87 359 315 69 358 314 87 359 315 67 360 316 85 361 317 83 362 318 85 361 317 67 360 316 127 363 319 337 235 218 97 237 26 337 235 218 127 363 319 201 364 319 316 365 319 201 364 319 127 363 319 201 364 319 316 365 319 131 352 24 133 366 319 131 352 24 316 365 319 131 352 24 133 366 319 135 241 26 319 368 321 179 54 51 328 367 320 179 54 51 319 368 321 292 55 52 103 369 322 292 55 52 319 368 321 292 55 52 103 369 322 105 370 323 107 3 3 105 370 323 103 369 322 105 370 323 107 3 3 109 5 5 248 173 162 283 371 324 288 175 164 283 371 324 248 173 162 278 372 325 218 373 326 278 372 325 248 173 162 278 372 325 218 373 326 244 169 158 248 173 162 244 169 158 218 373 326 244 169 158 248 173 162 241 171 160 424 149 142 4 375 328 6 374 327 4 375 328 424 149 142 506 376 329 527 147 140 506 376 329 424 149 142 506 376 329 527 147 140 356 377 330 591 145 138 356 377 330 527 147 140 356 377 330 591 145 138 593 378 113 438 159 150 42 380 332 45 379 331 42 380 332 438 159 150 535 381 333 531 157 148 535 381 333 438 159 150 535 381 333 531 157 148 364 382 334 623 155 146 364 382 334 531 157 148 364 382 334 623 155 146 625 383 126 421 245 223 373 384 235 425 243 221 373 384 235 421 245 223 349 299 234 423 247 225 349 299 234 421 245 223 349 299 234 423 247 225 346 300 233 419 249 227 346 300 233 423 247 225 346 300 233 419 249 227 361 251 229 64 385 335 83 362 318 67 360 316 83 362 318 64 385 335 80 386 336 62 387 337 80 386 336 64 385 335 80 386 336 62 387 337 77 388 338 60 389 339 77 388 338 62 387 337 77 388 338 60 389 339 58 390 316 397 391 340 381 318 281 365 319 282 381 318 281 397 391 340 399 392 340 326 393 341 399 392 340 397 391 340 399 392 340 326 393 341 409 257 229 411 394 230 409 257 229 326 393 341 409 257 229 411 394 230 321 255 232 478 142 135 368 138 132 482 140 133 368 138 132 478 142 135 476 395 127 480 396 333 476 395 127 478 142 135 476 395 127 480 396 333 364 382 334 535 381 333 364 382 334 480 396 333 462 128 122 360 124 119 466 126 120 360 124 119 462 128 122 473 397 114 464 398 329 473 397 114 462 128 122 473 397 114 464 398 329 356 377 330 506 376 329 356 377 330 464 398 329 486 401 344 503 400 343 510 399 342 503 400 343 486 401 344 477 402 345 469 403 346 477 402 345 486 401 344 477 402 345 469 403 346 479 266 240 467 268 242 479 266 240 469 403 346 338 406 162 362 405 325 366 404 324 362 405 325 338 406 162 314 407 326 335 408 158 314 407 326 338 406 162 314 407 326 335 408 158 362 405 325 358 409 347 362 405 325 335 408 158 341 412 161 370 411 164 374 410 165 370 411 164 341 412 161 317 413 163 338 406 162 317 413 163 341 412 161 317 413 163 338 406 162 370 411 164 366 404 324 370 411 164 338 406 162 304 415 350 315 414 349 327 414 348 315 414 349 304 415 350 242 416 351 300 417 352 242 416 351 304 415 350 242 416 351 300 417 352 216 418 353 263 419 354 216 418 353 300 417 352 59 326 289 68 420 355 70 328 291 68 420 355 59 326 289 90 421 356 55 324 287 90 421 356 59 326 289 90 421 356 55 324 287 81 422 357 78 322 285 81 422 357 55 324 287 271 425 360 267 424 359 223 423 358 267 424 359 271 425 360 259 426 361 252 427 362 259 426 361 271 425 360 259 426 361 252 427 362 262 428 363 215 429 364 262 428 363 252 427 362 528 432 367 544 431 366 550 430 365 544 431 366 528 432 367 522 433 368 514 434 369 522 433 368 528 432 367 522 433 368 514 434 369 520 346 304 512 348 306 520 346 304 514 434 369 186 36 33 189 27 27 139 32 30 189 27 27 186 36 33 192 25 25 203 83 78 192 25 25 186 36 33 192 25 25 203 83 78 197 23 23 205 21 21 197 23 23 203 83 78 207 437 371 229 436 370 234 435 370 229 436 370 207 437 371 237 438 372 279 439 373 237 438 372 207 437 371 237 438 372 279 439 373 275 440 374 105 370 323 287 53 50 292 55 52 287 53 50 105 370 323 111 76 71 109 5 5 111 76 71 105 370 323 111 76 71 109 5 5 115 7 7 32 442 159 341 412 161 35 441 375 341 412 161 32 442 159 332 443 160 335 408 158 332 443 160 32 442 159 332 443 160 335 408 158 338 406 162 72 446 378 96 445 377 98 444 376 96 445 377 72 446 378 84 447 379 63 321 284 84 447 379 72 446 378 84 447 379 63 321 284 76 323 286 368 138 132 611 448 380 613 136 130 611 448 380 368 138 132 625 383 126 476 395 127 625 383 126 368 138 132 625 383 126 476 395 127 364 382 334 227 451 370 308 450 382 312 449 381 308 450 382 227 451 370 235 452 372 231 453 370 235 452 372 227 451 370 235 452 372 231 453 370 212 454 371 136 455 383 164 112 107 148 114 109 164 112 107 136 455 383 166 456 384 100 457 385 166 456 384 136 455 383 166 456 384 100 457 385 140 458 386 110 280 254 108 459 387 160 278 252 108 459 387 110 280 254 142 460 388 144 461 389 142 460 388 110 280 254 142 460 388 144 461 389 106 462 390 220 100 95 7 221 207 255 463 391 7 221 207 220 100 95 19 222 208 606 98 93 19 222 208 220 100 95 19 222 208 606 98 93 602 96 91 599 464 392 458 291 262 597 292 263 458 291 262 599 464 392 502 465 262 418 184 173 502 465 262 599 464 392 502 465 262 418 184 173 509 182 171 307 468 371 320 467 370 325 466 370 320 467 370 307 468 371 329 469 372 363 470 373 329 469 372 307 468 371 329 469 372 363 470 373 359 471 374 196 474 395 495 473 394 507 472 393 495 473 394 196 474 395 198 475 396 488 476 397 198 475 396 196 474 395 198 475 396 488 476 397 497 267 241 559 303 268 493 66 63 561 301 268 493 66 63 559 303 268 339 477 61 444 73 60 339 477 61 559 303 268 339 477 61 444 73 60 442 68 64 545 332 293 519 206 193 378 330 70 519 206 193 545 332 293 551 478 192 410 333 294 551 478 192 545 332 293 551 478 192 410 333 294 496 479 398 494 481 400 302 177 166 508 480 399 302 177 166 494 481 400 226 482 375 254 170 159 226 482 375 494 481 400 226 482 375 254 170 159 251 172 161 299 253 231 365 319 282 361 251 229 365 319 282 299 253 231 397 391 340 303 483 341 397 391 340 299 253 231 397 391 340 303 483 341 326 393 341 360 124 119 579 484 401 581 122 117 579 484 401 360 124 119 593 378 113 473 397 114 593 378 113 360 124 119 593 378 113 473 397 114 356 377 330 542 485 402 520 346 304 546 344 302 520 346 304 542 485 402 522 433 368 544 431 366 522 433 368 542 485 402 552 312 276 572 486 403 574 310 274 572 486 403 552 312 276 558 487 404 556 314 278 558 487 404 552 312 276 584 88 83 9 212 198 11 214 200 9 212 198 584 88 83 21 210 196 588 488 405 21 210 196 584 88 83 201 364 319 121 22 22 337 235 218 121 22 22 201 364 319 199 24 24 131 352 24 199 24 24 201 364 319 103 369 322 334 1 1 107 3 3 334 1 1 103 369 322 323 489 406 319 368 321 323 489 406 103 369 322 480 396 333 42 380 332 535 381 333 42 380 332 480 396 333 39 144 137 478 142 135 39 144 137 480 396 333 170 110 105 184 491 408 125 490 407 184 491 408 170 110 105 182 492 409 180 493 410 182 492 409 170 110 105 394 135 129 533 139 133 529 137 131 533 139 133 394 135 129 436 162 151 434 160 135 436 162 151 394 135 129 524 494 411 514 434 369 528 432 367 514 434 369 524 494 411 516 495 412 526 496 413 516 495 412 524 494 411 200 269 243 198 475 396 497 267 241 198 475 396 200 269 243 495 473 394 475 497 414 495 473 394 200 269 243 426 185 174 388 181 170 382 183 172 388 181 170 426 185 174 428 232 216 386 230 214 428 232 216 426 185 174 47 500 417 233 499 416 29 498 415 233 499 416 47 500 417 206 501 418 269 502 363 206 501 418 47 500 417 554 313 277 568 503 419 564 315 279 568 503 419 554 313 277 562 504 420 560 311 275 562 504 420 554 313 277 289 507 352 261 506 351 294 505 350 261 506 351 289 507 352 210 508 353 270 509 354 210 508 353 289 507 352 84 447 379 86 510 421 96 445 377 86 510 421 84 447 379 57 325 288 76 323 286 57 325 288 84 447 379 557 305 58 444 73 60 559 303 268 444 73 60 557 305 58 515 207 54 16 208 194 515 207 54 557 305 58 369 511 422 357 297 266 401 295 264 357 297 266 369 511 422 349 299 234 373 384 235 349 299 234 369 511 422 37 514 425 49 513 424 52 512 423 49 513 424 37 514 425 34 515 426 31 516 427 34 515 426 37 514 425 501 517 428 479 266 240 505 264 238 479 266 240 501 517 428 477 402 345 503 400 343 477 402 345 501 517 428 385 317 281 409 257 229 413 259 233 409 257 229 385 317 281 399 392 340 381 318 281 399 392 340 385 317 281 547 204 191 450 361 258 452 202 189 450 361 258 547 204 191 454 518 398 549 205 192 454 518 398 547 204 191 469 403 346 202 270 244 467 268 242 202 270 244 469 403 346 204 272 246 481 519 429 204 272 246 469 403 346 31 516 427 46 521 431 43 520 430 46 521 431 31 516 427 40 522 432 37 514 425 40 522 432 31 516 427 91 525 434 324 524 416 94 523 433 324 524 416 91 525 434 306 526 418 354 527 363 306 526 418 91 525 434 371 530 352 347 529 351 375 528 350 347 529 351 371 530 352 311 531 353 355 532 354 311 531 353 371 530 352 390 121 116 504 125 120 525 123 118 504 125 120 390 121 116 422 152 143 420 150 122 422 152 143 390 121 116 335 408 158 26 533 156 358 409 347 26 533 156 335 408 158 44 534 157 32 442 159 44 534 157 335 408 158 464 398 329 4 375 328 506 376 329 4 375 328 464 398 329 2 130 124 462 128 122 2 130 124 464 398 329 235 452 372 322 449 435 308 450 382 322 449 435 235 452 372 286 535 374 291 536 373 286 535 374 235 452 372 267 424 359 281 537 436 223 423 358 281 537 436 267 424 359 276 538 437 230 539 416 276 538 437 267 424 359 551 478 192 549 205 192 519 206 193 549 205 192 551 478 192 454 518 398 496 479 398 454 518 398 551 478 192 212 454 371 291 536 373 235 452 372 291 536 373 212 454 371 263 419 354 245 540 438 242 416 351 216 418 353 242 416 351 245 540 438 238 541 438 50 542 166 341 412 161 374 410 165 341 412 161 50 542 166 35 441 375 258 544 438 210 508 353 265 543 438 210 508 353 258 544 438 261 506 351 407 261 220 389 244 222 405 242 220 389 244 222 407 261 220 393 260 222 377 248 226 395 258 224 379 256 226 395 258 224 377 248 226 391 246 224 393 260 222 391 246 224 389 244 222 391 246 224 393 260 222 395 258 224 344 546 438 311 531 353 350 545 438 311 531 353 344 546 438 347 529 351 351 549 441 79 548 440 66 547 439 79 548 440 351 549 441 310 550 364 367 551 442 355 532 354 371 530 352 355 532 354 367 551 442 363 470 373 82 552 443 354 527 363 91 525 434 354 527 363 82 552 443 79 548 440 244 169 158 274 553 347 278 372 325 274 553 347 244 169 158 298 167 156 58 390 316 92 355 311 75 554 317 92 355 311 58 390 316 73 354 310 266 557 441 38 556 445 53 555 444 38 556 445 266 557 441 209 558 364 474 559 446 254 170 159 494 481 400 254 170 159 474 559 446 471 166 155 284 560 442 270 509 354 289 507 352 270 509 354 284 560 442 279 439 373 41 561 447 269 502 363 47 500 417 269 502 363 41 561 447 38 556 445 191 563 449 106 462 390 194 562 448 106 462 390 191 563 449 104 564 450 130 565 451 190 102 97 132 104 99 190 102 97 130 565 451 188 566 452 126 568 455 187 568 454 129 567 453 187 568 454 126 568 455 185 569 456 178 570 457 176 105 100 134 103 98 176 105 100 178 570 457 122 277 251 160 278 252 117 571 458 120 276 250 117 571 458 160 278 252 158 572 459 157 574 462 113 574 461 116 573 460 113 574 461 157 574 462 155 575 463 154 577 465 152 113 108 112 576 464 152 113 108 154 577 465 150 578 466 102 579 467 148 114 109 138 116 111 148 114 109 102 579 467 136 455 383 601 580 468 418 184 173 599 464 392 418 184 173 601 580 468 603 581 209 180 493 410 166 456 384 140 458 386 166 456 384 180 493 410 170 110 105 88 582 469 61 327 290 74 329 292 61 327 290 88 582 469 86 510 421 470 288 216 571 583 217 573 335 296 571 583 217 470 288 216 569 286 259 416 188 177 603 581 209 605 190 179 603 581 209 416 188 177 414 186 175 25 585 471 46 521 431 28 584 470 46 521 431 25 585 471 43 520 430 609 224 210 500 189 178 607 191 180 500 189 178 609 224 210 460 226 178 352 287 260 509 182 171 523 180 169 509 182 171 352 287 260 342 289 261 345 227 211 521 229 213 511 228 212 521 229 213 345 227 211 348 336 297 342 289 261 502 465 262 509 182 171 502 465 262 342 289 261 458 291 262 570 308 272 572 486 403 578 586 472 572 486 403 570 308 272 574 310 274 540 345 303 530 587 473 532 343 301 530 587 473 540 345 303 538 347 305 536 349 307 530 587 473 538 347 305 530 587 473 536 349 307 548 588 474 499 265 239 488 476 397 490 263 237 488 476 397 499 265 239 497 267 241 602 96 91 17 220 206 19 222 208 17 220 206 602 96 91 598 94 89 598 94 89 15 218 204 17 220 206 15 218 204 598 94 89 594 92 87 517 59 56 519 206 193 513 57 54 519 206 193 517 59 56 378 330 70 594 92 87 13 216 202 15 218 204 13 216 202 594 92 87 590 90 85 516 495 412 512 348 306 514 434 369 512 348 306 516 495 412 518 350 308 457 591 477 451 590 476 455 589 475 451 590 476 457 591 477 453 592 478 459 595 481 463 594 480 465 593 479 463 594 480 459 595 481 461 596 482 461 596 482 449 597 483 463 594 480 449 597 483 461 596 482 447 598 484 555 62 59 24 599 485 27 302 269 24 599 485 555 62 59 22 60 57 441 602 488 433 601 487 435 600 486 433 601 487 441 602 488 437 603 489 431 606 492 445 605 491 443 604 490 445 605 491 431 606 492 427 607 493 451 590 476 449 597 483 447 598 484 449 597 483 451 590 476 453 592 478 437 603 489 429 608 494 433 601 487 429 608 494 437 603 489 439 609 495 439 609 495 427 607 493 429 608 494 427 607 493 439 609 495 445 605 491 343 33 31 95 610 78 99 35 32 95 610 78 343 33 31 340 236 219 590 90 85 11 214 200 13 216 202 11 214 200 590 90 85 584 88 83 318 612 496 242 416 351 239 611 441 242 416 351 318 612 496 315 414 349 296 613 442 263 419 354 300 417 352 263 419 354 296 613 442 291 536 373 219 614 497 252 427 362 271 425 360 252 427 362 219 614 497 256 615 498 262 428 363 267 424 359 259 426 361 267 424 359 262 428 363 211 616 418 249 617 499 252 427 362 256 615 498 252 427 362 249 617 499 246 618 441 302 177 166 226 482 375 251 172 161 79 548 440 310 550 364 354 527 363 363 470 373 307 468 371 355 532 354 340 236 219 123 234 20 95 610 78 515 207 54 336 75 70 444 73 60 434 160 135 394 135 129 432 133 127 131 352 24 135 241 26 137 353 26 48 161 136 438 159 150 45 379 331 200 269 243 472 271 245 475 497 414 272 99 94 224 193 182 608 97 92 486 401 344 481 519 429 469 403 346 38 556 445 209 558 364 269 502 363 86 510 421 57 325 288 61 327 290 541 283 257 372 340 255 487 282 256 400 338 299 489 69 65 485 341 67 448 71 67 333 281 255 487 282 256 400 338 299 402 331 69 398 339 68 584 88 83 586 86 81 588 488 405 493 66 63 339 477 61 442 68 64 68 420 355 90 421 356 93 619 500 338 406 162 341 412 161 332 443 160 424 149 142 392 148 141 527 147 140 142 460 388 106 462 390 104 564 450 164 112 107 166 456 384 170 110 105 426 185 174 384 187 176 386 230 214 152 113 108 150 578 466 146 115 110 420 150 122 390 121 116 430 119 114 58 390 316 75 554 317 77 388 338 8 151 123 424 149 142 6 374 327 279 439 373 207 437 371 270 509 354 471 166 155 214 168 157 254 170 159 565 179 168 388 181 170 428 232 216 603 581 209 414 186 175 418 184 173 438 159 150 396 158 149 531 157 148 246 618 441 215 429 364 252 427 362 267 424 359 211 616 418 230 539 416</p>
                </triangles>
            </mesh>
        </geometry>
    </library_geometries>
    <library_visual_scenes>
        <visual_scene id="ID25">
            <node id="ID26" name="n0b2">
                <translate sid="translate">0 0 -0</translate>
                <rotate sid="rotateY">0 1 0 -0</rotate>
                <rotate sid="rotateX">1 0 0 0</rotate>
                <rotate sid="rotateZ">0 0 1 -0</rotate>
                <scale sid="scale">1 1 1</scale>
                <instance_geometry url="#ID27">
                    <bind_material>
                        <technique_common>
                            <instance_material symbol="Material1" target="#ID20">
                                <bind_vertex_input semantic="UVSET0" input_semantic="TEXCOORD" input_set="0"/>
                            </instance_material>
                        </technique_common>
                    </bind_material>
                </instance_geometry>
            </node>
            <node id="ID35" name="n1b1">
                <translate sid="translate">0 0 -0</translate>
                <rotate sid="rotateY">0 1 0 -0</rotate>
                <rotate sid="rotateX">1 0 0 0</rotate>
                <rotate sid="rotateZ">0 0 1 -0</rotate>
                <scale sid="scale">1 1 1</scale>
                <instance_geometry url="#ID36">
                    <bind_material>
                        <technique_common>
                            <instance_material symbol="Material1" target="#ID13">
                                <bind_vertex_input semantic="UVSET0" input_semantic="TEXCOORD" input_set="0"/>
                            </instance_material>
                        </technique_common>
                    </bind_material>
                </instance_geometry>
            </node>
            <node id="ID44" name="n2b0">
                <translate sid="translate">0 0 -0</translate>
                <rotate sid="rotateY">0 1 0 -0</rotate>
                <rotate sid="rotateX">1 0 0 0</rotate>
                <rotate sid="rotateZ">0 0 1 -0</rotate>
                <scale sid="scale">1 1 1</scale>
                <instance_geometry url="#ID45">
                    <bind_material>
                        <technique_common>
                            <instance_material symbol="Material1" target="#ID8">
                                <bind_vertex_input semantic="UVSET0" input_semantic="TEXCOORD" input_set="0"/>
                            </instance_material>
                        </technique_common>
                    </bind_material>
                </instance_geometry>
            </node>
            <node id="ID53" name="n3b3">
                <translate sid="translate">0 0 -0</translate>
                <rotate sid="rotateY">0 1 0 -0</rotate>
                <rotate sid="rotateX">1 0 0 0</rotate>
                <rotate sid="rotateZ">0 0 1 -0</rotate>
                <scale sid="scale">1 1 1</scale>
                <instance_geometry url="#ID54">
                    <bind_material>
                        <technique_common>
                            <instance_material symbol="Material1" target="#ID3">
                                <bind_vertex_input semantic="UVSET0" input_semantic="TEXCOORD" input_set="0"/>
                            </instance_material>
                        </technique_common>
                    </bind_material>
                </instance_geometry>
            </node>
            <node id="ID62" name="n4b4">
                <translate sid="translate">0 0 -0</translate>
                <rotate sid="rotateY">0 1 0 -0</rotate>
                <rotate sid="rotateX">1 0 0 0</rotate>
                <rotate sid="rotateZ">0 0 1 -0</rotate>
                <scale sid="scale">1 1 1</scale>
                <instance_geometry url="#ID63">
                    <bind_material>
                        <technique_common>
                            <instance_material symbol="Material1" target="#ID18">
                                <bind_vertex_input semantic="UVSET0" input_semantic="TEXCOORD" input_set="0"/>
                            </instance_material>
                        </technique_common>
                    </bind_material>
                </instance_geometry>
            </node>
            <node id="ID71" name="n5b5">
                <translate sid="translate">0 0 -0</translate>
                <rotate sid="rotateY">0 1 0 -0</rotate>
                <rotate sid="rotateX">1 0 0 0</rotate>
                <rotate sid="rotateZ">0 0 1 -0</rotate>
                <scale sid="scale">1 1 1</scale>
                <instance_geometry url="#ID72">
                    <bind_material>
                        <technique_common>
                            <instance_material symbol="Material1" target="#ID18">
                                <bind_vertex_input semantic="UVSET0" input_semantic="TEXCOORD" input_set="0"/>
                            </instance_material>
                        </technique_common>
                    </bind_material>
                </instance_geometry>
            </node>
        </visual_scene>
    </library_visual_scenes>
    <scene>
        <instance_visual_scene url="#ID25"/>
    </scene>
</COLLADA>
