<?xml version="1.0"?>
<COLLADA xmlns="http://www.collada.org/2005/11/COLLADASchema" version="1.4.1">
    <asset>
        <contributor>
            <authoring_tool>CINEMA4D 15.064 COLLADA Exporter</authoring_tool>
        </contributor>
        <created>2018-04-28T04:43:56Z</created>
        <modified>2018-04-28T04:43:56Z</modified>
        <unit meter="0.01" name="centimeter"/>
        <up_axis>Y_UP</up_axis>
    </asset>
    <library_images>
        <image id="ID5">
            <init_from>goldchainmaruMM.png</init_from>
        </image>
        <image id="ID10">
            <init_from>BellMetalBase.png</init_from>
        </image>
        <image id="ID15">
            <init_from>IP2_glow1_i.png</init_from>
        </image>
        <image id="ID20">
            <init_from>IP2V_hebienv2.png</init_from>
        </image>
    </library_images>
    <library_effects>
        <effect id="ID2">
            <profile_COMMON>
                <technique sid="COMMON">
                    <blinn>
                        <diffuse>
                            <color>0.8 0.8 0.8 1</color>
                        </diffuse>
                        <specular>
                            <color>0.2 0.2 0.2 1</color>
                        </specular>
                        <shininess>
                            <float>0.5</float>
                        </shininess>
                    </blinn>
                </technique>
            </profile_COMMON>
        </effect>
        <effect id="ID4">
            <profile_COMMON>
                <newparam sid="ID6">
                    <surface type="2D">
                        <init_from>ID5</init_from>
                    </surface>
                </newparam>
                <newparam sid="ID7">
                    <sampler2D>
                        <source>ID6</source>
                    </sampler2D>
                </newparam>
                <technique sid="COMMON">
                    <blinn>
                        <diffuse>
                            <texture texture="ID7" texcoord="UVSET0"/>
                        </diffuse>
                    </blinn>
                </technique>
            </profile_COMMON>
        </effect>
        <effect id="ID9">
            <profile_COMMON>
                <newparam sid="ID11">
                    <surface type="2D">
                        <init_from>ID10</init_from>
                    </surface>
                </newparam>
                <newparam sid="ID12">
                    <sampler2D>
                        <source>ID11</source>
                    </sampler2D>
                </newparam>
                <technique sid="COMMON">
                    <blinn>
                        <diffuse>
                            <texture texture="ID12" texcoord="UVSET0"/>
                        </diffuse>
                    </blinn>
                </technique>
            </profile_COMMON>
        </effect>
        <effect id="ID14">
            <profile_COMMON>
                <newparam sid="ID16">
                    <surface type="2D">
                        <init_from>ID15</init_from>
                    </surface>
                </newparam>
                <newparam sid="ID17">
                    <sampler2D>
                        <source>ID16</source>
                    </sampler2D>
                </newparam>
                <technique sid="COMMON">
                    <blinn>
                        <diffuse>
                            <texture texture="ID17" texcoord="UVSET0"/>
                        </diffuse>
                    </blinn>
                </technique>
            </profile_COMMON>
        </effect>
        <effect id="ID19">
            <profile_COMMON>
                <newparam sid="ID21">
                    <surface type="2D">
                        <init_from>ID20</init_from>
                    </surface>
                </newparam>
                <newparam sid="ID22">
                    <sampler2D>
                        <source>ID21</source>
                    </sampler2D>
                </newparam>
                <technique sid="COMMON">
                    <blinn>
                        <diffuse>
                            <texture texture="ID22" texcoord="UVSET0"/>
                        </diffuse>
                    </blinn>
                </technique>
            </profile_COMMON>
        </effect>
    </library_effects>
    <library_materials>
        <material id="ID3" name="m3">
            <instance_effect url="#ID4"/>
        </material>
        <material id="ID8" name="m2">
            <instance_effect url="#ID9"/>
        </material>
        <material id="ID13" name="m1">
            <instance_effect url="#ID14"/>
        </material>
        <material id="ID18" name="m0">
            <instance_effect url="#ID19"/>
        </material>
    </library_materials>
    <library_geometries>
        <geometry id="ID25">
            <mesh>
                <source id="ID26">
                    <float_array id="ID27" count="987">2739.5 2517 -1646.63 -2526.5 2395.5 -2788.13 3241.13 2464.5 -646.75 -2806.88 2496.63 -2039.25 -2806.88 2496.63 -2039.25 3207.75 2526.38 -284.625 -3182.13 2445.5 -2311.88 -3182.13 2445.5 -2311.88 3184.13 2517 -278 -2667.13 2541.38 -1937.75 -2667.13 2541.38 -1937.75 3215.75 2462.63 -633.25 -3432.5 2395.5 -1541.25 2527.5 2586.25 -1836.25 2527.5 2586.25 -1836.25 -3682.88 2395.5 -770.625 2502.63 2571.5 -1818.25 2502.63 2571.5 -1818.25 -3469.5 2496.63 -0 -3469.5 2496.63 -0 1950.13 2465.5 -2684.13 -3933.25 2445.5 -0 -3933.25 2445.5 -0 1935.13 2462.63 -2663.5 -3296.75 2541.38 -0 -3296.75 2541.38 -0 1596 2462.63 -2862.63 -3682.88 2395.5 770.625 1616.63 2464.5 -2882.63 -3432.5 2395.5 1541.25 1261.88 2526.38 -2962.75 -2806.88 2496.63 2039.25 -2806.88 2496.63 2039.25 1248.38 2517 -2942.38 -3182.13 2445.5 2311.88 -3182.13 2445.5 2311.88 2242 2464.5 -2428.38 -2667.13 2541.38 1937.75 -2667.13 2541.38 1937.75 2427.88 2526.38 -2115.75 -2526.5 2395.5 2788.13 2412.5 2517 -2096.5 -1871 2395.5 3264.5 2229.38 2462.63 -2402.5 965.375 2586.25 -2971.25 965.375 2586.25 -2971.25 955.875 2571.5 -2942 955.875 2571.5 -2942 0 2465.5 -3317.75 0 2462.63 -3292.25 -391.375 2462.63 -3254.13 -386.375 2464.5 -3282.38 -720.5 2526.38 -3138.75 -719.5 2517 -3114.25 386.375 2464.5 -3282.38 720.5 2526.38 -3138.75 719.5 2517 -3114.25 391.375 2462.63 -3254.13 -965.375 2586.25 -2971.25 -965.375 2586.25 -2971.25 -955.875 2571.5 -2942 -955.875 2571.5 -2942 -1950.13 2465.5 -2684.13 -1935.13 2462.63 -2663.5 -2229.38 2462.63 -2402.5 -2242 2464.5 -2428.38 -2427.88 2526.38 -2115.75 -2412.5 2517 -2096.5 -1616.63 2464.5 -2882.63 -1261.88 2526.38 -2962.75 -1248.38 2517 -2942.38 -1596 2462.63 -2862.63 -2527.5 2586.25 -1836.25 -2527.5 2586.25 -1836.25 -2502.63 2571.5 -1818.25 -2502.63 2571.5 -1818.25 -3155.38 2465.5 -1025.25 -3131.13 2462.63 -1017.38 -3215.75 2462.63 -633.25 -3241.13 2464.5 -646.75 -3207.75 2526.38 -284.625 -3184.13 2517 -278 -3002.38 2464.5 -1381.88 -2762.38 2526.38 -1655.13 -2739.5 2517 -1646.63 -2973.88 2462.63 -1377.75 -3124.13 2586.25 -0 -3124.13 2586.25 -0 -3093.38 2571.5 -0 -3093.38 2571.5 -0 -3155.38 2465.5 1025.25 -3131.13 2462.63 1017.38 -2973.88 2462.63 1377.75 -3002.38 2464.5 1381.88 -2762.38 2526.38 1655.13 -2739.5 2517 1646.63 -3241.13 2464.5 646.75 -3207.75 2526.38 284.625 -3184.13 2517 278 -3215.75 2462.63 633.25 -2527.5 2586.25 1836.25 -2527.5 2586.25 1836.25 -2502.63 2571.5 1818.25 -2502.63 2571.5 1818.25 -1950.13 2465.5 2684.13 -1935.13 2462.63 2663.5 -1596 2462.63 2862.63 -1616.63 2464.5 2882.63 -1261.88 2526.38 2962.75 -1248.38 2517 2942.38 -2242 2464.5 2428.38 -2427.88 2526.38 2115.75 -2412.5 2517 2096.5 -2229.38 2462.63 2402.5 -1082.75 3638.38 -786.625 -1338.25 3638.38 -0 -1358.88 3616.88 -0 -1292 3396.25 -938.75 -1060.13 3652.75 -770.125 -1310.38 3652.75 -0 -1563.75 3121.88 -1134.38 -1563.25 3412.75 -0 -1578.88 3412.5 -0 -1581.5 3115.75 -1150.5 -1367.88 3594.5 -0 -1310.63 3368.63 -951.125 -1700 3016 -1235.13 -1736.75 3294.75 -0 -1742.63 3274.75 -0 -1716.5 2990.38 -1247.13 -1060.13 3652.75 770.125 -1082.75 3638.38 786.625 -1292 3396.25 938.75 -1563.75 3121.88 1134.38 -1581.5 3115.75 1150.5 -1310.63 3368.63 951.125 -1700 3016 1235.13 -1716.5 2990.38 1247.13 413.5 3638.38 -1272.75 -413.5 3638.38 -1272.75 -413.5 3638.38 -1272.75 -419.875 3616.88 -1292.38 -419.875 3616.88 -1292.38 493.5 3396.25 -1518.88 404.875 3652.75 -1246.25 -404.875 3652.75 -1246.25 -404.875 3652.75 -1246.25 594 3121.88 -1835.5 -484.625 3412.75 -1484.5 -484.625 3412.75 -1484.5 -486.5 3412.5 -1503.5 -486.5 3412.5 -1503.5 606.75 3115.75 -1861.63 -423.625 3594.5 -1299.63 -423.625 3594.5 -1299.63 498.625 3368.63 -1539.13 649.25 3016 -1998.5 -536.625 3294.75 -1651.75 -536.625 3294.75 -1651.75 -538.5 3274.75 -1657.38 -538.5 3274.75 -1657.38 655.625 2990.38 -2017.88 1338.25 3638.38 -0 1082.75 3638.38 -786.625 1099.38 3616.88 -798.75 1597 3396.25 -0 1310.38 3652.75 -0 1060.13 3652.75 -770.125 1927.75 3121.88 -0 1260.5 3412.75 -917.5 1280.88 3412.5 -929.125 1959.38 3115.75 -0 1104.13 3594.5 -803.125 1616.88 3368.63 -0 2101.38 3016 -0 1405.13 3294.75 -1020.88 1409.88 3274.75 -1024.25 2121.63 2990.38 -0 413.5 3638.38 1272.75 1082.75 3638.38 786.625 1099.38 3616.88 798.75 493.5 3396.25 1518.88 404.875 3652.75 1246.25 1060.13 3652.75 770.125 594 3121.88 1835.5 1260.5 3412.75 917.5 1280.88 3412.5 929.125 606.75 3115.75 1861.63 1104.13 3594.5 803.125 498.625 3368.63 1539.13 649.25 3016 1998.5 1405.13 3294.75 1020.88 1409.88 3274.75 1024.25 655.625 2990.38 2017.88 -413.5 3638.38 1272.75 -419.875 3616.88 1292.38 -404.875 3652.75 1246.25 -484.625 3412.75 1484.5 -486.5 3412.5 1503.5 -423.625 3594.5 1299.63 -536.625 3294.75 1651.75 -538.5 3274.75 1657.38 1035 3657.75 751.875 1035 3657.75 751.875 1279.25 3657.75 -0 1279.25 3657.75 -0 395.25 3657.75 1216.75 395.25 3657.75 1216.75 -395.25 3657.75 1216.63 -395.25 3657.75 1216.63 -1035 3657.75 751.875 -1035 3657.75 751.875 -1279.25 3657.75 -0 -1279.25 3657.75 -0 -1035 3657.75 -751.875 -1035 3657.75 -751.875 -395.25 3657.75 -1216.63 -395.25 3657.75 -1216.63 -395.25 3657.75 -1216.63 395.25 3657.75 -1216.75 395.25 3657.75 -1216.75 1035 3657.75 -751.875 1035 3657.75 -751.875 0 2465.5 3317.75 0 2462.63 3292.25 391.375 2462.63 3254.13 386.375 2464.5 3282.38 720.5 2526.38 3138.75 719.5 2517 3114.25 -386.375 2464.5 3282.38 -720.5 2526.38 3138.75 -719.5 2517 3114.25 -391.375 2462.63 3254.13 -405.125 2395.5 3740.75 965.375 2586.25 2971.25 965.375 2586.25 2971.25 405.125 2395.5 3740.75 955.875 2571.5 2942 955.875 2571.5 2942 -1215.38 2445.5 3740.75 -1215.38 2445.5 3740.75 -965.375 2586.25 2971.25 -965.375 2586.25 2971.25 -1072.13 2496.63 3299.63 -1072.13 2496.63 3299.63 -955.875 2571.5 2942 -955.875 2571.5 2942 1072.13 2496.63 3299.63 1072.13 2496.63 3299.63 1950.13 2465.5 2684.13 1215.38 2445.5 3740.75 1215.38 2445.5 3740.75 1935.13 2462.63 2663.5 1018.75 2541.38 3135.5 1018.75 2541.38 3135.5 2229.38 2462.63 2402.5 -1018.75 2541.38 3135.5 -1018.75 2541.38 3135.5 2242 2464.5 2428.38 1871 2395.5 3264.5 2427.88 2526.38 2115.75 2526.5 2395.5 2788.13 2412.5 2517 2096.5 2806.88 2496.63 2039.25 2806.88 2496.63 2039.25 1616.63 2464.5 2882.63 3182.13 2445.5 2311.88 3182.13 2445.5 2311.88 1261.88 2526.38 2962.75 2667.13 2541.38 1937.75 2667.13 2541.38 1937.75 1248.38 2517 2942.38 3432.5 2395.5 1541.25 1596 2462.63 2862.63 3682.88 2395.5 770.625 2527.5 2586.25 1836.25 2527.5 2586.25 1836.25 3469.5 2496.63 -0 3469.5 2496.63 -0 2502.63 2571.5 1818.25 2502.63 2571.5 1818.25 3933.25 2445.5 -0 3933.25 2445.5 -0 3155.38 2465.5 1025.25 3296.75 2541.38 -0 3296.75 2541.38 -0 3131.13 2462.63 1017.38 3682.88 2395.5 -770.625 3215.75 2462.63 633.25 3432.5 2395.5 -1541.25 3241.13 2464.5 646.75 2806.88 2496.63 -2039.25 2806.88 2496.63 -2039.25 3207.75 2526.38 284.625 3182.13 2445.5 -2311.88 3182.13 2445.5 -2311.88 3184.13 2517 278 2667.13 2541.38 -1937.75 2667.13 2541.38 -1937.75 3002.38 2464.5 1381.88 2526.5 2395.5 -2788.13 2762.38 2526.38 1655.13 1871 2395.5 -3264.5 2739.5 2517 1646.63 1072.13 2496.63 -3299.63 1072.13 2496.63 -3299.63 2973.88 2462.63 1377.75 1215.38 2445.5 -3740.75 1215.38 2445.5 -3740.75 3124.13 2586.25 -0 3124.13 2586.25 -0 1018.75 2541.38 -3135.5 1018.75 2541.38 -3135.5 3093.38 2571.5 -0 3093.38 2571.5 -0 405.125 2395.5 -3740.75 3155.38 2465.5 -1025.25 -405.125 2395.5 -3740.75 3131.13 2462.63 -1017.38 -1072.13 2496.63 -3299.63 -1072.13 2496.63 -3299.63 2973.88 2462.63 -1377.75 -1215.38 2445.5 -3740.75 -1215.38 2445.5 -3740.75 3002.38 2464.5 -1381.88 -1018.75 2541.38 -3135.5 -1018.75 2541.38 -3135.5 2762.38 2526.38 -1655.13 -1871 2395.5 -3264.5</float_array>
                    <technique_common>
                        <accessor count="329" source="#ID27" stride="3">
                            <param name="X" type="float"/>
                            <param name="Y" type="float"/>
                            <param name="Z" type="float"/>
                        </accessor>
                    </technique_common>
                </source>
                <source id="ID28">
                    <float_array id="ID29" count="960">-0.158704 0.987176 -0.0172157 -0.138582 0.987158 0.0794594 -0.332871 0.942942 0.00750876 -0.220865 0.959773 0.173364 -0.434192 0.843791 0.315426 -0.111563 0.950155 0.291135 -0.165971 0.796788 0.581018 0.0809076 0.949983 0.30164 0.199172 0.833277 0.515733 0.292366 0.932424 0.212388 0.507085 0.779198 0.368396 0.536727 0.843756 -2.54329e-009 0.774094 0.629171 0.0701584 0.507085 0.779198 -0.368396 0.71686 0.509896 -0.475518 0.305867 0.635038 -0.709346 0.709238 0.376024 -0.596312 0.116752 0.524403 -0.843428 -0.0978128 0.986055 -0.134644 -0.11837 0.987165 -0.107212 -0.191365 0.945515 -0.263402 -0.233189 0.959765 -0.15644 -0.434192 0.843791 -0.315426 -0.627027 0.778997 2.55825e-009 -0.647775 0.652209 0.393715 -0.296612 0.54197 0.786314 0.175315 0.640538 0.747647 -0.216882 0.425556 0.878558 0.419946 0.508536 0.751689 0 1 -0 -0.161205 0.328561 -0.930624 -0.081382 0.538098 -0.838944 -0.00635932 0.76439 -0.644723 0.16579 0.843639 -0.510674 0 0.925844 -0.377907 0.0769817 0.959544 -0.27083 -1.32129e-005 0.985996 -0.16677 0.0654966 0.987126 -0.14592 0.672361 0.511511 0.535058 0.786403 0.372998 0.492385 0.854337 0.493312 -0.163557 -0.42804 0.472229 -0.770572 -0.57378 0.649303 -0.499181 -0.747228 0.555798 -0.364334 -0.829316 0.557422 -0.0389301 -0.886801 0.457147 0.0678247 -0.574166 0.547578 0.608681 0.264937 0.942924 -0.201748 -0.37377 0.764389 -0.525363 -0.430629 0.520762 -0.737134 0.138587 0.987158 -0.0794533 0.260883 0.96537 -0 0.158609 0.987341 -0 0.128528 0.987296 0.0934155 0.307925 0.951411 2.06682e-008 0.332984 0.911342 0.242028 0.0358754 0.999026 0.0256874 0.1111 0.94879 0.295726 0.0795451 0.978445 0.190575 -0.0161537 0.998507 0.0521895 -0.126118 0.913084 0.387778 -0.267922 0.94117 0.205953 -0.194342 0.968762 0.154053 -0.063826 0.997961 -0 0.205044 0.969454 0.134592 0.515401 0.856949 0.000482773 0.175838 0.978542 0.107408 0.474823 0.878732 -0.0487121 0.199433 0.978796 -0.0467478 -0.0867488 0.969453 -0.229426 -0.418163 0.856077 -0.303761 -0.0798999 0.978444 -0.190431 -0.415481 0.877341 -0.2401 -0.189558 0.978654 -0.0794017 0.0643453 0.969374 -0.237009 -0.160559 0.855481 -0.492314 0.047082 0.978403 -0.201271 -0.196052 0.876679 -0.439315 -0.106688 0.978653 -0.17566 -0.191372 0.969453 0.153422 -0.159578 0.856057 0.491631 -0.156427 0.978439 0.134861 -0.0997953 0.877156 0.469721 -0.0169289 0.978655 0.204811 -0.0643453 0.969374 0.237009 0.160559 0.855481 0.492314 -0.047082 0.978403 0.201271 0.196052 0.876679 0.439315 0.106688 0.978653 0.17566 -0.205044 0.969454 -0.134592 -0.515401 0.856949 -0.000482773 -0.175838 0.978542 -0.107408 -0.474823 0.878732 0.0487121 -0.199433 0.978796 0.0467478 0.0867488 0.969453 0.229426 0.418163 0.856077 0.303761 0.0798999 0.978444 0.190431 0.415481 0.877341 0.2401 0.189558 0.978654 0.0794017 -0.245013 0.96945 0.0116528 -0.418149 0.856034 0.303905 -0.205834 0.978436 0.0171838 -0.356811 0.87725 0.321119 -0.134117 0.978629 0.155877 0.191372 0.969453 -0.153422 0.159578 0.856057 -0.491631 0.156427 0.978439 -0.134861 0.0997953 0.877156 -0.469721 0.0169289 0.978655 -0.204811 0.245013 0.96945 -0.0116528 0.418149 0.856034 -0.303905 0.205834 0.978436 -0.0171838 0.356811 0.87725 -0.321119 0.134117 0.978629 -0.155877 -0.340834 0.883258 -0.322005 -0.267815 0.963195 -0.0230254 -0.267922 0.94117 -0.205953 -0.194342 0.968762 -0.154053 0.0795453 0.978445 -0.190575 0.111101 0.94879 -0.295726 0.0358756 0.999026 -0.0256874 0.332984 0.911342 -0.242028 0.205044 0.969454 -0.134592 0.167562 0.97876 -0.118113 0.515401 0.856949 -0.000482773 0.398652 0.916968 0.0156742 -0.0864534 0.996014 0.0219442 -0.0176056 0.999597 -0.0222889 0.0579483 0.995276 0.077898 0.116644 0.992963 -0.0204398 0.135184 0.990803 0.00583784 -0.0867488 0.969453 0.229426 -0.0670018 0.978657 0.194271 -0.418163 0.856077 0.303761 -0.3337 0.916169 0.221986 0.245013 0.96945 0.0116528 0.205491 0.978652 0.00370232 0.418149 0.856034 0.303905 0.314299 0.916098 0.248958 -0.0829171 0.996015 -0.0328501 -0.00113677 0.999597 -0.0283507 0.00111235 0.995267 0.0971725 0.106563 0.992914 0.0525909 0.105984 0.990769 0.0845173 0.0572511 0.996012 -0.0684345 0.0273635 0.999596 0.00769414 0.191372 0.969453 0.153422 0.164059 0.978642 0.123873 0.159578 0.856057 0.491631 0.107971 0.916133 0.38606 -0.047615 0.996013 -0.0754338 0.0157763 0.999596 -0.0236425 -0.056183 0.995272 0.0792236 0.0553347 0.99292 0.105108 0.0362033 0.990823 0.130224 -0.0927275 0.99527 -0.0289632 -0.0828629 0.99292 0.0851091 0.0643453 0.969374 0.237009 0.0596098 0.978592 0.196986 -0.160559 0.855481 0.492314 -0.139853 0.915936 0.376168 0.00570166 0.996014 -0.0890197 0.0266295 0.999597 -0.0098476 -0.091982 0.995277 0.0310336 -0.0169941 0.992919 0.117575 -0.0469002 0.990875 0.12636 -0.205044 0.969454 0.134592 -0.167562 0.97876 0.118113 -0.515401 0.856949 0.000482773 -0.398652 0.916968 -0.0156742 0.0864534 0.996014 -0.0219442 0.0176056 0.999597 0.0222889 -0.0579483 0.995276 -0.077898 -0.116644 0.992963 0.0204398 -0.135184 0.990803 -0.00583784 -0.191372 0.969453 -0.153422 -0.164059 0.978642 -0.123873 -0.159578 0.856057 -0.491631 -0.107971 0.916133 -0.38606 -0.245013 0.96945 -0.0116528 -0.205491 0.978652 -0.00370232 -0.418149 0.856034 -0.303905 -0.314299 0.916098 -0.248958 0.0829171 0.996015 0.0328501 0.00113677 0.999597 0.0283507 -0.00111235 0.995267 -0.0971725 -0.106563 0.992914 -0.0525909 -0.105984 0.990769 -0.0845173 0.047615 0.996013 0.0754338 -0.0157763 0.999596 0.0236425 0.056183 0.995272 -0.0792236 -0.0553347 0.99292 -0.105108 -0.0654005 0.987188 0.145541 0.0327499 0.987153 0.156388 -0.0362033 0.990823 -0.130224 -0.112953 0.990788 0.0747004 -0.0643453 0.969374 -0.237009 -0.0596098 0.978592 -0.196986 0.160559 0.855481 -0.492314 0.139853 0.915936 -0.376168 -0.00570166 0.996014 0.0890197 -0.0266295 0.999597 0.0098476 0.091982 0.995277 -0.0310336 0.0169941 0.992919 -0.117575 -0.214792 0.283035 -0.934749 0.0885027 0.526844 -0.845342 -0.107254 0.569356 -0.815065 0.289543 0.70667 -0.645587 0.713009 0.387726 -0.584197 0.683119 0.568874 -0.457963 0.833289 0.523606 -0.177386 0.705767 0.704424 0.0753625 0.776306 0.38632 0.498103 0.646024 0.569696 0.508035 0.425554 0.525563 0.736673 0.146323 0.707129 0.691779 -0.233293 0.390095 0.89073 -0.282836 0.573138 0.769101 -0.568693 0.527055 0.631507 -0.610716 0.709699 0.351217 0.0469002 0.990875 -0.12636 -0.394905 0.562645 -0.726279 -0.522143 0.70988 -0.47269 -0.391775 0.440229 -0.807905 -0.77692 0.526302 -0.345545 0.0985169 0.895415 -0.434196 0.23662 0.968471 -0.0779435 0.0867488 0.969453 -0.229426 0.0670018 0.978657 -0.194271 0.418163 0.856077 -0.303761 0.3337 0.916169 -0.221986 0.190143 0.981756 -0 -0.0572511 0.996012 0.0684345 -0.0273635 0.999596 -0.00769414 0.0927275 0.99527 0.0289632 0.0828629 0.99292 -0.0851091 -0.919751 0.388841 0.0534882 -0.818509 0.573644 -0.0312365 -0.405268 0.914198 -0 0.112953 0.990788 -0.0747004 -0.277102 0.959903 0.0424429 -0.208223 0.977731 0.026186 -0.164026 0.986311 0.0168895 -0.146735 0.989038 -0.0164973 -0.199331 0.959888 0.197187 -0.153124 0.977714 0.143623 -0.122765 0.986313 0.110067 -0.128403 0.989037 0.0729289 -0.249099 0.959918 -0.12848 -0.183858 0.977731 -0.101187 -0.142627 0.986311 -0.0827509 -0.109034 0.989036 -0.099596 0.277102 0.959903 -0.0424429 0.208223 0.977731 -0.026186 0.164026 0.986311 -0.0168895 0.146735 0.989038 0.0164973 -0.126056 0.959921 -0.250325 -0.0893084 0.977726 -0.189938 -0.0667763 0.986307 -0.150797 -0.029653 0.989037 -0.144657 0.0452609 0.95989 -0.276701 0.0394194 0.97771 -0.206226 0.0346176 0.98631 -0.161228 0.061033 0.989039 -0.134446 0.199331 0.959888 -0.197187 0.153124 0.977714 -0.143623 0.122765 0.986313 -0.110067 0.128403 0.989037 -0.0729289 0.249099 0.959918 0.12848 0.183858 0.977731 0.101187 0.142627 0.986311 0.0827509 0.109034 0.989036 0.099596 0.126056 0.959921 0.250325 0.0893084 0.977726 0.189938 0.0667763 0.986307 0.150797 0.029653 0.989037 0.144657 -0.0452609 0.95989 0.276701 -0.0394194 0.97771 0.206226 -0.0346176 0.98631 0.161228 -0.061033 0.989039 0.134446 -0.029653 0.989037 0.144657 -0.0893084 0.977726 0.189938 -0.0667763 0.986307 0.150797 -0.128403 0.989037 -0.0729289 -0.153124 0.977714 -0.143623 -0.122765 0.986313 -0.110067 -0.146735 0.989038 0.0164973 -0.208223 0.977731 -0.026186 -0.164026 0.986311 -0.0168895 -0.061033 0.989039 -0.134446 -0.0394194 0.97771 -0.206226 -0.0346176 0.98631 -0.161228 -0.109034 0.989036 0.099596 -0.183858 0.977731 0.101187 -0.142627 0.986311 0.0827509 0.029653 0.989037 -0.144657 0.0893084 0.977726 -0.189938 0.0667763 0.986307 -0.150797 0.109034 0.989036 -0.099596 0.183858 0.977731 -0.101187 0.142627 0.986311 -0.0827509 0.128403 0.989037 0.0729289 0.153124 0.977714 0.143623 0.122765 0.986313 0.110067 0.146735 0.989038 -0.0164973 0.208223 0.977731 0.026186 0.164026 0.986311 0.0168895 0.061033 0.989039 0.134446 0.0394194 0.97771 0.206226 0.0346176 0.98631 0.161228 -0.199331 0.959888 -0.197187 -0.0452609 0.95989 -0.276701 0.249099 0.959918 -0.12848 0.126056 0.959921 -0.250325 -0.249099 0.959918 0.12848 0.277102 0.959903 0.0424429 -0.126056 0.959921 0.250325 0.199331 0.959888 0.197187 -0.277102 0.959903 -0.0424429 0.0452609 0.95989 0.276701</float_array>
                    <technique_common>
                        <accessor count="320" source="#ID29" stride="3">
                            <param name="X" type="float"/>
                            <param name="Y" type="float"/>
                            <param name="Z" type="float"/>
                        </accessor>
                    </technique_common>
                </source>
                <source id="ID30">
                    <float_array id="ID31" count="260">-1.96484 -0.253906 -1.05273 -0.253906 -1.96484 -0.265625 -1.05273 -0.265625 -1.05273 -0.277344 -0.140625 -0.265625 -0.140625 -0.277344 0.769531 -0.265625 0.769531 -0.277344 1.68164 -0.265625 1.68164 -0.277344 2.59375 -0.277344 2.59375 -0.570313 3.50586 -0.277344 3.50586 -0.304688 4.41797 -0.570313 3.50586 -0.330078 4.41992 -0.603516 -3.78906 -0.253906 -2.87695 -0.253906 -3.78906 -0.265625 -2.87695 -0.265625 -2.87695 -0.277344 -1.96484 -0.277344 -1.05273 -0.570313 -0.140625 -0.304688 0.769531 -0.570313 -0.142578 -0.330078 0.767578 -0.603516 1 0.5 0.904297 0.207031 0.904297 0.794922 0.654297 0.0253906 0.654297 0.976563 0.34375 0.0253906 0.34375 0.976563 0.09375 0.207031 0.09375 0.794922 0 0.5 5.33203 -0.330078 5.33008 -0.304688 5.33008 -0.277344 4.41797 -0.277344 5.33008 -0.265625 4.41797 -0.265625 5.33008 -0.253906 4.41797 -0.253906 1.68164 -0.304688 1.67969 -0.330078 2.59375 -0.603516 -3.78906 -0.330078 -2.87695 -0.570313 -2.87695 -0.603516 -1.96484 -0.304688 -1.96484 -0.330078 -1.05469 -0.603516 3.50586 -0.265625 -3.78906 -0.277344 -3.78906 -0.304688 3.50586 -0.253906 2.59375 -0.265625 2.59375 -0.253906 1.68164 -0.253906 2.59375 -0.910156 1.68164 -0.550781 1.67969 -0.550781 0.771484 -0.910156 0.767578 -0.902344 -0.142578 -0.550781 -0.138672 -0.550781 -1.05273 -0.910156 -1.05469 -0.902344 -1.96484 -0.550781 -0.140625 -1.54688 -0.140625 -1.5332 -0.0078125 -1.62109 -0.00976563 -1.60938 0.142578 -1.68164 -3.79102 -0.550781 -3.78711 -0.550781 -2.87891 -0.910156 -2.87695 -0.902344 4.41992 -0.902344 4.41602 -0.910156 3.50781 -0.550781 3.50391 -0.550781 0.769531 -1.54883 0.636719 -1.62109 0.769531 -1.5332 0.636719 -1.60938 0.144531 -1.69141 0.3125 -1.70313 0.3125 -1.69531 0.482422 -1.69141 0.484375 -1.68164 -0.140625 -0.253906 0.769531 -0.253906 5.33008 -0.716797 4.41797 -1.06055 5.33008 -0.693359 4.41797 -1.0293 3.50586 -0.716797 3.50586 -0.693359 2.59375 -1.06055 2.59375 -1.0293 1.68164 -0.716797 1.68164 -0.693359 0.769531 -1.06055 0.769531 -1.0293 -0.140625 -0.716797 -0.140625 -0.693359 -1.05273 -1.06055 -1.05273 -1.0293 -3.78906 -0.693359 -2.87695 -1.0293 -3.78906 -0.716797 -2.87695 -1.06055 5.32813 -0.550781 5.33203 -0.550781 2.59375 -0.902344 -1.96484 -0.716797 -1.96484 -0.693359 0.769531 -1.60352 0.769531 -1.6582 0.470703 -1.7793 0.769531 -1.71875 -0.140625 -1.71875 -0.140625 -1.6582 0.15625 -1.7793 -0.140625 -1.60352</float_array>
                    <technique_common>
                        <accessor count="130" source="#ID31" stride="2">
                            <param name="S" type="float"/>
                            <param name="T" type="float"/>
                        </accessor>
                    </technique_common>
                </source>
                <vertices id="ID32">
                    <input semantic="POSITION" source="#ID26"/>
                </vertices>
                <triangles count="398" material="Material1">
                    <input offset="0" semantic="VERTEX" source="#ID32"/>
                    <input offset="1" semantic="NORMAL" source="#ID28"/>
                    <input offset="2" semantic="TEXCOORD" source="#ID30" set="0"/>
                    <p>119 2 2 211 1 1 213 0 0 211 1 1 119 2 2 130 3 3 131 4 4 130 3 3 119 2 2 130 3 3 131 4 4 196 5 5 194 6 6 196 5 5 131 4 4 196 5 5 194 6 6 182 7 7 178 8 8 182 7 7 194 6 6 182 7 7 178 8 8 183 9 9 179 10 10 183 9 9 178 8 8 183 9 9 179 10 10 162 11 11 165 12 12 162 11 11 179 10 10 162 11 11 165 12 12 163 13 13 164 14 14 163 13 13 165 12 12 163 13 13 164 14 14 143 15 15 172 16 16 143 15 15 164 14 14 143 15 15 172 16 16 155 17 17 146 20 20 215 19 19 217 18 18 215 19 19 146 20 20 118 21 21 114 22 22 118 21 21 146 20 20 118 21 21 114 22 22 119 2 2 115 23 23 119 2 2 114 22 22 119 2 2 115 23 23 131 4 4 132 24 24 131 4 4 115 23 23 131 4 4 132 24 24 194 6 6 195 25 25 194 6 6 132 24 24 194 6 6 195 25 25 181 26 26 199 27 27 181 26 26 195 25 25 181 26 26 199 27 27 189 28 28 221 29 31 202 29 30 204 29 29 202 29 30 221 29 31 206 29 32 219 29 33 206 29 32 221 29 31 206 29 32 219 29 33 208 29 34 216 29 35 208 29 34 219 29 33 208 29 34 216 29 35 210 29 36 214 29 37 210 29 36 216 29 35 210 29 36 214 29 37 212 29 38 141 31 40 155 17 17 153 30 39 155 17 17 141 31 40 143 15 15 139 32 41 143 15 15 141 31 40 143 15 15 139 32 41 138 33 42 145 34 43 138 33 42 139 32 41 138 33 42 145 34 43 144 35 44 218 36 45 144 35 44 145 34 43 144 35 44 218 36 45 220 37 46 181 26 26 178 8 8 194 6 6 178 8 8 181 26 26 179 10 10 180 38 47 179 10 10 181 26 26 179 10 10 180 38 47 165 12 12 188 39 48 165 12 12 180 38 47 165 12 12 188 39 48 173 40 49 125 43 52 117 42 51 154 41 50 117 42 51 125 43 52 116 44 53 124 45 54 116 44 53 125 43 52 116 44 53 124 45 54 132 24 24 135 46 55 132 24 24 124 45 54 138 33 42 163 13 13 143 15 15 163 13 13 138 33 42 167 47 56 144 35 44 167 47 56 138 33 42 167 47 56 144 35 44 220 37 46 140 48 57 114 22 22 146 20 20 114 22 22 140 48 57 117 42 51 142 49 58 117 42 51 140 48 57 117 42 51 142 49 58 154 41 50 222 50 59 167 47 56 220 37 46 167 47 56 222 50 59 166 51 60 205 52 61 166 51 60 222 50 59 166 51 60 205 52 61 203 53 62 185 56 65 186 55 64 171 54 63 186 55 64 185 56 65 187 57 66 184 58 67 187 57 66 185 56 65 187 57 66 184 58 67 197 59 68 197 59 68 198 60 69 187 57 66 198 60 69 197 59 68 134 61 70 133 62 71 134 61 70 197 59 68 134 61 70 133 62 71 121 63 72 111 66 75 103 65 74 101 64 73 103 65 74 111 66 75 112 67 76 113 68 77 112 67 76 111 66 75 5 71 75 314 70 74 310 69 73 314 70 74 5 71 75 8 72 76 11 73 77 8 72 76 5 71 75 301 76 75 280 75 74 276 74 73 280 75 74 301 76 75 303 77 76 306 78 77 303 77 76 301 76 75 69 81 75 61 80 74 59 79 73 61 80 74 69 81 75 70 82 76 71 83 77 70 82 76 69 81 75 83 86 75 75 85 74 73 84 73 75 85 74 83 86 75 84 87 76 85 88 77 84 87 76 83 86 75 39 91 75 17 90 74 14 89 73 17 90 74 39 91 75 41 92 76 43 93 77 41 92 76 39 91 75 97 96 75 89 95 74 87 94 73 89 95 74 97 96 75 98 97 76 99 98 77 98 97 76 97 96 75 55 101 75 47 100 74 45 99 73 47 100 74 55 101 75 56 102 76 57 103 77 56 102 76 55 101 75 268 106 75 238 105 74 235 104 73 238 105 74 268 106 75 271 107 76 273 108 77 271 107 76 268 106 75 230 111 75 246 110 74 242 109 73 246 110 74 230 111 75 231 112 76 232 113 77 231 112 76 230 111 75 123 116 80 149 115 79 151 114 78 149 115 79 123 116 80 120 117 81 121 63 72 120 117 81 123 116 80 169 120 84 152 119 83 147 118 82 152 119 83 169 120 84 170 121 85 171 54 63 170 121 85 169 120 84 115 23 23 116 44 53 132 24 24 116 44 53 115 23 23 117 42 51 114 22 22 117 42 51 115 23 23 74 124 88 66 123 87 72 122 86 66 123 87 74 124 88 67 125 89 68 126 90 71 83 77 69 81 75 71 83 77 68 126 90 62 127 91 62 127 91 63 128 92 71 83 77 63 128 92 62 127 91 65 129 93 67 125 89 65 129 93 66 123 87 65 129 93 67 125 89 64 130 94 313 133 88 293 132 87 309 131 86 293 132 87 313 133 88 296 134 89 60 137 88 52 136 87 58 135 86 52 136 87 60 137 88 53 138 89 54 139 90 57 103 77 55 101 75 57 103 77 54 139 90 48 140 91 48 140 91 49 141 92 57 103 77 49 141 92 48 140 91 51 142 93 53 138 89 51 142 93 52 136 87 51 142 93 53 138 89 50 143 94 299 144 90 306 78 77 301 76 75 306 78 77 299 144 90 283 145 91 46 148 88 30 147 87 44 146 86 30 147 87 46 148 88 33 149 89 36 150 90 43 93 77 39 91 75 43 93 77 36 150 90 20 151 91 20 151 91 23 152 92 43 93 77 23 152 92 20 151 91 28 153 93 33 149 89 28 153 93 30 147 87 28 153 93 33 149 89 26 154 94 283 145 91 286 155 92 306 78 77 286 155 92 283 145 91 290 156 93 16 159 88 327 158 87 13 157 86 327 158 87 16 159 88 0 160 89 2 161 90 11 73 77 5 71 75 11 73 77 2 161 90 316 162 91 316 162 91 318 163 92 11 73 77 318 163 92 316 162 91 324 164 93 0 160 89 324 164 93 327 158 87 324 164 93 0 160 89 321 165 94 279 168 88 260 167 87 275 166 86 260 167 87 279 168 88 262 169 89 265 170 90 273 108 77 268 106 75 273 108 77 265 170 90 249 171 91 249 171 91 252 172 92 273 108 77 252 172 92 249 171 91 258 173 93 262 169 89 258 173 93 260 167 87 258 173 93 262 169 89 255 174 94 245 177 88 108 176 87 241 175 86 108 176 87 245 177 88 109 178 89 237 181 88 227 180 87 234 179 86 227 180 87 237 181 88 228 182 89 229 183 90 232 113 77 230 111 75 232 113 77 229 183 90 223 184 91 223 184 91 224 185 92 232 113 77 224 185 92 223 184 91 226 186 93 228 182 89 226 186 93 227 180 87 226 186 93 228 182 89 225 187 94 110 188 90 113 68 77 111 66 75 113 68 77 110 188 90 104 189 91 118 21 21 213 0 0 215 19 19 213 0 0 118 21 21 119 2 2 104 189 91 105 190 92 113 68 77 105 190 92 104 189 91 107 191 93 130 3 3 209 192 95 211 1 1 209 192 95 130 3 3 196 5 5 196 5 5 207 193 96 209 192 95 207 193 96 196 5 5 182 7 7 182 7 7 203 53 62 207 193 96 203 53 62 182 7 7 183 9 9 109 178 89 107 191 93 108 176 87 107 191 93 109 178 89 106 194 94 195 25 25 135 46 55 199 27 27 135 46 55 195 25 25 132 24 24 180 38 47 189 28 28 188 39 48 189 28 28 180 38 47 181 26 26 164 14 14 173 40 49 172 16 16 173 40 49 164 14 14 165 12 12 296 134 89 290 156 93 293 132 87 290 156 93 296 134 89 288 195 94 102 198 88 94 197 87 100 196 86 94 197 87 102 198 88 95 199 89 96 200 90 99 98 77 97 96 75 99 98 77 96 200 90 90 201 91 90 201 91 91 202 92 99 98 77 91 202 92 90 201 91 93 203 93 157 206 99 161 205 98 159 204 97 161 205 98 157 206 99 156 207 100 156 207 100 176 208 101 161 205 98 176 208 101 156 207 100 175 209 102 175 209 102 177 210 103 176 208 101 177 210 103 175 209 102 174 211 104 174 211 104 192 212 105 177 210 103 192 212 105 174 211 104 191 213 106 191 213 106 193 214 107 192 212 105 193 214 107 191 213 106 190 215 108 190 215 108 201 216 109 193 214 107 201 216 109 190 215 108 200 217 110 200 217 110 137 218 111 201 216 109 137 218 111 200 217 110 136 219 112 95 199 89 93 203 93 94 197 87 93 203 93 95 199 89 92 220 94 160 223 115 126 222 114 158 221 113 126 222 114 160 223 115 129 224 116 183 9 9 166 51 60 203 53 62 166 51 60 183 9 9 162 11 11 167 47 56 162 11 11 163 13 13 162 11 11 167 47 56 166 51 60 148 226 118 152 119 83 150 225 117 152 119 83 148 226 118 147 118 82 88 229 88 80 228 87 86 227 86 80 228 87 88 229 88 81 230 89 168 231 119 171 54 63 169 120 84 171 54 63 168 231 119 185 56 65 82 232 90 85 88 77 83 86 75 85 88 77 82 232 90 76 233 91 76 233 91 77 234 92 85 88 77 77 234 92 76 233 91 79 235 93 136 219 112 128 236 120 137 218 111 128 236 120 136 219 112 127 237 121 121 63 72 122 238 72 134 61 70 122 238 72 121 63 72 123 116 80 81 230 89 79 235 93 80 228 87 79 235 93 81 230 89 78 239 94 127 237 121 129 224 116 128 236 120 129 224 116 127 237 121 126 222 114 79 235 93 78 239 94 77 234 92 65 129 93 64 130 94 63 128 92 226 186 93 225 187 94 224 185 92 51 142 93 50 143 94 49 141 92 28 153 93 26 154 94 23 152 92 258 173 93 255 174 94 252 172 92 324 164 93 321 165 94 318 163 92 290 156 93 288 195 94 286 155 92 93 203 93 92 220 94 91 202 92 107 191 93 106 194 94 105 190 92 94 197 87 37 240 122 100 196 86 37 240 122 94 197 87 32 241 123 29 242 124 32 241 123 94 197 87 32 241 123 29 242 124 35 243 125 108 176 87 256 244 122 241 175 86 256 244 122 108 176 87 244 245 123 42 246 124 244 245 123 108 176 87 244 245 123 42 246 124 240 247 125 80 228 87 24 248 122 86 227 86 24 248 122 80 228 87 19 249 123 15 250 124 19 249 123 80 228 87 19 249 123 15 250 124 22 251 125 327 158 87 297 252 122 13 157 86 297 252 122 327 158 87 292 253 123 289 254 124 292 253 123 327 158 87 292 253 123 289 254 124 295 255 125 66 123 87 9 256 122 72 122 86 9 256 122 66 123 87 4 257 123 1 258 124 4 257 123 66 123 87 4 257 123 1 258 124 7 259 125 52 136 87 325 260 122 58 135 86 325 260 122 52 136 87 320 261 123 317 262 124 320 261 123 52 136 87 320 261 123 317 262 124 323 263 125 30 147 87 311 264 122 44 146 86 311 264 122 30 147 87 305 265 123 302 266 124 305 265 123 30 147 87 305 265 123 302 266 124 308 267 125 293 132 87 284 268 122 309 131 86 284 268 122 293 132 87 278 269 123 274 270 124 278 269 123 293 132 87 278 269 123 274 270 124 282 271 125 260 167 87 269 272 122 275 166 86 269 272 122 260 167 87 264 273 123 261 274 124 264 273 123 260 167 87 264 273 123 261 274 124 267 275 125 227 180 87 253 276 122 234 179 86 253 276 122 227 180 87 248 277 123 236 278 124 248 277 123 227 180 87 248 277 123 236 278 124 251 279 125 40 282 128 31 281 127 34 280 126 31 281 127 40 282 128 111 66 75 110 188 90 111 66 75 40 282 128 328 285 128 319 284 127 322 283 126 319 284 127 328 285 128 69 81 75 68 126 90 69 81 75 328 285 128 12 288 128 3 287 127 6 286 126 3 287 127 12 288 128 83 86 75 82 232 90 83 86 75 12 288 128 315 291 128 304 290 127 307 289 126 304 290 127 315 291 128 55 101 75 54 139 90 55 101 75 315 291 128 27 294 128 18 293 127 21 292 126 18 293 127 27 294 128 97 96 75 96 200 90 97 96 75 27 294 128 300 297 128 291 296 127 294 295 126 291 296 127 300 297 128 39 91 75 36 150 90 39 91 75 300 297 128 287 300 128 277 299 127 281 298 126 277 299 127 287 300 128 5 71 75 2 161 90 5 71 75 287 300 128 259 303 128 247 302 127 250 301 126 247 302 127 259 303 128 268 106 75 265 170 90 268 106 75 259 303 128 272 306 128 263 305 127 266 304 126 263 305 127 272 306 128 301 76 75 299 144 90 301 76 75 272 306 128 233 309 128 243 308 127 239 307 126 243 308 127 233 309 128 230 111 75 229 183 90 230 111 75 233 309 128 326 310 129 69 81 75 59 79 73 69 81 75 326 310 129 319 284 127 65 129 93 1 258 124 66 123 87 1 258 124 65 129 93 62 127 91 312 311 129 55 101 75 45 99 73 55 101 75 312 311 129 304 290 127 51 142 93 317 262 124 52 136 87 317 262 124 51 142 93 48 140 91 315 291 128 48 140 91 54 139 90 48 140 91 315 291 128 317 262 124 328 285 128 62 127 91 68 126 90 62 127 91 328 285 128 1 258 124 107 191 93 42 246 124 108 176 87 42 246 124 107 191 93 104 189 91 28 153 93 302 266 124 30 147 87 302 266 124 28 153 93 20 151 91 40 282 128 104 189 91 110 188 90 104 189 91 40 282 128 42 246 124 300 297 128 20 151 91 36 150 90 20 151 91 300 297 128 302 266 124 285 312 129 5 71 75 310 69 73 5 71 75 285 312 129 277 299 127 298 313 129 39 91 75 14 89 73 39 91 75 298 313 129 291 296 127 324 164 93 289 254 124 327 158 87 289 254 124 324 164 93 316 162 91 25 314 129 97 96 75 87 94 73 97 96 75 25 314 129 18 293 127 287 300 128 316 162 91 2 161 90 316 162 91 287 300 128 289 254 124 270 315 129 301 76 75 276 74 73 301 76 75 270 315 129 263 305 127 38 316 129 111 66 75 101 64 73 111 66 75 38 316 129 31 281 127 93 203 93 29 242 124 94 197 87 29 242 124 93 203 93 90 201 91 27 294 128 90 201 91 96 200 90 90 201 91 27 294 128 29 242 124 272 306 128 283 145 91 299 144 90 283 145 91 272 306 128 274 270 124 254 317 129 268 106 75 235 104 73 268 106 75 254 317 129 247 302 127 10 318 129 83 86 75 73 84 73 83 86 75 10 318 129 3 287 127 258 173 93 261 274 124 260 167 87 261 274 124 258 173 93 249 171 91 290 156 93 274 270 124 293 132 87 274 270 124 290 156 93 283 145 91 259 303 128 249 171 91 265 170 90 249 171 91 259 303 128 261 274 124 257 319 129 230 111 75 242 109 73 230 111 75 257 319 129 243 308 127 79 235 93 15 250 124 80 228 87 15 250 124 79 235 93 76 233 91 226 186 93 236 278 124 227 180 87 236 278 124 226 186 93 223 184 91 12 288 128 76 233 91 82 232 90 76 233 91 12 288 128 15 250 124 233 309 128 223 184 91 229 183 90 223 184 91 233 309 128 236 278 124 186 55 64 191 213 106 174 211 104 191 213 106 186 55 64 190 215 108 187 57 66 190 215 108 186 55 64 190 215 108 187 57 66 198 60 69 198 60 69 200 217 110 190 215 108 200 217 110 198 60 69 136 219 112 134 61 70 136 219 112 198 60 69 136 219 112 134 61 70 122 238 72 126 222 114 151 114 78 158 221 113 151 114 78 126 222 114 123 116 80 122 238 72 123 116 80 126 222 114 170 121 85 156 207 100 152 119 83 156 207 100 170 121 85 175 209 102 174 211 104 175 209 102 170 121 85 150 225 117 156 207 100 157 206 99 156 207 100 150 225 117 152 119 83 171 54 63 174 211 104 170 121 85 174 211 104 171 54 63 186 55 64 122 238 72 127 237 121 136 219 112 127 237 121 122 238 72 126 222 114</p>
                </triangles>
            </mesh>
        </geometry>
        <geometry id="ID34">
            <mesh>
                <source id="ID35">
                    <float_array id="ID36" count="843">2739.5 2517 -1646.63 3184.13 2517 -278 3215.75 2462.63 -633.25 2502.63 2571.5 -1818.25 2502.63 2571.5 -1818.25 1935.13 2462.63 -2663.5 1596 2462.63 -2862.63 1248.38 2517 -2942.38 2412.5 2517 -2096.5 2229.38 2462.63 -2402.5 955.875 2571.5 -2942 955.875 2571.5 -2942 0 2462.63 -3292.25 -391.375 2462.63 -3254.13 -719.5 2517 -3114.25 719.5 2517 -3114.25 391.375 2462.63 -3254.13 -955.875 2571.5 -2942 -955.875 2571.5 -2942 -1935.13 2462.63 -2663.5 -2229.38 2462.63 -2402.5 -2412.5 2517 -2096.5 -1248.38 2517 -2942.38 -1596 2462.63 -2862.63 -2502.63 2571.5 -1818.25 -2502.63 2571.5 -1818.25 -3131.13 2462.63 -1017.38 -3215.75 2462.63 -633.25 -3184.13 2517 -278 -2739.5 2517 -1646.63 -2973.88 2462.63 -1377.75 -3093.38 2571.5 -0 -3093.38 2571.5 -0 -3131.13 2462.63 1017.38 -2973.88 2462.63 1377.75 -2739.5 2517 1646.63 -3184.13 2517 278 -3215.75 2462.63 633.25 -2502.63 2571.5 1818.25 -2502.63 2571.5 1818.25 -1935.13 2462.63 2663.5 -1596 2462.63 2862.63 -1248.38 2517 2942.38 -2412.5 2517 2096.5 -2229.38 2462.63 2402.5 586.5 3150.25 1810.38 509.25 3363.38 1561.13 1123 3592.25 814.375 1258.75 3431 915.625 -1326 3363.38 -964.875 -1383.5 3592.25 -0 -1768.13 3270.25 -0 -1742.75 2988.88 -1266.25 -1541.63 3150.25 -1118.88 -1559.5 3431 -0 -2778.75 2598.25 -902.875 -2778.75 2598.25 -902.875 -2485.38 2598.25 -1805.75 -2485.38 2598.25 -1805.75 -2485.38 2598.25 -1805.75 -2532.5 2670.25 -822.875 -1928.25 2998.63 -633.125 -2265.13 2670.25 -1645.75 -1742.75 2988.88 1266.25 -1326 3363.38 964.875 -1541.63 3150.25 1118.88 -2265.13 2670.25 1645.75 -2485.38 2598.25 1805.75 -2485.38 2598.25 1805.75 -2485.38 2598.25 1805.75 -2532.5 2670.25 822.875 -1928.25 2998.63 633.125 509.25 3363.38 -1561.13 -426.125 3592.25 -1317.75 -426.125 3592.25 -1317.75 -546.25 3270.25 -1681.75 -546.25 3270.25 -1681.75 665.875 2988.88 -2048.88 586.5 3150.25 -1810.38 -483 3431 -1481.63 -483 3431 -1481.63 0 2598.25 -2921.75 0 2598.25 -2921.75 949.25 2598.25 -2921.75 949.25 2598.25 -2921.75 949.25 2598.25 -2921.75 0 2670.25 -2662.88 6.375 2998.63 -2029.75 865.125 2670.25 -2662.88 -1565.13 2670.25 -2154.38 -1197.88 2998.63 -1638.5 1643.5 3363.38 -0 1123 3592.25 -814.375 1430.88 3270.25 -1039.38 2154.63 2988.88 -0 1902 3150.25 -0 1258.75 3431 -915.625 2778.75 2598.25 -902.875 2778.75 2598.25 -902.875 3072.13 2598.25 -0 3072.13 2598.25 -0 3072.13 2598.25 -0 2532.5 2670.25 -822.875 1932.5 2998.63 -621.25 2800 2670.25 -0 1565.13 2670.25 -2154.38 1188.25 2998.63 -1645.75 1430.88 3270.25 1039.38 665.875 2988.88 2048.88 1717.38 2598.25 2363.75 1717.38 2598.25 2363.75 949.25 2598.25 2921.75 949.25 2598.25 2921.75 -1563.75 3121.88 -1134.38 1565.13 2670.25 2154.38 -1563.25 3412.75 -0 1188.25 2998.63 1645.75 865.125 2670.25 2662.88 2532.5 2670.25 822.875 -1367.88 3594.5 -0 1932.5 2998.63 621.25 -1310.63 3368.63 -951.125 -426.125 3592.25 1317.75 -546.25 3270.25 1681.75 -483 3431 1481.63 -1742.63 3274.75 -0 -865.125 2670.25 2662.88 -1716.5 2990.38 -1247.13 -949.25 2598.25 2921.75 -949.25 2598.25 2921.75 -1565.13 2670.25 2154.38 -1197.88 2998.63 1638.5 -653 3008.5 2010.63 -1563.75 3121.88 1134.38 0 2670.25 2662.88 0 2598.25 2921.75 -1310.63 3368.63 951.125 6.375 2998.63 2029.75 391.5 2480.75 3228.13 -1716.5 2990.38 1247.13 716 2539.5 3091.5 0 2483.63 3268 -716 2539.5 3091.5 -391.5 2480.75 3228.13 0 2539.5 3091.5 2214.25 2480.75 2381.5 2396.38 2539.5 2080.13 594 3121.88 -1835.5 1920.88 2483.63 2643.88 -484.625 3412.75 -1484.5 -484.625 3412.75 -1484.5 1237.75 2539.5 2921.88 1580.63 2480.75 2841.75 1817.13 2539.5 2501 -423.625 3594.5 -1299.63 -423.625 3594.5 -1299.63 2485.38 2598.25 1805.75 2485.38 2598.25 1805.75 2485.38 2598.25 1805.75 498.625 3368.63 -1539.13 3191.13 2480.75 625.125 3161.38 2539.5 274.25 3108 2483.63 1009.88 -538.5 3274.75 -1657.38 -538.5 3274.75 -1657.38 2718.88 2539.5 1636.38 655.625 2990.38 -2017.88 2949.13 2480.75 1369.88 2940.13 2539.5 955.25 2778.75 2598.25 902.875 2778.75 2598.25 902.875 2949.13 2480.75 -1369.88 2718.88 2539.5 -1636.38 3108 2483.63 -1009.88 3161.38 2539.5 -274.25 1927.75 3121.88 -0 3191.13 2480.75 -625.125 1260.5 3412.75 -917.5 2940.13 2539.5 -955.25 2485.38 2598.25 -1805.75 2485.38 2598.25 -1805.75 2485.38 2598.25 -1805.75 1580.63 2480.75 -2841.75 1104.13 3594.5 -803.125 1237.75 2539.5 -2921.88 1616.88 3368.63 -0 1920.88 2483.63 -2643.88 2396.38 2539.5 -2080.13 2214.25 2480.75 -2381.5 1409.88 3274.75 -1024.25 1817.13 2539.5 -2501 2121.63 2990.38 -0 1717.38 2598.25 -2363.75 1717.38 2598.25 -2363.75 -391.5 2480.75 -3228.13 -716 2539.5 -3091.5 0 2483.63 -3268 716 2539.5 -3091.5 391.5 2480.75 -3228.13 0 2539.5 -3091.5 594 3121.88 1835.5 -949.375 2598.25 -2921.75 -949.375 2598.25 -2921.75 -949.375 2598.25 -2921.75 -949.375 2598.25 -2921.75 1260.5 3412.75 917.5 -2214.25 2480.75 -2381.5 -2396.38 2539.5 -2080.13 -1920.88 2483.63 -2643.88 1104.13 3594.5 803.125 -1237.75 2539.5 -2921.88 498.625 3368.63 1539.13 -1580.63 2480.75 -2841.75 -1817.13 2539.5 -2501 -1717.38 2598.25 -2363.75 -1717.38 2598.25 -2363.75 1409.88 3274.75 1024.25 -3191.13 2480.75 -625.125 655.625 2990.38 2017.88 -3161.38 2539.5 -274.25 -3108 2483.63 -1009.88 -2718.88 2539.5 -1636.38 -2949.13 2480.75 -1369.88 -484.625 3412.75 1484.5 -2940.13 2539.5 -955.25 -3072.13 2598.25 -0 -3072.13 2598.25 -0 -3072.13 2598.25 -0 -423.625 3594.5 1299.63 -2949.13 2480.75 1369.88 -2718.88 2539.5 1636.38 -538.5 3274.75 1657.38 -3108 2483.63 1009.88 -3161.38 2539.5 274.25 -3191.13 2480.75 625.125 -2940.13 2539.5 955.25 -2778.75 2598.25 902.875 -2778.75 2598.25 902.875 -1580.63 2480.75 2841.75 -1237.75 2539.5 2921.88 -1920.88 2483.63 2643.88 -2396.38 2539.5 2080.13 -2214.25 2480.75 2381.5 -1817.13 2539.5 2501 -1717.38 2598.25 2363.75 -1717.38 2598.25 2363.75 0 2462.63 3292.25 2265.13 2670.25 1645.75 391.375 2462.63 3254.13 1710.5 3008.5 1242.63 2265.13 2670.25 -1645.75 1710.5 3008.5 -1242.63 719.5 2517 3114.25 -865.125 2670.25 -2662.88 -865.125 2670.25 -2662.88 -653 3008.5 -2010.63 -653 3008.5 -2010.63 -2800 2670.25 -0 -719.5 2517 3114.25 -2113.88 3008.5 -0 -391.375 2462.63 3254.13 955.875 2571.5 2942 955.875 2571.5 2942 -955.875 2571.5 2942 -955.875 2571.5 2942 1935.13 2462.63 2663.5 2229.38 2462.63 2402.5 2412.5 2517 2096.5 1248.38 2517 2942.38 1596 2462.63 2862.63 2502.63 2571.5 1818.25 2502.63 2571.5 1818.25 3131.13 2462.63 1017.38 3215.75 2462.63 633.25 3184.13 2517 278 2739.5 2517 1646.63 2973.88 2462.63 1377.75 3093.38 2571.5 -0 3093.38 2571.5 -0 3131.13 2462.63 -1017.38 2973.88 2462.63 -1377.75</float_array>
                    <technique_common>
                        <accessor count="281" source="#ID36" stride="3">
                            <param name="X" type="float"/>
                            <param name="Y" type="float"/>
                            <param name="Z" type="float"/>
                        </accessor>
                    </technique_common>
                </source>
                <source id="ID37">
                    <float_array id="ID38" count="843">-0.157493 0.963432 0.216782 -0.196123 0.942689 0.26995 -0.144816 0.908403 0.392215 -0.117876 0.924354 0.36287 0 0.94268 0.333698 -0.00218129 0.856419 0.516276 0.117935 0.924302 0.362983 0.107625 0.937661 0.330469 0.305261 0.856381 0.416445 0.381882 0.881581 0.277455 0.424833 0.851039 0.308627 0.490467 0.856324 0.161715 0.308732 0.924326 0.224291 0.317389 0.942669 0.103147 0.20686 0.966758 0.150294 0.2548 0.963443 0.0827932 -0.262307 0.172914 -0.949366 0.0685035 0.540368 -0.838636 -0.0862049 0.599214 -0.795934 0.349692 0.642711 -0.681643 0.166608 0.852796 -0.494955 0.669684 0.585201 -0.457234 0.250431 0.950741 -0.182691 0.520586 0.853809 -0 0.198448 0.980111 3.76637e-009 0.312424 0.935548 0.164746 0.0375223 0.991141 0.127406 0.136609 0.875502 0.463503 0.118016 0.976513 0.180264 -0.0996289 0.947642 0.303395 -0.0395364 0.992259 0.117724 -0.201826 0.966989 0.15556 0.365138 0.617696 -0.69651 0.228405 0.783177 -0.57833 0.278443 0.680567 -0.677715 0.0952386 0.859373 -0.502401 0.106733 0.785954 -0.609003 0.0520872 0.862172 -0.503931 0.0214112 0.77815 -0.627714 -0.0113659 0.862701 -0.505587 -0.0785122 0.797224 -0.598557 -0.0745056 0.856286 -0.511099 -0.192375 0.747597 -0.635681 -0.141737 0.835339 -0.531148 -0.332199 0.659613 -0.674207 -0.186436 0.820554 -0.540307 0.776104 0.616531 0.132484 0.620863 0.782975 0.0384664 0.730592 0.68057 0.0553169 0.50726 0.859359 -0.0647257 0.612667 0.785578 -0.0866362 0.495561 0.862069 -0.106095 0.603304 0.778409 -0.173507 0.476982 0.862905 -0.166982 0.54497 0.797224 -0.259695 0.463215 0.856186 -0.22886 0.545327 0.747353 -0.379582 0.461333 0.835373 -0.298871 0.538474 0.659772 -0.524163 0.456015 0.820823 -0.343948 0.704695 0.617617 -0.349221 0.525026 0.782846 -0.333915 0.624091 0.679982 -0.384884 0.373008 0.858995 -0.350704 0.445616 0.784843 -0.430636 0.338943 0.861777 -0.377437 0.386588 0.777725 -0.495675 0.288012 0.862588 -0.415922 0.28851 0.796633 -0.531167 0.240213 0.856153 -0.457492 0.218069 0.747849 -0.627031 0.197552 0.835661 -0.512489 0.127807 0.660481 -0.739885 0.166909 0.820791 -0.5463 -0.365138 0.617696 0.69651 -0.278443 0.680567 0.677715 -0.0952386 0.859373 0.502401 -0.106733 0.785954 0.609003 -0.0520872 0.862172 0.503931 -0.0214112 0.77815 0.627714 0.0113659 0.862701 0.505587 0.0785122 0.797224 0.598557 0.0745056 0.856286 0.511099 0.192375 0.747597 0.635681 0.141633 0.835454 0.530996 0.331917 0.660109 0.67386 0.115172 0.931994 0.343689 0.549727 0.617423 0.562663 0.479591 0.782988 0.396135 0.558633 0.680369 0.474371 0.448521 0.859271 0.245932 0.546471 0.785712 0.289873 0.463126 0.862189 0.205292 0.589905 0.77855 0.214178 0.484144 0.862836 0.145322 0.59388 0.79697 0.110209 0.509366 0.856132 0.0870819 0.663999 0.747611 0.013488 0.548794 0.83544 0.0293928 0.743724 0.6598 -0.107419 0.571615 0.820458 -0.0102635 -0.467912 0.820839 -0.327539 -0.664959 0.659587 -0.350391 -0.427001 0.835238 -0.346479 -0.530402 0.746592 -0.401589 -0.361445 0.855787 -0.370116 -0.416318 0.796354 -0.438747 -0.306571 0.862517 -0.402591 -0.351781 0.777875 -0.52073 -0.254125 0.861905 -0.438795 -0.271751 0.785627 -0.555825 -0.218336 0.859438 -0.462273 -0.173267 0.681079 -0.711414 -0.155366 0.783252 -0.601979 -0.113982 0.617096 -0.778589 0.114045 0.617434 0.778312 0.155335 0.783355 0.601852 0.173265 0.68118 0.711318 0.218313 0.859446 0.462269 0.271751 0.785627 0.555825 0.254125 0.861905 0.438795 0.351781 0.777875 0.52073 0.306571 0.862517 0.402591 0.416318 0.796354 0.438747 0.361445 0.855787 0.370116 0.530402 0.746592 0.401589 0.427001 0.835238 0.346479 0.664959 0.659587 0.350391 0.467912 0.820839 0.327539 -0.704695 0.617617 0.349221 -0.525026 0.782846 0.333915 -0.624091 0.679982 0.384884 -0.373008 0.858995 0.350704 -0.445616 0.784843 0.430636 -0.338943 0.861777 0.377437 -0.386588 0.777725 0.495675 -0.288012 0.862588 0.415922 -0.28851 0.796633 0.531167 -0.240213 0.856153 0.457492 -0.218069 0.747849 0.627031 -0.197552 0.835661 0.512489 -0.127807 0.660481 0.739885 -0.166909 0.820791 0.5463 -0.776104 0.616531 -0.132484 -0.620863 0.782975 -0.0384664 -0.730592 0.68057 -0.0553169 -0.50726 0.859359 0.0647257 -0.612667 0.785578 0.0866362 -0.495561 0.862069 0.106095 -0.603304 0.778409 0.173507 -0.476982 0.862905 0.166982 -0.54497 0.797224 0.259695 -0.463215 0.856186 0.22886 -0.545327 0.747353 0.379582 -0.461333 0.835373 0.298871 -0.538474 0.659772 0.524163 -0.456015 0.820823 0.343948 -0.549727 0.617423 -0.562663 -0.479591 0.782988 -0.396135 -0.558633 0.680369 -0.474371 -0.448521 0.859271 -0.245932 -0.546471 0.785712 -0.289873 -0.463126 0.862189 -0.205292 -0.589905 0.77855 -0.214178 -0.484144 0.862836 -0.145322 -0.59388 0.79697 -0.110209 -0.509366 0.856132 -0.0870819 -0.663999 0.747611 -0.013488 -0.548794 0.83544 -0.0293928 -0.743724 0.6598 0.107419 -0.571615 0.820458 0.0102635 0.25573 0.966748 1.86907e-009 0.381726 0.924275 -2.51461e-009 0.317389 0.942669 -0.103147 0.490467 0.856324 -0.161715 0.308732 0.924326 -0.224291 0.424833 0.851039 -0.308627 0.305261 0.856381 -0.416445 0.381882 0.881581 -0.277455 0.107625 0.937661 -0.330469 0.026628 0.999458 -0.0193566 0.0149963 0.998946 -0.0433776 0.802235 0.316051 0.506489 0.448035 0.530308 0.719748 0.641176 0.585631 0.495913 0.123244 0.647594 0.751952 -0.270471 0.601193 0.751939 -0.424847 0.849512 0.312786 -0.327445 0.94487 -0 -0.14253 0.98979 -0 -0.201826 0.966989 -0.15556 -0.20686 0.966758 0.150294 -0.2548 0.963443 0.0827932 -0.317317 0.942696 0.103123 -0.25573 0.966748 -1.86907e-009 -0.381478 0.924378 -0 -0.317317 0.942696 -0.103123 -0.491663 0.856433 -0.157446 -0.308717 0.924334 -0.224278 -0.281493 0.937492 -0.204625 -0.301657 0.85644 -0.418944 -0.334397 0.86312 -0.378421 -0.316772 0.839458 -0.441549 -0.308717 0.924334 0.224278 -0.301657 0.85644 0.418944 -0.281493 0.937492 0.204625 -0.145989 0.881333 0.449377 -0.0103495 0.99944 0.0318304 0.0149963 0.998946 0.0433776 0.026628 0.999458 0.0193566 0.196147 0.942674 0.269984 0 0.951551 0.307491 -0.491663 0.856433 0.157446 -0.47273 0.881207 -0 -0.033892 0.999425 -3.85527e-009 -0.0371969 0.998935 -0.0272936 -0.219798 0.974888 0.0358062 -0.229896 0.345498 0.909823 -0.540637 0.549792 0.636742 -0.668513 0.658441 0.345752 -0.791188 0.611074 -0.0247127 -0.424847 0.849511 -0.312786 -0.2548 0.963443 -0.0827932 -0.20686 0.966758 -0.150294 -0.196119 0.942693 -0.269939 -0.233931 0.917357 -0.322075 -0.275691 0.957838 -0.0808777 -0.3286 0.911799 -0.24626 -0.403387 0.583157 -0.705129 -0.534454 0.655001 -0.534166 -0.38882 0.432792 -0.813333 -0.765976 0.556826 -0.321287 0.728679 0.317542 -0.606789 0.827059 0.524661 -0.201754 0.760397 0.638226 0.120264 0.196147 0.942674 -0.269984 0.117935 0.924302 -0.362983 0.0790117 0.966751 -0.243206 0 0.94268 -0.333698 0 0.963431 -0.267956 0 0.963431 -0.267956 0.0823806 0.994749 -0.0607336 0.0782545 0.976376 -0.201408 0.137988 0.928912 -0.343629 0.347225 0.937782 3.87897e-009 -0.1622 0.851101 0.499318 -0.52495 0.851133 -0 0 0.945003 -0.327063 0 0.93984 -0.341614 -0.192342 0.944944 -0.264738 -0.20074 0.939867 -0.276322 -0.311186 0.944956 -0.101104 -0.324881 0.939847 -0.10555 -0.192323 0.944952 0.264723 -0.20074 0.939867 0.276322 0.192323 0.944952 0.264723 0.20074 0.939867 0.276322 0 0.93984 0.341614 0.20686 0.966758 -0.150294 0.157493 0.963432 -0.216782 -0.311186 0.944956 0.101104 -0.324881 0.939847 0.10555 -1.92193e-005 0.917326 -0.398137 -0.00218129 0.856419 -0.516276 -0.00318993 0.839453 -0.543423 0.0484408 0.863521 -0.501982 0.199599 0.974975 -0.0979036 0.311186 0.944956 0.101104 0.324881 0.939847 0.10555 0.311186 0.944956 -0.101104 0.324881 0.939847 -0.10555 0.192323 0.944952 -0.264723 0.20074 0.939867 -0.276322 0.0454077 0.998969 -0 -0.92785 0.36748 0.0636674 -0.157501 0.963432 -0.216776 -0.157468 0.963443 -0.216751 0.157493 0.963432 0.216782 0.2548 0.963443 -0.0827932 -0.0371969 0.998935 0.0272936 0.198923 0.96882 -0.147705</float_array>
                    <technique_common>
                        <accessor count="281" source="#ID38" stride="3">
                            <param name="X" type="float"/>
                            <param name="Y" type="float"/>
                            <param name="Z" type="float"/>
                        </accessor>
                    </technique_common>
                </source>
                <source id="ID39">
                    <float_array id="ID40" count="274">-0.597656 -1.52344 -0.597656 -1.44727 -0.140625 -1.52344 -0.140625 -1.44727 0.3125 -1.44727 0.3125 -1.05078 0.769531 -1.44727 0.769531 -1.0625 1.22461 -1.05078 1.68164 -0.722656 1.68164 -1.03906 2.13672 -1.05078 1.68164 -1.44727 2.13672 -1.44727 1.68164 -1.52344 2.13672 -1.52344 5.33203 -0.550781 4.41992 -0.902344 5.33203 -0.529297 4.41992 -0.867188 4.41602 -0.609375 3.50586 -0.529297 3.50391 -0.333984 2.59375 -0.609375 2.59375 -0.603516 1.68359 -0.333984 1.67969 -0.330078 0.771484 -0.609375 0.767578 -0.603516 -0.138672 -0.333984 -0.142578 -0.330078 -1.05469 -0.603516 -0.140625 -1.5332 -0.00976563 -1.60938 -0.00976563 -1.59766 0.142578 -1.68164 0.140625 -1.67188 0.3125 -1.69531 0.3125 -1.6875 0.484375 -1.68164 0.486328 -1.67188 0.636719 -1.60938 0.636719 -1.59766 0.769531 -1.5332 0.769531 -1.52344 2.59375 -1.52344 2.59375 -1.44727 3.04883 -1.44727 3.04883 -1.05078 3.50586 -1.44727 3.50586 -1.03906 3.96094 -1.05078 3.50586 -0.722656 4.41797 -1.0625 3.50586 -0.716797 4.41797 -1.06055 1.67969 -0.550781 0.767578 -0.902344 1.67969 -0.529297 0.767578 -0.867188 -0.142578 -0.529297 -1.05273 -0.609375 -1.96484 -0.333984 -1.96484 -0.330078 -2.87695 -0.603516 -1.05273 -1.52344 -1.50977 -1.52344 -1.50977 -1.44727 -1.96484 -1.52344 -1.96484 -1.44727 -2.42188 -1.44727 -2.42188 -1.05078 -2.87695 -1.44727 -2.87695 -1.0625 -3.33398 -1.05078 -3.78906 -0.722656 -3.78906 -1.03906 -1.05273 -1.44727 -0.597656 -1.05078 -1.05273 -1.0625 -0.140625 -0.722656 -0.140625 -0.716797 0.769531 -1.06055 1.68164 -0.716797 1.22461 -1.44727 0.3125 -1.52344 -1.50977 -1.05078 -1.96484 -0.722656 -1.96484 -0.716797 -2.87695 -1.06055 -3.78906 -0.716797 -0.142578 -0.550781 -1.05469 -0.902344 -1.05469 -0.867188 -1.96484 -0.529297 -2.87891 -0.609375 -2.42188 -1.52344 -2.87695 -1.52344 -3.33398 -1.44727 -3.78906 -1.44727 -3.78906 -0.330078 -3.79102 -0.333984 -3.78906 -0.529297 -2.87695 -0.867188 -3.78711 -0.550781 -2.87695 -0.902344 3.50781 -0.550781 2.59375 -0.902344 2.59375 -0.867188 3.96289 -1.44727 4.41797 -1.44727 4.41797 -1.52344 4.875 -1.44727 4.875 -1.52344 5.33008 -1.52344 3.50586 -0.330078 4.41992 -0.603516 5.32813 -0.333984 2.59375 -1.0625 -0.140625 -1.03906 -1.96484 -1.03906 0.3125 -1.59766 3.50586 -1.52344 3.96289 -1.52344 5.33008 -1.44727 4.87305 -1.05078 5.33008 -1.03906 5.33008 -0.722656 5.33008 -0.716797 2.59375 -1.06055 -1.96484 -0.550781 -3.33398 -1.52344 -3.78906 -1.52344 1.22461 -1.52344 3.04883 -1.52344 -1.05273 -1.06055 5.33203 -0.330078</float_array>
                    <technique_common>
                        <accessor count="137" source="#ID40" stride="2">
                            <param name="S" type="float"/>
                            <param name="T" type="float"/>
                        </accessor>
                    </technique_common>
                </source>
                <vertices id="ID41">
                    <input semantic="POSITION" source="#ID35"/>
                </vertices>
                <triangles count="380" material="Material1">
                    <input offset="0" semantic="VERTEX" source="#ID41"/>
                    <input offset="1" semantic="NORMAL" source="#ID37"/>
                    <input offset="2" semantic="TEXCOORD" source="#ID39" set="0"/>
                    <p>129 2 2 130 1 1 244 0 0 130 1 1 129 2 2 126 3 3 134 4 4 126 3 3 129 2 2 126 3 3 134 4 4 137 5 5 117 6 6 137 5 5 134 4 4 137 5 5 117 6 6 108 7 7 116 8 8 108 7 7 117 6 6 108 7 7 116 8 8 107 9 9 249 10 10 107 9 9 116 8 8 107 9 9 249 10 10 120 11 11 247 12 12 120 11 11 249 10 10 120 11 11 247 12 12 118 13 13 156 14 14 118 13 13 247 12 12 118 13 13 156 14 14 169 15 15 79 18 18 147 17 17 149 16 16 147 17 17 79 18 18 78 19 19 72 20 20 78 19 19 79 18 18 78 19 19 72 20 20 96 21 21 92 22 22 96 21 21 72 20 20 96 21 21 92 22 22 91 23 23 185 24 24 91 23 23 92 22 22 91 23 23 185 24 24 47 25 25 209 26 26 47 25 25 185 24 24 47 25 25 209 26 26 46 27 27 211 28 28 46 27 27 209 26 26 46 27 27 211 28 28 122 29 29 228 30 30 122 29 29 211 28 28 122 29 29 228 30 30 136 31 31 15 34 33 85 33 2 11 32 32 85 33 2 15 34 33 197 35 34 16 36 35 197 35 34 15 34 33 197 35 34 16 36 35 198 37 36 12 38 37 198 37 36 16 36 35 198 37 36 12 38 37 196 39 38 13 40 39 196 39 38 12 38 37 196 39 38 13 40 39 194 41 40 14 42 41 194 41 40 13 40 39 194 41 40 14 42 41 195 43 42 17 44 43 195 43 42 14 42 41 195 43 42 17 44 43 203 45 44 1 48 33 101 47 2 278 46 32 101 47 2 1 48 33 174 49 34 2 50 35 174 49 34 1 48 33 174 49 34 2 50 35 176 51 36 279 52 37 176 51 36 2 50 35 176 51 36 279 52 37 173 53 38 280 54 39 173 53 38 279 52 37 173 53 38 280 54 39 171 55 40 0 56 41 171 55 40 280 54 39 171 55 40 0 56 41 172 57 42 3 58 43 172 57 42 0 56 41 172 57 42 3 58 43 180 59 44 8 62 33 181 61 2 4 60 32 181 61 2 8 62 33 187 63 34 9 64 35 187 63 34 8 62 33 187 63 34 9 64 35 188 65 36 5 66 37 188 65 36 9 64 35 188 65 36 5 66 37 186 67 38 6 68 39 186 67 38 5 66 37 186 67 38 6 68 39 182 69 40 7 70 41 182 69 40 6 68 39 182 69 40 7 70 41 184 71 42 10 72 43 184 71 42 7 70 41 184 71 42 10 72 43 84 73 44 258 75 33 129 2 2 264 74 32 129 2 2 258 75 33 142 76 34 260 77 35 142 76 34 258 75 33 142 76 34 260 77 35 143 78 36 246 79 37 143 78 36 260 77 35 143 78 36 246 79 37 141 80 38 248 81 39 141 80 38 246 79 37 141 80 38 248 81 39 138 82 40 252 83 41 138 82 40 248 81 39 138 82 40 252 83 41 140 84 42 261 85 43 140 84 42 252 83 41 140 84 42 261 85 43 111 86 44 275 89 33 158 88 2 271 87 32 158 88 2 275 89 33 165 90 34 276 91 35 165 90 34 275 89 33 165 90 34 276 91 35 167 92 36 272 93 37 167 92 36 276 91 35 167 92 36 272 93 37 162 94 38 273 95 39 162 94 38 272 93 37 162 94 38 273 95 39 160 96 40 274 97 41 160 96 40 273 95 39 160 96 40 274 97 41 161 98 42 277 99 43 161 98 42 274 97 41 161 98 42 277 99 43 100 100 44 207 103 42 24 102 43 58 101 44 24 102 43 207 103 42 21 104 41 206 105 40 21 104 41 207 103 42 21 104 41 206 105 40 20 106 39 208 107 38 20 106 39 206 105 40 20 106 39 208 107 38 19 108 37 212 109 36 19 108 37 208 107 38 19 108 37 212 109 36 23 110 35 210 111 34 23 110 35 212 109 36 23 110 35 210 111 34 22 112 33 204 113 2 22 112 33 210 111 34 22 112 33 204 113 2 18 114 32 268 117 33 112 116 2 262 115 32 112 116 2 268 117 33 151 118 34 269 119 35 151 118 34 268 117 33 151 118 34 269 119 35 152 120 36 265 121 37 152 120 36 269 119 35 152 120 36 265 121 37 148 122 38 266 123 39 148 122 38 265 121 37 148 122 38 266 123 39 145 124 40 267 125 41 145 124 40 266 123 39 145 124 40 267 125 41 146 126 42 270 127 43 146 126 42 267 125 41 146 126 42 270 127 43 157 128 44 43 131 33 69 130 2 39 129 32 69 130 2 43 131 33 241 132 34 44 133 35 241 132 34 43 131 33 241 132 34 44 133 35 242 134 36 40 135 37 242 134 36 44 133 35 242 134 36 40 135 37 240 136 38 41 137 39 240 136 38 40 135 37 240 136 38 41 137 39 238 138 40 42 139 41 238 138 40 41 137 39 238 138 40 42 139 41 239 140 42 263 141 43 239 140 42 42 139 41 239 140 42 263 141 43 128 142 44 36 145 33 227 144 2 32 143 32 227 144 2 36 145 33 233 146 34 37 147 35 233 146 34 36 145 33 233 146 34 37 147 35 234 148 36 33 149 37 234 148 36 37 147 35 234 148 36 33 149 37 232 150 38 34 151 39 232 150 38 33 149 37 232 150 38 34 151 39 229 152 40 35 153 41 229 152 40 34 151 39 229 152 40 35 153 41 230 154 42 38 155 43 230 154 42 35 153 41 230 154 42 38 155 43 68 156 44 29 159 33 59 158 2 25 157 32 59 158 2 29 159 33 221 160 34 30 161 35 221 160 34 29 159 33 221 160 34 30 161 35 222 162 36 26 163 37 222 162 36 30 161 35 222 162 36 26 163 37 220 164 38 27 165 39 220 164 38 26 163 37 220 164 38 27 165 39 217 166 40 28 167 41 217 166 40 27 165 39 217 166 40 28 167 41 219 168 42 31 169 43 219 168 42 28 167 41 219 168 42 31 169 43 226 170 44 99 171 45 118 13 13 169 15 15 118 13 13 99 171 45 104 172 46 102 173 47 104 172 46 99 171 45 104 172 46 102 173 47 103 174 48 250 175 49 103 174 48 102 173 47 103 174 48 250 175 49 251 176 50 106 177 51 251 176 50 250 175 49 251 176 50 106 177 51 93 178 52 77 179 53 93 178 52 106 177 51 93 178 52 77 179 53 189 180 54 166 181 55 189 180 54 77 179 53 48 184 58 200 183 57 205 182 56 200 183 57 48 184 58 45 185 59 46 27 27 45 185 59 48 184 58 45 185 59 46 27 27 124 186 60 122 29 29 124 186 60 46 27 27 124 186 60 122 29 29 64 187 61 136 31 31 64 187 61 122 29 29 64 187 61 136 31 31 50 188 62 119 189 63 50 188 62 136 31 31 50 188 62 119 189 63 121 190 64 70 193 67 236 192 66 67 191 65 236 192 66 70 193 67 225 194 68 257 195 69 225 194 68 70 193 67 225 194 68 257 195 69 60 196 70 61 197 71 60 196 70 257 195 69 60 196 70 61 197 71 62 198 72 52 199 73 62 198 72 61 197 71 62 198 72 52 199 73 90 200 74 76 201 75 90 200 74 52 199 73 90 200 74 76 201 75 256 202 76 130 1 1 67 191 65 244 0 0 67 191 65 130 1 1 66 203 77 131 204 78 66 203 77 130 1 1 66 203 77 131 204 78 63 205 79 123 206 80 63 205 79 131 204 78 63 205 79 123 206 80 231 207 81 108 7 7 231 207 81 123 206 80 231 207 81 108 7 7 218 208 82 216 209 83 218 208 82 108 7 7 116 8 8 247 12 12 249 10 10 247 12 12 116 8 8 114 210 84 117 6 6 114 210 84 116 8 8 114 210 84 117 6 6 111 86 44 134 4 4 111 86 44 117 6 6 111 86 44 134 4 4 135 211 85 129 2 2 135 211 85 134 4 4 135 211 85 129 2 2 142 76 34 66 203 77 70 193 67 67 191 65 70 193 67 66 203 77 71 212 86 63 205 79 71 212 86 66 203 77 71 212 86 63 205 79 51 213 87 125 214 88 51 213 87 63 205 79 51 213 87 125 214 88 52 199 73 127 215 89 52 199 73 125 214 88 52 199 73 127 215 89 164 216 90 124 186 60 133 218 92 223 217 91 133 218 92 124 186 60 65 219 93 64 187 61 65 219 93 124 186 60 65 219 93 64 187 61 54 220 94 50 188 62 54 220 94 64 187 61 54 220 94 50 188 62 49 221 95 121 190 64 49 221 95 50 188 62 60 196 70 55 222 96 225 194 68 55 222 96 60 196 70 57 223 97 62 198 72 57 223 97 60 196 70 57 223 97 62 198 72 89 224 98 90 200 74 89 224 98 62 198 72 89 224 98 90 200 74 254 225 99 256 202 76 254 225 99 90 200 74 74 227 101 121 190 64 155 226 100 121 190 64 74 227 101 49 221 95 80 228 102 49 221 95 74 227 101 49 221 95 80 228 102 53 229 103 150 230 104 53 229 103 80 228 102 53 229 103 150 230 104 113 231 105 96 21 21 175 233 107 177 232 106 175 233 107 96 21 21 95 234 108 91 23 23 95 234 108 96 21 21 95 234 108 91 23 23 48 184 58 47 25 25 48 184 58 91 23 23 48 184 58 47 25 25 46 27 27 105 235 109 106 177 51 250 175 49 106 177 51 105 235 109 88 236 110 83 237 111 88 236 110 105 235 109 88 236 110 83 237 111 86 238 112 81 239 113 86 238 112 83 237 111 86 238 112 81 239 113 201 240 114 92 22 22 183 241 115 185 24 24 183 241 115 92 22 22 159 242 116 72 20 20 159 242 116 92 22 22 159 242 116 72 20 20 73 243 117 79 18 18 73 243 117 72 20 20 104 172 46 120 11 11 118 13 13 120 11 11 104 172 46 94 244 118 103 174 48 94 244 118 104 172 46 94 244 118 103 174 48 93 178 52 251 176 50 93 178 52 103 174 48 126 3 3 131 204 78 130 1 1 131 204 78 126 3 3 132 245 119 137 5 5 132 245 119 126 3 3 132 245 119 137 5 5 123 206 80 108 7 7 123 206 80 137 5 5 71 212 86 257 195 69 70 193 67 257 195 69 71 212 86 259 246 120 51 213 87 259 246 120 71 212 86 259 246 120 51 213 87 61 197 71 52 199 73 61 197 71 51 213 87 82 247 85 195 43 42 203 45 44 195 43 42 82 247 85 199 248 121 197 35 34 199 248 121 82 247 85 199 248 121 197 35 34 198 37 36 215 249 85 207 103 42 58 101 44 207 103 42 215 249 85 213 250 121 210 111 34 213 250 121 215 249 85 213 250 121 210 111 34 212 109 36 56 251 85 219 168 42 226 170 44 219 168 42 56 251 85 224 252 121 221 160 34 224 252 121 56 251 85 224 252 121 221 160 34 222 162 36 245 253 85 239 140 42 128 142 44 239 140 42 245 253 85 243 254 121 241 132 34 243 254 121 245 253 85 243 254 121 241 132 34 242 134 36 151 118 34 110 255 85 112 116 2 110 255 85 151 118 34 153 256 121 152 120 36 153 256 121 151 118 34 153 256 121 152 120 36 148 122 38 135 211 85 140 84 42 111 86 44 140 84 42 135 211 85 144 257 121 142 76 34 144 257 121 135 211 85 144 257 121 142 76 34 143 78 36 179 258 122 250 175 49 102 173 47 250 175 49 179 258 122 105 235 109 192 259 123 105 235 109 179 258 122 105 235 109 192 259 123 83 237 111 237 260 85 230 154 42 68 156 44 230 154 42 237 260 85 235 261 121 233 146 34 235 261 121 237 260 85 235 261 121 233 146 34 234 148 36 253 262 124 86 238 112 201 240 114 86 238 112 253 262 124 87 263 125 255 264 126 87 263 125 253 262 124 87 263 125 255 264 126 75 265 127 87 263 125 88 236 110 86 238 112 88 236 110 87 263 125 77 179 53 75 265 127 77 179 53 87 263 125 77 179 53 75 265 127 163 266 128 170 267 85 161 98 42 100 100 44 161 98 42 170 267 85 168 268 121 165 90 34 168 268 121 170 267 85 168 268 121 165 90 34 167 92 36 98 269 85 172 57 42 180 59 44 172 57 42 98 269 85 178 270 121 174 49 34 178 270 121 98 269 85 178 270 121 174 49 34 176 51 36 193 271 85 184 71 42 84 73 44 184 71 42 193 271 85 190 272 121 187 63 34 190 272 121 193 271 85 190 272 121 187 63 34 188 65 36 199 248 121 194 41 40 195 43 42 194 41 40 199 248 121 196 39 38 198 37 36 196 39 38 199 248 121 224 252 121 217 166 40 219 168 42 217 166 40 224 252 121 220 164 38 222 162 36 220 164 38 224 252 121 94 244 118 107 9 9 120 11 11 107 9 9 94 244 118 216 209 83 191 273 129 216 209 83 94 244 118 144 257 121 138 82 40 140 84 42 138 82 40 144 257 121 141 80 38 143 78 36 141 80 38 144 257 121 54 220 94 113 231 105 115 274 130 113 231 105 54 220 94 53 229 103 49 221 95 53 229 103 54 220 94 89 224 98 214 275 131 57 223 97 214 275 131 89 224 98 202 276 132 254 225 99 202 276 132 89 224 98 178 270 121 171 55 40 172 57 42 171 55 40 178 270 121 173 53 38 176 51 36 173 53 38 178 270 121 114 210 84 156 14 14 247 12 12 156 14 14 114 210 84 109 277 133 111 86 44 109 277 133 114 210 84 208 107 38 213 250 121 212 109 36 213 250 121 208 107 38 206 105 40 97 278 134 102 173 47 99 171 45 102 173 47 97 278 134 179 258 122 186 67 38 190 272 121 188 65 36 190 272 121 186 67 38 182 69 40 110 255 85 146 126 42 157 128 44 146 126 42 110 255 85 153 256 121 153 256 121 145 124 40 146 126 42 145 124 40 153 256 121 148 122 38 162 94 38 168 268 121 167 92 36 168 268 121 162 94 38 160 96 40 78 19 19 177 232 106 147 17 17 177 232 106 78 19 19 96 21 21 139 279 135 63 205 79 231 207 81 63 205 79 139 279 135 125 214 88 189 180 54 94 244 118 93 178 52 94 244 118 189 180 54 191 273 129 95 234 108 205 182 56 175 233 107 205 182 56 95 234 108 48 184 58 45 185 59 223 217 91 200 183 57 223 217 91 45 185 59 124 186 60 65 219 93 115 274 130 133 218 92 115 274 130 65 219 93 54 220 94 240 136 38 243 254 121 242 134 36 243 254 121 240 136 38 238 138 40 232 150 38 235 261 121 234 148 36 235 261 121 232 150 38 229 152 40 98 269 85 101 47 2 174 49 34 56 251 85 59 158 2 221 160 34 73 243 117 154 280 136 159 242 116 161 98 42 168 268 121 160 96 40 184 71 42 190 272 121 182 69 40 230 154 42 235 261 121 229 152 40 106 177 51 88 236 110 77 179 53 132 245 119 123 206 80 131 204 78 239 140 42 243 254 121 238 138 40 170 267 85 158 88 2 165 90 34 108 7 7 107 9 9 216 209 83 245 253 85 69 130 2 241 132 34 77 179 53 163 266 128 166 181 55 193 271 85 181 61 2 187 63 34 215 249 85 204 113 2 210 111 34 237 260 85 227 144 2 233 146 34 207 103 42 213 250 121 206 105 40 82 247 85 85 33 2 197 35 34 257 195 69 259 246 120 61 197 71 52 199 73 164 216 90 76 201 75</p>
                </triangles>
            </mesh>
        </geometry>
        <geometry id="ID43">
            <mesh>
                <source id="ID44">
                    <float_array id="ID45" count="3105">3116.75 2324.75 2264.5 -1224.88 2430.38 -3695.75 -3149.25 2214.13 2244.75 3102.38 2278.63 2284.38 -1201.75 2430.38 -3647 -3155 2225.38 2261.75 3086.75 2252 2305.88 -1202.75 2395.75 -3641.88 -3171.38 2242.75 2214.25 3116.75 2179.25 2264.5 -1171.38 2430.38 -3656.88 -3128.63 2294.38 2273.13 3131.25 2225.38 2244.5 -1167.5 2395.75 -3653.38 -3137.13 2267.5 2261.5 3102.38 2225.38 2284.38 -1164.75 2430.38 -3688 -3146.13 2252 2249 3887 2365.25 11.25 3887 2365.25 11.25 -1159.75 2395.75 -3689.63 -3128.63 2209.63 2273.13 3887 2365.25 -11.25 -1205.63 2376.88 -3710.5 -3120.25 2236.5 2284.75 3884.25 2353.75 -9.625 -1181.25 2376.88 -3709.88 -1181.25 2376.88 -3709.88 -3111.13 2252 2297.25 3884.25 2353.75 9.625 3884.25 2353.75 9.625 -1225.38 2376.88 -3668.38 -3120.25 2267.5 2284.75 -1727 2878 -1330.63 -1727 2878 -1330.63 3867.5 2365.25 -22.5 -1224.88 2376.88 -3695.75 -3137.13 2236.5 2261.5 -1709.13 2898.38 -1285.38 3867.5 2353.75 -19.25 -1201.75 2376.88 -3647 -3086.75 2252 2305.88 -1742.88 2979.75 -1309.88 3848 2365.25 -11.25 -1171.38 2376.88 -3656.88 -3102.38 2278.63 2284.38 -1760.88 2959.38 -1355.13 -1760.88 2959.38 -1355.13 3850.75 2353.75 -9.625 -1164.75 2376.88 -3688 -3116.75 2324.75 2264.5 -1728.75 3001.25 -1256 3848 2365.25 11.25 -1199.5 2324.75 -3691.88 -3131.25 2278.63 2244.5 -1695.63 2919.38 -1232 3850.75 2353.75 9.625 -1202.38 2355.38 -3675.63 -3146.88 2252 2223.13 -1784.38 2979.75 -1252.88 3867.5 2365.25 22.5 -1228.25 2289.88 -3667.13 -3116.75 2179.25 2264.5 -1750.63 2898.38 -1228.25 3867.5 2353.75 19.25 -1223 2278.63 -3684.38 -3102.38 2225.38 2284.38 -1799.63 2878 -1230.63 3884.25 2376.63 9.625 3884.25 2376.63 9.625 -1264.13 2261.25 -3655.5 -3131.25 2225.38 2244.5 -1833.5 2959.38 -1255.13 3884.25 2376.63 -9.625 -1248.13 2252 -3676.13 -1211.75 2365.25 3693.25 -1211.75 2365.25 3693.25 -1837.63 2858.38 -1245.38 3867.5 2376.63 -19.25 -1264.13 2242.75 -3655.5 -1190.38 2365.25 3700.25 -1873.63 2940.38 -1265.13 3850.75 2376.63 -9.625 -1150.88 2252 -3707.75 -1191.13 2353.75 3697.13 -1879.25 2835 -1268.13 3850.75 2376.63 9.625 -1125.88 2261.25 -3700.5 -1209.38 2353.75 3691.13 -1209.38 2353.75 3691.13 -1912 2917 -1292.13 3867.5 2376.63 19.25 -1161.75 2289.88 -3688.75 -1173.63 2365.25 3685.13 -1900.63 2815.25 -1306.5 3901.5 2430.38 -0 -1176.13 2278.63 -3699.5 -1176.75 2353.75 3684.13 -1933.38 2897.25 -1330.38 3906 2395.75 -0 -1187.63 2355.38 -3680.38 -1178.38 2365.25 3663.13 -1905.88 2802.13 -1344.5 3898 2395.75 26.625 3898 2395.75 26.625 -1228.25 2214.13 -3667.13 -1180.75 2353.75 3665.25 -1938.63 2884.13 -1368.38 3893.38 2430.38 22.875 3893.38 2430.38 22.875 -1223 2225.38 -3684.38 -1199.75 2365.25 3656.13 -1894.25 2797.38 -1376.25 3867.5 2430.38 -31.875 -1202.38 2148.63 -3675.63 -1199.13 2353.75 3659.38 -1927.13 2879.5 -1400.13 3867.5 2395.75 -37.125 -1199.5 2179.25 -3691.88 -1216.5 2365.25 3671.25 -1867.63 2802.13 -1397.13 3898 2395.75 -26.625 -1187.63 2148.63 -3680.38 -1213.38 2353.75 3672.25 -1900.5 2884.13 -1420.88 3893.38 2430.38 -22.875 -1161.75 2214.13 -3688.75 -1209.38 2376.63 3691.13 -1209.38 2376.63 3691.13 -1829.88 2815.25 -1403.75 3839.88 2430.38 -15.875 -1176.13 2225.38 -3699.5 -1191.13 2376.63 3697.13 -1862.75 2897.25 -1427.63 3835.25 2395.75 -18.5 -1125.88 2242.75 -3700.5 -1176.75 2376.63 3684.13 -1786.75 2835 -1395.38 3839.88 2430.38 15.875 -1195 2294.38 -3678 -1180.75 2376.63 3665.25 -1819.75 2917 -1419.13 3835.25 2395.75 18.5 -1181.38 2267.5 -3682.38 -1199.13 2376.63 3659.38 -1749.25 2858.38 -1367.13 3867.5 2430.38 31.875 -1166.63 2252 -3687.25 -1213.38 2376.63 3672.25 -1782.25 2940.38 -1391 3867.5 2395.75 37.125 -1195 2209.63 -3678 -1205.63 2430.38 3710.5 -1760.13 2972.38 -1311.63 3901.5 2376.88 -0 -1208.63 2236.5 -3673.5 -1207 2395.75 3714.88 -1775 2955.38 -1349.38 -1775 2955.38 -1349.38 3893.38 2376.88 22.875 3893.38 2376.88 22.875 -1223.38 2252 -3668.75 -1229.88 2395.75 3698.88 -1229.88 2395.75 3698.88 -1745.75 2990.75 -1268.38 3867.5 2376.88 -31.875 -1208.63 2267.5 -3673.5 -1224.88 2430.38 3695.75 -1224.88 2430.38 3695.75 -1791.38 2972.38 -1268.63 3893.38 2376.88 -22.875 -1181.38 2236.5 -3682.38 -1164.75 2430.38 3688 -1832.13 2955.38 -1270.75 3839.88 2376.88 -15.875 -1239.13 2252 -3648.25 -1159.75 2395.75 3689.63 -1862.38 2940.38 -1280.5 3839.88 2376.88 15.875 -1213.88 2278.63 -3656.38 -1179.13 2395.75 3715.5 -1894.13 2921 -1303 3867.5 2376.88 31.875 -1190.5 2324.75 -3664 -1181.25 2430.38 3709.88 -1912.63 2904.75 -1333.5 3881.88 2324.75 -0 -1167 2278.63 -3671.63 -1171.38 2430.38 3656.88 -1918.25 2893.75 -1363.38 3867.25 2355.38 -7.75 -1141.88 2252 -3679.88 -1167.5 2395.75 3653.38 -1910.13 2889.88 -1387.75 3867.25 2289.88 -35 -1190.5 2179.25 -3664 -1201.75 2430.38 3647 -1889.38 2893.75 -1403 3881.88 2278.63 -24.625 -1213.88 2225.38 -3656.38 -1202.75 2395.75 3641.88 -1859.38 2904.75 -1407 3867.25 2261.25 -72.625 -1167 2225.38 -3671.63 -1225.38 2430.38 3668.38 -1824.5 2921 -1398.88 3881.88 2252 -51.125 -3138 2365.25 -2293.75 -3138 2365.25 -2293.75 -1230.38 2395.75 3666.75 -1793.38 2940.38 -1375.5 3867.25 2242.75 -72.625 -3151.25 2365.25 -2275.63 -1205.63 2376.88 3710.5 3881.88 2252 51.125 -3148 2353.75 -2275.25 -1224.88 2376.88 3695.75 -1224.88 2376.88 3695.75 3867.25 2261.25 72.625 -3136.75 2353.75 -2290.88 -3136.75 2353.75 -2290.88 -1164.75 2376.88 3688 3867.25 2289.88 35 -3142.13 2365.25 -2255 -1181.25 2376.88 3709.88 3881.88 2278.63 24.625 -3140.25 2353.75 -2257.63 -1171.38 2376.88 3656.88 3867.25 2355.38 7.75 -3119.75 2365.25 -2252.63 -1201.75 2376.88 3647 3867.25 2214.13 -35 -3121 2353.75 -2255.63 -1225.38 2376.88 3668.38 3881.88 2225.38 -24.625 -3106.5 2365.25 -2270.88 -1199.5 2324.75 3691.88 3867.25 2148.63 -7.75 -3109.63 2353.75 -2271.25 -1187.63 2355.38 3680.38 3881.88 2179.25 -0 -3115.63 2365.25 -2291.38 -1161.75 2289.88 3688.75 3867.25 2148.63 7.75 -3117.5 2353.75 -2288.88 -1176.13 2278.63 3699.5 3867.25 2214.13 35 -3136.75 2376.63 -2290.88 -3136.75 2376.63 -2290.88 -1125.88 2261.25 3700.5 3881.88 2225.38 24.625 -3148 2376.63 -2275.25 -1150.88 2252 3707.75 3867.25 2242.75 72.625 -3140.25 2376.63 -2257.63 -1125.88 2242.75 3700.5 3867.25 2294.38 -0 -3121 2376.63 -2255.63 -1248.13 2252 3676.13 3867.25 2267.5 14.25 -3109.63 2376.63 -2271.25 -1264.13 2261.25 3655.5 -1799.13 2878 1231.25 -1799.13 2878 1231.25 3867.25 2252 29.75 -3117.5 2376.63 -2288.88 -1228.25 2289.88 3667.13 -1750.63 2898.38 1228.25 3867.25 2209.63 -0 -3156.38 2430.38 -2293.25 -1223 2278.63 3684.38 -1784.38 2979.75 1252.88 3867.25 2236.5 -14.25 -3160 2395.75 -2295.88 -1202.38 2355.38 3675.63 -1832.88 2959.38 1255.88 -1832.88 2959.38 1255.88 3867.25 2252 -29.75 -3137.75 2395.75 -2312.75 -3137.75 2395.75 -2312.75 -1161.75 2214.13 3688.75 -1728.75 3001.25 1256 3867.25 2267.5 -14.25 -3136.38 2430.38 -2307 -3136.38 2430.38 -2307 -1176.13 2225.38 3699.5 -1695.63 2919.38 1232 3867.25 2236.5 14.25 -3147.63 2430.38 -2247.38 -1187.63 2148.63 3680.38 -1742.88 2979.75 1309.88 3852.63 2252 -51.125 -3150.75 2395.75 -2243.13 -1199.5 2179.25 3691.88 -1709.13 2898.38 1285.38 3852.63 2278.63 -24.625 -3169.25 2395.75 -2269.5 -1202.38 2148.63 3675.63 -1726.5 2878 1331.25 3852.63 2324.75 -0 -3163.25 2430.38 -2269.88 -1228.25 2214.13 3667.13 -1760.25 2959.38 1355.88 3852.63 2278.63 24.625 -3115.88 2430.38 -2244.13 -1223 2225.38 3684.38 -1752.38 2858.38 1362.88 3852.63 2252 51.125 -3113.75 2395.75 -2239.25 -1264.13 2242.75 3655.5 -1782.25 2940.38 1391 3852.63 2179.25 -0 -3097.13 2430.38 -2269.88 -1195 2294.38 3678 -1786.75 2835 1395.38 3852.63 2225.38 -24.625 -3091.88 2395.75 -2269.38 -1208.63 2267.5 3673.5 -1819.75 2917 1419.13 3852.63 2225.38 24.625 -3110.13 2430.38 -2299 -1223.38 2252 3668.75 -1829.88 2815.25 1403.75 3151.25 2365.25 -2275.63 3151.25 2365.25 -2275.63 -3107 2395.75 -2303.25 -1195 2209.63 3678 -1862.75 2897.25 1427.63 3138 2365.25 -2293.75 -3156.38 2376.88 -2293.25 -1181.38 2236.5 3682.38 -1867.63 2802.13 1397.13 3136.75 2353.75 -2290.88 -3136.38 2376.88 -2307 -3136.38 2376.88 -2307 -1166.63 2252 3687.25 -1900.5 2884.13 1420.88 3148 2353.75 -2275.25 3148 2353.75 -2275.25 -3147.63 2376.88 -2247.38 -1181.38 2267.5 3682.38 -1894.25 2797.38 1376.25 3115.63 2365.25 -2291.38 -3163.25 2376.88 -2269.88 -1208.63 2236.5 3673.5 -1927.13 2879.5 1400.13 3117.5 2353.75 -2288.88 -3115.88 2376.88 -2244.13 -1141.88 2252 3679.88 -1905.88 2802.13 1344.5 3106.5 2365.25 -2270.88 -3097.13 2376.88 -2269.88 -1167 2278.63 3671.63 -1938.63 2884.13 1368.38 3109.63 2353.75 -2271.25 -3110.13 2376.88 -2299 -1190.5 2324.75 3664 -1900.63 2815.25 1306.5 3119.75 2365.25 -2252.63 -3140.5 2324.75 -2281.75 -1213.88 2278.63 3656.38 -1933.38 2897.25 1330.38 3121 2353.75 -2255.63 -3133.25 2355.38 -2266.75 -1239.13 2252 3648.25 -1879.25 2835 1268.13 3142.13 2365.25 -2255 -3149.25 2289.88 -2244.75 -1190.5 2179.25 3664 -1912 2917 1292.13 3140.25 2353.75 -2257.63 -3155 2278.63 -2261.75 -1167 2225.38 3671.63 -1840.75 2858.38 1241.13 3148 2376.63 -2275.25 3148 2376.63 -2275.25 -3171.38 2261.25 -2214.25 -1213.88 2225.38 3656.38 -1873.63 2940.38 1265.13 3136.75 2376.63 -2290.88 -3170.63 2252 -2240.38 615 2878 2091.63 615 2878 2091.63 -1791.38 2972.38 1268.63 3117.5 2376.63 -2288.88 -3171.38 2242.75 -2214.25 627.25 2898.38 2044.5 -1831.88 2955.38 1271.13 -1831.88 2955.38 1271.13 3109.63 2376.63 -2271.25 -3110.5 2252 -2323.13 640.125 2979.75 2084.13 -1745.75 2990.75 1268.38 3121 2376.63 -2255.63 -3085.88 2261.25 -2331.88 628 2959.38 2131.38 628 2959.38 2131.38 -1760.13 2972.38 1311.63 3140.25 2376.63 -2257.63 -3108.13 2289.88 -2301.38 660.25 3001.25 2032.25 -1774.75 2955.38 1349.75 3156.38 2430.38 -2293.25 -3126 2278.63 -2301.63 647.625 2919.38 1993.38 -1793.38 2940.38 1375.5 3160 2395.75 -2295.88 -3124.13 2355.38 -2279.38 707.125 2979.75 2062.38 -1824.5 2921 1398.88 3169.25 2395.75 -2269.5 3169.25 2395.75 -2269.5 -3149.25 2214.13 -2244.75 694.25 2898.38 2022.75 -1859.38 2904.75 1407 3163.25 2430.38 -2269.88 3163.25 2430.38 -2269.88 -3155 2225.38 -2261.75 732.625 2878 2053.38 -1889.38 2893.75 1403 3110.13 2430.38 -2299 -3133.25 2148.63 -2266.75 745.5 2959.38 2093.13 -1910.13 2889.88 1387.75 3107 2395.75 -2303.25 -3140.5 2179.25 -2281.75 754.625 2858.38 2087.75 -1918.25 2893.75 1363.38 3137.75 2395.75 -2312.75 -3124.13 2148.63 -2279.38 772.125 2940.38 2124.88 -1912.63 2904.75 1333.5 3136.38 2430.38 -2307 -3108.13 2214.13 -2301.38 774.875 2835 2130.5 -1894.13 2921 1303 3097.13 2430.38 -2269.88 -3126 2225.38 -2301.63 787.375 2917 2169.25 -1862.38 2940.38 1280.5 3091.88 2395.75 -2269.38 -3085.88 2242.75 -2331.88 769.625 2815.25 2174.13 3115.88 2430.38 -2244.13 -3128.63 2294.38 -2273.13 782.125 2897.25 2212.75 3113.75 2395.75 -2239.25 -3120.25 2267.5 -2284.75 751.625 2802.13 2208 3147.63 2430.38 -2247.38 -3111.13 2252 -2297.25 764.125 2884.13 2246.5 1190.38 2365.25 3700.25 1190.38 2365.25 3700.25 3150.75 2395.75 -2243.13 -3128.63 2209.63 -2273.13 723.5 2797.38 2226.88 1211.75 2365.25 3693.25 3156.38 2376.88 -2293.25 -3137.13 2236.5 -2261.5 736 2879.5 2265.5 1209.38 2353.75 3691.13 3163.25 2376.88 -2269.88 3163.25 2376.88 -2269.88 -3146.13 2252 -2249 689.625 2802.13 2228.13 1191.13 2353.75 3697.13 1191.13 2353.75 3697.13 3110.13 2376.88 -2299 -3137.13 2267.5 -2261.5 702.25 2884.13 2266.63 1216.5 2365.25 3671.25 3136.38 2376.88 -2307 -3120.25 2236.5 -2284.75 655.25 2815.25 2211.25 1213.38 2353.75 3672.25 3097.13 2376.88 -2269.88 -3146.88 2252 -2223.13 667.875 2897.25 2249.88 1199.75 2365.25 3656.13 3115.88 2376.88 -2244.13 -3131.25 2278.63 -2244.5 625.375 2835 2179.13 1199.13 2353.75 3659.38 3147.63 2376.88 -2247.38 -3116.75 2324.75 -2264.5 638 2917 2217.75 1178.38 2365.25 3663.13 3140.5 2324.75 -2281.75 -3102.38 2278.63 -2284.38 611.5 2858.38 2134.25 1180.75 2353.75 3665.25 3124.13 2355.38 -2279.38 -3086.75 2252 -2305.88 624.25 2940.38 2172.88 1173.63 2365.25 3685.13 3108.13 2289.88 -2301.38 -3116.75 2179.25 -2264.5 652.875 2972.38 2095.63 1176.75 2353.75 3684.13 3126 2278.63 -2301.63 -3131.25 2225.38 -2244.5 642.75 2955.38 2135 642.75 2955.38 2135 1191.13 2376.63 3697.13 1191.13 2376.63 3697.13 3085.88 2261.25 -2331.88 -3102.38 2225.38 -2284.38 666.75 2990.75 2052.25 1209.38 2376.63 3691.13 3110.5 2252 -2323.13 -3887 2365.25 -11.25 -3887 2365.25 -11.25 703.5 2972.38 2079.25 1213.38 2376.63 3672.25 3085.88 2242.75 -2331.88 -3887 2365.25 11.25 735.25 2955.38 2105 1199.13 2376.63 3659.38 3170.63 2252 -2240.38 -3884.25 2353.75 9.625 754 2940.38 2130.75 1180.75 2376.63 3665.25 3171.38 2261.25 -2214.25 -3884.25 2353.75 -9.625 -3884.25 2353.75 -9.625 766.5 2921 2167.5 1176.75 2376.63 3684.13 3149.25 2289.88 -2244.75 -3867.5 2365.25 22.5 763.5 2904.75 2203.13 1205.63 2430.38 3710.5 3155 2278.63 -2261.75 -3867.5 2353.75 19.25 750.5 2893.75 2230.5 1207 2395.75 3714.88 3133.25 2355.38 -2266.75 -3848 2365.25 11.25 729.5 2889.88 2245.38 1179.13 2395.75 3715.5 1179.13 2395.75 3715.5 3108.13 2214.13 -2301.38 -3850.75 2353.75 9.625 703.75 2893.75 2245.63 1181.25 2430.38 3709.88 1181.25 2430.38 3709.88 3126 2225.38 -2301.63 -3848 2365.25 -11.25 677.25 2904.75 2231.13 1225.38 2430.38 3668.38 3124.13 2148.63 -2279.38 -3850.75 2353.75 -9.625 653.75 2921 2204.13 1230.38 2395.75 3666.75 3140.5 2179.25 -2281.75 -3867.5 2365.25 -22.5 642.375 2940.38 2167 1229.88 2395.75 3698.88 3133.25 2148.63 -2266.75 -3867.5 2353.75 -19.25 1224.88 2430.38 3695.75 3149.25 2214.13 -2244.75 -3884.25 2376.63 -9.625 -3884.25 2376.63 -9.625 1201.75 2430.38 3647 3155 2225.38 -2261.75 -3884.25 2376.63 9.625 1202.75 2395.75 3641.88 3171.38 2242.75 -2214.25 -3867.5 2376.63 19.25 1171.38 2430.38 3656.88 3128.63 2294.38 -2273.13 -3850.75 2376.63 9.625 1167.5 2395.75 3653.38 3137.13 2267.5 -2261.5 -3850.75 2376.63 -9.625 1164.75 2430.38 3688 3146.13 2252 -2249 -3867.5 2376.63 -19.25 1159.75 2395.75 3689.63 3128.63 2209.63 -2273.13 -3901.5 2430.38 -0 1205.63 2376.88 3710.5 3120.25 2236.5 -2284.75 -3906 2395.75 -0 1181.25 2376.88 3709.88 1181.25 2376.88 3709.88 3111.13 2252 -2297.25 -3898 2395.75 -26.625 -3898 2395.75 -26.625 1225.38 2376.88 3668.38 3120.25 2267.5 -2284.75 -3893.38 2430.38 -22.875 -3893.38 2430.38 -22.875 1224.88 2376.88 3695.75 3137.13 2236.5 -2261.5 -3867.5 2430.38 31.875 1201.75 2376.88 3647 3086.75 2252 -2305.88 -3867.5 2395.75 37.125 1171.38 2376.88 3656.88 3102.38 2278.63 -2284.38 -3898 2395.75 26.625 1164.75 2376.88 3688 3116.75 2324.75 -2264.5 -3893.38 2430.38 22.875 1199.5 2324.75 3691.88 3131.25 2278.63 -2244.5 -3839.88 2430.38 15.875 2179.25 2878 61.375 2179.25 2878 61.375 1202.38 2355.38 3675.63 3146.88 2252 -2223.13 -3835.25 2395.75 18.5 2138.25 2898.38 35.25 1228.25 2289.88 3667.13 3116.75 2179.25 -2264.5 -3839.88 2430.38 -15.875 2180 2979.75 35.125 1223 2278.63 3684.38 3102.38 2225.38 -2284.38 -3835.25 2395.75 -18.5 2221.13 2959.38 61.25 2221.13 2959.38 61.25 1264.13 2261.25 3655.5 3131.25 2225.38 -2244.5 -3867.5 2430.38 -31.875 2136.88 3001.25 -0 1248.13 2252 3676.13 1211.75 2365.25 -3693.25 1211.75 2365.25 -3693.25 -3867.5 2395.75 -37.125 2096 2919.38 -0 1264.13 2242.75 3655.5 1190.38 2365.25 -3700.25 -3901.5 2376.88 -0 2180 2979.75 -35.125 1150.88 2252 3707.75 1191.13 2353.75 -3697.13 -3893.38 2376.88 -22.875 -3893.38 2376.88 -22.875 2138.25 2898.38 -35.25 1125.88 2261.25 3700.5 1209.38 2353.75 -3691.13 1209.38 2353.75 -3691.13 -3867.5 2376.88 31.875 2179.25 2878 -62.125 1161.75 2289.88 3688.75 1173.63 2365.25 -3685.13 -3893.38 2376.88 22.875 2221.13 2959.38 -62.125 1176.13 2278.63 3699.5 1176.75 2353.75 -3684.13 -3839.88 2376.88 15.875 2218.75 2858.38 -72.5 1187.63 2355.38 3680.38 1178.38 2365.25 -3663.13 -3839.88 2376.88 -15.875 2259.5 2940.38 -77.75 1228.25 2214.13 3667.13 1180.75 2353.75 -3665.25 -3867.5 2376.88 -31.875 2265.75 2835 -78.5 1223 2225.38 3684.38 1199.75 2365.25 -3656.13 -3881.88 2324.75 -0 2306.38 2917 -78.5 1202.38 2148.63 3675.63 1199.13 2353.75 -3659.38 -3867.25 2355.38 7.75 2305.5 2815.25 -60.125 1199.5 2179.25 3691.88 1216.5 2365.25 -3671.25 -3867.25 2289.88 35 2346.13 2897.25 -60 1187.63 2148.63 3680.38 1213.38 2353.75 -3672.25 -3881.88 2278.63 24.625 2332.13 2802.13 -32.5 1161.75 2214.13 3688.75 1209.38 2376.63 -3691.13 1209.38 2376.63 -3691.13 -3867.25 2261.25 72.625 2372.75 2884.13 -32.5 1176.13 2225.38 3699.5 1191.13 2376.63 -3697.13 -3881.88 2252 51.125 2341.5 2797.38 -0 1125.88 2242.75 3700.5 1176.75 2376.63 -3684.13 -3867.25 2242.75 72.625 2382 2879.5 -0 1195 2294.38 3678 1180.75 2376.63 -3665.25 -3881.88 2252 -51.125 2332.13 2802.13 32.5 1181.38 2267.5 3682.38 1199.13 2376.63 -3659.38 -3867.25 2261.25 -72.625 2372.75 2884.13 32.5 1166.63 2252 3687.25 1213.38 2376.63 -3672.25 -3867.25 2289.88 -35 2305.5 2815.25 60.125 1195 2209.63 3678 1205.63 2430.38 -3710.5 -3881.88 2278.63 -24.625 2346.13 2897.25 60 1208.63 2236.5 3673.5 1207 2395.75 -3714.88 -3867.25 2355.38 -7.75 2265.75 2835 78.5 1223.38 2252 3668.75 1229.88 2395.75 -3698.88 1229.88 2395.75 -3698.88 -3867.25 2214.13 35 2306.38 2917 78.5 1208.63 2267.5 3673.5 1224.88 2430.38 -3695.75 1224.88 2430.38 -3695.75 -3881.88 2225.38 24.625 2218.75 2858.38 77.75 1181.38 2236.5 3682.38 1164.75 2430.38 -3688 -3867.25 2148.63 7.75 2259.5 2940.38 77.75 1239.13 2252 3648.25 1159.75 2395.75 -3689.63 -3881.88 2179.25 -0 2194.88 2972.38 26.5 1213.88 2278.63 3656.38 1179.13 2395.75 -3715.5 -3867.25 2148.63 -7.75 2229.13 2955.38 48.375 2229.13 2955.38 48.375 1190.5 2324.75 3664 1181.25 2430.38 -3709.88 -3867.25 2214.13 -35 2157.88 2990.75 -0 1167 2278.63 3671.63 1171.38 2430.38 -3656.88 -3881.88 2225.38 -24.625 2194.88 2972.38 -26.5 1141.88 2252 3679.88 1167.5 2395.75 -3653.38 -3867.25 2242.75 -72.625 2229.13 2955.38 -48.75 1190.5 2179.25 3664 1201.75 2430.38 -3647 -3867.25 2294.38 -0 2259.5 2940.38 -58.625 1213.88 2225.38 3656.38 1202.75 2395.75 -3641.88 -3867.25 2267.5 -14.25 2298.25 2921 -59.25 1167 2225.38 3671.63 1225.38 2430.38 -3668.38 -3867.25 2252 -29.75 2331.25 2904.75 -45.25 3138 2365.25 2293.75 3138 2365.25 2293.75 1230.38 2395.75 -3666.75 -3867.25 2209.63 -0 2353.25 2893.75 -24.5 3151.25 2365.25 2275.63 1205.63 2376.88 -3710.5 -3867.25 2236.5 14.25 2361 2889.88 -0 3148 2353.75 2275.25 1224.88 2376.88 -3695.75 1224.88 2376.88 -3695.75 -3867.25 2252 29.75 2353.25 2893.75 24.5 3136.75 2353.75 2290.88 3136.75 2353.75 2290.88 1164.75 2376.88 -3688 -3867.25 2267.5 14.25 2331.25 2904.75 45.25 3142.13 2365.25 2255 1181.25 2376.88 -3709.88 -3867.25 2236.5 -14.25 2298.25 2921 59.25 3140.25 2353.75 2257.63 1171.38 2376.88 -3656.88 -3852.63 2252 51.125 2259.5 2940.38 58.625 3119.75 2365.25 2252.63 1201.75 2376.88 -3647 -3852.63 2278.63 24.625 3121 2353.75 2255.63 1225.38 2376.88 -3668.38 -3852.63 2324.75 -0 3106.5 2365.25 2270.88 1199.5 2324.75 -3691.88 -3852.63 2278.63 -24.625 3109.63 2353.75 2271.25 1187.63 2355.38 -3680.38 -3852.63 2252 -51.125 3115.63 2365.25 2291.38 1161.75 2289.88 -3688.75 -3852.63 2179.25 -0 3117.5 2353.75 2288.88 1176.13 2278.63 -3699.5 -3852.63 2225.38 24.625 3136.75 2376.63 2290.88 3136.75 2376.63 2290.88 1125.88 2261.25 -3700.5 -3852.63 2225.38 -24.625 3148 2376.63 2275.25 1150.88 2252 -3707.75 -3151.25 2365.25 2275.63 -3151.25 2365.25 2275.63 3140.25 2376.63 2257.63 1125.88 2242.75 -3700.5 -3138 2365.25 2293.75 3121 2376.63 2255.63 1248.13 2252 -3676.13 -3136.75 2353.75 2290.88 3109.63 2376.63 2271.25 1264.13 2261.25 -3655.5 -3148 2353.75 2275.25 -3148 2353.75 2275.25 3117.5 2376.63 2288.88 1228.25 2289.88 -3667.13 -3115.63 2365.25 2291.38 3156.38 2430.38 2293.25 1223 2278.63 -3684.38 -3117.5 2353.75 2288.88 3160 2395.75 2295.88 1202.38 2355.38 -3675.63 -3106.5 2365.25 2270.88 3137.75 2395.75 2312.75 3137.75 2395.75 2312.75 1161.75 2214.13 -3688.75 -3109.63 2353.75 2271.25 3136.38 2430.38 2307 3136.38 2430.38 2307 1176.13 2225.38 -3699.5 -3119.75 2365.25 2252.63 731.875 2878 -2053.63 731.875 2878 -2053.63 3147.63 2430.38 2247.38 1187.63 2148.63 -3680.38 -3121 2353.75 2255.63 694.25 2898.38 -2022.75 3150.75 2395.75 2243.13 1199.5 2179.25 -3691.88 -3142.13 2365.25 2255 707.125 2979.75 -2062.38 3169.25 2395.75 2269.5 1202.38 2148.63 -3675.63 -3140.25 2353.75 2257.63 744.625 2959.38 -2093.38 744.625 2959.38 -2093.38 3163.25 2430.38 2269.88 1228.25 2214.13 -3667.13 -3148 2376.63 2275.25 -3148 2376.63 2275.25 660.25 3001.25 -2032.25 3115.88 2430.38 2244.13 1223 2225.38 -3684.38 -3136.75 2376.63 2290.88 647.625 2919.38 -1993.38 3113.75 2395.75 2239.25 1264.13 2242.75 -3655.5 -3117.5 2376.63 2288.88 640.125 2979.75 -2084.13 3097.13 2430.38 2269.88 1195 2294.38 -3678 -3109.63 2376.63 2271.25 627.25 2898.38 -2044.5 3091.88 2395.75 2269.38 1208.63 2267.5 -3673.5 -3121 2376.63 2255.63 614.25 2878 -2091.88 3110.13 2430.38 2299 1223.38 2252 -3668.75 -3140.25 2376.63 2257.63 627.125 2959.38 -2131.63 3107 2395.75 2303.25 1195 2209.63 -3678 -3156.38 2430.38 2293.25 616.625 2858.38 -2132.63 3156.38 2376.88 2293.25 1181.38 2236.5 -3682.38 -3160 2395.75 2295.88 624.25 2940.38 -2172.88 3136.38 2376.88 2307 3136.38 2376.88 2307 1166.63 2252 -3687.25 -3169.25 2395.75 2269.5 -3169.25 2395.75 2269.5 625.375 2835 -2179.13 3147.63 2376.88 2247.38 1181.38 2267.5 -3682.38 -3163.25 2430.38 2269.88 -3163.25 2430.38 2269.88 638 2917 -2217.75 3163.25 2376.88 2269.88 1208.63 2236.5 -3673.5 -3110.13 2430.38 2299 655.25 2815.25 -2211.25 3115.88 2376.88 2244.13 1141.88 2252 -3679.88 -3107 2395.75 2303.25 667.875 2897.25 -2249.88 3097.13 2376.88 2269.88 1167 2278.63 -3671.63 -3137.75 2395.75 2312.75 689.625 2802.13 -2228.13 3110.13 2376.88 2299 1190.5 2324.75 -3664 -3136.38 2430.38 2307 702.25 2884.13 -2266.63 3140.5 2324.75 2281.75 1213.88 2278.63 -3656.38 -3097.13 2430.38 2269.88 723.5 2797.38 -2226.88 3133.25 2355.38 2266.75 1239.13 2252 -3648.25 -3091.88 2395.75 2269.38 736 2879.5 -2265.5 3149.25 2289.88 2244.75 1190.5 2179.25 -3664 -3115.88 2430.38 2244.13 751.625 2802.13 -2208 3155 2278.63 2261.75 1167 2225.38 -3671.63 -3113.75 2395.75 2239.25 764.125 2884.13 -2246.5 3171.38 2261.25 2214.25 1213.88 2225.38 -3656.38 -3147.63 2430.38 2247.38 769.625 2815.25 -2174.13 3170.63 2252 2240.38 -1190.38 2365.25 -3700.25 -1190.38 2365.25 -3700.25 -3150.75 2395.75 2243.13 782.125 2897.25 -2212.75 3171.38 2242.75 2214.25 -1211.75 2365.25 -3693.25 -3156.38 2376.88 2293.25 774.875 2835 -2130.5 3110.5 2252 2323.13 -1209.38 2353.75 -3691.13 -3163.25 2376.88 2269.88 -3163.25 2376.88 2269.88 787.375 2917 -2169.25 3085.88 2261.25 2331.88 -1191.13 2353.75 -3697.13 -1191.13 2353.75 -3697.13 -3110.13 2376.88 2299 759.625 2858.38 -2086.13 3108.13 2289.88 2301.38 -1216.5 2365.25 -3671.25 -3136.38 2376.88 2307 772.125 2940.38 -2124.88 3126 2278.63 2301.63 -1213.38 2353.75 -3672.25 -3097.13 2376.88 2269.88 703.5 2972.38 -2079.25 3124.13 2355.38 2279.38 -1199.75 2365.25 -3656.13 -3115.88 2376.88 2244.13 734.875 2955.38 -2105.13 734.875 2955.38 -2105.13 3149.25 2214.13 2244.75 -1199.13 2353.75 -3659.38 -3147.63 2376.88 2247.38 666.75 2990.75 -2052.25 3155 2225.38 2261.75 -1178.38 2365.25 -3663.13 -3140.5 2324.75 2281.75 652.875 2972.38 -2095.63 3133.25 2148.63 2266.75 -1180.75 2353.75 -3665.25 -3124.13 2355.38 2279.38 642.375 2955.38 -2135.13 3140.5 2179.25 2281.75 -1173.63 2365.25 -3685.13 -3108.13 2289.88 2301.38 642.375 2940.38 -2167 3124.13 2148.63 2279.38 -1176.75 2353.75 -3684.13 -3126 2278.63 2301.63 653.75 2921 -2204.13 3108.13 2214.13 2301.38 -1191.13 2376.63 -3697.13 -1191.13 2376.63 -3697.13 -3085.88 2261.25 2331.88 677.25 2904.75 -2231.13 3126 2225.38 2301.63 -1209.38 2376.63 -3691.13 -3110.5 2252 2323.13 703.75 2893.75 -2245.63 3085.88 2242.75 2331.88 -1213.38 2376.63 -3672.25 -3085.88 2242.75 2331.88 729.5 2889.88 -2245.38 3128.63 2294.38 2273.13 -1199.13 2376.63 -3659.38 -3170.63 2252 2240.38 750.5 2893.75 -2230.5 3120.25 2267.5 2284.75 -1180.75 2376.63 -3665.25 -3171.38 2261.25 2214.25 763.5 2904.75 -2203.13 3111.13 2252 2297.25 -1176.75 2376.63 -3684.13 -3149.25 2289.88 2244.75 766.5 2921 -2167.5 3128.63 2209.63 2273.13 -1205.63 2430.38 -3710.5 -3155 2278.63 2261.75 754 2940.38 -2130.75 3137.13 2236.5 2261.5 -1207 2395.75 -3714.88 -3133.25 2355.38 2266.75 3146.13 2252 2249 -1179.13 2395.75 -3715.5 -1179.13 2395.75 -3715.5 -3108.13 2214.13 2301.38 3137.13 2267.5 2261.5 -1181.25 2430.38 -3709.88 -1181.25 2430.38 -3709.88 -3126 2225.38 2301.63 3120.25 2236.5 2284.75 -1225.38 2430.38 -3668.38 -3124.13 2148.63 2279.38 3146.88 2252 2223.13 -1230.38 2395.75 -3666.75 -3140.5 2179.25 2281.75 3131.25 2278.63 2244.5 -1229.88 2395.75 -3698.88 -3133.25 2148.63 2266.75</float_array>
                    <technique_common>
                        <accessor count="1035" source="#ID45" stride="3">
                            <param name="X" type="float"/>
                            <param name="Y" type="float"/>
                            <param name="Z" type="float"/>
                        </accessor>
                    </technique_common>
                </source>
                <source id="ID46">
                    <float_array id="ID47" count="3618">-0.413956 -0.786838 0.45774 0.589791 -0.724842 0.356021 -0.498136 -0.822583 0.274258 0.497985 -0.822672 -0.274266 -0.58845 -0.725379 -0.357144 0.0171431 -0.555304 -0.831471 -0.668167 -0.0810721 0.739581 -0.951648 0.00221716 0.307183 -0.650634 0.241422 0.719994 -0.955634 0.270116 0.117475 -0.74248 0.000740165 -0.669868 -0.580681 0.269784 -0.768132 0.208843 0.000423786 -0.977949 0.376664 0.273754 -0.884976 0.951629 0.00234861 -0.307241 0.955617 0.270122 -0.117605 0.743203 0.00301678 0.669059 0.583481 0.26444 0.767868 0.310557 0.0812981 0.947072 0.30367 0.233731 0.923663 0.303232 -0.232447 0.924131 0.668126 -0.663812 0.336097 0.47428 -0.871273 -0.126261 0.209214 -0.738467 0.641011 -0.58304 -0.81153 0.038512 -0.0152933 -0.802512 0.59644 0.848831 -0.0961829 0.519841 0.243442 -0.00942514 0.96987 0.400035 0.142378 0.905373 0.940729 0.161841 0.298053 -0.416375 -0.72408 -0.549855 0.325219 -0.551596 -0.768098 -0.975092 -0.0646213 0.212179 -0.772539 -0.257092 0.580592 -0.79972 0.00950485 0.600298 -0.740509 -0.0607637 -0.669294 0.20947 -0.0606974 -0.975929 0.915858 -0.0566271 -0.397488 0.00660415 -0.121211 0.992605 -0.922496 0.151056 0.355223 -0.789886 0.145267 0.5958 -0.846682 0.146814 -0.511445 0.0193682 0.146536 -0.989016 0.838237 0.144804 -0.525728 -0.00165221 0.141718 0.989906 -0.366558 0.0121366 -0.930316 -0.272895 0.00959294 -0.961996 0.278507 0.184379 -0.94257 0.766968 0.593555 -0.243829 0.779411 -0.184571 0.598708 0.252077 -0.0131426 0.967618 0.329469 0.0296453 0.943701 -0.318796 -0.0494803 -0.946531 0.00370105 0.999986 0.00372036 0.319651 -0.048783 0.946279 -0.345807 -0.00955565 -0.938257 -0.29692 0.0492921 -0.953629 -0.764312 -0.593491 0.252182 -0.00180132 -0.999997 0.001911 0.288392 -0.0304252 0.957029 0.295897 0.0486301 0.953981 -0.704275 -0.324922 -0.631207 -0.749891 -0.380166 -0.541422 -0.555808 -0.350803 -0.753667 0.130642 -0.343549 -0.930004 -0.328898 0.0295663 -0.943903 0.254973 -0.416337 -0.872727 -0.250658 -0.0124219 -0.967996 0.187534 -0.239745 -0.952551 -0.650926 0.343502 -0.67698 -0.289109 -0.0296642 -0.956836 -0.720383 0.416244 -0.554789 -0.71209 0.239691 -0.659907 0.197862 0.324949 -0.924802 0.288385 0.380034 -0.878868 0.0100035 0.351474 -0.936144 0.365974 0.0132218 0.930531 0.27081 0.00839238 0.962596 -0.280923 0.185706 0.941592 -0.766774 0.593699 0.244088 -0.778909 -0.185121 -0.599193 0.347089 -0.00770936 0.9378 0.764149 -0.593677 -0.252238 -0.187045 -0.240912 0.952353 -0.254349 -0.41738 0.872411 -0.129449 -0.341484 0.93093 0.555581 -0.348423 0.754938 0.749904 -0.381331 0.540583 0.704331 -0.325985 0.630596 -0.00865 0.348588 0.937236 -0.287221 0.379782 0.879358 -0.196933 0.326446 0.924473 0.711704 0.24057 0.660002 0.720978 0.417457 0.553101 0.650615 0.342435 0.677819 -0.0640787 -0.78454 0.616758 0.685855 -0.725419 -0.0580575 -0.242605 -0.819941 0.518498 0.242102 -0.822539 -0.514603 -0.688442 -0.722875 0.0591565 -0.476979 -0.553118 -0.683046 -0.104505 -0.0769001 0.991547 -0.587682 0.001715 0.80909 -0.101615 0.231244 0.967575 -0.704301 0.260241 0.660481 -0.994558 0.000715216 -0.104182 -0.923095 0.263757 -0.279872 -0.406891 0.000498353 -0.913476 -0.218404 0.269741 -0.937838 0.589351 0.00195447 -0.807875 0.704536 0.269291 -0.656591 0.994319 0.00246366 0.106409 0.921695 0.267406 0.28102 0.805893 0.0833972 0.586158 0.789685 0.230484 0.568573 0.786735 -0.23506 0.570785 0.73591 -0.666289 -0.120401 0.308701 -0.871873 -0.380186 0.546453 -0.737258 0.397291 -0.448006 -0.812003 0.374087 0.339784 -0.800176 0.494232 0.992332 -0.0968216 -0.0768285 0.765164 -0.0094604 0.643766 0.85534 0.141604 0.498339 0.936102 0.164008 -0.31115 -0.658933 -0.725076 -0.200182 -0.18955 -0.553214 -0.811187 -0.663334 -0.0645571 0.745534 -0.283449 -0.257605 0.92374 -0.293937 0.00946819 0.955778 -0.992478 -0.0614161 -0.105902 -0.40476 -0.0614249 -0.912358 0.507247 -0.0576298 -0.859871 0.587893 -0.118035 0.800281 -0.537002 0.151595 0.829848 -0.288413 0.145703 0.946355 -0.985333 0.14813 0.0847203 -0.566173 0.148377 -0.810822 0.368149 0.14682 -0.918101 0.579944 0.13772 0.802931 -0.841953 0.0128129 -0.539399 -0.784086 0.00965807 -0.620577 -0.327274 0.185518 -0.926539 0.478028 0.592778 -0.648154 0.982743 -0.183146 0.0259578 0.771785 -0.0122909 0.635765 0.821052 0.0288005 0.570126 -0.815544 -0.0482398 -0.57668 0.000378176 0.999999 0.00117379 0.81493 -0.0482996 0.577543 -0.831992 -0.00874265 -0.554718 -0.801761 0.0484358 -0.595679 -0.468936 -0.592987 0.654573 0.00369878 -0.999987 -0.00347296 0.795724 -0.0294874 0.604941 0.80128 0.0484799 0.596323 -0.940262 -0.325551 -0.0996217 -0.925245 -0.379364 0.00223084 -0.893739 -0.350941 -0.279411 -0.443814 -0.342822 -0.82795 -0.821139 0.0313409 -0.569868 -0.306342 -0.416057 -0.856184 -0.772165 -0.013464 -0.63528 -0.409389 -0.239708 -0.880307 -0.925259 0.342591 -0.162868 -0.795631 -0.0308609 -0.604995 -0.908657 0.416542 -0.028912 -0.963542 0.240188 -0.117879 -0.384135 0.324868 -0.864234 -0.284499 0.379949 -0.88017 -0.545845 0.350018 -0.761276 0.842902 0.0123782 0.537925 0.785438 0.00785347 0.61889 0.328186 0.183308 0.926656 -0.47628 0.593474 0.648804 -0.982262 -0.185653 -0.0263529 0.831044 -0.00759689 0.556154 0.470528 -0.593342 -0.653106 0.404139 -0.241273 0.882303 0.306072 -0.417411 0.855621 0.442689 -0.342455 0.828704 0.893509 -0.349574 0.281851 0.925402 -0.378987 -0.000545378 0.940382 -0.326256 0.0961216 0.544614 0.350298 0.762028 0.283891 0.378923 0.880808 0.381206 0.326785 0.864809 0.963946 0.240923 0.112976 0.908531 0.416919 0.0273752 0.925032 0.342101 0.165173 0.308158 -0.785779 0.536274 0.5204 -0.724968 -0.451226 0.107585 -0.821817 0.559503 -0.107585 -0.821817 -0.559503 -0.5204 -0.724968 0.451226 -0.788107 -0.55149 -0.273398 0.497608 -0.080404 0.863667 -5.86283e-005 0.00145892 0.999999 0.484514 0.239006 0.8415 -0.18187 0.268991 0.945816 -0.86595 0.00243553 0.500125 -0.910897 0.265359 0.315992 -0.865894 0.00045315 -0.500228 -0.728022 0.267425 -0.631243 5.86283e-005 0.00145892 -0.999999 0.18187 0.268991 -0.945816 0.86595 0.00243553 -0.500125 0.910897 0.265359 -0.315992 0.996704 0.0811299 -0 0.971998 0.234989 0 0.972579 -0.232573 -0 0.525512 -0.664805 -0.530915 0.0265884 -0.871453 -0.489758 0.675035 -0.737786 -0 -0.142891 -0.811944 0.565976 0.563404 -0.801579 0.200116 0.757707 -0.0961961 -0.645467 0.997489 -0.00912996 0.0702344 0.984923 0.141695 -0.0992398 0.574797 0.162566 -0.801985 -0.650111 -0.725763 0.224997 -0.629872 -0.553294 -0.545094 -0.0978931 -0.0641022 0.99313 0.316095 -0.256304 0.913451 0.326509 0.00951731 0.945146 -0.865441 -0.0611173 0.497269 -0.863463 -0.0622508 -0.500557 -0.0945982 -0.057499 -0.993854 0.94612 -0.119185 0.301085 0.0543922 0.150727 0.987078 0.325066 0.144637 0.934565 -0.747864 0.148447 0.647041 -0.934433 0.149328 -0.32332 -0.241522 0.145944 -0.959358 0.941005 0.139401 0.308347 -0.998078 0.0125586 0.0606853 -0.999227 0.00823988 -0.0384449 -0.811768 0.18368 -0.554342 0.00500785 0.592694 -0.805412 0.811768 -0.18368 -0.554342 0.998078 -0.0125586 0.0606853 0.999349 0.0291026 -0.0213179 -0.998745 -0.0487647 0.0114266 2.961e-008 1 -0 0.998745 -0.0487647 -0.0114266 -0.999227 -0.00823985 0.0384449 -0.998745 0.0487647 -0.0114266 0.00500779 -0.592694 0.805412 2.961e-008 -1 -0 0.999349 -0.0291027 0.0213179 0.998745 0.0487647 0.0114266 -0.818402 -0.325055 0.473874 -0.748446 -0.378736 0.544415 -0.888841 -0.349468 0.296366 -0.845833 -0.341906 -0.409471 -0.999349 0.0291026 0.0213179 -0.752029 -0.415931 -0.511326 -0.998078 -0.0125586 -0.0606853 -0.847582 -0.239915 -0.473334 -0.845833 0.341906 0.409471 -0.999349 -0.0291026 -0.0213179 -0.752029 0.415931 0.511326 -0.847582 0.239915 0.473334 -0.818402 0.325055 -0.473874 -0.748446 0.378736 -0.544415 -0.888841 0.349468 -0.296366 0.998078 0.0125586 -0.0606853 0.999227 0.00823988 0.0384449 0.811768 0.18368 0.554342 -0.00500785 0.592694 0.805412 -0.811768 -0.18368 0.554342 0.999227 -0.00823988 -0.0384449 -0.00500785 -0.592694 -0.805412 0.847582 -0.239915 0.473334 0.752029 -0.415931 0.511326 0.845833 -0.341906 0.409471 0.888841 -0.349468 -0.296366 0.748446 -0.378736 -0.544415 0.818402 -0.325055 -0.473874 0.888841 0.349468 0.296366 0.748446 0.378736 0.544415 0.818402 0.325055 0.473874 0.847582 0.239915 -0.473334 0.752029 0.415931 -0.511326 0.845833 0.341906 -0.409471 0.564857 -0.786922 0.248377 0.157766 -0.722116 -0.673541 0.416304 -0.822293 0.387975 -0.417709 -0.819803 -0.391717 -0.15602 -0.725805 0.669974 -0.798997 -0.55038 0.242252 0.911902 -0.079554 0.402624 0.589253 0.000967947 0.807948 0.888494 0.238753 0.391887 0.409875 0.27021 0.8712 -0.406997 0.00241861 0.913426 -0.551596 0.268004 0.789883 -0.994568 0.00213851 0.104067 -0.961412 0.262413 -0.0826154 -0.587592 0.00111489 -0.809157 -0.409089 0.261194 -0.874313 0.406235 -0.000894946 -0.913768 0.551948 0.265625 -0.790441 0.806093 0.0803419 -0.58631 0.787094 0.243567 -0.566708 0.786921 -0.234136 -0.570907 0.113063 -0.664298 -0.738867 -0.266698 -0.871551 -0.411426 0.546453 -0.737258 -0.397291 0.216637 -0.812418 0.541337 0.572901 -0.802117 -0.1685 0.232568 -0.096117 -0.967819 0.84782 -0.00875729 -0.530212 0.738676 0.140293 -0.659299 -0.0077049 0.162271 -0.986716 -0.394424 -0.72496 0.564679 -0.830068 -0.553087 -0.0712845 0.504068 -0.0647331 0.861235 0.792072 -0.258896 0.552806 0.819553 0.00938752 0.572927 -0.408198 -0.061621 0.910811 -0.992884 -0.0613233 0.102081 -0.661105 -0.0575548 -0.748082 0.942315 -0.119176 -0.312793 0.623727 0.151966 0.766727 0.812459 0.146898 0.564208 -0.225021 0.148452 0.962979 -0.946276 0.148159 0.287422 -0.758894 0.146424 -0.63454 0.942533 0.139502 -0.303596 -0.772165 0.013464 0.63528 -0.831992 0.00874266 0.554718 -0.982262 0.185653 0.0263529 -0.468936 0.592987 -0.654573 0.328186 -0.183308 -0.926656 0.842902 -0.0123782 -0.537925 0.795724 0.0294873 -0.604941 -0.801761 -0.0484358 0.595679 0.00369878 0.999987 0.00347296 0.80128 -0.0484799 -0.596323 -0.784086 -0.00965806 0.620577 -0.815544 0.0482398 0.57668 0.478028 -0.592778 0.648154 0.000378176 -0.999999 -0.00117379 0.821052 -0.0288005 -0.570126 0.81493 0.0482996 -0.577543 -0.384135 -0.324868 0.864234 -0.284499 -0.379949 0.88017 -0.545845 -0.350018 0.761276 -0.925259 -0.342591 0.162868 -0.795631 0.0308609 0.604995 -0.908657 -0.416542 0.028912 -0.841953 -0.0128129 0.539399 -0.963542 -0.240188 0.117879 -0.443814 0.342822 0.82795 -0.821139 -0.0313409 0.569868 -0.306342 0.416057 0.856184 -0.409389 0.239708 0.880307 -0.940262 0.325551 0.0996217 -0.925245 0.379364 -0.00223084 -0.893739 0.350941 0.279411 0.771785 0.0122909 -0.635765 0.831044 0.00759689 -0.556154 0.982743 0.183146 -0.0259578 0.470528 0.593342 0.653106 -0.327274 -0.185518 0.926539 0.785438 -0.00785347 -0.61889 -0.47628 -0.593474 -0.648804 0.963946 -0.240923 -0.112976 0.908531 -0.416919 -0.0273752 0.925032 -0.342101 -0.165173 0.544614 -0.350298 -0.762028 0.283891 -0.378923 -0.880808 0.381206 -0.326785 -0.864809 0.893509 0.349574 -0.281851 0.925402 0.378987 0.000545378 0.940382 0.326256 -0.0961216 0.404139 0.241273 -0.882303 0.306072 0.417411 -0.855621 0.442689 0.342455 -0.828704 0.605547 -0.785394 -0.128328 -0.267459 -0.725885 -0.633685 0.564875 -0.822242 0.0695193 -0.564921 -0.822218 -0.0694471 0.268762 -0.727329 0.631474 -0.501815 -0.554553 0.663817 0.974524 -0.0810878 -0.209111 0.951595 0.000592282 0.307355 0.949341 0.239812 -0.203079 0.842872 0.27216 0.464215 0.208726 0.00253141 0.977971 0.0198413 0.270995 0.962376 -0.742561 0.00216936 0.669775 -0.823576 0.268082 0.499855 -0.951613 0.000722335 -0.307297 -0.843012 0.271859 -0.464138 -0.206873 0.00270318 -0.978364 -0.016864 0.266682 -0.963637 0.310569 0.0808122 -0.947109 0.303512 0.235833 -0.923181 0.303243 -0.232295 -0.924166 -0.342387 -0.66638 -0.662351 -0.457912 -0.871423 -0.175893 0.209214 -0.738467 -0.641011 0.495121 -0.811228 0.31107 0.364734 -0.80024 -0.476009 -0.380448 -0.0970095 -0.9197 0.376472 -0.0102905 -0.926371 0.209955 0.143876 -0.967067 -0.586253 0.163691 -0.793418 0.0136089 -0.724033 0.689631 -0.714085 -0.551365 0.431369 0.91411 -0.0646123 0.400285 0.966409 -0.256487 -0.016347 0.999818 0.00961728 -0.0164685 0.205776 -0.0609243 0.976701 -0.743031 -0.0609446 0.666476 -0.974843 -0.0568759 -0.215515 0.580606 -0.11951 -0.805365 0.955496 0.150774 0.253565 0.98934 0.144496 -0.0180701 0.385582 0.146916 0.910902 -0.597091 0.146948 0.788599 -0.987187 0.145303 -0.065948 0.585113 0.139215 -0.798913 -0.250658 0.0124219 0.967996 -0.345807 0.00955565 0.938257 -0.778909 0.185121 0.599193 -0.764312 0.593491 -0.252182 -0.280923 -0.185706 -0.941592 0.365974 -0.0132218 -0.930531 0.288392 0.0304253 -0.957029 -0.29692 -0.0492921 0.953629 -0.00180132 0.999997 -0.001911 0.295897 -0.0486301 -0.953981 -0.272895 -0.00959296 0.961996 -0.318796 0.0494803 0.946531 0.766968 -0.593555 0.243829 0.00370105 -0.999986 -0.00372036 0.329469 -0.0296452 -0.943701 0.319651 0.048783 -0.946279 0.197862 -0.324949 0.924802 0.288385 -0.380034 0.878868 0.0100035 -0.351474 0.936144 -0.650926 -0.343502 0.67698 -0.289109 0.0296642 0.956836 -0.720383 -0.416244 0.554789 -0.366558 -0.0121366 0.930316 -0.71209 -0.239691 0.659907 0.130642 0.343549 0.930004 -0.328898 -0.0295663 0.943903 0.254973 0.416337 0.872727 0.187534 0.239745 0.952551 -0.704275 0.324922 0.631207 -0.749891 0.380166 0.541422 -0.555808 0.350803 0.753667 0.252077 0.0131426 -0.967618 0.347089 0.00770936 -0.9378 0.779411 0.184571 -0.598708 0.764149 0.593677 0.252238 0.278507 -0.184379 0.94257 0.27081 -0.00839238 -0.962596 -0.766774 -0.593699 -0.244088 0.711704 -0.24057 -0.660002 0.720978 -0.417457 -0.553101 0.650615 -0.342435 -0.677819 -0.00865 -0.348588 -0.937236 -0.287221 -0.379782 -0.879358 -0.196933 -0.326446 -0.924473 0.555581 0.348423 -0.754938 0.749904 0.381331 -0.540583 0.704331 0.325985 -0.630596 -0.187045 0.240912 -0.952353 -0.254349 0.41738 -0.872411 -0.129449 0.341484 -0.93093 0.413956 -0.786838 -0.45774 -0.589791 -0.724842 -0.356021 0.498136 -0.822583 -0.274258 -0.497985 -0.822672 0.274266 0.58845 -0.725379 0.357144 -0.0171431 -0.555304 0.831471 0.668167 -0.0810721 -0.739581 0.951648 0.00221716 -0.307183 0.650634 0.241422 -0.719994 0.955634 0.270116 -0.117475 0.74248 0.000740165 0.669868 0.580681 0.269784 0.768132 -0.208843 0.000423786 0.977949 -0.376664 0.273754 0.884976 -0.951629 0.00234861 0.307241 -0.955617 0.270122 0.117605 -0.743203 0.00301678 -0.669059 -0.583481 0.26444 -0.767868 -0.310557 0.0812981 -0.947072 -0.30367 0.233731 -0.923663 -0.303232 -0.232447 -0.924131 -0.668126 -0.663812 -0.336097 -0.47428 -0.871273 0.126261 -0.209214 -0.738467 -0.641011 0.58304 -0.81153 -0.038512 0.0152933 -0.802512 -0.59644 -0.848831 -0.0961829 -0.519841 -0.243442 -0.00942514 -0.96987 -0.400035 0.142378 -0.905373 -0.940729 0.161841 -0.298053 0.416375 -0.72408 0.549855 -0.325219 -0.551596 0.768098 0.975092 -0.0646213 -0.212179 0.772539 -0.257092 -0.580592 0.79972 0.00950485 -0.600298 0.740509 -0.0607637 0.669294 -0.20947 -0.0606974 0.975929 -0.915858 -0.0566271 0.397488 -0.00660415 -0.121211 -0.992605 0.922496 0.151056 -0.355223 0.789886 0.145267 -0.5958 0.846682 0.146814 0.511445 -0.0193682 0.146536 0.989016 -0.838237 0.144804 0.525728 0.00165221 0.141718 -0.989906 0.366558 0.0121366 0.930316 0.272895 0.00959294 0.961996 -0.278507 0.184379 0.94257 -0.766968 0.593555 0.243829 -0.779411 -0.184571 -0.598708 -0.252077 -0.0131426 -0.967618 -0.329469 0.0296453 -0.943701 0.318796 -0.0494803 0.946531 -0.00370105 0.999986 -0.00372036 -0.319651 -0.048783 -0.946279 0.345807 -0.00955565 0.938257 0.29692 0.0492921 0.953629 0.764312 -0.593491 -0.252182 0.00180132 -0.999997 -0.001911 -0.288392 -0.0304252 -0.957029 -0.295897 0.0486301 -0.953981 0.704275 -0.324922 0.631207 0.749891 -0.380166 0.541422 0.555808 -0.350803 0.753667 -0.130642 -0.343549 0.930004 0.328898 0.0295663 0.943903 -0.254973 -0.416337 0.872727 0.250658 -0.0124219 0.967996 -0.187534 -0.239745 0.952551 0.650926 0.343502 0.67698 0.289109 -0.0296642 0.956836 0.720383 0.416244 0.554789 0.71209 0.239691 0.659907 -0.197862 0.324949 0.924802 -0.288385 0.380034 0.878868 -0.0100035 0.351474 0.936144 -0.365974 0.0132218 -0.930531 -0.27081 0.00839238 -0.962596 0.280923 0.185706 -0.941592 0.766774 0.593699 -0.244088 0.778909 -0.185121 0.599193 -0.347089 -0.00770936 -0.9378 -0.764149 -0.593677 0.252238 0.187045 -0.240912 -0.952353 0.254349 -0.41738 -0.872411 0.129449 -0.341484 -0.93093 -0.555581 -0.348423 -0.754938 -0.749904 -0.381331 -0.540583 -0.704331 -0.325985 -0.630596 0.00865 0.348588 -0.937236 0.287221 0.379782 -0.879358 0.196933 0.326446 -0.924473 -0.711704 0.24057 -0.660002 -0.720978 0.417457 -0.553101 -0.650615 0.342435 -0.677819 0.0640787 -0.78454 -0.616758 -0.685855 -0.725419 0.0580575 0.242605 -0.819941 -0.518498 -0.242102 -0.822539 0.514603 0.688442 -0.722875 -0.0591565 0.476979 -0.553118 0.683046 0.104505 -0.0769001 -0.991547 0.587682 0.001715 -0.80909 0.101615 0.231244 -0.967575 0.704301 0.260241 -0.660481 0.994558 0.000715216 0.104182 0.923095 0.263757 0.279872 0.406891 0.000498353 0.913476 0.218404 0.269741 0.937838 -0.589351 0.00195447 0.807875 -0.704536 0.269291 0.656591 -0.994319 0.00246366 -0.106409 -0.921695 0.267406 -0.28102 -0.805893 0.0833972 -0.586158 -0.789685 0.230484 -0.568573 -0.786735 -0.23506 -0.570785 -0.73591 -0.666289 0.120401 -0.308701 -0.871873 0.380186 -0.546453 -0.737258 -0.397291 0.448006 -0.812003 -0.374087 -0.339784 -0.800176 -0.494232 -0.992332 -0.0968216 0.0768285 -0.765164 -0.0094604 -0.643766 -0.85534 0.141604 -0.498339 -0.936102 0.164008 0.31115 0.658933 -0.725076 0.200182 0.18955 -0.553214 0.811187 0.663334 -0.0645571 -0.745534 0.283449 -0.257605 -0.92374 0.293937 0.00946819 -0.955778 0.992478 -0.0614161 0.105902 0.40476 -0.0614249 0.912358 -0.507247 -0.0576298 0.859871 -0.587893 -0.118035 -0.800281 0.537002 0.151595 -0.829848 0.288413 0.145703 -0.946355 0.985333 0.14813 -0.0847203 0.566173 0.148377 0.810822 -0.368149 0.14682 0.918101 -0.579944 0.13772 -0.802931 0.841953 0.0128129 0.539399 0.784086 0.00965807 0.620577 0.327274 0.185518 0.926539 -0.478028 0.592778 0.648154 -0.982743 -0.183146 -0.0259578 -0.771785 -0.0122909 -0.635765 -0.821052 0.0288005 -0.570126 0.815544 -0.0482398 0.57668 -0.000378176 0.999999 -0.00117379 -0.81493 -0.0482996 -0.577543 0.831992 -0.00874265 0.554718 0.801761 0.0484358 0.595679 0.468936 -0.592987 -0.654573 -0.00369878 -0.999987 0.00347296 -0.795724 -0.0294874 -0.604941 -0.80128 0.0484799 -0.596323 0.940262 -0.325551 0.0996217 0.925245 -0.379364 -0.00223084 0.893739 -0.350941 0.279411 0.443814 -0.342822 0.82795 0.821139 0.0313409 0.569868 0.306342 -0.416057 0.856184 0.772165 -0.013464 0.63528 0.409389 -0.239708 0.880307 0.925259 0.342591 0.162868 0.795631 -0.0308609 0.604995 0.908657 0.416542 0.028912 0.963542 0.240188 0.117879 0.384135 0.324868 0.864234 0.284499 0.379949 0.88017 0.545845 0.350018 0.761276 -0.842902 0.0123782 -0.537925 -0.785438 0.00785347 -0.61889 -0.328186 0.183308 -0.926656 0.47628 0.593474 -0.648804 0.982262 -0.185653 0.0263529 -0.831044 -0.00759689 -0.556154 -0.470528 -0.593342 0.653106 -0.404139 -0.241273 -0.882303 -0.306072 -0.417411 -0.855621 -0.442689 -0.342455 -0.828704 -0.893509 -0.349574 -0.281851 -0.925402 -0.378987 0.000545378 -0.940382 -0.326256 -0.0961216 -0.544614 0.350298 -0.762028 -0.283891 0.378923 -0.880808 -0.381206 0.326785 -0.864809 -0.963946 0.240923 -0.112976 -0.908531 0.416919 -0.0273752 -0.925032 0.342101 -0.165173 -0.308158 -0.785779 -0.536274 0.788107 -0.55149 0.273398 -0.497608 -0.080404 -0.863667 -0.484514 0.239006 -0.8415 0.865894 0.00045315 0.500228 0.728022 0.267425 0.631243 -0.996704 0.0811299 -0 -0.971998 0.234989 -0 -0.972579 -0.232573 -0 -0.525512 -0.664805 0.530915 -0.0265884 -0.871453 0.489758 -0.675035 -0.737786 -0 0.142891 -0.811944 -0.565976 -0.563404 -0.801579 -0.200116 -0.757707 -0.0961961 0.645467 -0.997489 -0.00912996 -0.0702344 -0.984923 0.141695 0.0992398 -0.574797 0.162566 0.801985 0.650111 -0.725763 -0.224997 0.629872 -0.553294 0.545094 0.0978931 -0.0641022 -0.99313 -0.316095 -0.256304 -0.913451 -0.326509 0.00951731 -0.945146 0.865441 -0.0611173 -0.497269 0.863463 -0.0622508 0.500557 0.0945982 -0.057499 0.993854 -0.94612 -0.119185 -0.301085 -0.0543922 0.150727 -0.987078 -0.325066 0.144637 -0.934565 0.747864 0.148447 -0.647041 0.934433 0.149328 0.32332 0.241522 0.145944 0.959358 -0.941005 0.139401 -0.308347 0.998078 0.0125586 -0.0606853 -0.999349 0.0291026 0.0213179 -2.961e-008 1 -0 0.999227 -0.00823985 -0.0384449 -0.00500779 -0.592694 -0.805412 -2.961e-008 -1 -0 -0.999349 -0.0291027 -0.0213179 0.748446 -0.378736 -0.544415 0.999349 0.0291026 -0.0213179 0.999349 -0.0291026 0.0213179 0.748446 0.378736 0.544415 -0.998078 0.0125586 0.0606853 -0.999227 -0.00823988 0.0384449 0.00500785 -0.592694 0.805412 -0.748446 -0.378736 0.544415 -0.748446 0.378736 -0.544415 -0.564857 -0.786922 -0.248377 -0.157766 -0.722116 0.673541 -0.416304 -0.822293 -0.387975 0.417709 -0.819803 0.391717 0.15602 -0.725805 -0.669974 0.798997 -0.55038 -0.242252 -0.911902 -0.079554 -0.402624 -0.589253 0.000967947 -0.807948 -0.888494 0.238753 -0.391887 -0.409875 0.27021 -0.8712 0.406997 0.00241861 -0.913426 0.551596 0.268004 -0.789883 0.994568 0.00213851 -0.104067 0.961412 0.262413 0.0826154 0.587592 0.00111489 0.809157 0.409089 0.261194 0.874313 -0.406235 -0.000894946 0.913768 -0.551948 0.265625 0.790441 -0.806093 0.0803419 0.58631 -0.787094 0.243567 0.566708 -0.786921 -0.234136 0.570907 -0.113063 -0.664298 0.738867 0.266698 -0.871551 0.411426 -0.546453 -0.737258 0.397291 -0.216637 -0.812418 -0.541337 -0.572901 -0.802117 0.1685 -0.232568 -0.096117 0.967819 -0.84782 -0.00875729 0.530212 -0.738676 0.140293 0.659299 0.0077049 0.162271 0.986716 0.394424 -0.72496 -0.564679 0.830068 -0.553087 0.0712845 -0.504068 -0.0647331 -0.861235 -0.792072 -0.258896 -0.552806 -0.819553 0.00938752 -0.572927 0.408198 -0.061621 -0.910811 0.992884 -0.0613233 -0.102081 0.661105 -0.0575548 0.748082 -0.942315 -0.119176 0.312793 -0.623727 0.151966 -0.766727 -0.812459 0.146898 -0.564208 0.225021 0.148452 -0.962979 0.946276 0.148159 -0.287422 0.758894 0.146424 0.63454 -0.942533 0.139502 0.303596 0.772165 0.013464 -0.63528 0.831992 0.00874266 -0.554718 0.982262 0.185653 -0.0263529 0.468936 0.592987 0.654573 -0.328186 -0.183308 0.926656 -0.842902 -0.0123782 0.537925 -0.795724 0.0294873 0.604941 0.801761 -0.0484358 -0.595679 -0.00369878 0.999987 -0.00347296 -0.80128 -0.0484799 0.596323 0.784086 -0.00965806 -0.620577 0.815544 0.0482398 -0.57668 -0.478028 -0.592778 -0.648154 -0.000378176 -0.999999 0.00117379 -0.821052 -0.0288005 0.570126 -0.81493 0.0482996 0.577543 0.384135 -0.324868 -0.864234 0.284499 -0.379949 -0.88017 0.545845 -0.350018 -0.761276 0.925259 -0.342591 -0.162868 0.795631 0.0308609 -0.604995 0.908657 -0.416542 -0.028912 0.841953 -0.0128129 -0.539399 0.963542 -0.240188 -0.117879 0.443814 0.342822 -0.82795 0.821139 -0.0313409 -0.569868 0.306342 0.416057 -0.856184 0.409389 0.239708 -0.880307 0.940262 0.325551 -0.0996217 0.925245 0.379364 0.00223084 0.893739 0.350941 -0.279411 -0.771785 0.0122909 0.635765 -0.831044 0.00759689 0.556154 -0.982743 0.183146 0.0259578 -0.470528 0.593342 -0.653106 0.327274 -0.185518 -0.926539 -0.785438 -0.00785347 0.61889 0.47628 -0.593474 0.648804 -0.963946 -0.240923 0.112976 -0.908531 -0.416919 0.0273752 -0.925032 -0.342101 0.165173 -0.544614 -0.350298 0.762028 -0.283891 -0.378923 0.880808 -0.381206 -0.326785 0.864809 -0.893509 0.349574 0.281851 -0.925402 0.378987 -0.000545378 -0.940382 0.326256 0.0961216 -0.404139 0.241273 0.882303 -0.306072 0.417411 0.855621 -0.442689 0.342455 0.828704 -0.605547 -0.785394 0.128328 0.267459 -0.725885 0.633685 -0.564875 -0.822242 -0.0695193 0.564921 -0.822218 0.0694471 -0.268762 -0.727329 -0.631474 0.501815 -0.554553 -0.663817 -0.974524 -0.0810878 0.209111 -0.951595 0.000592282 -0.307355 -0.949341 0.239812 0.203079 -0.842872 0.27216 -0.464215 -0.208726 0.00253141 -0.977971 -0.0198413 0.270995 -0.962376 0.742561 0.00216936 -0.669775 0.823576 0.268082 -0.499855 0.951613 0.000722335 0.307297 0.843012 0.271859 0.464138 0.206873 0.00270318 0.978364 0.016864 0.266682 0.963637 -0.310569 0.0808122 0.947109 -0.303512 0.235833 0.923181 -0.303243 -0.232295 0.924166 0.342387 -0.66638 0.662351 0.457912 -0.871423 0.175893 -0.209214 -0.738467 0.641011 -0.495121 -0.811228 -0.31107 -0.364734 -0.80024 0.476009 0.380448 -0.0970095 0.9197 -0.376472 -0.0102905 0.926371 -0.209955 0.143876 0.967067 0.586253 0.163691 0.793418 -0.0136089 -0.724033 -0.689631 0.714085 -0.551365 -0.431369 -0.91411 -0.0646123 -0.400285 -0.966409 -0.256487 0.016347 -0.999818 0.00961728 0.0164685 -0.205776 -0.0609243 -0.976701 0.743031 -0.0609446 -0.666476 0.974843 -0.0568759 0.215515 -0.580606 -0.11951 0.805365 -0.955496 0.150774 -0.253565 -0.98934 0.144496 0.0180701 -0.385582 0.146916 -0.910902 0.597091 0.146948 -0.788599 0.987187 0.145303 0.065948 -0.585113 0.139215 0.798913 0.250658 0.0124219 -0.967996 0.345807 0.00955565 -0.938257 0.778909 0.185121 -0.599193 0.764312 0.593491 0.252182 0.280923 -0.185706 0.941592 -0.365974 -0.0132218 0.930531 -0.288392 0.0304253 0.957029 0.29692 -0.0492921 -0.953629 0.00180132 0.999997 0.001911 -0.295897 -0.0486301 0.953981 0.272895 -0.00959296 -0.961996 0.318796 0.0494803 -0.946531 -0.766968 -0.593555 -0.243829 -0.00370105 -0.999986 0.00372036 -0.329469 -0.0296452 0.943701 -0.319651 0.048783 0.946279 -0.197862 -0.324949 -0.924802 -0.288385 -0.380034 -0.878868 -0.0100035 -0.351474 -0.936144 0.650926 -0.343502 -0.67698 0.289109 0.0296642 -0.956836 0.720383 -0.416244 -0.554789 0.366558 -0.0121366 -0.930316 0.71209 -0.239691 -0.659907 -0.130642 0.343549 -0.930004 0.328898 -0.0295663 -0.943903 -0.254973 0.416337 -0.872727 -0.187534 0.239745 -0.952551 0.704275 0.324922 -0.631207 0.749891 0.380166 -0.541422 0.555808 0.350803 -0.753667 -0.252077 0.0131426 0.967618 -0.347089 0.00770936 0.9378 -0.779411 0.184571 0.598708 -0.764149 0.593677 -0.252238 -0.278507 -0.184379 -0.94257 -0.27081 -0.00839238 0.962596 0.766774 -0.593699 0.244088 -0.711704 -0.24057 0.660002 -0.720978 -0.417457 0.553101 -0.650615 -0.342435 0.677819 0.00865 -0.348588 0.937236 0.287221 -0.379782 0.879358 0.196933 -0.326446 0.924473 -0.555581 0.348423 0.754938 -0.749904 0.381331 0.540583 -0.704331 0.325985 0.630596 0.187045 0.240912 0.952353 0.254349 0.41738 0.872411 0.129449 0.341484 0.93093 0.139361 0.895995 0.421631 0.138005 0.895563 0.42299 0.138164 0.895961 0.422095 0.13793 0.895263 0.423651 0.13775 0.89554 0.423123 0.136667 0.895634 0.423276 0.136201 0.895257 0.424222 0.136503 0.895238 0.424164 0.13802 0.895706 0.422684 0.137768 0.896977 0.420062 0.135985 0.897341 0.419866 0.135535 0.89724 0.420226 0.134827 0.896513 0.422003 0.137998 0.895521 0.423083 0.139896 0.895413 0.422687 0.140333 0.895469 0.422425 0.138424 0.895439 0.423118 0.136483 0.89518 0.424294 0.13672 0.895275 0.424016 0.137402 0.895891 0.422494 0.137655 0.896316 0.421508 0.654933 0.745198 -0.125468 0.138321 0.89628 0.421367 0.558746 0.80356 -0.205168 0.138754 0.895195 0.423524 0.137836 0.894961 0.424318 0.137948 0.895407 0.42334 0.137476 0.895791 0.42268 0.13922 0.895831 0.422023 0.138347 0.895925 0.422113 -0.986305 0.164347 -0.0138808 -0.989408 0.111645 0.0927726 -0.986898 0.160956 -0.0112102 -0.978421 0.0582639 0.198238 -0.910389 -0.0526484 0.410391 -0.848062 -0.113262 0.517651 -0.693424 -0.216892 0.687111 -0.605021 -0.260789 0.752289 -0.35905 -0.351148 0.864742 -0.193482 -0.392624 0.899117 0.174332 -0.440465 0.880681 0.376427 -0.440467 0.81504 0.683912 -0.393003 0.614666 0.797723 -0.351757 0.489801 0.931362 -0.261248 0.253601 0.964991 -0.216714 0.147738 0.99033 -0.112741 -0.0808419 0.96877 -0.0551652 -0.241748 0.889731 0.0376685 -0.454927 0.857261 0.0698721 -0.510119 0.748601 0.191296 -0.634825 0.627728 0.256332 -0.735018 0.600991 0.268156 -0.752929 0.59694 0.267147 -0.756502 -0.931184 0.2633 -0.252128 -0.941798 0.253985 -0.220245 -0.929159 0.267736 -0.254912 -0.952115 0.242121 -0.186692 -0.962276 0.226504 -0.150734 -0.961859 0.227705 -0.151581 0.443549 0.896245 -0.00284175 0.444825 0.895617 -0.000947252 0.443629 0.89621 -0.00142087 0.445737 0.895163 -0.000806065 0.445088 0.895487 -0.000818543 0.444897 0.895581 0.000685187 0.445693 0.895183 0.00213819 0.445934 0.895063 0.00228158 0.444768 0.895646 0.000241524 0.442853 0.896594 -0.000911704 0.443006 0.896519 -0.000479911 0.44299 0.896526 0.0005446 0.443345 0.896347 0.00246549 0.44446 0.895799 0.000246044 0.444865 0.895594 -0.00272617 0.445001 0.895522 -0.0036617 0.445329 0.895367 -0.00103034 0.445978 0.895043 0.00145366 0.445431 0.895316 0.000974608 0.444479 0.895789 0.000701769 0.444169 0.895943 0.00117097 0.444601 0.895728 0.00125735 0.444624 0.895717 0.000365899 0.445253 0.895405 0.000427201 0.446297 0.894884 -0.0010655 0.446483 0.894792 -0.000286566 0.445542 0.895261 -0.000681785 0.44476 0.89565 0.000118165 0.444869 0.895594 -0.00181912 0.444629 0.895715 -0.000706632 -0.319174 0.165678 0.933102 -0.217468 0.110458 0.969797 -0.315436 0.160288 0.935312 -0.113903 0.0565979 0.991878 0.108376 -0.0536859 0.992659 0.229299 -0.113123 0.96676 0.43855 -0.216415 0.87226 0.528464 -0.260961 0.807853 0.712021 -0.35237 0.607339 0.795467 -0.393429 0.460918 0.891448 -0.440294 0.10706 0.89159 -0.440364 -0.105583 0.795165 -0.393278 -0.461567 0.711198 -0.351964 -0.608539 0.529034 -0.261245 -0.807387 0.43913 -0.216704 -0.871897 0.22929 -0.113119 -0.966763 0.069363 -0.0559921 -0.996019 -0.158309 0.0370521 -0.986694 -0.221401 0.0698324 -0.972679 -0.330961 0.14817 -0.931939 -0.371859 0.191569 -0.908307 -0.475322 0.244955 -0.845024 -0.503633 0.256779 -0.824875 -0.529572 0.268621 -0.80461 -0.535499 0.267341 -0.801106 -0.527019 0.263107 0.8081 -0.500362 0.255139 0.827371 -0.529553 0.268664 0.804608 -0.471431 0.243399 0.847649 -0.439916 0.227375 0.868777 -0.440185 0.22785 0.868517 0.139308 0.896413 -0.420758 0.13788 0.895877 -0.422366 0.137962 0.896453 -0.421116 0.136742 0.89542 -0.423704 0.136737 0.895556 -0.423418 0.138017 0.895596 -0.422917 0.139383 0.895238 -0.423227 0.139722 0.894984 -0.423653 0.137524 0.895247 -0.423816 0.136018 0.896519 -0.421607 0.136532 0.897068 -0.420272 0.137184 0.897445 -0.419254 0.139254 0.896858 -0.419827 0.137707 0.89594 -0.422289 0.136054 0.895638 -0.423464 0.134806 0.895567 -0.424014 0.136532 0.89548 -0.423645 0.138371 0.895228 -0.423581 0.137963 0.895394 -0.423362 0.137423 0.895774 -0.422735 0.137622 0.896034 -0.422117 0.137932 0.895949 -0.422197 0.137402 0.895898 -0.422478 0.137618 0.895495 -0.423261 0.136508 0.895032 -0.424599 0.13767 0.895092 -0.424097 0.137472 0.895632 -0.423019 0.542874 0.810916 0.21841 0.67632 0.601411 0.425319 0.138694 0.896368 -0.421057 0.790095 0.164635 0.590462 0.855513 0.110659 0.505818 0.792877 0.160022 0.587995 0.908103 0.0575734 0.414769 0.977528 -0.0525392 0.204152 0.99033 -0.112741 0.0808419 0.964911 -0.216853 -0.14806 0.931374 -0.261236 -0.253569 0.797929 -0.351663 -0.489534 0.684165 -0.39293 -0.614429 0.375883 -0.440496 -0.815276 0.173997 -0.44045 -0.880755 -0.192698 -0.392791 -0.899212 -0.35849 -0.351312 -0.864907 -0.605021 -0.260789 -0.752289 -0.694003 -0.216575 -0.686626 -0.848443 -0.112942 -0.517097 -0.925756 -0.0553849 -0.374044 -0.987234 0.0373879 -0.154827 -0.993442 0.0695078 -0.0907794 -0.988743 0.147352 0.0259911 -0.978842 0.19084 0.073808 -0.95048 0.244122 0.192332 -0.940212 0.255903 0.224756 -0.929166 0.2677 0.254924 -0.927972 0.266679 0.260287 0.604215 0.263829 0.751876 0.600993 0.268192 0.752915 0.660041 0.242499 0.711014 0.68851 0.22836 0.688335 -0.35994 0.895693 -0.26111 -0.361059 0.895545 -0.260069 -0.36055 0.895722 -0.260165 -0.361617 0.895273 -0.260229 -0.360269 0.895651 -0.260799 -0.358984 0.895498 -0.263086 -0.359415 0.894948 -0.264364 -0.359794 0.894898 -0.264018 -0.359848 0.895557 -0.261702 -0.358282 0.896735 -0.259809 -0.357838 0.896753 -0.260359 -0.358152 0.896541 -0.260656 -0.35835 0.896217 -0.261498 -0.360242 0.895694 -0.260688 -0.361307 0.895587 -0.259579 -0.36156 0.895555 -0.259338 -0.360737 0.895542 -0.260525 -0.359865 0.895309 -0.262523 -0.359771 0.895217 -0.262968 -0.359475 0.895499 -0.26241 -0.359523 0.895711 -0.261621 -0.359693 0.895951 -0.260564 -0.359788 0.896021 -0.260191 -0.359977 0.89568 -0.261102 -0.361361 0.895179 -0.260907 -0.360308 0.895179 -0.262358 -0.358956 0.895773 -0.262186 -0.357546 0.896218 -0.262591 -0.35972 0.896001 -0.260355 -0.358139 0.89622 -0.261775 0.806504 0.164782 -0.567802 0.745884 0.110812 -0.656793 0.80515 0.160562 -0.570923 0.675203 0.0580383 -0.735345 0.495923 -0.0518953 -0.866814 0.382437 -0.112351 -0.917126 0.156548 -0.217144 -0.963505 0.0458212 -0.261824 -0.964027 -0.218919 -0.351859 -0.910093 -0.372313 -0.392964 -0.84081 -0.658778 -0.440784 -0.609689 -0.783701 -0.440725 -0.437691 -0.914529 -0.393181 -0.0951125 -0.933294 -0.351908 0.0715774 -0.90288 -0.261185 0.341453 -0.867964 -0.216199 0.447098 -0.754078 -0.112042 0.647157 -0.64233 -0.0548291 0.764464 -0.452847 0.037695 0.890791 -0.392746 0.0698419 0.916991 -0.279842 0.14765 0.948624 -0.2321 0.191099 0.953735 -0.111296 0.244744 0.963179 -0.0767281 0.256794 0.963415 -0.043427 0.268788 0.96222 -0.036481 0.267487 0.962871 0.901694 0.264561 -0.341986 0.891346 0.254604 -0.375072 0.901684 0.268765 -0.338721 0.879692 0.242054 -0.409331 0.86644 0.225975 -0.445216 0.866567 0.226912 -0.444491 -0.361109 0.895928 0.258677 -0.359708 0.895715 0.261351 -0.359697 0.895992 0.260418 -0.359414 0.895423 0.262754 -0.359585 0.895565 0.262036 -0.360545 0.895537 0.260808 -0.361357 0.895383 0.260213 -0.361622 0.89529 0.260166 -0.360381 0.895546 0.261004 -0.358775 0.896274 0.260719 -0.358344 0.896467 0.260646 -0.358144 0.896758 0.259917 -0.359763 0.896457 0.258718 -0.3599 0.895729 0.26104 -0.358812 0.895406 0.263632 -0.357822 0.895344 0.265184 -0.358551 0.895556 0.263477 -0.361078 0.895261 0.261018 -0.3618 0.895121 0.260499 -0.360711 0.895603 0.26035 -0.359173 0.896027 0.261018 0.32247 0.744855 0.584127 -0.35714 0.896452 0.262344 0.368191 0.8031 0.468473 -0.359098 0.895311 0.263566 -0.360472 0.895075 0.262489 -0.359937 0.895549 0.261604 -0.310842 0.811155 -0.495384 -0.298407 0.601167 -0.741317 -0.360297 0.896126 0.259122 -0.290718 0.164648 -0.942536 -0.394044 0.110864 -0.912381 -0.293983 0.16058 -0.942225 -0.490742 0.0580021 -0.869372 -0.671192 -0.0519394 -0.739461 -0.753831 -0.111849 -0.647479 -0.867964 -0.216199 -0.447098 -0.902991 -0.261351 -0.341033 -0.933308 -0.351765 -0.072089 -0.914529 -0.39318 0.0951116 -0.783509 -0.440743 0.438018 -0.658433 -0.44076 0.610079 -0.373125 -0.393159 0.840359 -0.219271 -0.351964 0.909968 0.0467863 -0.261453 0.964082 0.157435 -0.216772 0.963444 0.381905 -0.112621 0.917314 0.528266 -0.0550092 0.847295 0.707255 0.0376108 0.705957 0.750565 0.0695439 0.657127 0.835237 0.190542 0.515823 0.892707 0.256517 0.370503 0.901697 0.268729 0.338715 0.903766 0.267759 0.333935 -0.0475959 0.263194 -0.963568 -0.0434407 0.268832 -0.962207 -0.116468 0.243105 -0.962983 -0.154756 0.226797 -0.961568</float_array>
                    <technique_common>
                        <accessor count="1206" source="#ID47" stride="3">
                            <param name="X" type="float"/>
                            <param name="Y" type="float"/>
                            <param name="Z" type="float"/>
                        </accessor>
                    </technique_common>
                </source>
                <source id="ID48">
                    <float_array id="ID49" count="182">1 0.160156 0.166016 0.160156 0.832031 0.160156 0.332031 0.160156 0.666016 0.160156 0.5 0.160156 1 0.318359 0.832031 0.318359 1 0.478516 0.832031 0.478516 0.666016 0.318359 0.666016 0.478516 0.5 0.318359 0.5 0.478516 0.332031 0.318359 0.332031 0.478516 0.166016 0.318359 0.166016 0.478516 0 0.318359 0 0.478516 0 0.160156 0.0820313 0.478516 0.0820313 0.318359 0.0820313 0.160156 0.746094 0.501953 0.619141 0.371094 0.642578 0.501953 0.568359 0.425781 0.5 0.148438 0.5 0.296875 0.378906 0.630859 0.5 0.853516 0.429688 0.576172 0.5 0.705078 0.851563 0.457031 0.667969 0.318359 0.537109 0.00195313 0.460938 0.00195313 0.378906 0.371094 0.330078 0.318359 0.251953 0.501953 0.146484 0.457031 0.537109 1 0.619141 0.630859 0.667969 0.683594 0.851563 0.544922 0.146484 0.544922 0.330078 0.683594 0.460938 1 0.355469 0.501953 0.429688 0.425781 0.568359 0.576172 0.75 0.0800781 0.71875 0.0800781 0.9375 0.160156 0.6875 0.0800781 0.875 0.160156 0.65625 0.0800781 0.8125 0.160156 0.625 0.0800781 0.75 0.160156 0.59375 0.0800781 0.6875 0.160156 0.5625 0.0800781 0.625 0.160156 0.53125 0.0800781 0.5625 0.160156 0.5 0.0800781 0.46875 0.0800781 0.4375 0.160156 0.4375 0.0800781 0.375 0.160156 0.40625 0.0800781 0.3125 0.160156 0.34375 0.0800781 0.1875 0.160156 0.28125 0.0800781 0.0625 0.160156 0.25 0.0800781 0.9375 0.478516 0.875 0.478516 0.8125 0.478516 0.75 0.478516 0.6875 0.478516 0.625 0.478516 0.5625 0.478516 0.4375 0.478516 0.375 0.478516 0.3125 0.478516 0.1875 0.478516 0.0625 0.478516</float_array>
                    <technique_common>
                        <accessor count="91" source="#ID49" stride="2">
                            <param name="S" type="float"/>
                            <param name="T" type="float"/>
                        </accessor>
                    </technique_common>
                </source>
                <vertices id="ID50">
                    <input semantic="POSITION" source="#ID44"/>
                </vertices>
                <triangles count="1610" material="Material1">
                    <input offset="0" semantic="VERTEX" source="#ID50"/>
                    <input offset="1" semantic="NORMAL" source="#ID46"/>
                    <input offset="2" semantic="TEXCOORD" source="#ID48" set="0"/>
                    <p>499 2 2 461 1 1 467 0 0 461 1 1 499 2 2 475 3 3 491 4 4 475 3 3 499 2 2 475 3 3 491 4 4 483 5 5 505 8 8 495 7 7 453 6 6 495 7 7 505 8 8 527 9 9 527 9 9 487 10 10 495 7 7 487 10 10 527 9 9 522 11 11 522 11 11 479 12 12 487 10 10 479 12 12 522 11 11 518 13 13 518 13 13 471 14 14 479 12 12 471 14 14 518 13 13 514 15 15 514 15 15 457 16 16 471 14 14 457 16 16 514 15 15 509 17 17 509 17 17 452 18 18 457 16 16 452 18 18 509 17 17 504 19 19 453 6 6 499 2 2 467 0 0 499 2 2 453 6 6 495 7 7 495 7 7 491 4 4 499 2 2 491 4 4 495 7 7 487 10 10 487 10 10 483 5 5 491 4 4 483 5 5 487 10 10 479 12 12 479 12 12 475 3 3 483 5 5 475 3 3 479 12 12 471 14 14 471 14 14 461 1 1 475 3 3 461 1 1 471 14 14 457 16 16 457 16 16 466 20 20 461 1 1 466 20 20 457 16 16 452 18 18 582 23 21 590 22 15 594 21 17 590 22 15 582 23 21 603 24 9 585 25 19 603 24 9 582 23 21 557 26 16 582 23 21 594 21 17 582 23 21 557 26 16 535 27 22 557 26 16 531 28 23 535 27 22 531 28 23 557 26 16 560 29 1 600 30 11 590 22 15 603 24 9 590 22 15 600 30 11 597 31 13 586 33 8 579 32 7 603 24 9 579 32 7 586 33 8 540 34 6 603 24 9 573 35 10 600 30 11 573 35 10 603 24 9 579 32 7 600 30 11 567 36 12 597 31 13 567 36 12 600 30 11 573 35 10 597 31 13 553 37 14 590 22 15 553 37 14 597 31 13 567 36 12 590 22 15 557 26 16 594 21 17 557 26 16 590 22 15 553 37 14 582 23 21 539 38 18 585 25 19 539 38 18 582 23 21 535 27 22 540 34 6 576 39 2 579 32 7 576 39 2 540 34 6 545 40 0 579 32 7 570 41 4 573 35 10 570 41 4 579 32 7 576 39 2 573 35 10 564 42 5 567 36 12 564 42 5 573 35 10 570 41 4 567 36 12 549 43 3 553 37 14 549 43 3 567 36 12 564 42 5 553 37 14 560 29 1 557 26 16 560 29 1 553 37 14 549 43 3 535 27 22 544 44 20 539 38 18 544 44 20 535 27 22 531 28 23 700 47 26 755 46 25 743 45 24 755 46 25 700 47 26 722 48 27 637 50 24 722 48 27 700 49 26 722 48 27 637 50 24 684 51 25 722 48 27 747 52 28 755 46 25 747 52 28 722 48 27 704 53 29 684 51 25 704 53 29 722 48 27 704 53 29 684 51 25 671 54 28 717 57 32 735 56 31 730 55 30 735 56 31 717 57 32 692 58 33 619 59 30 692 58 33 717 57 32 692 58 33 619 59 30 606 60 31 755 46 25 688 61 34 743 45 24 688 61 34 755 46 25 679 62 35 747 52 28 679 62 35 755 46 25 679 62 35 747 52 28 675 63 36 751 65 38 667 64 37 747 52 28 667 64 37 751 65 38 659 66 39 726 67 40 659 66 39 751 65 38 659 66 39 726 67 40 633 68 41 739 70 43 655 69 42 735 56 31 655 69 42 739 70 43 647 71 44 743 45 24 647 71 44 739 70 43 647 71 44 743 45 24 642 72 45 730 55 30 624 73 46 726 67 40 624 73 46 730 55 30 615 74 47 735 56 31 615 74 47 730 55 30 615 74 47 735 56 31 611 75 48 712 78 49 663 77 38 628 76 40 663 77 38 712 78 49 708 79 50 726 67 40 708 79 50 712 80 49 708 79 50 726 67 40 751 65 38 708 79 50 671 54 28 663 77 38 671 54 28 708 79 50 704 53 29 751 65 38 704 53 29 708 79 50 704 53 29 751 65 38 747 52 28 700 49 26 651 81 43 637 50 24 651 81 43 700 49 26 696 82 51 743 45 24 696 82 51 700 47 26 696 82 51 743 45 24 739 70 43 696 82 51 606 60 31 651 81 43 606 60 31 696 82 51 692 58 33 739 70 43 692 58 33 696 82 51 692 58 33 739 70 43 735 56 31 679 84 35 637 50 24 688 83 34 637 50 24 679 84 35 684 51 25 675 85 36 684 51 25 679 84 35 684 51 25 675 85 36 671 54 28 659 87 39 671 54 28 667 86 37 671 54 28 659 87 39 663 77 38 633 88 41 663 77 38 659 87 39 663 77 38 633 88 41 628 76 40 647 90 44 606 60 31 655 89 42 606 60 31 647 90 44 651 81 43 642 91 45 651 81 43 647 90 44 651 81 43 642 91 45 637 50 24 615 93 47 628 76 40 624 92 46 628 76 40 615 93 47 619 59 30 611 94 48 619 59 30 615 93 47 619 59 30 611 94 48 606 60 31 688 61 34 642 72 45 743 45 24 642 91 45 688 83 34 637 50 24 655 69 42 611 75 48 735 56 31 611 94 48 655 89 42 606 60 31 624 73 46 633 68 41 726 67 40 633 88 41 624 92 46 628 76 40 667 64 37 675 63 36 747 52 28 675 85 36 667 86 37 671 54 28 712 80 49 730 55 30 726 67 40 730 55 30 712 80 49 717 57 32 717 57 32 628 76 40 619 59 30 628 76 40 717 57 32 712 78 49 801 97 2 768 96 1 774 95 0 768 96 1 801 97 2 782 98 3 795 99 4 782 98 3 801 97 2 782 98 3 795 99 4 789 100 5 805 103 8 798 102 7 760 101 6 798 102 7 805 103 8 822 104 9 822 104 9 792 105 10 798 102 7 792 105 10 822 104 9 818 106 11 818 106 11 786 107 12 792 105 10 786 107 12 818 106 11 815 108 13 815 108 13 778 109 14 786 107 12 778 109 14 815 108 13 812 110 15 812 110 15 764 111 16 778 109 14 764 111 16 812 110 15 808 112 17 808 112 17 759 113 18 764 111 16 759 113 18 808 112 17 804 114 19 760 101 6 801 97 2 774 95 0 801 97 2 760 101 6 798 102 7 798 102 7 795 99 4 801 97 2 795 99 4 798 102 7 792 105 10 792 105 10 789 100 5 795 99 4 789 100 5 792 105 10 786 107 12 786 107 12 782 98 3 789 100 5 782 98 3 786 107 12 778 109 14 778 109 14 768 96 1 782 98 3 768 96 1 778 109 14 764 111 16 764 111 16 773 115 20 768 96 1 773 115 20 764 111 16 759 113 18 883 118 21 893 117 15 898 116 17 893 117 15 883 118 21 910 119 9 887 120 19 910 119 9 883 118 21 849 121 16 883 118 21 898 116 17 883 118 21 849 121 16 828 122 22 849 121 16 825 123 23 828 122 22 825 123 23 849 121 16 854 124 1 906 125 11 893 117 15 910 119 9 893 117 15 906 125 11 902 126 13 888 128 8 879 127 7 910 119 9 879 127 7 888 128 8 832 129 6 910 119 9 871 130 10 906 125 11 871 130 10 910 119 9 879 127 7 906 125 11 863 131 12 902 126 13 863 131 12 906 125 11 871 130 10 902 126 13 845 132 14 893 117 15 845 132 14 902 126 13 863 131 12 893 117 15 849 121 16 898 116 17 849 121 16 893 117 15 845 132 14 883 118 21 831 133 18 887 120 19 831 133 18 883 118 21 828 122 22 832 129 6 875 134 2 879 127 7 875 134 2 832 129 6 836 135 0 879 127 7 867 136 4 871 130 10 867 136 4 879 127 7 875 134 2 871 130 10 859 137 5 863 131 12 859 137 5 871 130 10 867 136 4 863 131 12 841 138 3 845 132 14 841 138 3 863 131 12 859 137 5 845 132 14 854 124 1 849 121 16 854 124 1 845 132 14 841 138 3 828 122 22 835 139 20 831 133 18 835 139 20 828 122 22 825 123 23 1007 142 26 15 141 25 6 140 24 15 141 25 1007 142 26 1026 143 27 943 145 24 1026 143 27 1007 144 26 1026 143 27 943 145 24 991 146 25 1026 143 27 9 147 28 15 141 25 9 147 28 1026 143 27 1011 148 29 991 146 25 1011 148 29 1026 143 27 1011 148 29 991 146 25 978 149 28 1022 152 32 0 151 31 1032 150 30 0 151 31 1022 152 32 999 153 33 926 154 30 999 153 33 1022 152 32 999 153 33 926 154 30 914 155 31 15 141 25 995 156 34 6 140 24 995 156 34 15 141 25 986 157 35 9 147 28 986 157 35 15 141 25 986 157 35 9 147 28 982 158 36 12 160 38 974 159 37 9 147 28 974 159 37 12 160 38 966 161 39 1029 162 40 966 161 39 12 160 38 966 161 39 1029 162 40 939 163 41 3 165 43 961 164 42 0 151 31 961 164 42 3 165 43 953 166 44 6 140 24 953 166 44 3 165 43 953 166 44 6 140 24 948 167 45 1032 150 30 930 168 46 1029 162 40 930 168 46 1032 150 30 922 169 47 0 151 31 922 169 47 1032 150 30 922 169 47 0 151 31 918 170 48 1018 173 49 970 172 38 934 171 40 970 172 38 1018 173 49 1015 174 50 1029 162 40 1015 174 50 1018 175 49 1015 174 50 1029 162 40 12 160 38 1015 174 50 978 149 28 970 172 38 978 149 28 1015 174 50 1011 148 29 12 160 38 1011 148 29 1015 174 50 1011 148 29 12 160 38 9 147 28 1007 144 26 957 176 43 943 145 24 957 176 43 1007 144 26 1003 177 51 6 140 24 1003 177 51 1007 142 26 1003 177 51 6 140 24 3 165 43 1003 177 51 914 155 31 957 176 43 914 155 31 1003 177 51 999 153 33 3 165 43 999 153 33 1003 177 51 999 153 33 3 165 43 0 151 31 986 179 35 943 145 24 995 178 34 943 145 24 986 179 35 991 146 25 982 180 36 991 146 25 986 179 35 991 146 25 982 180 36 978 149 28 966 182 39 978 149 28 974 181 37 978 149 28 966 182 39 970 172 38 939 183 41 970 172 38 966 182 39 970 172 38 939 183 41 934 171 40 953 185 44 914 155 31 961 184 42 914 155 31 953 185 44 957 176 43 948 186 45 957 176 43 953 185 44 957 176 43 948 186 45 943 145 24 922 188 47 934 171 40 930 187 46 934 171 40 922 188 47 926 154 30 918 189 48 926 154 30 922 188 47 926 154 30 918 189 48 914 155 31 995 156 34 948 167 45 6 140 24 948 186 45 995 178 34 943 145 24 961 164 42 918 170 48 0 151 31 918 189 48 961 184 42 914 155 31 930 168 46 939 163 41 1029 162 40 939 183 41 930 187 46 934 171 40 974 159 37 982 158 36 9 147 28 982 180 36 974 181 37 978 149 28 1018 175 49 1032 150 30 1029 162 40 1032 150 30 1018 175 49 1022 152 32 1022 152 32 934 171 40 926 154 30 934 171 40 1022 152 32 1018 173 49 64 192 2 25 191 1 30 190 0 25 191 1 64 192 2 39 193 3 56 194 4 39 193 3 64 192 2 39 193 3 56 194 4 48 195 5 69 198 8 60 197 7 19 196 6 60 197 7 69 198 8 91 199 9 91 199 9 52 200 10 60 197 7 52 200 10 91 199 9 86 201 11 86 201 11 43 202 12 52 200 10 43 202 12 86 201 11 82 203 13 82 203 13 35 204 14 43 202 12 35 204 14 82 203 13 78 205 15 78 205 15 22 206 16 35 204 14 22 206 16 78 205 15 73 207 17 73 207 17 18 208 18 22 206 16 18 208 18 73 207 17 68 209 19 19 196 6 64 192 2 30 190 0 64 192 2 19 196 6 60 197 7 60 197 7 56 194 4 64 192 2 56 194 4 60 197 7 52 200 10 52 200 10 48 195 5 56 194 4 48 195 5 52 200 10 43 202 12 43 202 12 39 193 3 48 195 5 39 193 3 43 202 12 35 204 14 35 204 14 25 191 1 39 193 3 25 191 1 35 204 14 22 206 16 22 206 16 29 210 20 25 191 1 29 210 20 22 206 16 18 208 18 154 213 21 165 212 15 170 211 17 165 212 15 154 213 21 182 214 9 159 215 19 182 214 9 154 213 21 121 216 16 154 213 21 170 211 17 154 213 21 121 216 16 99 217 22 121 216 16 95 218 23 99 217 22 95 218 23 121 216 16 125 219 1 178 220 11 165 212 15 182 214 9 165 212 15 178 220 11 174 221 13 160 223 8 150 222 7 182 214 9 150 222 7 160 223 8 104 224 6 182 214 9 142 225 10 178 220 11 142 225 10 182 214 9 150 222 7 178 220 11 134 226 12 174 221 13 134 226 12 178 220 11 142 225 10 174 221 13 117 227 14 165 212 15 117 227 14 174 221 13 134 226 12 165 212 15 121 216 16 170 211 17 121 216 16 165 212 15 117 227 14 154 213 21 103 228 18 159 215 19 103 228 18 154 213 21 99 217 22 104 224 6 146 229 2 150 222 7 146 229 2 104 224 6 109 230 0 150 222 7 138 231 4 142 225 10 138 231 4 150 222 7 146 229 2 142 225 10 130 232 5 134 226 12 130 232 5 142 225 10 138 231 4 134 226 12 113 233 3 117 227 14 113 233 3 134 226 12 130 232 5 117 227 14 125 219 1 121 216 16 125 219 1 117 227 14 113 233 3 99 217 22 108 234 20 103 228 18 108 234 20 99 217 22 95 218 23 264 237 26 319 236 25 307 235 24 319 236 25 264 237 26 287 238 27 214 240 24 287 238 27 264 239 26 287 238 27 214 240 24 250 241 25 287 238 27 311 242 28 319 236 25 311 242 28 287 238 27 268 243 29 250 241 25 268 243 29 287 238 27 268 243 29 250 241 25 240 244 28 282 247 32 299 246 31 295 245 30 299 246 31 282 247 32 256 248 33 198 249 30 256 248 33 282 247 32 256 248 33 198 249 30 186 250 31 319 236 25 253 251 34 307 235 24 253 251 34 319 236 25 246 252 35 311 242 28 246 252 35 319 236 25 246 252 35 311 242 28 243 253 36 315 255 38 237 254 37 311 242 28 237 254 37 315 255 38 231 256 39 291 257 40 231 256 39 315 255 38 231 256 39 291 257 40 211 258 41 303 260 43 228 259 42 299 246 31 228 259 42 303 260 43 222 261 44 307 235 24 222 261 44 303 260 43 222 261 44 307 235 24 218 262 45 295 245 30 202 263 46 291 257 40 202 263 46 295 245 30 194 264 47 299 246 31 194 264 47 295 245 30 194 264 47 299 246 31 190 265 48 277 268 49 234 267 38 206 266 40 234 267 38 277 268 49 272 269 50 291 257 40 272 269 50 277 270 49 272 269 50 291 257 40 315 255 38 272 269 50 240 244 28 234 267 38 240 244 28 272 269 50 268 243 29 315 255 38 268 243 29 272 269 50 268 243 29 315 255 38 311 242 28 264 239 26 225 271 43 214 240 24 225 271 43 264 239 26 259 272 51 307 235 24 259 272 51 264 237 26 259 272 51 307 235 24 303 260 43 259 272 51 186 250 31 225 271 43 186 250 31 259 272 51 256 248 33 303 260 43 256 248 33 259 272 51 256 248 33 303 260 43 299 246 31 246 274 35 214 240 24 253 273 34 214 240 24 246 274 35 250 241 25 243 275 36 250 241 25 246 274 35 250 241 25 243 275 36 240 244 28 231 277 39 240 244 28 237 276 37 240 244 28 231 277 39 234 267 38 211 278 41 234 267 38 231 277 39 234 267 38 211 278 41 206 266 40 222 280 44 186 250 31 228 279 42 186 250 31 222 280 44 225 271 43 218 281 45 225 271 43 222 280 44 225 271 43 218 281 45 214 240 24 194 283 47 206 266 40 202 282 46 206 266 40 194 283 47 198 249 30 190 284 48 198 249 30 194 283 47 198 249 30 190 284 48 186 250 31 253 251 34 218 262 45 307 235 24 218 281 45 253 273 34 214 240 24 228 259 42 190 265 48 299 246 31 190 284 48 228 279 42 186 250 31 202 263 46 211 258 41 291 257 40 211 278 41 202 282 46 206 266 40 237 254 37 243 253 36 311 242 28 243 275 36 237 276 37 240 244 28 277 270 49 295 245 30 291 257 40 295 245 30 277 270 49 282 247 32 282 247 32 206 266 40 198 249 30 206 266 40 282 247 32 277 268 49 370 287 2 332 286 1 338 285 0 332 286 1 370 287 2 346 288 3 362 289 4 346 288 3 370 287 2 346 288 3 362 289 4 354 290 5 375 293 8 366 292 7 324 291 6 366 292 7 375 293 8 398 294 9 398 294 9 358 295 10 366 292 7 358 295 10 398 294 9 393 296 11 393 296 11 350 297 12 358 295 10 350 297 12 393 296 11 389 298 13 389 298 13 342 299 14 350 297 12 342 299 14 389 298 13 384 300 15 384 300 15 328 301 16 342 299 14 328 301 16 384 300 15 379 302 17 379 302 17 323 303 18 328 301 16 323 303 18 379 302 17 374 304 19 324 291 6 370 287 2 338 285 0 370 287 2 324 291 6 366 292 7 366 292 7 362 289 4 370 287 2 362 289 4 366 292 7 358 295 10 358 295 10 354 290 5 362 289 4 354 290 5 358 295 10 350 297 12 350 297 12 346 288 3 354 290 5 346 288 3 350 297 12 342 299 14 342 299 14 332 286 1 346 288 3 332 286 1 342 299 14 328 301 16 328 301 16 337 305 20 332 286 1 337 305 20 328 301 16 323 303 18 458 308 21 468 307 15 472 306 17 468 307 15 458 308 21 484 309 9 462 310 19 484 309 9 458 308 21 428 311 16 458 308 21 472 306 17 458 308 21 428 311 16 406 312 22 428 311 16 402 313 23 406 312 22 402 313 23 428 311 16 432 314 1 480 315 11 468 307 15 484 309 9 468 307 15 480 315 11 476 316 13 463 318 8 454 317 7 484 309 9 454 317 7 463 318 8 411 319 6 484 309 9 446 320 10 480 315 11 446 320 10 484 309 9 454 317 7 480 315 11 440 321 12 476 316 13 440 321 12 480 315 11 446 320 10 476 316 13 424 322 14 468 307 15 424 322 14 476 316 13 440 321 12 468 307 15 428 311 16 472 306 17 428 311 16 468 307 15 424 322 14 458 308 21 410 323 18 462 310 19 410 323 18 458 308 21 406 312 22 411 319 6 449 324 2 454 317 7 449 324 2 411 319 6 416 325 0 454 317 7 443 326 4 446 320 10 443 326 4 454 317 7 449 324 2 446 320 10 436 327 5 440 321 12 436 327 5 446 320 10 443 326 4 440 321 12 420 328 3 424 322 14 420 328 3 440 321 12 436 327 5 424 322 14 432 314 1 428 311 16 432 314 1 424 322 14 420 328 3 406 312 22 415 329 20 410 323 18 415 329 20 406 312 22 402 313 23 577 332 26 625 331 25 612 330 24 625 331 25 577 332 26 595 333 27 519 335 24 595 333 27 577 334 26 595 333 27 519 335 24 565 336 25 595 333 27 616 337 28 625 331 25 616 337 28 595 333 27 580 338 29 565 336 25 580 338 29 595 333 27 580 338 29 565 336 25 554 339 28 591 342 32 604 341 31 601 340 30 604 341 31 591 342 32 571 343 33 500 344 30 571 343 33 591 342 32 571 343 33 500 344 30 488 345 31 625 331 25 568 346 34 612 330 24 568 346 34 625 331 25 561 347 35 616 337 28 561 347 35 625 331 25 561 347 35 616 337 28 558 348 36 620 350 38 550 349 37 616 337 28 550 349 37 620 350 38 541 351 39 598 352 40 541 351 39 620 350 38 541 351 39 598 352 40 515 353 41 607 355 43 536 354 42 604 341 31 536 354 42 607 355 43 528 356 44 612 330 24 528 356 44 607 355 43 528 356 44 612 330 24 523 357 45 601 340 30 506 358 46 598 352 40 506 358 46 601 340 30 496 359 47 604 341 31 496 359 47 601 340 30 496 359 47 604 341 31 492 360 48 587 363 49 546 362 38 510 361 40 546 362 38 587 363 49 583 364 50 598 352 40 583 364 50 587 365 49 583 364 50 598 352 40 620 350 38 583 364 50 554 339 28 546 362 38 554 339 28 583 364 50 580 338 29 620 350 38 580 338 29 583 364 50 580 338 29 620 350 38 616 337 28 577 334 26 532 366 43 519 335 24 532 366 43 577 334 26 574 367 51 612 330 24 574 367 51 577 332 26 574 367 51 612 330 24 607 355 43 574 367 51 488 345 31 532 366 43 488 345 31 574 367 51 571 343 33 607 355 43 571 343 33 574 367 51 571 343 33 607 355 43 604 341 31 561 369 35 519 335 24 568 368 34 519 335 24 561 369 35 565 336 25 558 370 36 565 336 25 561 369 35 565 336 25 558 370 36 554 339 28 541 372 39 554 339 28 550 371 37 554 339 28 541 372 39 546 362 38 515 373 41 546 362 38 541 372 39 546 362 38 515 373 41 510 361 40 528 375 44 488 345 31 536 374 42 488 345 31 528 375 44 532 366 43 523 376 45 532 366 43 528 375 44 532 366 43 523 376 45 519 335 24 496 378 47 510 361 40 506 377 46 510 361 40 496 378 47 500 344 30 492 379 48 500 344 30 496 378 47 500 344 30 492 379 48 488 345 31 568 346 34 523 357 45 612 330 24 523 376 45 568 368 34 519 335 24 536 354 42 492 360 48 604 341 31 492 379 48 536 374 42 488 345 31 506 358 46 515 353 41 598 352 40 515 373 41 506 377 46 510 361 40 550 349 37 558 348 36 616 337 28 558 370 36 550 371 37 554 339 28 587 365 49 601 340 30 598 352 40 601 340 30 587 365 49 591 342 32 591 342 32 510 361 40 500 344 30 510 361 40 591 342 32 587 363 49 676 382 2 638 381 1 644 380 0 638 381 1 676 382 2 652 383 3 668 384 4 652 383 3 676 382 2 652 383 3 668 384 4 660 385 5 681 388 8 672 387 7 630 386 6 672 387 7 681 388 8 701 389 9 701 389 9 664 390 10 672 387 7 664 390 10 701 389 9 697 391 11 697 391 11 656 392 12 664 390 10 656 392 12 697 391 11 693 393 13 693 393 13 648 394 14 656 392 12 648 394 14 693 393 13 689 395 15 689 395 15 634 396 16 648 394 14 634 396 16 689 395 15 685 397 17 685 397 17 629 398 18 634 396 16 629 398 18 685 397 17 680 399 19 630 386 6 676 382 2 644 380 0 676 382 2 630 386 6 672 387 7 672 387 7 668 384 4 676 382 2 668 384 4 672 387 7 664 390 10 664 390 10 660 385 5 668 384 4 660 385 5 664 390 10 656 392 12 656 392 12 652 383 3 660 385 5 652 383 3 656 392 12 648 394 14 648 394 14 638 381 1 652 383 3 638 381 1 648 394 14 634 396 16 634 396 16 643 400 20 638 381 1 643 400 20 634 396 16 629 398 18 765 403 21 775 402 15 779 401 17 775 402 15 765 403 21 790 404 9 769 405 19 790 404 9 765 403 21 731 406 16 765 403 21 779 401 17 765 403 21 731 406 16 709 407 22 731 406 16 705 408 23 709 407 22 705 408 23 731 406 16 736 409 1 787 410 11 775 402 15 790 404 9 775 402 15 787 410 11 783 411 13 770 413 8 761 412 7 790 404 9 761 412 7 770 413 8 714 414 6 790 404 9 752 415 10 787 410 11 752 415 10 790 404 9 761 412 7 787 410 11 744 416 12 783 411 13 744 416 12 787 410 11 752 415 10 783 411 13 727 417 14 775 402 15 727 417 14 783 411 13 744 416 12 775 402 15 731 406 16 779 401 17 731 406 16 775 402 15 727 417 14 765 403 21 713 418 18 769 405 19 713 418 18 765 403 21 709 407 22 714 414 6 756 419 2 761 412 7 756 419 2 714 414 6 719 420 0 761 412 7 748 421 4 752 415 10 748 421 4 761 412 7 756 419 2 752 415 10 740 422 5 744 416 12 740 422 5 752 415 10 748 421 4 744 416 12 723 423 3 727 417 14 723 423 3 744 416 12 740 422 5 727 417 14 736 409 1 731 406 16 736 409 1 727 417 14 723 423 3 709 407 22 718 424 20 713 418 18 718 424 20 709 407 22 705 408 23 876 427 26 931 426 25 919 425 24 931 426 25 876 427 26 899 428 27 816 430 24 899 428 27 876 429 26 899 428 27 816 430 24 860 431 25 899 428 27 923 432 28 931 426 25 923 432 28 899 428 27 880 433 29 860 431 25 880 433 29 899 428 27 880 433 29 860 431 25 846 434 28 894 437 32 911 436 31 907 435 30 911 436 31 894 437 32 868 438 33 802 439 30 868 438 33 894 437 32 868 438 33 802 439 30 793 440 31 931 426 25 864 441 34 919 425 24 864 441 34 931 426 25 855 442 35 923 432 28 855 442 35 931 426 25 855 442 35 923 432 28 850 443 36 927 445 38 842 444 37 923 432 28 842 444 37 927 445 38 833 446 39 903 447 40 833 446 39 927 445 38 833 446 39 903 447 40 813 448 41 915 450 43 829 449 42 911 436 31 829 449 42 915 450 43 823 451 44 919 425 24 823 451 44 915 450 43 823 451 44 919 425 24 819 452 45 907 435 30 806 453 46 903 447 40 806 453 46 907 435 30 799 454 47 911 436 31 799 454 47 907 435 30 799 454 47 911 436 31 796 455 48 889 458 49 837 457 38 809 456 40 837 457 38 889 458 49 884 459 50 903 447 40 884 459 50 889 460 49 884 459 50 903 447 40 927 445 38 884 459 50 846 434 28 837 457 38 846 434 28 884 459 50 880 433 29 927 445 38 880 433 29 884 459 50 880 433 29 927 445 38 923 432 28 876 429 26 826 461 43 816 430 24 826 461 43 876 429 26 872 462 51 919 425 24 872 462 51 876 427 26 872 462 51 919 425 24 915 450 43 872 462 51 793 440 31 826 461 43 793 440 31 872 462 51 868 438 33 915 450 43 868 438 33 872 462 51 868 438 33 915 450 43 911 436 31 855 464 35 816 430 24 864 463 34 816 430 24 855 464 35 860 431 25 850 465 36 860 431 25 855 464 35 860 431 25 850 465 36 846 434 28 833 467 39 846 434 28 842 466 37 846 434 28 833 467 39 837 457 38 813 468 41 837 457 38 833 467 39 837 457 38 813 468 41 809 456 40 823 470 44 793 440 31 829 469 42 793 440 31 823 470 44 826 461 43 819 471 45 826 461 43 823 470 44 826 461 43 819 471 45 816 430 24 799 473 47 809 456 40 806 472 46 809 456 40 799 473 47 802 439 30 796 474 48 802 439 30 799 473 47 802 439 30 796 474 48 793 440 31 864 441 34 819 452 45 919 425 24 819 471 45 864 463 34 816 430 24 829 449 42 796 455 48 911 436 31 796 474 48 829 469 42 793 440 31 806 453 46 813 448 41 903 447 40 813 468 41 806 472 46 809 456 40 842 444 37 850 443 36 923 432 28 850 465 36 842 466 37 846 434 28 889 460 49 907 435 30 903 447 40 907 435 30 889 460 49 894 437 32 894 437 32 809 456 40 802 439 30 809 456 40 894 437 32 889 458 49 983 477 2 944 476 1 950 475 0 944 476 1 983 477 2 958 478 3 975 479 4 958 478 3 983 477 2 958 478 3 975 479 4 967 480 5 988 483 8 979 482 7 936 481 6 979 482 7 988 483 8 1008 484 9 1008 484 9 971 485 10 979 482 7 971 485 10 1008 484 9 1004 486 11 1004 486 11 962 487 12 971 485 10 962 487 12 1004 486 11 1000 488 13 1000 488 13 954 489 14 962 487 12 954 489 14 1000 488 13 996 490 15 996 490 15 940 491 16 954 489 14 940 491 16 996 490 15 992 492 17 992 492 17 935 493 18 940 491 16 935 493 18 992 492 17 987 494 19 936 481 6 983 477 2 950 475 0 983 477 2 936 481 6 979 482 7 979 482 7 975 479 4 983 477 2 975 479 4 979 482 7 971 485 10 971 485 10 967 480 5 975 479 4 967 480 5 971 485 10 962 487 12 962 487 12 958 478 3 967 480 5 958 478 3 962 487 12 954 489 14 954 489 14 944 476 1 958 478 3 944 476 1 954 489 14 940 491 16 940 491 16 949 495 20 944 476 1 949 495 20 940 491 16 935 493 18 23 498 21 31 497 15 36 496 17 31 497 15 23 498 21 49 499 9 26 500 19 49 499 9 23 498 21 1033 501 16 23 498 21 36 496 17 23 498 21 1033 501 16 1016 502 22 1033 501 16 1012 503 23 1016 502 22 1012 503 23 1033 501 16 1 504 1 44 505 11 31 497 15 49 499 9 31 497 15 44 505 11 40 506 13 27 508 8 20 507 7 49 499 9 20 507 7 27 508 8 1020 509 6 49 499 9 13 510 10 44 505 11 13 510 10 49 499 9 20 507 7 44 505 11 7 511 12 40 506 13 7 511 12 44 505 11 13 510 10 40 506 13 1030 512 14 31 497 15 1030 512 14 40 506 13 7 511 12 31 497 15 1033 501 16 36 496 17 1033 501 16 31 497 15 1030 512 14 23 498 21 1019 513 18 26 500 19 1019 513 18 23 498 21 1016 502 22 1020 509 6 16 514 2 20 507 7 16 514 2 1020 509 6 1024 515 0 20 507 7 10 516 4 13 510 10 10 516 4 20 507 7 16 514 2 13 510 10 4 517 5 7 511 12 4 517 5 13 510 10 10 516 4 7 511 12 1027 518 3 1030 512 14 1027 518 3 7 511 12 4 517 5 1030 512 14 1 504 1 1033 501 16 1 504 1 1030 512 14 1027 518 3 1016 502 22 1023 519 20 1019 513 18 1023 519 20 1016 502 22 1012 503 23 147 522 26 203 521 25 191 520 24 203 521 25 147 522 26 171 523 27 83 525 24 171 523 27 147 524 26 171 523 27 83 525 24 131 526 25 171 523 27 195 527 28 203 521 25 195 527 28 171 523 27 151 528 29 131 526 25 151 528 29 171 523 27 151 528 29 131 526 25 118 529 28 166 532 32 183 531 31 179 530 30 183 531 31 166 532 32 139 533 33 65 534 30 139 533 33 166 532 32 139 533 33 65 534 30 53 535 31 203 521 25 135 536 34 191 520 24 135 536 34 203 521 25 126 537 35 195 527 28 126 537 35 203 521 25 126 537 35 195 527 28 122 538 36 199 540 38 114 539 37 195 527 28 114 539 37 199 540 38 105 541 39 175 542 40 105 541 39 199 540 38 105 541 39 175 542 40 79 543 41 187 545 43 100 544 42 183 531 31 100 544 42 187 545 43 92 546 44 191 520 24 92 546 44 187 545 43 92 546 44 191 520 24 87 547 45 179 530 30 70 548 46 175 542 40 70 548 46 179 530 30 61 549 47 183 531 31 61 549 47 179 530 30 61 549 47 183 531 31 57 550 48 161 553 49 110 552 38 74 551 40 110 552 38 161 553 49 155 554 50 175 542 40 155 554 50 161 555 49 155 554 50 175 542 40 199 540 38 155 554 50 118 529 28 110 552 38 118 529 28 155 554 50 151 528 29 199 540 38 151 528 29 155 554 50 151 528 29 199 540 38 195 527 28 147 524 26 96 556 43 83 525 24 96 556 43 147 524 26 143 557 51 191 520 24 143 557 51 147 522 26 143 557 51 191 520 24 187 545 43 143 557 51 53 535 31 96 556 43 53 535 31 143 557 51 139 533 33 187 545 43 139 533 33 143 557 51 139 533 33 187 545 43 183 531 31 126 559 35 83 525 24 135 558 34 83 525 24 126 559 35 131 526 25 122 560 36 131 526 25 126 559 35 131 526 25 122 560 36 118 529 28 105 562 39 118 529 28 114 561 37 118 529 28 105 562 39 110 552 38 79 563 41 110 552 38 105 562 39 110 552 38 79 563 41 74 551 40 92 565 44 53 535 31 100 564 42 53 535 31 92 565 44 96 556 43 87 566 45 96 556 43 92 565 44 96 556 43 87 566 45 83 525 24 61 568 47 74 551 40 70 567 46 74 551 40 61 568 47 65 534 30 57 569 48 65 534 30 61 568 47 65 534 30 57 569 48 53 535 31 135 536 34 87 547 45 191 520 24 87 566 45 135 558 34 83 525 24 100 544 42 57 550 48 183 531 31 57 569 48 100 564 42 53 535 31 70 548 46 79 543 41 175 542 40 79 563 41 70 567 46 74 551 40 114 539 37 122 538 36 195 527 28 122 560 36 114 561 37 118 529 28 161 555 49 179 530 30 175 542 40 179 530 30 161 555 49 166 532 32 166 532 32 74 551 40 65 534 30 74 551 40 166 532 32 161 553 49 244 572 2 215 571 1 220 570 0 215 571 1 244 572 2 226 573 3 238 574 4 226 573 3 244 572 2 226 573 3 238 574 4 232 575 5 248 578 8 241 577 7 208 576 6 241 577 7 248 578 8 265 579 9 265 579 9 235 580 10 241 577 7 235 580 10 265 579 9 260 581 11 260 581 11 229 582 12 235 580 10 229 582 12 260 581 11 257 583 13 257 583 13 223 584 14 229 582 12 223 584 14 257 583 13 254 585 15 254 585 15 212 586 16 223 584 14 212 586 16 254 585 15 251 587 17 251 587 17 207 588 18 212 586 16 207 588 18 251 587 17 247 589 19 208 576 6 244 572 2 220 570 0 244 572 2 208 576 6 241 577 7 241 577 7 238 574 4 244 572 2 238 574 4 241 577 7 235 580 10 235 580 10 232 575 5 238 574 4 232 575 5 235 580 10 229 582 12 229 582 12 226 573 3 232 575 5 226 573 3 229 582 12 223 584 14 223 584 14 215 571 1 226 573 3 215 571 1 223 584 14 212 586 16 212 586 16 219 590 20 215 571 1 219 590 20 212 586 16 207 588 18 329 593 21 339 592 15 343 591 17 339 592 15 329 593 21 355 594 9 333 595 19 355 594 9 329 593 21 296 596 16 329 593 21 343 591 17 329 593 21 296 596 16 273 597 22 296 596 16 269 598 23 273 597 22 269 598 23 296 596 16 300 599 1 351 600 11 339 592 15 355 594 9 339 592 15 351 600 11 347 601 13 334 603 8 325 602 7 355 594 9 325 602 7 334 603 8 279 604 6 355 594 9 316 605 10 351 600 11 316 605 10 355 594 9 325 602 7 351 600 11 308 606 12 347 601 13 308 606 12 351 600 11 316 605 10 347 601 13 292 607 14 339 592 15 292 607 14 347 601 13 308 606 12 339 592 15 296 596 16 343 591 17 296 596 16 339 592 15 292 607 14 329 593 21 278 608 18 333 595 19 278 608 18 329 593 21 273 597 22 279 604 6 320 609 2 325 602 7 320 609 2 279 604 6 284 610 0 325 602 7 312 611 4 316 605 10 312 611 4 325 602 7 320 609 2 316 605 10 304 612 5 308 606 12 304 612 5 316 605 10 312 611 4 308 606 12 288 613 3 292 607 14 288 613 3 308 606 12 304 612 5 292 607 14 300 599 1 296 596 16 300 599 1 292 607 14 288 613 3 273 597 22 283 614 20 278 608 18 283 614 20 273 597 22 269 598 23 450 617 26 507 616 25 493 615 24 507 616 25 450 617 26 473 618 27 390 620 24 473 618 27 450 619 26 473 618 27 390 620 24 437 621 25 473 618 27 497 622 28 507 616 25 497 622 28 473 618 27 455 623 29 437 621 25 455 623 29 473 618 27 455 623 29 437 621 25 425 624 28 469 627 32 485 626 31 481 625 30 485 626 31 469 627 32 444 628 33 371 629 30 444 628 33 469 627 32 444 628 33 371 629 30 359 630 31 507 616 25 441 631 34 493 615 24 441 631 34 507 616 25 433 632 35 497 622 28 433 632 35 507 616 25 433 632 35 497 622 28 429 633 36 501 635 38 421 634 37 497 622 28 421 634 37 501 635 38 412 636 39 477 637 40 412 636 39 501 635 38 412 636 39 477 637 40 385 638 41 489 640 43 407 639 42 485 626 31 407 639 42 489 640 43 399 641 44 493 615 24 399 641 44 489 640 43 399 641 44 493 615 24 394 642 45 481 625 30 376 643 46 477 637 40 376 643 46 481 625 30 367 644 47 485 626 31 367 644 47 481 625 30 367 644 47 485 626 31 363 645 48 464 648 49 417 647 38 380 646 40 417 647 38 464 648 49 459 649 50 477 637 40 459 649 50 464 650 49 459 649 50 477 637 40 501 635 38 459 649 50 425 624 28 417 647 38 425 624 28 459 649 50 455 623 29 501 635 38 455 623 29 459 649 50 455 623 29 501 635 38 497 622 28 450 619 26 403 651 43 390 620 24 403 651 43 450 619 26 447 652 51 493 615 24 447 652 51 450 617 26 447 652 51 493 615 24 489 640 43 447 652 51 359 630 31 403 651 43 359 630 31 447 652 51 444 628 33 489 640 43 444 628 33 447 652 51 444 628 33 489 640 43 485 626 31 433 654 35 390 620 24 441 653 34 390 620 24 433 654 35 437 621 25 429 655 36 437 621 25 433 654 35 437 621 25 429 655 36 425 624 28 412 657 39 425 624 28 421 656 37 425 624 28 412 657 39 417 647 38 385 658 41 417 647 38 412 657 39 417 647 38 385 658 41 380 646 40 399 660 44 359 630 31 407 659 42 359 630 31 399 660 44 403 651 43 394 661 45 403 651 43 399 660 44 403 651 43 394 661 45 390 620 24 367 663 47 380 646 40 376 662 46 380 646 40 367 663 47 371 629 30 363 664 48 371 629 30 367 663 47 371 629 30 363 664 48 359 630 31 441 631 34 394 642 45 493 615 24 394 661 45 441 653 34 390 620 24 407 639 42 363 645 48 485 626 31 363 664 48 407 659 42 359 630 31 376 643 46 385 638 41 477 637 40 385 658 41 376 662 46 380 646 40 421 634 37 429 633 36 497 622 28 429 655 36 421 656 37 425 624 28 464 650 49 481 625 30 477 637 40 481 625 30 464 650 49 469 627 32 469 627 32 380 646 40 371 629 30 380 646 40 469 627 32 464 648 49 559 193 2 520 194 1 525 665 0 520 194 1 559 193 2 533 192 3 551 191 4 533 192 3 559 193 2 533 192 3 551 191 4 542 666 5 563 668 8 555 204 7 512 667 6 555 204 7 563 668 8 578 205 9 578 205 9 547 206 10 555 204 7 547 206 10 578 205 9 575 207 11 575 207 11 537 669 12 547 206 10 537 669 12 575 207 11 572 670 13 572 670 13 529 197 14 537 669 12 529 197 14 572 670 13 569 199 15 569 199 15 516 200 16 529 197 14 516 200 16 569 199 15 566 201 17 566 201 17 511 671 18 516 200 16 511 671 18 566 201 17 562 672 19 512 667 6 559 193 2 525 665 0 559 193 2 512 667 6 555 204 7 555 204 7 551 191 4 559 193 2 551 191 4 555 204 7 547 206 10 547 206 10 542 666 5 551 191 4 542 666 5 547 206 10 537 669 12 537 669 12 533 192 3 542 666 5 533 192 3 537 669 12 529 197 14 529 197 14 520 194 1 533 192 3 520 194 1 529 197 14 516 200 16 516 200 16 524 673 20 520 194 1 524 673 20 516 200 16 511 671 18 635 676 21 645 675 15 649 674 17 645 675 15 635 676 21 661 677 9 639 678 19 661 677 9 635 676 21 602 679 16 635 676 21 649 674 17 635 676 21 602 679 16 584 680 22 602 679 16 581 681 23 584 680 22 581 681 23 602 679 16 605 682 1 657 683 11 645 675 15 661 677 9 645 675 15 657 683 11 653 684 13 640 686 8 631 685 7 661 677 9 631 685 7 640 686 8 589 687 6 661 677 9 621 688 10 657 683 11 621 688 10 661 677 9 631 685 7 657 683 11 613 689 12 653 684 13 613 689 12 657 683 11 621 688 10 653 684 13 599 690 14 645 675 15 599 690 14 653 684 13 613 689 12 645 675 15 602 679 16 649 674 17 602 679 16 645 675 15 599 690 14 635 676 21 588 691 18 639 678 19 588 691 18 635 676 21 584 680 22 589 687 6 626 692 2 631 685 7 626 692 2 589 687 6 593 693 0 631 685 7 617 694 4 621 688 10 617 694 4 631 685 7 626 692 2 621 688 10 608 695 5 613 689 12 608 695 5 621 688 10 617 694 4 613 689 12 596 696 3 599 690 14 596 696 3 613 689 12 608 695 5 599 690 14 605 682 1 602 679 16 605 682 1 599 690 14 596 696 3 584 680 22 592 697 20 588 691 18 592 697 20 584 680 22 581 681 23 757 268 26 807 267 25 797 698 24 807 267 25 757 268 26 780 269 27 694 257 24 780 269 27 757 270 26 780 269 27 694 257 24 741 699 25 780 269 27 800 244 28 807 267 25 800 244 28 780 269 27 762 700 29 741 699 25 762 700 29 780 269 27 762 700 29 741 699 25 728 242 28 776 702 32 791 250 31 788 701 30 791 250 31 776 702 32 749 703 33 677 704 30 749 703 33 776 702 32 749 703 33 677 704 30 665 246 31 807 267 25 745 278 34 797 698 24 745 278 34 807 267 25 737 705 35 800 244 28 737 705 35 807 267 25 737 705 35 800 244 28 732 276 36 803 706 38 724 275 37 800 244 28 724 275 37 803 706 38 715 274 39 784 240 40 715 274 39 803 706 38 715 274 39 784 240 40 690 273 41 794 707 43 710 284 42 791 250 31 710 284 42 794 707 43 702 283 44 797 698 24 702 283 44 794 707 43 702 283 44 797 698 24 698 282 45 788 701 30 682 281 46 784 240 40 682 281 46 788 701 30 673 708 47 791 250 31 673 708 47 788 701 30 673 708 47 791 250 31 669 279 48 771 237 49 720 236 38 686 709 40 720 236 38 771 237 49 766 238 50 784 240 40 766 238 50 771 239 49 766 238 50 784 240 40 803 706 38 766 238 50 728 242 28 720 236 38 728 242 28 766 238 50 762 700 29 803 706 38 762 700 29 766 238 50 762 700 29 803 706 38 800 244 28 757 270 26 706 710 43 694 257 24 706 710 43 757 270 26 753 711 51 797 698 24 753 711 51 757 268 26 753 711 51 797 698 24 794 707 43 753 711 51 665 246 31 706 710 43 665 246 31 753 711 51 749 703 33 794 707 43 749 703 33 753 711 51 749 703 33 794 707 43 791 250 31 737 256 35 694 257 24 745 258 34 694 257 24 737 256 35 741 699 25 732 254 36 741 699 25 737 256 35 741 699 25 732 254 36 728 242 28 715 712 39 728 242 28 724 253 37 728 242 28 715 712 39 720 236 38 690 251 41 720 236 38 715 712 39 720 236 38 690 251 41 686 709 40 702 713 44 665 246 31 710 265 42 665 246 31 702 713 44 706 710 43 698 263 45 706 710 43 702 713 44 706 710 43 698 263 45 694 257 24 673 261 47 686 709 40 682 262 46 686 709 40 673 261 47 677 704 30 669 259 48 677 704 30 673 261 47 677 704 30 669 259 48 665 246 31 745 278 34 698 282 45 797 698 24 698 263 45 745 258 34 694 257 24 710 284 42 669 279 48 791 250 31 669 259 48 710 265 42 665 246 31 682 281 46 690 273 41 784 240 40 690 251 41 682 262 46 686 709 40 724 275 37 732 276 36 800 244 28 732 254 36 724 253 37 728 242 28 771 239 49 788 701 30 784 240 40 788 701 30 771 239 49 776 702 32 776 702 32 686 709 40 677 704 30 686 709 40 776 702 32 771 237 49 851 716 2 817 715 1 821 714 0 817 715 1 851 716 2 827 717 3 843 718 4 827 717 3 851 716 2 827 717 3 843 718 4 834 719 5 857 722 8 847 721 7 811 720 6 847 721 7 857 722 8 877 723 9 877 723 9 838 724 10 847 721 7 838 724 10 877 723 9 873 725 11 873 725 11 830 726 12 838 724 10 830 726 12 873 725 11 869 727 13 869 727 13 824 728 14 830 726 12 824 728 14 869 727 13 865 729 15 865 729 15 814 730 16 824 728 14 814 730 16 865 729 15 861 731 17 861 731 17 810 732 18 814 730 16 810 732 18 861 731 17 856 733 19 811 720 6 851 716 2 821 714 0 851 716 2 811 720 6 847 721 7 847 721 7 843 718 4 851 716 2 843 718 4 847 721 7 838 724 10 838 724 10 834 719 5 843 718 4 834 719 5 838 724 10 830 726 12 830 726 12 827 717 3 834 719 5 827 717 3 830 726 12 824 728 14 824 728 14 817 715 1 827 717 3 817 715 1 824 728 14 814 730 16 814 730 16 820 734 20 817 715 1 820 734 20 814 730 16 810 732 18 941 737 21 951 736 15 955 735 17 951 736 15 941 737 21 968 738 9 945 739 19 968 738 9 941 737 21 908 740 16 941 737 21 955 735 17 941 737 21 908 740 16 885 741 22 908 740 16 881 742 23 885 741 22 881 742 23 908 740 16 912 743 1 963 744 11 951 736 15 968 738 9 951 736 15 963 744 11 959 745 13 946 747 8 937 746 7 968 738 9 937 746 7 946 747 8 891 748 6 968 738 9 928 749 10 963 744 11 928 749 10 968 738 9 937 746 7 963 744 11 920 750 12 959 745 13 920 750 12 963 744 11 928 749 10 959 745 13 904 751 14 951 736 15 904 751 14 959 745 13 920 750 12 951 736 15 908 740 16 955 735 17 908 740 16 951 736 15 904 751 14 941 737 21 890 752 18 945 739 19 890 752 18 941 737 21 885 741 22 891 748 6 932 753 2 937 746 7 932 753 2 891 748 6 896 754 0 937 746 7 924 755 4 928 749 10 924 755 4 937 746 7 932 753 2 928 749 10 916 756 5 920 750 12 916 756 5 928 749 10 924 755 4 920 750 12 900 757 3 904 751 14 900 757 3 920 750 12 916 756 5 904 751 14 912 743 1 908 740 16 912 743 1 904 751 14 900 757 3 885 741 22 895 758 20 890 752 18 895 758 20 885 741 22 881 742 23 17 761 26 71 760 25 58 759 24 71 760 25 17 761 26 37 762 27 1001 764 24 37 762 27 17 763 26 37 762 27 1001 764 24 5 765 25 37 762 27 62 766 28 71 760 25 62 766 28 37 762 27 21 767 29 5 765 25 21 767 29 37 762 27 21 767 29 5 765 25 1031 768 28 32 771 32 50 770 31 45 769 30 50 770 31 32 771 32 11 772 33 984 773 30 11 772 33 32 771 32 11 772 33 984 773 30 972 774 31 71 760 25 8 775 34 58 759 24 8 775 34 71 760 25 2 776 35 62 766 28 2 776 35 71 760 25 2 776 35 62 766 28 1034 777 36 66 779 38 1028 778 37 62 766 28 1028 778 37 66 779 38 1021 780 39 41 781 40 1021 780 39 66 779 38 1021 780 39 41 781 40 997 782 41 54 784 43 1017 783 42 50 770 31 1017 783 42 54 784 43 1009 785 44 58 759 24 1009 785 44 54 784 43 1009 785 44 58 759 24 1005 786 45 45 769 30 989 787 46 41 781 40 989 787 46 45 769 30 980 788 47 50 770 31 980 788 47 45 769 30 980 788 47 50 770 31 976 789 48 28 792 49 1025 791 38 993 790 40 1025 791 38 28 792 49 24 793 50 41 781 40 24 793 50 28 794 49 24 793 50 41 781 40 66 779 38 24 793 50 1031 768 28 1025 791 38 1031 768 28 24 793 50 21 767 29 66 779 38 21 767 29 24 793 50 21 767 29 66 779 38 62 766 28 17 763 26 1013 795 43 1001 764 24 1013 795 43 17 763 26 14 796 51 58 759 24 14 796 51 17 761 26 14 796 51 58 759 24 54 784 43 14 796 51 972 774 31 1013 795 43 972 774 31 14 796 51 11 772 33 54 784 43 11 772 33 14 796 51 11 772 33 54 784 43 50 770 31 2 798 35 1001 764 24 8 797 34 1001 764 24 2 798 35 5 765 25 1034 799 36 5 765 25 2 798 35 5 765 25 1034 799 36 1031 768 28 1021 801 39 1031 768 28 1028 800 37 1031 768 28 1021 801 39 1025 791 38 997 802 41 1025 791 38 1021 801 39 1025 791 38 997 802 41 993 790 40 1009 804 44 972 774 31 1017 803 42 972 774 31 1009 804 44 1013 795 43 1005 805 45 1013 795 43 1009 804 44 1013 795 43 1005 805 45 1001 764 24 980 807 47 993 790 40 989 806 46 993 790 40 980 807 47 984 773 30 976 808 48 984 773 30 980 807 47 984 773 30 976 808 48 972 774 31 8 775 34 1005 786 45 58 759 24 1005 805 45 8 797 34 1001 764 24 1017 783 42 976 789 48 50 770 31 976 808 48 1017 803 42 972 774 31 989 787 46 997 782 41 41 781 40 997 802 41 989 806 46 993 790 40 1028 778 37 1034 777 36 62 766 28 1034 799 36 1028 800 37 1031 768 28 28 794 49 45 769 30 41 781 40 45 769 30 28 794 49 32 771 32 32 771 32 993 790 40 984 773 30 993 790 40 32 771 32 28 792 49 123 811 2 84 810 1 89 809 0 84 810 1 123 811 2 97 812 3 115 813 4 97 812 3 123 811 2 97 812 3 115 813 4 106 814 5 128 817 8 119 816 7 76 815 6 119 816 7 128 817 8 148 818 9 148 818 9 111 819 10 119 816 7 111 819 10 148 818 9 144 820 11 144 820 11 101 821 12 111 819 10 101 821 12 144 820 11 140 822 13 140 822 13 93 823 14 101 821 12 93 823 14 140 822 13 136 824 15 136 824 15 80 825 16 93 823 14 80 825 16 136 824 15 132 826 17 132 826 17 75 827 18 80 825 16 75 827 18 132 826 17 127 828 19 76 815 6 123 811 2 89 809 0 123 811 2 76 815 6 119 816 7 119 816 7 115 813 4 123 811 2 115 813 4 119 816 7 111 819 10 111 819 10 106 814 5 115 813 4 106 814 5 111 819 10 101 821 12 101 821 12 97 812 3 106 814 5 97 812 3 101 821 12 93 823 14 93 823 14 84 810 1 97 812 3 84 810 1 93 823 14 80 825 16 80 825 16 88 829 20 84 810 1 88 829 20 80 825 16 75 827 18 213 832 21 221 831 15 224 830 17 221 831 15 213 832 21 233 833 9 216 834 19 233 833 9 213 832 21 180 835 16 213 832 21 224 830 17 213 832 21 180 835 16 156 836 22 180 835 16 152 837 23 156 836 22 152 837 23 180 835 16 184 838 1 230 839 11 221 831 15 233 833 9 221 831 15 230 839 11 227 840 13 217 842 8 209 841 7 233 833 9 209 841 7 217 842 8 163 843 6 233 833 9 200 844 10 230 839 11 200 844 10 233 833 9 209 841 7 230 839 11 192 845 12 227 840 13 192 845 12 230 839 11 200 844 10 227 840 13 176 846 14 221 831 15 176 846 14 227 840 13 192 845 12 221 831 15 180 835 16 224 830 17 180 835 16 221 831 15 176 846 14 213 832 21 162 847 18 216 834 19 162 847 18 213 832 21 156 836 22 163 843 6 204 848 2 209 841 7 204 848 2 163 843 6 168 849 0 209 841 7 196 850 4 200 844 10 196 850 4 209 841 7 204 848 2 200 844 10 188 851 5 192 845 12 188 851 5 200 844 10 196 850 4 192 845 12 172 852 3 176 846 14 172 852 3 192 845 12 188 851 5 176 846 14 184 838 1 180 835 16 184 838 1 176 846 14 172 852 3 156 836 22 167 853 20 162 847 18 167 853 20 156 836 22 152 837 23 321 856 26 377 855 25 364 854 24 377 855 25 321 856 26 344 857 27 258 859 24 344 857 27 321 858 26 344 857 27 258 859 24 305 860 25 344 857 27 368 861 28 377 855 25 368 861 28 344 857 27 326 862 29 305 860 25 326 862 29 344 857 27 326 862 29 305 860 25 293 863 28 340 866 32 356 865 31 352 864 30 356 865 31 340 866 32 313 867 33 245 868 30 313 867 33 340 866 32 313 867 33 245 868 30 236 869 31 377 855 25 309 870 34 364 854 24 309 870 34 377 855 25 301 871 35 368 861 28 301 871 35 377 855 25 301 871 35 368 861 28 297 872 36 372 874 38 289 873 37 368 861 28 289 873 37 372 874 38 280 875 39 348 876 40 280 875 39 372 874 38 280 875 39 348 876 40 255 877 41 360 879 43 274 878 42 356 865 31 274 878 42 360 879 43 266 880 44 364 854 24 266 880 44 360 879 43 266 880 44 364 854 24 261 881 45 352 864 30 249 882 46 348 876 40 249 882 46 352 864 30 242 883 47 356 865 31 242 883 47 352 864 30 242 883 47 356 865 31 239 884 48 335 887 49 285 886 38 252 885 40 285 886 38 335 887 49 330 888 50 348 876 40 330 888 50 335 889 49 330 888 50 348 876 40 372 874 38 330 888 50 293 863 28 285 886 38 293 863 28 330 888 50 326 862 29 372 874 38 326 862 29 330 888 50 326 862 29 372 874 38 368 861 28 321 858 26 270 890 43 258 859 24 270 890 43 321 858 26 317 891 51 364 854 24 317 891 51 321 856 26 317 891 51 364 854 24 360 879 43 317 891 51 236 869 31 270 890 43 236 869 31 317 891 51 313 867 33 360 879 43 313 867 33 317 891 51 313 867 33 360 879 43 356 865 31 301 893 35 258 859 24 309 892 34 258 859 24 301 893 35 305 860 25 297 894 36 305 860 25 301 893 35 305 860 25 297 894 36 293 863 28 280 896 39 293 863 28 289 895 37 293 863 28 280 896 39 285 886 38 255 897 41 285 886 38 280 896 39 285 886 38 255 897 41 252 885 40 266 899 44 236 869 31 274 898 42 236 869 31 266 899 44 270 890 43 261 900 45 270 890 43 266 899 44 270 890 43 261 900 45 258 859 24 242 902 47 252 885 40 249 901 46 252 885 40 242 902 47 245 868 30 239 903 48 245 868 30 242 902 47 245 868 30 239 903 48 236 869 31 309 870 34 261 881 45 364 854 24 261 900 45 309 892 34 258 859 24 274 878 42 239 884 48 356 865 31 239 903 48 274 898 42 236 869 31 249 882 46 255 877 41 348 876 40 255 897 41 249 901 46 252 885 40 289 873 37 297 872 36 368 861 28 297 894 36 289 895 37 293 863 28 335 889 49 352 864 30 348 876 40 352 864 30 335 889 49 340 866 32 340 866 32 252 885 40 245 868 30 252 885 40 340 866 32 335 887 49 396 906 0 556 905 53 503 904 52 556 905 53 396 906 0 494 907 54 494 907 54 552 908 55 556 905 53 552 908 55 494 907 54 486 909 56 486 909 56 548 910 57 552 908 55 548 910 57 486 909 56 478 911 58 478 911 58 543 912 59 548 910 57 543 912 59 478 911 58 470 913 60 470 913 60 538 914 61 543 912 59 538 914 61 470 913 60 460 915 62 460 915 62 534 916 63 538 914 61 534 916 63 460 915 62 451 917 64 451 917 64 530 918 65 534 916 63 530 918 65 451 917 64 445 919 66 445 919 66 526 920 67 530 918 65 526 920 67 445 919 66 438 921 5 438 921 5 521 922 68 526 920 67 521 922 68 438 921 5 430 923 69 430 923 69 517 924 70 521 922 68 517 924 70 430 923 69 422 925 71 422 925 71 513 926 72 517 924 70 513 926 72 422 925 71 408 927 73 408 927 73 508 928 74 513 926 72 508 928 74 408 927 73 400 929 75 400 929 75 498 930 76 508 928 74 498 930 76 400 929 75 391 931 77 502 933 78 391 931 77 395 932 20 391 931 77 502 933 78 498 930 76 382 936 8 494 935 54 396 934 0 494 935 54 382 936 8 490 937 79 490 937 79 486 938 56 494 935 54 486 938 56 490 937 79 482 939 80 482 939 80 478 940 58 486 938 56 478 940 58 482 939 80 474 941 81 474 941 81 470 942 60 478 940 58 470 942 60 474 941 81 465 943 82 465 943 82 460 944 62 470 942 60 460 944 62 465 943 82 456 945 83 456 945 83 451 946 64 460 944 62 451 946 64 456 945 83 448 947 84 448 947 84 445 948 66 451 946 64 445 948 66 448 947 84 442 949 85 442 949 85 438 950 5 445 948 66 438 950 5 442 949 85 434 951 13 434 951 13 430 952 69 438 950 5 430 952 69 434 951 13 426 953 86 426 953 86 422 925 71 430 952 69 422 925 71 426 953 86 418 954 87 418 954 87 408 927 73 422 925 71 408 927 73 418 954 87 413 955 88 413 955 88 400 956 75 408 927 73 400 956 75 413 955 88 404 957 89 404 960 89 391 959 77 400 958 75 391 959 77 404 960 89 386 961 90 386 961 90 395 962 20 391 959 77 395 962 20 386 961 90 381 963 19 623 966 0 785 965 53 734 964 52 785 965 53 623 966 0 725 967 54 725 967 54 781 968 55 785 965 53 781 968 55 725 967 54 716 969 56 716 969 56 777 970 57 781 968 55 777 970 57 716 969 56 707 971 58 707 971 58 772 972 59 777 970 57 772 972 59 707 971 58 699 973 60 699 973 60 767 974 61 772 972 59 767 974 61 699 973 60 691 975 62 691 975 62 763 976 63 767 974 61 763 976 63 691 975 62 683 977 64 683 977 64 758 978 65 763 976 63 758 978 65 683 977 64 674 979 66 674 979 66 754 980 67 758 978 65 754 980 67 674 979 66 666 981 5 666 981 5 750 982 68 754 980 67 750 982 68 666 981 5 658 983 69 658 983 69 746 984 70 750 982 68 746 984 70 658 983 69 650 985 71 650 985 71 742 986 72 746 984 70 742 986 72 650 985 71 636 987 73 636 987 73 738 988 74 742 986 72 738 988 74 636 987 73 627 989 75 627 989 75 729 990 76 738 988 74 729 990 76 627 989 75 618 991 77 733 993 78 618 991 77 622 992 20 618 991 77 733 993 78 729 990 76 610 996 8 725 995 54 623 994 0 725 995 54 610 996 8 721 997 79 721 997 79 716 998 56 725 995 54 716 998 56 721 997 79 711 999 80 711 999 80 707 1000 58 716 998 56 707 1000 58 711 999 80 703 1001 81 703 1001 81 699 1002 60 707 1000 58 699 1002 60 703 1001 81 695 1003 82 695 1003 82 691 1004 62 699 1002 60 691 1004 62 695 1003 82 687 1005 83 687 1005 83 683 1006 64 691 1004 62 683 1006 64 687 1005 83 678 1007 84 678 1007 84 674 1008 66 683 1006 64 674 1008 66 678 1007 84 670 1009 85 670 1009 85 666 1010 5 674 1008 66 666 1010 5 670 1009 85 662 1011 13 662 1011 13 658 1012 69 666 1010 5 658 1012 69 662 1011 13 654 1013 86 654 1013 86 650 1014 71 658 1012 69 650 1014 71 654 1013 86 646 1015 87 646 1015 87 636 1016 73 650 1014 71 636 1016 73 646 1015 87 641 1017 88 641 1017 88 627 1018 75 636 1016 73 627 1018 75 641 1017 88 632 1019 89 632 1022 89 618 1021 77 627 1020 75 618 1021 77 632 1022 89 614 1023 90 614 1023 90 622 1024 20 618 1021 77 622 1024 20 614 1023 90 609 1025 19 853 1028 0 1014 1027 53 965 1026 52 1014 1027 53 853 1028 0 956 1029 54 956 1029 54 1010 1030 55 1014 1027 53 1010 1030 55 956 1029 54 947 1031 56 947 1031 56 1006 1032 57 1010 1030 55 1006 1032 57 947 1031 56 938 1033 58 938 1033 58 1002 1034 59 1006 1032 57 1002 1034 59 938 1033 58 929 1035 60 929 1035 60 998 1036 61 1002 1034 59 998 1036 61 929 1035 60 921 1037 62 921 1037 62 994 1038 63 998 1036 61 994 1038 63 921 1037 62 913 1039 64 913 1039 64 990 1040 65 994 1038 63 990 1040 65 913 1039 64 905 1041 66 905 1041 66 985 1042 67 990 1040 65 985 1042 67 905 1041 66 897 1043 5 897 1043 5 981 1044 68 985 1042 67 981 1044 68 897 1043 5 886 1045 69 886 1045 69 977 1046 70 981 1044 68 977 1046 70 886 1045 69 878 1047 71 878 1047 71 973 1048 72 977 1046 70 973 1048 72 878 1047 71 866 1049 73 866 1049 73 969 1050 74 973 1048 72 969 1050 74 866 1049 73 858 1051 75 858 1051 75 960 1052 76 969 1050 74 960 1052 76 858 1051 75 848 1053 77 964 1055 78 848 1053 77 852 1054 20 848 1053 77 964 1055 78 960 1052 76 840 1058 8 956 1057 54 853 1056 0 956 1057 54 840 1058 8 952 1059 79 952 1059 79 947 1060 56 956 1057 54 947 1060 56 952 1059 79 942 1061 80 942 1061 80 938 1062 58 947 1060 56 938 1062 58 942 1061 80 933 1063 81 933 1063 81 929 1064 60 938 1062 58 929 1064 60 933 1063 81 925 1065 82 925 1065 82 921 1066 62 929 1064 60 921 1066 62 925 1065 82 917 1067 83 917 1067 83 913 1068 64 921 1066 62 913 1068 64 917 1067 83 909 1069 84 909 1069 84 905 1070 66 913 1068 64 905 1070 66 909 1069 84 901 1071 85 901 1071 85 897 1072 5 905 1070 66 897 1072 5 901 1071 85 892 1073 13 892 1073 13 886 1074 69 897 1072 5 886 1074 69 892 1073 13 882 1075 86 882 1075 86 878 1076 71 886 1074 69 878 1076 71 882 1075 86 874 1077 87 874 1077 87 866 1078 73 878 1076 71 866 1078 73 874 1077 87 870 1079 88 870 1079 88 858 1080 75 866 1078 73 858 1080 75 870 1079 88 862 1081 89 862 1083 89 848 1053 77 858 1082 75 848 1053 77 862 1083 89 844 1084 90 844 1084 90 852 1054 20 848 1053 77 852 1054 20 844 1084 90 839 1085 19 47 1088 0 210 1087 53 158 1086 52 210 1087 53 47 1088 0 149 1089 54 149 1089 54 205 1090 55 210 1087 53 205 1090 55 149 1089 54 141 1091 56 141 1091 56 201 1092 57 205 1090 55 201 1092 57 141 1091 56 133 1093 58 133 1093 58 197 1094 59 201 1092 57 197 1094 59 133 1093 58 124 1095 60 124 1095 60 193 1096 61 197 1094 59 193 1096 61 124 1095 60 116 1097 62 116 1097 62 189 1098 63 193 1096 61 189 1098 63 116 1097 62 107 1099 64 107 1099 64 185 1100 65 189 1098 63 185 1100 65 107 1099 64 98 1101 66 98 1101 66 181 1102 67 185 1100 65 181 1102 67 98 1101 66 90 1103 5 90 1103 5 177 1104 68 181 1102 67 177 1104 68 90 1103 5 81 1105 69 81 1105 69 173 1106 70 177 1104 68 173 1106 70 81 1105 69 72 1107 71 72 1107 71 169 1108 72 173 1106 70 169 1108 72 72 1107 71 59 1109 73 59 1109 73 164 1110 74 169 1108 72 164 1110 74 59 1109 73 51 1111 75 51 1111 75 153 1112 76 164 1110 74 153 1112 76 51 1111 75 42 1113 77 157 1115 78 42 1113 77 46 1114 20 42 1113 77 157 1115 78 153 1112 76 34 1118 8 149 1117 54 47 1116 0 149 1117 54 34 1118 8 145 1119 79 145 1119 79 141 1120 56 149 1117 54 141 1120 56 145 1119 79 137 1121 80 137 1121 80 133 1122 58 141 1120 56 133 1122 58 137 1121 80 129 1123 81 129 1123 81 124 1124 60 133 1122 58 124 1124 60 129 1123 81 120 1125 82 120 1125 82 116 1126 62 124 1124 60 116 1126 62 120 1125 82 112 1127 83 112 1127 83 107 1128 64 116 1126 62 107 1128 64 112 1127 83 102 1129 84 102 1129 84 98 1130 66 107 1128 64 98 1130 66 102 1129 84 94 1131 85 94 1131 85 90 1132 5 98 1130 66 90 1132 5 94 1131 85 85 1133 13 85 1133 13 81 1134 69 90 1132 5 81 1134 69 85 1133 13 77 1135 86 77 1135 86 72 1136 71 81 1134 69 72 1136 71 77 1135 86 67 1137 87 67 1137 87 59 1138 73 72 1136 71 59 1138 73 67 1137 87 63 1139 88 63 1139 88 51 1140 75 59 1138 73 51 1140 75 63 1139 88 55 1141 89 55 1144 89 42 1143 77 51 1142 75 42 1143 77 55 1144 89 38 1145 90 38 1145 90 46 1146 20 42 1143 77 46 1146 20 38 1145 90 33 1147 19 276 1150 0 439 1149 53 388 1148 52 439 1149 53 276 1150 0 378 1151 54 378 1151 54 435 1152 55 439 1149 53 435 1152 55 378 1151 54 369 1153 56 369 1153 56 431 1154 57 435 1152 55 431 1154 57 369 1153 56 361 1155 58 361 1155 58 427 1156 59 431 1154 57 427 1156 59 361 1155 58 353 1157 60 353 1157 60 423 1158 61 427 1156 59 423 1158 61 353 1157 60 345 1159 62 345 1159 62 419 1160 63 423 1158 61 419 1160 63 345 1159 62 336 1161 64 336 1161 64 414 1162 65 419 1160 63 414 1162 65 336 1161 64 327 1163 66 327 1163 66 409 1164 67 414 1162 65 409 1164 67 327 1163 66 318 1165 5 318 1165 5 405 1166 68 409 1164 67 405 1166 68 318 1165 5 310 1167 69 310 1167 69 401 1168 70 405 1166 68 401 1168 70 310 1167 69 302 1169 71 302 1169 71 397 1170 72 401 1168 70 397 1170 72 302 1169 71 290 1171 73 290 1171 73 392 1172 74 397 1170 72 392 1172 74 290 1171 73 281 1173 75 281 1173 75 383 1174 76 392 1172 74 383 1174 76 281 1173 75 271 1175 77 387 1177 78 271 1175 77 275 1176 20 271 1175 77 387 1177 78 383 1174 76 263 1180 8 378 1179 54 276 1178 0 378 1179 54 263 1180 8 373 1181 79 373 1181 79 369 1182 56 378 1179 54 369 1182 56 373 1181 79 365 1183 80 365 1183 80 361 1184 58 369 1182 56 361 1184 58 365 1183 80 357 1185 81 357 1185 81 353 1186 60 361 1184 58 353 1186 60 357 1185 81 349 1187 82 349 1187 82 345 1188 62 353 1186 60 345 1188 62 349 1187 82 341 1189 83 341 1189 83 336 1190 64 345 1188 62 336 1190 64 341 1189 83 331 1191 84 331 1191 84 327 1192 66 336 1190 64 327 1192 66 331 1191 84 322 1193 85 322 1193 85 318 1194 5 327 1192 66 318 1194 5 322 1193 85 314 1195 13 314 1195 13 310 1196 69 318 1194 5 310 1196 69 314 1195 13 306 1197 86 306 1197 86 302 1169 71 310 1196 69 302 1169 71 306 1197 86 298 1198 87 298 1198 87 290 1171 73 302 1169 71 290 1171 73 298 1198 87 294 1199 88 294 1199 88 281 1200 75 290 1171 73 281 1200 75 294 1199 88 286 1201 89 286 1203 89 271 1175 77 281 1202 75 271 1175 77 286 1203 89 267 1204 90 267 1204 90 275 1176 20 271 1175 77 275 1176 20 267 1204 90 262 1205 19</p>
                </triangles>
            </mesh>
        </geometry>
        <geometry id="ID52">
            <mesh>
                <source id="ID53">
                    <float_array id="ID54" count="2760">487.875 2277.63 -3700.5 3360.13 2281 -1723.88 165.5 2281 3728.38 -3462.38 2305.88 -1409 487.875 2333.5 -3700.5 3307 2281 -1706.63 165.5 2281 3672.5 -3409.25 2305.88 -1391.75 379 2383.75 -3700.5 3326.5 2265.63 -1827.38 1036.75 2305.88 3672.5 -3496 2281 -1305.5 379 2327.88 -3700.5 3273.38 2265.63 -1810.13 1036.75 2305.88 3728.38 -3443 2281 -1288.13 1183.13 2327.88 -3682.75 3292.75 2265.63 -1931 1178.75 2355.75 3701.5 -3529.75 2265.63 -1201.88 1183.13 2383.75 -3682.75 3239.75 2265.63 -1913.75 1178.75 2355.75 3645.63 -3476.63 2265.63 -1184.63 1032.5 2333.5 -3700.5 3259.13 2281 -2034.63 492.125 2305.88 3728.38 -3563.38 2265.63 -1098.25 1032.5 2277.63 -3700.5 3206 2281 -2017.38 492.125 2305.88 3672.5 -3510.25 2265.63 -1081 923.625 2310.25 -3700.5 3368.5 2277.63 1607.5 601.125 2281 3728.38 -3597 2281 -994.625 923.625 2254.5 -3700.5 3368.5 2333.5 1607.5 601.125 2281 3672.5 -3543.88 2281 -977.375 814.625 2290.88 -3700.5 3402.25 2383.75 1504 710 2265.63 3728.38 -3813.13 2305.88 -148.75 814.625 2235.13 -3700.5 3402.25 2327.88 1504 710 2265.63 3672.5 -3866.25 2305.88 -166 705.75 2290.88 -3700.5 3136.88 2327.88 2263.25 818.875 2265.63 3728.38 -3884.63 2355.75 -22.625 705.75 2235.13 -3700.5 3136.88 2383.75 2263.25 818.875 2265.63 3672.5 -3831.5 2355.75 -5.375 596.875 2310.25 -3700.5 3200.25 2333.5 2125.5 927.875 2281 3728.38 -3698 2305.88 -683.875 596.875 2254.5 -3700.5 3200.25 2277.63 2125.5 927.875 2281 3672.5 -3644.88 2305.88 -666.625 -274.375 2277.63 -3700.5 3233.88 2310.25 2021.88 -2569.88 2277.63 2706.88 -3731.63 2281 -580.375 -274.375 2333.5 -3700.5 3233.88 2254.5 2021.88 -2569.88 2333.5 2706.88 -3678.5 2281 -563.125 -383.25 2383.75 -3700.5 -383.25 2383.75 -3700.5 3267.63 2290.88 1918.25 -2481.75 2383.75 2770.88 -3765.38 2265.63 -476.75 -383.25 2327.88 -3700.5 -383.25 2327.88 -3700.5 3267.63 2235.13 1918.25 -2481.75 2327.88 2770.88 -3712.25 2265.63 -459.5 270.125 2333.5 -3700.5 3301.25 2290.88 1814.75 -3121.88 2327.88 2283.88 -3799 2265.63 -373.125 270.125 2277.63 -3700.5 3301.25 2235.13 1814.75 -3121.88 2383.75 2283.88 -3745.88 2265.63 -355.875 161.125 2310.25 -3700.5 3334.88 2310.25 1711.13 -3010.38 2333.5 2386.75 -3832.63 2281 -269.625 161.125 2254.5 -3700.5 3334.88 2254.5 1711.13 -3010.38 2277.63 2386.75 -3779.5 2281 -252.375 52.25 2290.88 -3700.5 3604.13 2277.63 882.5 -2922.25 2310.25 2450.75 -1780.25 2277.63 -3280.5 52.25 2235.13 -3700.5 3604.13 2333.5 882.5 -2922.25 2254.5 2450.75 -1780.25 2333.5 -3280.5 -56.5 2290.88 -3700.5 3637.75 2383.75 778.875 3637.75 2383.75 778.875 -2834.13 2290.88 2514.88 -1868.38 2383.75 -3216.5 -56.5 2235.13 -3700.5 3637.75 2327.88 778.875 3637.75 2327.88 778.875 -2834.13 2235.13 2514.88 -1868.38 2327.88 -3216.5 -165.5 2310.25 -3700.5 3435.88 2333.5 1400.38 -2746 2290.88 2578.88 -1207.38 2327.88 -3674.88 -165.5 2254.5 -3700.5 3435.88 2277.63 1400.38 -2746 2235.13 2578.88 -1207.38 2383.75 -3674.88 -1036.75 2277.63 -3700.5 3469.5 2310.25 1296.75 -2658 2310.25 2642.88 -1339.63 2333.5 -3600.63 -1036.75 2333.5 -3700.5 3469.5 2254.5 1296.75 -2658 2254.5 2642.88 -1339.63 2277.63 -3600.63 -1178.75 2383.75 -3673.5 3503.13 2290.88 1193.25 -1953 2277.63 3155 -1427.75 2310.25 -3536.63 -1178.75 2327.88 -3673.5 3503.13 2235.13 1193.25 -1953 2333.5 3155 -1427.75 2254.5 -3536.63 -492.125 2333.5 -3700.5 3536.88 2290.88 1089.63 -1864.88 2383.75 3219 -1864.88 2383.75 3219 -1515.88 2290.88 -3472.63 -492.125 2277.63 -3700.5 3536.88 2235.13 1089.63 -1864.88 2327.88 3219 -1864.88 2327.88 3219 -1515.88 2235.13 -3472.63 -601.125 2310.25 -3700.5 3570.5 2310.25 986 -2393.63 2333.5 2834.88 -1604 2290.88 -3408.63 -601.125 2254.5 -3700.5 3570.5 2254.5 986 -2393.63 2277.63 2834.88 -1604 2235.13 -3408.63 -710 2290.88 -3700.5 3839.75 2277.63 157.375 -2305.5 2310.25 2898.88 -1692.13 2310.25 -3344.5 -710 2235.13 -3700.5 3839.75 2333.5 157.375 -2305.5 2254.5 2898.88 -1692.13 2254.5 -3344.5 -818.875 2290.88 -3700.5 3858 2383.75 14 -2217.38 2290.88 2963 -2397 2277.63 -2832.38 -818.875 2235.13 -3700.5 3858 2327.88 14 -2217.38 2235.13 2963 -2397 2333.5 -2832.38 -927.875 2310.25 -3700.5 3671.5 2333.5 675.25 -2129.25 2290.88 3027 -2485.13 2383.75 -2768.38 -2485.13 2383.75 -2768.38 -927.875 2254.5 -3700.5 3671.5 2277.63 675.25 -2129.25 2235.13 3027 -2485.13 2327.88 -2768.38 -2485.13 2327.88 -2768.38 487.875 2305.88 -3672.5 3705.13 2310.25 571.75 -2041.13 2310.25 3091 -1956.5 2333.5 -3152.5 487.875 2305.88 -3728.38 3705.13 2254.5 571.75 -2041.13 2254.5 3091 -1956.5 2277.63 -3152.5 379 2355.75 -3728.38 3738.75 2290.88 468.125 -1336.25 2277.63 3603.13 -2044.63 2310.25 -3088.5 379 2355.75 -3672.5 3738.75 2235.13 468.125 -1336.25 2333.5 3603.13 -2044.63 2254.5 -3088.5 1183.13 2355.75 -3654.75 3772.38 2290.88 364.5 -1205.63 2383.75 3664.88 -2132.75 2290.88 -3024.5 1183.13 2355.75 -3710.63 3772.38 2235.13 364.5 -1205.63 2327.88 3664.88 -2132.75 2235.13 -3024.5 1032.5 2305.88 -3728.38 3806.13 2310.25 261 -1776.75 2333.5 3283 -2220.88 2290.88 -2960.5 1032.5 2305.88 -3672.5 3806.13 2254.5 261 -1776.75 2277.63 3283 -2220.88 2235.13 -2960.5 923.625 2281 -3728.38 3342 2305.88 1598.88 -1688.75 2310.25 3347.13 -2308.88 2310.25 -2896.38 923.625 2281 -3672.5 3395.13 2305.88 1616.25 -1688.75 2254.5 3347.13 -2308.88 2254.5 -2896.38 814.625 2265.63 -3728.38 3428.75 2355.75 1512.63 -1600.63 2290.88 3411.13 -3013.88 2277.63 -2384.25 814.625 2265.63 -3672.5 3375.63 2355.75 1495.38 -1600.63 2235.13 3411.13 -3013.88 2333.5 -2384.25 705.75 2265.63 -3728.38 3110.25 2355.75 2254.63 -1512.5 2290.88 3475.13 -3112.88 2383.75 -2279.13 705.75 2265.63 -3672.5 3163.38 2355.75 2271.88 -1512.5 2235.13 3475.13 -3112.88 2327.88 -2279.13 596.875 2281 -3728.38 3226.75 2305.88 2134.13 -1424.38 2310.25 3539.13 -2573.25 2333.5 -2704.38 596.875 2281 -3672.5 3173.75 2305.88 2116.88 -1424.38 2254.5 3539.13 -2573.25 2277.63 -2704.38 -274.375 2305.88 -3672.5 3260.5 2281 2030.5 -2553.38 2305.88 2684.25 -2661.38 2310.25 -2640.38 -274.375 2305.88 -3728.38 3207.38 2281 2013.25 -2586.25 2305.88 2729.5 -2661.38 2254.5 -2640.38 -383.25 2355.75 -3728.38 -383.25 2355.75 -3728.38 3294.13 2265.63 1927 -2498.13 2355.75 2793.5 -2749.5 2290.88 -2576.38 -383.25 2355.75 -3672.5 -383.25 2355.75 -3672.5 3241 2265.63 1909.63 -2465.25 2355.75 2748.25 -2749.5 2235.13 -2576.38 270.125 2305.88 -3728.38 3327.75 2265.63 1823.38 -3105.5 2355.75 2261.25 -2837.63 2290.88 -2512.38 270.125 2305.88 -3672.5 3274.63 2265.63 1806.13 -3138.25 2355.75 2306.5 -2837.63 2235.13 -2512.38 161.125 2281 -3728.38 3361.38 2281 1719.75 -3026.88 2305.88 2409.38 -2925.75 2310.25 -2448.25 161.125 2281 -3672.5 3308.38 2281 1702.5 -2994 2305.88 2364.25 -2925.75 2254.5 -2448.25 52.25 2265.63 -3728.38 3577.63 2305.88 873.875 -2938.75 2281 2473.38 -1763.88 2305.88 -3258 52.25 2265.63 -3672.5 3630.75 2305.88 891.125 -2905.88 2281 2428.25 -1796.63 2305.88 -3303.13 -56.5 2265.63 -3728.38 3664.38 2355.75 787.5 3664.38 2355.75 787.5 -2850.63 2265.63 2537.38 -1884.75 2355.75 -3239.13 -56.5 2265.63 -3672.5 3611.25 2355.75 770.25 3611.25 2355.75 770.25 -2817.75 2265.63 2492.25 -1852 2355.75 -3193.88 -165.5 2281 -3728.38 3462.38 2305.88 1409 -2762.5 2265.63 2601.38 -1191 2355.75 -3652.25 -165.5 2281 -3672.5 3409.25 2305.88 1391.75 -2729.63 2265.63 2556.25 -1223.75 2355.75 -3697.5 -1036.75 2305.88 -3672.5 3496 2281 1305.5 -2674.38 2281 2665.5 -1356.13 2305.88 -3623.25 -1036.75 2305.88 -3728.38 3443 2281 1288.13 -2641.5 2281 2620.25 -1323.25 2305.88 -3578 -1178.75 2355.75 -3701.5 3529.75 2265.63 1201.88 -1936.63 2305.88 3132.38 -1444.25 2281 -3559.25 -1178.75 2355.75 -3645.63 3476.63 2265.63 1184.63 -1969.5 2305.88 3177.63 -1411.38 2281 -3514 -492.125 2305.88 -3728.38 3563.38 2265.63 1098.25 -1881.38 2355.75 3241.63 -1881.38 2355.75 3241.63 -1532.38 2265.63 -3495.25 -492.125 2305.88 -3672.5 3510.25 2265.63 1081 -1848.5 2355.75 3196.38 -1848.5 2355.75 3196.38 -1499.5 2265.63 -3450 -601.125 2281 -3728.38 3597 2281 994.625 -2410 2305.88 2857.5 -1620.5 2265.63 -3431.13 -601.125 2281 -3672.5 3543.88 2281 977.375 -2377.25 2305.88 2812.38 -1587.63 2265.63 -3386 -710 2265.63 -3728.38 3813.13 2305.88 148.75 -2321.88 2281 2921.5 -1708.5 2281 -3367.13 -710 2265.63 -3672.5 3866.25 2305.88 166 -2289.13 2281 2876.38 -1675.75 2281 -3322 -818.875 2265.63 -3728.38 3884.63 2355.75 22.625 -2233.75 2265.63 2985.5 -2380.63 2305.88 -2809.88 -818.875 2265.63 -3672.5 3831.5 2355.75 5.375 -2201 2265.63 2940.38 -2413.5 2305.88 -2855 -927.875 2281 -3728.38 3698 2305.88 683.875 -2145.63 2265.63 3049.63 -2501.63 2355.75 -2791 -2501.63 2355.75 -2791 -927.875 2281 -3672.5 3644.88 2305.88 666.625 -2112.88 2265.63 3004.38 -2468.75 2355.75 -2745.75 -2468.75 2355.75 -2745.75 2569.88 2277.63 -2706.88 3731.63 2281 580.375 -2057.63 2281 3113.63 -1972.88 2305.88 -3175.13 2569.88 2333.5 -2706.88 3678.5 2281 563.125 -2024.75 2281 3068.38 -1940.13 2305.88 -3129.88 2481.75 2383.75 -2770.88 3765.38 2265.63 476.75 -1319.88 2305.88 3580.5 -2061 2281 -3111.13 2481.75 2327.88 -2770.88 3712.25 2265.63 459.5 -1352.63 2305.88 3625.75 -2028.13 2281 -3065.88 3121.88 2327.88 -2283.88 3799 2265.63 373.125 -1222 2355.75 3687.38 -2149.13 2265.63 -3047 3121.88 2383.75 -2283.88 3745.88 2265.63 355.875 -1189.13 2355.75 3642.25 -2116.25 2265.63 -3001.88 3010.38 2333.5 -2386.75 3832.63 2281 269.625 -1793.25 2305.88 3305.63 -2237.25 2265.63 -2983 3010.38 2277.63 -2386.75 3779.5 2281 252.375 -1760.38 2305.88 3260.5 -2204.38 2265.63 -2937.88 2922.25 2310.25 -2450.75 1780.25 2277.63 3280.5 -1705.13 2281 3369.63 -2325.38 2281 -2919 2922.25 2254.5 -2450.75 1780.25 2333.5 3280.5 -1672.25 2281 3324.5 -2292.5 2281 -2873.88 2834.13 2290.88 -2514.88 1868.38 2383.75 3216.5 -1617 2265.63 3433.63 -2997.38 2305.88 -2361.75 2834.13 2235.13 -2514.88 1868.38 2327.88 3216.5 -1584.13 2265.63 3388.5 -3030.25 2305.88 -2406.88 2746 2290.88 -2578.88 1207.38 2327.88 3674.88 -1528.88 2265.63 3497.75 -3129.25 2355.75 -2301.63 2746 2235.13 -2578.88 1207.38 2383.75 3674.88 -1496 2265.63 3452.5 -3096.5 2355.75 -2256.5 2658 2310.25 -2642.88 1339.63 2333.5 3600.63 -1440.75 2281 3561.75 -2589.75 2305.88 -2727 2658 2254.5 -2642.88 1339.63 2277.63 3600.63 -1408 2281 3516.5 -2556.88 2305.88 -2681.75 1953 2277.63 -3155 1427.75 2310.25 3536.63 -3670.13 2277.63 679.375 -2677.75 2281 -2663 1953 2333.5 -3155 1427.75 2254.5 3536.63 -3670.13 2333.5 679.375 -2645 2281 -2617.75 1864.88 2383.75 -3219 1864.88 2383.75 -3219 1515.88 2290.88 3472.63 -3636.5 2383.75 783 -2765.88 2265.63 -2598.88 1864.88 2327.88 -3219 1864.88 2327.88 -3219 1515.88 2235.13 3472.63 -3636.5 2327.88 783 -2733.13 2265.63 -2553.75 2393.63 2333.5 -2834.88 1604 2290.88 3408.63 -3868.13 2327.88 12.625 -2854 2265.63 -2534.88 2393.63 2277.63 -2834.88 1604 2235.13 3408.63 -3868.13 2383.75 12.625 -2821.25 2265.63 -2489.75 2305.5 2310.25 -2898.88 1692.13 2310.25 3344.5 -3838.38 2333.5 161.375 -2942.13 2281 -2470.88 2305.5 2254.5 -2898.88 1692.13 2254.5 3344.5 -3838.38 2277.63 161.375 -2909.38 2281 -2425.75 2217.38 2290.88 -2963 2397 2277.63 2832.38 -3804.75 2310.25 265 2217.38 2235.13 -2963 2397 2333.5 2832.38 -3804.75 2254.5 265 2129.25 2290.88 -3027 2485.13 2383.75 2768.38 2485.13 2383.75 2768.38 -3771.13 2290.88 368.625 2129.25 2235.13 -3027 2485.13 2327.88 2768.38 2485.13 2327.88 2768.38 -3771.13 2235.13 368.625 2041.13 2310.25 -3091 1956.5 2333.5 3152.5 -3737.5 2290.88 472.25 2041.13 2254.5 -3091 1956.5 2277.63 3152.5 -3737.5 2235.13 472.25 1336.25 2277.63 -3603.13 2044.63 2310.25 3088.5 -3703.75 2310.25 575.75 1336.25 2333.5 -3603.13 2044.63 2254.5 3088.5 -3703.75 2254.5 575.75 1205.63 2383.75 -3664.88 2132.75 2290.88 3024.5 -3434.5 2277.63 1404.5 1205.63 2327.88 -3664.88 2132.75 2235.13 3024.5 -3434.5 2333.5 1404.5 1776.75 2333.5 -3283 2220.88 2290.88 2960.5 -3400.88 2383.75 1508 -3400.88 2383.75 1508 1776.75 2277.63 -3283 2220.88 2235.13 2960.5 -3400.88 2327.88 1508 -3400.88 2327.88 1508 1688.75 2310.25 -3347.13 2308.88 2310.25 2896.38 -3602.88 2333.5 886.5 1688.75 2254.5 -3347.13 2308.88 2254.5 2896.38 -3602.88 2277.63 886.5 1600.63 2290.88 -3411.13 3013.88 2277.63 2384.25 -3569.13 2310.25 990.125 1600.63 2235.13 -3411.13 3013.88 2333.5 2384.25 -3569.13 2254.5 990.125 1512.5 2290.88 -3475.13 3112.88 2383.75 2279.13 -3535.5 2290.88 1093.75 1512.5 2235.13 -3475.13 3112.88 2327.88 2279.13 -3535.5 2235.13 1093.75 1424.38 2310.25 -3539.13 2573.25 2333.5 2704.38 -3501.88 2290.88 1197.25 1424.38 2254.5 -3539.13 2573.25 2277.63 2704.38 -3501.88 2235.13 1197.25 2553.38 2305.88 -2684.25 2661.38 2310.25 2640.38 -3468.25 2310.25 1300.88 2586.25 2305.88 -2729.5 2661.38 2254.5 2640.38 -3468.25 2254.5 1300.88 2498.13 2355.75 -2793.5 2749.5 2290.88 2576.38 -3198.88 2277.63 2129.5 2465.25 2355.75 -2748.25 2749.5 2235.13 2576.38 -3198.88 2333.5 2129.5 3105.5 2355.75 -2261.25 2837.63 2290.88 2512.38 -3129.5 2383.75 2256.25 3138.25 2355.75 -2306.5 2837.63 2235.13 2512.38 -3129.5 2327.88 2256.25 3026.88 2305.88 -2409.38 2925.75 2310.25 2448.25 -3367.25 2333.5 1611.63 2994 2305.88 -2364.25 2925.75 2254.5 2448.25 -3367.25 2277.63 1611.63 2938.75 2281 -2473.38 1763.88 2305.88 3258 -3333.5 2310.25 1715.25 2905.88 2281 -2428.25 1796.63 2305.88 3303.13 -3333.5 2254.5 1715.25 2850.63 2265.63 -2537.38 1884.75 2355.75 3239.13 -3299.88 2290.88 1818.75 2817.75 2265.63 -2492.25 1852 2355.75 3193.88 -3299.88 2235.13 1818.75 2762.5 2265.63 -2601.38 1191 2355.75 3652.25 -3266.25 2290.88 1922.38 2729.63 2265.63 -2556.25 1223.75 2355.75 3697.5 -3266.25 2235.13 1922.38 2674.38 2281 -2665.5 1356.13 2305.88 3623.25 -3232.63 2310.25 2026 2641.5 2281 -2620.25 1323.25 2305.88 3578 -3232.63 2254.5 2026 1936.63 2305.88 -3132.38 1444.25 2281 3559.25 -3643.63 2305.88 670.75 1969.5 2305.88 -3177.63 1411.38 2281 3514 -3696.63 2305.88 688 1881.38 2355.75 -3241.63 1881.38 2355.75 -3241.63 1532.38 2265.63 3495.25 -3663 2355.75 791.625 1848.5 2355.75 -3196.38 1848.5 2355.75 -3196.38 1499.5 2265.63 3450 -3609.88 2355.75 774.25 2410 2305.88 -2857.5 1620.5 2265.63 3431.13 -3841.5 2355.75 4 2377.25 2305.88 -2812.38 1587.63 2265.63 3386 -3894.63 2355.75 21.25 2321.88 2281 -2921.5 1708.5 2281 3367.13 -3865 2305.88 170.125 2289.13 2281 -2876.38 1675.75 2281 3322 -3811.88 2305.88 152.75 2233.75 2265.63 -2985.5 2380.63 2305.88 2809.88 -3831.25 2281 273.625 2201 2265.63 -2940.38 2413.5 2305.88 2855 -3778.25 2281 256.375 2145.63 2265.63 -3049.63 2501.63 2355.75 2791 2501.63 2355.75 2791 -3797.63 2265.63 377.25 2112.88 2265.63 -3004.38 2468.75 2355.75 2745.75 2468.75 2355.75 2745.75 -3744.5 2265.63 360 2057.63 2281 -3113.63 1972.88 2305.88 3175.13 -3764 2265.63 480.875 2024.75 2281 -3068.38 1940.13 2305.88 3129.88 -3710.88 2265.63 463.5 1319.88 2305.88 -3580.5 2061 2281 3111.13 -3730.38 2281 584.375 1352.63 2305.88 -3625.75 2028.13 2281 3065.88 -3677.25 2281 567.125 1222 2355.75 -3687.38 2149.13 2265.63 3047 -3408 2305.88 1395.88 1189.13 2355.75 -3642.25 2116.25 2265.63 3001.88 -3461.13 2305.88 1413.13 1793.25 2305.88 -3305.63 2237.25 2265.63 2983 -3427.38 2355.75 1516.63 -3427.38 2355.75 1516.63 1760.38 2305.88 -3260.5 2204.38 2265.63 2937.88 -3374.38 2355.75 1499.38 -3374.38 2355.75 1499.38 1705.13 2281 -3369.63 2325.38 2281 2919 -3629.38 2305.88 895.125 1672.25 2281 -3324.5 2292.5 2281 2873.88 -3576.25 2305.88 877.875 1617 2265.63 -3433.63 2997.38 2305.88 2361.75 -3595.75 2281 998.75 1584.13 2265.63 -3388.5 3030.25 2305.88 2406.88 -3542.63 2281 981.5 1528.88 2265.63 -3497.75 3129.25 2355.75 2301.63 -3562 2265.63 1102.38 1496 2265.63 -3452.5 3096.5 2355.75 2256.5 -3509 2265.63 1085 1440.75 2281 -3561.75 2589.75 2305.88 2727 -3528.38 2265.63 1205.88 1408 2281 -3516.5 2556.88 2305.88 2681.75 -3475.25 2265.63 1188.63 3670.13 2277.63 -679.375 2677.75 2281 2663 -3494.75 2281 1309.5 3670.13 2333.5 -679.375 2645 2281 2617.75 -3441.63 2281 1292.25 3636.5 2383.75 -783 2765.88 2265.63 2598.88 -3172.38 2305.88 2120.88 3636.5 2327.88 -783 2733.13 2265.63 2553.75 -3225.5 2305.88 2138.13 3868.13 2327.88 -12.625 2854 2265.63 2534.88 -3156 2355.75 2264.88 3868.13 2383.75 -12.625 2821.25 2265.63 2489.75 -3102.88 2355.75 2247.63 3838.38 2333.5 -161.375 2942.13 2281 2470.88 -3393.75 2305.88 1620.25 3838.38 2277.63 -161.375 2909.38 2281 2425.75 -3340.63 2305.88 1603 3804.75 2310.25 -265 -487.875 2277.63 3700.5 -3360.13 2281 1723.88 3804.75 2254.5 -265 -487.875 2333.5 3700.5 -3307 2281 1706.63 3771.13 2290.88 -368.625 -379 2383.75 3700.5 -3326.5 2265.63 1827.38 3771.13 2235.13 -368.625 -379 2327.88 3700.5 -3273.38 2265.63 1810.13 3737.5 2290.88 -472.25 -1183.13 2327.88 3682.75 -3292.75 2265.63 1931 3737.5 2235.13 -472.25 -1183.13 2383.75 3682.75 -3239.75 2265.63 1913.75 3703.75 2310.25 -575.75 -1032.5 2333.5 3700.5 -3259.13 2281 2034.63 3703.75 2254.5 -575.75 -1032.5 2277.63 3700.5 -3206 2281 2017.38 3434.5 2277.63 -1404.5 -923.625 2310.25 3700.5 -3368.5 2277.63 -1607.5 3434.5 2333.5 -1404.5 -923.625 2254.5 3700.5 -3368.5 2333.5 -1607.5 3400.88 2383.75 -1508 3400.88 2383.75 -1508 -814.625 2290.88 3700.5 -3402.25 2383.75 -1504 3400.88 2327.88 -1508 3400.88 2327.88 -1508 -814.625 2235.13 3700.5 -3402.25 2327.88 -1504 3602.88 2333.5 -886.5 -705.75 2290.88 3700.5 -3136.88 2327.88 -2263.25 3602.88 2277.63 -886.5 -705.75 2235.13 3700.5 -3136.88 2383.75 -2263.25 3569.13 2310.25 -990.125 -596.875 2310.25 3700.5 -3200.25 2333.5 -2125.5 3569.13 2254.5 -990.125 -596.875 2254.5 3700.5 -3200.25 2277.63 -2125.5 3535.5 2290.88 -1093.75 274.375 2277.63 3700.5 -3233.88 2310.25 -2021.88 3535.5 2235.13 -1093.75 274.375 2333.5 3700.5 -3233.88 2254.5 -2021.88 3501.88 2290.88 -1197.25 383.25 2383.75 3700.5 383.25 2383.75 3700.5 -3267.63 2290.88 -1918.25 3501.88 2235.13 -1197.25 383.25 2327.88 3700.5 383.25 2327.88 3700.5 -3267.63 2235.13 -1918.25 3468.25 2310.25 -1300.88 -270.125 2333.5 3700.5 -3301.25 2290.88 -1814.75 3468.25 2254.5 -1300.88 -270.125 2277.63 3700.5 -3301.25 2235.13 -1814.75 3198.88 2277.63 -2129.5 -161.125 2310.25 3700.5 -3334.88 2310.25 -1711.13 3198.88 2333.5 -2129.5 -161.125 2254.5 3700.5 -3334.88 2254.5 -1711.13 3129.5 2383.75 -2256.25 -52.25 2290.88 3700.5 -3604.13 2277.63 -882.5 3129.5 2327.88 -2256.25 -52.25 2235.13 3700.5 -3604.13 2333.5 -882.5 3367.25 2333.5 -1611.63 56.5 2290.88 3700.5 -3637.75 2383.75 -778.875 -3637.75 2383.75 -778.875 3367.25 2277.63 -1611.63 56.5 2235.13 3700.5 -3637.75 2327.88 -778.875 -3637.75 2327.88 -778.875 3333.5 2310.25 -1715.25 165.5 2310.25 3700.5 -3435.88 2333.5 -1400.38 3333.5 2254.5 -1715.25 165.5 2254.5 3700.5 -3435.88 2277.63 -1400.38 3299.88 2290.88 -1818.75 1036.75 2277.63 3700.5 -3469.5 2310.25 -1296.75 3299.88 2235.13 -1818.75 1036.75 2333.5 3700.5 -3469.5 2254.5 -1296.75 3266.25 2290.88 -1922.38 1178.75 2383.75 3673.5 -3503.13 2290.88 -1193.25 3266.25 2235.13 -1922.38 1178.75 2327.88 3673.5 -3503.13 2235.13 -1193.25 3232.63 2310.25 -2026 492.125 2333.5 3700.5 -3536.88 2290.88 -1089.63 3232.63 2254.5 -2026 492.125 2277.63 3700.5 -3536.88 2235.13 -1089.63 3643.63 2305.88 -670.75 601.125 2310.25 3700.5 -3570.5 2310.25 -986 3696.63 2305.88 -688 601.125 2254.5 3700.5 -3570.5 2254.5 -986 3663 2355.75 -791.625 710 2290.88 3700.5 -3839.75 2277.63 -157.375 3609.88 2355.75 -774.25 710 2235.13 3700.5 -3839.75 2333.5 -157.375 3841.5 2355.75 -4 818.875 2290.88 3700.5 -3858 2383.75 -14 3894.63 2355.75 -21.25 818.875 2235.13 3700.5 -3858 2327.88 -14 3865 2305.88 -170.125 927.875 2310.25 3700.5 -3671.5 2333.5 -675.25 3811.88 2305.88 -152.75 927.875 2254.5 3700.5 -3671.5 2277.63 -675.25 3831.25 2281 -273.625 -487.875 2305.88 3672.5 -3705.13 2310.25 -571.75 3778.25 2281 -256.375 -487.875 2305.88 3728.38 -3705.13 2254.5 -571.75 3797.63 2265.63 -377.25 -379 2355.75 3728.38 -3738.75 2290.88 -468.125 3744.5 2265.63 -360 -379 2355.75 3672.5 -3738.75 2235.13 -468.125 3764 2265.63 -480.875 -1183.13 2355.75 3654.75 -3772.38 2290.88 -364.5 3710.88 2265.63 -463.5 -1183.13 2355.75 3710.63 -3772.38 2235.13 -364.5 3730.38 2281 -584.375 -1032.5 2305.88 3728.38 -3806.13 2310.25 -261 3677.25 2281 -567.125 -1032.5 2305.88 3672.5 -3806.13 2254.5 -261 3408 2305.88 -1395.88 -923.625 2281 3728.38 -3342 2305.88 -1598.88 3461.13 2305.88 -1413.13 -923.625 2281 3672.5 -3395.13 2305.88 -1616.25 3427.38 2355.75 -1516.63 3427.38 2355.75 -1516.63 -814.625 2265.63 3728.38 -3428.75 2355.75 -1512.63 3374.38 2355.75 -1499.38 3374.38 2355.75 -1499.38 -814.625 2265.63 3672.5 -3375.63 2355.75 -1495.38 3629.38 2305.88 -895.125 -705.75 2265.63 3728.38 -3110.25 2355.75 -2254.63 3576.25 2305.88 -877.875 -705.75 2265.63 3672.5 -3163.38 2355.75 -2271.88 3595.75 2281 -998.75 -596.875 2281 3728.38 -3226.75 2305.88 -2134.13 3542.63 2281 -981.5 -596.875 2281 3672.5 -3173.75 2305.88 -2116.88 3562 2265.63 -1102.38 274.375 2305.88 3672.5 -3260.5 2281 -2030.5 3509 2265.63 -1085 274.375 2305.88 3728.38 -3207.38 2281 -2013.25 3528.38 2265.63 -1205.88 383.25 2355.75 3728.38 383.25 2355.75 3728.38 -3294.13 2265.63 -1927 3475.25 2265.63 -1188.63 383.25 2355.75 3672.5 383.25 2355.75 3672.5 -3241 2265.63 -1909.63 3494.75 2281 -1309.5 -270.125 2305.88 3728.38 -3327.75 2265.63 -1823.38 3441.63 2281 -1292.25 -270.125 2305.88 3672.5 -3274.63 2265.63 -1806.13 3172.38 2305.88 -2120.88 -161.125 2281 3728.38 -3361.38 2281 -1719.75 3225.5 2305.88 -2138.13 -161.125 2281 3672.5 -3308.38 2281 -1702.5 3156 2355.75 -2264.88 -52.25 2265.63 3728.38 -3577.63 2305.88 -873.875 3102.88 2355.75 -2247.63 -52.25 2265.63 3672.5 -3630.75 2305.88 -891.125 3393.75 2305.88 -1620.25 56.5 2265.63 3728.38 -3664.38 2355.75 -787.5 -3664.38 2355.75 -787.5 3340.63 2305.88 -1603 56.5 2265.63 3672.5 -3611.25 2355.75 -770.25 -3611.25 2355.75 -770.25</float_array>
                    <technique_common>
                        <accessor count="920" source="#ID54" stride="3">
                            <param name="X" type="float"/>
                            <param name="Y" type="float"/>
                            <param name="Z" type="float"/>
                        </accessor>
                    </technique_common>
                </source>
                <source id="ID55">
                    <float_array id="ID56" count="1596">0 0 -1 0.0390706 0 -0.999236 0.0781411 0 -0.996942 -0.125019 0 -0.992154 -0.0625097 0 -0.998044 -0.186794 0 -0.982399 -0.186794 0 -0.982399 0.117033 0 -0.993128 -0.295589 -0.955315 -0 -0.25932 -0.965791 -0 -0.195201 -0.980763 -0 -0.167492 -0.985873 -0 -0.0933184 -0.995636 -0 -0.0466592 -0.998911 -0 0.046712 -0.998908 -0 0.0934239 -0.995626 -0 0.167515 -0.98587 -0 0.19509 -0.980785 -0 0.2885 -0.95748 -0 0.353465 -0.935448 -0 0.416475 -0.909147 -0 -0.331386 -0.943495 0 -0.353543 -0.935418 -0 -0.28866 -0.957432 -0 0.150948 -0.988542 -0 -0.150948 -0.988542 -0 -0.416475 -0.909147 0 -0.353465 -0.935448 -0 -0.2885 -0.95748 -0 -0.19509 -0.980785 -0 -0.167515 -0.98587 -0 -0.0934239 -0.995626 -0 -0.046712 -0.998908 -0 0.0466592 -0.998911 -0 0.0933184 -0.995636 -0 0.167492 -0.985873 -0 0.195201 -0.980763 -0 0.253523 -0.967329 -0 0.284088 -0.958798 -0 0.314336 -0.949312 -0 0.587626 0 -0.809133 0.587626 0 -0.809133 0.587876 0 -0.808951 0.588126 0 -0.808769 0.587808 0 -0.809001 0.58799 0 -0.808868 0.618729 0 -0.785605 0.648936 0 -0.760843 0.482659 0 -0.875808 0.536282 0 -0.844039 0.588058 0 -0.808819 0.58849 0 -0.808504 0.42738 0 -0.904072 0.42738 0 -0.904072 0.678109 0 -0.734961 -0.239237 -0.95532 -0.173577 -0.209962 -0.965828 -0.151961 -0.15812 -0.980766 -0.11444 -0.135707 -0.985858 -0.0983233 -0.0756407 -0.995625 -0.05485 -0.0378128 -0.998907 -0.0274717 0.0377421 -0.998909 0.0274963 0.0754843 -0.995629 0.0549927 0.135415 -0.985865 0.098654 0.157761 -0.980766 0.114934 0.233237 -0.957459 0.169921 0.28571 -0.935488 0.207922 0.336587 -0.909255 0.244876 0.336654 -0.909308 0.244586 -0.26807 -0.943397 -0.195298 -0.268157 -0.943491 -0.194721 -0.28594 -0.935458 -0.207741 -0.23346 -0.957459 -0.169613 -0.157946 -0.980757 -0.114751 -0.135628 -0.985858 -0.0984322 -0.0378279 -0.998909 -0.0273782 0.0377919 -0.998909 0.0274279 0.0755837 -0.995629 0.0548558 0.135593 -0.985865 0.0984084 0.157969 -0.980766 0.114648 0.233544 -0.957459 0.169498 0.286026 -0.935447 0.207672 0.12215 -0.988544 0.0886521 -0.122056 -0.988554 -0.0886763 -0.336842 -0.909202 -0.244722 -0.157888 -0.980772 -0.114708 -0.135484 -0.98587 -0.0985072 -0.0754953 -0.995632 -0.0549248 -0.0377421 -0.998909 -0.0274963 0.204886 -0.967337 0.149266 0.229757 -0.958817 0.16698 0.254306 -0.949331 0.184662 0.254504 -0.949367 0.184199 0.951068 0 -0.308982 0.950992 0 -0.309216 0.950916 0 -0.309449 0.950953 0 -0.309337 0.951065 0 -0.308991 0.951141 0 -0.308757 0.951104 0 -0.30887 0.951104 0 -0.30887 0.950992 0 -0.309216 0.951104 0 -0.30887 0.951141 0 -0.308757 0.951177 0 -0.308645 0.951028 0 -0.309104 0.950879 0 -0.309562 0.951177 0 -0.308645 0.962426 0 -0.271544 0.972242 0 -0.233978 0.905171 0 -0.425048 0.929775 0 -0.368129 0.951177 0 -0.308645 0.8772 0 -0.480124 0.980581 0 -0.196116 -0.0912897 -0.955313 -0.281146 -0.0801025 -0.965778 -0.246692 -0.0603119 -0.980745 -0.185743 -0.0517774 -0.985863 -0.159355 -0.0288601 -0.995633 -0.0887761 -0.0144429 -0.99891 -0.0443753 0.0144327 -0.998908 0.0444486 0.0288654 -0.995622 0.0888972 0.0517584 -0.985856 0.159401 0.0602793 -0.980767 0.185643 0.089097 -0.957481 0.274393 0.109205 -0.935507 0.336007 0.128672 -0.909275 0.395806 0.12879 -0.909303 0.395704 -0.102332 -0.943508 -0.315151 -0.109285 -0.935409 -0.336253 -0.0891376 -0.957442 -0.274518 -0.060264 -0.980776 -0.185596 -0.0517277 -0.985873 -0.159306 -0.0288344 -0.995632 -0.0888016 -0.0144172 -0.99891 -0.0444008 0.0145375 -0.99891 0.0443445 0.0289702 -0.995629 0.0887931 0.0518632 -0.985867 0.159297 0.0891376 -0.957442 0.274518 0.109448 -0.935442 0.336108 0.046633 -0.988534 0.143616 -0.0467181 -0.988541 -0.14354 -0.128907 -0.909131 -0.396061 -0.128788 -0.909103 -0.396164 -0.109569 -0.935467 -0.336 -0.0892577 -0.957462 -0.274408 -0.0603204 -0.980772 -0.185603 -0.0518373 -0.985865 -0.159323 -0.0289444 -0.995627 -0.0888188 -0.0145117 -0.99891 -0.0443702 0.0144172 -0.99891 0.0444008 0.0288601 -0.995633 0.0887761 0.0518185 -0.985867 0.159315 0.0605051 -0.980769 0.185556 0.0786796 -0.967353 0.24091 0.0880676 -0.958827 0.269989 0.0973702 -0.949339 0.29879 0.0970759 -0.949313 0.298966 0.951177 0 0.308645 0.951141 0 0.308757 0.951104 0 0.30887 0.951104 0 0.30887 0.951141 0 0.308757 0.951065 0 0.308991 0.950953 0 0.309337 0.950916 0 0.309449 0.950992 0 0.309216 0.951177 0 0.308645 0.951028 0 0.309104 0.950879 0 0.309562 0.950879 0 0.309562 0.951177 0 0.308645 0.951177 0 0.308645 0.950992 0 0.309216 0.938377 0 0.345613 0.924118 0 0.382107 0.982209 0 0.187792 0.968549 0 0.248821 0.950879 0 0.309562 0.95084 0 0.309683 0.991996 0 0.12627 0.908465 0 0.41796 0.908466 0 0.41796 0.0912563 -0.955346 -0.281043 0.0800502 -0.965823 -0.246531 0.0602793 -0.980767 -0.185643 0.0517584 -0.985856 -0.159401 0.0288654 -0.995622 -0.0888972 0.0144327 -0.998908 -0.0444486 -0.0144122 -0.99891 0.0443853 -0.0288244 -0.995635 0.0887707 -0.0517418 -0.985865 0.15935 -0.060307 -0.980749 0.185728 -0.0891438 -0.957435 0.274537 -0.109149 -0.935463 0.336147 -0.128554 -0.909247 0.395909 -0.128554 -0.909247 0.395909 0.102317 -0.943525 -0.315106 0.109142 -0.935472 -0.336124 0.0891286 -0.95745 -0.27449 0.0602964 -0.980756 -0.185695 0.0517439 -0.985864 -0.159356 0.0288344 -0.995632 -0.0888016 0.0144172 -0.99891 -0.0444008 -0.0289704 -0.995629 0.0887932 -0.052087 -0.985854 0.159307 -0.0606204 -0.980756 0.185587 -0.0893132 -0.957466 0.274377 -0.109119 -0.9355 0.336054 -0.046589 -0.988556 0.143481 0.0469385 -0.988534 -0.143517 0.128554 -0.909247 -0.395909 0.128554 -0.909247 -0.395909 0.109615 -0.935424 -0.336106 0.0896356 -0.957426 -0.27441 0.0605101 -0.980766 -0.185571 0.0518023 -0.985876 -0.159265 0.0288601 -0.995633 -0.0887762 0.0144122 -0.99891 -0.0443853 -0.0145273 -0.998907 0.0444179 -0.0289445 -0.995627 0.0888187 -0.0518296 -0.985869 0.159299 -0.0603052 -0.980781 0.185556 -0.078384 -0.967355 0.240998 -0.0878445 -0.958807 0.270134 -0.0971874 -0.949305 0.298957 -0.0970762 -0.949313 0.298967 0.587626 0 0.809133 0.587626 0 0.809133 0.588058 0 0.808819 0.58849 0 0.808504 0.587876 0 0.808951 0.588126 0 0.808769 0.555774 0 0.831333 0.523035 0 0.852311 0.683869 0 0.729605 0.636895 0 0.77095 0.727997 0 0.685581 0.489557 0 0.871971 0.238988 -0.95533 -0.173863 0.209635 -0.965805 -0.152559 0.157943 -0.980753 -0.114796 0.135647 -0.985854 -0.0984473 0.0755837 -0.995629 -0.0548558 0.0377919 -0.998909 -0.0274279 -0.0377668 -0.998911 0.0274097 -0.0755947 -0.995632 0.0547879 -0.135716 -0.985859 0.0983007 -0.158094 -0.980753 0.114588 -0.233592 -0.957439 0.169542 -0.28594 -0.935458 0.207741 -0.336842 -0.909202 0.244722 0.268292 -0.943454 -0.194716 0.26799 -0.943509 -0.194867 0.285709 -0.935489 -0.207921 0.233171 -0.957483 -0.169873 0.157761 -0.980766 -0.114934 0.135415 -0.985865 -0.098654 0.0754843 -0.995629 -0.0549927 0.0377421 -0.998909 -0.0274963 -0.037717 -0.998911 0.0274781 -0.0754953 -0.995632 0.0549247 -0.135484 -0.98587 0.0985072 -0.158045 -0.980753 0.114656 -0.23374 -0.957439 0.169338 -0.286366 -0.935435 0.20726 -0.12224 -0.988549 0.0884722 0.122053 -0.988563 -0.0885811 0.336842 -0.909202 -0.244722 0.336587 -0.909255 -0.244876 0.286086 -0.935489 -0.207404 0.233479 -0.957483 -0.16945 0.158003 -0.980757 -0.114673 0.135578 -0.985858 -0.0985016 0.0755686 -0.995625 -0.0549493 -0.0377782 -0.998909 0.0274466 -0.0755565 -0.995629 0.0548932 -0.135544 -0.985865 0.0984756 -0.157912 -0.980766 0.114726 -0.205009 -0.967361 0.148943 -0.229847 -0.958834 0.166754 -0.254356 -0.94936 0.184443 -0.254576 -0.949338 0.184251 0 -0 1 -0.0390706 0 0.999236 -0.0781411 0 0.996942 0.125019 0 0.992154 0.0625097 0 0.998044 0.186794 0 0.982399 0.186794 0 0.982399 -0.117033 0 0.993128 0.295589 -0.955315 -0 0.25932 -0.965791 -0 0.195201 -0.980763 -0 -0.167515 -0.98587 -0 0.331386 -0.943495 -0 0.353543 -0.935418 -0 0.28866 -0.957432 -0 0.167515 -0.98587 -0 -0.195201 -0.980763 -0 -0.253523 -0.967329 -0 -0.284088 -0.958798 -0 -0.314336 -0.949312 -0 -0.587626 -0 0.809133 -0.587626 0 0.809133 -0.587876 0 0.808951 -0.588126 0 0.808769 -0.587808 0 0.809001 -0.58799 0 0.808868 -0.618729 0 0.785605 -0.648936 0 0.760843 -0.482659 0 0.875808 -0.536282 0 0.844039 -0.588058 0 0.808819 -0.58849 0 0.808504 -0.42738 -0 0.904072 -0.42738 0 0.904072 -0.678109 0 0.734961 0.239237 -0.95532 0.173577 0.209962 -0.965828 0.151961 0.15812 -0.980766 0.11444 0.135707 -0.985858 0.0983233 0.0756407 -0.995625 0.05485 0.0378128 -0.998907 0.0274717 -0.0754843 -0.995629 -0.0549927 -0.135415 -0.985865 -0.098654 -0.157761 -0.980766 -0.114934 -0.233237 -0.957459 -0.169921 -0.28571 -0.935488 -0.207922 -0.336587 -0.909255 -0.244876 -0.336654 -0.909308 -0.244586 0.26807 -0.943397 0.195298 0.268157 -0.943491 0.194721 0.28594 -0.935458 0.207741 0.23346 -0.957459 0.169613 0.157946 -0.980757 0.114751 0.135628 -0.985858 0.0984322 0.0378279 -0.998909 0.0273782 -0.0377919 -0.998909 -0.0274279 -0.0755837 -0.995629 -0.0548558 -0.135593 -0.985865 -0.0984084 -0.157969 -0.980766 -0.114648 -0.233544 -0.957459 -0.169498 -0.286026 -0.935447 -0.207672 -0.12215 -0.988544 -0.0886521 0.122056 -0.988554 0.0886763 0.336842 -0.909202 0.244722 0.157888 -0.980772 0.114708 0.135484 -0.98587 0.0985072 0.0754953 -0.995632 0.0549248 -0.204886 -0.967337 -0.149266 -0.229757 -0.958817 -0.16698 -0.254306 -0.949331 -0.184662 -0.254504 -0.949367 -0.184199 -0.951068 -0 0.308982 -0.950992 0 0.309216 -0.950916 0 0.309449 -0.950953 0 0.309337 -0.951065 0 0.308991 -0.951141 0 0.308757 -0.951104 0 0.30887 -0.951104 0 0.30887 -0.950992 0 0.309216 -0.951104 0 0.30887 -0.951141 0 0.308757 -0.951177 0 0.308645 -0.951028 0 0.309104 -0.950879 0 0.309562 -0.951177 0 0.308645 -0.962426 0 0.271544 -0.972242 0 0.233978 -0.905171 0 0.425048 -0.929775 0 0.368129 -0.951177 0 0.308645 -0.8772 -0 0.480124 -0.980581 0 0.196116 0.0912897 -0.955313 0.281146 0.0801025 -0.965778 0.246692 0.0603119 -0.980745 0.185743 0.0517774 -0.985863 0.159355 0.0144429 -0.99891 0.0443753 -0.0144327 -0.998908 -0.0444486 -0.0288654 -0.995622 -0.0888972 -0.0517584 -0.985856 -0.159401 -0.0602793 -0.980767 -0.185643 -0.089097 -0.957481 -0.274393 -0.109205 -0.935507 -0.336007 -0.128672 -0.909275 -0.395806 -0.12879 -0.909303 -0.395704 0.102332 -0.943508 0.315151 0.109285 -0.935409 0.336253 0.060264 -0.980776 0.185596 0.0517277 -0.985873 0.159306 0.0288344 -0.995632 0.0888016 -0.0145375 -0.99891 -0.0443445 -0.0289702 -0.995629 -0.0887931 -0.0518632 -0.985867 -0.159297 -0.109448 -0.935442 -0.336108 -0.046633 -0.988534 -0.143616 0.0467181 -0.988541 0.14354 0.128907 -0.909131 0.396061 0.128788 -0.909103 0.396164 0.109569 -0.935467 0.336 0.0892577 -0.957462 0.274408 0.0603204 -0.980772 0.185603 0.0518373 -0.985865 0.159323 0.0289444 -0.995627 0.0888188 0.0145117 -0.99891 0.0443702 -0.0518185 -0.985867 -0.159315 -0.0605051 -0.980769 -0.185556 -0.0786796 -0.967353 -0.24091 -0.0880676 -0.958827 -0.269989 -0.0973702 -0.949339 -0.29879 -0.0970759 -0.949313 -0.298966 -0.951177 0 -0.308645 -0.951141 0 -0.308757 -0.951104 0 -0.30887 -0.951104 0 -0.30887 -0.951141 0 -0.308757 -0.951065 0 -0.308991 -0.950953 0 -0.309337 -0.950916 0 -0.309449 -0.950992 0 -0.309216 -0.951177 0 -0.308645 -0.951028 0 -0.309104 -0.950879 0 -0.309562 -0.950879 0 -0.309562 -0.951177 0 -0.308645 -0.951177 0 -0.308645 -0.950992 0 -0.309216 -0.938377 0 -0.345613 -0.924118 0 -0.382107 -0.982209 0 -0.187792 -0.968549 0 -0.248821 -0.950879 0 -0.309562 -0.95084 0 -0.309683 -0.991996 0 -0.12627 -0.908465 0 -0.41796 -0.908466 0 -0.41796 -0.0912563 -0.955346 0.281043 -0.0800502 -0.965823 0.246531 -0.0602793 -0.980767 0.185643 -0.0517584 -0.985856 0.159401 -0.0288654 -0.995622 0.0888972 -0.0144327 -0.998908 0.0444486 0.0288244 -0.995635 -0.0887707 0.0517418 -0.985865 -0.15935 0.060307 -0.980749 -0.185728 0.0891438 -0.957435 -0.274537 0.109149 -0.935463 -0.336147 -0.102317 -0.943525 0.315106 -0.109142 -0.935472 0.336124 -0.0891286 -0.95745 0.27449 -0.0602964 -0.980756 0.185695 -0.0517439 -0.985864 0.159356 -0.0288344 -0.995632 0.0888016 -0.0144172 -0.99891 0.0444008 0.0289704 -0.995629 -0.0887932 0.052087 -0.985854 -0.159307 0.0606204 -0.980756 -0.185587 0.0893132 -0.957466 -0.274377 0.109119 -0.9355 -0.336054 0.046589 -0.988556 -0.143481 -0.0469385 -0.988534 0.143517 -0.109615 -0.935424 0.336106 -0.0896356 -0.957426 0.27441 -0.0605101 -0.980766 0.185571 -0.0518023 -0.985876 0.159265 -0.0288601 -0.995633 0.0887762 0.0145273 -0.998907 -0.0444179 0.0289445 -0.995627 -0.0888187 0.0518296 -0.985869 -0.159299 0.0603052 -0.980781 -0.185556 0.078384 -0.967355 -0.240998 0.0878445 -0.958807 -0.270134 0.0971874 -0.949305 -0.298957 0.0970762 -0.949313 -0.298967 -0.587626 0 -0.809133 -0.587626 0 -0.809133 -0.588058 0 -0.808819 -0.58849 0 -0.808504 -0.587876 0 -0.808951 -0.588126 0 -0.808769 -0.555774 0 -0.831333 -0.523035 0 -0.852311 -0.683869 0 -0.729605 -0.636895 0 -0.77095 -0.727997 0 -0.685581 -0.489557 0 -0.871971 -0.238988 -0.95533 0.173863 -0.209635 -0.965805 0.152559 -0.157943 -0.980753 0.114796 -0.135647 -0.985854 0.0984473 -0.0755837 -0.995629 0.0548558 -0.0377919 -0.998909 0.0274279 0.0377668 -0.998911 -0.0274097 0.0755947 -0.995632 -0.0547879 0.135716 -0.985859 -0.0983007 0.158094 -0.980753 -0.114588 0.233592 -0.957439 -0.169542 0.28594 -0.935458 -0.207741 -0.268292 -0.943454 0.194716 -0.26799 -0.943509 0.194867 -0.285709 -0.935489 0.207921 -0.233171 -0.957483 0.169873 -0.157761 -0.980766 0.114934 -0.135415 -0.985865 0.098654 -0.0754843 -0.995629 0.0549927 -0.0377421 -0.998909 0.0274963 0.037717 -0.998911 -0.0274781 0.0754953 -0.995632 -0.0549247 0.135484 -0.98587 -0.0985072 0.158045 -0.980753 -0.114656 0.23374 -0.957439 -0.169338 0.286366 -0.935435 -0.20726 0.12224 -0.988549 -0.0884722 -0.122053 -0.988563 0.0885811 -0.336587 -0.909255 0.244876 -0.286086 -0.935489 0.207404 -0.233479 -0.957483 0.16945 -0.158003 -0.980757 0.114673 -0.135578 -0.985858 0.0985016 -0.0755686 -0.995625 0.0549493 0.0377782 -0.998909 -0.0274466 0.0755565 -0.995629 -0.0548932 0.135544 -0.985865 -0.0984756 0.157912 -0.980766 -0.114726 0.205009 -0.967361 -0.148943 0.229847 -0.958834 -0.166754 0.254356 -0.94936 -0.184443 0.254576 -0.949338 -0.184251</float_array>
                    <technique_common>
                        <accessor count="532" source="#ID56" stride="3">
                            <param name="X" type="float"/>
                            <param name="Y" type="float"/>
                            <param name="Z" type="float"/>
                        </accessor>
                    </technique_common>
                </source>
                <source id="ID57">
                    <float_array id="ID58" count="460">0.5 -9.60742 0 -9.60742 0.5 -8.87793 0 -8.87793 0.5 -8.14844 0 -8.14844 0.5 -7.41895 0 -7.41895 0.5 -6.68945 0 -6.68945 0.5 -5.95996 0 -5.95996 0.5 -5.23047 0 -5.23047 0.5 -4.32031 0 -4.32031 0.5 -3.46191 0 -3.46191 0.5 -2.73242 0 -2.73242 0.5 -2.02734 0 -2.02734 0.5 -1.3457 0 -1.3457 0.5 -0.654297 0 -0.654297 0.5 0.0205078 0 0.0205078 0.5 -13.9775 0 -13.9775 0.5 -13.248 0 -13.248 0.5 -12.5186 0 -12.5186 0.5 -11.7891 0 -11.7891 0.5 -11.0605 0 -11.0605 0.5 -10.3311 0 -10.3311 0.5 -9.60156 0 -9.60156 0.5 -14.9727 0 -14.9727 0.5 1.0498 0 1.0498 0.5 -14.2227 0 -14.2227 0.5 -13.4932 0 -13.4932 0.5 -12.7637 0 -12.7637 0.5 -12.0342 0 -12.0342 0.5 -11.3047 0 -11.3047 0.5 -10.5752 0 -10.5752 0.5 -9.8457 0 -9.8457 0.5 -15.2207 0 -15.2207 0.5 -9.125 0 -9.125 0.5 -8.39551 0 -8.39551 0.5 -7.66602 0 -7.66602 0.5 -6.93652 0 -6.93652 0.5 -6.20703 0 -6.20703 0.5 -5.47754 0 -5.47754 0.5 -4.56836 0 -4.56836 0.5 -9.85449 0 -9.85449 0.5 -3.70996 0 -3.70996 0.5 -2.98047 0 -2.98047 0.5 -2.27539 0 -2.27539 0.5 -1.59375 0 -1.59375 0.5 -0.902344 0 -0.902344 0.5 -0.227539 0 -0.227539 0.5 0.802734 0 0.802734 0.5 -14.2188 0 -14.2188 0.5 -13.4893 0 -13.4893 0.5 -12.7598 0 -12.7598 0.5 -12.0303 0 -12.0303 0.5 -11.3008 0 -11.3008 0.5 -10.5713 0 -10.5713 0.5 -9.8418 0 -9.8418 0.5 -15.2168 0 -15.2168 0.5 -9.12109 0 -9.12109 0.5 -8.3916 0 -8.3916 0.5 -7.66211 0 -7.66211 0.5 -6.93262 0 -6.93262 0.5 -6.20313 0 -6.20313 0.5 -5.47363 0 -5.47363 0.5 -4.56445 0 -4.56445 0.5 -9.85059 0 -9.85059 0.5 -3.70605 0 -3.70605 0.5 -2.97656 0 -2.97656 0.5 -2.27148 0 -2.27148 0.5 -1.58984 0 -1.58984 0.5 -0.898438 0 -0.898438 0.5 -0.223633 0 -0.223633 0.5 0.806641 0 0.806641 0.5 -9.86133 0 -9.86133 0.5 -9.13184 0 -9.13184 0.5 -8.40234 0 -8.40234 0.5 -7.67285 0 -7.67285 0.5 -6.94434 0 -6.94434 0.5 -6.21484 0 -6.21484 0.5 -5.48535 0 -5.48535 0.5 -4.57422 0 -4.57422 0.5 -3.7168 0 -3.7168 0.5 -2.9873 0 -2.9873 0.5 -2.28125 0 -2.28125 0.5 -1.59961 0 -1.59961 0.5 -0.908203 0 -0.908203 0.5 -0.234375 0 -0.234375 0.5 -14.2324 0 -14.2324 0.5 -13.5029 0 -13.5029 0.5 -12.7734 0 -12.7734 0.5 -12.0439 0 -12.0439 0.5 -11.3145 0 -11.3145 0.5 -10.585 0 -10.585 0.5 -9.85547 0 -9.85547 0.5 -15.2275 0 -15.2275 0.5 0.795898 0 0.795898 0.5 -13.9678 0 -13.9678 0.5 -13.2383 0 -13.2383 0.5 -12.5088 0 -12.5088 0.5 -11.7803 0 -11.7803 0.5 -11.0508 0 -11.0508 0.5 -10.3213 0 -10.3213 0.5 -9.5918 0 -9.5918 0.5 -14.9668 0 -14.9668 0.5 -8.87012 0 -8.87012 0.5 -8.14063 0 -8.14063 0.5 -7.41113 0 -7.41113 0.5 -6.68262 0 -6.68262 0.5 -5.95313 0 -5.95313 0.5 -5.22363 0 -5.22363 0.5 -4.31348 0 -4.31348 0.5 -9.59961 0 -9.59961 0.5 -3.45605 0 -3.45605 0.5 -2.72656 0 -2.72656 0.5 -2.02051 0 -2.02051 0.5 -1.33887 0 -1.33887 0.5 -0.647461 0 -0.647461 0.5 0.0263672 0 0.0263672 0.5 1.05566 0 1.05566</float_array>
                    <technique_common>
                        <accessor count="230" source="#ID58" stride="2">
                            <param name="S" type="float"/>
                            <param name="T" type="float"/>
                        </accessor>
                    </technique_common>
                </source>
                <vertices id="ID59">
                    <input semantic="POSITION" source="#ID53"/>
                </vertices>
                <triangles count="840" material="Material1">
                    <input offset="0" semantic="VERTEX" source="#ID59"/>
                    <input offset="1" semantic="NORMAL" source="#ID55"/>
                    <input offset="2" semantic="TEXCOORD" source="#ID57" set="0"/>
                    <p>68 0 2 77 0 1 72 0 0 77 0 1 68 0 2 64 0 3 116 0 4 64 0 3 68 0 2 64 0 3 116 0 4 120 0 5 106 0 6 120 0 5 116 0 4 120 0 5 106 0 6 111 0 7 98 0 8 111 0 7 106 0 6 111 0 7 98 0 8 102 0 9 90 0 10 102 0 9 98 0 8 102 0 9 90 0 10 94 0 11 82 0 12 94 0 11 90 0 10 94 0 11 82 0 12 86 0 13 8 0 14 86 0 13 82 0 12 86 0 13 8 0 14 12 0 15 4 0 16 12 0 15 8 0 14 12 0 15 4 0 16 0 0 17 56 0 18 0 0 17 4 0 16 0 0 17 56 0 18 60 0 19 48 0 20 60 0 19 56 0 18 60 0 19 48 0 20 52 0 21 40 0 22 52 0 21 48 0 20 52 0 21 40 0 22 44 0 23 32 0 24 44 0 23 40 0 22 44 0 23 32 0 24 36 0 25 24 1 26 36 0 25 32 0 24 36 0 25 24 1 26 28 2 27 174 0 30 124 4 29 128 3 28 124 4 29 174 0 30 179 0 31 166 0 32 179 0 31 174 0 30 179 0 31 166 0 32 170 0 33 158 0 34 170 0 33 166 0 32 170 0 33 158 0 34 162 0 35 150 0 36 162 0 35 158 0 34 162 0 35 150 0 36 154 0 37 140 0 38 154 0 37 150 0 36 154 0 37 140 0 38 145 0 39 73 0 40 145 0 39 140 0 38 145 0 39 73 0 40 78 0 41 128 3 28 136 6 43 132 5 42 136 6 43 128 3 28 124 4 29 20 7 44 28 2 27 24 1 26 28 2 27 20 7 44 16 7 45 358 10 48 308 9 47 312 8 46 308 9 47 358 10 48 363 11 49 350 12 50 363 11 49 358 10 48 363 11 49 350 12 50 354 13 51 342 14 52 354 13 51 350 12 50 354 13 51 342 14 52 346 15 53 334 16 54 346 15 53 342 14 52 346 15 53 334 16 54 338 17 55 324 18 56 338 17 55 334 16 54 338 17 55 324 18 56 329 19 57 257 20 58 329 19 57 324 18 56 329 19 57 257 20 58 262 20 59 312 8 46 320 21 61 316 21 60 320 21 61 312 8 46 308 9 47 300 10 64 248 23 63 252 22 62 248 23 63 300 10 64 304 11 65 290 12 66 304 11 65 300 10 64 304 11 65 290 12 66 295 13 67 282 14 68 295 13 67 290 12 66 295 13 67 282 14 68 286 15 69 274 16 70 286 15 69 282 14 68 286 15 69 274 16 70 278 17 71 266 18 72 278 17 71 274 16 70 278 17 71 266 18 72 270 19 73 192 24 74 270 19 73 266 18 72 270 19 73 192 24 74 196 25 75 252 22 62 261 26 77 256 26 76 261 26 77 252 22 62 248 23 63 240 29 80 184 28 79 188 27 78 184 28 79 240 29 80 244 30 81 232 31 82 244 30 81 240 29 80 244 30 81 232 31 82 236 32 83 224 33 84 236 32 83 232 31 82 236 32 83 224 33 84 228 34 85 216 35 86 228 34 85 224 33 84 228 34 85 216 35 86 220 36 87 208 37 88 220 36 87 216 35 86 220 36 87 208 37 88 212 38 89 204 39 90 212 38 89 208 37 88 212 38 89 204 39 90 200 39 91 188 27 78 196 25 75 192 24 74 196 25 75 188 27 78 184 28 79 436 41 2 445 40 1 440 40 0 445 40 1 436 41 2 432 41 3 480 41 4 432 41 3 436 41 2 432 41 3 480 41 4 483 41 5 472 41 6 483 41 5 480 41 4 483 41 5 472 41 6 476 41 7 466 42 8 476 41 7 472 41 6 476 41 7 466 42 8 469 43 9 458 43 10 469 43 9 466 42 8 469 43 9 458 43 10 462 42 11 450 41 12 462 42 11 458 43 10 462 42 11 450 41 12 454 41 13 376 41 14 454 41 13 450 41 12 454 41 13 376 41 14 380 41 15 372 41 16 380 41 15 376 41 14 380 41 15 372 41 16 368 41 17 424 44 18 368 41 17 372 41 16 368 41 17 424 44 18 428 45 19 416 45 20 428 45 19 424 44 18 428 45 19 416 45 20 420 44 21 408 42 22 420 44 21 416 45 20 420 44 21 408 42 22 412 43 23 400 43 24 412 43 23 408 42 22 412 43 23 400 43 24 404 42 25 392 46 26 404 42 25 400 43 24 404 42 25 392 46 26 396 47 27 524 41 30 486 49 29 489 48 28 486 49 29 524 41 30 527 41 31 518 41 32 527 41 31 524 41 30 527 41 31 518 41 32 521 41 33 512 41 34 521 41 33 518 41 32 521 41 33 512 41 34 515 41 35 506 50 36 515 41 35 512 41 34 515 41 35 506 50 36 509 51 37 498 51 38 509 51 37 506 50 36 509 51 37 498 51 38 502 50 39 441 40 40 502 50 39 498 51 38 502 50 39 441 40 40 446 40 41 489 48 28 495 53 43 492 52 42 495 53 43 489 48 28 486 49 29 388 54 44 396 47 27 392 46 26 396 47 27 388 54 44 384 54 45 662 57 94 624 56 93 627 55 92 624 56 93 662 57 94 665 58 95 656 59 96 665 58 95 662 57 94 665 58 95 656 59 96 659 60 97 650 61 98 659 60 97 656 59 96 659 60 97 650 61 98 653 62 99 644 63 100 653 62 99 650 61 98 653 62 99 644 63 100 647 64 101 636 65 102 647 64 101 644 63 100 647 64 101 636 65 102 640 66 103 585 67 104 640 66 103 636 65 102 640 66 103 585 67 104 589 68 105 627 55 92 633 70 107 630 69 106 633 70 107 627 55 92 624 56 93 618 73 110 578 72 109 581 71 108 578 72 109 618 73 110 621 74 111 610 59 112 621 74 111 618 73 110 621 74 111 610 59 112 614 75 113 604 76 114 614 75 113 610 59 112 614 75 113 604 76 114 607 77 115 598 78 116 607 77 115 604 76 114 607 77 115 598 78 116 601 79 117 592 80 118 601 79 117 598 78 116 601 79 117 592 80 118 595 81 119 536 82 120 595 81 119 592 80 118 595 81 119 536 82 120 539 83 121 581 71 108 588 84 123 584 84 122 588 84 123 581 71 108 578 72 109 572 85 126 530 72 125 533 71 124 530 72 125 572 85 126 575 86 127 566 87 128 575 86 127 572 85 126 575 86 127 566 87 128 569 88 129 560 61 130 569 88 129 566 87 128 569 88 129 560 61 130 563 62 131 554 63 132 563 62 131 560 61 130 563 62 131 554 63 132 557 64 133 548 89 134 557 64 133 554 63 132 557 64 133 548 89 134 551 90 135 545 91 136 551 90 135 548 89 134 551 90 135 545 91 136 542 92 137 533 71 124 539 83 121 536 82 120 539 83 121 533 71 124 530 72 125 719 94 2 726 93 1 722 93 0 726 93 1 719 94 2 716 95 3 756 96 4 716 95 3 719 94 2 716 95 3 756 96 4 759 97 5 748 98 6 759 97 5 756 96 4 759 97 5 748 98 6 752 99 7 742 100 8 752 99 7 748 98 6 752 99 7 742 100 8 745 98 9 736 97 10 745 98 9 742 100 8 745 98 9 736 97 10 739 96 11 730 95 12 739 96 11 736 97 10 739 96 11 730 95 12 733 101 13 674 102 14 733 101 13 730 95 12 733 101 13 674 102 14 677 103 15 671 104 16 677 103 15 674 102 14 677 103 15 671 104 16 668 104 17 710 105 18 668 104 17 671 104 16 668 104 17 710 105 18 713 106 19 704 106 20 713 106 19 710 105 18 713 106 19 704 106 20 707 105 21 698 107 22 707 105 21 704 106 20 707 105 21 698 107 22 701 107 23 692 107 24 701 107 23 698 107 22 701 107 23 692 107 24 695 104 25 686 108 26 695 104 25 692 107 24 695 104 25 686 108 26 689 109 27 800 106 30 762 111 29 765 110 28 762 111 29 800 106 30 803 105 31 794 107 32 803 105 31 800 106 30 803 105 31 794 107 32 797 107 33 788 98 34 797 107 33 794 107 32 797 107 33 788 98 34 791 99 35 782 94 36 791 99 35 788 98 34 791 99 35 782 94 36 785 95 37 774 96 38 785 95 37 782 94 36 785 95 37 774 96 38 778 97 39 723 112 40 778 97 39 774 96 38 778 97 39 723 112 40 727 112 41 765 110 28 771 113 43 768 113 42 771 113 43 765 110 28 762 111 29 683 114 44 689 109 27 686 108 26 689 109 27 683 114 44 680 114 45 25 117 48 900 116 47 903 115 46 900 116 47 25 117 48 29 118 49 17 119 50 29 118 49 25 117 48 29 118 49 17 119 50 21 120 51 9 121 52 21 120 51 17 119 50 21 120 51 9 121 52 13 122 53 1 123 54 13 122 53 9 121 52 13 122 53 1 123 54 5 124 55 912 125 56 5 124 55 1 123 54 5 124 55 912 125 56 916 126 57 861 127 58 916 126 57 912 125 56 916 126 57 861 127 58 865 128 59 903 115 46 909 129 61 906 129 60 909 129 61 903 115 46 900 116 47 894 132 64 854 131 63 857 130 62 854 131 63 894 132 64 897 133 65 886 134 66 897 133 65 894 132 64 897 133 65 886 134 66 890 135 67 880 136 68 890 135 67 886 134 66 890 135 67 880 136 68 883 137 69 874 138 70 883 137 69 880 136 68 883 137 69 874 138 70 877 124 71 868 139 72 877 124 71 874 138 70 877 124 71 868 139 72 871 140 73 812 141 74 871 140 73 868 139 72 871 140 73 812 141 74 815 142 75 857 130 62 864 144 77 860 143 76 864 144 77 857 130 62 854 131 63 848 147 80 806 146 79 809 145 78 806 146 79 848 147 80 851 148 81 842 149 82 851 148 81 848 147 80 851 148 81 842 149 82 845 150 83 836 151 84 845 150 83 842 149 82 845 150 83 836 151 84 839 152 85 830 153 86 839 152 85 836 151 84 839 152 85 830 153 86 833 154 87 824 155 88 833 154 87 830 153 86 833 154 87 824 155 88 827 156 89 821 157 90 827 156 89 824 155 88 827 156 89 821 157 90 818 158 91 809 145 78 815 142 75 812 141 74 815 142 75 809 145 78 806 146 79 103 160 2 112 159 1 107 159 0 112 159 1 103 160 2 99 161 3 151 162 4 99 161 3 103 160 2 99 161 3 151 162 4 155 163 5 141 164 6 155 163 5 151 162 4 155 163 5 141 164 6 146 165 7 133 166 8 146 165 7 141 164 6 146 165 7 133 166 8 137 167 9 125 162 10 137 167 9 133 166 8 137 167 9 125 162 10 129 160 11 117 168 12 129 160 11 125 162 10 129 160 11 117 168 12 121 168 13 41 169 14 121 168 13 117 168 12 121 168 13 41 169 14 45 170 15 37 171 16 45 170 15 41 169 14 45 170 15 37 171 16 33 169 17 91 172 18 33 169 17 37 171 16 33 169 17 91 172 18 95 173 19 83 163 20 95 173 19 91 172 18 95 173 19 83 163 20 87 161 21 74 174 22 87 161 21 83 163 20 87 161 21 74 174 22 79 166 23 65 165 24 79 166 23 74 174 22 79 166 23 65 165 24 69 164 25 57 175 26 69 164 25 65 165 24 69 164 25 57 175 26 61 176 27 209 169 30 159 178 29 163 177 28 159 178 29 209 169 30 213 179 31 201 179 32 213 179 31 209 169 30 213 179 31 201 179 32 205 169 33 193 173 34 205 169 33 201 179 32 205 169 33 193 173 34 197 173 35 185 163 36 197 173 35 193 173 34 197 173 35 185 163 36 189 161 37 175 174 38 189 161 37 185 163 36 189 161 37 175 174 38 180 166 39 108 180 40 180 166 39 175 174 38 180 166 39 108 180 40 113 180 41 163 177 28 171 181 43 167 181 42 171 181 43 163 177 28 159 178 29 53 182 44 61 176 27 57 175 26 61 176 27 53 182 44 49 183 45 393 186 48 343 185 47 347 184 46 343 185 47 393 186 48 397 187 49 385 188 50 397 187 49 393 186 48 397 187 49 385 188 50 389 189 51 377 190 52 389 189 51 385 188 50 389 189 51 377 190 52 381 191 53 369 192 54 381 191 53 377 190 52 381 191 53 369 192 54 373 193 55 359 194 56 373 193 55 369 192 54 373 193 55 359 194 56 364 195 57 292 196 58 364 195 57 359 194 56 364 195 57 292 196 58 297 197 59 347 184 46 355 198 61 351 198 60 355 198 61 347 184 46 343 185 47 335 201 64 283 200 63 287 199 62 283 200 63 335 201 64 339 202 65 325 203 66 339 202 65 335 201 64 339 202 65 325 203 66 330 204 67 317 190 68 330 204 67 325 203 66 330 204 67 317 190 68 321 205 69 309 206 70 321 205 69 317 190 68 321 205 69 309 206 70 313 207 71 301 208 72 313 207 71 309 206 70 313 207 71 301 208 72 305 209 73 225 210 74 305 209 73 301 208 72 305 209 73 225 210 74 229 211 75 287 199 62 296 213 77 291 212 76 296 213 77 287 199 62 283 200 63 275 216 80 217 215 79 221 214 78 217 215 79 275 216 80 279 217 81 267 218 82 279 217 81 275 216 80 279 217 81 267 218 82 271 219 83 258 220 84 271 219 83 267 218 82 271 219 83 258 220 84 263 221 85 249 222 86 263 221 85 258 220 84 263 221 85 249 222 86 253 223 87 241 224 88 253 223 87 249 222 86 253 223 87 241 224 88 245 225 89 237 226 90 245 225 89 241 224 88 245 225 89 237 226 90 233 227 91 221 214 78 229 211 75 225 210 74 229 211 75 221 214 78 217 215 79 470 229 2 477 228 1 473 228 0 477 228 1 470 229 2 467 229 3 507 230 4 467 229 3 470 229 2 467 229 3 507 230 4 510 231 5 499 231 6 510 231 5 507 230 4 510 231 5 499 231 6 503 230 7 493 229 8 503 230 7 499 231 6 503 230 7 493 229 8 496 229 9 487 229 10 496 229 9 493 229 8 496 229 9 487 229 10 490 229 11 481 229 12 490 229 11 487 229 10 490 229 11 481 229 12 484 229 13 409 229 14 484 229 13 481 229 12 484 229 13 409 229 14 413 229 15 405 229 16 413 229 15 409 229 14 413 229 15 405 229 16 401 229 17 459 232 18 401 229 17 405 229 16 401 229 17 459 232 18 463 233 19 451 233 20 463 233 19 459 232 18 463 233 19 451 233 20 455 232 21 442 229 22 455 232 21 451 233 20 455 232 21 442 229 22 447 229 23 433 229 24 447 229 23 442 229 22 447 229 23 433 229 24 437 229 25 425 234 26 437 229 25 433 229 24 437 229 25 425 234 26 429 235 27 549 232 30 513 237 29 516 236 28 513 237 29 549 232 30 552 233 31 543 233 32 552 233 31 549 232 30 552 233 31 543 233 32 546 232 33 537 229 34 546 232 33 543 233 32 546 232 33 537 229 34 540 229 35 531 229 36 540 229 35 537 229 34 540 229 35 531 229 36 534 229 37 525 229 38 534 229 37 531 229 36 534 229 37 525 229 38 528 229 39 474 228 40 528 229 39 525 229 38 528 229 39 474 228 40 478 228 41 516 236 28 522 238 43 519 238 42 522 238 43 516 236 28 513 237 29 421 239 44 429 235 27 425 234 26 429 235 27 421 239 44 417 239 45 687 242 48 651 241 47 654 240 46 651 241 47 687 242 48 690 243 49 681 244 50 690 243 49 687 242 48 690 243 49 681 244 50 684 245 51 675 246 52 684 245 51 681 244 50 684 245 51 675 246 52 678 247 53 669 248 54 678 247 53 675 246 52 678 247 53 669 248 54 672 249 55 663 250 56 672 249 55 669 248 54 672 249 55 663 250 56 666 251 57 612 252 58 666 251 57 663 250 56 666 251 57 612 252 58 616 252 59 654 240 46 660 254 61 657 253 60 660 254 61 654 240 46 651 241 47 645 257 64 605 256 63 608 255 62 605 256 63 645 257 64 648 258 65 637 259 66 648 258 65 645 257 64 648 258 65 637 259 66 641 260 67 631 261 68 641 260 67 637 259 66 641 260 67 631 261 68 634 262 69 625 263 70 634 262 69 631 261 68 634 262 69 625 263 70 628 264 71 619 265 72 628 264 71 625 263 70 628 264 71 619 265 72 622 266 73 561 267 74 622 266 73 619 265 72 622 266 73 561 267 74 564 268 75 608 255 62 615 270 77 611 269 76 615 270 77 608 255 62 605 256 63 599 273 80 555 272 79 558 271 78 555 272 79 599 273 80 602 274 81 593 275 82 602 274 81 599 273 80 602 274 81 593 275 82 596 260 83 586 276 84 596 260 83 593 275 82 596 260 83 586 276 84 590 277 85 579 278 86 590 277 85 586 276 84 590 277 85 579 278 86 582 279 87 573 280 88 582 279 87 579 278 86 582 279 87 573 280 88 576 281 89 570 282 90 576 281 89 573 280 88 576 281 89 570 282 90 567 283 91 558 271 78 564 268 75 561 267 74 564 268 75 558 271 78 555 272 79 746 284 2 753 284 1 749 284 0 753 284 1 746 284 2 743 284 3 783 284 4 743 284 3 746 284 2 743 284 3 783 284 4 786 284 5 775 284 6 786 284 5 783 284 4 786 284 5 775 284 6 779 284 7 769 284 8 779 284 7 775 284 6 779 284 7 769 284 8 772 284 9 763 284 10 772 284 9 769 284 8 772 284 9 763 284 10 766 284 11 757 284 12 766 284 11 763 284 10 766 284 11 757 284 12 760 284 13 699 284 14 760 284 13 757 284 12 760 284 13 699 284 14 702 284 15 696 284 16 702 284 15 699 284 14 702 284 15 696 284 16 693 284 17 737 284 18 693 284 17 696 284 16 693 284 17 737 284 18 740 284 19 731 284 20 740 284 19 737 284 18 740 284 19 731 284 20 734 284 21 724 284 22 734 284 21 731 284 20 734 284 21 724 284 22 728 284 23 717 284 24 728 284 23 724 284 22 728 284 23 717 284 24 720 284 25 711 285 26 720 284 25 717 284 24 720 284 25 711 285 26 714 286 27 825 284 30 789 288 29 792 287 28 789 288 29 825 284 30 828 284 31 819 284 32 828 284 31 825 284 30 828 284 31 819 284 32 822 284 33 813 284 34 822 284 33 819 284 32 822 284 33 813 284 34 816 284 35 807 284 36 816 284 35 813 284 34 816 284 35 807 284 36 810 284 37 801 284 38 810 284 37 807 284 36 810 284 37 801 284 38 804 284 39 750 284 40 804 284 39 801 284 38 804 284 39 750 284 40 754 284 41 792 287 28 798 290 43 795 289 42 798 290 43 792 287 28 789 288 29 708 291 44 714 286 27 711 285 26 714 286 27 708 291 44 705 291 45 58 294 48 10 293 47 14 292 46 10 293 47 58 294 48 62 35 49 50 34 50 62 35 49 58 294 48 62 35 49 50 34 50 54 33 51 42 32 52 54 33 51 50 34 50 54 33 51 42 32 52 46 31 53 34 295 54 46 31 53 42 32 52 46 31 53 34 295 54 38 29 55 26 28 56 38 29 55 34 295 54 38 29 55 26 28 56 30 27 57 888 26 58 30 27 57 26 28 56 30 27 57 888 26 58 892 26 59 14 292 46 22 296 61 18 296 60 22 296 61 14 292 46 10 293 47 2 294 64 881 298 63 884 297 62 881 298 63 2 294 64 6 35 65 913 34 66 6 35 65 2 294 64 6 35 65 913 34 66 917 33 67 907 32 68 917 33 67 913 34 66 917 33 67 907 32 68 910 31 69 901 295 70 910 31 69 907 32 68 910 31 69 901 295 70 904 29 71 895 28 72 904 29 71 901 295 70 904 29 71 895 28 72 898 27 73 837 25 74 898 27 73 895 28 72 898 27 73 837 25 74 840 24 75 884 297 62 891 20 77 887 20 76 891 20 77 884 297 62 881 298 63 875 17 80 831 18 79 834 19 78 831 18 79 875 17 80 878 299 81 869 15 82 878 299 81 875 17 80 878 299 81 869 15 82 872 14 83 862 13 84 872 14 83 869 15 82 872 14 83 862 13 84 866 12 85 855 11 86 866 12 85 862 13 84 866 12 85 855 11 86 858 300 87 849 301 88 858 300 87 855 11 86 858 300 87 849 301 88 852 302 89 846 303 90 852 302 89 849 301 88 852 302 89 846 303 90 843 303 91 834 19 78 840 24 75 837 25 74 840 24 75 834 19 78 831 18 79 138 305 2 147 304 1 142 304 0 147 304 1 138 305 2 134 305 3 186 305 4 134 305 3 138 305 2 134 305 3 186 305 4 190 305 5 176 305 6 190 305 5 186 305 4 190 305 5 176 305 6 181 305 7 168 306 8 181 305 7 176 305 6 181 305 7 168 306 8 172 307 9 160 307 10 172 307 9 168 306 8 172 307 9 160 307 10 164 306 11 152 305 12 164 306 11 160 307 10 164 306 11 152 305 12 156 305 13 75 305 14 156 305 13 152 305 12 156 305 13 75 305 14 80 305 15 70 305 16 80 305 15 75 305 14 80 305 15 70 305 16 66 305 17 126 308 18 66 305 17 70 305 16 66 305 17 126 308 18 130 309 19 118 309 20 130 309 19 126 308 18 130 309 19 118 309 20 122 308 21 109 306 22 122 308 21 118 309 20 122 308 21 109 306 22 114 307 23 100 307 24 114 307 23 109 306 22 114 307 23 100 307 24 104 306 25 92 310 26 104 306 25 100 307 24 104 306 25 92 310 26 96 311 27 242 305 30 194 313 29 198 312 28 194 313 29 242 305 30 246 305 31 234 305 32 246 305 31 242 305 30 246 305 31 234 305 32 238 305 33 226 305 34 238 305 33 234 305 32 238 305 33 226 305 34 230 305 35 218 314 36 230 305 35 226 305 34 230 305 35 218 314 36 222 315 37 210 315 38 222 315 37 218 314 36 222 315 37 210 315 38 214 314 39 143 304 40 214 314 39 210 315 38 214 314 39 143 304 40 148 304 41 198 312 28 206 317 43 202 316 42 206 317 43 198 312 28 194 313 29 88 318 44 96 311 27 92 310 26 96 311 27 88 318 44 84 318 45 426 321 48 378 320 47 382 319 46 378 320 47 426 321 48 430 322 49 418 323 50 430 322 49 426 321 48 430 322 49 418 323 50 422 324 51 410 88 52 422 324 51 418 323 50 422 324 51 410 88 52 414 325 53 402 326 54 414 325 53 410 88 52 414 325 53 402 326 54 406 327 55 394 328 56 406 327 55 402 326 54 406 327 55 394 328 56 398 329 57 327 330 58 398 329 57 394 328 56 398 329 57 327 330 58 332 331 59 382 319 46 390 333 61 386 332 60 390 333 61 382 319 46 378 320 47 370 336 64 318 335 63 322 334 62 318 335 63 370 336 64 374 337 65 360 323 66 374 337 65 370 336 64 374 337 65 360 323 66 365 338 67 352 339 68 365 338 67 360 323 66 365 338 67 352 339 68 356 340 69 344 341 70 356 340 69 352 339 68 356 340 69 344 341 70 348 342 71 336 343 72 348 342 71 344 341 70 348 342 71 336 343 72 340 344 73 259 345 74 340 344 73 336 343 72 340 344 73 259 345 74 264 346 75 322 334 62 331 347 77 326 347 76 331 347 77 322 334 62 318 335 63 310 348 80 250 335 79 254 334 78 250 335 79 310 348 80 314 349 81 302 350 82 314 349 81 310 348 80 314 349 81 302 350 82 306 61 83 293 88 84 306 61 83 302 350 82 306 61 83 293 88 84 298 325 85 284 326 86 298 325 85 293 88 84 298 325 85 284 326 86 288 327 87 276 351 88 288 327 87 284 326 86 288 327 87 276 351 88 280 352 89 272 353 90 280 352 89 276 351 88 280 352 89 272 353 90 268 354 91 254 334 78 264 346 75 259 345 74 264 346 75 254 334 78 250 335 79 497 356 2 504 355 1 500 355 0 504 355 1 497 356 2 494 357 3 532 358 4 494 357 3 497 356 2 494 357 3 532 358 4 535 359 5 526 360 6 535 359 5 532 358 4 535 359 5 526 360 6 529 361 7 520 362 8 529 361 7 526 360 6 529 361 7 520 362 8 523 360 9 514 359 10 523 360 9 520 362 8 523 360 9 514 359 10 517 358 11 508 357 12 517 358 11 514 359 10 517 358 11 508 357 12 511 363 13 443 364 14 511 363 13 508 357 12 511 363 13 443 364 14 448 365 15 438 366 16 448 365 15 443 364 14 448 365 15 438 366 16 434 366 17 488 367 18 434 366 17 438 366 16 434 366 17 488 367 18 491 368 19 482 368 20 491 368 19 488 367 18 491 368 19 482 368 20 485 367 21 475 369 22 485 367 21 482 368 20 485 367 21 475 369 22 479 369 23 468 369 24 479 369 23 475 369 22 479 369 23 468 369 24 471 366 25 460 370 26 471 366 25 468 369 24 471 366 25 460 370 26 464 371 27 574 368 30 538 373 29 541 372 28 538 373 29 574 368 30 577 367 31 568 369 32 577 367 31 574 368 30 577 367 31 568 369 32 571 369 33 562 360 34 571 369 33 568 369 32 571 369 33 562 360 34 565 361 35 556 356 36 565 361 35 562 360 34 565 361 35 556 356 36 559 357 37 550 358 38 559 357 37 556 356 36 559 357 37 550 358 38 553 359 39 501 374 40 553 359 39 550 358 38 553 359 39 501 374 40 505 374 41 541 372 28 547 375 43 544 375 42 547 375 43 541 372 28 538 373 29 456 376 44 464 371 27 460 370 26 464 371 27 456 376 44 452 376 45 712 379 48 676 378 47 679 377 46 676 378 47 712 379 48 715 380 49 706 152 50 715 380 49 712 379 48 715 380 49 706 152 50 709 381 51 700 382 52 709 381 51 706 152 50 709 381 51 700 382 52 703 383 53 694 384 54 703 383 53 700 382 52 703 383 53 694 384 54 697 385 55 688 386 56 697 385 55 694 384 54 697 385 55 688 386 56 691 387 57 639 388 58 691 387 57 688 386 56 691 387 57 639 388 58 643 389 59 679 377 46 685 390 61 682 390 60 685 390 61 679 377 46 676 378 47 670 392 64 632 139 63 635 391 62 632 139 63 670 392 64 673 393 65 664 394 66 673 393 65 670 392 64 673 393 65 664 394 66 667 151 67 658 395 68 667 151 67 664 394 66 667 151 67 658 395 68 661 396 69 652 397 70 661 396 69 658 395 68 661 396 69 652 397 70 655 385 71 646 131 72 655 385 71 652 397 70 655 385 71 646 131 72 649 398 73 587 399 74 649 398 73 646 131 72 649 398 73 587 399 74 591 400 75 635 391 62 642 402 77 638 401 76 642 402 77 635 391 62 632 139 63 626 405 80 580 404 79 583 403 78 580 404 79 626 405 80 629 406 81 620 407 82 629 406 81 626 405 80 629 406 81 620 407 82 623 408 83 613 135 84 623 408 83 620 407 82 623 408 83 613 135 84 617 119 85 606 409 86 617 119 85 613 135 84 617 119 85 606 409 86 609 410 87 600 411 88 609 410 87 606 409 86 609 410 87 600 411 88 603 412 89 597 413 90 603 412 89 600 411 88 603 412 89 597 413 90 594 414 91 583 403 78 591 400 75 587 399 74 591 400 75 583 403 78 580 404 79 773 416 140 780 415 139 776 415 138 780 415 139 773 416 140 770 417 141 808 418 142 770 417 141 773 416 140 770 417 141 808 418 142 811 419 143 802 420 144 811 419 143 808 418 142 811 419 143 802 420 144 805 421 145 796 422 146 805 421 145 802 420 144 805 421 145 796 422 146 799 423 147 790 418 148 799 423 147 796 422 146 799 423 147 790 418 148 793 416 149 784 424 150 793 416 149 790 418 148 793 416 149 784 424 150 787 424 151 725 425 152 787 424 151 784 424 150 787 424 151 725 425 152 729 426 153 721 427 154 729 426 153 725 425 152 729 426 153 721 427 154 718 425 155 764 428 156 718 425 155 721 427 154 718 425 155 764 428 156 767 429 157 758 419 158 767 429 157 764 428 156 767 429 157 758 419 158 761 417 159 751 430 160 761 417 159 758 419 158 761 417 159 751 430 160 755 422 161 744 421 162 755 422 161 751 430 160 755 422 161 744 421 162 747 420 163 738 431 164 747 420 163 744 421 162 747 420 163 738 431 164 741 432 165 850 425 168 814 434 167 817 433 166 814 434 167 850 425 168 853 435 169 844 435 170 853 435 169 850 425 168 853 435 169 844 435 170 847 425 171 838 429 172 847 425 171 844 435 170 847 425 171 838 429 172 841 429 173 832 419 174 841 429 173 838 429 172 841 429 173 832 419 174 835 417 175 826 430 176 835 417 175 832 419 174 835 417 175 826 430 176 829 422 177 777 436 178 829 422 177 826 430 176 829 422 177 777 436 178 781 436 179 817 433 166 823 437 181 820 437 180 823 437 181 817 433 166 814 434 167 735 438 182 741 432 165 738 431 164 741 432 165 735 438 182 732 439 183 93 442 186 43 441 185 47 440 184 43 441 185 93 442 186 97 443 187 85 444 188 97 443 187 93 442 186 97 443 187 85 444 188 89 445 189 76 219 190 89 445 189 85 444 188 89 445 189 76 219 190 81 446 191 67 447 192 81 446 191 76 219 190 81 446 191 67 447 192 71 448 193 59 449 194 71 448 193 67 447 192 71 448 193 59 449 194 63 450 195 915 213 196 63 450 195 59 449 194 63 450 195 915 213 196 919 212 197 47 440 184 55 451 199 51 451 198 55 451 199 47 440 184 43 441 185 35 454 202 908 453 201 911 452 200 908 453 201 35 454 202 39 455 203 27 456 204 39 455 203 35 454 202 39 455 203 27 456 204 31 457 205 19 219 206 31 457 205 27 456 204 31 457 205 19 219 206 23 458 207 11 459 208 23 458 207 19 219 206 23 458 207 11 459 208 15 460 209 3 461 210 15 460 209 11 459 208 15 460 209 3 461 210 7 462 211 863 463 212 7 462 211 3 461 210 7 462 211 863 463 212 867 464 213 911 452 200 918 196 215 914 197 214 918 196 215 911 452 200 908 453 201 902 467 218 856 466 217 859 465 216 856 466 217 902 467 218 905 468 219 896 469 220 905 468 219 902 467 218 905 468 219 896 469 220 899 190 221 889 470 222 899 190 221 896 469 220 899 190 221 889 470 222 893 471 223 882 472 224 893 471 223 889 470 222 893 471 223 882 472 224 885 473 225 876 474 226 885 473 225 882 472 224 885 473 225 876 474 226 879 475 227 873 476 228 879 475 227 876 474 226 879 475 227 873 476 228 870 477 229 859 465 216 867 464 213 863 463 212 867 464 213 859 465 216 856 466 217 173 479 2 182 478 1 177 478 0 182 478 1 173 479 2 169 479 3 219 480 4 169 479 3 173 479 2 169 479 3 219 480 4 223 481 5 211 481 6 223 481 5 219 480 4 223 481 5 211 481 6 215 480 7 203 479 8 215 480 7 211 481 6 215 480 7 203 479 8 207 479 9 195 479 10 207 479 9 203 479 8 207 479 9 195 479 10 199 479 11 187 479 12 199 479 11 195 479 10 199 479 11 187 479 12 191 479 13 110 479 14 191 479 13 187 479 12 191 479 13 110 479 14 115 479 15 105 479 16 115 479 15 110 479 14 115 479 15 105 479 16 101 479 17 161 482 18 101 479 17 105 479 16 101 479 17 161 482 18 165 483 19 153 483 20 165 483 19 161 482 18 165 483 19 153 483 20 157 482 21 144 479 22 157 482 21 153 483 20 157 482 21 144 479 22 149 479 23 135 479 24 149 479 23 144 479 22 149 479 23 135 479 24 139 479 25 127 484 26 139 479 25 135 479 24 139 479 25 127 484 26 131 485 27 277 482 30 227 487 29 231 486 28 227 487 29 277 482 30 281 483 31 269 483 32 281 483 31 277 482 30 281 483 31 269 483 32 273 482 33 260 479 34 273 482 33 269 483 32 273 482 33 260 479 34 265 479 35 251 479 36 265 479 35 260 479 34 265 479 35 251 479 36 255 479 37 243 479 38 255 479 37 251 479 36 255 479 37 243 479 38 247 479 39 178 478 40 247 479 39 243 479 38 247 479 39 178 478 40 183 478 41 231 486 28 239 488 43 235 488 42 239 488 43 231 486 28 227 487 29 123 489 44 131 485 27 127 484 26 131 485 27 123 489 44 119 489 45 461 492 48 411 491 47 415 490 46 411 491 47 461 492 48 465 493 49 453 494 50 465 493 49 461 492 48 465 493 49 453 494 50 457 495 51 444 496 52 457 495 51 453 494 50 457 495 51 444 496 52 449 497 53 435 498 54 449 497 53 444 496 52 449 497 53 435 498 54 439 499 55 427 500 56 439 499 55 435 498 54 439 499 55 427 500 56 431 501 57 362 269 58 431 501 57 427 500 56 431 501 57 362 269 58 367 269 59 415 490 46 423 503 61 419 502 60 423 503 61 415 490 46 411 491 47 403 506 64 353 505 63 357 504 62 353 505 63 403 506 64 407 507 65 395 508 66 407 507 65 403 506 64 407 507 65 395 508 66 399 509 67 387 510 68 399 509 67 395 508 66 399 509 67 387 510 68 391 511 69 379 512 70 391 511 69 387 510 68 391 511 69 379 512 70 383 513 71 371 514 72 383 513 71 379 512 70 383 513 71 371 514 72 375 515 73 294 516 74 375 515 73 371 514 72 375 515 73 294 516 74 299 517 75 357 504 62 366 518 77 361 252 76 366 518 77 357 504 62 353 505 63 345 521 80 285 520 79 289 519 78 285 520 79 345 521 80 349 522 81 337 523 82 349 522 81 345 521 80 349 522 81 337 523 82 341 509 83 328 524 84 341 509 83 337 523 82 341 509 83 328 524 84 333 525 85 319 526 86 333 525 85 328 524 84 333 525 85 319 526 86 323 527 87 311 528 88 323 527 87 319 526 86 323 527 87 311 528 88 315 529 89 307 530 90 315 529 89 311 528 88 315 529 89 307 530 90 303 531 91 289 519 78 299 517 75 294 516 74 299 517 75 289 519 78 285 520 79</p>
                </triangles>
            </mesh>
        </geometry>
        <geometry id="ID61">
            <mesh>
                <source id="ID62">
                    <float_array id="ID63" count="435">675.25 2987.13 -2078.5 742.25 2948.38 -2138.75 751.875 2933.63 -2167 728.25 2958.75 -2121.38 739.625 2912.63 -2215.38 749.625 2921 -2194.38 683.25 2921 -2215.88 665.375 2933.63 -2195.13 665.25 2972 -2113.75 -1760.13 2972.38 -1311.63 -1775 2955.38 -1349.38 -1745.75 2990.75 -1268.38 -1791.38 2972.38 -1268.63 -1832.13 2955.38 -1270.75 -1862.38 2940.38 -1280.5 -1894.13 2921 -1303 -1912.63 2904.75 -1333.5 -1918.25 2893.75 -1363.38 -1910.13 2889.88 -1387.75 -1889.38 2893.75 -1403 -1859.38 2904.75 -1407 -1824.5 2921 -1398.88 -1793.38 2940.38 -1375.5 -1900.5 2912.63 -1357.5 -1894.25 2909.75 -1376.25 -1835.5 2959.13 -1333.5 -1836.38 2958.75 -1287.75 -1857.63 2948.38 -1293.88 -1780.75 2972 -1319 -1768 2987.13 -1284.5 -1804.63 2948.38 -1366.88 -1828.5 2933.63 -1384.75 -1792.5 2958.75 -1348.13 -1878.38 2912.63 -1388 -1855.25 2921 -1391 -1896.25 2921 -1334.63 -1882.13 2933.63 -1311.13 -1804.75 2972 -1285.88 -1791.38 2972.38 1268.63 -1831.88 2955.38 1271.13 -1745.75 2990.75 1268.38 -1760.13 2972.38 1311.63 -1774.75 2955.38 1349.75 -1793.38 2940.38 1375.5 -1824.5 2921 1398.88 -1859.38 2904.75 1407 -1889.38 2893.75 1403 -1910.13 2889.88 1387.75 -1918.25 2893.75 1363.38 -1912.63 2904.75 1333.5 -1894.13 2921 1303 -1862.38 2940.38 1280.5 -1878.38 2912.63 1388 -1894.25 2909.75 1376.25 -1835.5 2959.13 1333.5 -1792.25 2958.75 1348.5 -1804.63 2948.38 1366.88 -1804.75 2972 1285.88 -1768 2987.13 1284.5 -1857.63 2948.38 1293.88 -1882.13 2933.63 1311.13 -1836.13 2958.75 1288.13 -1900.63 2912.63 1357.5 -1896.25 2921 1334.63 -1855.25 2921 1391 -1828.5 2933.63 1384.75 652.875 2972.38 2095.63 -1780.75 2972 1319 642.75 2955.38 2135 666.75 2990.75 2052.25 703.5 2972.38 2079.25 735.25 2955.38 2105 754 2940.38 2130.75 766.5 2921 2167.5 763.5 2904.75 2203.13 750.5 2893.75 2230.5 729.5 2889.88 2245.38 703.75 2893.75 2245.63 677.25 2904.75 2231.13 653.75 2921 2204.13 642.375 2940.38 2167 739.625 2912.63 2215.38 723.5 2909.75 2226.88 701 2959.13 2157.75 728.625 2958.75 2121.25 742.25 2948.38 2138.75 665.25 2972 2113.75 675.25 2987.13 2078.5 656.5 2948.38 2166.63 665.375 2933.63 2195.13 657.625 2958.75 2144.38 703.75 2912.63 2227 683.25 2921 2215.88 749.625 2921 2194.38 751.875 2933.63 2167 704.125 2972 2101.13 2194.88 2972.38 26.5 2229.13 2955.38 48.375 2157.88 2990.75 -0 2194.88 2972.38 -26.5 2229.13 2955.38 -48.75 2259.5 2940.38 -58.625 2298.25 2921 -59.25 2331.25 2904.75 -45.25 2353.25 2893.75 -24.5 2361 2889.88 -0 2353.25 2893.75 24.5 2331.25 2904.75 45.25 2298.25 2921 59.25 2259.5 2940.38 58.625 2335.5 2912.63 -18.75 2341.5 2909.75 -0 2268.75 2959.13 -0 2242.63 2958.75 -37.5 2263.5 2948.38 -45 2215.88 2972 20.375 2185.5 2987.13 -0 2263.5 2948.38 45 2293.38 2933.63 45.5 2242.63 2958.75 37 2335.5 2912.63 18.75 2318.63 2921 34.75 2318.63 2921 -34.75 2293.38 2933.63 -45.5 2215.88 2972 -20.375 703.5 2972.38 -2079.25 734.875 2955.38 -2105.13 666.75 2990.75 -2052.25 652.875 2972.38 -2095.63 642.375 2955.38 -2135.13 642.375 2940.38 -2167 653.75 2921 -2204.13 677.25 2904.75 -2231.13 703.75 2893.75 -2245.63 729.5 2889.88 -2245.38 750.5 2893.75 -2230.5 763.5 2904.75 -2203.13 766.5 2921 -2167.5 754 2940.38 -2130.75 703.75 2912.63 -2227 723.5 2909.75 -2226.88 701 2959.13 -2157.75 657.25 2958.75 -2144.5 656.5 2948.38 -2166.63 704.125 2972 -2101.13</float_array>
                    <technique_common>
                        <accessor count="145" source="#ID63" stride="3">
                            <param name="X" type="float"/>
                            <param name="Y" type="float"/>
                            <param name="Z" type="float"/>
                        </accessor>
                    </technique_common>
                </source>
                <source id="ID64">
                    <float_array id="ID65" count="435">0.449679 0.763446 0.463615 0.336722 0.756077 0.561218 0.136069 0.897307 0.41991 0.180621 0.754824 0.630569 0.0145315 0.757994 0.6521 0.0402437 0.700775 0.712247 -0.152473 0.70536 0.692256 -0.208687 0.803364 0.557724 -0.124708 0.766503 0.630017 0.458373 0.888757 0.00213946 0.419198 0.905009 0.0723266 0.198515 0.976892 0.079203 -0.019386 0.972244 0.233163 0.462466 0.878573 0.119309 0.504719 0.862946 0.0241603 0.52404 0.828641 0.196818 0.59589 0.797745 0.092293 0.518127 0.785938 0.33741 0.627464 0.739639 0.24336 0.564441 0.708607 0.423418 0.44025 0.70239 0.55931 0.257019 0.699903 0.666391 -0.338576 0.733524 0.589328 -0.309903 0.829363 0.464884 -0.431363 0.798561 0.419793 -0.30685 0.878747 0.365578 -0.39739 0.86149 0.316095 -0.277686 0.906654 0.317598 -0.383916 0.883602 0.268062 0.580613 0.763487 -0.282801 0.637185 0.756395 -0.147856 0.441329 0.897345 0.000275858 0.654848 0.755419 0.0227161 0.624328 0.75832 0.187524 0.689043 0.701467 0.182111 0.610881 0.705899 0.358512 0.465737 0.802657 0.3726 0.561218 0.766129 0.313179 0.143201 0.888188 -0.436596 0.197653 0.904583 -0.377707 0.136459 0.976671 -0.165807 0.215824 0.972258 0.0901902 0.255627 0.878336 -0.403957 0.177356 0.862376 -0.474186 0.34843 0.828367 -0.43864 0.271064 0.797029 -0.539693 0.48167 0.785572 -0.388421 0.424624 0.738454 -0.523813 0.578288 0.708036 -0.4053 0.667307 0.702879 -0.246296 0.712297 0.700746 -0.0398463 0.455729 0.732621 0.505547 0.345313 0.829733 0.438522 0.266914 0.800051 0.537285 0.253387 0.879279 0.403316 0.179111 0.862227 0.473796 0.216745 0.906479 0.362378 0.13614 0.883343 0.448522 -0.0910708 0.763232 -0.639674 0.0564442 0.755955 -0.652186 0.136484 0.897305 -0.419781 0.223174 0.754863 -0.616746 0.370894 0.758096 -0.536403 0.385103 0.700868 -0.6004 0.530562 0.70544 -0.469957 0.497508 0.803338 -0.327312 0.471562 0.766735 -0.4356 -0.370285 0.888449 -0.271197 -0.297765 0.904747 -0.304579 -0.115627 0.976634 -0.181156 0.151414 0.97237 -0.17768 -0.305836 0.878109 -0.367951 -0.39631 0.862181 -0.315568 -0.309225 0.828269 -0.46728 -0.431402 0.796247 -0.424127 -0.21942 0.785876 -0.578147 -0.364283 0.739693 -0.565821 -0.206652 0.708531 -0.674743 -0.0280284 0.702362 -0.711268 0.182146 0.699835 -0.690691 0.620572 0.733512 -0.27722 0.523196 0.829717 -0.194516 0.593355 0.800023 -0.0888394 0.461909 0.879198 -0.116834 0.505906 0.862256 -0.0239585 0.410725 0.906849 -0.0944994 0.467211 0.884109 0.00806863 -0.6361 0.763442 -0.111952 -0.60149 0.756987 -0.255304 -0.356973 0.897291 -0.25969 -0.516069 0.755708 -0.403209 -0.395722 0.75836 -0.517971 -0.451352 0.70124 -0.551856 -0.284242 0.707093 -0.647477 -0.158858 0.803624 -0.573544 -0.269161 0.767661 -0.581592 -0.372069 0.888318 0.269177 -0.38152 0.9049 0.188674 -0.207557 0.976776 0.0531915 -0.12179 0.972303 -0.199486 -0.444893 0.878025 0.176475 -0.422807 0.862176 0.279082 -0.54023 0.827849 0.151056 -0.537012 0.796694 0.277301 -0.618387 0.785205 0.0324084 -0.652081 0.737521 0.175651 -0.706419 0.707712 -0.0107624 -0.684321 0.703321 -0.192468 -0.597633 0.702353 -0.386697 -0.0726589 0.734653 -0.674541 -0.0221179 0.829869 -0.557519 0.10162 0.799653 -0.591801 0.0328097 0.879024 -0.475647 0.134287 0.86183 -0.489097 0.0372548 0.906654 -0.420227 0.152303 0.883817 -0.442347 -0.302794 0.763976 0.569786 -0.428308 0.756431 0.494333 -0.357176 0.897324 0.259297 -0.542458 0.755589 0.367186 -0.615743 0.757953 0.215331 -0.664498 0.701104 0.258642 -0.705964 0.705124 0.0664424 -0.596309 0.802231 -0.0290149 -0.638544 0.765971 0.0745006 0.140115 0.88847 0.437023 0.0607772 0.904977 0.421097 -0.013945 0.976763 0.213867 -0.227383 0.972315 0.053856 0.0302303 0.878295 0.477161 0.133636 0.862628 0.487868 -0.0243905 0.828598 0.559313 0.0987187 0.796995 0.595864 -0.162315 0.786687 0.595632 -0.0374239 0.740341 0.671189 -0.230945 0.710754 0.66445 -0.395145 0.702703 0.591666 -0.552154 0.701809 0.450101 -0.666401 0.731864 -0.142423 -0.53795 0.829054 -0.152577 -0.532402 0.799274 -0.278762 -0.442748 0.878733 -0.178332 -0.423767 0.861387 -0.280062 -0.387973 0.906608 -0.165951 -0.373198 0.883726 -0.282402</float_array>
                    <technique_common>
                        <accessor count="145" source="#ID65" stride="3">
                            <param name="X" type="float"/>
                            <param name="Y" type="float"/>
                            <param name="Z" type="float"/>
                        </accessor>
                    </technique_common>
                </source>
                <source id="ID66">
                    <float_array id="ID67" count="40">0.5625 0.0800781 0.578125 0.0800781 0.59375 0.0800781 0.609375 0.0800781 0.625 0.0800781 0.65625 0.0800781 0.640625 0.0800781 0.40625 0.0800781 0.5 0.0800781 0.34375 0.0800781 0.46875 0.0800781 0.515625 0.0800781 0.4375 0.0800781 0.53125 0.0800781 0.546875 0.0800781 0.6875 0.0800781 0.71875 0.0800781 0.671875 0.0800781 0.75 0.0800781 0.28125 0.0800781</float_array>
                    <technique_common>
                        <accessor count="20" source="#ID67" stride="2">
                            <param name="S" type="float"/>
                            <param name="T" type="float"/>
                        </accessor>
                    </technique_common>
                </source>
                <vertices id="ID68">
                    <input semantic="POSITION" source="#ID62"/>
                </vertices>
                <triangles count="210" material="Material1">
                    <input offset="0" semantic="VERTEX" source="#ID68"/>
                    <input offset="1" semantic="NORMAL" source="#ID64"/>
                    <input offset="2" semantic="TEXCOORD" source="#ID66" set="0"/>
                    <p>83 2 2 81 1 1 93 0 0 81 1 1 83 2 2 82 3 2 91 4 3 82 3 2 83 2 2 82 3 2 91 4 3 77 5 4 78 6 5 77 5 4 91 4 3 92 8 4 83 2 2 89 7 6 83 2 2 92 8 4 91 4 3 78 6 5 91 4 3 92 8 4 69 11 9 95 10 8 70 9 7 95 10 8 69 11 9 87 12 10 71 14 12 95 10 8 84 13 11 95 10 8 71 14 12 70 9 7 72 16 10 84 13 11 85 15 13 84 13 11 72 16 10 71 14 12 73 18 8 85 15 13 94 17 14 85 15 13 73 18 8 72 16 10 74 19 13 94 17 14 93 0 0 94 17 14 74 19 13 73 18 8 75 20 0 93 0 0 81 1 1 93 0 0 75 20 0 74 19 13 81 1 1 76 21 2 75 20 0 76 21 2 81 1 1 82 3 2 92 8 4 79 22 15 78 6 5 79 22 15 92 8 4 89 7 6 88 23 5 79 22 15 89 7 6 79 22 15 88 23 5 80 24 16 90 25 17 80 24 16 88 23 5 80 24 16 90 25 17 68 26 18 86 27 12 68 26 18 90 25 17 68 26 18 86 27 12 66 28 19 66 28 19 87 12 10 69 11 9 87 12 10 66 28 19 86 27 12 83 2 2 95 10 8 87 12 10 83 2 2 84 13 11 95 10 8 83 2 2 94 17 14 85 15 13 83 2 2 93 0 0 94 17 14 88 23 5 83 2 2 90 25 17 90 25 17 83 2 2 86 27 12 89 7 6 83 2 2 88 23 5 83 2 2 87 12 10 86 27 12 83 2 2 85 15 13 84 13 11 82 3 2 77 5 4 76 21 2 112 31 2 110 30 1 122 29 0 110 30 1 112 31 2 111 32 2 120 33 3 111 32 2 112 31 2 111 32 2 120 33 3 106 34 4 107 35 5 106 34 4 120 33 3 121 37 4 112 31 2 118 36 6 112 31 2 121 37 4 120 33 3 107 35 5 120 33 3 121 37 4 98 40 9 124 39 8 99 38 7 124 39 8 98 40 9 116 41 10 100 43 12 124 39 8 113 42 11 124 39 8 100 43 12 99 38 7 101 45 10 113 42 11 114 44 13 113 42 11 101 45 10 100 43 12 102 47 8 114 44 13 123 46 14 114 44 13 102 47 8 101 45 10 103 48 13 123 46 14 122 29 0 123 46 14 103 48 13 102 47 8 104 49 0 122 29 0 110 30 1 122 29 0 104 49 0 103 48 13 110 30 1 105 50 2 104 49 0 105 50 2 110 30 1 111 32 2 121 37 4 108 51 15 107 35 5 108 51 15 121 37 4 118 36 6 117 52 5 108 51 15 118 36 6 108 51 15 117 52 5 109 53 16 119 54 17 109 53 16 117 52 5 109 53 16 119 54 17 97 55 18 115 56 12 97 55 18 119 54 17 97 55 18 115 56 12 96 57 19 96 57 19 116 41 10 98 40 9 116 41 10 96 57 19 115 56 12 112 31 2 124 39 8 116 41 10 112 31 2 113 42 11 124 39 8 112 31 2 123 46 14 114 44 13 112 31 2 122 29 0 123 46 14 117 52 5 112 31 2 119 54 17 119 54 17 112 31 2 115 56 12 118 36 6 112 31 2 117 52 5 112 31 2 116 41 10 115 56 12 112 31 2 114 44 13 113 42 11 111 32 2 106 34 4 105 50 2 141 60 2 139 59 1 6 58 0 139 59 1 141 60 2 140 61 2 4 62 3 140 61 2 141 60 2 140 61 2 4 62 3 135 63 4 136 64 5 135 63 4 4 62 3 5 66 4 141 60 2 2 65 6 141 60 2 5 66 4 4 62 3 136 64 5 4 62 3 5 66 4 127 69 9 8 68 8 128 67 7 8 68 8 127 69 9 0 70 10 129 72 12 8 68 8 142 71 11 8 68 8 129 72 12 128 67 7 130 74 10 142 71 11 143 73 13 142 71 11 130 74 10 129 72 12 131 76 8 143 73 13 7 75 14 143 73 13 131 76 8 130 74 10 132 77 13 7 75 14 6 58 0 7 75 14 132 77 13 131 76 8 133 78 0 6 58 0 139 59 1 6 58 0 133 78 0 132 77 13 139 59 1 134 79 2 133 78 0 134 79 2 139 59 1 140 61 2 5 66 4 137 80 15 136 64 5 137 80 15 5 66 4 2 65 6 1 81 5 137 80 15 2 65 6 137 80 15 1 81 5 138 82 16 3 83 17 138 82 16 1 81 5 138 82 16 3 83 17 126 84 18 144 85 12 126 84 18 3 83 17 126 84 18 144 85 12 125 86 19 125 86 19 0 70 10 127 69 9 0 70 10 125 86 19 144 85 12 141 60 2 8 68 8 0 70 10 141 60 2 142 71 11 8 68 8 141 60 2 7 75 14 143 73 13 141 60 2 6 58 0 7 75 14 1 81 5 141 60 2 3 83 17 3 83 17 141 60 2 144 85 12 2 65 6 141 60 2 1 81 5 141 60 2 0 70 10 144 85 12 141 60 2 143 73 13 142 71 11 140 61 2 135 63 4 134 79 2 25 89 2 23 88 1 35 87 0 23 88 1 25 89 2 24 90 2 33 91 3 24 90 2 25 89 2 24 90 2 33 91 3 19 92 4 20 93 5 19 92 4 33 91 3 34 95 4 25 89 2 31 94 6 25 89 2 34 95 4 33 91 3 20 93 5 33 91 3 34 95 4 11 98 9 37 97 8 12 96 7 37 97 8 11 98 9 29 99 10 13 101 12 37 97 8 26 100 11 37 97 8 13 101 12 12 96 7 14 103 10 26 100 11 27 102 13 26 100 11 14 103 10 13 101 12 15 105 8 27 102 13 36 104 14 27 102 13 15 105 8 14 103 10 16 106 13 36 104 14 35 87 0 36 104 14 16 106 13 15 105 8 17 107 0 35 87 0 23 88 1 35 87 0 17 107 0 16 106 13 23 88 1 18 108 2 17 107 0 18 108 2 23 88 1 24 90 2 34 95 4 21 109 15 20 93 5 21 109 15 34 95 4 31 94 6 30 110 5 21 109 15 31 94 6 21 109 15 30 110 5 22 111 16 32 112 17 22 111 16 30 110 5 22 111 16 32 112 17 10 113 18 28 114 12 10 113 18 32 112 17 10 113 18 28 114 12 9 115 19 9 115 19 29 99 10 11 98 9 29 99 10 9 115 19 28 114 12 25 89 2 37 97 8 29 99 10 25 89 2 26 100 11 37 97 8 25 89 2 36 104 14 27 102 13 25 89 2 35 87 0 36 104 14 30 110 5 25 89 2 32 112 17 32 112 17 25 89 2 28 114 12 31 94 6 25 89 2 30 110 5 25 89 2 29 99 10 28 114 12 25 89 2 27 102 13 26 100 11 24 90 2 19 92 4 18 108 2 54 118 2 52 117 1 64 116 0 52 117 1 54 118 2 53 119 2 62 120 3 53 119 2 54 118 2 53 119 2 62 120 3 48 121 4 49 122 5 48 121 4 62 120 3 63 124 4 54 118 2 60 123 6 54 118 2 63 124 4 62 120 3 49 122 5 62 120 3 63 124 4 40 127 9 67 126 8 41 125 7 67 126 8 40 127 9 58 128 10 42 130 12 67 126 8 55 129 11 67 126 8 42 130 12 41 125 7 43 132 10 55 129 11 56 131 13 55 129 11 43 132 10 42 130 12 44 134 8 56 131 13 65 133 14 56 131 13 44 134 8 43 132 10 45 135 13 65 133 14 64 116 0 65 133 14 45 135 13 44 134 8 46 136 0 64 116 0 52 117 1 64 116 0 46 136 0 45 135 13 52 117 1 47 137 2 46 136 0 47 137 2 52 117 1 53 119 2 63 124 4 50 138 15 49 122 5 50 138 15 63 124 4 60 123 6 59 139 5 50 138 15 60 123 6 50 138 15 59 139 5 51 140 16 61 141 17 51 140 16 59 139 5 51 140 16 61 141 17 39 142 18 57 143 12 39 142 18 61 141 17 39 142 18 57 143 12 38 144 19 38 144 19 58 128 10 40 127 9 58 128 10 38 144 19 57 143 12 54 118 2 67 126 8 58 128 10 54 118 2 55 129 11 67 126 8 54 118 2 65 133 14 56 131 13 54 118 2 64 116 0 65 133 14 59 139 5 54 118 2 61 141 17 61 141 17 54 118 2 57 143 12 60 123 6 54 118 2 59 139 5 54 118 2 58 128 10 57 143 12 54 118 2 56 131 13 55 129 11 53 119 2 48 121 4 47 137 2</p>
                </triangles>
            </mesh>
        </geometry>
    </library_geometries>
    <library_visual_scenes>
        <visual_scene id="ID23">
            <node id="ID24" name="n0b3">
                <translate sid="translate">0 0 -0</translate>
                <rotate sid="rotateY">0 1 0 -0</rotate>
                <rotate sid="rotateX">1 0 0 0</rotate>
                <rotate sid="rotateZ">0 0 1 -0</rotate>
                <scale sid="scale">1 1 1</scale>
                <instance_geometry url="#ID25">
                    <bind_material>
                        <technique_common>
                            <instance_material symbol="Material1" target="#ID18">
                                <bind_vertex_input semantic="UVSET0" input_semantic="TEXCOORD" input_set="0"/>
                            </instance_material>
                        </technique_common>
                    </bind_material>
                </instance_geometry>
            </node>
            <node id="ID33" name="n1b4">
                <translate sid="translate">0 0 -0</translate>
                <rotate sid="rotateY">0 1 0 -0</rotate>
                <rotate sid="rotateX">1 0 0 0</rotate>
                <rotate sid="rotateZ">0 0 1 -0</rotate>
                <scale sid="scale">1 1 1</scale>
                <instance_geometry url="#ID34">
                    <bind_material>
                        <technique_common>
                            <instance_material symbol="Material1" target="#ID13">
                                <bind_vertex_input semantic="UVSET0" input_semantic="TEXCOORD" input_set="0"/>
                            </instance_material>
                        </technique_common>
                    </bind_material>
                </instance_geometry>
            </node>
            <node id="ID42" name="n2b1">
                <translate sid="translate">0 0 -0</translate>
                <rotate sid="rotateY">0 1 0 -0</rotate>
                <rotate sid="rotateX">1 0 0 0</rotate>
                <rotate sid="rotateZ">0 0 1 -0</rotate>
                <scale sid="scale">1 1 1</scale>
                <instance_geometry url="#ID43">
                    <bind_material>
                        <technique_common>
                            <instance_material symbol="Material1" target="#ID8">
                                <bind_vertex_input semantic="UVSET0" input_semantic="TEXCOORD" input_set="0"/>
                            </instance_material>
                        </technique_common>
                    </bind_material>
                </instance_geometry>
            </node>
            <node id="ID51" name="n3b0">
                <translate sid="translate">0 0 -0</translate>
                <rotate sid="rotateY">0 1 0 -0</rotate>
                <rotate sid="rotateX">1 0 0 0</rotate>
                <rotate sid="rotateZ">0 0 1 -0</rotate>
                <scale sid="scale">1 1 1</scale>
                <instance_geometry url="#ID52">
                    <bind_material>
                        <technique_common>
                            <instance_material symbol="Material1" target="#ID3">
                                <bind_vertex_input semantic="UVSET0" input_semantic="TEXCOORD" input_set="0"/>
                            </instance_material>
                        </technique_common>
                    </bind_material>
                </instance_geometry>
            </node>
            <node id="ID60" name="n4b2">
                <translate sid="translate">0 0 -0</translate>
                <rotate sid="rotateY">0 1 0 -0</rotate>
                <rotate sid="rotateX">1 0 0 0</rotate>
                <rotate sid="rotateZ">0 0 1 -0</rotate>
                <scale sid="scale">1 1 1</scale>
                <instance_geometry url="#ID61">
                    <bind_material>
                        <technique_common>
                            <instance_material symbol="Material1" target="#ID13">
                                <bind_vertex_input semantic="UVSET0" input_semantic="TEXCOORD" input_set="0"/>
                            </instance_material>
                        </technique_common>
                    </bind_material>
                </instance_geometry>
            </node>
        </visual_scene>
    </library_visual_scenes>
    <scene>
        <instance_visual_scene url="#ID23"/>
    </scene>
</COLLADA>
