<?xml version="1.0"?>
<COLLADA xmlns="http://www.collada.org/2005/11/COLLADASchema" version="1.4.1">
    <asset>
        <contributor>
            <authoring_tool>CINEMA4D 15.064 COLLADA Exporter</authoring_tool>
        </contributor>
        <created>2018-04-28T03:46:19Z</created>
        <modified>2018-04-28T03:46:19Z</modified>
        <unit meter="0.01" name="centimeter"/>
        <up_axis>Y_UP</up_axis>
    </asset>
    <library_images>
        <image id="ID5">
            <init_from>whitepla.png</init_from>
        </image>
        <image id="ID10">
            <init_from>starpole00.png</init_from>
        </image>
        <image id="ID15">
            <init_from>purplecarpet00.png</init_from>
        </image>
        <image id="ID20">
            <init_from>IP2_glow1_i.png</init_from>
        </image>
        <image id="ID25">
            <init_from>golddoorwakuMM.png</init_from>
        </image>
        <image id="ID30">
            <init_from>BellMetalBase64.png</init_from>
        </image>
        <image id="ID35">
            <init_from>LightTest.png</init_from>
        </image>
        <image id="ID40">
            <init_from>DisappearDoor.png</init_from>
        </image>
    </library_images>
    <library_effects>
        <effect id="ID2">
            <profile_COMMON>
                <technique sid="COMMON">
                    <blinn>
                        <diffuse>
                            <color>0.8 0.8 0.8 1</color>
                        </diffuse>
                        <specular>
                            <color>0.2 0.2 0.2 1</color>
                        </specular>
                        <shininess>
                            <float>0.5</float>
                        </shininess>
                    </blinn>
                </technique>
            </profile_COMMON>
        </effect>
        <effect id="ID4">
            <profile_COMMON>
                <newparam sid="ID6">
                    <surface type="2D">
                        <init_from>ID5</init_from>
                    </surface>
                </newparam>
                <newparam sid="ID7">
                    <sampler2D>
                        <source>ID6</source>
                    </sampler2D>
                </newparam>
                <technique sid="COMMON">
                    <blinn>
                        <diffuse>
                            <texture texture="ID7" texcoord="UVSET0"/>
                        </diffuse>
                    </blinn>
                </technique>
            </profile_COMMON>
        </effect>
        <effect id="ID9">
            <profile_COMMON>
                <newparam sid="ID11">
                    <surface type="2D">
                        <init_from>ID10</init_from>
                    </surface>
                </newparam>
                <newparam sid="ID12">
                    <sampler2D>
                        <source>ID11</source>
                    </sampler2D>
                </newparam>
                <technique sid="COMMON">
                    <blinn>
                        <diffuse>
                            <texture texture="ID12" texcoord="UVSET0"/>
                        </diffuse>
                    </blinn>
                </technique>
            </profile_COMMON>
        </effect>
        <effect id="ID14">
            <profile_COMMON>
                <newparam sid="ID16">
                    <surface type="2D">
                        <init_from>ID15</init_from>
                    </surface>
                </newparam>
                <newparam sid="ID17">
                    <sampler2D>
                        <source>ID16</source>
                    </sampler2D>
                </newparam>
                <technique sid="COMMON">
                    <blinn>
                        <diffuse>
                            <texture texture="ID17" texcoord="UVSET0"/>
                        </diffuse>
                    </blinn>
                </technique>
            </profile_COMMON>
        </effect>
        <effect id="ID19">
            <profile_COMMON>
                <newparam sid="ID21">
                    <surface type="2D">
                        <init_from>ID20</init_from>
                    </surface>
                </newparam>
                <newparam sid="ID22">
                    <sampler2D>
                        <source>ID21</source>
                    </sampler2D>
                </newparam>
                <technique sid="COMMON">
                    <blinn>
                        <diffuse>
                            <texture texture="ID22" texcoord="UVSET0"/>
                        </diffuse>
                    </blinn>
                </technique>
            </profile_COMMON>
        </effect>
        <effect id="ID24">
            <profile_COMMON>
                <newparam sid="ID26">
                    <surface type="2D">
                        <init_from>ID25</init_from>
                    </surface>
                </newparam>
                <newparam sid="ID27">
                    <sampler2D>
                        <source>ID26</source>
                    </sampler2D>
                </newparam>
                <technique sid="COMMON">
                    <blinn>
                        <diffuse>
                            <texture texture="ID27" texcoord="UVSET0"/>
                        </diffuse>
                    </blinn>
                </technique>
            </profile_COMMON>
        </effect>
        <effect id="ID29">
            <profile_COMMON>
                <newparam sid="ID31">
                    <surface type="2D">
                        <init_from>ID30</init_from>
                    </surface>
                </newparam>
                <newparam sid="ID32">
                    <sampler2D>
                        <source>ID31</source>
                    </sampler2D>
                </newparam>
                <technique sid="COMMON">
                    <blinn>
                        <diffuse>
                            <texture texture="ID32" texcoord="UVSET0"/>
                        </diffuse>
                    </blinn>
                </technique>
            </profile_COMMON>
        </effect>
        <effect id="ID34">
            <profile_COMMON>
                <newparam sid="ID36">
                    <surface type="2D">
                        <init_from>ID35</init_from>
                    </surface>
                </newparam>
                <newparam sid="ID37">
                    <sampler2D>
                        <source>ID36</source>
                    </sampler2D>
                </newparam>
                <technique sid="COMMON">
                    <blinn>
                        <diffuse>
                            <texture texture="ID37" texcoord="UVSET0"/>
                        </diffuse>
                    </blinn>
                </technique>
            </profile_COMMON>
        </effect>
        <effect id="ID39">
            <profile_COMMON>
                <newparam sid="ID41">
                    <surface type="2D">
                        <init_from>ID40</init_from>
                    </surface>
                </newparam>
                <newparam sid="ID42">
                    <sampler2D>
                        <source>ID41</source>
                    </sampler2D>
                </newparam>
                <technique sid="COMMON">
                    <blinn>
                        <diffuse>
                            <texture texture="ID42" texcoord="UVSET0"/>
                        </diffuse>
                    </blinn>
                </technique>
            </profile_COMMON>
        </effect>
    </library_effects>
    <library_materials>
        <material id="ID3" name="m8">
            <instance_effect url="#ID4"/>
        </material>
        <material id="ID8" name="m7">
            <instance_effect url="#ID9"/>
        </material>
        <material id="ID13" name="m6">
            <instance_effect url="#ID14"/>
        </material>
        <material id="ID18" name="m4">
            <instance_effect url="#ID19"/>
        </material>
        <material id="ID23" name="m3">
            <instance_effect url="#ID24"/>
        </material>
        <material id="ID28" name="m2">
            <instance_effect url="#ID29"/>
        </material>
        <material id="ID33" name="m1">
            <instance_effect url="#ID34"/>
        </material>
        <material id="ID38" name="m0">
            <instance_effect url="#ID39"/>
        </material>
    </library_materials>
    <library_geometries>
        <geometry id="ID45">
            <mesh>
                <source id="ID46">
                    <float_array id="ID47" count="96">0.53125 254.969 -515.531 -88.7813 254.844 -506.031 -107.094 236.156 -500.531 0.53125 236.25 -515.344 0.53125 290.031 -511.813 -27.625 287.438 -509.563 0.53125 277.281 -514.531 -56.2188 277.125 -507.656 -128.969 204.875 -489.969 0.53125 204.938 -514.844 -144.125 170.719 -480.719 0.53125 170.75 -510.875 -155.156 129.25 -471.406 0.53125 129.219 -503.688 -157.281 74.9375 -459.094 0.5 74.8438 -490.281 -148.406 37.5625 -453.156 0.5 37.4375 -479.563 -129.344 14.5625 -453.031 28.6875 287.438 -509.5 57.2813 277.125 -507.531 89.875 254.844 -505.844 108.156 236.156 -500.313 130 204.875 -489.688 145.125 170.719 -480.406 156.156 129.25 -471.063 158.25 74.9375 -458.75 149.375 37.5625 -452.844 81.9688 14.5625 -465.188 0.46875 14.5625 -471.531 130.313 14.5625 -452.75 -81 14.5625 -465.375</float_array>
                    <technique_common>
                        <accessor count="32" source="#ID47" stride="3">
                            <param name="X" type="float"/>
                            <param name="Y" type="float"/>
                            <param name="Z" type="float"/>
                        </accessor>
                    </technique_common>
                </source>
                <source id="ID48">
                    <float_array id="ID49" count="96">-0.115152 0.092024 -0.989076 -0.115845 -0.0281955 -0.992867 0.0033974 -0.00585311 -0.999977 -0.0480746 -0.0743431 -0.996073 0.142937 -0.102437 -0.984416 0.0282554 -0.0925656 -0.995306 0.193283 -0.160647 -0.967902 0.00106297 -0.15384 -0.988095 0.202931 -0.167556 -0.964751 0.00107032 -0.192456 -0.981305 0.197988 -0.202868 -0.958981 0.00104555 -0.243008 -0.970024 0.184803 -0.224883 -0.9567 0.00103701 -0.140335 -0.990104 -0.108168 0.178575 -0.977963 0.0163925 0.130604 -0.991299 0.112707 -0.0125996 -0.993548 -0.177985 -0.133898 -0.974881 -0.133573 -0.194597 -0.971746 -0.210316 0.0622074 -0.975652 -0.162768 -0.0317162 -0.986155 0.00106374 -0.33127 -0.943535 0.164792 -0.0325812 -0.98579 0.212237 0.0612403 -0.975297 0.174175 -0.171355 -0.969691 0.121778 0.126624 -0.984447 0.110303 0.178556 -0.977728 0.00107505 0.208547 -0.978012 -0.172167 -0.171375 -0.970046 -0.182774 -0.225063 -0.957048 -0.195903 -0.202829 -0.959418 -0.200837 -0.167551 -0.96519</float_array>
                    <technique_common>
                        <accessor count="32" source="#ID49" stride="3">
                            <param name="X" type="float"/>
                            <param name="Y" type="float"/>
                            <param name="Z" type="float"/>
                        </accessor>
                    </technique_common>
                </source>
                <source id="ID50">
                    <float_array id="ID51" count="64">-2.66089 0.223877 -2.57153 0.161865 -2.81665 0.161865 -2.81665 0.109863 -3.11182 0.109863 -2.81665 0.0227051 -3.17188 0.0227051 -2.81665 -0.0722656 -3.21338 -0.0722656 -2.81665 -0.187744 -3.24365 -0.187744 -2.81665 -0.338867 -3.24951 -0.338867 -2.81665 -0.443115 -2.73926 0.252686 -2.81665 0.238281 -3.06177 0.161865 -2.46118 0.0227051 -2.52124 0.109863 -2.46045 -0.50708 -2.59302 -0.50708 -2.81665 -0.50708 -3.04004 -0.50708 -3.17285 -0.50708 -3.2251 -0.443115 -2.97241 0.223877 -2.8938 0.252686 -2.81665 0.259766 -2.40796 -0.443115 -2.38379 -0.338867 -2.3894 -0.187744 -2.41968 -0.0722656</float_array>
                    <technique_common>
                        <accessor count="32" source="#ID51" stride="2">
                            <param name="S" type="float"/>
                            <param name="T" type="float"/>
                        </accessor>
                    </technique_common>
                </source>
                <vertices id="ID52">
                    <input semantic="POSITION" source="#ID46"/>
                </vertices>
                <triangles count="38" material="Material1">
                    <input offset="0" semantic="VERTEX" source="#ID52"/>
                    <input offset="1" semantic="NORMAL" source="#ID48"/>
                    <input offset="2" semantic="TEXCOORD" source="#ID50" set="0"/>
                    <p>0 2 2 1 1 1 7 0 0 1 1 1 0 2 2 3 3 3 22 4 4 3 3 3 0 2 2 3 3 3 22 4 4 9 5 5 23 6 6 9 5 5 22 4 4 9 5 5 23 6 6 11 7 7 24 8 8 11 7 7 23 6 6 11 7 7 24 8 8 13 9 9 25 10 10 13 9 9 24 8 8 13 9 9 25 10 10 15 11 11 26 12 12 15 11 11 25 10 10 15 11 11 26 12 12 17 13 13 6 15 15 7 0 0 5 14 14 7 0 0 6 15 15 0 2 2 21 16 16 0 2 2 6 15 15 0 2 2 21 16 16 22 4 4 8 17 17 9 5 5 11 7 7 9 5 5 8 17 17 3 3 3 2 18 18 3 3 3 8 17 17 3 3 3 2 18 18 1 1 1 17 13 13 31 20 20 18 19 19 31 20 20 17 13 13 29 21 21 28 22 22 29 21 21 17 13 13 17 13 13 30 23 23 28 22 22 30 23 23 17 13 13 27 24 24 26 12 12 27 24 24 17 13 13 6 15 15 19 26 26 20 25 25 19 26 26 6 15 15 4 27 27 5 14 14 4 27 27 6 15 15 16 28 28 17 13 13 18 19 19 17 13 13 16 28 28 14 29 29 14 29 29 15 11 11 17 13 13 15 11 11 14 29 29 12 30 30 12 30 30 13 9 9 15 11 11 13 9 9 12 30 30 10 31 31 10 31 31 11 7 7 13 9 9 11 7 7 10 31 31 8 17 17 21 16 16 6 15 15 20 25 25</p>
                </triangles>
            </mesh>
        </geometry>
        <geometry id="ID54">
            <mesh>
                <source id="ID55">
                    <float_array id="ID56" count="705">359.188 316.688 -538.844 325.719 289.875 -538.844 325.719 353.281 -574.344 325.719 353.281 -574.344 234.219 353.281 -574.344 188.469 353.281 -538.844 234.219 353.281 -503.313 325.719 353.281 -503.313 371.469 353.281 -538.844 319.594 389.875 -569.594 319.594 389.875 -569.594 240.344 389.875 -569.594 200.719 389.875 -538.844 240.344 389.875 -508.063 319.594 389.875 -508.063 359.188 389.875 -538.844 302.844 416.656 -556.594 302.844 416.656 -556.594 257.094 416.656 -556.594 234.219 416.656 -538.844 257.094 416.656 -521.063 302.844 416.656 -521.063 325.719 416.656 -538.844 279.969 280.063 -538.844 279.969 280.063 -538.844 279.969 280.063 -538.844 279.969 280.063 -538.844 279.969 280.063 -538.844 279.969 280.063 -538.844 279.969 426.469 -538.844 279.969 426.469 -538.844 279.969 426.469 -538.844 279.969 426.469 -538.844 279.969 426.469 -538.844 279.969 426.469 -538.844 -240.375 316.688 -569.594 -240.375 316.688 -569.594 -319.625 316.688 -569.594 -302.875 289.875 -556.594 -257.125 289.875 -556.594 -257.125 289.875 -556.594 -359.25 316.688 -538.844 -325.75 289.875 -538.844 -319.625 316.688 -508.063 -302.875 289.875 -521.063 -240.375 316.688 -508.063 -257.125 289.875 -521.063 -200.781 316.688 -538.844 -234.25 289.875 -538.844 -234.25 353.281 -574.344 -234.25 353.281 -574.344 -325.75 353.281 -574.344 -371.5 353.281 -538.844 -325.75 353.281 -503.313 -234.25 353.281 -503.313 -188.5 353.281 -538.844 -240.375 389.875 -569.594 -240.375 389.875 -569.594 -319.625 389.875 -569.594 -359.25 389.875 -538.844 -319.625 389.875 -508.063 -240.375 389.875 -508.063 -200.781 389.875 -538.844 -257.125 416.656 -556.594 -257.125 416.656 -556.594 -302.875 416.656 -556.594 -325.75 416.656 -538.844 -302.875 416.656 -521.063 -257.125 416.656 -521.063 -234.25 416.656 -538.844 -280 280.063 -538.844 -280 280.063 -538.844 -280 280.063 -538.844 -280 280.063 -538.844 -280 280.063 -538.844 -280 280.063 -538.844 -280 426.469 -538.844 -280 426.469 -538.844 -280 426.469 -538.844 -280 426.469 -538.844 -280 426.469 -538.844 -280 426.469 -538.844 47.3438 344.594 -575.344 47.3438 344.594 -575.344 -46.125 344.594 -575.344 -26.375 295.813 -564.125 27.5938 295.813 -564.125 27.5938 295.813 -564.125 -92.9063 344.594 -548.844 -53.375 295.813 -548.844 -46.125 344.594 -522.313 -26.375 295.813 -533.531 47.3438 344.594 -522.313 27.5938 295.813 -533.531 94.125 344.594 -548.844 54.5938 295.813 -548.844 54.5938 411.219 -579.438 54.5938 411.219 -579.438 -53.375 411.219 -579.438 -107.375 411.219 -548.844 -53.375 411.219 -518.219 54.5938 411.219 -518.219 108.594 411.219 -548.844 47.3438 477.844 -575.344 47.3438 477.844 -575.344 -46.125 477.844 -575.344 -92.9063 477.844 -548.844 -46.125 477.844 -522.313 47.3438 477.844 -522.313 94.125 477.844 -548.844 27.5938 526.594 -564.125 27.5938 526.594 -564.125 -26.375 526.594 -564.125 -53.375 526.594 -548.844 -26.375 526.594 -533.531 27.5938 526.594 -533.531 54.5938 526.594 -548.844 0.59375 277.969 -548.844 0.59375 277.969 -548.844 0.59375 277.969 -548.844 0.59375 277.969 -548.844 0.59375 277.969 -548.844 0.59375 277.969 -548.844 0.59375 544.469 -548.844 0.59375 544.469 -548.844 0.59375 544.469 -548.844 0.59375 544.469 -548.844 0.59375 544.469 -548.844 0.59375 544.469 -548.844 137.938 374.625 -570 137.938 374.625 -570 75.0625 374.625 -570 88.375 347.813 -561.031 124.656 347.813 -561.031 124.656 347.813 -561.031 43.6563 374.625 -548.844 70.2188 347.813 -548.844 75.0625 374.625 -527.688 88.375 347.813 -536.625 137.938 374.625 -527.688 124.656 347.813 -536.625 169.375 374.625 -548.844 142.813 347.813 -548.844 142.813 411.219 -573.25 142.813 411.219 -573.25 70.2188 411.219 -573.25 33.9063 411.219 -548.844 70.2188 411.219 -524.406 142.813 411.219 -524.406 179.094 411.219 -548.844 137.938 447.813 -570 137.938 447.813 -570 75.0625 447.813 -570 43.6563 447.813 -548.844 75.0625 447.813 -527.688 137.938 447.813 -527.688 169.375 447.813 -548.844 124.656 474.625 -561.031 124.656 474.625 -561.031 88.375 474.625 -561.031 70.2188 474.625 -548.844 88.375 474.625 -536.625 124.656 474.625 -536.625 142.813 474.625 -548.844 106.5 338.031 -548.844 106.5 338.031 -548.844 106.5 338.031 -548.844 106.5 338.031 -548.844 106.5 338.031 -548.844 106.5 338.031 -548.844 106.5 484.406 -548.844 106.5 484.406 -548.844 106.5 484.406 -548.844 106.5 484.406 -548.844 106.5 484.406 -548.844 106.5 484.406 -548.844 -73.9063 374.625 -570 -73.9063 374.625 -570 -136.781 374.625 -570 -123.469 347.813 -561.031 -87.1875 347.813 -561.031 -87.1875 347.813 -561.031 -168.188 374.625 -548.844 -141.625 347.813 -548.844 -136.781 374.625 -527.688 -123.469 347.813 -536.625 -73.9063 374.625 -527.688 -87.1875 347.813 -536.625 -42.4688 374.625 -548.844 -69.0313 347.813 -548.844 -69.0313 411.219 -573.25 -69.0313 411.219 -573.25 -141.625 411.219 -573.25 -177.938 411.219 -548.844 -141.625 411.219 -524.406 -69.0313 411.219 -524.406 -32.75 411.219 -548.844 -73.9063 447.813 -570 -73.9063 447.813 -570 -136.781 447.813 -570 -168.188 447.813 -548.844 -136.781 447.813 -527.688 -73.9063 447.813 -527.688 -42.4688 447.813 -548.844 -87.1875 474.625 -561.031 -87.1875 474.625 -561.031 -123.469 474.625 -561.031 -141.625 474.625 -548.844 -123.469 474.625 -536.625 -87.1875 474.625 -536.625 -69.0313 474.625 -548.844 -105.344 338.031 -548.844 -105.344 338.031 -548.844 -105.344 338.031 -548.844 -105.344 338.031 -548.844 -105.344 338.031 -548.844 -105.344 338.031 -548.844 -105.344 484.406 -548.844 -105.344 484.406 -548.844 -105.344 484.406 -548.844 -105.344 484.406 -548.844 -105.344 484.406 -548.844 -105.344 484.406 -548.844 319.594 316.688 -569.594 319.594 316.688 -569.594 240.344 316.688 -569.594 257.094 289.875 -556.594 302.844 289.875 -556.594 302.844 289.875 -556.594 200.719 316.688 -538.844 234.219 289.875 -538.844 240.344 316.688 -508.063 257.094 289.875 -521.063 319.594 316.688 -508.063 302.844 289.875 -521.063</float_array>
                    <technique_common>
                        <accessor count="235" source="#ID56" stride="3">
                            <param name="X" type="float"/>
                            <param name="Y" type="float"/>
                            <param name="Z" type="float"/>
                        </accessor>
                    </technique_common>
                </source>
                <source id="ID57">
                    <float_array id="ID58" count="489">0.202448 0.943899 -0.260902 0.407013 0.747935 -0.52434 0.44392 0.883626 0.148796 0.801569 0.596826 0.0358566 0.282713 0.379131 0.881098 0.322254 0.0130357 0.946563 -0.3222 -0.0129438 0.946583 -0.282656 -0.378894 0.881218 -0.801753 -0.596581 0.0358237 -0.444014 -0.883552 0.148952 -0.251616 -0.742879 -0.620338 -0.202448 -0.943899 -0.260902 0.202472 0.944012 0.260474 0.148962 0.713359 0.684784 -0.300609 0.358346 0.883868 -0.611979 0.0682458 0.787924 -0.611626 -0.068232 -0.788199 -0.300441 -0.358048 -0.884045 0 -0.607792 -0.794096 0 -0.875173 -0.48381 0 0.875533 0.483159 -0.251664 0.743357 0.619746 -0.801505 0.596877 -0.0364286 -0.321991 0.0129233 -0.946654 0 -0.233934 -0.972252 -0.202472 -0.944012 0.260474 -0.149021 -0.713149 0.68499 0.300721 -0.358226 0.883878 0.612078 -0.0682831 0.787844 0.611725 0.0682693 -0.788119 0.575644 0.344838 -0.741431 -0.202472 0.944012 0.260474 -0.443659 0.883653 -0.149413 -0.282374 0.379045 -0.881244 0 0.0432274 -0.999065 0 -0.875533 0.483159 0.251866 -0.743096 0.619978 0.801751 -0.596553 -0.036334 0.611719 -0.0684226 -0.788111 -0.202448 0.943899 -0.260902 -0.148831 0.713149 -0.685031 0 0.337933 -0.94117 0.202472 -0.944012 0.260474 0.444048 -0.883452 -0.149447 0.536925 -0.483212 -0.691533 0 0.875173 -0.48381 0 0.688089 -0.725626 0.202448 -0.943899 -0.260902 0.359601 -0.809889 -0.46343 0.27474 0.829985 -0.485431 0.412889 0.545599 -0.729277 0.38314 0.628435 -0.676959 0.4723 0.285258 -0.834003 0.413304 0.545973 0.728762 0.483706 0.196453 0.852898 0.244402 0.207862 0.947133 0.254604 0.00781942 0.967014 -0.254604 -0.00781942 0.967014 -0.244413 -0.207764 0.947152 -0.483713 -0.196381 0.85291 -0.413298 -0.545992 0.728751 -0.472321 -0.285116 -0.83404 -0.38309 -0.62856 -0.676871 -0.252995 -0.520321 -0.815635 -0.274519 -0.830287 -0.485039 0.274872 0.830384 0.484673 0.156835 0.492375 0.856137 -0.249192 0.189497 0.949734 -0.493004 0.0356873 0.869295 -0.492604 -0.0356735 -0.869522 -0.248974 -0.189363 -0.949818 0 -0.375887 -0.926666 0 -0.650463 -0.759538 0 0.650573 0.759444 -0.253293 0.520583 0.815375 -0.472788 0.285492 0.833646 -0.483308 0.196316 -0.853155 -0.254382 0.00780411 -0.967072 0 -0.115945 -0.993256 -0.274651 -0.830685 0.484282 -0.156812 -0.492529 0.856052 0.249197 -0.189413 0.949749 0.493004 -0.0356873 0.869295 0.492604 0.0356735 -0.869522 0.483302 0.19638 -0.853144 -0.274982 0.830235 0.484866 -0.383581 0.628816 0.676355 -0.412898 0.545571 -0.729293 -0.244125 0.207758 -0.947227 0 0.0204773 -0.99979 0 -0.651229 0.758881 0.253252 -0.520809 0.815243 0.472809 -0.28535 0.833683 0.483315 -0.196244 -0.853167 0.492604 -0.0356592 -0.869523 -0.27485 0.829835 -0.485624 -0.156654 0.491959 -0.856409 0 0.170468 -0.985363 0.274541 -0.830835 0.484088 0.383448 -0.629149 0.67612 0.412846 -0.545733 -0.729201 0.472311 -0.285183 -0.834022 0 0.649806 -0.7601 0 0.449995 -0.893031 0.274409 -0.830436 -0.484846 0.382994 -0.628802 -0.6767 0.242524 0.900359 -0.361298 0.423911 0.649841 -0.630878 0.383256 0.726035 -0.570953 0.516847 0.376908 -0.768641 0.42428 0.650008 0.630457 0.538765 0.263032 0.800342 0.269896 0.284126 0.920016 0.290968 0.0100822 0.95668 -0.290918 -0.0101568 0.956694 -0.270012 -0.284195 0.91996 -0.538884 -0.263105 0.800238 -0.424337 -0.650131 0.630292 -0.517008 -0.377259 -0.76836 -0.383324 -0.725919 -0.571055 -0.261348 -0.63579 -0.72627 -0.242693 -0.900212 -0.36155 0.242604 0.900659 0.360494 0.15811 0.604999 0.78037 -0.279727 0.263327 0.923262 -0.557762 0.0494053 0.828529 -0.55744 -0.0492039 -0.828758 -0.279633 -0.26353 -0.923232 0 -0.489044 -0.872259 0 -0.779892 -0.625914 0 0.780674 0.624939 -0.261616 0.63597 0.726016 -0.517299 0.377261 0.768164 -0.53876 0.262839 -0.800408 -0.29073 0.0102873 -0.95675 0 -0.165726 -0.986172 -0.242774 -0.900513 0.360746 -0.15811 -0.605033 0.780344 0.279676 -0.263213 0.92331 0.557852 -0.0495053 0.828462 0.557531 0.0493037 -0.828691 0.538604 0.263008 -0.800458 -0.242774 0.900513 0.360746 -0.38371 0.726414 0.570167 -0.423903 0.650102 -0.630614 -0.269858 0.284047 -0.920051 0 0.0295914 -0.999562 0 -0.780674 0.624939 0.26155 -0.635916 0.726087 0.517138 -0.37691 0.768445 0.538641 -0.262766 -0.800512 0.557529 -0.0493554 -0.828689 -0.242693 0.900212 -0.36155 -0.157813 0.605093 -0.780357 0 0.242445 -0.970165 0.242604 -0.900659 0.360494 0.383641 -0.726529 0.570065 0.423845 -0.64998 -0.630779 0.516824 -0.37701 -0.768607 0 0.779892 -0.625914 0 0.571757 -0.820423 0.242524 -0.900359 -0.361298 0.382999 -0.726472 -0.57057</float_array>
                    <technique_common>
                        <accessor count="163" source="#ID58" stride="3">
                            <param name="X" type="float"/>
                            <param name="Y" type="float"/>
                            <param name="Z" type="float"/>
                        </accessor>
                    </technique_common>
                </source>
                <source id="ID59">
                    <float_array id="ID60" count="94">0.916504 1 1 0.833496 0.833252 0.833496 0.833252 0.666748 0.666504 0.666748 0.666504 0.5 0.5 0.5 0.5 0.333496 0.333252 0.333496 0.333252 0.166748 0.166504 0.166748 0.25 0 0.75 1 0.666504 0.833496 0.5 0.666748 0.333252 0.5 0.166504 0.333496 0 0.166748 0.083252 0 0.583252 1 0.5 0.833496 0.333252 0.666748 0.166504 0.5 0 0.333496 0.416504 0 0.5 0.166748 0.666504 0.333496 0.833252 0.5 1 0.666748 0.416504 1 0.333252 0.833496 0.166504 0.666748 0 0.5 0.583252 0 0.666504 0.166748 0.833252 0.333496 1 0.5 0.25 1 0.166504 0.833496 0 0.666748 0.75 0 0.833252 0.166748 1 0.333496 0.083252 1 0 0.833496 0.916504 0 1 0.166748</float_array>
                    <technique_common>
                        <accessor count="47" source="#ID60" stride="2">
                            <param name="S" type="float"/>
                            <param name="T" type="float"/>
                        </accessor>
                    </technique_common>
                </source>
                <vertices id="ID61">
                    <input semantic="POSITION" source="#ID55"/>
                </vertices>
                <triangles count="300" material="Material1">
                    <input offset="0" semantic="VERTEX" source="#ID61"/>
                    <input offset="1" semantic="NORMAL" source="#ID57"/>
                    <input offset="2" semantic="TEXCOORD" source="#ID59" set="0"/>
                    <p>22 2 2 17 1 1 34 0 0 17 1 1 22 2 2 15 3 3 14 4 4 15 3 3 22 2 2 15 3 3 14 4 4 7 5 5 6 6 6 7 5 5 14 4 4 7 5 5 6 6 6 231 7 7 229 8 8 231 7 7 6 6 6 231 7 7 229 8 8 230 9 9 226 10 10 230 9 9 229 8 8 230 9 9 226 10 10 24 11 11 21 13 13 22 2 2 33 12 12 22 2 2 21 13 13 14 4 4 13 14 14 14 4 4 21 13 13 14 4 4 13 14 14 6 6 6 5 15 15 6 6 6 13 14 14 6 6 6 5 15 15 229 8 8 225 17 16 229 8 8 5 16 15 229 8 8 225 17 16 226 10 10 227 18 17 226 10 10 225 17 16 226 10 10 227 18 17 23 19 18 20 21 20 21 13 13 32 20 19 21 13 13 20 21 20 13 14 14 12 22 21 13 14 14 20 21 20 13 14 14 12 22 21 5 15 15 4 23 22 5 16 15 12 22 21 5 16 15 4 23 22 225 17 16 223 24 23 225 17 16 4 23 22 225 17 16 223 24 23 227 18 17 232 26 25 230 9 9 25 25 24 230 9 9 232 26 25 231 7 7 233 27 26 231 7 7 232 26 25 231 7 7 233 27 26 7 5 5 8 28 27 7 5 5 233 27 26 7 5 5 8 28 27 15 3 3 10 30 28 15 3 3 8 29 27 15 3 3 10 30 28 17 1 1 19 32 30 20 21 20 31 31 29 20 21 20 19 32 30 12 22 21 11 33 31 12 22 21 19 32 30 12 22 21 11 33 31 4 23 22 2 34 32 4 23 22 11 33 31 4 23 22 2 34 32 223 24 23 234 36 34 232 26 25 26 35 33 232 26 25 234 36 34 233 27 26 0 37 35 233 27 26 234 36 34 233 27 26 0 37 35 8 28 27 3 38 36 8 29 27 0 37 35 8 29 27 3 38 36 10 30 28 18 40 38 19 32 30 30 39 37 19 32 30 18 40 38 11 33 31 9 41 39 11 33 31 18 40 38 11 33 31 9 41 39 2 34 32 1 43 41 234 36 34 27 42 40 234 36 34 1 43 41 0 37 35 224 44 42 0 37 35 1 43 41 0 37 35 224 44 42 3 38 36 16 46 44 18 40 38 29 45 43 18 40 38 16 46 44 9 41 39 228 48 46 1 43 41 28 47 45 1 43 41 228 48 46 224 44 42 69 2 2 64 1 1 81 0 0 64 1 1 69 2 2 62 3 3 61 4 4 62 3 3 69 2 2 62 3 3 61 4 4 54 5 5 53 6 6 54 5 5 61 4 4 54 5 5 53 6 6 43 7 7 41 8 8 43 7 7 53 6 6 43 7 7 41 8 8 42 9 9 38 10 10 42 9 9 41 8 8 42 9 9 38 10 10 71 11 11 68 13 13 69 2 2 80 12 12 69 2 2 68 13 13 61 4 4 60 14 14 61 4 4 68 13 13 61 4 4 60 14 14 53 6 6 52 15 15 53 6 6 60 14 14 53 6 6 52 15 15 41 8 8 37 17 16 41 8 8 52 16 15 41 8 8 37 17 16 38 10 10 39 18 17 38 10 10 37 17 16 38 10 10 39 18 17 70 19 18 67 21 20 68 13 13 79 20 19 68 13 13 67 21 20 60 14 14 59 22 21 60 14 14 67 21 20 60 14 14 59 22 21 52 15 15 51 23 22 52 16 15 59 22 21 52 16 15 51 23 22 37 17 16 35 24 23 37 17 16 51 23 22 37 17 16 35 24 23 39 18 17 44 26 25 42 9 9 72 25 24 42 9 9 44 26 25 43 7 7 45 27 26 43 7 7 44 26 25 43 7 7 45 27 26 54 5 5 55 28 27 54 5 5 45 27 26 54 5 5 55 28 27 62 3 3 57 30 28 62 3 3 55 29 27 62 3 3 57 30 28 64 1 1 66 32 30 67 21 20 78 31 29 67 21 20 66 32 30 59 22 21 58 33 31 59 22 21 66 32 30 59 22 21 58 33 31 51 23 22 49 34 32 51 23 22 58 33 31 51 23 22 49 34 32 35 24 23 46 36 34 44 26 25 73 35 33 44 26 25 46 36 34 45 27 26 47 37 35 45 27 26 46 36 34 45 27 26 47 37 35 55 28 27 50 38 36 55 29 27 47 37 35 55 29 27 50 38 36 57 30 28 65 40 38 66 32 30 77 39 37 66 32 30 65 40 38 58 33 31 56 41 39 58 33 31 65 40 38 58 33 31 56 41 39 49 34 32 48 43 41 46 36 34 74 42 40 46 36 34 48 43 41 47 37 35 36 44 42 47 37 35 48 43 41 47 37 35 36 44 42 50 38 36 63 46 44 65 40 38 76 45 43 65 40 38 63 46 44 56 41 39 40 48 46 48 43 41 75 47 45 48 43 41 40 48 46 36 44 42 116 51 2 111 50 1 128 49 0 111 50 1 116 51 2 109 52 3 108 55 4 109 54 3 116 53 2 109 54 3 108 55 4 101 56 5 100 57 6 101 56 5 108 55 4 101 56 5 100 57 6 90 58 7 88 59 8 90 58 7 100 57 6 90 58 7 88 59 8 89 60 9 85 63 10 89 62 9 88 61 8 89 62 9 85 63 10 118 64 11 115 66 13 116 53 2 127 65 12 116 53 2 115 66 13 108 55 4 107 67 14 108 55 4 115 66 13 108 55 4 107 67 14 100 57 6 99 68 15 100 57 6 107 67 14 100 57 6 99 68 15 88 59 8 84 70 16 88 61 8 99 69 15 88 61 8 84 70 16 85 63 10 86 71 17 85 63 10 84 70 16 85 63 10 86 71 17 117 72 18 114 74 20 115 66 13 126 73 19 115 66 13 114 74 20 107 67 14 106 75 21 107 67 14 114 74 20 107 67 14 106 75 21 99 68 15 98 77 22 99 69 15 106 76 21 99 69 15 98 77 22 84 70 16 82 78 23 84 70 16 98 77 22 84 70 16 82 78 23 86 71 17 91 80 25 89 60 9 119 79 24 89 60 9 91 80 25 90 58 7 92 81 26 90 58 7 91 80 25 90 58 7 92 81 26 101 56 5 102 82 27 101 56 5 92 81 26 101 56 5 102 82 27 109 54 3 104 84 28 109 52 3 102 83 27 109 52 3 104 84 28 111 50 1 113 86 30 114 74 20 125 85 29 114 74 20 113 86 30 106 75 21 105 88 31 106 76 21 113 87 30 106 76 21 105 88 31 98 77 22 96 89 32 98 77 22 105 88 31 98 77 22 96 89 32 82 78 23 93 91 34 91 80 25 120 90 33 91 80 25 93 91 34 92 81 26 94 92 35 92 81 26 93 91 34 92 81 26 94 92 35 102 82 27 97 94 36 102 83 27 94 93 35 102 83 27 97 94 36 104 84 28 112 96 38 113 87 30 124 95 37 113 87 30 112 96 38 105 88 31 103 97 39 105 88 31 112 96 38 105 88 31 103 97 39 96 89 32 95 99 41 93 91 34 121 98 40 93 91 34 95 99 41 94 92 35 83 101 42 94 93 35 95 100 41 94 93 35 83 101 42 97 94 36 110 103 44 112 96 38 123 102 43 112 96 38 110 103 44 103 97 39 87 105 46 95 100 41 122 104 45 95 100 41 87 105 46 83 101 42 163 108 2 158 107 1 175 106 0 158 107 1 163 108 2 156 109 3 155 112 4 156 111 3 163 110 2 156 111 3 155 112 4 148 113 5 147 114 6 148 113 5 155 112 4 148 113 5 147 114 6 137 115 7 135 116 8 137 115 7 147 114 6 137 115 7 135 116 8 136 117 9 132 120 10 136 119 9 135 118 8 136 119 9 132 120 10 165 121 11 162 123 13 163 110 2 174 122 12 163 110 2 162 123 13 155 112 4 154 124 14 155 112 4 162 123 13 155 112 4 154 124 14 147 114 6 146 125 15 147 114 6 154 124 14 147 114 6 146 125 15 135 116 8 131 127 16 135 118 8 146 126 15 135 118 8 131 127 16 132 120 10 133 128 17 132 120 10 131 127 16 132 120 10 133 128 17 164 129 18 161 131 20 162 123 13 173 130 19 162 123 13 161 131 20 154 124 14 153 132 21 154 124 14 161 131 20 154 124 14 153 132 21 146 125 15 145 134 22 146 126 15 153 133 21 146 126 15 145 134 22 131 127 16 129 135 23 131 127 16 145 134 22 131 127 16 129 135 23 133 128 17 138 137 25 136 117 9 166 136 24 136 117 9 138 137 25 137 115 7 139 138 26 137 115 7 138 137 25 137 115 7 139 138 26 148 113 5 149 139 27 148 113 5 139 138 26 148 113 5 149 139 27 156 111 3 151 141 28 156 109 3 149 140 27 156 109 3 151 141 28 158 107 1 160 143 30 161 131 20 172 142 29 161 131 20 160 143 30 153 132 21 152 145 31 153 133 21 160 144 30 153 133 21 152 145 31 145 134 22 143 146 32 145 134 22 152 145 31 145 134 22 143 146 32 129 135 23 140 148 34 138 137 25 167 147 33 138 137 25 140 148 34 139 138 26 141 149 35 139 138 26 140 148 34 139 138 26 141 149 35 149 139 27 144 151 36 149 140 27 141 150 35 149 140 27 144 151 36 151 141 28 159 153 38 160 144 30 171 152 37 160 144 30 159 153 38 152 145 31 150 154 39 152 145 31 159 153 38 152 145 31 150 154 39 143 146 32 142 156 41 140 148 34 168 155 40 140 148 34 142 156 41 141 149 35 130 158 42 141 150 35 142 157 41 141 150 35 130 158 42 144 151 36 157 160 44 159 153 38 170 159 43 159 153 38 157 160 44 150 154 39 134 162 46 142 157 41 169 161 45 142 157 41 134 162 46 130 158 42 210 108 2 205 107 1 222 106 0 205 107 1 210 108 2 203 109 3 202 112 4 203 111 3 210 110 2 203 111 3 202 112 4 195 113 5 194 114 6 195 113 5 202 112 4 195 113 5 194 114 6 184 115 7 182 116 8 184 115 7 194 114 6 184 115 7 182 116 8 183 117 9 179 120 10 183 119 9 182 118 8 183 119 9 179 120 10 212 121 11 209 123 13 210 110 2 221 122 12 210 110 2 209 123 13 202 112 4 201 124 14 202 112 4 209 123 13 202 112 4 201 124 14 194 114 6 193 125 15 194 114 6 201 124 14 194 114 6 193 125 15 182 116 8 178 127 16 182 118 8 193 126 15 182 118 8 178 127 16 179 120 10 180 128 17 179 120 10 178 127 16 179 120 10 180 128 17 211 129 18 208 131 20 209 123 13 220 130 19 209 123 13 208 131 20 201 124 14 200 132 21 201 124 14 208 131 20 201 124 14 200 132 21 193 125 15 192 134 22 193 126 15 200 133 21 193 126 15 192 134 22 178 127 16 176 135 23 178 127 16 192 134 22 178 127 16 176 135 23 180 128 17 185 137 25 183 117 9 213 136 24 183 117 9 185 137 25 184 115 7 186 138 26 184 115 7 185 137 25 184 115 7 186 138 26 195 113 5 196 139 27 195 113 5 186 138 26 195 113 5 196 139 27 203 111 3 198 141 28 203 109 3 196 140 27 203 109 3 198 141 28 205 107 1 207 143 30 208 131 20 219 142 29 208 131 20 207 143 30 200 132 21 199 145 31 200 133 21 207 144 30 200 133 21 199 145 31 192 134 22 190 146 32 192 134 22 199 145 31 192 134 22 190 146 32 176 135 23 187 148 34 185 137 25 214 147 33 185 137 25 187 148 34 186 138 26 188 149 35 186 138 26 187 148 34 186 138 26 188 149 35 196 139 27 191 151 36 196 140 27 188 150 35 196 140 27 191 151 36 198 141 28 206 153 38 207 144 30 218 152 37 207 144 30 206 153 38 199 145 31 197 154 39 199 145 31 206 153 38 199 145 31 197 154 39 190 146 32 189 156 41 187 148 34 215 155 40 187 148 34 189 156 41 188 149 35 177 158 42 188 150 35 189 157 41 188 150 35 177 158 42 191 151 36 204 160 44 206 153 38 217 159 43 206 153 38 204 160 44 197 154 39 181 162 46 189 157 41 216 161 45 189 157 41 181 162 46 177 158 42</p>
                </triangles>
            </mesh>
        </geometry>
        <geometry id="ID63">
            <mesh>
                <source id="ID64">
                    <float_array id="ID65" count="1275">98.5938 401.063 -546.969 -186.094 12 453.344 106.5 364.656 -546.969 -273 12.0625 412.063 106.5 364.656 -556 -94.9688 58.4063 486.875 98.5938 401.063 -556 -189.375 58.4688 462.25 106.5 411.219 -570 -91.75 33.3125 466.656 106.5 457.781 -546.969 -0.5 33.3125 473.719 98.5938 421.375 -546.969 -0.5 11.9375 484.563 98.5938 421.375 -556 -93.6875 11.9688 477.281 106.5 457.781 -556 90.7813 33.3125 466.844 70.25 411.219 -547.031 92.6875 11.9688 477.469 70.2813 411.219 -556.063 188.406 58.4688 462.656 114.375 401.063 -546.938 93.9375 58.4063 487.063 114.406 401.063 -555.969 185.156 12 453.719 114.406 421.375 -555.969 181.438 33.3125 443.5 271.094 353.281 -566.875 114.375 421.375 -546.938 266.469 33.3125 403.219 299.938 321 -547.813 142.719 411.219 -555.906 272.125 12.0625 412.656 293.344 339.75 -547.625 142.719 411.219 -546.906 357.156 58.5625 357.594 310.438 348.094 -548.063 0.5625 326.313 -556.063 277.219 58.5313 420.344 310.438 358.469 -548.063 0.5625 326.313 -546.781 350.656 12.0938 351.094 285.438 365.281 -547.438 19.0625 392.719 -546.75 342.906 33.3125 343.313 276.938 387.594 -547.25 19.0625 392.719 -556.031 402.969 33.3125 267.031 313.156 353.281 -548.125 0.59375 411.219 -575.813 412.375 12.0625 272.688 296.25 316.375 -547.719 19.0625 429.719 -556.031 462.563 58.4688 189.063 271.594 326.406 -547.094 19.0625 429.719 -546.75 420.063 58.5313 277.781 289.781 315.469 -547.563 0.5625 496.125 -546.781 453.656 12 185.781 271.594 389.406 -547.094 0.5625 496.125 -556.063 443.438 33.3125 182.063 243.25 321 -546.406 65.3125 411.219 -555.969 466.969 33.3125 91.4375 249.844 339.75 -546.563 65.3125 411.219 -546.688 477.594 11.9688 93.375 232.75 348.094 -546.156 -105.344 364.656 -556.313 494.5 58.4063 0.1875 257.75 365.281 -546.75 -105.344 364.656 -547.281 487.188 58.4063 94.6563 232.75 358.469 -546.156 -97.4688 401.063 -547.281 487.375 58.4063 -94.25 266.219 387.594 -546.969 -97.4375 401.063 -556.281 467.156 33.3125 -91.0938 230 353.281 -546.094 -105.344 411.219 -570.344 443.813 33.3125 -181.75 246.906 316.375 -546.5 -97.4375 421.375 -556.281 454.031 12 -185.469 253.406 315.469 -546.656 -97.4688 421.375 -547.281 477.781 11.9688 -93 -105.344 457.781 -547.281 420.656 58.5313 -277.531 -105.344 457.781 -556.313 462.969 58.4688 -188.719 -69.0938 411.219 -556.25 403.531 33.3125 -266.781 -69.125 411.219 -547.219 343.625 33.3125 -343.219 -280.375 353.281 -566.875 -113.25 401.063 -547.313 351.594 12.0625 -350.781 -251.531 321 -547.813 -113.25 401.063 -556.313 412.969 12.0625 -272.438 -258.125 339.75 -547.625 -113.25 421.375 -547.313 484.875 11.9375 0.1875 -241.031 348.094 -548.063 -113.25 421.375 -556.313 474.031 33.3125 0.1875 -241.031 358.469 -548.063 -141.594 411.219 -547.344 -0.5 58.4063 494.188 -266.031 365.281 -547.438 -141.563 411.219 -556.375 -484.875 11.9375 -0.8125 -274.5 387.594 -547.25 -17.9063 392.719 -546.781 -474.031 33.3125 -0.78125 -238.313 353.281 -548.125 -17.9063 392.719 -556.063 -337.75 -3.3125 -338.781 -255.219 316.375 -547.719 -17.9063 429.719 -546.781 -396.938 -3.3125 -263.594 -279.875 326.406 -547.094 -17.9063 429.719 -556.063 -436.375 -3.3125 -180.125 -261.688 315.469 -547.563 -64.1563 411.219 -546.875 -459.375 -3.3125 -91.125 -279.875 389.406 -547.094 -64.1563 411.219 -556.156 -466.438 -3.3125 -0.78125 -308.219 321 -546.406 -459.563 -3.3125 89.5313 -301.625 339.75 -546.563 -436.75 -3.3125 178.594 -318.719 348.094 -546.156 -397.469 -3.3125 262.125 -293.719 365.281 -546.75 -338.469 -3.3125 337.438 -318.719 358.469 -546.156 -263.281 -3.3125 396.625 0 7.375 -506.875 -285.25 387.594 -546.969 -179.813 -3.3125 436.063 86.9063 7.375 -500.156 -321.438 353.281 -546.094 -90.8125 -3.3125 459.063 80.9375 16.3125 -468.531 -304.531 316.375 -546.5 -0.46875 -3.3125 466.125 0 16.3125 -474.781 -298.063 315.469 -546.656 89.8438 -3.3125 459.25 115.906 250.906 -546.375 178.906 -3.3125 436.438 94.8125 274.031 -552.156 262.438 -3.3125 397.156 88.7188 253.531 -508.656 337.75 -3.3125 338.156 106.781 235.094 -503.188 396.938 -3.3125 262.969 61.4063 297.438 -558.156 436.375 -3.3125 179.5 56.5625 275.563 -510.344 459.375 -3.3125 90.5 31.6875 307.75 -561.188 466.438 -3.3125 0.15625 28.3438 285.719 -512.281 459.563 -3.3125 -90.1563 0 311.281 -562.031 436.75 -3.3125 -179.219 0 288.281 -514.563 397.469 -3.3125 -262.75 153.844 178.531 -528.281 338.469 -3.3125 -338.063 143.281 170.5 -483.563 154.156 129.531 -474.344 165.531 128.688 -516.063 137.813 216 -537.313 128.375 204.219 -492.719 138.125 7.375 -486.969 128.656 16.3125 -456.25 158.344 31.3438 -492.688 147.5 39.0313 -456.344 167.75 70.75 -501.938 156.25 75.9063 -462.156 169.469 31.3438 -485.594 177.563 70.75 -494.844 175 128.688 -509 162.781 178.531 -521.219 146.688 216 -530.25 121.906 254.125 -539.313 100.281 277.5 -545.094 63.4688 303.094 -551.094 32.2188 314.938 -554.125 0 318.063 -554.969 156.969 7.375 -479.281 176.219 31.5 -447.75 184.625 70.75 -454.156 181.969 128.938 -468.25 169.25 178.313 -480.063 152.531 215.969 -491.156 126.75 253.969 -503.125 104.281 277.594 -509.375 65.9688 303.125 -512.5 33.4375 314.938 -514.469 0 318.031 -517.063 163.219 7.375 -448.563 0 -3.3125 -504.031 86.5313 -3.3125 -497.313 171.313 -3.3125 -475.406 226.375 251.844 -497 246.563 205.25 -485.781 254 205.344 -430.031 233.188 251.75 -447.938 259.938 155.688 -473.656 267.781 155.625 -414.969 264.406 126.469 -466.563 272.375 126.656 -407.844 0 417.656 -537.188 48.7813 412.531 -536 50.1875 415.125 -483.688 0 420.188 -487.313 92.3125 395.813 -532.063 95.0625 398.375 -482.438 149.531 359.813 -523.25 151.563 363.563 -472.375 187.531 315.813 -512.563 193.156 315.844 -463.906 269.281 63.5313 -451.344 277.406 63.5938 -388.031 265.75 24.75 -441.938 273.781 24.875 -380.813 256 6.8125 -436.594 251.781 -3.3125 -433.656 259.375 -5.09375 -382.375 264.281 5.125 -381.844 244.375 7 -443.656 259.563 63.5313 -457.063 254.938 24.75 -447.656 255 126.469 -472.281 251.188 155.688 -479.375 217.656 251.844 -502.719 237.719 205.25 -491.5 180.375 313.375 -518.313 144.5 354.875 -529 89.5313 388.156 -537.781 48 404.125 -541.75 0 409.344 -542.906 247.813 24.875 -416.938 348.781 70 -348.375 237.563 7.03125 -412.938 409.594 70 -270.844 252.344 63.6563 -426.406 247.906 126.375 -441.719 244.156 155.531 -448.438 211.563 251.75 -471.938 450.875 70 -184.313 231.094 205.219 -460.656 175.344 313.375 -486.719 474.75 70 -92 140.438 353.156 -496.813 481.625 70 0.1875 87.0313 385.063 -505.281 45.6875 401.063 -509.531 0 406.063 -510.938 348.063 70 348.469 -79.875 16.3125 -468.531 -85.8438 7.375 -500.156 -87.6563 253.531 -508.656 409.031 70 271.063 -93.75 274.031 -552.156 -114.844 250.906 -546.375 -105.719 235.094 -503.188 -0.5 70 481.313 -55.5 275.563 -510.344 -60.3438 297.438 -558.156 -27.2813 285.719 -512.281 91.6875 70 474.438 -30.625 307.75 -561.188 270.531 70 409.281 -153.094 129.531 -474.344 184 70 450.563 -142.219 170.5 -483.563 450.5 70 184.656 -152.781 178.531 -528.281 474.563 70 92.375 -164.469 128.688 -516.063 -127.313 204.219 -492.719 -136.75 216 -537.313 275.063 64.7813 -390.656 -127.594 16.3125 -456.25 300.313 70 -391.688 -137.063 7.375 -486.969 -146.438 39.0313 -456.344 -157.281 31.3438 -492.688 -155.188 75.9063 -462.156 -348.063 70 -349.094 -166.688 70.75 -501.938 -176.5 70.75 -494.844 -168.406 31.3438 -485.594 -409.031 70 -271.688 -173.938 128.688 -509 -161.719 178.531 -521.219 -145.625 216 -530.25 -120.844 254.125 -539.313 -450.5 70 -185.25 -99.2188 277.5 -545.094 -62.4063 303.094 -551.094 -481.625 70 -0.8125 -31.1563 314.938 -554.125 -474.563 70 -93 -155.906 7.375 -479.281 -183.563 70.75 -454.156 -175.156 31.5 -447.75 -180.906 128.938 -468.25 -151.469 215.969 -491.156 -348.781 70 347.75 -168.188 178.313 -480.063 -409.594 70 270.219 -125.688 253.969 -503.125 -103.219 277.594 -509.375 -64.9063 303.125 -512.5 -32.375 314.938 -514.469 -92.6875 70 474.25 -162.156 7.375 -448.563 -271.375 70 408.719 -85.4688 -3.3125 -497.313 -184.938 70 450.188 -170.25 -3.3125 -475.406 -450.875 70 183.688 -252.938 205.344 -430.031 -474.75 70 91.375 -245.5 205.25 -485.781 -225.313 251.844 -497 -274.25 64.7813 -391.25 -232.125 251.75 -447.938 -266.719 155.625 -414.969 -299.469 70 -392.313 -258.875 155.688 -473.656 -271.313 126.656 -407.844 -263.344 126.469 -466.563 -49.125 415.125 -483.688 -47.7188 412.531 -536 -94 398.375 -482.438 -91.25 395.813 -532.063 -150.5 363.563 -472.375 -148.469 359.813 -523.25 -192.094 315.844 -463.906 309.688 59.7813 -400.469 -186.469 315.813 -512.563 358.375 58.4063 -357.156 -276.344 63.5938 -388.031 271.469 26.4063 -383.5 -268.219 63.5313 -451.344 298.781 13.5625 -396.313 -272.719 24.875 -380.813 296.594 36.4375 -384.344 -264.688 24.75 -441.938 257.188 -3.3125 -385.063 -258.313 -5.09375 -382.375 281.906 -3.3125 -385.938 -250.719 -3.3125 -433.656 -357.625 58.4063 -357.906 -254.938 6.8125 -436.594 -308.844 59.7813 -401.125 -263.219 5.125 -381.844 -297.938 13.5625 -396.969 -243.313 7 -443.656 -281.094 -3.3125 -386.531 -258.5 63.5313 -457.063 -256.375 -3.3125 -385.594 -253.875 24.75 -447.656 -270.656 26.4063 -384.063 -253.938 126.469 -472.281 -295.781 36.4375 -384.969 -250.125 155.688 -479.375 -350.875 12.0625 -351.531 -216.594 251.844 -502.719 -342.906 33.3125 -343.938 -236.656 205.25 -491.5 -402.969 33.3125 -267.625 -179.313 313.375 -518.313 -412.375 12.0625 -273.313 -143.438 354.875 -529 -462.563 58.4688 -189.688 -88.4688 388.156 -537.781 -420.063 58.5313 -278.406 -46.9375 404.125 -541.75 -453.656 12 -186.406 -236.5 7.03125 -412.938 -443.438 33.3125 -182.688 -246.75 24.875 -416.938 -466.969 33.3125 -92.0625 -251.281 63.6563 -426.406 -477.594 11.9688 -94 -246.844 126.375 -441.719 -494.5 58.4063 -0.8125 -243.094 155.531 -448.438 -487.188 58.4063 -95.2813 -230.031 205.219 -460.656 -487.375 58.4063 93.625 -210.5 251.75 -471.938 -467.156 33.3125 90.4688 -174.281 313.375 -486.719 -443.813 33.3125 181.125 -139.375 353.156 -496.813 -454.031 12 184.844 -85.9688 385.063 -505.281 -477.781 11.9688 92.375 -44.625 401.063 -509.531 -420.656 58.5313 276.906 -462.969 58.4688 188.094 -403.531 33.3125 266.156 -343.625 33.3125 342.594 -351.406 12.0938 350.344 -412.938 12.0625 271.813 -278.094 58.5313 419.75 -357.906 58.5625 356.844 -267.344 33.3125 402.656 -182.375 33.3125 443.125</float_array>
                    <technique_common>
                        <accessor count="425" source="#ID65" stride="3">
                            <param name="X" type="float"/>
                            <param name="Y" type="float"/>
                            <param name="Z" type="float"/>
                        </accessor>
                    </technique_common>
                </source>
                <source id="ID66">
                    <float_array id="ID67" count="1437">-0.659921 -0.387021 -0.643986 -0.618242 0.694871 -0.367329 -0.371391 0.928477 -0 -0.843355 0.537357 -0 0.619347 -0.785115 0.00214899 0.794166 -0.533486 -0.291021 0.977307 -0.21182 0.00169686 0.931836 -0.202106 -0.301388 -0.760269 -0.535878 -0.367186 -0.626102 -0.779741 -0 -0.371391 -0.928477 -0 0.000406452 0.686018 -0.727584 -0.963433 0.267948 -0 0.000548436 -0.506703 -0.862121 -0.963433 -0.267948 -0 -0.793493 -0.533706 -0.292451 -0.327839 -0.915709 -0.232377 -0.619261 -0.785185 -0.00043748 -0.337321 -0.941389 -0.0011672 -0.315454 0.881549 -0.351227 -0.642677 0.707819 -0.293188 -0.337486 0.94133 -0.000584169 -0.859015 0.51195 -0 -0.957434 0.207924 -0.200218 -0.977222 0.212221 -0 -0.931594 -0.202312 -0.301997 -0.977222 -0.212221 -0 0.33732 -0.941389 0.0011672 0.328425 -0.91585 -0.230987 0.859162 0.511701 0.00171101 0.643417 0.707943 -0.291257 0.337321 0.941389 0.00116923 0.316354 0.881795 -0.349798 0.977395 0.211419 0 0.957835 0.207548 -0.198686 0.963316 0.268369 0 0.84319 0.537616 -0 0.618796 0.69459 -0.366929 0.371391 0.928477 -0 0.661054 -0.386557 -0.643103 0.619445 -0.785039 0.00170584 0.794232 -0.53315 -0.291456 0.977307 -0.211821 0.00169099 0.931682 -0.202072 -0.301886 0.371391 -0.928477 -0 0.626001 -0.779822 -0 0.760629 -0.535678 -0.366732 0.337322 -0.941389 -0 0.328795 -0.915519 -0.231775 -0.793408 -0.533589 -0.292894 -0.327811 -0.915634 -0.232713 -0.619261 -0.785185 -0.000437479 -0.33732 -0.941389 -0.0011672 -0.315387 0.881367 -0.351744 -0.642572 0.70773 -0.293633 -0.337486 0.94133 -0.000584169 -0.859015 0.51195 -0 0.859162 0.511701 0.00170509 0.64348 0.707594 -0.291966 0.337487 0.94133 0.000583601 0.316861 0.881152 -0.350956 -0.957369 0.207909 -0.200546 0.963316 -0.268369 -0 0.957769 0.207534 -0.199017 -0.931439 -0.202278 -0.302497 -0.569511 -0.478226 -0.668549 0.571414 0.478418 -0.666785 0.571414 -0.478418 -0.666785 0.00110901 9.75523e-009 -0.999999 0.571225 -0.477573 -0.667552 0.571225 0.477573 -0.667552 -0.570046 -0.478734 -0.667729 -0.570046 0.478734 -0.667729 -0.569511 0.478226 -0.668549 0.237801 0.222194 -0.945558 -0.140672 0.717438 -0.682272 -0.269602 0.151181 -0.951031 -0.464673 0.758844 -0.456328 -0.718592 0.0742774 -0.691454 -0.550532 0.747417 -0.371863 -0.844664 0.0833387 -0.528769 -0.618496 0.745278 -0.249045 -0.935318 0.0802825 -0.344581 -0.657123 0.742489 -0.130003 -0.982977 0.0770489 -0.166794 -0.66978 0.742347 -0.0177701 -0.997075 0.0763751 -0.00291316 -0.664144 0.742206 0.0896862 -0.984027 0.0766056 0.160695 -0.635161 0.74382 0.208092 -0.937656 0.0801711 0.338193 -0.577766 0.746883 0.329168 -0.848611 0.083923 0.522318 -0.488446 0.74759 0.450033 -0.707507 0.0853462 0.701533 -0.371864 0.747416 0.550533 -0.529285 0.0846675 0.844209 -0.249045 0.745278 0.618496 -0.344559 0.0803362 0.935321 -0.130003 0.742489 0.657123 -0.166794 0.0770489 0.982977 -0.0177701 0.742347 0.66978 -0.00291913 0.0763755 0.997075 0.0896862 0.742206 0.664144 0.160691 0.0765964 0.984028 0.208092 0.74382 0.635161 0.338193 0.0801711 0.937656 0.329168 0.746883 0.577766 0.522318 0.083923 0.848611 0.450033 0.74759 0.488446 0.701533 0.0853462 0.707507 0.550516 0.747415 0.371891 0.844209 0.0845806 0.529298 0.61868 0.745096 0.249131 0.935335 0.080197 0.344554 0.657201 0.742419 0.130004 0.982977 0.0770489 0.166794 0.66978 0.742347 0.0177701 0.997075 0.0763755 0.00291913 0.664144 0.742206 -0.0896862 0.984028 0.0765964 -0.160691 0.635161 0.74382 -0.208092 0.937656 0.0801711 -0.338193 0.577766 0.746883 -0.329168 0.848895 0.0839002 -0.52186 0.498563 0.746445 -0.440743 0.728896 0.0918467 -0.678436 0.255153 0.738419 -0.624207 0.273591 -0.168501 -0.946972 -0.23604 0.222027 -0.946039 -0.169291 -0.0394884 -0.984775 0.432556 0.00254065 -0.901603 0.72104 -0.109617 -0.684168 0.84792 -0.100984 -0.520417 0.935832 -0.104086 -0.336725 0.981245 -0.107107 -0.160268 0.994185 -0.107649 0.00288825 0.961166 -0.235289 0.144216 0.943832 -0.012257 0.330199 0.837517 -0.228008 0.496565 0.717426 -0.00661097 0.696604 0.5297 -0.22627 0.817447 0.352063 -0.010944 0.935912 0.174625 -0.234406 0.956326 0.00903616 -0.0154681 0.99984 -0.165813 -0.107533 0.980277 -0.342368 -0.104271 0.933762 -0.527322 -0.100404 0.843712 -0.706351 -0.0989957 0.700905 -0.847676 -0.100073 0.520991 -0.935832 -0.104086 0.336725 -0.981242 -0.107122 0.160275 -0.994185 -0.107649 -0.0028687 -0.961165 -0.235302 -0.144206 -0.943821 -0.0121801 -0.330233 -0.837545 -0.227954 -0.496544 -0.74113 -0.10007 -0.663862 -0.46543 -0.130118 -0.875468 -0.984799 0.0551375 -0.164715 -0.978895 -0.20434 0.00304685 -0.965047 -0.204126 0.164371 -0.919593 -0.201101 0.337503 -0.831146 -0.197556 0.519777 -0.689707 -0.196535 0.696906 -0.512005 -0.197099 0.836064 -0.32971 -0.200857 0.922468 -0.156706 -0.203709 0.966409 -0.000896515 -0.44904 0.893511 0.162714 0.0550711 0.985135 0.104149 -0.769679 0.629879 0.303657 -0.446024 0.841935 0.216587 -0.76825 0.602396 0.337707 -0.765931 0.547087 -0.848172 0.0621373 -0.526063 -0.841304 -0.445968 -0.305482 -0.629545 -0.769778 -0.105424 -0.637547 -0.770248 0.0158459 -0.627191 -0.769159 0.122579 -0.596799 -0.766648 0.236815 -0.535803 -0.764402 0.358616 -0.437817 -0.764503 0.473129 -0.318095 -0.765906 0.558752 -0.198749 -0.768797 0.607824 -0.0867444 -0.770174 0.631907 -0.000647607 -0.770572 0.637353 0.84808 0.0616334 0.526272 0.841304 -0.445968 0.305482 0.984799 0.0551206 0.16472 0.629545 -0.769778 0.105424 0.978895 -0.20434 -0.00304065 0.637547 -0.770248 -0.0158459 0.965047 -0.204126 -0.164371 0.627191 -0.769159 -0.122579 0.919661 -0.200932 -0.337416 0.596643 -0.766814 -0.236672 0.831251 -0.19738 -0.519676 0.535165 -0.765113 -0.35805 0.70772 -0.203893 -0.676432 0.450694 -0.758731 -0.470322 0.192378 -0.208626 -0.958888 0.211137 -0.656417 -0.72425 -0.197299 -0.158643 -0.967422 0.524426 0.0618061 0.84921 0.63358 -0.442143 0.63489 0.455238 -0.764553 0.456308 0.546637 -0.765663 0.339041 0.601759 -0.768433 0.217708 0.200076 -0.158919 -0.966806 0.171867 -0.0393283 -0.984335 -0.189898 -0.208682 -0.95937 -0.706392 -0.203583 -0.677912 -0.546336 -0.766066 -0.338614 -0.601759 -0.768433 -0.217708 -0.209324 -0.656934 -0.724308 -0.449375 -0.759067 -0.471042 -0.225997 0.345679 -0.910731 0.660178 0.735761 -0.151064 0.918501 0.334458 -0.210934 0.955152 0.19425 -0.223497 0.973634 -0.00203626 -0.228108 0.971633 -0.0637463 -0.22774 0.963896 -0.142485 -0.22495 0.961945 -0.158846 -0.222328 0.950783 -0.219579 -0.218624 0.942695 -0.258252 -0.211262 0.917543 -0.342677 -0.20171 0.905091 -0.380374 -0.190067 0.868476 -0.462664 -0.17802 0.853725 -0.495816 -0.159122 0.80282 -0.579774 -0.139075 0.771237 -0.623798 -0.126769 0.662368 -0.739619 -0.119298 0.581156 -0.804863 -0.120221 0.449398 -0.885875 -0.115182 0.39797 -0.909959 -0.116591 0.269424 -0.956614 -0.11091 0.189128 -0.976183 -0.10629 0.00121206 -0.994767 -0.102165 0.00124438 -0.994773 -0.102103 -0.187536 -0.976493 -0.106265 -0.148007 0.551466 -0.820962 -0.000915871 0.566791 -0.823861 -0.00108395 0.779937 -0.625857 0.146828 0.551602 -0.821083 0.224386 0.843863 -0.487387 0.317064 0.496592 -0.808002 0.453279 0.785816 -0.42075 0.467288 0.411423 -0.782543 0.660504 0.582916 -0.473226 0.56941 0.244233 -0.784934 0.76457 0.405053 -0.501363 0.560448 0.105905 -0.821391 0.75728 0.234681 -0.609469 0.544824 0.00336687 -0.838544 0.826418 0.164081 -0.53862 0.543892 -0.081894 -0.835149 0.840354 0.0485799 -0.539857 0.523454 -0.141462 -0.840229 0.872288 -0.0216542 -0.488513 0.50117 -0.198069 -0.842376 0.763559 -0.167583 -0.623614 0.456979 -0.35589 -0.815176 0.830996 -0.324892 -0.451542 0.722138 -0.482324 -0.495863 -0.268672 -0.956829 -0.110877 -0.39797 -0.909959 -0.116591 -0.449398 -0.885875 -0.115182 -0.581156 -0.804863 -0.120221 -0.662368 -0.739619 -0.119298 -0.771237 -0.623798 -0.126769 -0.80282 -0.579774 -0.139075 -0.853725 -0.495816 -0.159122 -0.868476 -0.462664 -0.17802 -0.905091 -0.380374 -0.190067 -0.917543 -0.342677 -0.20171 -0.942695 -0.258252 -0.211262 -0.950783 -0.219579 -0.218624 -0.961945 -0.158846 -0.222328 -0.963896 -0.142485 -0.22495 -0.971633 -0.0637463 -0.22774 -0.973634 -0.00203626 -0.228108 -0.955152 0.19425 -0.223497 -0.918501 0.334458 -0.210934 -0.660178 0.735761 -0.151064 0.225997 0.345679 -0.910731 -0.868932 -0.462279 -0.176792 -0.658533 -0.107288 -0.744865 -0.902256 -0.39744 -0.167255 -0.780799 -0.363229 -0.508348 -0.973003 -0.155975 -0.170108 -0.840852 -0.156419 -0.51817 -0.98293 0.0718395 -0.169374 -0.855078 0.026726 -0.51781 -0.953513 0.259181 -0.153749 -0.843931 0.188665 -0.502181 -0.896785 0.421199 -0.135529 -0.81022 0.350329 -0.469907 -0.808972 0.57731 -0.1108 -0.747446 0.517253 -0.416863 -0.681999 0.72673 -0.0820984 -0.622103 0.683964 -0.381025 -0.494946 0.867903 -0.0420982 -0.429685 0.826977 -0.3626 -0.266394 0.963785 -0.0123584 -0.191234 0.904397 -0.381438 -0.00157485 0.999998 -0.00103677 -0.001686 0.927808 -0.373055 0.189006 0.904814 -0.381562 0.118614 0.339828 -0.932978 0.658533 -0.107288 -0.744865 0.443998 -0.413817 -0.794746 0.780799 -0.36323 -0.508348 0.550552 -0.260377 -0.793156 0.840852 -0.156419 -0.51817 0.588705 -0.132117 -0.797478 0.855078 0.026726 -0.51781 0.612664 -0.00687982 -0.790313 0.843931 0.188665 -0.502181 0.617789 0.11313 -0.778163 0.81022 0.350329 -0.469907 0.633299 0.280682 -0.721215 0.747446 0.517253 -0.416863 0.580099 0.4482 -0.680149 0.622103 0.683964 -0.381025 0.444953 0.617298 -0.648814 0.429685 0.826977 -0.3626 0.240917 0.685286 -0.687271 -0.00157397 0.709353 -0.704852 0.26543 0.964051 -0.0123295 0.494946 0.867903 -0.0420982 0.681999 0.72673 -0.0820984 0.808972 0.57731 -0.1108 0.896785 0.421199 -0.135529 0.953513 0.259181 -0.153749 0.98293 0.0718395 -0.169374 0.973003 -0.155975 -0.170108 0.902256 -0.39744 -0.167255 -0.826418 0.164081 -0.53862 -0.75728 0.234681 -0.609469 -0.892407 0.435666 -0.117495 -0.76457 0.405053 -0.501363 -0.794938 0.600141 -0.0889073 -0.660504 0.582916 -0.473226 -0.616226 0.783609 -0.0788753 -0.453279 0.785816 -0.42075 -0.44386 0.893301 -0.0707244 -0.275074 0.959612 -0.0589777 -0.894632 -0.421884 -0.147132 -0.724225 -0.469409 -0.505127 -0.89522 -0.420341 -0.147966 -0.722138 -0.482324 -0.495863 -0.926812 -0.351648 -0.131769 -0.830996 -0.324892 -0.451542 -0.990804 -0.0385801 -0.129691 -0.763559 -0.167583 -0.623614 -0.872288 -0.0216542 -0.488513 -0.888423 -0.368407 -0.273826 -0.823245 -0.4839 -0.296831 -0.771552 -0.545011 -0.328131 -0.701232 -0.61804 -0.355388 -0.640482 -0.662512 -0.388409 -0.549726 -0.729467 -0.407038 -0.542504 -0.728043 -0.419098 -0.380853 -0.824142 -0.419214 0.142389 -0.895256 -0.422188 0.000898935 -0.899926 -0.436041 0.00122196 -0.904707 -0.426032 -0.140771 -0.895493 -0.422227 -0.21145 -0.883752 -0.417459 -0.368879 -0.830513 -0.417344 -0.225526 0.843604 -0.487309 -0.0011441 0.998671 -0.0515203 0.274362 0.959817 -0.0589692 0.44386 0.893301 -0.0707244 0.616226 0.783609 -0.0788753 0.892407 0.435666 -0.117495 0.952945 0.275045 -0.127462 0.978818 0.156915 -0.131505 -0.958515 0.0398093 -0.282248 -0.9579 0.0326593 -0.28524 -0.951709 -0.166668 -0.257822 -0.938551 -0.228246 -0.258892 -0.891835 -0.359068 -0.275137 -0.118614 0.339828 -0.932978 0.517654 0.774015 -0.364601 0.824053 0.440517 -0.356204 0.890932 0.317214 -0.324984 0.9579 0.0326593 -0.28524 0.958515 0.0398093 -0.282248 0.951709 -0.166668 -0.257822 -0.0515709 0.96353 -0.262584 -0.117571 0.656339 -0.745249 -0.000132096 0.963338 -0.268291 -0.000468085 0.199931 -0.97981 0.117174 0.656355 -0.745298 -0.158947 -0.259404 -0.952599 -0.000463751 -0.257135 -0.966375 0.158491 -0.259415 -0.952672 0.640482 -0.662512 -0.388409 0.542504 -0.728043 -0.419098 0.549726 -0.729467 -0.407038 0.380853 -0.824142 -0.419214 0.368879 -0.830513 -0.417344 0.212453 -0.883527 -0.417425 -0.363978 -0.102261 -0.925777 -0.456979 -0.35589 -0.815176 0.938551 -0.228246 -0.258892 0.888423 -0.368407 -0.273826 0.891835 -0.359068 -0.275137 0.823245 -0.4839 -0.296831 0.990804 -0.0385801 -0.129691 0.98771 0.0799552 -0.134298 0.724225 -0.469409 -0.505127 0.363978 -0.102261 -0.925777 -0.840354 0.0485798 -0.539857 -0.952945 0.275045 -0.127462 -0.443998 -0.413817 -0.794746 -0.550552 -0.260377 -0.793156 -0.588705 -0.132117 -0.797478 -0.612664 -0.00687982 -0.790313 -0.617789 0.11313 -0.778163 -0.633299 0.280682 -0.721215 -0.580099 0.4482 -0.680149 -0.444953 0.617298 -0.648814 -0.241984 0.685058 -0.687124 0.771552 -0.545011 -0.328131 0.701232 -0.61804 -0.355388 0.794938 0.600141 -0.0889073 0.894632 -0.421884 -0.147132 0.89522 -0.420341 -0.147966 0.868932 -0.462279 -0.176792 0.926812 -0.351648 -0.131769 -0.00464921 0.999989 -0.000472239 -0.824053 0.440517 -0.356204 -0.517654 0.774015 -0.364601 -0.890932 0.317214 -0.324984 0.00464921 0.999989 -0.000472239 0.0514804 0.96353 -0.262601 -0.98771 0.0799552 -0.134298 -0.978818 0.156915 -0.131505 -0.50117 -0.198069 -0.842376 -0.523454 -0.141462 -0.840229 -0.543893 -0.081894 -0.835149 -0.544824 0.00336687 -0.838544 -0.560448 0.105905 -0.821391 -0.56941 0.244233 -0.784934 -0.467288 0.411423 -0.782543 -0.317064 0.496592 -0.808002 -0.221355 -0.356279 -0.907781 0.119976 -0.511188 -0.851054 -0.0248317 -0.0130675 -0.999606 -0.0229303 0.480405 -0.876747 -0.474388 0.390356 -0.789036 -0.0200825 -0.592906 -0.805021 -0.589974 -0.00308876 -0.807416 -0.451554 0 -0.892244 -0.385794 -0.423011 -0.819893 -0.350331 0.520514 -0.778674 -0.504773 0.551911 -0.663776 -0.60788 -0.199202 -0.768635 -0.161603 -0.511049 -0.844224 0.176284 -0.356148 -0.91765 0.433549 0.390313 -0.812214 0.549024 -0.0029909 -0.835801 0.345083 -0.422377 -0.838162 0.407146 0 -0.913363 0.311826 0.519661 -0.795435 0.47137 0.551436 -0.68828 0.569224 -0.198917 -0.797757 -0.221904 -0.355768 -0.907848 0.120164 -0.511244 -0.850993 -0.0248116 -0.0129485 -0.999608 -0.0225416 0.480405 -0.876757 -0.590499 -0.00239436 -0.807035 -0.451281 0 -0.892382 -0.385428 -0.424118 -0.819493 -0.349914 0.521556 -0.778164 0.433606 0.390601 -0.812045 0.471043 0.551763 -0.688241</float_array>
                    <technique_common>
                        <accessor count="479" source="#ID67" stride="3">
                            <param name="X" type="float"/>
                            <param name="Y" type="float"/>
                            <param name="Z" type="float"/>
                        </accessor>
                    </technique_common>
                </source>
                <source id="ID68">
                    <float_array id="ID69" count="534">1.22241 0.5 0.657227 0.657471 1.67554 0.388428 1.78735 -0.0129395 0.657227 0.342773 0.5 1.22241 0.5 -0.222412 1.89917 0.388428 2.30029 0.5 1.89917 0.611816 1.78735 1.01294 1.27441 0.5 1.67554 0.611816 0.342529 0.657471 -0.222412 0.5 -0.89917 0.388428 -0.787354 -0.0129395 0.342529 0.342773 -1.30029 0.5 -0.675537 0.388428 -0.274414 0.5 -0.675537 0.611816 -0.89917 0.611816 -0.787354 1.01294 -0.787354 0.5 1.78735 0.5 0.5 0.5 -1.92114 -0.347168 -1.88257 -0.333496 -1.8811 -0.37207 -1.75757 -0.35376 -1.75757 -0.390381 -1.56714 -0.35376 -1.56714 -0.390381 -1.38062 -0.35376 -1.3811 -0.390381 -1.1936 -0.35376 -1.19409 -0.390381 -1.0105 -0.35376 -1.0105 -0.390381 -0.826904 -0.35376 -0.82666 -0.390381 -0.638672 -0.35376 -0.638428 -0.390381 -0.450439 -0.35376 -0.450439 -0.390381 -0.257568 -0.35376 -0.257568 -0.390381 -0.0644531 -0.35376 -0.0644531 -0.390381 0.124268 -0.35376 0.123779 -0.390381 0.313721 -0.35376 0.313232 -0.390381 0.499023 -0.35376 0.499023 -0.390381 0.684082 -0.35376 0.68457 -0.390381 0.873779 -0.35376 0.874023 -0.390381 1.06274 -0.35376 1.06274 -0.390381 1.25562 -0.35376 1.25586 -0.390381 1.44849 -0.35376 1.44873 -0.390381 1.63672 -0.35376 1.63647 -0.390381 1.8252 -0.35376 1.82471 -0.390381 2.00879 -0.35376 2.00879 -0.390381 2.19165 -0.35376 2.19238 -0.390381 2.37891 -0.35376 2.37915 -0.390381 2.56519 -0.35376 2.56519 -0.390381 2.75562 -0.35376 2.75562 -0.390381 2.88062 -0.333496 2.87915 -0.37207 2.91943 -0.347168 2.91699 -0.433105 2.87769 -0.410645 2.75562 -0.426758 2.56543 -0.426758 2.37964 -0.426758 2.19287 -0.426758 2.00879 -0.426758 1.82422 -0.426758 1.63623 -0.426758 1.44873 -0.426758 1.25586 -0.426758 1.06274 -0.426758 0.874268 -0.426758 0.685303 -0.426758 0.499023 -0.426758 0.312744 -0.426758 0.123535 -0.426758 -0.0644531 -0.426758 -0.257568 -0.426758 -0.450684 -0.426758 -0.638184 -0.426758 -0.826172 -0.426758 -1.01074 -0.426758 -1.19482 -0.426758 -1.38135 -0.426758 -1.56714 -0.426758 -1.75757 -0.426758 -1.87964 -0.410645 -1.19531 -0.463379 -1.01074 -0.463379 -0.825684 -0.463379 -0.637939 -0.463379 -0.450684 -0.463379 -0.257813 -0.463379 -0.0644531 -0.463379 0.123291 -0.463379 0.312256 -0.463379 0.499023 -0.463379 0.685791 -0.463379 0.686279 -0.5 0.874756 -0.463379 0.875 -0.5 1.06274 -0.5 -1.56714 -0.463379 -1.38184 -0.463379 -1.19604 -0.5 -1.01074 -0.5 -0.825195 -0.5 -0.637695 -0.5 -0.450684 -0.5 -0.257813 -0.5 -0.0644531 -0.5 0.122803 -0.5 0.311523 -0.5 0.499023 -0.5 1.44873 -0.463379 1.63599 -0.463379 1.82373 -0.463379 1.82349 -0.5 2.00879 -0.463379 2.00903 -0.5 2.1936 -0.463379 2.19409 -0.5 2.37988 -0.463379 2.38037 -0.5 2.56543 -0.463379 2.56543 -0.5 2.75586 -0.463379 2.75586 -0.5 2.89038 -0.455322 2.90283 -0.5 2.94287 -0.5 1.06274 -0.463379 1.25586 -0.463379 1.25586 -0.5 1.44897 -0.5 1.63599 -0.5 -1.94458 -0.5 -1.91895 -0.433105 -1.89209 -0.455322 -1.75757 -0.463379 -1.56714 -0.5 -1.38208 -0.5 -1.90479 -0.5 -1.75757 -0.5 -0.710449 -0.51709 -0.762695 -0.397705 -0.785645 -0.204102 -0.762939 0.105225 -0.743896 0.224854 -0.677002 0.467529 -0.577393 0.689941 -0.392334 0.982666 -0.214111 1.18091 0.0583496 1.34985 0.269287 1.42822 0.5 1.45142 0.5 1.54688 0.253662 1.52173 0.0314941 1.43872 -0.260498 1.26025 -0.454346 1.04224 -0.652832 0.724854 -0.756104 0.494873 -0.824219 0.248779 -0.847168 0.105225 -0.87207 -0.207275 -0.854248 -0.398926 -0.804443 -0.518066 -0.330811 -0.515381 -0.396973 -0.39209 -0.439941 -0.19165 -0.42627 0.105225 -0.361328 0.357178 -0.275879 0.549561 -0.144287 0.743408 -0.029541 0.864014 0.165771 0.994385 0.331787 1.05444 0.5 1.07031 -0.202393 -0.515381 -0.305664 -0.390869 -0.353516 -0.188721 -0.342041 0.105225 -0.282471 0.32959 -0.200684 0.514404 -0.0822754 0.683838 0.0163574 0.784912 0.192627 0.905518 0.347412 0.961182 0.5 0.975098 -0.687744 0.732178 -0.483398 1.05908 -0.283447 1.28369 0.0170898 1.46777 0.246338 1.55322 -0.821777 -0.579102 -0.782715 -0.570068 -0.846924 -0.526855 -0.895508 -0.426025 -0.913818 -0.228516 -0.22876 0.317383 -0.152588 0.489502 -0.0422363 0.647217 0.0495605 0.741211 0.213867 0.853516 0.35791 0.905518 0.5 0.918701 0.5 1.5791 -0.794189 0.495117 -0.864502 0.241455 -0.294922 -0.165283 -0.284424 0.108154 -0.154297 -0.469727 -0.250488 -0.35376 0.0891113 -0.469727 0.0588379 -0.515381 0.5 -0.469727 0.5 -0.515381 0.060791 -0.570068 0.5 -0.570068 -0.371826 -0.570068 -0.888184 0.0935059 0.932129 -0.162109 0.818604 -0.177979 0.5 0.546143 0.5 1.17871 0.593994 1.14722 0.5 0.0134277 0.996582 -0.0810547 1.22827 0.546143 1.18066 0.455322 1.18066 0.636963 0.742432 0.756348 0.880859 0.309082 0.181152 -0.177979 0.067627 -0.162109 0.405762 1.14722 0.00317383 -0.0810547 -0.180664 0.455322 -0.228271 0.546143 -0.180664 0.636963 0.257324 0.756348 0.118896 0.309082</float_array>
                    <technique_common>
                        <accessor count="267" source="#ID69" stride="2">
                            <param name="S" type="float"/>
                            <param name="T" type="float"/>
                        </accessor>
                    </technique_common>
                </source>
                <vertices id="ID70">
                    <input semantic="POSITION" source="#ID64"/>
                </vertices>
                <triangles count="616" material="Material1">
                    <input offset="0" semantic="VERTEX" source="#ID70"/>
                    <input offset="1" semantic="NORMAL" source="#ID66"/>
                    <input offset="2" semantic="TEXCOORD" source="#ID68" set="0"/>
                    <p>130 2 0 127 1 1 133 0 0 127 1 1 130 2 0 124 3 1 74 6 3 80 5 2 77 4 2 80 5 2 74 6 3 71 7 3 118 9 4 133 0 0 121 8 4 133 0 0 118 9 4 130 10 0 124 3 1 62 11 5 127 1 1 62 11 5 124 3 1 59 12 5 41 14 6 121 8 4 38 13 6 121 8 4 41 14 6 118 9 4 100 17 7 115 16 8 103 15 7 115 16 8 100 17 7 112 18 8 112 21 8 109 20 9 115 19 8 109 20 9 112 21 8 106 22 9 106 22 9 93 23 10 109 20 9 93 23 10 106 22 9 91 24 10 74 26 3 103 15 7 71 25 3 103 15 7 74 26 3 100 17 7 77 4 2 95 28 11 97 27 11 95 28 11 77 4 2 80 5 2 97 31 11 86 30 12 89 29 12 86 30 12 97 31 11 95 32 11 89 29 12 93 34 10 91 33 10 93 34 10 89 29 12 86 30 12 56 36 13 62 11 5 59 35 5 62 11 5 56 36 13 53 37 13 68 38 14 53 37 13 56 36 13 53 37 13 68 38 14 65 39 14 2 42 16 24 41 15 22 40 15 24 41 15 2 42 16 4 43 16 44 45 17 65 39 14 68 44 14 65 39 14 44 45 17 47 46 17 22 40 15 32 48 18 35 47 18 32 48 18 22 40 15 24 41 15 0 51 19 20 50 20 6 49 19 20 50 20 0 51 19 18 52 20 18 55 20 14 54 21 20 53 20 14 54 21 18 55 20 12 56 21 35 59 18 26 58 22 29 57 22 26 58 22 35 59 18 32 60 18 12 56 21 16 61 23 14 54 21 16 61 23 12 56 21 10 24 23 41 62 6 47 46 17 44 45 17 47 46 17 41 62 6 38 13 6 29 57 22 16 63 23 10 33 23 16 63 23 29 57 22 26 58 22 2 26 16 6 49 19 4 64 16 6 49 19 2 26 16 0 51 19 4 64 16 6 49 19 8 65 24 86 30 12 83 66 25 93 34 10 71 7 3 83 67 25 80 5 2 65 39 14 50 68 26 53 37 13 53 37 13 50 68 26 62 11 5 38 13 6 50 68 26 47 46 17 121 8 4 133 0 0 50 68 26 47 46 17 50 68 26 65 39 14 133 0 0 127 1 1 50 68 26 127 1 1 62 11 5 50 68 26 24 41 15 8 69 24 32 48 18 32 60 18 8 70 24 26 58 22 26 58 22 8 70 24 16 63 23 38 13 6 121 8 4 50 68 26 103 15 7 115 16 8 83 71 25 115 19 8 109 20 9 83 72 25 4 43 16 8 69 24 24 41 15 109 20 9 93 23 10 83 72 25 14 54 21 16 61 23 8 73 24 6 49 19 20 50 20 8 65 24 71 25 3 103 15 7 83 71 25 20 53 20 14 54 21 8 73 24 80 5 2 83 67 25 95 28 11 95 32 11 83 66 25 86 30 12 369 76 29 342 75 28 339 74 27 342 75 28 369 76 29 301 77 30 367 78 31 301 77 30 369 76 29 301 77 30 367 78 31 305 79 32 391 80 33 305 79 32 367 78 31 305 79 32 391 80 33 310 81 34 389 82 35 310 81 34 391 80 33 310 81 34 389 82 35 315 83 36 403 84 37 315 83 36 389 82 35 315 83 36 403 84 37 313 85 38 401 86 39 313 85 38 403 84 37 313 85 38 401 86 39 336 87 40 405 88 41 336 87 40 401 86 39 336 87 40 405 88 41 334 89 42 416 90 43 334 89 42 405 88 41 334 89 42 416 90 43 323 91 44 415 92 45 323 91 44 416 90 43 323 91 44 415 92 45 321 93 46 422 94 47 321 93 46 415 92 45 321 93 46 422 94 47 330 95 48 421 96 49 330 95 48 422 94 47 330 95 48 421 96 49 332 97 50 7 98 51 332 97 50 421 96 49 332 97 50 7 98 51 328 99 52 5 100 53 328 99 52 7 98 51 328 99 52 5 100 53 278 101 54 113 102 55 278 101 54 5 100 53 278 101 54 113 102 55 282 103 56 23 104 57 282 103 56 113 102 55 282 103 56 23 104 57 286 105 58 21 106 59 286 105 58 23 104 57 286 105 58 21 106 59 284 107 60 39 108 61 284 107 60 21 106 59 284 107 60 39 108 61 270 109 62 36 110 63 270 109 62 39 108 61 270 109 62 36 110 63 274 111 64 57 112 65 274 111 64 36 110 63 274 111 64 57 112 65 288 113 66 54 114 67 288 113 66 57 112 65 288 113 66 54 114 67 290 115 68 75 116 69 290 115 68 54 114 67 290 115 68 75 116 69 266 117 70 72 118 71 266 117 70 75 116 69 266 117 70 72 118 71 264 119 72 78 120 73 264 119 72 72 118 71 264 119 72 78 120 73 261 121 74 94 122 75 261 121 74 78 120 73 261 121 74 94 122 75 256 123 76 92 124 77 256 123 76 94 122 75 256 123 76 92 124 77 254 125 78 355 126 79 254 125 78 92 124 77 254 125 78 355 126 79 296 127 80 353 128 81 296 127 80 355 126 79 296 127 80 353 128 81 294 129 82 357 130 83 294 129 82 353 128 81 353 128 81 361 131 84 357 130 83 361 131 84 353 128 81 98 132 85 355 126 79 98 132 85 353 128 81 98 132 85 355 126 79 96 133 86 92 124 77 96 133 86 355 126 79 96 133 86 92 124 77 84 134 87 94 122 75 84 134 87 92 124 77 84 134 87 94 122 75 81 135 88 78 120 73 81 135 88 94 122 75 81 135 88 78 120 73 110 136 89 72 118 71 110 136 89 78 120 73 110 136 89 72 118 71 66 137 90 75 116 69 66 137 90 72 118 71 66 137 90 75 116 69 63 138 91 54 114 67 63 138 91 75 116 69 63 138 91 54 114 67 48 139 92 57 112 65 48 139 92 54 114 67 48 139 92 57 112 65 45 140 93 36 110 63 45 140 93 57 112 65 45 140 93 36 110 63 30 141 94 39 108 61 30 141 94 36 110 63 30 141 94 39 108 61 27 142 95 21 106 59 27 142 95 39 108 61 27 142 95 21 106 59 17 143 96 23 104 57 17 143 96 21 106 59 17 143 96 23 104 57 11 144 97 113 102 55 11 144 97 23 104 57 11 144 97 113 102 55 9 145 98 5 100 53 9 145 98 113 102 55 9 145 98 5 100 53 424 146 99 7 98 51 424 146 99 5 100 53 424 146 99 7 98 51 423 147 100 421 96 49 423 147 100 7 98 51 423 147 100 421 96 49 418 148 101 422 94 47 418 148 101 421 96 49 418 148 101 422 94 47 417 149 102 415 92 45 417 149 102 422 94 47 417 149 102 415 92 45 409 150 103 416 90 43 409 150 103 415 92 45 409 150 103 416 90 43 407 151 104 405 88 41 407 151 104 416 90 43 407 151 104 405 88 41 119 152 105 401 86 39 119 152 105 405 88 41 119 152 105 401 86 39 397 153 106 403 84 37 397 153 106 401 86 39 397 153 106 403 84 37 395 154 107 389 82 35 395 154 107 403 84 37 395 154 107 389 82 35 385 155 108 391 80 33 385 155 108 389 82 35 385 155 108 391 80 33 383 156 109 367 78 31 383 156 109 391 80 33 383 156 109 367 78 31 379 157 110 369 76 29 379 157 110 367 78 31 399 158 111 397 153 106 395 154 107 397 153 106 399 158 111 119 152 105 116 159 112 119 152 105 399 158 111 119 152 105 116 159 112 407 151 104 413 160 113 407 151 104 116 159 112 407 151 104 413 160 113 409 150 103 411 161 114 409 150 103 413 160 113 409 150 103 411 161 114 417 149 102 420 162 115 417 149 102 411 161 114 417 149 102 420 162 115 418 148 101 419 163 116 418 148 101 420 162 115 418 148 101 419 163 116 423 147 100 3 164 117 423 147 100 419 163 116 423 147 100 3 164 117 424 146 99 1 165 118 424 146 99 3 164 117 424 146 99 1 165 118 9 145 98 15 166 119 9 145 98 1 165 118 9 145 98 15 166 119 11 144 97 13 167 120 11 144 97 15 166 119 11 144 97 13 167 120 19 168 121 156 169 122 19 168 121 13 167 120 19 168 121 156 169 122 25 170 123 158 171 124 25 170 123 156 169 122 25 170 123 158 171 124 160 172 125 393 174 127 395 154 107 387 173 126 395 154 107 393 174 127 399 158 111 131 175 128 399 158 111 393 174 127 399 158 111 131 175 128 116 159 112 134 176 129 116 159 112 131 175 128 116 159 112 134 176 129 413 160 113 136 177 130 413 160 113 134 176 129 413 160 113 136 177 130 411 161 114 138 178 131 411 161 114 136 177 130 411 161 114 138 178 131 420 162 115 140 179 132 420 162 115 138 178 131 420 162 115 140 179 132 419 163 116 142 180 133 419 163 116 140 179 132 419 163 116 142 180 133 3 164 117 144 181 134 3 164 117 142 180 133 3 164 117 144 181 134 1 165 118 147 182 135 1 165 118 144 181 134 1 165 118 147 182 135 15 166 119 150 183 136 15 166 119 147 182 135 15 166 119 150 183 136 13 167 120 153 184 137 13 167 120 150 183 136 13 167 120 153 184 137 156 169 122 51 185 138 48 139 92 45 140 93 48 139 92 51 185 138 63 138 91 60 186 139 63 138 91 51 185 138 63 138 91 60 186 139 69 187 140 168 188 141 69 187 140 60 186 139 69 187 140 168 188 141 107 189 142 170 190 143 107 189 142 168 188 141 107 189 142 170 190 143 90 191 144 172 192 145 90 191 144 170 190 143 90 191 144 172 192 145 87 193 146 174 194 147 87 193 146 172 192 145 87 193 146 174 194 147 104 195 148 176 196 149 104 195 148 174 194 147 104 195 148 176 196 149 101 197 150 178 198 151 101 197 150 176 196 149 101 197 150 178 198 151 359 199 152 365 200 153 359 199 152 178 198 151 359 199 152 365 200 153 363 201 154 19 168 121 17 143 96 11 144 97 17 143 96 19 168 121 27 142 95 25 170 123 27 142 95 19 168 121 27 142 95 25 170 123 33 202 155 160 172 125 33 202 155 25 170 123 33 202 155 160 172 125 42 203 156 162 204 157 42 203 156 160 172 125 42 203 156 162 204 157 164 205 158 33 202 155 30 141 94 27 142 95 30 141 94 33 202 155 45 140 93 42 203 156 45 140 93 33 202 155 45 140 93 42 203 156 51 185 138 164 205 158 51 185 138 42 203 156 51 185 138 164 205 158 60 186 139 166 206 159 60 186 139 164 205 158 60 186 139 166 206 159 168 188 141 371 209 162 377 208 161 375 207 160 377 208 161 371 209 162 379 157 110 381 210 163 379 157 110 371 209 162 379 157 110 381 210 163 383 156 109 387 173 126 383 156 109 381 210 163 383 156 109 387 173 126 385 155 108 395 154 107 385 155 108 387 173 126 125 211 164 387 173 126 381 210 163 387 173 126 125 211 164 393 174 127 128 212 165 393 174 127 125 211 164 393 174 127 128 212 165 131 175 128 377 208 161 369 76 29 339 74 27 369 76 29 377 208 161 379 157 110 373 213 166 371 209 162 375 207 160 371 209 162 373 213 166 122 214 167 122 214 167 381 210 163 371 209 162 381 210 163 122 214 167 125 211 164 357 130 83 359 199 152 363 201 154 359 199 152 357 130 83 361 131 84 361 131 84 101 197 150 359 199 152 101 197 150 361 131 84 98 132 85 98 132 85 104 195 148 101 197 150 104 195 148 98 132 85 96 133 86 96 133 86 87 193 146 104 195 148 87 193 146 96 133 86 84 134 87 84 134 87 90 191 144 87 193 146 90 191 144 84 134 87 81 135 88 81 135 88 107 189 142 90 191 144 107 189 142 81 135 88 110 136 89 110 136 89 69 187 140 107 189 142 69 187 140 110 136 89 66 137 90 69 187 140 66 137 90 63 138 91 376 217 169 394 216 168 372 215 168 394 216 168 376 217 169 396 218 169 374 219 170 396 218 169 376 217 169 396 218 169 374 219 170 398 220 170 378 221 171 398 220 170 374 219 170 398 220 170 378 221 171 400 222 171 380 223 172 400 222 171 378 221 171 400 222 171 380 223 172 402 224 172 384 225 173 402 224 172 380 223 172 402 224 172 384 225 173 404 226 173 382 227 174 404 226 173 384 225 173 404 226 173 382 227 174 406 228 174 386 229 175 406 228 174 382 227 174 406 228 174 386 229 175 408 230 175 388 231 176 408 230 175 386 229 175 408 230 175 388 231 176 410 232 176 390 233 177 410 232 176 388 231 176 410 232 176 390 233 177 412 234 177 392 235 178 412 234 177 390 233 177 412 234 177 392 235 178 414 236 178 252 237 179 414 236 178 392 235 178 414 236 178 252 237 179 269 238 179 268 239 178 269 238 179 252 237 179 223 242 180 252 241 179 392 240 178 252 241 179 223 242 180 251 243 178 224 244 181 251 243 178 223 242 180 251 243 178 224 244 181 250 245 177 227 246 182 250 245 177 224 244 181 250 245 177 227 246 182 249 247 176 229 248 183 249 247 176 227 246 182 249 247 176 229 248 183 248 249 175 231 250 184 248 249 175 229 248 183 248 249 175 231 250 184 246 251 174 215 252 185 246 251 174 231 250 184 246 251 174 215 252 185 247 253 173 216 254 186 247 253 173 215 252 185 247 253 173 216 254 186 245 255 172 219 256 187 245 255 172 216 254 186 245 255 172 219 256 187 244 257 171 221 258 188 244 257 171 219 256 187 244 257 171 221 258 188 242 259 170 233 260 189 242 259 170 221 258 188 242 259 170 233 260 189 243 261 169 235 262 190 243 261 169 233 260 189 243 261 169 235 262 190 237 263 191 251 264 178 268 239 178 252 237 179 268 239 178 251 264 178 267 265 177 250 266 177 267 265 177 251 264 178 267 265 177 250 266 177 265 267 176 249 268 176 265 267 176 250 266 177 265 267 176 249 268 176 263 269 175 248 270 175 263 269 175 249 268 176 263 269 175 248 270 175 260 271 174 246 272 174 260 271 174 248 270 175 260 271 174 246 272 174 262 273 173 247 274 173 262 273 173 246 272 174 262 273 173 247 274 173 259 275 172 245 276 172 259 275 172 247 274 173 259 275 172 245 276 172 258 277 171 244 278 171 258 277 171 245 276 172 258 277 171 244 278 171 257 279 170 242 280 170 257 279 170 244 278 171 257 279 170 242 280 170 253 281 169 243 282 169 253 281 169 242 280 170 253 281 169 243 282 169 255 283 168 241 284 168 255 283 168 243 282 169 318 287 193 316 286 192 329 285 192 316 286 192 318 287 193 304 288 193 317 289 194 304 288 193 318 287 193 304 288 193 317 289 194 303 290 194 319 291 195 303 290 194 317 289 194 303 290 194 319 291 195 306 292 195 322 293 196 306 292 195 319 291 195 306 292 195 322 293 196 307 294 196 320 295 197 307 294 196 322 293 196 307 294 196 320 295 197 308 296 197 324 297 198 308 296 197 320 295 197 308 296 197 324 297 198 309 298 198 325 299 199 309 298 198 324 297 198 309 298 198 325 299 199 311 300 199 326 301 200 311 300 199 325 299 199 311 300 199 326 301 200 312 302 200 327 303 201 312 302 200 326 301 200 312 302 200 327 303 201 314 304 201 210 305 202 314 304 201 327 303 201 314 304 201 210 305 202 199 306 202 198 307 201 199 306 202 210 305 202 186 310 204 200 309 192 184 308 203 200 309 192 186 310 204 190 311 193 188 312 205 190 311 193 186 310 204 190 311 193 188 312 205 191 313 194 181 314 206 191 313 194 188 312 205 191 313 194 181 314 206 192 315 195 177 316 207 192 315 195 181 314 206 192 315 195 177 316 207 193 317 196 182 318 208 193 317 196 177 316 207 193 317 196 182 318 208 194 319 197 157 320 209 194 319 197 182 318 208 194 319 197 157 320 209 195 321 198 159 322 210 195 321 198 157 320 209 195 321 198 159 322 210 196 323 199 165 324 211 196 323 199 159 322 210 196 323 199 165 324 211 197 325 200 169 326 212 197 325 200 165 324 211 197 325 200 169 326 212 198 307 201 173 327 213 198 307 201 169 326 212 198 307 201 173 327 213 199 306 202 209 328 201 198 307 201 210 305 202 198 307 201 209 328 201 197 325 200 208 329 200 197 325 200 209 328 201 197 325 200 208 329 200 196 323 199 207 330 199 196 323 199 208 329 200 196 323 199 207 330 199 195 321 198 206 331 198 195 321 198 207 330 199 195 321 198 206 331 198 194 319 197 205 332 197 194 319 197 206 331 198 194 319 197 205 332 197 193 317 196 204 333 196 193 317 196 205 332 197 193 317 196 204 333 196 192 315 195 203 334 195 192 315 195 204 333 196 192 315 195 203 334 195 191 313 194 202 335 194 191 313 194 203 334 195 191 313 194 202 335 194 190 311 193 201 336 193 190 311 193 202 335 194 340 339 214 338 338 185 337 337 186 338 338 185 340 339 214 354 340 184 352 341 215 354 340 184 340 339 214 354 340 184 352 341 215 351 342 183 350 343 216 351 342 183 352 341 215 351 342 183 350 343 216 349 344 182 348 345 217 349 344 182 350 343 216 349 344 182 348 345 217 346 346 218 370 349 221 366 348 220 364 347 219 366 348 220 370 349 221 368 350 191 360 351 222 368 350 191 370 349 221 368 350 191 360 351 222 362 352 190 356 353 223 362 352 190 360 351 222 362 352 190 356 353 223 358 354 189 345 355 188 358 354 189 356 353 223 183 358 225 182 357 208 179 356 224 182 357 208 183 358 225 157 359 209 163 360 226 157 359 209 183 358 225 157 359 209 163 360 226 159 361 210 161 362 227 159 361 210 163 360 226 159 361 210 161 362 227 167 363 228 173 366 213 175 365 230 281 364 229 175 365 230 173 366 213 171 367 229 169 368 212 171 367 229 173 366 213 171 367 229 169 368 212 167 363 228 165 369 211 167 363 228 169 368 212 167 363 228 165 369 211 159 361 210 226 371 231 223 242 180 347 370 181 223 242 180 226 371 231 224 244 181 225 372 218 224 244 181 226 371 231 224 244 181 225 372 218 227 246 182 228 373 217 227 246 182 225 372 218 227 246 182 228 373 217 230 374 216 218 375 214 215 252 185 231 250 184 215 252 185 218 375 214 216 254 186 217 376 232 216 254 186 218 375 214 216 254 186 217 376 232 219 256 187 220 377 233 219 256 187 217 376 232 219 256 187 220 377 233 221 258 188 180 380 235 188 379 205 189 378 234 188 379 205 180 380 235 181 381 206 179 356 224 181 381 206 180 380 235 181 381 206 179 356 224 177 382 207 182 357 208 177 382 207 179 356 224 299 385 204 295 384 236 297 383 203 295 384 236 299 385 204 298 386 237 302 387 205 298 386 237 299 385 204 298 386 237 302 387 205 300 388 234 285 389 235 300 388 234 302 387 205 271 390 238 297 383 203 295 384 236 297 383 203 271 390 238 272 391 239 154 392 240 272 391 239 271 390 238 272 391 239 154 392 240 145 393 241 148 394 239 145 393 241 154 392 240 145 393 241 212 396 243 331 395 242 212 396 243 145 393 241 213 397 242 148 394 239 213 397 242 145 393 241 213 397 242 148 394 239 184 308 203 275 400 210 273 399 227 277 398 226 273 399 227 275 400 210 279 401 228 280 402 211 279 401 228 275 400 210 279 401 228 280 402 211 283 403 212 297 383 203 333 404 244 316 286 192 333 404 244 297 383 203 331 395 242 272 391 239 331 395 242 297 383 203 331 395 242 272 391 239 145 393 241 368 350 191 372 215 168 366 348 220 372 215 168 368 350 191 376 405 169 362 352 190 376 405 169 368 350 191 376 405 169 362 352 190 358 354 189 291 406 206 285 389 235 302 387 205 285 389 235 291 406 206 287 407 224 289 408 207 287 407 224 291 406 206 287 407 224 289 408 207 293 409 208 221 258 188 234 410 223 233 260 189 234 410 223 221 258 188 222 411 245 220 377 233 222 411 245 221 258 188 214 413 244 241 284 168 238 412 220 241 284 168 214 413 244 200 309 192 184 308 203 200 309 192 214 413 244 335 415 232 337 337 186 343 414 187 337 337 186 335 415 232 340 339 214 346 346 218 347 370 181 349 344 182 347 370 181 346 346 218 226 371 231 316 286 192 299 416 204 297 383 203 299 416 204 316 286 192 304 288 193 304 288 193 302 417 205 299 416 204 302 417 205 304 288 193 303 290 194 303 290 194 291 418 206 302 417 205 291 418 206 303 290 194 306 292 195 306 292 195 289 419 207 291 418 206 289 419 207 306 292 195 307 294 196 307 294 196 293 420 208 289 419 207 293 420 208 307 294 196 308 296 197 308 296 197 276 421 209 293 420 208 276 421 209 308 296 197 309 298 198 309 298 198 275 422 210 276 421 209 275 422 210 309 298 198 311 300 199 311 300 199 280 423 211 275 422 210 280 423 211 311 300 199 312 302 200 312 302 200 283 424 212 280 423 211 283 424 212 312 302 200 314 304 201 314 304 201 173 327 213 283 424 212 173 327 213 314 304 201 199 306 202 293 409 208 292 425 225 287 407 224 292 425 225 293 409 208 276 426 209 232 427 215 231 250 184 229 248 183 231 250 184 232 427 215 218 375 214 238 412 220 240 429 221 239 428 219 240 429 221 238 412 220 237 263 191 200 309 192 201 336 193 211 430 192 201 336 193 200 309 192 190 311 193 237 263 191 236 431 222 240 429 221 236 431 222 237 263 191 235 262 190 329 432 192 372 215 168 394 216 168 372 215 168 329 432 192 316 286 192 185 434 236 186 433 204 184 308 203 186 433 204 185 434 236 187 435 237 187 435 237 188 379 205 186 433 204 188 379 205 187 435 237 189 378 234 211 436 192 241 284 168 200 309 192 241 284 168 211 436 192 255 283 168 184 308 203 151 437 238 185 434 236 151 437 238 184 308 203 148 394 239 283 403 212 281 364 229 279 401 228 281 364 229 283 403 212 173 366 213 235 262 190 234 410 223 236 431 222 234 410 223 235 262 190 233 260 189 333 404 244 372 215 168 316 286 192 372 215 168 333 404 244 366 348 220 344 438 245 345 355 188 356 353 223 345 355 188 344 438 245 341 439 233 358 354 189 374 440 170 376 405 169 374 440 170 358 354 189 345 355 188 345 355 188 378 441 171 374 440 170 378 441 171 345 355 188 343 414 187 343 414 187 380 442 172 378 441 171 380 442 172 343 414 187 337 337 186 337 337 186 384 443 173 380 442 172 384 443 173 337 337 186 338 338 185 338 338 185 382 444 174 384 443 173 382 444 174 338 338 185 354 340 184 354 340 184 386 445 175 382 444 174 386 445 175 354 340 184 351 342 183 351 342 183 388 446 176 386 445 175 388 446 176 351 342 183 349 344 182 349 344 182 390 447 177 388 446 176 390 447 177 349 344 182 347 370 181 347 370 181 392 240 178 390 447 177 392 240 178 347 370 181 223 242 180 276 426 209 277 398 226 292 425 225 277 398 226 276 426 209 275 400 210 230 374 216 229 248 183 227 246 182 229 248 183 230 374 216 232 427 215 237 263 191 241 284 168 243 261 169 241 284 168 237 263 191 238 412 220 341 439 233 343 414 187 345 355 188 343 414 187 341 439 233 335 415 232 154 392 240 151 437 238 148 394 239 184 308 203 214 413 244 213 397 242 99 450 248 155 449 247 152 448 246 146 452 250 132 451 249 99 450 248 99 450 248 126 453 251 155 449 247 135 454 252 99 450 248 152 448 246 99 450 248 139 456 254 149 455 253 99 450 248 149 455 253 143 457 255 141 458 256 146 452 250 99 450 248 99 450 248 143 457 255 141 458 256 99 450 248 137 459 257 139 456 254 137 459 257 99 450 248 135 454 252 99 450 248 123 461 259 129 460 258 117 462 260 99 450 248 132 451 249 99 450 248 129 460 258 126 453 251 102 463 261 123 461 259 99 450 248 99 450 248 120 465 263 108 464 262 99 450 248 111 466 264 120 465 263 114 467 265 99 450 248 117 462 260 99 450 248 114 467 265 111 466 264 99 450 248 108 464 262 105 468 266 105 468 266 102 463 261 99 450 248 28 471 248 88 470 247 85 469 246 79 452 250 61 472 249 28 471 248 28 471 248 55 453 251 88 470 247 64 473 252 28 471 248 85 469 246 28 471 248 70 475 254 82 474 253 28 471 248 82 474 253 76 476 255 73 458 256 79 452 250 28 471 248 28 471 248 76 476 255 73 458 256 28 471 248 67 459 257 70 475 254 67 459 257 28 471 248 64 473 252 28 471 248 52 461 259 58 460 258 46 477 260 28 471 248 61 472 249 28 471 248 58 460 258 55 453 251 31 463 261 52 461 259 28 471 248 28 471 248 49 465 263 37 464 262 28 471 248 40 466 264 49 465 263 43 478 265 28 471 248 46 477 260 28 471 248 43 478 265 40 466 264 28 471 248 37 464 262 34 468 266 34 468 266 31 463 261 28 471 248</p>
                </triangles>
            </mesh>
        </geometry>
        <geometry id="ID72">
            <mesh>
                <source id="ID73">
                    <float_array id="ID74" count="204">269.281 67.7188 -433.344 264.406 128.938 -452.563 258.563 67.6875 -441.125 181.094 128.938 -493.094 176.563 67.8125 -480.656 187.531 312.531 -506.969 60.7188 285.688 -535.844 114.625 242.281 -528.156 137.813 209.094 -516.906 165.5 128.938 -497.188 167.75 71.375 -484.125 138.125 7.375 -477.781 171.313 -3.3125 -466.188 158.344 31.75 -477.844 251.75 -3.3125 -427.844 265.75 30.1563 -426.313 254.969 30.25 -434.125 173.813 30.625 -473.094 259.938 157.031 -459.469 183.781 167.313 -498.25 153.844 172.906 -507.094 30.4063 296.625 -537.938 0.5625 299.375 -540.375 0.5625 299.375 -540.375 0.53125 411.406 -529.688 0.53125 411.406 -529.688 -188.594 250.344 -509.844 -225.313 250.344 -491.969 -245.563 205.281 -474.625 -185.625 208.313 -504.156 -47.6563 406.469 -526.281 -91.2188 390.219 -525.156 -91.625 357.156 -530.688 -148.438 355.25 -515.5 -94.125 262.063 -534.219 -263.438 128.938 -453.125 -268.375 67.7188 -433.906 -257.625 67.6875 -441.656 -180.031 128.938 -493.469 -175.563 67.8125 -481.031 -186.438 312.531 -507.344 -59.5938 285.688 -535.969 -136.719 209.094 -517.188 -113.5 242.281 -528.406 -166.719 71.375 -484.469 -164.469 128.938 -497.531 -170.344 -3.3125 -466.531 -137.094 7.375 -478.063 -157.313 31.75 -478.188 -264.844 30.1563 -426.875 -250.844 -3.3125 -428.375 -254.063 30.25 -434.656 -172.813 30.625 -473.469 -182.75 167.313 -498.625 -258.969 157.031 -460.031 -152.75 172.906 -507.406 -29.2813 296.625 -538 246.563 205.281 -474.094 226.344 250.344 -491.469 189.656 250.344 -509.438 186.688 208.313 -503.781 92.75 357.156 -530.5 92.3125 390.219 -524.969 48.75 406.469 -526.188 0.5625 361.125 -538.125 0.5625 361.125 -538.125 149.531 355.25 -515.188 95.25 262.063 -534.031</float_array>
                    <technique_common>
                        <accessor count="68" source="#ID74" stride="3">
                            <param name="X" type="float"/>
                            <param name="Y" type="float"/>
                            <param name="Z" type="float"/>
                        </accessor>
                    </technique_common>
                </source>
                <source id="ID75">
                    <float_array id="ID76" count="204">0.0836421 0.0365911 -0.995824 0.080677 0.0383134 -0.996004 0.143633 0.0809992 -0.986311 0.216048 0.0325067 -0.975841 0.26952 0.0638837 -0.960873 0.260738 -0.0394771 -0.964602 0.309693 0.0441201 -0.949812 0.34487 -0.0504024 -0.937296 0.437759 -0.0830207 -0.895251 0.345611 -0.148864 -0.926495 0.432951 -0.149515 -0.888931 0.331973 -0.148818 -0.931476 0.258869 -0.217142 -0.941189 0.318435 -0.21359 -0.923568 0.268106 -0.213894 -0.939345 0.350097 -0.211065 -0.912625 0.28091 -0.208636 -0.936782 0.360898 -0.208574 -0.908983 0.260493 -0.176611 -0.949185 0.360212 -0.174268 -0.916449 0.432548 -0.149701 -0.889096 -0.25661 -0.217684 -0.941682 -0.26585 -0.214125 -0.939933 -0.316243 -0.214109 -0.924201 -0.347787 -0.211169 -0.913483 -0.472138 -0.207482 -0.85676 -0.483456 -0.206384 -0.850692 -0.572256 -0.203041 -0.794542 -0.514708 -0.204595 -0.832597 -0.573039 -0.202784 -0.794043 -0.464516 -0.192835 -0.864315 -0.0863414 0.164822 -0.982537 -0.0865274 0.164628 -0.982553 -0.0849593 0.113615 -0.989886 -0.144835 0.164666 -0.975658 -0.141613 0.0809575 -0.986606 -0.26743 0.0638816 -0.961458 -0.213866 0.0325706 -0.97632 -0.258698 -0.0395184 -0.96515 0.466615 -0.192692 -0.863215 0.516729 -0.204648 -0.83133 0.485088 -0.206517 -0.84973 0.574125 -0.203121 -0.793172 0.473902 -0.207314 -0.855826 -0.358596 -0.208531 -0.909903 -0.358438 -0.174339 -0.91713 -0.430484 -0.149998 -0.890047 -0.329927 -0.148821 -0.932202 -0.430775 -0.149577 -0.889978 -0.343524 -0.149114 -0.92723 -0.30771 0.0444948 -0.950439 -0.342736 -0.0504234 -0.938078 -0.435564 -0.0831944 -0.896305 -0.0826005 0.0362886 -0.995922 -0.0816066 0.0366209 -0.995992 -0.0787522 0.0383164 -0.996158 0.0846714 0.0362823 -0.995748 0.0869584 0.11361 -0.989713 0.146885 0.164704 -0.975345 -0.252535 -0.146663 -0.956408 -0.252514 -0.147052 -0.956354 -0.258248 -0.176611 -0.949798 -0.277551 -0.208623 -0.937786 0.0881909 0.164901 -0.982359 0.0884814 0.164598 -0.982384 0.254867 -0.146992 -0.955739 0.254588 -0.146502 -0.955888 0.57567 -0.202628 -0.792178</float_array>
                    <technique_common>
                        <accessor count="68" source="#ID76" stride="3">
                            <param name="X" type="float"/>
                            <param name="Y" type="float"/>
                            <param name="Z" type="float"/>
                        </accessor>
                    </technique_common>
                </source>
                <source id="ID77">
                    <float_array id="ID78" count="136">0.0509033 0.866089 0.0864258 0.853271 0.124023 0.937012 0.126953 0.825562 0.190552 0.934814 0.149658 0.802368 0.235107 0.884766 0.237671 0.811768 0.28064 0.811768 0.234131 0.762573 0.304443 0.759033 0.230713 0.714478 0.177246 0.526855 0.216187 0.514404 0.200928 0.555542 0.219116 0.554199 0.211914 0.601929 0.22229 0.597778 0.209351 0.669434 0.227539 0.669434 0.320068 0.702393 0.178223 0.526855 0.202026 0.555542 0.217285 0.514404 0.220215 0.554199 0.311646 0.514404 0.315308 0.553711 0.328003 0.553589 0.31958 0.597656 0.332153 0.597656 0.326416 0.669434 0.00598145 1.00049 0.0734863 0.994873 0.00598145 0.941772 0.124512 0.97583 0.125 0.937012 0.19165 0.934814 0.12793 0.825562 0.150635 0.802368 0.325317 0.669434 0.318481 0.597656 0.314331 0.553711 0.326904 0.553589 0.310547 0.514404 0.223389 0.597778 0.228638 0.669434 0.321167 0.702393 0.231812 0.714478 0.30542 0.759033 0.235229 0.762573 0.236206 0.884766 0.238647 0.811768 0.281738 0.811768 0.00598145 0.869263 0.0518799 0.866089 0.0875244 0.853271 0.00488281 0.869263 0.00488281 0.941772 0.123413 0.97583 0.177856 0.763428 0.196655 0.721069 0.210327 0.669434 0.213013 0.601929 0.00488281 1.00049 0.0723877 0.994873 0.195679 0.721069 0.17688 0.763428 0.331055 0.597656</float_array>
                    <technique_common>
                        <accessor count="68" source="#ID78" stride="2">
                            <param name="S" type="float"/>
                            <param name="T" type="float"/>
                        </accessor>
                    </technique_common>
                </source>
                <vertices id="ID79">
                    <input semantic="POSITION" source="#ID73"/>
                </vertices>
                <triangles count="82" material="Material1">
                    <input offset="0" semantic="VERTEX" source="#ID79"/>
                    <input offset="1" semantic="NORMAL" source="#ID75"/>
                    <input offset="2" semantic="TEXCOORD" source="#ID77" set="0"/>
                    <p>61 2 2 6 1 1 21 0 0 6 1 1 61 2 2 67 3 3 66 4 4 67 3 3 61 2 2 67 3 3 66 4 4 7 5 5 5 6 6 7 5 5 66 4 4 7 5 5 5 6 6 59 7 7 58 8 8 59 7 7 5 6 6 59 7 7 58 8 8 60 9 9 57 10 10 60 9 9 58 8 8 60 9 9 57 10 10 19 11 11 13 14 14 12 13 13 11 12 12 12 13 13 13 14 14 17 15 15 10 16 16 17 15 15 13 14 14 17 15 15 10 16 16 4 17 17 9 18 18 4 17 17 10 16 16 4 17 17 9 18 18 3 19 19 19 11 11 3 19 19 9 18 18 3 19 19 19 11 11 18 20 20 57 10 10 18 20 20 19 11 11 46 23 23 48 22 22 47 21 21 48 22 22 46 23 23 52 24 24 50 25 25 52 24 24 46 23 23 52 24 24 50 25 25 51 26 26 49 27 27 51 26 26 50 25 25 51 26 26 49 27 27 37 28 28 36 29 29 37 28 28 49 27 27 37 28 28 36 29 29 35 30 30 65 33 33 30 32 32 25 31 31 30 32 32 65 33 33 31 34 34 32 35 35 31 34 34 65 33 33 31 34 34 32 35 35 33 36 36 34 37 37 33 36 36 32 35 35 33 36 36 34 37 37 43 38 38 1 39 39 3 19 19 18 20 20 3 19 19 1 39 39 4 17 17 2 40 40 4 17 17 1 39 39 4 17 17 2 40 40 16 41 41 15 42 42 16 41 41 2 40 40 16 41 41 15 42 42 14 43 43 35 30 30 39 44 44 37 28 28 39 44 44 35 30 30 38 45 45 54 46 46 38 45 45 35 30 30 38 45 45 54 46 46 53 47 47 28 48 48 53 47 47 54 46 46 53 47 47 28 48 48 29 49 49 43 38 38 40 50 50 33 36 36 40 50 50 43 38 38 26 51 51 29 49 49 26 51 51 43 38 38 26 51 51 29 49 49 27 52 52 28 48 48 27 52 52 29 49 49 56 54 54 65 33 33 23 53 53 65 33 33 56 54 54 32 35 35 41 55 55 32 35 35 56 54 54 32 35 35 41 55 55 34 37 37 64 57 57 21 0 0 22 56 56 21 0 0 64 57 57 61 2 2 62 58 58 61 2 2 64 57 57 61 2 2 62 58 58 66 4 4 42 59 59 29 49 49 43 38 38 29 49 49 42 59 59 53 47 47 55 60 60 53 47 47 42 59 59 53 47 47 55 60 60 45 61 61 52 24 24 44 62 62 48 22 22 44 62 62 52 24 24 39 44 44 51 26 26 39 44 44 52 24 24 39 44 44 51 26 26 37 28 28 45 61 61 38 45 45 53 47 47 38 45 45 45 61 61 39 44 44 44 62 62 39 44 44 45 61 61 63 64 64 64 57 57 24 63 63 64 57 57 63 64 64 62 58 58 20 65 65 19 11 11 9 18 18 19 11 11 20 65 65 8 66 66 8 66 66 60 9 9 19 11 11 60 9 9 8 66 66 7 5 5 0 67 67 2 40 40 1 39 39 2 40 40 0 67 67 15 42 42 16 41 41 17 15 15 4 17 17 17 15 15 16 41 41 14 43 43 26 51 51 27 52 52 40 50 50 60 9 9 7 5 5 59 7 7 14 43 43 12 13 13 17 15 15</p>
                </triangles>
            </mesh>
        </geometry>
        <geometry id="ID81">
            <mesh>
                <source id="ID82">
                    <float_array id="ID83" count="240">-204.594 158.719 -481.625 -220.031 158.875 -487.375 -216.156 166.906 -490.031 -216.156 166.906 -490.031 -217.344 149.969 -487.344 -209.656 145.438 -489.938 -201.5 147.906 -493.656 -197.625 155.938 -496.313 -200.313 164.813 -496.344 -208 169.375 -493.75 -217.156 157.969 -491.875 -214.688 163.094 -493.563 -214.688 163.094 -493.563 -215.438 152.281 -491.844 -210.531 149.406 -493.5 -205.344 150.969 -495.875 -202.875 156.094 -497.563 -204.594 161.75 -497.594 -209.5 164.656 -495.906 -212.094 156.188 -500.094 80.6875 332.781 -524.188 70.0625 332.781 -536.813 73.5938 341.375 -536.344 73.5938 341.375 -536.344 73.5938 324.188 -536.344 82.125 320.625 -535.25 90.6563 324.188 -534.125 94.1875 332.781 -533.688 90.6563 341.375 -534.125 82.125 344.906 -535.25 74.8438 332.781 -539.344 77.0938 338.25 -539.063 77.0938 338.25 -539.063 77.0938 327.281 -539.063 82.5313 325.031 -538.344 87.9688 327.281 -537.625 90.2188 332.781 -537.344 87.9688 338.25 -537.625 82.5313 340.531 -538.344 82.875 332.781 -541.281 205.375 158.719 -477.094 197.5 158.875 -491.563 202.125 166.906 -491.031 202.125 166.906 -491.031 199.5 149.969 -489.781 207 145.438 -486.719 215.625 147.906 -484.156 220.25 155.938 -483.625 218.25 164.813 -485.438 210.75 169.375 -488.5 202.594 157.969 -493.094 205.563 163.094 -492.75 205.563 163.094 -492.75 203.875 152.281 -491.938 208.656 149.406 -489.969 214.156 150.969 -488.375 217.125 156.094 -488.031 215.844 161.75 -489.156 211.031 164.656 -491.125 211.125 157.031 -494.5 -89.3438 333.156 -527.063 -102.844 332.5 -536.5 -99.3125 341.031 -537.594 -99.3125 341.031 -537.594 -99.3125 323.875 -536.344 -90.7813 320.25 -537.219 -82.2813 323.719 -538.563 -78.75 332.25 -539.656 -82.2813 340.875 -539.813 -90.7813 344.5 -538.938 -98.875 332.219 -540.188 -96.625 337.656 -540.844 -96.625 337.656 -540.844 -96.625 326.75 -540.063 -91.1875 324.438 -540.625 -85.75 326.625 -541.5 -83.5 332.094 -542.156 -85.75 337.563 -542.281 -91.1875 339.875 -541.719 -91.1875 332.156 -543.156</float_array>
                    <technique_common>
                        <accessor count="80" source="#ID83" stride="3">
                            <param name="X" type="float"/>
                            <param name="Y" type="float"/>
                            <param name="Z" type="float"/>
                        </accessor>
                    </technique_common>
                </source>
                <source id="ID84">
                    <float_array id="ID85" count="348">0.184471 0.57787 -0.795007 -0.129131 0.56456 -0.815228 0.0657732 0.493378 -0.867324 -0.0775593 0.463051 -0.882932 0.563667 0.352094 -0.747201 0.423687 0.382333 -0.821164 0.675748 -0.079774 -0.732804 0.598586 0.0486 -0.799583 0.453512 -0.465046 -0.760303 0.490072 -0.314742 -0.812876 0.0265815 -0.577585 -0.815898 0.161323 -0.492149 -0.855433 -0.3579 -0.352633 -0.864614 -0.199915 -0.382258 -0.902171 -0.467155 0.0793714 -0.880606 -0.377102 -0.048028 -0.924926 -0.457007 0.234587 -0.857971 -0.384349 0.205241 -0.900085 0.129016 0.000191983 -0.991642 -0.128766 0.000442855 0.991675 -0.35587 0.65255 0.668981 -0.0949519 0.677073 0.729764 0.377901 0.478311 0.792723 0.575493 0 0.817806 0.3787 -0.477504 0.792828 -0.0950641 -0.676129 0.730625 -0.568504 -0.477929 0.669617 -0.765108 0 0.643902 -0.736911 0.268976 0.620173 0.416739 0.461112 -0.783393 0.114825 0.490511 -0.863837 0.299981 0.443338 -0.844667 0.134693 0.44784 -0.88391 0.744705 0.193141 -0.638836 0.651748 0.268646 -0.709263 0.786109 -0.245947 -0.567047 0.772992 -0.116554 -0.623617 0.512599 -0.598517 -0.615646 0.595207 -0.486449 -0.639606 0.093568 -0.654943 -0.749863 0.229194 -0.626889 -0.744634 -0.236117 -0.387087 -0.891298 -0.1161 -0.462215 -0.879135 -0.278145 0.0537576 -0.959033 -0.248247 -0.0799841 -0.965389 -0.246618 0.20468 -0.947252 -0.213386 0.187348 -0.958836 0.312319 -0.10437 -0.944227 -0.312935 0.118838 0.94231 -0.373711 0.759073 0.533056 -0.125628 0.753775 0.645012 0.291095 0.500959 0.815049 0.403081 0.00676769 0.915139 0.144147 -0.441735 0.88549 -0.334091 -0.579554 0.743304 -0.752223 -0.325575 0.572854 -0.8649 0.169187 0.472572 -0.792141 0.42735 0.435759 -0.0270231 0.517204 -0.855435 -0.332511 0.505001 -0.796499 -0.16336 0.387543 -0.907262 -0.285246 0.346661 -0.893566 0.355758 0.288213 -0.889027 0.169086 0.287557 -0.94272 0.46715 -0.14177 -0.872738 0.335208 -0.0179906 -0.941972 0.245002 -0.52665 -0.814011 0.235847 -0.350227 -0.906486 -0.184345 -0.630686 -0.753825 -0.0683354 -0.511968 -0.856282 -0.565323 -0.404443 -0.718913 -0.394763 -0.410718 -0.821872 -0.677995 0.0276899 -0.734544 -0.559266 -0.106884 -0.822069 -0.658816 0.179018 -0.730694 -0.569868 0.136169 -0.810375 -0.124987 -0.0678716 -0.989834 0.130298 0.0708412 0.988941 -0.176199 0.701042 0.691009 0.0958233 0.725537 0.681479 0.57026 0.523673 0.632907 0.766074 0.0462715 0.641085 0.569348 -0.428701 0.701469 0.0960271 -0.622135 0.776999 -0.377269 -0.420116 0.825331 -0.573879 0.0597426 0.816758 -0.552103 0.326864 0.767035 -0.198994 0.460759 -0.864929 -0.478633 0.488698 -0.729442 -0.31401 0.485236 -0.816054 -0.477161 0.496889 -0.724858 0.144154 0.193508 -0.970451 0.0739666 0.299581 -0.951199 0.218032 -0.246038 -0.944419 0.241391 -0.12126 -0.962822 -0.0162514 -0.599025 -0.800565 0.0843164 -0.530685 -0.843364 -0.420289 -0.656137 -0.626771 -0.301224 -0.684012 -0.664373 -0.761165 -0.386765 -0.520616 -0.687547 -0.4934 -0.532761 -0.836591 0.0530746 -0.54525 -0.850318 -0.0723496 -0.521273 -0.805517 0.204736 -0.556081 -0.80742 0.206962 -0.552485 -0.376124 -0.124187 -0.918209 0.381198 0.1189 0.916816 0.0659209 0.758612 0.648199 0.326622 0.753549 0.570511 0.753798 0.500065 0.426291 0.903809 0.00485313 0.427909 0.689382 -0.441658 0.574188 0.235791 -0.578571 0.780806 -0.192155 -0.325163 0.925929 -0.342407 0.170649 0.923925 -0.311232 0.430397 0.847286</float_array>
                    <technique_common>
                        <accessor count="116" source="#ID85" stride="3">
                            <param name="X" type="float"/>
                            <param name="Y" type="float"/>
                            <param name="Z" type="float"/>
                        </accessor>
                    </technique_common>
                </source>
                <source id="ID86">
                    <float_array id="ID87" count="40">0.875 0.15918 1 0.15918 0.6875 0.0795898 0.75 0.0795898 0.75 0.15918 0.625 0.0795898 0.625 0.15918 0.5625 0.0795898 0.5 0.15918 0.5 0.0795898 0.375 0.15918 0.4375 0.0795898 0.25 0.15918 0.375 0.0795898 0.125 0.15918 0.3125 0.0795898 0 0.15918 0.25 0.0795898 0.5 0 0.5 0.493408</float_array>
                    <technique_common>
                        <accessor count="20" source="#ID87" stride="2">
                            <param name="S" type="float"/>
                            <param name="T" type="float"/>
                        </accessor>
                    </technique_common>
                </source>
                <vertices id="ID88">
                    <input semantic="POSITION" source="#ID82"/>
                </vertices>
                <triangles count="128" material="Material1">
                    <input offset="0" semantic="VERTEX" source="#ID88"/>
                    <input offset="1" semantic="NORMAL" source="#ID84"/>
                    <input offset="2" semantic="TEXCOORD" source="#ID86" set="0"/>
                    <p>38 2 2 23 1 1 29 0 0 23 1 1 38 2 2 32 3 3 37 5 5 29 0 0 28 4 4 29 0 0 37 5 5 38 2 2 36 7 7 28 4 4 27 6 6 28 4 4 36 7 7 37 5 5 35 9 9 27 6 6 26 8 8 27 6 6 35 9 9 36 7 7 34 11 11 26 8 8 25 10 10 26 8 8 34 11 11 35 9 9 33 13 13 25 10 10 24 12 12 25 10 10 33 13 13 34 11 11 30 15 15 24 12 12 21 14 14 24 12 12 30 15 15 33 13 13 31 17 17 21 14 14 22 16 16 21 14 14 31 17 17 30 15 15 36 7 7 35 9 9 39 18 18 35 9 9 34 11 11 39 18 18 34 11 11 33 13 13 39 18 18 33 13 13 30 15 15 39 18 18 30 15 15 31 17 17 39 18 18 32 3 3 38 2 2 39 18 18 38 2 2 37 5 5 39 18 18 37 5 5 36 7 7 39 18 18 29 21 0 23 20 1 20 19 19 28 22 4 29 21 0 20 19 19 27 23 6 28 22 4 20 19 19 26 24 8 27 23 6 20 19 19 25 25 10 26 24 8 20 19 19 24 26 12 25 25 10 20 19 19 21 27 14 24 26 12 20 19 19 22 28 16 21 27 14 20 19 19 58 31 2 43 30 1 49 29 0 43 30 1 58 31 2 52 32 3 57 34 5 49 29 0 48 33 4 49 29 0 57 34 5 58 31 2 56 36 7 48 33 4 47 35 6 48 33 4 56 36 7 57 34 5 55 38 9 47 35 6 46 37 8 47 35 6 55 38 9 56 36 7 54 40 11 46 37 8 45 39 10 46 37 8 54 40 11 55 38 9 53 42 13 45 39 10 44 41 12 45 39 10 53 42 13 54 40 11 50 44 15 44 41 12 41 43 14 44 41 12 50 44 15 53 42 13 51 46 17 41 43 14 42 45 16 41 43 14 51 46 17 50 44 15 56 36 7 55 38 9 59 47 18 55 38 9 54 40 11 59 47 18 54 40 11 53 42 13 59 47 18 53 42 13 50 44 15 59 47 18 50 44 15 51 46 17 59 47 18 52 32 3 58 31 2 59 47 18 58 31 2 57 34 5 59 47 18 57 34 5 56 36 7 59 47 18 49 50 0 43 49 1 40 48 19 48 51 4 49 50 0 40 48 19 47 52 6 48 51 4 40 48 19 46 53 8 47 52 6 40 48 19 45 54 10 46 53 8 40 48 19 44 55 12 45 54 10 40 48 19 41 56 14 44 55 12 40 48 19 42 57 16 41 56 14 40 48 19 78 60 2 63 59 1 69 58 0 63 59 1 78 60 2 72 61 3 77 63 5 69 58 0 68 62 4 69 58 0 77 63 5 78 60 2 76 65 7 68 62 4 67 64 6 68 62 4 76 65 7 77 63 5 75 67 9 67 64 6 66 66 8 67 64 6 75 67 9 76 65 7 74 69 11 66 66 8 65 68 10 66 66 8 74 69 11 75 67 9 73 71 13 65 68 10 64 70 12 65 68 10 73 71 13 74 69 11 70 73 15 64 70 12 61 72 14 64 70 12 70 73 15 73 71 13 71 75 17 61 72 14 62 74 16 61 72 14 71 75 17 70 73 15 76 65 7 75 67 9 79 76 18 75 67 9 74 69 11 79 76 18 74 69 11 73 71 13 79 76 18 73 71 13 70 73 15 79 76 18 70 73 15 71 75 17 79 76 18 72 61 3 78 60 2 79 76 18 78 60 2 77 63 5 79 76 18 77 63 5 76 65 7 79 76 18 69 79 0 63 78 1 60 77 19 68 80 4 69 79 0 60 77 19 67 81 6 68 80 4 60 77 19 66 82 8 67 81 6 60 77 19 65 83 10 66 82 8 60 77 19 64 84 12 65 83 10 60 77 19 61 85 14 64 84 12 60 77 19 62 86 16 61 85 14 60 77 19 18 89 2 3 88 1 9 87 0 3 88 1 18 89 2 12 90 3 17 92 5 9 87 0 8 91 4 9 87 0 17 92 5 18 89 2 16 94 7 8 91 4 7 93 6 8 91 4 16 94 7 17 92 5 15 96 9 7 93 6 6 95 8 7 93 6 15 96 9 16 94 7 14 98 11 6 95 8 5 97 10 6 95 8 14 98 11 15 96 9 13 100 13 5 97 10 4 99 12 5 97 10 13 100 13 14 98 11 10 102 15 4 99 12 1 101 14 4 99 12 10 102 15 13 100 13 11 104 17 1 101 14 2 103 16 1 101 14 11 104 17 10 102 15 16 94 7 15 96 9 19 105 18 15 96 9 14 98 11 19 105 18 14 98 11 13 100 13 19 105 18 13 100 13 10 102 15 19 105 18 10 102 15 11 104 17 19 105 18 12 90 3 18 89 2 19 105 18 18 89 2 17 92 5 19 105 18 17 92 5 16 94 7 19 105 18 9 108 0 3 107 1 0 106 19 8 109 4 9 108 0 0 106 19 7 110 6 8 109 4 0 106 19 6 111 8 7 110 6 0 106 19 5 112 10 6 111 8 0 106 19 4 113 12 5 112 10 0 106 19 1 114 14 4 113 12 0 106 19 2 115 16 1 114 14 0 106 19</p>
                </triangles>
            </mesh>
        </geometry>
        <geometry id="ID90">
            <mesh>
                <source id="ID91">
                    <float_array id="ID92" count="240">-159.406 267.219 -523.063 -160.469 259.469 -528.313 -206.469 59.9375 -458.375 -221.844 59.9688 -464.344 -217.75 67.6563 -467.594 -217.75 67.6563 -467.594 -219.375 51.0625 -463.531 -211.781 46.125 -465.625 -203.5 48.0625 -469.406 -199.406 55.75 -472.656 -201.875 64.6563 -473.5 -209.469 69.5938 -471.375 -218.938 58.625 -468.688 -216.313 63.5313 -470.781 -216.313 63.5313 -470.781 -217.375 52.9375 -468.156 -212.531 49.7813 -469.5 -207.25 51.0313 -471.938 -204.625 55.9063 -474 -206.219 61.625 -474.531 -211.063 64.7813 -473.188 -212.938 57.2813 -475.375 159.813 259.469 -507.594 150.906 259.469 -521.469 154.375 268.031 -520.563 154.375 268.031 -520.563 154.375 250.875 -520.563 162.656 247.313 -518.375 170.969 250.875 -516.156 174.406 259.469 -515.25 170.969 268.031 -516.156 162.656 271.594 -518.375 155.969 259.469 -523.375 158.156 264.938 -522.781 158.156 264.938 -522.781 158.156 253.969 -522.781 163.469 251.719 -521.375 168.75 253.969 -519.969 170.969 259.469 -519.406 168.75 264.938 -519.969 163.469 267.219 -521.375 164.563 259.469 -524.875 211.031 59.9375 -452.031 205.688 59.9688 -467.625 210.813 67.6563 -466.594 210.813 67.6563 -466.594 206.625 51.0625 -465.219 213.125 46.125 -460.75 221.375 48.0625 -456.875 226.5 55.75 -455.844 225.531 64.6563 -458.25 219.031 69.5938 -462.719 210.875 58.625 -468.219 214.156 63.5313 -467.563 214.156 63.5313 -467.563 211.469 52.9375 -466.688 215.625 49.7813 -463.844 220.875 51.0313 -461.375 224.156 55.9063 -460.719 223.531 61.625 -462.25 219.375 64.7813 -465.094 219.719 57.2813 -467.938 -155.344 259.469 -509.375 -170.156 259.469 -516.625 -166.75 268.031 -517.625 -166.75 268.031 -517.625 -166.75 250.875 -517.625 -158.5 247.313 -520.063 -150.281 250.875 -522.5 -146.875 259.469 -523.5 -150.281 268.031 -522.5 -158.5 271.594 -520.063 -166.844 259.469 -520.875 -164.656 264.938 -521.531 -164.656 264.938 -521.531 -164.656 253.969 -521.531 -159.406 251.719 -523.063 -154.156 253.969 -524.625 -151.969 259.469 -525.25 -154.156 264.938 -524.625</float_array>
                    <technique_common>
                        <accessor count="80" source="#ID92" stride="3">
                            <param name="X" type="float"/>
                            <param name="Y" type="float"/>
                            <param name="Z" type="float"/>
                        </accessor>
                    </technique_common>
                </source>
                <source id="ID93">
                    <float_array id="ID94" count="348">0.28612 0.577068 -0.764937 -0.0235128 0.562976 -0.826138 0.173225 0.519459 -0.836753 0.0186151 0.492886 -0.869895 0.656474 0.353468 -0.66641 0.541576 0.403584 -0.737438 0.767065 -0.0807851 -0.636463 0.722344 0.0482273 -0.68985 0.54801 -0.463758 -0.696142 0.606889 -0.336334 -0.720115 0.132286 -0.575564 -0.806986 0.266502 -0.518217 -0.812667 -0.242167 -0.352459 -0.903951 -0.100735 -0.399689 -0.911099 -0.350999 0.0807673 -0.932886 -0.280426 -0.0476031 -0.958695 -0.341839 0.234791 -0.909956 -0.285739 0.21543 -0.933779 0.260877 0.000225077 -0.965372 -0.256252 0.000619313 0.96661 -0.442961 0.651517 0.615882 -0.189383 0.676891 0.711304 0.272936 0.478804 0.834417 0.464574 0.00047255 0.885534 0.272716 -0.477923 0.834994 -0.189605 -0.675946 0.712142 -0.650124 -0.47889 0.589919 -0.841548 0.000477582 0.540183 -0.809588 0.27297 0.519668 0.577931 0.394473 -0.714413 0.296107 0.439405 -0.848083 0.471821 0.383651 -0.793849 0.31423 0.393973 -0.863739 0.853762 0.109395 -0.509042 0.783486 0.191496 -0.591168 0.845773 -0.330472 -0.418875 0.855284 -0.202295 -0.477039 0.558063 -0.663332 -0.498554 0.653037 -0.555454 -0.514795 0.159201 -0.698384 -0.697793 0.303075 -0.670383 -0.677297 -0.11495 -0.410538 -0.904569 0.00257723 -0.488497 -0.872562 -0.10691 0.0267447 -0.993909 -0.0797056 -0.10885 -0.990858 -0.0669437 0.176367 -0.982045 -0.0289707 0.15161 -0.988016 0.465402 -0.163625 -0.869843 -0.454776 0.187341 0.870679 -0.39568 0.808976 0.434736 -0.171452 0.791428 0.586724 0.18996 0.516582 0.8349 0.24423 0.0194939 0.969521 -0.0408783 -0.407691 0.912205 -0.499017 -0.515396 0.69667 -0.86104 -0.239281 0.448726 -0.914207 0.25643 0.313799 -0.815588 0.506097 0.280504 -0.153113 0.580307 -0.799875 -0.448515 0.567437 -0.690543 -0.275896 0.576109 -0.769402 -0.446121 0.555884 -0.701405 0.217043 0.352443 -0.910316 0.132817 0.444186 -0.886035 0.324595 -0.0786466 -0.942578 0.330646 0.0485749 -0.942504 0.107727 -0.466134 -0.878131 0.196605 -0.375714 -0.905641 -0.305744 -0.579201 -0.755676 -0.183588 -0.574738 -0.797479 -0.677942 -0.35413 -0.644194 -0.583919 -0.437252 -0.683995 -0.786211 0.0806125 -0.612677 -0.77638 -0.0476794 -0.628459 -0.766739 0.235259 -0.597297 -0.758204 0.230156 -0.610045 -0.26757 0.000260971 -0.963538 0.284021 0.000618204 0.958818 -0.0579079 0.651603 0.756347 0.209386 0.676688 0.705869 0.667973 0.478598 0.569874 0.85766 0.000473836 0.514217 0.668087 -0.477715 0.570481 0.209632 -0.675744 0.7067 -0.249675 -0.477389 0.842474 -0.439618 0.000471876 0.898185 -0.42336 0.269435 0.864969 -0.173912 0.396189 -0.901548 -0.457379 0.439846 -0.772877 -0.301345 0.387212 -0.871354 -0.458837 0.395573 -0.795607 0.159157 0.107203 -0.981416 0.0566184 0.193486 -0.979468 0.225574 -0.330732 -0.916369 0.191619 -0.203116 -0.960222 -0.0206398 -0.663194 -0.748163 0.0306248 -0.556935 -0.829991 -0.431059 -0.696102 -0.574135 -0.322497 -0.671012 -0.667637 -0.764407 -0.410303 -0.497326 -0.665243 -0.488109 -0.564979 -0.82725 0.0255347 -0.561253 -0.808055 -0.109536 -0.578834 -0.792576 0.175134 -0.584081 -0.773247 0.151004 -0.615863 -0.361978 -0.163464 -0.917743 0.372344 0.186417 0.90918 0.0769742 0.80881 0.583011 0.338983 0.791002 0.50932 0.761105 0.516537 0.392313 0.898548 0.020298 0.438407 0.670066 -0.408336 0.619898 0.209582 -0.516419 0.830293 -0.212162 -0.241603 0.946898 -0.34951 0.254719 0.901643 -0.311282 0.505872 0.804486</float_array>
                    <technique_common>
                        <accessor count="116" source="#ID94" stride="3">
                            <param name="X" type="float"/>
                            <param name="Y" type="float"/>
                            <param name="Z" type="float"/>
                        </accessor>
                    </technique_common>
                </source>
                <source id="ID95">
                    <float_array id="ID96" count="40">0.875 0.15918 1 0.15918 0.6875 0.0795898 0.75 0.0795898 0.75 0.15918 0.625 0.0795898 0.625 0.15918 0.5625 0.0795898 0.5 0.15918 0.5 0.0795898 0.375 0.15918 0.4375 0.0795898 0.25 0.15918 0.375 0.0795898 0.125 0.15918 0.3125 0.0795898 0 0.15918 0.25 0.0795898 0.5 0 0.5 0.493408</float_array>
                    <technique_common>
                        <accessor count="20" source="#ID96" stride="2">
                            <param name="S" type="float"/>
                            <param name="T" type="float"/>
                        </accessor>
                    </technique_common>
                </source>
                <vertices id="ID97">
                    <input semantic="POSITION" source="#ID91"/>
                </vertices>
                <triangles count="128" material="Material1">
                    <input offset="0" semantic="VERTEX" source="#ID97"/>
                    <input offset="1" semantic="NORMAL" source="#ID93"/>
                    <input offset="2" semantic="TEXCOORD" source="#ID95" set="0"/>
                    <p>40 2 2 25 1 1 31 0 0 25 1 1 40 2 2 34 3 3 39 5 5 31 0 0 30 4 4 31 0 0 39 5 5 40 2 2 38 7 7 30 4 4 29 6 6 30 4 4 38 7 7 39 5 5 37 9 9 29 6 6 28 8 8 29 6 6 37 9 9 38 7 7 36 11 11 28 8 8 27 10 10 28 8 8 36 11 11 37 9 9 35 13 13 27 10 10 26 12 12 27 10 10 35 13 13 36 11 11 32 15 15 26 12 12 23 14 14 26 12 12 32 15 15 35 13 13 33 17 17 23 14 14 24 16 16 23 14 14 33 17 17 32 15 15 38 7 7 37 9 9 41 18 18 37 9 9 36 11 11 41 18 18 36 11 11 35 13 13 41 18 18 35 13 13 32 15 15 41 18 18 32 15 15 33 17 17 41 18 18 34 3 3 40 2 2 41 18 18 40 2 2 39 5 5 41 18 18 39 5 5 38 7 7 41 18 18 31 21 0 25 20 1 22 19 19 30 22 4 31 21 0 22 19 19 29 23 6 30 22 4 22 19 19 28 24 8 29 23 6 22 19 19 27 25 10 28 24 8 22 19 19 26 26 12 27 25 10 22 19 19 23 27 14 26 26 12 22 19 19 24 28 16 23 27 14 22 19 19 60 31 2 45 30 1 51 29 0 45 30 1 60 31 2 54 32 3 59 34 5 51 29 0 50 33 4 51 29 0 59 34 5 60 31 2 58 36 7 50 33 4 49 35 6 50 33 4 58 36 7 59 34 5 57 38 9 49 35 6 48 37 8 49 35 6 57 38 9 58 36 7 56 40 11 48 37 8 47 39 10 48 37 8 56 40 11 57 38 9 55 42 13 47 39 10 46 41 12 47 39 10 55 42 13 56 40 11 52 44 15 46 41 12 43 43 14 46 41 12 52 44 15 55 42 13 53 46 17 43 43 14 44 45 16 43 43 14 53 46 17 52 44 15 58 36 7 57 38 9 61 47 18 57 38 9 56 40 11 61 47 18 56 40 11 55 42 13 61 47 18 55 42 13 52 44 15 61 47 18 52 44 15 53 46 17 61 47 18 54 32 3 60 31 2 61 47 18 60 31 2 59 34 5 61 47 18 59 34 5 58 36 7 61 47 18 51 50 0 45 49 1 42 48 19 50 51 4 51 50 0 42 48 19 49 52 6 50 51 4 42 48 19 48 53 8 49 52 6 42 48 19 47 54 10 48 53 8 42 48 19 46 55 12 47 54 10 42 48 19 43 56 14 46 55 12 42 48 19 44 57 16 43 56 14 42 48 19 0 60 2 65 59 1 71 58 0 65 59 1 0 60 2 74 61 3 79 63 5 71 58 0 70 62 4 71 58 0 79 63 5 0 60 2 78 65 7 70 62 4 69 64 6 70 62 4 78 65 7 79 63 5 77 67 9 69 64 6 68 66 8 69 64 6 77 67 9 78 65 7 76 69 11 68 66 8 67 68 10 68 66 8 76 69 11 77 67 9 75 71 13 67 68 10 66 70 12 67 68 10 75 71 13 76 69 11 72 73 15 66 70 12 63 72 14 66 70 12 72 73 15 75 71 13 73 75 17 63 72 14 64 74 16 63 72 14 73 75 17 72 73 15 78 65 7 77 67 9 1 76 18 77 67 9 76 69 11 1 76 18 76 69 11 75 71 13 1 76 18 75 71 13 72 73 15 1 76 18 72 73 15 73 75 17 1 76 18 74 61 3 0 60 2 1 76 18 0 60 2 79 63 5 1 76 18 79 63 5 78 65 7 1 76 18 71 79 0 65 78 1 62 77 19 70 80 4 71 79 0 62 77 19 69 81 6 70 80 4 62 77 19 68 82 8 69 81 6 62 77 19 67 83 10 68 82 8 62 77 19 66 84 12 67 83 10 62 77 19 63 85 14 66 84 12 62 77 19 64 86 16 63 85 14 62 77 19 20 89 2 5 88 1 11 87 0 5 88 1 20 89 2 14 90 3 19 92 5 11 87 0 10 91 4 11 87 0 19 92 5 20 89 2 18 94 7 10 91 4 9 93 6 10 91 4 18 94 7 19 92 5 17 96 9 9 93 6 8 95 8 9 93 6 17 96 9 18 94 7 16 98 11 8 95 8 7 97 10 8 95 8 16 98 11 17 96 9 15 100 13 7 97 10 6 99 12 7 97 10 15 100 13 16 98 11 12 102 15 6 99 12 3 101 14 6 99 12 12 102 15 15 100 13 13 104 17 3 101 14 4 103 16 3 101 14 13 104 17 12 102 15 18 94 7 17 96 9 21 105 18 17 96 9 16 98 11 21 105 18 16 98 11 15 100 13 21 105 18 15 100 13 12 102 15 21 105 18 12 102 15 13 104 17 21 105 18 14 90 3 20 89 2 21 105 18 20 89 2 19 92 5 21 105 18 19 92 5 18 94 7 21 105 18 11 108 0 5 107 1 2 106 19 10 109 4 11 108 0 2 106 19 9 110 6 10 109 4 2 106 19 8 111 8 9 110 6 2 106 19 7 112 10 8 111 8 2 106 19 6 113 12 7 112 10 2 106 19 3 114 14 6 113 12 2 106 19 4 115 16 3 114 14 2 106 19</p>
                </triangles>
            </mesh>
        </geometry>
        <geometry id="ID99">
            <mesh>
                <source id="ID100">
                    <float_array id="ID101" count="1524">261.656 674.531 344.656 268.438 591.031 404.438 187.625 613.063 436.375 380.313 393.406 381.125 295.813 394.344 447.719 286.156 498.938 433.406 202.188 253.125 492.156 101.25 253.125 518.75 99.5938 401.5 521.469 201.031 398.063 494.344 380 253.125 380.75 476.156 509.031 196.219 294.344 788.844 93.5938 190.438 811.906 190.844 198.031 838.563 95.6875 -0.40625 726 390.344 195.219 509.031 476.563 319.625 647.781 320.313 518.563 253.125 102.313 -0.3125 796.563 300.469 296.688 253.125 446.125 -0.53125 253.125 526.75 -0.53125 405.813 529.563 162.344 399.406 -504.625 0.53125 460.406 -520.406 52.9063 455.063 -516.594 100.219 437.406 -515.25 248.063 250.406 -460.969 199.563 328.719 -485.719 191.531 314.938 -465.875 231.219 251.375 -450.063 159.125 374.156 -494.438 152.719 358.563 -474.281 51.8438 428.688 -506.156 0.53125 433.938 -509.906 0.5 415.938 -489.125 49.7813 410.875 -485.531 98.2188 411.406 -504.875 94.2813 394.281 -484.281 -491.75 253.125 -203.25 -445.563 253.125 -297.656 -447.094 394.344 -296.75 -493.906 398.063 -202.063 -94.25 620.688 -443.781 -94.25 620.688 -443.781 -98.0938 519.094 -501.813 -98.0938 519.094 -501.813 -368.219 495.5 -369 -344.844 584.063 -345.563 -403.875 591.031 -269.313 -432.813 498.938 -287.063 -180.906 688.938 -355.531 -92.5313 705.625 -370.906 -92.5313 705.625 -370.906 -97.4375 774.125 -282.094 -97.4375 774.125 -282.094 -202.5 755.219 -258.281 -98.6563 855.844 -97.0313 -98.6563 855.844 -97.0313 -97.2188 823.094 -192 -97.2188 823.094 -192 -258.906 666.5 -333.781 -269.906 592.5 -391.406 -185.906 607.844 -423.563 -380.313 393.406 -381.125 -295.813 394.344 -447.719 -286.156 498.938 -433.406 -380 253.125 -380.844 -476.156 509.031 -196.219 -195.219 509.031 -476.563 -319.625 647.781 -320.313 -344.125 674.531 -262.375 -526.813 253.125 -0.59375 -518.563 253.125 -102.406 -521.25 401.5 -100.688 -529.563 405.813 -0.53125 -501.625 519.094 -99.1563 -267.063 718.906 -265.594 -279.219 764.469 -186.125 -194.313 800.063 -184.188 -100.5 870.5 -0 -100.5 870.5 -0 -202.844 847.344 -0.1875 -198.063 827.969 -94.4375 -296.688 253.125 -446.219 -201.031 398.063 -494.344 -244.781 285.469 -479.406 -202.594 353.031 -496.125 -447.719 394.344 295.813 -446.188 253.125 296.625 -492.188 253.125 202.125 -494.344 398.063 201.031 -96.5 629.094 457.563 -99.1563 519.094 501.625 -404.438 591.031 268.438 -345.563 584.063 344.844 -369 495.5 368.219 -433.406 498.938 286.156 -93.5938 788.844 294.344 -94.2188 718.719 383.875 -183.688 700.5 367.594 -184.031 767.031 281.781 -97.9063 868.281 97.6875 -95.6875 838.563 198.031 -269.313 591.031 403.875 -262.375 674.531 344.125 -188.531 613.063 436 -296.75 394.344 447.094 -381.125 393.406 380.313 -287.063 498.938 432.813 -100.688 401.5 521.25 246.563 205.281 -467.313 -102.344 253.125 518.531 226.344 250.344 -484.688 -203.219 253.125 491.719 189.656 250.344 -502.656 -202.063 398.063 493.906 186.688 208.313 -497 -380.813 253.125 379.969 -0.25 129.25 248.656 -476.563 509.031 195.219 107.344 236.156 248.781 107.344 236.156 248.781 -196.219 509.031 476.156 89.0625 254.844 248.75 89.0625 254.844 248.75 -344.656 674.531 261.656 86.875 7.375 -484.156 -320.313 647.781 319.625 0.5 7.375 -490.875 -436.375 613.063 187.625 0.5 -3.3125 -488.031 -521.469 401.5 99.5938 86.5313 -3.3125 -481.313 -518.781 253.125 101.219 27.875 287.438 248.688 27.875 287.438 248.688 -501.813 519.094 98.0938 -0.25 290.031 248.656 -0.25 290.031 248.656 -265.094 734.688 264.531 56.5 277.125 248.719 56.5 277.125 248.719 -282.188 767.031 183.438 92.75 357.156 -523.719 -190.844 811.906 190.438 92.3125 390.219 -518.188 -198.25 838.563 95.2813 48.75 406.469 -519.406 -297.625 253.125 445.5 0.53125 361.125 -531.344 -161.281 399.406 -504.969 149.5 355.25 -508.406 -51.8125 455.063 -516.688 -51.8125 455.063 -516.688 144.344 170.719 248.813 144.344 170.719 248.813 -99.125 437.406 -515.469 155.375 129.25 248.844 155.375 129.25 248.844 -190.563 314.938 -466.281 129.219 204.875 248.813 129.219 204.875 248.813 -198.531 328.719 -486.125 81.2188 14.5625 248.75 81.2188 14.5625 248.75 -247.094 250.406 -461.5 129.563 14.5625 248.813 129.563 14.5625 248.813 129.563 14.5625 248.813 -230.25 251.375 -450.563 157.5 74.9375 248.844 157.5 74.9375 248.844 -151.719 358.563 -474.594 148.625 37.5625 248.813 148.625 37.5625 248.813 -158.063 374.156 -494.781 95.25 262.063 -527.25 -50.7813 428.688 -506.281 -50.7813 428.688 -506.281 -0.25 14.5625 248.656 -0.25 14.5625 248.656 -48.75 410.875 -485.625 -48.75 410.875 -485.625 269.25 67.7188 -426.563 -93.25 394.281 -484.469 264.375 128.938 -445.781 -97.1563 411.406 -505.063 258.531 67.6875 -434.344 -368.063 694.531 -183.313 181.063 128.938 -486.313 -296.656 786.344 93.5 176.563 67.8125 -473.875 -510.531 519.156 -0.53125 187.5 312.531 -500.188 -296.563 786.344 -93.75 60.7188 285.688 -529.063 -302.563 794.156 -0.125 114.625 242.281 -521.375 -435.625 608.313 -188.063 137.781 209.094 -510.125 -372.469 699.406 185.344 165.5 128.938 -490.406 -460.75 626.781 95.9375 167.719 71.375 -477.344 -387.094 716.031 93.9063 171.313 -3.3125 -459.406 421.719 126.969 -278.938 138.094 7.375 -471 359.094 126.969 -358.656 158.313 31.75 -471.063 348.781 70 -348.375 251.875 205.344 -432.313 409.594 70 -270.844 231.219 251.375 -450.063 489.938 126.969 -93.875 259.906 157.031 -452.688 465 126.969 -189.406 265.531 156.063 -417.375 295.188 126.969 -411.875 270.094 127.313 -410.313 450.875 70 -184.313 81.9688 14.5625 -465.188 81.9688 14.5625 -465.188 496.781 126.969 0.1875 0.46875 14.5625 -471.531 0.46875 14.5625 -471.531 474.75 70 -92 0.53125 411.406 -522.906 481.625 70 0.1875 49.75 410.875 -485.531 278.625 126.969 421.406 0.5 415.938 -489.125 189.094 127 464.688 94.2813 394.281 -484.281 348.063 70 348.469 152.719 358.563 -474.281 358.344 126.969 358.781 191.531 314.938 -465.875 421.125 126.969 279.188 89.8438 254.844 -505.844 89.8438 254.844 -505.844 409.031 70 271.063 108.125 236.156 -500.313 108.125 236.156 -500.313 489.75 126.969 94.2813 275.063 64.7813 -390.656 464.625 126.969 189.781 265.719 30.1563 -419.531 -0.5 70 481.313 271.469 26.4063 -383.5 -0.5 126.969 496.469 251.75 -3.3125 -421.063 93.5625 126.969 489.625 257.188 -3.3125 -385.063 91.6875 70 474.438 57.2813 277.125 -507.531 57.2813 277.125 -507.531 270.531 70 409.281 30.4063 296.625 -531.156 184 70 450.563 28.6875 287.438 -509.531 28.6875 287.438 -509.531 450.5 70 184.656 0.53125 299.375 -533.594 474.563 70 92.375 0.53125 290.031 -511.813 0.53125 290.031 -511.813 290.5 152.75 -419.156 153.813 172.906 -500.313 447.719 394.344 -295.813 270.094 127.313 -410.313 145.125 170.719 -480.406 145.125 170.719 -480.406 446.188 253.125 -296.719 275.063 64.7813 -390.656 156.156 129.25 -471.094 156.156 129.25 -471.094 492.188 253.125 -202.219 300.313 70 -391.688 130 204.875 -489.688 130 204.875 -489.688 494.344 398.063 -201.031 265.531 156.063 -417.375 130.281 14.5625 -452.75 130.281 14.5625 -452.75 130.281 14.5625 -452.75 95.6875 619.125 -443.125 276.469 197 -434.5 149.375 37.5625 -452.844 149.375 37.5625 -452.844 0.78125 625.281 -450.406 251.875 205.344 -432.313 158.25 74.9375 -458.75 158.25 74.9375 -458.75 0.53125 525.063 -509.563 -348.063 70 -349.094 254.969 30.25 -427.344 99.1563 519.094 -501.625 -358.344 126.969 -359.406 173.813 30.625 -466.313 404.438 591.031 -268.438 -421.125 126.969 -279.813 183.781 167.313 -491.469 345.563 584.063 -344.844 -409.031 70 -271.688 -188.594 250.344 -503.063 369 495.5 -368.219 -489.75 126.969 -94.9063 -225.313 250.344 -485.188 433.406 498.938 -286.156 -464.625 126.969 -190.406 -245.563 205.281 -467.844 457.75 629.094 -95.5313 -294.313 126.969 -412.5 -185.656 208.313 -497.375 384.063 718.719 -93.4063 -450.5 70 -185.25 -107.875 236.156 248.563 -107.875 236.156 248.563 367.969 700.5 -182.938 -496.781 126.969 -0.8125 -89.5938 254.844 248.563 -89.5938 254.844 248.563 436.375 613.063 -187.625 -481.625 70 -0.8125 -85.875 7.375 -484.344 521.469 401.5 -99.5938 -474.563 70 -93 -85.5313 -3.3125 -481.5 529.563 405.813 0.53125 -279.5 126.969 420.813 -28.4063 287.438 248.625 -28.4063 287.438 248.625 509.563 525.063 0.53125 -190.094 126.969 464.313 -57.0313 277.125 248.594 -57.0313 277.125 248.594 501.813 519.094 -98.0938 -421.719 126.969 278.313 -47.6563 406.469 -519.5 269.75 722.188 -260.813 -359.094 126.969 358.031 -91.2188 390.219 -518.375 344.656 674.531 -261.656 -348.781 70 347.75 -91.625 357.156 -523.906 282.188 767.031 -183.438 -409.594 70 270.219 -148.438 355.25 -508.719 92.9063 773.281 -285.094 -489.938 126.969 93.25 -144.875 170.719 248.5 -144.875 170.719 248.5 92.6875 706.063 -371.063 -465 126.969 188.781 -155.906 129.25 248.5 -155.906 129.25 248.5 180.938 689.688 -355.875 -94.5938 126.969 489.438 -129.75 204.875 248.531 -129.75 204.875 248.531 202 755.563 -256.438 -92.6875 70 474.25 -158.031 74.9375 248.5 -158.031 74.9375 248.5 98.4375 854.063 -97.5313 -271.375 70 408.719 -149.156 37.5625 248.5 -149.156 37.5625 248.5 0.15625 861.875 -98.7813 -184.938 70 450.188 -130.094 14.5625 248.531 -130.094 14.5625 248.531 -130.094 14.5625 248.531 -0.28125 833.938 -197.406 -450.875 70 183.688 -81.75 14.5625 248.594 -81.75 14.5625 248.594 95.4063 825.031 -193.75 -474.75 70 91.375 -94.125 262.063 -527.438 270.125 590.719 -389.281 -289.594 152.75 -419.75 -263.469 128.938 -446.344 259.156 667.625 -334.625 -274.25 64.7813 -391.25 -268.375 67.7188 -427.125 186.25 605 -422.781 -269.219 127.313 -410.875 -257.625 67.6875 -434.875 296.75 394.344 -447.094 -299.469 70 -392.313 -180.063 128.938 -486.688 381.125 393.406 -380.313 -264.656 156.063 -417.938 -175.563 67.8125 -474.25 287.063 498.938 -432.813 -250.969 205.344 -432.844 -186.469 312.531 -500.563 380.813 253.125 -380.031 -275.531 197 -435.094 -59.5938 285.688 -529.188 476.563 509.031 -195.219 392.219 727.281 0.40625 -136.719 209.094 -510.406 294.531 788.844 -92.9688 293.438 799.25 -0 -113.531 242.281 -521.625 197.125 832.406 -95.25 -460.656 626.625 -96.8438 -166.719 71.375 -477.688 193.188 800.063 -184.688 -468.094 634.281 -0.1875 -164.469 128.938 -490.75 0.09375 711.813 -376.656 -387.094 715.906 -94.375 -170.344 -3.3125 -459.75 196.219 509.031 -476.156 -393.438 723.313 -0.15625 -137.125 7.375 -471.281 317.625 644.469 -316.906 -157.344 31.75 -471.406 465 636.688 0.46875 -250.969 205.344 -432.844 518.781 253.125 -101.313 -230.281 251.375 -450.563 526.813 253.125 0.5 -264.656 156.063 -417.938 -0.84375 780.688 -289.094 -258.969 157.031 -453.25 101.25 877.906 0.09375 -269.219 127.313 -410.875 0 884.406 -0 0 884.406 -0 -81 14.5625 -465.375 -81 14.5625 -465.375 202.844 847.344 0.1875 -48.75 410.875 -485.625 297.625 253.125 -445.594 -93.25 394.281 -484.469 202.063 398.063 -493.906 -151.719 358.563 -474.594 245.813 285.469 -478.875 -190.563 314.938 -466.281 203.625 353.031 -495.719 -88.8125 254.844 -506.031 -88.8125 254.844 -506.031 491.75 253.125 203.188 -107.094 236.156 -500.531 -107.094 236.156 -500.531 445.563 253.125 297.563 -274.25 64.7813 -391.25 447.094 394.344 296.75 -270.656 26.4063 -384.063 493.906 398.063 202.063 -264.844 30.1563 -420.094 -0.53125 525.063 509.563 -256.375 -3.3125 -385.594 -0.46875 636.688 465 -250.875 -3.3125 -421.594 95.5313 629.094 457.75 -56.2188 277.125 -507.656 -56.2188 277.125 -507.656 98.0938 519.094 501.813 -27.625 287.438 -509.563 -27.625 287.438 -509.563 368.219 495.5 369 -29.2813 296.625 -531.219 344.844 584.063 345.563 -155.156 129.25 -471.406 -155.156 129.25 -471.406 403.875 591.031 269.313 -144.125 170.719 -480.719 -144.125 170.719 -480.719 432.813 498.938 287.063 -152.781 172.906 -500.625 367.594 700.5 183.688 -128.969 204.875 -489.969 -128.969 204.875 -489.969 383.875 718.719 94.2188 -129.344 14.5625 -453.031 -129.344 14.5625 -453.031 -129.344 14.5625 -453.031 457.563 629.094 96.5 -148.438 37.5625 -453.156 -148.438 37.5625 -453.156 436 613.063 188.531 -157.281 74.9375 -459.094 -157.281 74.9375 -459.094 521.25 401.5 100.688 -254.063 30.25 -427.875 501.625 519.094 99.1563 -172.844 30.625 -466.688 344.125 674.531 262.375 -182.75 167.313 -491.844 264.531 734.688 265.094 281.781 767.031 184.031 182.938 700.5 367.969 93.4063 718.719 384.063 92.9688 788.844 294.531 183.438 767.031 282.188 -0.1875 847.344 202.844 -0.09375 877.906 101.25 -0.09375 877.906 101.25 97.6875 868.281 97.9063 97.6875 868.281 97.9063 95.2813 838.563 198.25</float_array>
                    <technique_common>
                        <accessor count="508" source="#ID101" stride="3">
                            <param name="X" type="float"/>
                            <param name="Y" type="float"/>
                            <param name="Z" type="float"/>
                        </accessor>
                    </technique_common>
                </source>
                <source id="ID102">
                    <float_array id="ID103" count="1497">-0.0214178 -0.297804 -0.954387 0.0534203 -0.293052 -0.954603 -0.326545 -0.291827 -0.899002 -0.2514 -0.276616 -0.927514 -0.696423 -0.234115 -0.67837 -0.450321 -0.163058 -0.877851 -0.701274 -0.119731 -0.702766 -0.704059 0.0806454 -0.705547 -0.840167 -0.120421 -0.52879 -0.841402 0.0787956 -0.534634 -0.931987 0.0769675 -0.354227 -0.807132 0.243586 -0.537777 -0.884227 0.289026 -0.366887 -0.758186 0.45772 -0.464377 -0.818145 0.459487 -0.345703 -0.65624 0.660838 -0.3642 -0.846377 0.489939 -0.208819 -0.682193 0.702105 -0.20411 -0.864565 0.502509 -0.00341804 -0.694937 0.71907 0.000299406 -0.822409 0.536505 0.189223 -0.671416 0.724459 0.156077 -0.659606 0.667665 0.34517 -0.532225 0.827716 0.177825 -0.478087 0.809563 0.340646 -0.35056 0.916943 0.190588 -0.357607 0.862966 0.35694 -0.190851 0.909421 0.369498 -0.342393 0.791077 0.506917 -0.186846 0.826113 0.531626 -0.187747 0.703499 0.685449 -0.000548265 0.840833 0.541294 -0.000688716 0.717856 0.696191 0.186312 0.703477 0.685863 -0.000821549 0.51183 0.859086 0.19179 0.503142 0.842654 0.180691 0.268452 0.946195 0.350278 0.476875 0.806161 0.354326 0.264135 0.897043 0.522698 0.257663 0.812648 0.352294 0.0768705 0.932727 0.532925 0.0785787 0.842506 0.526966 -0.122045 0.841078 0.704073 0.0804105 0.705561 0.701137 -0.121364 0.702622 0.840026 -0.121648 0.528732 0.685257 -0.242786 0.686643 0.822082 -0.241209 0.515751 0.821039 -0.249502 0.513463 0.909639 -0.242971 0.33693 0.907888 -0.255036 0.332711 0.952959 -0.257718 0.159534 0.929749 -0.122427 0.347244 0.978061 -0.123608 0.167681 0.931992 0.0768728 0.354234 0.981826 0.0744684 0.174565 0.945839 0.268374 0.182657 0.997236 0.0742954 0.00103475 0.962976 0.269584 0.000908304 0.946195 0.268452 -0.180691 0.861615 0.507561 0.000823065 0.842654 0.503141 -0.19179 0.684022 0.704486 -0.189247 0.806161 0.476875 -0.350278 0.660656 0.672136 -0.334316 0.579797 0.634396 -0.511251 0.456717 0.803607 -0.38161 0.394609 0.739168 -0.545816 0.300321 0.789286 -0.53557 0.403395 0.641899 -0.652102 0.30566 0.687535 -0.658686 0.327225 0.540654 -0.774995 0.175142 0.70976 -0.682324 0.182321 0.567986 -0.80259 0.00347159 0.578725 -0.815516 0.182207 0.303781 -0.935156 0.000884055 0.342529 -0.939507 0.000954359 -0.105735 -0.994394 -0.0904763 0.338722 -0.936526 -0.0598019 -0.105027 -0.99267 0.209864 -0.616363 -0.758982 0.0465012 -0.192889 -0.980118 0.202515 -0.55133 -0.809335 -0.0212397 -0.160405 -0.986823 0.294473 -0.511738 -0.8071 -0.0578523 -0.120663 -0.991006 0.363614 -0.463065 -0.808304 -0.00176897 -0.226253 -0.974067 0.17364 -0.464755 -0.868246 -0.260959 -0.192954 -0.94587 -0.394721 0.109503 -0.912252 -0.532919 0.0788587 -0.842484 -0.508197 0.293721 -0.809607 -0.682241 0.259013 -0.68371 -0.598543 0.446081 -0.6654 -0.572657 0.655563 -0.492241 -0.4385 0.742739 -0.50602 -0.475122 0.788395 -0.390759 -0.306169 0.787252 -0.535251 -0.313219 0.877017 -0.364329 -0.251697 0.885068 -0.39154 -0.318777 0.920771 -0.224859 -0.268147 0.934449 -0.234312 -0.206157 0.978243 -0.02324 -0.0845258 0.575775 -0.813227 -0.091059 0.719318 -0.688687 -0.00225534 0.720857 -0.69308 -0.00544684 0.830518 -0.556964 0.180769 0.816281 -0.548642 0.171799 0.901485 -0.397253 0.292302 0.864364 -0.409188 0.324078 0.915591 -0.238048 0.509377 0.841747 -0.178878 0.529577 0.848227 -0.00769976 0.690237 0.723583 0.000676008 0.683555 0.704571 0.190612 0.842245 0.503181 0.193474 0.805418 0.47688 0.351977 0.896308 0.264006 0.356277 0.811563 0.257585 0.524419 0.841416 0.0786187 0.534639 0.330779 -0.254736 0.908677 0.157682 -0.257621 0.953293 0.33492 -0.243581 0.910218 0.158294 -0.245269 0.956444 0.165543 -0.124631 0.978296 -0.000975735 -0.244852 0.96956 -0.00104702 -0.126664 0.991945 -0.167587 -0.124548 0.977958 -0.00103205 0.0741383 0.997247 -0.174563 0.0743829 0.981832 -0.182657 0.268374 0.945839 -0.354251 0.0767979 0.931992 -0.356277 0.264006 0.896308 -0.524419 0.257585 0.811563 -0.351977 0.47688 0.805418 -0.5069 0.441711 0.740232 -0.476597 0.618174 0.625074 -0.640327 0.426406 0.638873 -0.591241 0.550018 0.589842 -0.61868 0.603171 0.503409 -0.490527 0.73406 0.469616 -0.737259 0.462602 0.492391 -0.812648 0.257663 0.522698 -0.68371 0.259014 0.682241 -0.705554 0.0804505 0.704075 -0.53464 0.0785503 0.841421 -0.528691 -0.122008 0.84 -0.347281 -0.123105 0.929646 -0.336887 -0.243603 0.909486 -0.16011 -0.245245 0.956148 -0.159552 -0.25775 0.952947 -0.000977547 -0.257102 0.966384 0.908645 -0.254867 -0.330767 0.910522 -0.242321 -0.335008 0.822166 -0.249542 -0.511636 0.823448 -0.240211 -0.514034 0.697851 -0.234087 -0.67691 0.841272 -0.120451 -0.527023 0.702762 -0.119733 -0.701277 0.705547 0.0806453 -0.704059 0.452384 -0.163006 -0.8768 0.534633 0.0788299 -0.841399 0.396861 0.109644 -0.911307 0.507517 0.301078 -0.807328 0.355438 0.32935 -0.874753 0.251885 -0.720507 -0.646084 0.274022 -0.713413 -0.644944 0.39013 -0.665015 -0.636831 0.550718 -0.565581 -0.613862 0.527338 -0.515513 -0.675397 0.320242 -0.46218 -0.826943 0.01446 -0.36745 -0.929931 0.139009 -0.315415 -0.938717 0.00322584 -0.285083 -0.958498 -0.822296 -0.240182 -0.51589 -0.909795 -0.24232 -0.336978 -0.92985 -0.12162 -0.347258 -0.978105 -0.123223 -0.167713 -0.981821 0.0745225 -0.174567 -0.947388 0.251309 -0.198239 -0.997232 0.0743429 -0.00103533 -0.960571 0.277269 -0.0206355 -0.948108 0.261114 0.181412 0.334316 0.672136 0.660656 0.475266 0.61812 0.626139 0.341341 0.791058 0.507656 0.478111 0.736114 0.479109 0.506917 0.791077 0.342393 0.625074 0.618174 0.476597 0.659893 0.672211 0.335669 0.532464 0.827383 0.178662 0.370575 0.90922 0.189721 0.380109 0.924419 -0.0310883 0.175055 0.98257 -0.0625531 0.146506 0.953213 -0.264424 -0.00756714 0.968202 -0.250056 -0.702608 -0.121366 0.701151 -0.841173 -0.121672 0.5269 -0.686635 -0.242824 0.685251 -0.823236 -0.241234 0.513896 -0.822166 -0.249542 0.511636 -0.910366 -0.242991 0.334946 -0.908645 -0.254867 0.330767 -0.953288 -0.257654 0.15766 -0.439369 0.514611 -0.736296 -0.383018 0.654487 -0.651877 -0.324682 0.545361 -0.772763 -0.310997 0.690392 -0.653176 -0.255271 0.701916 -0.664944 -0.265172 0.804859 -0.53093 0.0226519 -0.298161 -0.954247 0.328402 -0.291823 -0.898327 -0.0515968 -0.293215 -0.954653 0.25431 -0.27661 -0.926722 -0.000806946 -0.285073 -0.958506 -0.0126249 -0.367267 -0.93003 -0.171752 -0.464793 -0.868602 -0.318328 -0.462085 -0.827735 -0.526172 -0.515577 -0.676257 0.992089 -0.125532 0.00105744 0.969803 -0.243889 0.00097749 0.978446 -0.123301 -0.165653 0.956739 -0.244111 -0.158305 0.953288 -0.257654 -0.15766 0.982187 0.0746286 -0.172453 0.932722 0.07704 -0.35227 0.897043 0.264135 -0.354326 0.812648 0.257663 -0.522698 0.741316 0.441751 -0.505278 0.591565 0.461132 -0.661368 0.43219 0.508245 -0.744915 0.68371 0.259014 -0.682241 0.842487 0.0788242 -0.532919 0.494188 0.590558 -0.63798 0.682241 0.259014 0.68371 0.638873 0.426406 0.640327 0.505279 0.441751 0.741316 0.35694 0.862966 0.357607 0.19009 0.909416 0.369903 0.185673 0.826082 0.532084 -0.930462 -0.12259 0.345271 -0.932731 0.0769268 0.352271 -0.9784 -0.123681 0.165641 -0.982191 0.0745751 0.172452 0.589842 0.550018 0.591241 0.740232 0.441711 0.5069 0.930553 -0.121791 -0.345309 0.0596529 -0.120731 -0.990891 0.00422472 -0.226082 -0.974099 -0.362296 -0.463208 -0.808814 -0.821044 -0.249558 -0.513428 -0.907856 -0.255206 -0.332668 -0.952947 -0.25775 -0.159552 -0.495664 0.845897 -0.196914 -0.532052 0.846549 -0.0165882 -0.373833 0.927261 -0.0208763 -0.897043 0.264135 0.354326 -0.830602 0.424994 0.359832 -0.292638 -0.511535 -0.807896 0.0236709 -0.160241 -0.986794 -0.200703 -0.551247 -0.809843 -0.00206636 -0.1584 -0.987373 -0.0999718 -0.568496 -0.816589 -0.549235 -0.565481 -0.615282 -0.388475 -0.664899 -0.637962 -0.272845 -0.713382 -0.645478 -0.000408803 0.926451 0.376415 -0.0399426 0.97739 0.207635 0.223763 0.948507 0.224196 -0.193474 0.503181 0.842245 0.100881 0.989752 0.101068 0.082407 0.993173 0.0825598 -0.00241242 0.991787 -0.127876 -0.0984136 0.977676 -0.185647 -0.0633754 0.968899 -0.239203 0.17245 0.0744894 0.982198 0.513829 -0.241524 0.823193 0.511624 -0.249509 0.822184 -0.101322 0.913235 -0.394634 -0.0119248 0.920591 -0.390347 -0.00867539 -0.510444 -0.859868 0.000890785 -0.643026 -0.765844 -0.103795 -0.74775 -0.655817 -0.956661 -0.244426 0.158289 -0.969803 -0.243887 -0.000980183 -0.966384 -0.257102 -0.000977547 -0.13679 0.988573 0.0633373 -0.194024 0.96846 0.156332 -0.992089 -0.12553 -0.00106043 -0.956437 -0.244085 -0.16016 -0.335669 0.672211 0.659893 -0.353724 0.321571 -0.878334 -0.2354 0.273827 -0.932527 -0.515716 -0.241495 0.82202 -0.513428 -0.249558 0.821044 0.345331 -0.123302 0.930345 0.966384 -0.257102 0.000977547 -0.332668 -0.255206 0.907856 0.0311072 -0.755484 -0.654429 0.000636259 -0.755877 -0.654713 -0.8425 0.0786478 0.532924 -0.478445 0.596818 -0.644126 0.263641 -0.192682 -0.945181 0.956358 -0.244405 0.160143 -0.000908304 0.269584 0.962976 -0.705272 -0.247537 -0.664317 -0.685775 -0.247651 0.684384 -0.137253 -0.315192 -0.93905 0.684384 -0.247651 0.685775 -0.0960837 0.832889 -0.545035 -0.252496 0.562484 -0.78731 0.706726 -0.247543 -0.662768 -0.329947 -0.148776 -0.932202 -0.358277 -0.174203 -0.917219 0.287124 -0.269272 -0.919268 -0.358564 -0.208527 -0.909917 0.502475 -0.116228 -0.856743 -0.34783 -0.211081 -0.913487 0.309586 0.129936 -0.941952 -0.297273 -0.226821 -0.927459 -0.0549783 0.390239 -0.91907 -0.156642 -0.259758 -0.952885 -0.119794 0.61257 -0.781286 0.00106237 0.18237 -0.98323 -0.343548 -0.149157 -0.927215 -0.793589 0.0952859 -0.600947 -0.802202 0.0219591 -0.596649 -0.815996 -0.066749 -0.574191 -0.514697 -0.204693 -0.832579 -0.483533 -0.206137 -0.850707 -0.823357 -0.220544 -0.522918 -0.707654 -0.311158 -0.634355 -0.713838 0.141726 -0.685821 -0.891285 0.431076 -0.140658 -0.674419 0.354485 -0.647687 -0.789506 0.598435 -0.136223 -0.538239 0.412425 -0.734986 -0.611997 0.779357 -0.134395 -0.383437 0.70119 -0.60109 -0.443464 0.886404 -0.132772 -0.271626 0.953196 -0.132801 -0.285071 -0.269457 -0.919852 -0.363625 -0.342141 -0.866439 -0.827162 -0.390601 -0.404022 -0.318578 -0.414812 -0.852314 -0.726112 -0.5638 -0.393562 -0.106003 -0.333159 -0.936893 -0.629089 -0.67275 -0.389428 -0.283597 -0.515412 -0.808655 -0.553818 -0.736573 -0.388261 -0.400128 -0.827745 -0.393366 0.000380999 0.937383 -0.348299 0.121382 0.612628 -0.780995 0.0662024 0.938677 -0.338381 0.0567301 0.39061 -0.918806 -0.454861 0.74482 -0.488205 -0.307705 0.130268 -0.942522 -0.82404 0.279035 -0.493049 -0.500695 -0.1162 -0.857789 -0.891073 0.000450814 -0.45386 -0.88415 -0.195232 -0.424457 0.299193 -0.226145 -0.927007 0.349791 -0.211052 -0.912745 0.709061 -0.311124 -0.632799 0.4856 -0.206351 -0.849478 0.824709 -0.220393 -0.520847 0.517027 -0.204482 -0.831186 0.844735 -0.135402 -0.517774 0.817072 -0.0667394 -0.57266 0.825034 0.278792 -0.491523 0.455823 0.744698 -0.487493 -0.0655451 0.938618 -0.338673 0.360744 -0.208518 -0.909057 0.36041 -0.174312 -0.916362 0.331975 -0.148936 -0.931456 0.803528 0.0216335 -0.594874 0.795064 0.0953639 -0.598981 0.675802 0.354452 -0.646262 0.715457 0.142016 -0.68407 0.891512 0.431322 -0.138446 0.952215 0.268677 -0.145258 0.976551 0.153189 -0.151265 -0.182787 0.793475 -0.580506 0.00062811 0.718057 -0.695984 0.000101151 0.991162 -0.132658 0.183919 0.793494 -0.580122 0.271807 0.953233 -0.132168 0.38469 0.701177 -0.600303 0.443672 0.886419 -0.131969 0.612384 0.779242 -0.133293 -0.195027 -0.482569 -0.853868 -0.0768419 -0.520907 -0.850148 -0.131611 -0.908614 -0.396357 0.000657375 -0.710237 -0.703962 0.000218166 -0.919009 -0.394238 0.13257 -0.908735 -0.39576 -0.943238 -0.332116 -0.0010108 -0.886347 -0.463021 -0.000941776 -0.854627 -0.519241 -0.000899996 -0.786884 -0.6171 -0.000824761 -0.751938 -0.659234 -0.000782399 -0.642832 -0.766007 -0.000666583 -0.642867 -0.765978 -0.000665576 -0.455569 -0.890201 -0.000474243 -0.455636 -0.890166 -0.000470698 -0.258486 -0.966015 -0.000272602 -0.175418 -0.984494 -0.000186612 -2.15112e-005 -1 -9.70211e-007 -5.07515e-005 -1 -5.21377e-008 0.17539 -0.984499 0.00018063 0.000970393 0.114035 -0.993476 -0.141622 0.0809529 -0.986605 0.285645 -0.515624 -0.807799 0.10813 -0.33321 -0.936632 -0.895588 -0.423322 -0.136826 -0.936496 -0.308991 -0.165833 -0.985135 -0.0472751 -0.165148 -0.843372 -0.13571 -0.519909 0.769417 0.638746 0.000822539 0.769675 0.638435 0.000805615 0.85752 0.51445 0.000890144 0.926917 0.375266 0.000961309 0.995307 0.0967652 0.00104165 0.995297 0.0968652 0.00105495 0.993676 -0.112285 0.00104128 -0.995297 0.0968656 -0.00105495 -0.995293 0.0969073 -0.00106351 -0.993679 -0.112254 -0.00106985 -0.982665 -0.185385 -0.00106188 -0.943199 -0.332226 -0.0010105 0.196754 -0.482649 -0.853427 0.0787222 -0.521054 -0.849886 -0.342782 -0.0503815 -0.938063 0.319897 -0.414888 -0.851783 0.365055 -0.341976 -0.865902 0.827745 -0.390603 -0.402825 0.884889 -0.195227 -0.422916 0.344869 -0.0503173 -0.937301 0.345559 -0.148924 -0.926505 0.401074 -0.827903 -0.392066 0.554874 -0.736863 -0.386196 0.630463 -0.672706 -0.387276 0 1 -0 0.982687 -0.18527 0.00101946 0.943251 -0.33208 0.000980095 0.943224 -0.332155 0.000970104 0.886376 -0.462965 0.000928694 0.00104728 -0.257135 -0.966375 0.158554 -0.259669 -0.952593 0.258506 -0.96601 0.000271377 0.455479 -0.890246 0.000489358 0.45549 -0.890241 0.000480056 0.642816 -0.76602 0.000672426 0.642867 -0.765978 0.000665576 0.752007 -0.659155 0.000782472 0.143669 0.0810041 -0.986305 0.539956 0.412282 -0.733806 0.001115 0.000157256 -0.999999 0.00135143 -0.000190871 -0.999999 0.00108016 -3.77893e-005 -0.999999 0.00121043 -0.000114306 -0.999999 0.00104101 2.31457e-005 -0.999999 0.00122179 5.04624e-005 -0.999999 0.000993841 -0.000237488 -1 0.00102987 -3.19412e-005 -1 0.00128485 0.000279579 -0.999999 0.00120482 -0.000192971 -0.999999 0.00108183 -4.24415e-006 -0.999999 0.985393 -0.0472693 -0.163607 0.985099 0.0735719 -0.15546 0.891708 6.63805e-005 -0.452611 0.00127075 -0.000348769 -0.999999 0.00102985 -0.000186878 -1 0.000958809 0 -1 -0.857441 0.514581 -0.000904859 -0.926856 0.375415 -0.000987738 0.895801 -0.42336 -0.135303 0.936813 -0.308879 -0.164244 0.789859 0.598307 -0.134727 0.00108207 -5.31983e-005 -0.999999 0.00095964 8.9055e-005 -1 0.00100381 -0.000153151 -1 0.00109763 6.01472e-005 -0.999999 0.00114552 0.000308687 -0.999999 0.000770691 -0.000101064 -1 0.00071541 -0.000237532 -1 0.00104092 -2.29614e-005 -0.999999 0.00110134 -1.52003e-006 -0.999999 0.00111049 0 -0.999999 0.00110199 1.62147e-006 -0.999999 -0.984946 0.0738564 -0.15629 -0.976307 0.153364 -0.15266 -0.951854 0.268754 -0.147459 -0.769421 0.638742 -0.000788271 -0.769677 0.638433 -0.000805626 0.854711 -0.519104 0.000900084 0.787048 -0.616892 0.000824933 0.726865 -0.563803 -0.392164</float_array>
                    <technique_common>
                        <accessor count="499" source="#ID103" stride="3">
                            <param name="X" type="float"/>
                            <param name="Y" type="float"/>
                            <param name="Z" type="float"/>
                        </accessor>
                    </technique_common>
                </source>
                <source id="ID104">
                    <float_array id="ID105" count="928">-1.92114 -0.347168 -1.95068 -0.207031 -1.88257 -0.333496 -1.91309 -0.207764 -1.75732 -0.207764 -1.94385 0.0751953 -1.75659 0.0751953 -1.75659 0.389648 -1.56909 0.0751953 -1.56616 0.391846 -1.37817 0.400146 -1.56592 0.626465 -1.38086 0.648926 -1.56885 0.832764 -1.34985 0.818359 -1.49854 1.02759 -1.16748 0.834229 -1.25122 1.03564 -0.985107 0.850342 -1.00391 1.04346 -0.802734 0.866211 -0.756592 1.05151 -0.509033 1.05957 -0.73999 1.30127 -0.460205 1.22729 -0.590088 1.3877 -0.262451 1.32788 0.0612793 1.3877 -0.0595703 1.22729 0.20166 1.27612 0.267334 1.1189 0.499023 1.29346 0.499023 1.13525 0.730469 1.1189 0.499023 0.935303 0.698486 0.918213 0.686035 0.671631 0.891357 0.882324 0.874512 0.648926 1.06201 0.626465 0.871826 0.400146 1.06201 0.391846 1.06494 0.0751953 1.25464 0.389648 1.25488 0.0751953 1.44458 0.0751953 1.25562 -0.207764 1.44824 -0.207764 1.44849 -0.35376 1.6377 -0.207764 1.63672 -0.35376 1.8252 -0.35376 1.63354 0.0751953 1.82202 0.0751953 1.63672 0.400146 1.82593 0.407715 1.82202 0.671631 2.00732 0.41748 2.00757 0.684814 2.19263 0.671631 2.0083 0.935303 2.20557 0.918213 2.23853 1.1189 2.39624 0.882324 2.44995 1.07813 2.62793 1.01978 2.56128 1.22729 2.75708 1.15479 2.95459 1.22729 2.88403 1.01978 3.06201 1.07813 3.11377 0.882324 3.27271 1.1189 3.30347 0.918213 3.49902 0.935303 3.31519 0.671631 3.49902 0.684814 3.49902 0.540039 3.68262 0.671631 3.59473 0.527832 -2.40503 0.46875 -2.40503 0.527832 -2.31982 0.430176 -2.31982 0.488281 -2.20703 0.34668 -2.20703 0.403076 -2.13257 0.244629 -2.13257 0.299316 -2.03418 0.0690918 -2.05249 0.147705 -2.13403 0.400146 -1.94678 0.391846 -1.94702 0.626465 -1.75659 0.618652 -1.75708 0.817139 -1.62988 1.01978 -1.75903 1.15479 -1.56299 1.22729 -1.9563 1.22729 -1.76221 1.32788 -2.08032 1.3877 -1.44751 1.3877 -1.77271 1.45435 -1.04395 1.47583 3.69458 0.918213 3.72534 1.1189 3.49902 1.13525 3.49902 1.29346 3.21021 1.27612 3.07861 1.3877 2.76025 1.32788 2.44556 1.3877 2.30542 1.27612 2.01343 1.29224 2.00977 1.1189 1.78076 1.1189 1.81055 0.918213 1.61865 0.882324 1.63452 0.648926 1.44775 0.626465 1.44727 0.391846 0.873779 -0.35376 0.684082 -0.35376 0.872314 -0.207764 0.681885 -0.207764 0.685791 0.0751953 0.499023 -0.207764 0.499023 0.0751953 0.312256 0.0751953 0.499023 0.41748 0.316162 0.407715 0.312012 0.671631 0.125977 0.400146 0.123535 0.648926 -0.0637207 0.626465 0.106445 0.882324 -0.0664063 0.832764 -0.12793 1.01978 -0.25708 0.817139 -0.257568 0.960205 -0.387939 1.01978 -0.259033 1.15479 -0.447754 0.832764 -0.449707 0.626465 -0.256836 0.618652 -0.256592 0.389648 -0.0639648 0.391846 -0.0668945 0.0751953 0.122559 0.0751953 0.125488 -0.207764 0.315918 -0.207764 0.313721 -0.35376 0.499023 -0.35376 2.37891 -0.35376 2.37744 -0.207764 2.56519 -0.35376 2.56519 -0.207764 2.75537 -0.207764 2.56714 0.0751953 2.75464 0.0751953 2.75464 0.389648 2.94214 0.0751953 2.94482 0.391846 3.13208 0.400146 2.94531 0.626465 3.12988 0.648926 -2.40503 0.428955 -2.31982 0.391602 -2.20703 0.311523 -2.13257 0.213867 -2.05249 0.0712891 -2.00244 -0.0319824 -1.96509 -0.0507813 -1.96533 -0.142578 -1.92798 -0.149902 -1.56689 -0.207764 -1.37915 -0.207764 -1.38159 0.0751953 -1.19409 0.0751953 -1.19019 0.407715 -1.19458 0.671631 -1.00903 0.41748 -1.00928 0.671631 -0.82373 0.671631 0.945313 1.07813 1.12622 1.01978 1.05762 1.22729 1.25732 1.15479 1.4585 1.22729 1.38599 1.01978 1.56689 1.07813 1.71948 1.27612 1.58813 1.3877 2.02051 1.40723 2.04224 1.47583 2.77075 1.45435 3.49902 1.47583 -0.256592 0.0751953 -0.446289 0.0751953 -0.257324 -0.207764 -0.449951 -0.207764 -0.450439 -0.35376 -0.639648 -0.207764 -0.638672 -0.35376 -0.826904 -0.35376 -1.94507 0.832764 -1.88574 1.01978 -2.11572 0.882324 -2.06396 1.07813 -2.27441 1.1189 -2.21191 1.27612 2.91943 -0.347168 2.88062 -0.333496 2.94897 -0.207031 2.91113 -0.207764 2.92603 -0.149902 2.96338 -0.0507813 3.03247 0.0690918 3.00049 -0.0319824 3.05078 0.0712891 2.00732 0.0751953 2.0083 -0.207764 2.19214 0.0751953 2.18945 -0.207764 2.19165 -0.35376 2.18823 0.407715 2.37646 0.400146 2.37915 0.648926 2.56421 0.626465 2.56689 0.832764 2.75537 0.817139 2.94336 0.832764 2.75488 0.618652 2.56421 0.391846 2.75586 0.960205 1.25488 0.618652 1.25537 0.817139 1.06445 0.832764 1.2605 1.32788 0.936523 1.3877 0.796387 1.27612 -0.635254 0.0751953 -0.638672 0.400146 -0.823975 0.0751953 -0.827637 0.407715 1.25586 0.960205 1.44604 0.832764 2.37988 0.0751953 3.20532 0.403076 3.13086 0.299316 3.13086 0.244629 -1.56714 -0.35376 -1.38062 -0.35376 -1.1936 -0.35376 -1.36499 1.3313 -1.01978 1.37524 -1.02246 1.40723 -0.636475 0.648926 -0.620605 0.882324 3.20532 0.34668 3.31812 0.488281 3.31812 0.430176 3.40332 0.527832 3.40332 0.46875 3.13086 0.213867 3.20508 0.311523 3.31812 0.391602 0.499023 1.40723 0.499023 1.47583 1.27173 1.45435 0.299561 0.918213 7.27173 1.45435 6.49902 1.47583 3.5 1.5 4.95581 1.47583 4.22705 1.45435 0.681641 0.407715 1.06274 -0.207764 1.06274 -0.35376 3.91943 1.3877 3.49902 1.40723 3.59473 0.46875 3.49902 0.480713 3.40332 0.428955 -0.828857 -0.207764 -1.01025 -0.207764 -1.0105 -0.35376 -2.49976 1.5 -0.273682 1.45435 -1.00928 0.0751953 -1.19116 -0.207764 0.0524902 1.07813 -2.13159 0.648926 -2.31714 0.671631 -0.0644531 -0.207764 -0.0644531 -0.35376 0.875244 0.0751953 2.00879 -0.35376 0.124268 -0.35376 3.59473 0.428955 3.49902 0.440186 -0.448975 0.391846 -1.75757 0.960205 3.05078 0.147705 1.8269 -0.207764 0.499023 0.684814 -1.75757 -0.35376 -0.257568 -0.35376 2.96362 -0.142578 1.25562 -0.35376 3.78784 1.27612 -2.30518 0.918213 2.75562 -0.35376 -2.3689 0.0498047 -2.3772 -0.127197 -2.4248 -0.127197 -2.39087 -0.408936 -2.41797 -0.392334 -2.39917 -0.580078 -2.44653 -0.574951 -2.40698 -0.736572 -2.5083 -0.687256 -2.66602 -0.736572 -2.66479 -0.687256 -2.92871 -0.687256 -2.36011 0.23877 -2.177 0.224854 -2.13623 0.00244141 -2.12256 -0.127197 -2.14038 -0.409424 -2.15112 -0.581787 -2.11816 -0.582275 -2.16089 -0.736572 -2.23877 0.432373 -2.17285 0.427979 -2.35742 0.718994 -2.30298 0.742188 -2.47363 0.915771 -2.43018 0.957764 -2.64844 1.07666 -2.62158 1.13403 -2.76733 1.21606 -3.43286 -0.127197 -3.39722 0.0754395 -3.37061 0.0654297 -3.34814 0.242432 -3.32446 0.2229 -3.27734 0.395264 -3.25757 0.366943 -3.21802 0.486328 -3.20166 0.453125 -3.10229 0.555908 -2.92871 -0.654297 -3.19263 -0.687256 -3.17773 -0.654297 -3.34937 -0.687256 -3.32544 -0.654297 -3.41113 -0.574951 -3.38379 -0.548096 -3.4397 -0.392334 -3.41089 -0.375977 -3.4043 -0.125732 -3.45068 -0.736572 -3.4585 -0.580078 -3.69653 -0.736572 -3.70654 -0.581787 -3.73926 -0.582275 -3.71729 -0.409424 -3.75 -0.40918 -3.73511 -0.127197 -2.47388 -0.548096 -2.53223 -0.654297 -2.67993 -0.654297 -3.4668 -0.408936 -3.48047 -0.127197 -3.48877 0.0498047 -3.72144 0.00244141 -3.68066 0.224854 -3.5 0.718994 -3.6189 0.432373 -3.68457 0.427979 -3.75244 0.200684 -3.79712 -0.0429688 -2.78149 1.15161 -2.92871 1.17432 -2.92871 1.24097 -3.07617 1.15161 -3.09033 1.21606 -3.20923 1.07666 -3.23608 1.13403 -3.42749 0.957764 -3.11255 0.595215 -3.02002 0.645752 -3.01489 0.603271 -2.92871 0.658203 -2.92871 0.615234 -2.84277 0.603271 -2.23779 2.91968 0.372803 3.0083 -2.23779 3.0083 0.410156 3.0896 -2.23779 3.0896 0.429688 3.18481 -2.23779 3.18481 -2.23779 3.39233 0.435547 3.39233 0.442383 3.45654 -2.23779 3.45654 0.450439 3.56177 -2.23779 3.56177 -2.92871 0.942871 -2.64722 0.924561 -2.6394 0.486328 -2.58032 0.395264 -2.08765 -0.746338 -2.04077 -0.599365 -2.02905 -0.409668 -2.10742 -0.40918 0.242188 2.38794 -2.23779 2.38794 0.242432 2.47119 -2.23779 2.47119 0.263428 2.67114 -2.23779 2.67114 -2.23779 2.81201 0.307129 2.81201 0.340088 2.91968 -2.74487 0.595215 -2.83765 0.645752 -2.35107 0.432373 -2.50952 0.242432 -2.46045 0.0754395 -2.48706 0.0654297 -2.45337 -0.125732 -3.50659 0.432373 -3.49756 0.23877 -2.75537 0.555908 -2.65576 0.453125 -2.6001 0.366943 -3.90112 2.66455 -5.94751 2.66455 -3.91895 2.97314 -5.94751 2.97314 -3.9541 3.15625 -5.94751 3.15625 -2.92871 -0.736572 -3.19165 -0.736572 -3.21045 0.924561 -3.38403 0.915771 -2.92871 -0.125732 -3.82861 -0.409668 -3.81226 -0.184814 -2.44678 -0.375977 -5.94751 2.17285 -5.94751 2.35596 -3.9541 2.17285 -3.91895 2.35596 -3.77002 -0.746338 -3.81665 -0.599365 -3.55469 0.742188 -2.5332 0.2229 -2.04541 -0.184814 -2.06055 -0.0429688 -2.10522 0.200684</float_array>
                    <technique_common>
                        <accessor count="464" source="#ID105" stride="2">
                            <param name="S" type="float"/>
                            <param name="T" type="float"/>
                        </accessor>
                    </technique_common>
                </source>
                <vertices id="ID106">
                    <input semantic="POSITION" source="#ID100"/>
                </vertices>
                <triangles count="806" material="Material1">
                    <input offset="0" semantic="VERTEX" source="#ID106"/>
                    <input offset="1" semantic="NORMAL" source="#ID102"/>
                    <input offset="2" semantic="TEXCOORD" source="#ID104" set="0"/>
                    <p>392 2 2 389 1 1 386 0 0 389 1 1 392 2 2 314 3 3 299 4 4 314 3 3 392 2 2 314 3 3 299 4 4 84 5 5 67 6 6 84 5 5 299 4 4 84 5 5 67 6 6 64 7 7 40 8 8 64 7 7 67 6 6 64 7 7 40 8 8 41 9 9 42 10 10 41 9 9 40 8 8 41 9 9 42 10 10 50 11 11 68 12 12 50 11 11 42 10 10 50 11 11 68 12 12 49 13 13 199 14 14 49 13 13 68 12 12 49 13 13 199 14 14 189 15 15 410 16 16 189 15 15 199 14 14 189 15 15 410 16 16 416 17 17 413 18 18 416 17 17 410 16 16 416 17 17 413 18 18 419 19 19 203 20 20 419 19 19 413 18 18 419 19 19 203 20 20 205 21 21 201 22 22 205 21 21 203 20 20 205 21 21 201 22 22 191 23 23 143 24 24 191 23 23 201 22 22 191 23 23 143 24 24 147 25 25 145 26 26 147 25 25 143 24 24 147 25 25 145 26 26 103 27 27 101 28 28 103 27 27 145 26 26 103 27 27 101 28 28 98 29 29 99 30 30 98 29 29 101 28 28 98 29 29 99 30 30 19 31 31 15 32 32 19 31 31 99 30 30 19 31 31 15 32 32 499 33 33 459 34 34 499 33 33 15 32 32 499 33 33 459 34 34 461 35 35 464 36 36 461 35 35 459 34 34 461 35 35 464 36 36 2 37 37 16 38 38 2 37 37 464 36 36 2 37 37 16 38 38 5 39 39 9 40 40 5 39 39 16 38 38 5 39 39 9 40 40 4 41 41 20 42 42 4 41 41 9 40 40 4 41 41 20 42 42 3 43 43 10 44 44 3 43 43 20 42 42 3 43 43 10 44 44 451 45 45 237 46 46 451 45 45 10 44 44 451 45 45 237 46 46 239 47 47 242 48 48 239 47 47 237 46 46 239 47 47 242 48 48 247 49 49 263 50 50 247 49 49 242 48 48 247 49 49 263 50 50 265 51 51 247 49 49 451 45 45 239 47 47 451 45 45 247 49 49 448 52 52 18 53 53 448 52 52 247 49 49 448 52 52 18 53 53 455 54 54 490 55 55 455 54 54 18 53 53 455 54 54 490 55 55 492 56 56 330 57 57 492 56 56 490 55 55 492 56 56 330 57 57 334 58 58 338 59 59 334 58 58 330 57 57 334 58 58 338 59 59 423 60 60 313 61 61 423 60 60 338 59 59 423 60 60 313 61 61 316 62 62 324 63 63 316 62 62 313 61 61 316 62 62 324 63 63 320 64 64 344 65 65 320 64 64 324 63 63 320 64 64 344 65 65 347 66 66 341 67 67 347 66 66 344 65 65 347 66 66 341 67 67 362 68 68 385 69 69 362 68 68 341 67 67 362 68 68 385 69 69 358 70 70 388 71 71 358 70 70 385 69 69 358 70 70 388 71 71 354 72 72 287 73 73 354 72 72 388 71 71 354 72 72 287 73 73 291 74 74 298 75 75 291 74 74 287 73 73 291 74 74 298 75 75 295 76 76 24 77 77 295 76 76 298 75 75 295 76 76 24 77 77 45 78 78 153 79 79 45 78 78 24 77 77 187 82 82 154 81 81 179 80 80 154 81 81 187 82 82 157 83 83 176 84 84 157 83 83 187 82 82 157 83 83 176 84 84 151 85 85 163 86 86 151 85 85 176 84 84 151 85 85 163 86 86 87 87 87 166 88 88 87 87 87 163 86 86 87 87 87 166 88 88 86 89 89 84 5 5 86 89 89 166 88 88 86 89 89 84 5 5 85 90 90 65 91 91 85 90 90 84 5 5 85 90 90 65 91 91 66 92 92 64 7 7 66 92 92 65 91 91 66 92 92 64 7 7 47 93 93 50 11 11 47 93 93 64 7 7 47 93 93 50 11 11 48 94 94 49 13 13 48 94 94 50 11 11 48 94 94 49 13 13 71 95 95 189 15 15 71 95 95 49 13 13 71 95 95 189 15 15 77 96 96 78 97 97 77 96 96 189 15 15 77 96 96 78 97 97 56 98 98 79 99 99 56 98 98 78 97 97 56 98 98 79 99 99 60 100 100 83 101 101 60 100 100 79 99 99 60 100 100 83 101 101 58 102 102 81 103 103 58 102 102 83 101 101 53 105 105 291 74 74 43 104 104 291 74 74 53 105 105 415 106 106 429 107 107 415 106 106 53 105 105 415 106 106 429 107 107 354 72 72 350 108 108 354 72 72 429 107 107 354 72 72 350 108 108 362 68 68 379 109 109 362 68 68 350 108 108 362 68 68 379 109 109 412 110 110 409 111 111 412 110 110 379 109 109 412 110 110 409 111 111 347 66 66 406 112 112 347 66 66 409 111 111 347 66 66 406 112 112 316 62 62 407 113 113 316 62 62 406 112 112 316 62 62 407 113 113 404 114 114 480 115 115 404 114 114 407 113 113 404 114 114 480 115 115 423 60 60 484 116 116 423 60 60 480 115 115 423 60 60 484 116 116 492 56 56 487 117 117 492 56 56 484 116 116 492 56 56 487 117 117 11 118 118 475 119 119 11 118 118 487 117 117 11 118 118 475 119 119 455 54 54 453 120 120 455 54 54 475 119 119 455 54 54 453 120 120 451 45 45 3 43 43 451 45 45 453 120 120 233 123 123 255 122 122 260 121 121 255 122 122 233 123 123 253 124 124 7 125 125 253 124 124 233 123 123 253 124 124 7 125 125 251 126 126 21 127 127 251 126 126 7 125 125 251 126 126 21 127 127 112 128 128 22 129 129 112 128 128 21 127 127 112 128 128 22 129 129 110 130 130 93 131 131 110 130 130 22 129 129 110 130 130 93 131 131 116 132 132 123 133 133 116 132 132 93 131 131 116 132 132 123 133 133 109 134 134 106 135 135 109 134 134 123 133 133 109 134 134 106 135 135 104 136 136 105 137 137 104 136 136 106 135 135 104 136 136 105 137 137 95 138 138 128 139 139 95 138 138 105 137 137 95 138 138 128 139 139 126 140 140 105 137 137 126 140 140 128 139 139 126 140 140 105 137 137 140 141 141 101 28 28 140 141 141 105 137 137 143 24 24 101 28 28 145 26 26 101 28 28 143 24 24 140 141 141 201 22 22 140 141 141 143 24 24 140 141 141 201 22 22 126 140 140 94 142 142 126 140 140 201 22 22 126 140 140 94 142 142 95 138 138 97 143 143 95 138 138 94 142 142 95 138 138 97 143 143 96 144 144 108 145 145 96 144 144 97 143 143 96 144 144 108 145 145 109 134 134 107 146 146 109 134 134 108 145 145 109 134 134 107 146 146 116 132 132 149 147 147 116 132 132 107 146 146 116 132 132 149 147 147 114 148 148 335 149 149 114 148 148 149 147 147 114 148 148 335 149 149 112 128 128 359 150 150 112 128 128 335 149 149 112 128 128 359 150 150 251 126 126 363 151 151 251 126 126 359 150 150 251 126 126 363 151 151 249 152 152 213 155 155 217 154 154 221 153 153 217 154 154 213 155 155 207 156 156 209 157 157 207 156 156 213 155 155 207 156 156 209 157 157 274 158 158 400 159 159 274 158 158 209 157 157 274 158 158 400 159 159 394 160 160 439 161 161 394 160 160 400 159 159 394 160 160 439 161 161 391 162 162 441 163 163 391 162 162 439 161 161 391 162 162 441 163 163 397 164 164 418 165 165 397 164 164 441 163 163 397 164 164 418 165 165 388 71 71 298 75 75 388 71 71 418 165 165 388 71 71 298 75 75 287 73 73 185 167 167 179 80 80 183 166 166 179 80 80 185 167 167 187 82 82 173 168 168 187 82 82 185 167 167 187 82 82 173 168 168 176 84 84 160 169 169 176 84 84 173 168 168 176 84 84 160 169 169 163 86 86 170 170 170 163 86 86 160 169 169 163 86 86 170 170 170 166 88 88 398 171 171 166 88 88 170 170 170 166 88 88 398 171 171 401 172 172 395 173 173 401 172 172 398 171 171 401 172 172 395 173 173 383 174 174 389 1 1 383 174 174 395 173 173 383 174 174 389 1 1 314 3 3 311 176 176 40 8 8 302 175 175 40 8 8 311 176 176 39 177 177 73 178 178 39 177 177 311 176 176 39 177 177 73 178 178 42 10 10 74 179 179 42 10 10 73 178 178 42 10 10 74 179 179 76 180 180 75 181 181 76 180 180 74 179 179 76 180 180 75 181 181 193 182 182 137 183 183 193 182 182 75 181 181 193 182 182 137 183 183 413 18 18 203 20 20 413 18 18 137 183 183 2 37 37 499 33 33 461 35 35 499 33 33 2 37 37 498 184 184 0 185 185 498 184 184 2 37 37 498 184 184 0 185 185 501 186 186 496 187 187 501 186 186 0 185 185 501 186 186 496 187 187 497 188 188 494 189 189 497 188 188 496 187 187 497 188 188 494 189 189 477 190 190 487 117 117 477 190 190 494 189 189 477 190 190 487 117 117 480 115 115 484 116 116 480 115 115 487 117 117 480 115 115 497 188 188 477 190 190 497 188 188 480 115 115 12 191 191 407 113 113 12 191 191 480 115 115 12 191 191 407 113 113 14 192 192 437 193 193 14 192 192 407 113 113 14 192 192 437 193 193 431 194 194 409 111 111 431 194 194 437 193 193 431 194 194 409 111 111 366 195 195 379 109 109 366 195 195 409 111 111 366 195 195 379 109 109 370 196 196 108 145 145 149 147 147 107 146 146 149 147 147 108 145 145 118 197 197 89 198 198 118 197 197 108 145 145 118 197 197 89 198 198 342 199 199 339 200 200 342 199 199 89 198 198 342 199 199 339 200 200 348 201 201 355 202 202 348 201 201 339 200 200 348 201 201 355 202 202 376 203 203 380 204 204 376 203 203 355 202 202 48 94 94 66 92 92 47 93 93 66 92 92 48 94 94 62 205 205 61 206 206 62 205 205 48 94 94 62 205 205 61 206 206 63 207 207 51 208 208 63 207 207 61 206 206 63 207 207 51 208 208 52 209 209 56 98 98 52 209 209 51 208 208 52 209 209 56 98 98 54 210 210 60 100 100 54 210 210 56 98 98 271 213 213 279 212 212 275 211 211 279 212 212 271 213 213 219 214 214 268 215 215 219 214 214 271 213 213 219 214 214 268 215 215 439 161 161 288 216 216 439 161 161 268 215 215 439 161 161 288 216 216 27 217 217 292 218 218 27 217 217 288 216 216 27 217 217 292 218 218 30 219 219 18 53 53 330 57 57 490 55 55 330 57 57 18 53 53 427 220 220 224 221 221 427 220 220 18 53 53 427 220 220 224 221 221 425 222 222 215 223 223 425 222 222 224 221 221 425 222 222 215 223 223 217 154 154 227 224 224 217 154 154 215 223 223 217 154 154 227 224 224 221 153 153 282 226 226 338 59 59 327 225 225 338 59 59 282 226 226 403 227 227 310 228 228 403 227 227 282 226 226 403 227 227 310 228 228 324 63 63 301 229 229 324 63 63 310 228 228 324 63 63 301 229 229 344 65 65 304 230 230 344 65 65 301 229 229 304 230 230 397 164 164 382 231 231 397 164 164 304 230 230 307 232 232 310 228 228 307 232 232 304 230 230 307 232 232 310 228 228 394 160 160 270 233 233 394 160 160 310 228 228 394 160 160 270 233 233 274 158 158 282 226 226 274 158 158 270 233 233 344 65 65 385 69 69 341 67 67 385 69 69 344 65 65 421 234 234 304 230 230 421 234 234 344 65 65 421 234 234 304 230 230 385 69 69 382 231 231 385 69 69 304 230 230 385 69 69 382 231 231 388 71 71 397 164 164 388 71 71 382 231 231 475 119 119 3 43 43 453 120 120 3 43 43 475 119 119 467 235 235 469 236 236 467 235 235 475 119 119 467 235 235 469 236 236 5 39 39 1 237 237 5 39 39 469 236 236 5 39 39 1 237 237 2 37 37 0 185 185 2 37 37 1 237 237 14 192 192 497 188 188 12 191 191 497 188 188 14 192 192 13 238 238 507 239 239 13 238 238 14 192 192 13 238 238 507 239 239 501 186 186 500 240 240 501 186 186 507 239 239 501 186 186 500 240 240 499 33 33 19 31 31 499 33 33 500 240 240 89 198 198 355 202 202 339 200 200 355 202 202 89 198 198 90 241 241 91 242 242 90 241 241 89 198 198 90 241 241 91 242 242 134 243 243 132 244 244 134 243 243 91 242 242 134 243 243 132 244 244 75 181 181 137 183 183 75 181 181 132 244 244 0 185 185 494 189 189 496 187 187 494 189 189 0 185 185 17 245 245 469 236 236 17 245 245 0 185 185 17 245 245 469 236 236 494 189 189 472 246 246 494 189 189 469 236 236 494 189 189 472 246 246 487 117 117 475 119 119 487 117 117 472 246 246 274 158 158 217 154 154 207 156 156 217 154 154 274 158 158 278 247 247 282 226 226 278 247 247 274 158 158 278 247 247 282 226 226 425 222 222 327 225 225 425 222 222 282 226 226 425 222 222 327 225 225 330 57 57 338 59 59 330 57 57 327 225 225 441 163 163 298 75 75 418 165 165 298 75 75 441 163 163 23 248 248 445 249 249 23 248 248 441 163 163 23 248 248 445 249 249 28 250 250 27 217 217 28 250 250 445 249 249 28 250 250 27 217 217 30 219 219 299 4 4 40 8 8 67 6 6 40 8 8 299 4 4 302 175 175 305 251 251 302 175 175 299 4 4 302 175 175 305 251 251 311 176 176 317 252 252 311 176 176 305 251 251 311 176 176 317 252 252 328 253 253 195 254 254 79 99 99 78 97 97 79 99 99 195 254 254 83 101 101 197 255 255 83 101 101 195 254 254 83 101 101 197 255 255 82 256 256 191 23 23 82 256 256 197 255 255 82 256 256 191 23 23 147 25 25 91 242 242 137 183 183 132 244 244 137 183 183 91 242 242 120 257 257 97 143 143 120 257 257 91 242 242 120 257 257 97 143 143 130 258 258 94 142 142 130 258 258 97 143 143 130 258 258 94 142 142 201 22 22 416 17 17 78 97 97 189 15 15 78 97 97 416 17 17 195 254 254 419 19 19 195 254 254 416 17 17 195 254 254 419 19 19 197 255 255 205 21 21 197 255 255 419 19 19 197 255 255 205 21 21 191 23 23 31 259 259 23 248 248 28 250 250 23 248 248 31 259 259 26 260 260 37 261 261 26 260 260 31 259 259 26 260 260 37 261 261 25 262 262 33 263 263 25 262 262 37 261 261 25 262 262 33 263 263 24 77 77 29 264 264 28 250 250 30 219 219 28 250 250 29 264 264 31 259 259 32 265 265 31 259 259 29 264 264 31 259 259 32 265 265 37 261 261 38 266 266 37 261 261 32 265 265 37 261 261 38 266 266 33 263 263 19 31 31 103 27 27 98 29 29 103 27 27 19 31 31 502 267 267 507 239 239 502 267 267 19 31 31 502 267 267 507 239 239 504 268 268 506 269 269 504 268 268 507 239 239 93 131 131 106 135 135 123 133 133 106 135 135 93 131 131 92 270 270 459 34 34 92 270 270 93 131 131 92 270 270 459 34 34 99 30 30 15 32 32 99 30 30 459 34 34 431 194 194 503 272 272 505 271 271 503 272 272 431 194 194 434 273 273 370 196 196 434 273 273 431 194 194 434 273 273 370 196 196 80 274 274 57 275 275 80 274 274 370 196 196 464 36 36 9 40 40 16 38 38 9 40 40 464 36 36 8 276 276 22 129 129 8 276 276 464 36 36 8 276 276 22 129 129 7 125 125 21 127 127 7 125 125 22 129 129 20 42 42 237 46 46 10 44 44 237 46 46 20 42 42 231 277 277 233 123 123 231 277 277 20 42 42 231 277 277 233 123 123 258 278 278 260 121 121 258 278 278 233 123 123 370 196 196 59 279 279 57 275 275 59 279 279 370 196 196 375 280 280 379 109 109 375 280 280 370 196 196 375 280 280 379 109 109 429 107 107 350 108 108 429 107 107 379 109 109 24 77 77 178 281 281 153 79 79 178 281 281 24 77 77 34 282 282 33 263 263 34 282 282 24 77 77 34 282 282 33 263 263 36 283 283 38 266 266 36 283 283 33 263 263 134 243 243 355 202 202 90 241 241 355 202 202 134 243 243 351 284 284 321 285 285 351 284 284 134 243 243 351 284 284 321 285 285 380 204 204 325 286 286 380 204 204 321 285 285 81 103 103 504 268 268 433 287 287 504 268 268 81 103 103 102 288 288 147 25 25 102 288 288 81 103 103 102 288 288 147 25 25 103 27 27 73 178 178 75 181 181 74 179 179 75 181 181 73 178 178 72 289 289 321 285 285 72 289 289 73 178 178 72 289 289 321 285 285 134 243 243 321 285 285 328 253 253 325 286 286 328 253 253 321 285 285 308 290 290 73 178 178 308 290 290 321 285 285 308 290 290 73 178 178 311 176 176 99 30 30 106 135 135 92 270 270 106 135 135 99 30 30 100 291 291 101 28 28 100 291 291 99 30 30 100 291 291 101 28 28 105 137 137 63 207 207 66 92 92 62 205 205 66 92 92 63 207 207 69 292 292 46 293 293 69 292 292 63 207 207 69 292 292 46 293 293 85 90 90 342 199 199 149 147 147 118 197 197 149 147 147 342 199 199 331 294 294 367 295 295 331 294 294 342 199 199 331 294 294 367 295 295 335 149 149 7 125 125 9 40 40 8 276 276 9 40 40 7 125 125 6 296 296 233 123 123 6 296 296 7 125 125 6 296 296 233 123 123 20 42 42 224 221 221 227 224 224 215 223 223 227 224 224 224 221 221 229 297 297 265 51 51 229 297 297 224 221 221 335 149 149 363 151 151 359 150 150 363 151 151 335 149 149 371 298 298 367 295 295 371 298 298 335 149 149 61 206 206 56 98 98 51 208 208 56 98 98 61 206 206 77 96 96 71 95 95 77 96 96 61 206 206 209 157 157 439 161 161 400 159 159 439 161 161 209 157 157 219 214 214 279 212 212 219 214 214 209 157 157 130 258 258 137 183 183 120 257 257 137 183 183 130 258 258 203 20 20 201 22 22 203 20 20 130 258 258 76 180 180 68 12 12 42 10 10 68 12 12 76 180 180 199 14 14 410 16 16 199 14 14 76 180 180 34 282 282 182 299 299 178 281 281 182 299 299 34 282 282 35 300 300 36 283 283 35 300 300 34 282 282 85 90 90 87 87 87 86 89 89 87 87 87 85 90 90 151 85 85 46 293 293 151 85 85 85 90 90 88 301 301 97 143 143 91 242 242 97 143 143 88 301 301 108 145 145 89 198 198 108 145 145 88 301 301 84 5 5 383 174 174 314 3 3 383 174 174 84 5 5 401 172 172 166 88 88 401 172 172 84 5 5 70 302 302 61 206 206 48 94 94 61 206 206 70 302 302 71 95 95 48 94 94 71 95 95 70 302 302 443 303 303 439 161 161 27 217 217 439 161 161 443 303 303 441 163 163 445 249 249 441 163 163 443 303 303 245 304 304 247 49 49 265 51 51 247 49 49 245 304 304 18 53 53 224 221 221 18 53 53 245 304 304 457 305 305 93 131 131 22 129 129 93 131 131 457 305 305 459 34 34 464 36 36 459 34 34 457 305 305 81 103 103 82 256 256 147 25 25 82 256 256 81 103 103 83 101 101 296 306 306 299 4 4 392 2 2 299 4 4 296 306 306 305 251 251 26 260 260 298 75 75 23 248 248 298 75 75 26 260 260 25 262 262 342 199 199 345 307 307 367 295 295 345 307 307 342 199 199 348 201 201 288 216 216 283 308 308 292 218 218 283 308 308 288 216 216 268 215 215 258 278 278 237 46 46 231 277 277 237 46 46 258 278 278 235 309 309 506 269 269 14 192 192 431 194 194 14 192 192 506 269 269 507 239 239 55 310 310 429 107 107 53 105 105 429 107 107 55 310 310 59 279 279 157 83 83 46 293 293 154 81 81 46 293 293 157 83 83 151 85 85 45 78 78 291 74 74 295 76 76 291 74 74 45 78 78 43 104 104 410 16 16 193 182 182 413 18 18 193 182 182 410 16 16 76 180 180 407 113 113 409 111 111 437 193 193 409 111 111 407 113 113 406 112 112 63 207 207 44 311 311 46 293 293 44 311 311 63 207 207 52 209 209 504 268 268 103 27 27 502 267 267 103 27 27 504 268 268 102 288 288 251 126 126 255 122 122 253 124 124 255 122 122 251 126 126 249 152 152 324 63 63 338 59 59 403 227 227 338 59 59 324 63 63 313 61 61 394 160 160 397 164 164 307 232 232 397 164 164 394 160 160 391 162 162 112 128 128 116 132 132 114 148 148 116 132 132 112 128 128 110 130 130 109 134 134 95 138 138 96 144 144 95 138 138 109 134 134 104 136 136 209 157 157 211 312 312 279 212 212 211 312 312 209 157 157 213 155 155 3 43 43 5 39 39 4 41 41 5 39 39 3 43 43 467 235 235 455 54 54 492 56 56 11 118 118 106 135 135 100 291 291 105 137 137 64 7 7 65 91 91 84 5 5 19 31 31 500 240 240 507 239 239 501 186 186 497 188 188 13 238 238 85 90 90 66 92 92 69 292 292 0 185 185 1 237 237 469 236 236 75 181 181 72 289 289 134 243 243 20 42 42 9 40 40 6 296 296 64 7 7 41 9 9 50 11 11 501 186 186 499 33 33 498 184 184 475 119 119 472 246 246 469 236 236 455 54 54 451 45 45 448 52 52 316 62 62 404 114 114 423 60 60 370 196 196 431 194 194 366 195 195 362 68 68 412 110 110 347 66 66 242 48 48 237 46 46 235 309 309 217 154 154 278 247 247 425 222 222 271 213 213 283 308 308 268 215 215 330 57 57 427 220 220 425 222 222 380 204 204 355 202 202 351 284 284 42 10 10 40 8 8 39 177 177 316 62 62 320 64 64 347 66 66 310 228 228 282 226 226 270 233 233 335 149 149 149 147 147 331 294 294 362 68 68 358 70 70 354 72 72 310 228 228 304 230 230 301 229 229 298 75 75 25 262 262 24 77 77 27 217 217 445 249 249 443 303 303 423 60 60 492 56 56 334 58 58 224 221 221 245 304 304 265 51 51 328 253 253 308 290 290 311 176 176 22 129 129 464 36 36 457 305 305 429 107 107 59 279 279 375 280 280 91 242 242 89 198 198 88 301 301 291 74 74 415 106 106 354 72 72 414 315 315 393 314 314 495 313 313 393 314 314 414 315 315 396 316 316 411 317 317 396 316 316 414 315 315 396 316 316 411 317 317 493 318 318 422 319 319 493 318 318 411 317 317 493 318 318 422 319 319 417 320 320 420 321 321 417 320 320 422 319 319 417 320 320 420 321 321 329 322 322 326 323 323 329 322 322 420 321 321 329 322 322 326 323 323 129 324 324 495 313 313 312 326 326 315 325 325 312 326 326 495 313 313 430 327 327 393 314 314 430 327 327 495 313 313 430 327 327 393 314 314 384 328 328 396 316 316 384 328 328 393 314 314 384 328 328 396 316 316 390 329 329 491 330 330 390 329 329 396 316 316 390 329 329 491 330 330 456 331 331 460 332 332 456 331 331 491 330 330 426 334 334 309 333 333 312 326 326 309 333 333 426 334 334 399 335 335 444 336 336 399 335 335 426 334 334 399 335 335 444 336 336 349 337 337 442 338 338 349 337 337 444 336 336 349 337 337 442 338 338 343 339 339 440 340 340 343 339 339 442 338 338 343 339 339 440 340 340 438 341 341 272 344 344 269 343 343 202 342 342 269 343 343 272 344 344 200 345 345 280 346 346 200 345 345 272 344 344 200 345 345 280 346 346 198 347 347 243 348 348 198 347 347 280 346 346 198 347 347 243 348 348 177 349 349 240 350 350 177 349 349 243 348 348 177 349 349 240 350 350 256 351 351 222 354 354 127 353 353 225 352 352 127 353 353 222 354 354 208 355 355 284 356 356 208 355 355 222 354 354 208 355 355 284 356 356 210 357 357 289 358 358 210 357 357 284 356 356 210 357 357 289 358 358 204 359 359 293 360 360 204 359 359 289 358 358 204 359 359 293 360 360 276 361 361 300 363 363 206 362 362 210 357 357 206 362 362 300 363 363 252 364 364 297 365 365 252 364 364 300 363 363 252 364 364 297 365 365 248 366 366 188 367 367 248 366 366 297 365 365 248 366 366 188 367 367 184 368 368 186 369 369 184 368 368 188 367 367 483 371 371 422 319 319 486 370 370 422 319 319 483 371 371 420 321 321 436 372 372 420 321 321 483 371 371 420 321 321 436 372 372 326 323 323 225 352 352 326 323 323 436 372 372 326 323 323 225 352 352 129 324 324 127 353 353 129 324 324 225 352 352 204 359 359 300 363 363 210 357 357 300 363 363 204 359 359 192 373 373 202 342 342 192 373 373 204 359 359 192 373 373 202 342 342 190 374 374 303 375 375 190 374 374 202 342 342 190 374 374 303 375 375 216 376 376 111 377 377 216 376 376 303 375 375 214 380 380 113 379 379 194 378 378 113 379 379 214 380 380 111 377 377 212 381 381 111 377 377 214 380 380 111 377 377 212 381 381 216 376 376 218 382 382 216 376 376 212 381 381 216 376 376 218 382 382 186 369 369 232 385 385 228 384 384 340 383 383 228 384 384 232 385 385 148 386 386 230 387 387 148 386 386 232 385 385 148 386 386 230 387 387 146 388 388 234 389 389 146 388 388 230 387 387 146 388 388 234 389 389 236 390 390 256 351 351 196 391 391 177 349 349 196 391 391 256 351 351 259 392 392 261 393 393 259 392 392 256 351 351 259 392 392 261 393 393 264 394 394 266 395 395 264 394 394 261 393 393 264 394 394 266 395 395 466 396 396 162 399 399 281 398 398 156 397 397 281 398 398 162 399 399 244 400 400 122 401 401 244 400 400 162 399 399 244 400 400 122 401 401 241 402 402 125 403 403 241 402 402 122 401 401 241 402 402 125 403 403 142 404 404 142 404 404 257 405 405 241 402 402 257 405 405 142 404 404 262 406 406 136 407 407 262 406 406 142 404 404 262 406 406 136 407 407 267 408 408 139 409 409 267 408 408 136 407 407 267 408 408 139 409 409 332 410 407 150 411 410 340 383 383 228 384 384 340 383 383 150 411 410 343 339 339 346 412 411 343 339 339 150 411 410 343 339 339 346 412 411 349 337 337 381 413 412 349 337 337 346 412 411 349 337 337 381 413 412 408 414 413 454 416 415 460 332 332 458 415 414 460 332 332 454 416 415 456 331 331 452 417 416 456 331 331 454 416 415 456 331 331 452 417 416 387 418 417 384 328 328 387 418 417 452 417 416 485 421 420 373 420 419 482 419 418 373 420 419 485 421 420 368 422 421 488 423 422 368 422 421 485 421 420 368 422 421 488 423 422 364 424 423 356 425 424 364 424 423 488 423 422 159 428 424 294 427 422 172 426 423 294 427 422 159 428 424 277 429 425 156 397 397 277 429 425 159 428 424 277 429 425 156 397 397 273 430 426 281 398 398 273 430 426 156 397 397 346 412 411 402 431 427 381 413 412 402 431 427 346 412 411 468 432 428 150 411 410 468 432 428 346 412 411 468 432 428 150 411 410 264 394 394 259 392 392 264 394 394 150 411 410 408 414 413 399 335 335 349 337 337 399 335 335 408 414 413 306 433 429 315 325 325 306 433 429 408 414 413 306 433 429 315 325 325 309 333 333 312 326 326 309 333 333 315 325 325 474 436 432 476 435 431 405 434 430 476 435 431 474 436 432 414 315 315 471 437 433 414 315 315 474 436 432 414 315 315 471 437 433 411 317 317 186 369 369 190 374 374 216 376 376 190 374 374 186 369 369 192 373 373 188 367 367 192 373 373 186 369 369 192 373 373 188 367 367 297 365 365 115 438 434 198 347 347 194 378 378 198 347 347 115 438 434 117 439 435 113 379 379 117 439 435 115 438 434 117 439 435 113 379 379 111 377 377 463 440 436 402 431 427 468 432 428 402 431 427 463 440 436 381 413 412 447 441 437 381 413 412 463 440 436 381 413 412 447 441 437 450 442 438 435 443 441 181 443 440 226 443 439 181 443 440 435 443 441 377 443 442 481 443 443 377 443 442 435 443 441 377 443 442 481 443 443 372 443 444 470 444 425 356 425 424 488 423 422 356 425 424 470 444 425 352 445 397 473 446 426 352 445 397 470 444 425 352 445 397 473 446 426 478 447 398 129 324 324 131 448 445 329 322 322 131 448 445 129 324 324 133 449 446 127 353 353 133 449 446 129 324 324 133 449 446 127 353 353 208 355 355 336 452 404 462 451 405 465 450 406 462 451 405 336 452 404 446 453 402 322 454 403 446 453 402 336 452 404 446 453 402 322 454 403 318 455 401 405 434 430 315 325 325 408 414 413 315 325 325 405 434 430 495 313 313 476 435 431 495 313 313 405 434 430 495 313 313 476 435 431 414 315 315 144 456 447 177 349 349 196 391 391 177 349 349 144 456 447 152 457 448 146 388 388 152 457 448 144 456 447 119 460 449 121 459 348 161 458 346 121 459 348 119 460 449 124 461 350 141 462 351 124 461 350 119 460 449 119 460 449 167 464 356 164 463 354 167 464 356 119 460 449 174 465 358 171 466 360 174 465 358 119 460 449 119 460 449 158 467 361 171 466 360 158 467 361 119 460 449 155 468 344 161 458 346 155 468 344 119 460 449 186 369 369 246 469 450 184 368 368 246 469 450 186 369 369 220 470 451 218 382 382 220 470 451 186 369 369 493 318 318 491 330 330 396 316 316 491 330 330 493 318 318 460 332 332 417 320 320 460 332 332 493 318 318 411 317 317 486 370 370 422 319 319 486 370 370 411 317 317 489 471 452 471 437 433 489 471 452 411 317 317 119 460 449 378 473 372 374 472 371 378 473 372 119 460 449 180 474 352 164 463 354 180 474 352 119 460 449 438 341 341 340 383 383 343 339 339 340 383 383 438 341 341 232 385 385 286 443 455 165 443 454 169 443 453 165 443 454 286 443 455 223 443 456 175 476 421 294 427 422 290 475 420 294 427 422 175 476 421 172 426 423 252 364 364 250 478 458 254 477 457 250 478 458 252 364 364 248 366 366 248 366 366 246 469 450 250 478 458 246 469 450 248 366 366 184 368 368 236 390 390 152 457 448 146 388 388 152 457 448 236 390 390 238 479 459 238 479 459 194 378 378 152 457 448 194 378 378 238 479 459 214 380 380 369 480 370 119 460 449 374 472 371 119 460 449 369 480 370 365 481 452 357 482 433 119 460 449 365 481 452 119 460 449 357 482 433 353 483 432 361 484 460 119 460 449 353 483 432 119 460 449 361 484 460 319 485 438 323 486 437 119 460 449 319 485 438 119 460 449 323 486 437 337 487 436 333 488 396 119 460 449 337 487 436 119 460 449 333 488 396 138 489 395 119 460 449 135 490 393 141 462 351 135 490 393 119 460 449 138 489 395 390 329 329 387 418 417 384 328 328 387 418 417 390 329 329 456 331 331 223 443 456 181 443 440 165 443 454 181 443 440 223 443 456 226 443 439 269 343 343 303 375 375 202 342 342 303 375 375 269 343 343 200 345 345 208 355 355 206 362 362 133 449 446 206 362 362 208 355 355 210 357 357 148 386 386 150 411 410 228 384 384 150 411 410 148 386 386 146 388 388 152 457 448 198 347 347 177 349 349 198 347 347 152 457 448 194 378 378 432 491 461 384 328 328 452 417 416 384 328 328 432 491 461 428 492 462 303 375 375 117 439 435 111 377 377 117 439 435 303 375 375 200 345 345 428 492 462 430 327 327 384 328 328 430 327 327 428 492 462 424 493 463 168 495 419 290 475 420 285 494 418 290 475 420 168 495 419 175 476 421 332 410 407 465 450 406 267 408 408 465 450 406 332 410 407 336 452 404 276 361 361 202 342 342 204 359 359 202 342 342 276 361 361 272 344 344 449 497 400 318 455 401 360 496 399 318 455 401 449 497 400 446 453 402 259 392 392 144 456 447 196 391 391 144 456 447 259 392 392 150 411 410 466 396 396 468 432 428 264 394 394 468 432 428 466 396 396 463 440 436 424 493 463 312 326 326 430 327 327 312 326 326 424 493 463 426 334 334 450 442 438 408 414 413 381 413 412 408 414 413 450 442 438 479 498 460 479 498 460 405 434 430 408 414 413 405 434 430 479 498 460 474 436 432 478 447 398 360 496 399 352 445 397 360 496 399 478 447 398 449 497 400 306 433 429 309 333 333 399 335 335 115 438 434 194 378 378 113 379 379 297 365 365 300 363 363 192 373 373 117 439 435 200 345 345 198 347 347 150 411 410 146 388 388 144 456 447</p>
                </triangles>
            </mesh>
        </geometry>
        <geometry id="ID108">
            <mesh>
                <source id="ID109">
                    <float_array id="ID110" count="1446">-291.688 185.063 -520.844 -279.156 185.063 -517.125 -266.813 185.063 -521.469 -259.375 185.063 -532.219 -259.719 185.063 -545.313 -267.656 185.063 -555.688 -280.188 185.063 -559.406 -305.531 301.875 -572.094 -305.531 301.875 -572.094 -320.469 301.875 -550.438 -320.469 301.875 -550.438 -319.813 301.875 -524.125 -319.813 301.875 -524.125 -319.813 301.875 -524.125 -303.844 301.875 -503.219 -303.844 301.875 -503.219 -238.875 301.875 -526.094 -238.875 301.875 -526.094 -239.5 301.875 -552.406 -239.5 301.875 -552.406 216.969 15.9063 -554.625 212.719 5.875 -555.875 234.344 5.875 -587.25 237.031 15.9063 -583.719 217.844 15.9063 -519.25 217.844 15.9063 -519.25 213.656 5.875 -517.781 213.656 5.875 -517.781 239.313 15.9063 -491.156 236.781 5.875 -487.531 273.188 15.9063 -481.063 273.313 5.875 -476.625 306.563 15.9063 -492.813 309.25 5.875 -489.281 326.625 15.9063 -521.938 330.875 5.875 -520.656 325.781 15.9063 -557.281 329.938 5.875 -558.75 304.281 15.9063 -585.375 306.813 5.875 -589.031 270.406 15.9063 -595.469 270.281 5.875 -599.906 248.344 23.8438 -568.938 248.344 23.8438 -568.938 234.813 23.8438 -549.281 234.813 23.8438 -549.281 235.406 23.8438 -525.438 235.406 23.8438 -525.438 235.406 23.8438 -525.438 249.875 23.8438 -506.5 249.875 23.8438 -506.5 272.75 23.8438 -499.688 272.75 23.8438 -499.688 -334.5 15.9063 -554.625 295.25 23.8438 -507.594 295.25 23.8438 -507.594 -338.75 5.875 -555.875 308.781 23.8438 -527.25 308.781 23.8438 -527.25 -317.094 5.875 -587.25 308.219 23.8438 -551.094 308.219 23.8438 -551.094 -314.406 15.9063 -583.719 293.719 23.8438 -570.031 293.719 23.8438 -570.031 -333.625 15.9063 -519.25 -333.625 15.9063 -519.25 270.844 23.8438 -576.844 270.844 23.8438 -576.844 -337.813 5.875 -517.781 -337.813 5.875 -517.781 253.594 49.3125 -562.063 -312.156 15.9063 -491.156 243.094 49.3125 -546.813 -314.656 5.875 -487.531 243.563 49.3125 -528.313 -278.25 15.9063 -481.063 254.781 49.3125 -513.625 -278.156 5.875 -476.625 272.531 49.3125 -508.313 -244.906 15.9063 -492.813 290 49.3125 -514.469 -242.219 5.875 -489.281 300.5 49.3125 -529.719 -224.844 15.9063 -521.938 300.063 49.3125 -548.219 -220.594 5.875 -520.656 288.813 49.3125 -562.938 -225.688 15.9063 -557.281 271.063 49.3125 -568.219 -221.5 5.875 -558.75 260.563 124.781 -552.969 -247.188 15.9063 -585.375 262.094 157.406 -550.969 262.094 157.406 -550.969 -244.656 5.875 -589.031 256.469 157.406 -542.844 256.469 157.406 -542.844 -281.063 15.9063 -595.469 254.063 124.781 -543.563 -281.156 5.875 -599.906 256.719 157.406 -532.969 256.719 157.406 -532.969 256.719 157.406 -532.969 -303.094 23.8438 -568.938 -303.094 23.8438 -568.938 254.344 124.781 -532.125 -316.656 23.8438 -549.281 -316.656 23.8438 -549.281 262.719 157.406 -525.125 262.719 157.406 -525.125 -316.063 23.8438 -525.438 -316.063 23.8438 -525.438 -316.063 23.8438 -525.438 261.281 124.781 -523.031 -301.563 23.8438 -506.5 -301.563 23.8438 -506.5 272.188 157.406 -522.281 272.188 157.406 -522.281 -278.719 23.8438 -499.688 -278.719 23.8438 -499.688 272.25 124.781 -519.781 -256.219 23.8438 -507.594 -256.219 23.8438 -507.594 281.5 157.406 -525.563 281.5 157.406 -525.563 -242.688 23.8438 -527.25 -242.688 23.8438 -527.25 283.031 124.781 -523.563 -243.25 23.8438 -551.094 -243.25 23.8438 -551.094 287.125 157.406 -533.719 287.125 157.406 -533.719 -257.75 23.8438 -570.031 -257.75 23.8438 -570.031 289.531 124.781 -532.969 -280.594 23.8438 -576.844 -280.594 23.8438 -576.844 286.875 157.406 -543.563 286.875 157.406 -543.563 -297.844 49.3125 -562.063 289.25 124.781 -544.406 -308.375 49.3125 -546.813 280.875 157.406 -551.438 280.875 157.406 -551.438 -307.906 49.3125 -528.313 282.313 124.781 -553.5 -296.656 49.3125 -513.625 271.406 157.406 -554.25 271.406 157.406 -554.25 -278.938 49.3125 -508.313 271.344 124.781 -556.75 -261.469 49.3125 -514.469 258.938 166.969 -555.063 -250.969 49.3125 -529.719 253.875 176 -561.719 -251.406 49.3125 -548.219 243.5 176 -546.719 -262.656 49.3125 -562.938 251.531 166.969 -544.313 -280.406 49.3125 -568.219 243.938 176 -528.469 243.938 176 -528.469 -290.906 124.781 -552.969 251.844 166.969 -531.25 251.844 166.969 -531.25 -289.375 157.406 -550.969 -289.375 157.406 -550.969 255.031 176 -513.969 -294.969 157.406 -542.844 -294.969 157.406 -542.844 259.781 166.969 -520.844 -297.406 124.781 -543.563 272.531 176 -508.75 -294.75 157.406 -532.969 -294.75 157.406 -532.969 -294.75 157.406 -532.969 272.313 166.969 -517.125 -297.125 124.781 -532.125 289.75 176 -514.813 -288.75 157.406 -525.125 -288.75 157.406 -525.125 284.656 166.969 -521.469 -290.156 124.781 -523.031 300.094 176 -529.844 -279.281 157.406 -522.281 -279.281 157.406 -522.281 292.063 166.969 -532.219 -279.219 124.781 -519.781 299.656 176 -548.094 -269.969 157.406 -525.563 -269.969 157.406 -525.563 291.75 166.969 -545.313 -268.438 124.781 -523.563 288.563 176 -562.594 -264.344 157.406 -533.719 -264.344 157.406 -533.719 283.813 166.969 -555.688 -261.938 124.781 -533 271.063 176 -567.781 -264.594 157.406 -543.563 -264.594 157.406 -543.563 271.281 166.969 -559.406 -262.219 124.781 -544.406 237.031 -4.09375 -583.719 -270.594 157.406 -551.438 -270.594 157.406 -551.438 270.406 -4.09375 -595.469 -269.156 124.781 -553.5 216.969 -4.09375 -554.625 -280.063 157.406 -554.25 -280.063 157.406 -554.25 217.844 -4.09375 -519.25 217.844 -4.09375 -519.25 -280.125 124.781 -556.75 239.313 -4.09375 -491.156 -292.5 166.969 -555.063 273.188 -4.09375 -481.063 -297.594 176 -561.719 306.563 -4.09375 -492.813 -307.969 176 -546.719 326.625 -4.09375 -521.938 -299.938 166.969 -544.313 325.781 -4.09375 -557.281 -307.531 176 -528.469 -307.531 176 -528.469 304.281 -4.09375 -585.375 -299.625 166.969 -531.25 -299.625 166.969 -531.25 243.938 294.438 -574.719 -296.438 176 -513.969 227.844 294.438 -551.375 -291.688 166.969 -520.844 231 287 -550.438 -278.938 176 -508.75 245.938 287 -572.094 -279.156 166.969 -517.125 228.531 294.438 -523.031 228.531 294.438 -523.031 -261.719 176 -514.813 231.656 287 -524.125 231.656 287 -524.125 -266.813 166.969 -521.469 245.75 294.438 -500.5 -251.375 176 -529.844 247.625 287 -503.219 -259.375 166.969 -532.219 272.938 294.438 -492.406 -251.813 176 -548.094 272.844 287 -495.719 -259.719 166.969 -545.313 299.656 294.438 -501.813 -262.906 176 -562.594 297.656 287 -504.438 -267.656 166.969 -555.688 315.75 294.438 -525.156 -280.375 176 -567.781 312.594 287 -526.094 -280.188 166.969 -559.406 315.063 294.438 -553.5 -314.406 -4.09375 -583.719 311.969 287 -552.406 -281.063 -4.09375 -595.469 297.844 294.438 -576.031 -334.5 -4.09375 -554.625 295.969 287 -573.313 -333.625 -4.09375 -519.25 -333.625 -4.09375 -519.25 270.688 294.438 -584.125 -312.156 -4.09375 -491.156 270.75 287 -580.844 -278.25 -4.09375 -481.063 295.969 301.875 -573.313 295.969 301.875 -573.313 -244.906 -4.09375 -492.813 297.656 301.875 -504.438 297.656 301.875 -504.438 -224.844 -4.09375 -521.938 272.844 301.875 -495.719 272.844 301.875 -495.719 -225.688 -4.09375 -557.281 270.75 301.875 -580.844 270.75 301.875 -580.844 -247.188 -4.09375 -585.375 244.281 281.094 -546.469 244.281 281.094 -546.469 -307.531 294.438 -574.719 254.344 281.094 -561.094 254.344 281.094 -561.094 -323.625 294.438 -551.375 244.719 281.094 -528.719 244.719 281.094 -528.719 244.719 281.094 -528.719 244.719 281.094 -528.719 -320.469 287 -550.438 255.5 281.094 -514.625 255.5 281.094 -514.625 -305.531 287 -572.094 272.5 281.094 -509.563 272.5 281.094 -509.563 -322.938 294.438 -523.031 -322.938 294.438 -523.031 289.25 281.094 -515.469 289.25 281.094 -515.469 -319.813 287 -524.125 -319.813 287 -524.125 299.313 281.094 -530.063 299.313 281.094 -530.063 -305.719 294.438 -500.5 298.875 281.094 -547.813 298.875 281.094 -547.813 298.875 281.094 -547.813 -303.844 287 -503.219 288.094 281.094 -561.906 288.094 281.094 -561.906 -278.531 294.438 -492.406 271.094 281.094 -566.969 271.094 281.094 -566.969 -278.625 287 -495.719 250.438 257.656 -544.625 -251.813 294.438 -501.813 258.25 257.656 -555.969 -253.813 287 -504.438 250.781 257.656 -530.875 250.781 257.656 -530.875 -235.688 294.438 -525.156 259.156 257.656 -519.938 -238.875 287 -526.094 272.344 257.656 -516 -236.406 294.438 -553.5 285.344 257.656 -520.563 -239.5 287 -552.406 293.156 257.656 -531.906 -253.625 294.438 -576.031 292.813 257.656 -545.688 292.813 257.656 -545.688 -255.5 287 -573.313 284.469 257.656 -556.625 -280.781 294.438 -584.125 271.25 257.656 -560.563 -280.719 287 -580.844 256.469 194.625 -542.844 256.469 194.625 -542.844 -255.5 301.875 -573.313 -255.5 301.875 -573.313 262.094 194.625 -550.969 262.094 194.625 -550.969 -253.813 301.875 -504.438 -253.813 301.875 -504.438 260.563 220.531 -552.969 -278.625 301.875 -495.719 -278.625 301.875 -495.719 254.063 220.531 -543.563 -280.719 301.875 -580.844 -280.719 301.875 -580.844 256.719 194.625 -532.969 256.719 194.625 -532.969 256.719 194.625 -532.969 256.719 194.625 -532.969 -307.188 281.094 -546.469 -307.188 281.094 -546.469 254.344 220.531 -532.125 254.344 220.531 -532.125 -297.094 281.094 -561.094 -297.094 281.094 -561.094 262.719 194.625 -525.125 262.719 194.625 -525.125 -306.75 281.094 -528.719 -306.75 281.094 -528.719 -306.75 281.094 -528.719 -306.75 281.094 -528.719 261.281 220.531 -523.031 -295.969 281.094 -514.625 -295.969 281.094 -514.625 272.188 194.625 -522.281 272.188 194.625 -522.281 -278.969 281.094 -509.563 -278.969 281.094 -509.563 272.25 220.531 -519.781 -262.219 281.094 -515.469 -262.219 281.094 -515.469 281.5 194.625 -525.563 281.5 194.625 -525.563 -252.125 281.094 -530.063 -252.125 281.094 -530.063 283.031 220.531 -523.563 -252.563 281.094 -547.813 -252.563 281.094 -547.813 -252.563 281.094 -547.813 287.125 194.625 -533.719 287.125 194.625 -533.719 -263.344 281.094 -561.906 -263.344 281.094 -561.906 289.531 220.531 -532.969 -280.375 281.094 -566.969 -280.375 281.094 -566.969 286.875 194.625 -543.563 286.875 194.625 -543.563 286.875 194.625 -543.563 -301.031 257.656 -544.625 289.25 220.531 -544.406 289.25 220.531 -544.406 -293.188 257.656 -555.969 280.875 194.625 -551.438 280.875 194.625 -551.438 -300.688 257.656 -530.875 -300.688 257.656 -530.875 282.313 220.531 -553.5 -292.313 257.656 -519.938 271.406 194.625 -554.25 271.406 194.625 -554.25 -279.125 257.656 -516 271.344 220.531 -556.75 -266.125 257.656 -520.563 258.938 185.063 -555.063 -258.313 257.656 -531.906 251.531 185.063 -544.313 -258.656 257.656 -545.688 -258.656 257.656 -545.688 251.844 185.063 -531.25 251.844 185.063 -531.25 -267 257.656 -556.625 259.781 185.063 -520.844 -280.219 257.656 -560.563 272.313 185.063 -517.125 -294.969 194.625 -542.844 -294.969 194.625 -542.844 284.656 185.063 -521.469 -289.375 194.625 -550.969 -289.375 194.625 -550.969 292.063 185.063 -532.219 -290.906 220.531 -552.969 291.75 185.063 -545.313 -297.406 220.531 -543.563 283.813 185.063 -555.688 -294.75 194.625 -532.969 -294.75 194.625 -532.969 -294.75 194.625 -532.969 -294.75 194.625 -532.969 271.281 185.063 -559.406 -297.125 220.531 -532.125 -297.125 220.531 -532.125 245.938 301.875 -572.094 245.938 301.875 -572.094 -288.75 194.625 -525.125 -288.75 194.625 -525.125 231 301.875 -550.438 231 301.875 -550.438 -290.156 220.531 -523.031 231.656 301.875 -524.125 231.656 301.875 -524.125 231.656 301.875 -524.125 -279.281 194.625 -522.281 -279.281 194.625 -522.281 247.625 301.875 -503.219 247.625 301.875 -503.219 -279.219 220.531 -519.781 312.594 301.875 -526.094 312.594 301.875 -526.094 -269.969 194.625 -525.563 -269.969 194.625 -525.563 311.969 301.875 -552.406 311.969 301.875 -552.406 -268.438 220.531 -523.563 -264.344 194.625 -533.719 -264.344 194.625 -533.719 -261.938 220.531 -532.969 -264.594 194.625 -543.563 -264.594 194.625 -543.563 -264.594 194.625 -543.563 -262.219 220.531 -544.406 -262.219 220.531 -544.406 -270.594 194.625 -551.438 -270.594 194.625 -551.438 -269.156 220.531 -553.5 -280.063 194.625 -554.25 -280.063 194.625 -554.25 -280.125 220.531 -556.75 -292.5 185.063 -555.063 -299.938 185.063 -544.313 -299.625 185.063 -531.25 -299.625 185.063 -531.25</float_array>
                    <technique_common>
                        <accessor count="482" source="#ID110" stride="3">
                            <param name="X" type="float"/>
                            <param name="Y" type="float"/>
                            <param name="Z" type="float"/>
                        </accessor>
                    </technique_common>
                </source>
                <source id="ID111">
                    <float_array id="ID112" count="1122">-0.588363 0.236816 -0.773141 -0.49111 0.319624 -0.81034 -0.0222732 0.236767 -0.971311 0.0790519 0.319095 -0.94442 0.553464 0.236612 -0.798557 0.618849 0.319312 -0.717681 0.917128 0.2368 -0.320627 0.922449 0.319818 -0.216345 0.930493 0.236753 0.279518 0.873753 0.319658 0.366571 0.588691 0.236945 0.772852 0.49122 0.319749 0.810224 0.021266 0.236728 0.971343 -0.079723 0.319438 0.944248 -0.553456 0.236597 0.798567 -0.618493 0.319891 0.71773 -0.916845 0.2368 0.321436 -0.922243 0.319768 0.217292 -0.930509 0.236737 -0.27948 -0.873582 0.319712 -0.366931 -0.408845 0.912547 0.0101809 -0.617832 0.786161 0.0153063 -0.38751 0.919118 -0.0711237 -0.676498 0.716231 -0.171356 -0.2715 0.919084 -0.28561 -0.446556 0.716153 -0.536388 -0.051928 0.919087 -0.390617 -0.0462054 0.716429 -0.696128 0.187418 0.919125 -0.34653 0.371628 0.716554 -0.590291 0.355379 0.919103 -0.170162 0.647822 0.716452 -0.258887 0.387657 0.919039 0.0713389 0.676469 0.716269 0.171312 0.271787 0.919056 0.285426 0.4467 0.716374 0.535973 0.051928 0.919087 0.390617 0.0462722 0.71644 0.696112 -0.187243 0.919212 0.346394 -0.37221 0.715853 0.590775 -0.324618 0.91267 0.248309 -0.636136 0.5989 0.486466 -0.674284 -0.52942 0.514835 -0.794657 -0.000856592 0.607058 -0.455281 -0.583161 0.672787 -0.475489 -0.000895299 0.879721 0.0275747 -0.582446 0.812401 0.131744 -0.000895512 0.991283 0.498848 -0.583377 0.640954 0.689399 -0.00089538 0.724382 0.780754 -0.583125 0.224476 0.983639 -0.000895138 0.180148 0.763789 -0.582967 -0.277084 0.901936 -0.00089559 -0.43187 0.454662 -0.582968 -0.673373 0.475157 -0.000895706 -0.879901 -0.0280686 -0.582604 -0.812271 -0.132516 -0.000895406 -0.99118 -0.499469 -0.58264 -0.641141 -0.688703 -0.000895396 -0.725043 -0.780128 -0.583453 -0.225792 -0.983385 -0.000895615 -0.181528 -0.801555 -0.597613 0.0191883 -0.999712 -0.000856662 0.0239657 -0.731724 -0.389755 0.55917 -0.786456 -0.139513 0.601684 -0.597575 -0.402947 0.693208 -0.567889 -0.00127361 0.823105 -0.076319 -0.403851 0.911636 0.024243 -0.00166522 0.999705 0.474231 -0.404598 0.781924 0.607574 -0.00131307 0.794262 0.84321 -0.404644 0.353921 0.958297 -0.00123592 0.28577 0.890295 -0.404654 -0.208879 0.943311 -0.00136717 -0.331908 0.597025 -0.405104 -0.692425 0.567731 -0.00128163 -0.823213 0.0760197 -0.40492 -0.911187 -0.0245373 -0.00112431 -0.999698 -0.473922 -0.404583 -0.782119 -0.607257 -0.00104601 -0.794505 -0.843217 -0.404265 -0.354337 -0.958273 -0.00124836 -0.285852 -0.920603 -0.389838 0.0227137 -0.990112 0.138141 0.0244081 -0.706379 -0.457234 0.540338 -0.575706 -0.474425 0.665945 -0.0734832 -0.473652 0.877641 0.456579 -0.473096 0.753469 0.811535 -0.474532 0.340925 0.857038 -0.474175 -0.201604 0.575213 -0.473874 -0.666764 0.0727121 -0.472703 -0.878217 -0.457323 -0.472222 -0.753566 -0.811797 -0.473367 -0.34192 -0.888787 -0.457863 0.0204759 -0.0242928 0.113394 -0.993253 0.564492 0.113676 -0.817574 0.937299 0.113614 -0.329488 0.95207 0.113531 0.284029 0.603123 0.113547 0.789525 0.0234396 0.113543 0.993257 -0.564141 0.113616 0.817824 -0.937185 0.11365 0.329799 -0.952014 0.113731 -0.28414 -0.602546 0.113404 -0.789986 -0.687424 0.0767482 -0.722189 -0.13149 0.0761662 -0.988387 0.474191 0.076261 -0.877113 0.899597 0.076532 -0.429962 0.980719 0.0763853 0.179876 0.687626 0.0764603 0.722028 0.130537 0.0761741 0.988513 -0.474795 0.076378 0.876776 -0.899444 0.0764985 0.43029 -0.980521 0.0769418 -0.180719 -0.978825 -0.0967289 -0.180405 -0.68624 -0.0964864 -0.720947 -0.95359 -0.0992951 -0.284265 -0.603719 -0.0987922 -0.791052 -0.941528 -0.183569 -0.282536 -0.595833 -0.183866 -0.781778 -0.889348 -0.263187 -0.373888 -0.500279 -0.263258 -0.824873 -0.131266 -0.0957572 -0.986712 -0.0248897 -0.0989799 -0.994778 -0.0233443 -0.183919 -0.982664 0.0802998 -0.262418 -0.961607 0.473383 -0.0958759 -0.875623 0.565087 -0.0993219 -0.819031 0.559675 -0.183681 -0.8081 0.63015 -0.263175 -0.730513 0.791862 -0.0921213 -0.603712 0.791443 -0.0952649 -0.603774 0.778535 -0.201267 -0.594453 0.768401 -0.253078 -0.587802 -0.731863 0.389714 0.559017 -0.597465 0.404108 0.692627 -0.786835 0.13942 0.60121 -0.567775 1.86674e-005 0.823184 -0.635362 -0.600578 0.485408 -0.371534 -0.716908 0.58992 -0.324953 -0.912528 0.248393 -0.187361 -0.919085 0.346669 -0.07618 0.404584 0.911322 0.0244821 -4.59884e-006 0.9997 0.046033 -0.716961 0.695591 0.0519201 -0.919115 0.390554 0.473934 0.404258 0.78228 0.607117 -6.07268e-006 0.794612 0.44592 -0.717006 0.535778 0.271678 -0.919074 0.285473 0.842784 0.405044 0.354478 0.958323 -0.000322603 0.285687 0.675886 -0.716844 0.17121 0.387925 -0.918908 0.071573 0.890748 0.40329 -0.209582 0.943141 -0.000422364 -0.332393 0.648148 -0.716134 -0.258953 0.355636 -0.918955 -0.170426 0.597838 0.403143 -0.692868 0.567896 8.60245e-005 -0.8231 0.371872 -0.716437 -0.590278 0.187547 -0.919095 -0.346541 0.0761904 0.402485 -0.912251 -0.0243504 -3.22373e-005 -0.999703 -0.0460854 -0.716401 -0.696165 -0.0520671 -0.91922 -0.390287 -0.474369 0.402749 -0.782794 -0.607382 0.000276726 -0.79441 -0.446426 -0.716683 -0.535789 -0.271424 -0.919163 -0.285426 -0.843895 0.403033 -0.354127 -0.958347 0.000271197 -0.285607 -0.676013 -0.716747 -0.171116 -0.387547 -0.9191 -0.0711523 -0.920928 0.389074 0.0226533 -0.989976 -0.139139 0.0242386 -0.617287 -0.786588 0.015353 -0.409029 -0.912466 0.0100817 0.995431 -0.0920812 -0.0252808 0.979023 -0.096257 0.179579 0.995322 -0.0933884 -0.0247428 0.953575 -0.0990321 0.284406 0.9885 -0.149218 -0.024539 0.94157 -0.184265 0.281945 0.967033 -0.253519 -0.0239782 0.889298 -0.26377 0.373596 0.68605 -0.0963665 0.721144 0.603954 -0.0989597 0.790852 0.595413 -0.183836 0.782105 0.499564 -0.26294 0.825408 0.130314 -0.0957671 0.986837 0.0236513 -0.0989011 0.994816 0.0222449 -0.183641 0.982742 -0.0803167 -0.263636 0.961273 -0.473986 -0.0960225 0.875281 -0.56455 -0.0990253 0.819437 -0.559132 -0.183866 0.808433 -0.629737 -0.263762 0.730658 -0.790635 -0.0920063 0.605335 -0.790232 -0.0949113 0.605413 -0.777811 -0.201303 0.595389 -0.768448 -0.252853 0.587837 -0.995516 -0.0919839 0.0220526 -0.995314 -0.0937558 0.0236658 -0.98856 -0.148813 0.0245777 -0.967344 -0.252329 0.0240133 0 1 -0 -0.706379 0.457234 0.540338 -0.575706 0.474425 0.665945 -0.674523 0.528939 0.515017 -0.45562 0.582453 0.67317 -0.0734832 0.473652 0.877641 0.0275262 0.581738 0.81291 0.456579 0.473096 0.753469 0.499108 0.582669 0.641395 -0.811797 0.473367 -0.34192 -0.888787 0.457863 0.0204759 -0.780598 0.582745 -0.225997 -0.802239 0.596694 0.0192047 -0.457323 0.472222 -0.753566 -0.499729 0.581932 -0.641582 0.0727121 0.472703 -0.878217 -0.0280201 0.581896 -0.812781 0.575213 0.473874 -0.666764 0.455001 0.58226 -0.673757 0.857038 0.474175 -0.201604 0.764289 0.582259 -0.277196 0.811535 0.474532 0.340925 0.781223 0.582417 0.224679 -0.588691 0.236945 -0.772852 -0.49122 0.319749 -0.810224 -0.0220809 0.236757 -0.971318 0.0789551 0.319092 -0.944429 0.553418 0.236557 -0.798605 0.618762 0.319315 -0.717755 0.917132 0.236802 -0.320616 0.930426 0.236722 0.279768 0.0215524 0.236717 0.97134 -0.0794466 0.319424 0.944276 -0.553926 0.236642 0.798227 -0.61898 0.319934 0.71729 -0.917052 0.23676 0.320873 -0.922319 0.319758 0.216984 -0.930631 0.236772 -0.279042 -0.873904 0.319671 -0.3662 -0.387551 0.919112 -0.0709775 -0.676589 0.716201 -0.171124 -0.271636 0.919107 -0.285404 -0.446704 0.71617 -0.536242 -0.0519776 0.919082 -0.390624 -0.0461496 0.716431 -0.69613 0.187349 0.919159 -0.346477 0.37163 0.716468 -0.590394 0.648404 0.715894 -0.258976 0.676815 0.715968 0.171208 0.446648 0.716362 0.536033 0.0519776 0.919082 0.390624 0.0461496 0.716431 0.69613 -0.187471 0.919165 0.346396 -0.372186 0.716008 0.590602 -0.324982 0.912537 0.24832 -0.635908 0.599502 0.486023 0.499411 -0.583156 0.640717 0.689826 -0.000895603 0.723975 0.780953 -0.582785 0.224666 0.983502 -0.000895266 0.180895 0.763727 -0.583345 -0.276458 0.474984 -0.000895665 -0.879994 -0.0278485 -0.582708 -0.812204 -0.132521 -0.000895297 -0.99118 -0.499537 -0.582638 -0.64109 -0.689358 -0.000895251 -0.72442 -0.781047 -0.582504 -0.225067 -0.786641 -0.14019 0.601284 -0.597518 -0.403841 0.692737 -0.567973 -0.00113052 0.823046 -0.076448 -0.404141 0.911496 0.0241711 -0.00155257 0.999707 0.474107 -0.404894 0.781846 0.60755 -0.00116496 0.794281 0.958393 -0.000803278 0.28545 0.890866 -0.403166 -0.209323 0.9433 -0.00137044 -0.331938 0.597419 -0.40443 -0.692479 0.567871 -0.00150097 -0.823116 0.0761013 -0.404956 -0.911164 -0.0244907 -0.00114002 -0.999699 -0.473981 -0.404888 -0.781926 -0.60751 -0.000910824 -0.794311 -0.843401 -0.404229 -0.35394 -0.958372 -0.00126103 -0.285519 0.812494 -0.473145 0.340571 0.85765 -0.473359 -0.200916 -0.456143 -0.473072 -0.753748 -0.812411 -0.472837 -0.341194 -0.889439 -0.456529 0.0218981 -0.0241989 0.113419 -0.993253 0.937307 0.113611 -0.329467 0.95191 0.113594 0.284541 0.602722 0.113482 0.789841 0.0236985 0.113583 0.993246 -0.56444 0.113824 0.817589 -0.937346 0.113446 0.329413 -0.951922 0.113434 -0.284564 -0.602722 0.113482 -0.789841 -0.686802 0.0764402 -0.722814 0.980703 0.0765651 0.17989 0.687231 0.0766525 0.722383 -0.474544 0.0767327 0.876881 -0.899313 0.0767592 0.430517 -0.980607 0.0763891 -0.180485 -0.978934 -0.0960365 -0.180178 -0.68563 -0.0961004 -0.721579 -0.953503 -0.0989155 -0.28469 -0.603954 -0.0989597 -0.790852 -0.941688 -0.183666 -0.28194 -0.59628 -0.184085 -0.781385 -0.889783 -0.26314 -0.372887 -0.500281 -0.263289 -0.824862 -0.0247626 -0.0990281 -0.994777 -0.0230025 -0.183901 -0.982676 0.0806525 -0.262315 -0.961606 0.559774 -0.183451 -0.808083 0.630425 -0.262388 -0.730559 0.778641 -0.200618 -0.594534 0.7686 -0.252119 -0.587954 0.60741 -0.000482961 0.794388 0.446298 -0.716672 0.53591 0.271566 -0.919206 0.285154 0.843764 0.403019 0.354455 0.958313 -0.00032966 0.285721 0.676443 -0.716267 0.171424 0.387245 -0.919219 0.0712604 0.891338 0.402151 -0.209262 0.94329 0.000156539 -0.33197 0.647849 -0.71642 -0.25891 0.355014 -0.919246 -0.170153 0.371708 -0.716629 -0.59015 0.187421 -0.919201 -0.346327 -0.0460595 -0.71643 -0.696137 -0.0519576 -0.919169 -0.390421 -0.446482 -0.716563 -0.535902 -0.271649 -0.919073 -0.285502 -0.676112 -0.716664 -0.171069 -0.387602 -0.919092 -0.0709557 0.988562 -0.148808 -0.0245405 0.941684 -0.18366 0.281958 0.967349 -0.252312 -0.023986 0.8897 -0.262947 0.373221 0.595632 -0.183653 0.78198 0.499947 -0.262952 0.825172 0.023911 -0.0989524 0.994805 0.0223734 -0.183597 0.982747 -0.473724 -0.0964669 0.875374 -0.564924 -0.0991242 0.819167 -0.559446 -0.183721 0.808249 -0.791254 -0.0925111 0.604449 -0.791124 -0.0946905 0.604282 -0.995433 -0.0920788 0.0252008 -0.995323 -0.0933906 0.0247161 0.499671 0.582448 0.641158 -0.812411 0.472837 -0.341194 -0.889439 0.456529 0.0218981 -0.781516 0.581796 -0.22527 -0.456143 0.473072 -0.753748 -0.499797 0.581929 -0.64153 -0.0278001 0.582 -0.812714 0.85765 0.473359 -0.200916 0.764227 0.582638 -0.276569 0.812494 0.473145 0.340571 0.781422 0.582077 0.22487</float_array>
                    <technique_common>
                        <accessor count="374" source="#ID112" stride="3">
                            <param name="X" type="float"/>
                            <param name="Y" type="float"/>
                            <param name="Z" type="float"/>
                        </accessor>
                    </technique_common>
                </source>
                <source id="ID113">
                    <float_array id="ID114" count="450">0.600342 0.358887 0.600342 0.205078 0.40918 0.358887 0.40918 0.205078 0.218262 0.358887 0.218262 0.205078 0.0222168 0.358887 0.0222168 0.205078 0.791504 0.358887 0.791504 0.205078 0.977539 0.358887 0.977539 0.205078 3.58496 0.206543 3.58521 0.150391 3.35303 0.206543 3.35303 0.150391 3.12085 0.206543 3.12085 0.150391 2.88867 0.206543 2.88867 0.150391 2.65649 0.206543 2.65649 0.150391 2.42432 0.206543 2.42432 0.150391 2.19214 0.206543 2.19214 0.150391 1.95996 0.206543 1.95996 0.150391 1.72778 0.206543 1.72778 0.150391 1.49561 0.206543 1.49561 0.150391 1.26343 0.206543 1.26343 0.150391 -3.99365 0.0786133 -3.99365 0.220703 -3.79346 0.0786133 -3.79346 0.220703 -3.59351 0.0786133 -3.59351 0.220703 -3.39355 0.0786133 -3.39355 0.220703 -3.1936 0.0786133 -3.1936 0.220703 -2.99365 0.0786133 -2.99365 0.220703 -2.79346 0.0786133 -2.79346 0.220703 -2.59351 0.0786133 -2.59351 0.220703 -2.39355 0.0786133 -2.39355 0.220703 -2.1936 0.0786133 -2.1936 0.220703 -1.99365 0.0786133 -1.99365 0.220703 1.26343 0.00952148 1.26343 0.079834 1.49561 0.00952148 1.49561 0.079834 1.72778 0.00952148 1.72778 0.079834 1.95996 0.00952148 1.95996 0.079834 2.19214 0.00952148 2.19214 0.079834 2.42432 0.00952148 2.42432 0.079834 2.65649 0.00952148 2.65649 0.079834 2.88867 0.00952148 2.88867 0.079834 3.12085 0.00952148 3.12085 0.079834 3.35303 0.00952148 3.35303 0.079834 3.58521 0.00952148 3.58521 0.079834 -3.99365 0 -3.79346 0 -3.59351 0 -3.39355 0 -3.1936 0 -2.99365 0 -2.79346 0 -2.59351 0 -2.39355 0 -2.1936 0 -1.99365 0 0.40918 0.769043 0.218262 0.769043 0.0222168 0.769043 0.600342 0.769043 0.791504 0.769043 0.977539 0.769043 0.600342 0.996826 0.40918 0.996826 0.218262 0.996826 0.0222168 0.996826 0.791504 0.996826 0.977539 0.996826 -0.20166 0.208984 -0.38916 0.208984 -0.20166 0.424072 -0.38916 0.424072 -0.20166 0.7771 -0.38916 0.7771 -0.20166 1 -0.38916 1 -0.57666 0.208984 -0.57666 0.424072 -0.57666 0.7771 -0.57666 1 -0.76416 0.208984 -0.76416 0.424072 -0.76416 0.7771 -0.76416 1 -0.951904 0.208984 -0.951904 0.424072 -0.951904 0.7771 -0.951904 1 -0.982178 2.20239 -0.713623 2.20239 -0.982178 2.13184 -0.713623 2.13184 -0.982178 2.06152 -0.713623 2.06152 -0.982178 2.00562 -0.713623 2.00562 -0.445068 2.20239 -0.445068 2.13184 -0.445068 2.06152 -0.445068 2.00562 -0.176758 2.20239 -0.176758 2.13184 -0.176758 2.06152 -0.176758 2.00562 0.0915527 2.20239 0.0915527 2.13184 0.0915527 2.06152 0.0915527 2.00562 0.360107 2.20239 0.360107 2.13184 0.360107 2.06152 0.360107 2.00562 0.628662 2.20239 0.628662 2.13184 0.628662 2.06152 0.628662 2.00562 0.897217 2.20239 0.897217 2.13184 0.897217 2.06152 0.897217 2.00562 1.16577 2.20239 1.16577 2.13184 1.16577 2.06152 1.16577 2.00562 1.43408 2.20239 1.43408 2.13184 1.43408 2.06152 1.43408 2.00562 1.70264 2.20239 1.70264 2.13184 1.70264 2.06152 1.70264 2.00562 -0.950439 0.208984 -0.762695 0.208984 -0.950439 0.424072 -0.762695 0.424072 -0.950439 0.7771 -0.762695 0.7771 -0.950439 1 -0.762695 1 -0.575195 0.208984 -0.575195 0.424072 -0.575195 0.7771 -0.575195 1 -0.387695 0.208984 -0.387695 0.424072 -0.387695 0.7771 -0.387695 1 -0.200195 0.208984 -0.200195 0.424072 -0.200195 0.7771 -0.200195 1 -0.0126953 0.208984 -0.0126953 0.424072 -0.0124512 0.7771 -0.0124512 1 -0.013916 0.208984 -0.013916 0.424072 -0.013916 0.7771 -0.013916 1 -2.03491 1.0354 -2.12231 1.0354 -1.96411 1.08691 -2.19312 1.08691 -1.93701 1.17017 -2.22021 1.17017 -2.19312 1.08765 -3.99365 -0.00195313 -3.79346 -0.00195313 -3.99365 0.0766602 -3.79346 0.0766602 -3.59351 -0.00195313 -3.59351 0.0766602 -3.39355 -0.00195313 -3.39355 0.0766602 -2.1936 -0.00195313 -1.99365 -0.00195313 -2.1936 0.0766602 -1.99365 0.0766602 -2.39355 -0.00195313 -2.39355 0.0766602 -2.59351 -0.00195313 -2.59351 0.0766602 -2.79346 -0.00195313 -2.79346 0.0766602 -2.99365 -0.00195313 -2.99365 0.0766602 -3.1936 -0.00195313 -3.1936 0.0766602 -2.12231 1.03735 -2.03491 1.03735 -1.96411 1.08765</float_array>
                    <technique_common>
                        <accessor count="225" source="#ID114" stride="2">
                            <param name="S" type="float"/>
                            <param name="T" type="float"/>
                        </accessor>
                    </technique_common>
                </source>
                <vertices id="ID115">
                    <input semantic="POSITION" source="#ID109"/>
                </vertices>
                <triangles count="656" material="Material1">
                    <input offset="0" semantic="VERTEX" source="#ID115"/>
                    <input offset="1" semantic="NORMAL" source="#ID111"/>
                    <input offset="2" semantic="TEXCOORD" source="#ID113" set="0"/>
                    <p>160 2 2 105 1 1 140 0 0 105 1 1 160 2 2 137 3 3 158 4 4 137 3 3 160 2 2 137 3 3 158 4 4 134 5 5 156 6 6 134 5 5 158 4 4 134 5 5 156 6 6 130 7 7 154 8 4 130 7 7 156 6 6 130 7 7 154 8 4 127 9 5 152 10 2 127 9 5 154 8 4 127 9 5 152 10 2 123 11 3 150 12 0 123 11 3 152 10 2 123 11 3 150 12 0 120 13 1 147 14 8 120 13 1 150 12 0 120 13 1 147 14 8 116 15 9 145 16 10 116 15 9 147 14 8 116 15 9 145 16 10 113 17 11 142 18 8 113 17 11 145 16 10 113 17 11 142 18 8 108 19 9 140 0 0 108 19 9 142 18 8 108 19 9 140 0 0 105 1 1 107 22 14 65 21 13 111 20 12 65 21 13 107 22 14 53 23 15 104 24 16 53 23 15 107 22 14 53 23 15 104 24 16 62 25 17 136 26 18 62 25 17 104 24 16 62 25 17 136 26 18 98 27 19 133 28 20 98 27 19 136 26 18 98 27 19 133 28 20 92 29 21 129 30 22 92 29 21 133 28 20 92 29 21 129 30 22 88 31 23 126 32 24 88 31 23 129 30 22 88 31 23 126 32 24 84 33 25 122 34 26 84 33 25 126 32 24 84 33 25 122 34 26 80 35 27 119 36 28 80 35 27 122 34 26 80 35 27 119 36 28 76 37 29 115 38 30 76 37 29 119 36 28 76 37 29 115 38 30 72 39 31 112 40 32 72 39 31 115 38 30 72 39 31 112 40 32 66 41 33 232 44 36 225 43 35 228 42 34 225 43 35 232 44 36 230 45 37 236 46 38 230 45 37 232 44 36 230 45 37 236 46 38 234 47 39 242 48 40 234 47 39 236 46 38 234 47 39 242 48 40 239 49 41 246 50 42 239 49 41 242 48 40 239 49 41 246 50 42 244 51 43 250 52 44 244 51 43 246 50 42 244 51 43 250 52 44 248 53 45 254 54 46 248 53 45 250 52 44 248 53 45 254 54 46 252 55 47 258 56 48 252 55 47 254 54 46 252 55 47 258 56 48 256 57 49 216 58 50 256 57 49 258 56 48 256 57 49 216 58 50 218 59 51 222 60 52 218 59 51 216 58 50 218 59 51 222 60 52 220 61 53 227 62 54 220 61 53 222 60 52 220 61 53 227 62 54 224 63 55 269 66 58 70 65 57 267 64 56 70 65 57 269 66 58 74 67 59 271 68 60 74 67 59 269 66 58 74 67 59 271 68 60 78 69 61 274 70 62 78 69 61 271 68 60 78 69 61 274 70 62 82 71 63 277 72 64 82 71 63 274 70 62 82 71 63 277 72 64 86 73 65 280 74 66 86 73 65 277 72 64 86 73 65 280 74 66 90 75 67 283 76 68 90 75 67 280 74 66 90 75 67 283 76 68 95 77 69 262 78 70 95 77 69 283 76 68 95 77 69 262 78 70 100 79 71 260 80 72 100 79 71 262 78 70 100 79 71 260 80 72 59 81 73 264 82 74 59 81 73 260 80 72 59 81 73 264 82 74 56 83 75 266 84 76 56 83 75 264 82 74 56 83 75 266 84 76 69 85 77 181 87 79 228 42 34 176 86 78 228 42 34 181 87 79 232 44 36 186 88 80 232 44 36 181 87 79 232 44 36 186 88 80 236 46 38 191 89 81 236 46 38 186 88 80 236 46 38 191 89 81 242 48 40 196 90 82 242 48 40 191 89 81 242 48 40 196 90 82 246 50 42 201 91 83 246 50 42 196 90 82 246 50 42 201 91 83 250 52 44 206 92 84 250 52 44 201 91 83 250 52 44 206 92 84 254 54 46 211 93 85 254 54 46 206 92 84 254 54 46 211 93 85 258 56 48 167 94 86 258 56 48 211 93 85 258 56 48 167 94 86 216 58 50 170 95 87 216 58 50 167 94 86 216 58 50 170 95 87 222 60 52 175 96 88 222 60 52 170 95 87 222 60 52 175 96 88 227 62 54 208 98 90 160 2 2 214 97 89 160 2 2 208 98 90 158 4 4 203 99 91 158 4 4 208 98 90 158 4 4 203 99 91 156 6 6 198 100 90 156 6 6 203 99 91 156 6 6 198 100 90 154 8 4 193 101 89 154 8 4 198 100 90 154 8 4 193 101 89 152 10 2 188 102 92 152 10 2 193 101 89 152 10 2 188 102 92 150 12 0 183 103 93 150 12 0 188 102 92 150 12 0 183 103 93 147 14 8 178 104 94 147 14 8 183 103 93 147 14 8 178 104 94 145 16 10 172 105 93 145 16 10 178 104 94 145 16 10 172 105 93 142 18 8 163 106 92 142 18 8 172 105 93 142 18 8 163 106 92 140 0 0 214 97 89 140 0 0 163 106 92 140 0 0 214 97 89 160 2 2 210 108 96 163 106 92 166 107 95 163 106 92 210 108 96 214 97 89 205 109 97 214 97 89 210 108 96 214 97 89 205 109 97 208 98 90 200 110 98 208 98 90 205 109 97 208 98 90 200 110 98 203 99 91 195 111 97 203 99 91 200 110 98 203 99 91 195 111 97 198 100 90 190 112 96 198 100 90 195 111 97 198 100 90 190 112 96 193 101 89 185 113 95 193 101 89 190 112 96 193 101 89 185 113 95 188 102 92 180 114 99 188 102 92 185 113 95 188 102 92 180 114 99 183 103 93 174 115 100 183 103 93 180 114 99 183 103 93 174 115 100 178 104 94 169 116 99 178 104 94 174 115 100 178 104 94 169 116 99 172 105 93 166 107 95 172 105 93 169 116 99 172 105 93 166 107 95 163 106 92 74 67 59 66 41 33 70 65 57 66 41 33 74 67 59 72 39 31 78 69 61 72 39 31 74 67 59 72 39 31 78 69 61 76 37 29 82 71 63 76 37 29 78 69 61 76 37 29 82 71 63 80 35 27 86 73 65 80 35 27 82 71 63 80 35 27 86 73 65 84 33 25 90 75 67 84 33 25 86 73 65 84 33 25 90 75 67 88 31 23 95 77 69 88 31 23 90 75 67 88 31 23 95 77 69 92 29 21 100 79 71 92 29 21 95 77 69 92 29 21 100 79 71 98 27 19 59 81 73 98 27 19 100 79 71 98 27 19 59 81 73 62 25 17 56 83 75 62 25 17 59 81 73 62 25 17 56 83 75 53 23 15 69 85 77 53 23 15 56 83 75 53 23 15 69 85 77 65 21 13 433 119 103 428 118 102 425 117 101 428 118 102 433 119 103 431 120 104 399 121 105 431 120 104 433 119 103 431 120 104 399 121 105 402 122 106 360 123 107 402 122 106 399 121 105 402 122 106 360 123 107 364 124 108 431 120 104 475 125 109 428 118 102 475 125 109 431 120 104 477 126 110 402 122 106 477 126 110 431 120 104 477 126 110 402 122 106 423 127 111 364 124 108 423 127 111 402 122 106 423 127 111 364 124 108 395 128 112 477 126 110 473 129 113 475 125 109 473 129 113 477 126 110 474 130 114 423 127 111 474 130 114 477 126 110 474 130 114 423 127 111 421 131 115 395 128 112 421 131 115 423 127 111 421 131 115 395 128 112 392 132 116 474 130 114 469 133 117 473 129 113 469 133 117 474 130 114 471 134 118 421 131 115 471 134 118 474 130 114 471 134 118 421 131 115 418 135 119 392 132 116 418 135 119 421 131 115 418 135 119 392 132 116 388 136 120 301 139 123 15 138 122 13 137 121 15 138 122 301 139 123 308 140 124 305 141 125 308 140 124 301 139 123 308 140 124 305 141 125 312 142 126 368 143 127 312 142 126 305 141 125 312 142 126 368 143 127 372 144 128 308 140 124 351 145 129 15 138 122 351 145 129 308 140 124 315 146 130 312 142 126 315 146 130 308 140 124 315 146 130 312 142 126 318 147 131 372 144 128 318 147 131 312 142 126 318 147 131 372 144 128 376 148 132 315 146 130 348 149 133 351 145 129 348 149 133 315 146 130 320 150 134 318 147 131 320 150 134 315 146 130 320 150 134 318 147 131 322 151 135 376 148 132 322 151 135 318 147 131 322 151 135 376 148 132 379 152 136 320 150 134 17 153 137 348 149 133 17 153 137 320 150 134 325 154 138 322 151 135 325 154 138 320 150 134 325 154 138 322 151 135 327 155 139 379 152 136 327 155 139 322 151 135 327 155 139 379 152 136 383 156 140 325 154 138 19 157 141 17 153 137 19 157 141 325 154 138 329 158 142 327 155 139 329 158 142 325 154 138 329 158 142 327 155 139 331 159 143 383 156 140 331 159 143 327 155 139 331 159 143 383 156 140 386 160 144 329 158 142 344 161 145 19 157 141 344 161 145 329 158 142 333 162 146 331 159 143 333 162 146 329 158 142 333 162 146 331 159 143 336 163 147 386 160 144 336 163 147 331 159 143 336 163 147 386 160 144 391 164 148 333 162 146 354 165 149 344 161 145 354 165 149 333 162 146 338 166 150 336 163 147 338 166 150 333 162 146 338 166 150 336 163 147 340 167 151 391 164 148 340 167 151 336 163 147 340 167 151 391 164 148 394 168 152 338 166 150 8 169 153 354 165 149 8 169 153 338 166 150 286 170 154 340 167 151 286 170 154 338 166 150 286 170 154 340 167 151 297 171 155 394 168 152 297 171 155 340 167 151 297 171 155 394 168 152 363 172 156 286 170 154 10 173 157 8 169 153 10 173 157 286 170 154 289 174 158 297 171 155 289 174 158 286 170 154 289 174 158 297 171 155 294 175 159 363 172 156 294 175 159 297 171 155 294 175 159 363 172 156 359 176 160 289 174 158 12 177 161 10 173 157 12 177 161 289 174 158 300 178 162 294 175 159 300 178 162 289 174 158 300 178 162 294 175 159 304 179 163 359 176 160 304 179 163 294 175 159 304 179 163 359 176 160 367 180 164 470 183 167 465 182 166 468 181 165 465 182 166 470 183 167 466 184 168 417 185 169 466 184 168 470 183 167 466 184 168 417 185 169 415 186 170 387 187 171 415 186 170 417 185 169 415 186 170 387 187 171 384 188 172 466 184 168 460 189 173 465 182 166 460 189 173 466 184 168 463 190 174 415 186 170 463 190 174 466 184 168 463 190 174 415 186 170 413 191 175 384 188 172 413 191 175 415 186 170 413 191 175 384 188 172 380 192 176 463 190 174 453 193 177 460 189 173 453 193 177 463 190 174 456 194 178 413 191 175 456 194 178 463 190 174 456 194 178 413 191 175 411 195 179 380 192 176 411 195 179 413 191 175 411 195 179 380 192 176 377 196 180 456 194 178 445 197 181 453 193 177 445 197 181 456 194 178 448 198 182 411 195 179 448 198 182 456 194 178 448 198 182 411 195 179 408 199 183 377 196 180 408 199 183 411 195 179 408 199 183 377 196 180 373 200 184 448 198 182 437 201 185 445 197 181 437 201 185 448 198 182 441 202 186 408 199 183 441 202 186 448 198 182 441 202 186 408 199 183 406 203 187 373 200 184 406 203 187 408 199 183 406 203 187 373 200 184 370 204 188 440 206 190 425 117 101 436 205 189 425 117 101 440 206 190 433 119 103 405 207 191 433 119 103 440 206 190 433 119 103 405 207 191 399 121 105 369 208 192 399 121 105 405 207 191 399 121 105 369 208 192 360 123 107 343 209 195 16 209 194 18 209 193 16 209 194 343 209 195 347 209 196 353 209 197 347 209 196 343 209 195 347 209 196 353 209 197 350 209 198 14 209 199 350 209 198 353 209 197 481 212 202 444 211 201 435 210 200 444 211 201 481 212 202 0 213 203 225 43 35 0 213 203 481 212 202 0 213 203 225 43 35 230 45 37 0 213 203 452 214 204 444 211 201 452 214 204 0 213 203 1 215 205 230 45 37 1 215 205 0 213 203 1 215 205 230 45 37 234 47 39 1 215 205 459 216 206 452 214 204 459 216 206 1 215 205 2 217 207 234 47 39 2 217 207 1 215 205 2 217 207 234 47 39 239 49 41 479 220 210 438 219 209 426 218 208 438 219 209 479 220 210 480 221 211 220 61 53 480 221 211 479 220 210 480 221 211 220 61 53 224 63 55 478 223 213 426 218 208 429 222 212 426 218 208 478 223 213 479 220 210 218 59 51 479 220 210 478 223 213 479 220 210 218 59 51 220 61 53 6 225 215 429 222 212 476 224 214 429 222 212 6 225 215 478 223 213 256 57 49 478 223 213 6 225 215 478 223 213 256 57 49 218 59 51 5 227 217 476 224 214 472 226 216 476 224 214 5 227 217 6 225 215 252 55 47 6 225 215 5 227 217 6 225 215 252 55 47 256 57 49 4 229 219 472 226 216 467 228 218 472 226 216 4 229 219 5 227 217 248 53 45 5 227 217 4 229 219 5 227 217 248 53 45 252 55 47 3 231 221 467 228 218 464 230 220 467 228 218 3 231 221 4 229 219 244 51 43 4 229 219 3 231 221 4 229 219 244 51 43 248 53 45 2 217 207 464 230 220 459 216 206 464 230 220 2 217 207 3 231 221 239 49 41 3 231 221 2 217 207 3 231 221 239 49 41 244 51 43 14 209 199 9 209 223 11 209 222 9 209 223 14 209 199 7 209 224 353 209 197 7 209 224 14 209 199 89 234 2 43 233 1 71 232 0 43 233 1 89 234 2 68 235 3 87 236 4 68 235 3 89 234 2 68 235 3 87 236 4 64 237 5 85 238 6 64 237 5 87 236 4 64 237 5 85 238 6 61 7 7 83 239 4 61 7 7 85 238 6 61 7 7 83 239 4 58 9 5 81 10 2 58 9 5 83 239 4 58 9 5 81 10 2 55 11 3 79 240 0 55 11 3 81 10 2 55 11 3 79 240 0 52 241 1 77 242 8 52 241 1 79 240 0 52 241 1 77 242 8 50 243 9 75 244 10 50 243 9 77 242 8 50 243 9 75 244 10 48 245 11 73 246 8 48 245 11 75 244 10 48 245 11 73 246 8 45 247 9 71 232 0 45 247 9 73 246 8 45 247 9 71 232 0 43 233 1 44 248 14 24 21 13 46 20 12 24 21 13 44 248 14 20 249 15 42 250 16 20 249 15 44 248 14 20 249 15 42 250 16 23 251 17 67 252 18 23 251 17 42 250 16 23 251 17 67 252 18 40 253 19 63 254 20 40 253 19 67 252 18 40 253 19 63 254 20 38 255 21 60 30 22 38 255 21 63 254 20 38 255 21 60 30 22 36 256 23 57 32 24 36 256 23 60 30 22 36 256 23 57 32 24 34 257 25 54 34 26 34 257 25 57 32 24 34 257 25 54 34 26 32 258 27 51 259 28 32 258 27 54 34 26 32 258 27 51 259 28 30 260 29 49 261 30 30 260 29 51 259 28 30 260 29 49 261 30 28 262 31 47 263 32 28 262 31 49 261 30 28 262 31 47 263 32 25 264 33 171 44 36 162 43 35 165 42 34 162 43 35 171 44 36 168 45 37 177 46 38 168 45 37 171 44 36 168 45 37 177 46 38 173 47 39 182 265 40 173 47 39 177 46 38 173 47 39 182 265 40 179 266 41 187 267 42 179 266 41 182 265 40 179 266 41 187 267 42 184 268 43 192 269 44 184 268 43 187 267 42 184 268 43 192 269 44 189 53 45 197 54 46 189 53 45 192 269 44 189 53 45 197 54 46 194 270 47 202 271 48 194 270 47 197 54 46 194 270 47 202 271 48 199 272 49 153 273 50 199 272 49 202 271 48 199 272 49 153 273 50 155 274 51 159 275 52 155 274 51 153 273 50 155 274 51 159 275 52 157 61 53 164 62 54 157 61 53 159 275 52 157 61 53 164 62 54 161 63 55 215 277 58 27 276 57 213 64 56 27 276 57 215 277 58 29 278 59 217 279 60 29 278 59 215 277 58 29 278 59 217 279 60 31 280 61 219 281 62 31 280 61 217 279 60 31 280 61 219 281 62 33 282 63 221 72 64 33 282 63 219 281 62 33 282 63 221 72 64 35 283 65 223 284 66 35 283 65 221 72 64 35 283 65 223 284 66 37 285 67 226 286 68 37 285 67 223 284 66 37 285 67 226 286 68 39 287 69 207 288 70 39 287 69 226 286 68 39 287 69 207 288 70 41 289 71 204 290 72 41 289 71 207 288 70 41 289 71 204 290 72 22 291 73 209 292 74 22 291 73 204 290 72 22 291 73 209 292 74 21 293 75 212 84 76 21 293 75 209 292 74 21 293 75 212 84 76 26 85 77 110 87 79 165 42 34 103 86 78 165 42 34 110 87 79 171 44 36 118 88 80 171 44 36 110 87 79 171 44 36 118 88 80 177 46 38 125 89 81 177 46 38 118 88 80 177 46 38 125 89 81 182 265 40 132 294 82 182 265 40 125 89 81 182 265 40 132 294 82 187 267 42 139 295 83 187 267 42 132 294 82 187 267 42 139 295 83 192 269 44 144 92 84 192 269 44 139 295 83 192 269 44 144 92 84 197 54 46 149 93 85 197 54 46 144 92 84 197 54 46 149 93 85 202 271 48 94 296 86 202 271 48 149 93 85 202 271 48 94 296 86 153 273 50 97 297 87 153 273 50 94 296 86 153 273 50 97 297 87 159 275 52 102 298 88 159 275 52 97 297 87 159 275 52 102 298 88 164 62 54 146 98 90 89 234 2 151 299 89 89 234 2 146 98 90 87 236 4 141 300 91 87 236 4 146 98 90 87 236 4 141 300 91 85 238 6 135 301 90 85 238 6 141 300 91 85 238 6 135 301 90 83 239 4 128 302 89 83 239 4 135 301 90 83 239 4 128 302 89 81 10 2 121 303 92 81 10 2 128 302 89 81 10 2 121 303 92 79 240 0 114 304 93 79 240 0 121 303 92 79 240 0 114 304 93 77 242 8 106 305 94 77 242 8 114 304 93 77 242 8 106 305 94 75 244 10 99 306 93 75 244 10 106 305 94 75 244 10 99 306 93 73 246 8 91 307 92 73 246 8 99 306 93 73 246 8 91 307 92 71 232 0 151 299 89 71 232 0 91 307 92 71 232 0 151 299 89 89 234 2 148 108 96 91 307 92 93 308 95 91 307 92 148 108 96 151 299 89 143 109 97 151 299 89 148 108 96 151 299 89 143 109 97 146 98 90 138 110 98 146 98 90 143 109 97 146 98 90 138 110 98 141 300 91 131 309 97 141 300 91 138 110 98 141 300 91 131 309 97 135 301 90 124 310 96 135 301 90 131 309 97 135 301 90 124 310 96 128 302 89 117 113 95 128 302 89 124 310 96 128 302 89 117 113 95 121 303 92 109 311 99 121 303 92 117 113 95 121 303 92 109 311 99 114 304 93 101 312 100 114 304 93 109 311 99 114 304 93 101 312 100 106 305 94 96 313 99 106 305 94 101 312 100 106 305 94 96 313 99 99 306 93 93 308 95 99 306 93 96 313 99 99 306 93 93 308 95 91 307 92 29 278 59 25 264 33 27 276 57 25 264 33 29 278 59 28 262 31 31 280 61 28 262 31 29 278 59 28 262 31 31 280 61 30 260 29 33 282 63 30 260 29 31 280 61 30 260 29 33 282 63 32 258 27 35 283 65 32 258 27 33 282 63 32 258 27 35 283 65 34 257 25 37 285 67 34 257 25 35 283 65 34 257 25 37 285 67 36 256 23 39 287 69 36 256 23 37 285 67 36 256 23 39 287 69 38 255 21 41 289 71 38 255 21 39 287 69 38 255 21 41 289 71 40 253 19 22 291 73 40 253 19 41 289 71 40 253 19 22 291 73 23 251 17 21 293 75 23 251 17 22 291 73 23 251 17 21 293 75 20 249 15 26 85 77 20 249 15 21 293 75 20 249 15 26 85 77 24 21 13 352 316 103 345 315 102 341 314 101 345 315 102 352 316 103 349 317 104 319 318 105 349 317 104 352 316 103 349 317 104 319 318 105 321 319 106 285 320 107 321 319 106 319 318 105 321 319 106 285 320 107 288 321 108 349 317 104 409 125 109 345 315 102 409 125 109 349 317 104 412 322 110 321 319 106 412 322 110 349 317 104 412 322 110 321 319 106 339 323 111 288 321 108 339 323 111 321 319 106 339 323 111 288 321 108 317 324 112 412 322 110 404 129 113 409 125 109 404 129 113 412 322 110 407 130 114 339 323 111 407 130 114 412 322 110 407 130 114 339 323 111 337 325 115 317 324 112 337 325 115 339 323 111 337 325 115 317 324 112 314 326 116 407 130 114 398 133 117 404 129 113 398 133 117 407 130 114 401 134 118 337 325 115 401 134 118 407 130 114 401 134 118 337 325 115 335 327 119 314 326 116 335 327 119 337 325 115 335 327 119 314 326 116 311 328 120 238 139 123 455 138 122 451 137 121 455 138 122 238 139 123 243 140 124 241 141 125 243 140 124 238 139 123 243 140 124 241 141 125 245 142 126 291 143 127 245 142 126 241 141 125 245 142 126 291 143 127 295 144 128 243 140 124 279 145 129 455 138 122 279 145 129 243 140 124 247 146 130 245 142 126 247 146 130 243 140 124 247 146 130 245 142 126 249 147 131 295 144 128 249 147 131 245 142 126 249 147 131 295 144 128 298 148 132 247 146 130 276 149 133 279 145 129 276 149 133 247 146 130 251 329 134 249 147 131 251 329 134 247 146 130 251 329 134 249 147 131 253 330 135 298 148 132 253 330 135 249 147 131 253 330 135 298 148 132 302 331 136 251 329 134 458 332 137 276 149 133 458 332 137 251 329 134 255 333 138 253 330 135 255 333 138 251 329 134 255 333 138 253 330 135 257 334 139 302 331 136 257 334 139 253 330 135 257 334 139 302 331 136 306 335 140 255 333 138 462 336 141 458 332 137 462 336 141 255 333 138 259 337 142 257 334 139 259 337 142 255 333 138 259 337 142 257 334 139 261 338 143 306 335 140 261 338 143 257 334 139 261 338 143 306 335 140 309 339 144 259 337 142 273 161 145 462 336 141 273 161 145 259 337 142 263 162 146 261 338 143 263 162 146 259 337 142 263 162 146 261 338 143 265 340 147 309 339 144 265 340 147 261 338 143 265 340 147 309 339 144 313 341 148 263 162 146 282 165 149 273 161 145 282 165 149 263 162 146 268 166 150 265 340 147 268 166 150 263 162 146 268 166 150 265 340 147 270 342 151 313 341 148 270 342 151 265 340 147 270 342 151 313 341 148 316 343 152 268 166 150 443 169 153 282 165 149 443 169 153 268 166 150 229 170 154 270 342 151 229 170 154 268 166 150 229 170 154 270 342 151 235 344 155 316 343 152 235 344 155 270 342 151 235 344 155 316 343 152 287 345 156 229 170 154 447 173 157 443 169 153 447 173 157 229 170 154 231 174 158 235 344 155 231 174 158 229 170 154 231 174 158 235 344 155 233 346 159 287 345 156 233 346 159 235 344 155 233 346 159 287 345 156 284 347 160 231 174 158 450 177 161 447 173 157 450 177 161 231 174 158 237 178 162 233 346 159 237 178 162 231 174 158 237 178 162 233 346 159 240 179 163 284 347 160 240 179 163 233 346 159 240 179 163 284 347 160 290 180 164 400 183 167 390 182 166 397 181 165 390 182 166 400 183 167 393 184 168 334 348 169 393 184 168 400 183 167 393 184 168 334 348 169 332 349 170 310 350 171 332 349 170 334 348 169 332 349 170 310 350 171 307 351 172 393 184 168 382 189 173 390 182 166 382 189 173 393 184 168 385 190 174 332 349 170 385 190 174 393 184 168 385 190 174 332 349 170 330 352 175 307 351 172 330 352 175 332 349 170 330 352 175 307 351 172 303 353 176 385 190 174 375 193 177 382 189 173 375 193 177 385 190 174 378 354 178 330 352 175 378 354 178 385 190 174 378 354 178 330 352 175 328 355 179 303 353 176 328 355 179 330 352 175 328 355 179 303 353 176 299 196 180 378 354 178 366 356 181 375 193 177 366 356 181 378 354 178 371 357 182 328 355 179 371 357 182 378 354 178 371 357 182 328 355 179 326 358 183 299 196 180 326 358 183 328 355 179 326 358 183 299 196 180 296 200 184 371 357 182 357 359 185 366 356 181 357 359 185 371 357 182 362 360 186 326 358 183 362 360 186 371 357 182 362 360 186 326 358 183 324 203 187 296 200 184 324 203 187 326 358 183 324 203 187 296 200 184 293 204 188 361 362 190 341 314 101 356 361 189 341 314 101 361 362 190 352 316 103 323 207 191 352 316 103 361 362 190 352 316 103 323 207 191 319 318 105 292 208 192 319 318 105 323 207 191 319 318 105 292 208 192 285 320 107 272 209 195 457 209 194 461 209 193 457 209 194 272 209 195 275 209 196 281 209 197 275 209 196 272 209 195 275 209 196 281 209 197 278 209 198 454 209 199 278 209 198 281 209 197 420 212 202 365 211 201 355 210 200 365 211 201 420 212 202 422 213 203 162 43 35 422 213 203 420 212 202 422 213 203 162 43 35 168 45 37 422 213 203 374 214 204 365 211 201 374 214 204 422 213 203 424 215 205 168 45 37 424 215 205 422 213 203 424 215 205 168 45 37 173 47 39 424 215 205 381 216 206 374 214 204 381 216 206 424 215 205 427 363 207 173 47 39 427 363 207 424 215 205 427 363 207 173 47 39 179 266 41 416 366 210 358 365 209 342 364 208 358 365 209 416 366 210 419 221 211 157 61 53 419 221 211 416 366 210 419 221 211 157 61 53 161 63 55 414 368 213 342 364 208 346 367 212 342 364 208 414 368 213 416 366 210 155 274 51 416 366 210 414 368 213 416 366 210 155 274 51 157 61 53 439 369 215 346 367 212 410 224 214 346 367 212 439 369 215 414 368 213 199 272 49 414 368 213 439 369 215 414 368 213 199 272 49 155 274 51 434 227 217 410 224 214 403 226 216 410 224 214 434 227 217 439 369 215 194 270 47 439 369 215 434 227 217 439 369 215 194 270 47 199 272 49 432 371 219 403 226 216 396 370 218 403 226 216 432 371 219 434 227 217 189 53 45 434 227 217 432 371 219 434 227 217 189 53 45 194 270 47 430 373 221 396 370 218 389 372 220 396 370 218 430 373 221 432 371 219 184 268 43 432 371 219 430 373 221 432 371 219 184 268 43 189 53 45 427 363 207 389 372 220 381 216 206 389 372 220 427 363 207 430 373 221 179 266 41 430 373 221 427 363 207 430 373 221 179 266 41 184 268 43 454 209 199 446 209 223 449 209 222 446 209 223 454 209 199 442 209 224 281 209 197 442 209 224 454 209 199</p>
                </triangles>
            </mesh>
        </geometry>
        <geometry id="ID117">
            <mesh>
                <source id="ID118">
                    <float_array id="ID119" count="792">98.5938 401.063 -546.969 106.5 364.656 -546.969 106.5 457.781 -546.969 98.5938 421.375 -546.969 70.25 411.219 -547.031 114.375 401.063 -546.938 114.375 421.375 -546.938 299.938 321 -547.813 293.344 339.75 -547.625 142.719 411.219 -546.906 310.438 348.094 -548.063 310.438 358.469 -548.063 0.5625 326.313 -546.781 285.438 365.281 -547.438 19.0625 392.719 -546.75 276.938 387.594 -547.25 313.156 353.281 -548.125 296.25 316.375 -547.719 271.594 326.406 -547.094 19.0625 429.719 -546.75 289.781 315.469 -547.563 0.5625 496.125 -546.781 271.594 389.406 -547.094 243.25 321 -546.406 249.844 339.75 -546.563 65.3125 411.219 -546.688 232.75 348.094 -546.156 257.75 365.281 -546.75 -105.344 364.656 -547.281 232.75 358.469 -546.156 -97.4688 401.063 -547.281 266.219 387.594 -546.969 230 353.281 -546.094 246.906 316.375 -546.5 253.406 315.469 -546.656 -97.4688 421.375 -547.281 300.688 336.063 -547.813 -105.344 457.781 -547.281 323.594 347.219 -548.375 290.125 370.219 -547.563 278.781 400.125 -547.281 -69.125 411.219 -547.219 271.594 402.531 -547.094 -113.25 401.063 -547.313 -251.531 321 -547.813 323.594 361.094 -548.375 -258.125 339.75 -547.625 327.219 354.156 -548.469 -113.25 421.375 -547.313 -241.031 348.094 -548.063 309.531 309.781 -548.031 -241.031 358.469 -548.063 271.594 317 -547.094 -141.594 411.219 -547.344 -266.031 365.281 -547.438 295.938 302.375 -547.688 -274.5 387.594 -547.25 304.594 303.594 -547.906 -17.9063 392.719 -546.781 -238.313 353.281 -548.125 219.594 347.219 -545.844 -255.219 316.375 -547.719 242.469 336.063 -546.406 -17.9063 429.719 -546.781 -279.875 326.406 -547.094 264.406 400.125 -546.938 -261.688 315.469 -547.563 253.063 370.219 -546.656 -64.1563 411.219 -546.875 -279.875 389.406 -547.094 219.594 361.094 -545.844 -308.219 321 -546.406 215.938 354.156 -545.75 94.5313 397.031 -547 -301.625 339.75 -546.563 233.625 309.781 -546.188 96.5313 394.813 -546.969 -318.719 348.094 -546.156 247.25 302.375 -546.5 103.031 363.25 -546.969 -293.719 365.281 -546.75 238.563 303.594 -546.281 109.938 363.25 -546.969 -318.719 358.469 -546.156 301.156 336.063 -528.531 105.031 361.5 -546.969 -285.25 387.594 -546.969 324.063 347.219 -529.094 107.938 361.5 -546.969 -321.438 353.281 -546.094 290.594 370.219 -528.25 103.031 459.188 -546.969 -304.531 316.375 -546.5 279.25 400.125 -527.969 95.4688 426.594 -547 -298.063 315.469 -546.656 272.063 402.531 -527.813 109.938 459.188 -546.969 -250.781 336.063 -547.813 324.063 361.094 -529.094 107.938 460.906 -546.969 -227.875 347.219 -548.375 327.688 354.156 -529.156 105.031 460.906 -546.969 -261.344 370.219 -547.563 310 309.781 -528.75 93.7188 424.031 -547 -272.688 400.125 -547.281 272.063 317 -527.813 67.4375 403.125 -546.688 -279.875 402.531 -547.094 296.406 302.375 -528.406 67.4375 419.313 -546.688 -227.875 361.094 -548.375 305.063 303.594 -528.625 116.469 394.813 -546.938 -224.25 354.156 -548.469 220.063 347.219 -526.531 118.469 397.031 -546.938 -241.938 309.781 -548.031 242.938 336.063 -527.094 117.531 426.594 -546.938 -279.875 317 -547.094 264.875 400.125 -527.625 119.25 424.031 -546.938 -255.531 302.375 -547.688 253.531 370.219 -527.344 143.844 406.781 -546.906 -246.875 303.594 -547.906 220.063 361.094 -526.531 143.844 415.656 -546.906 -331.875 347.219 -545.844 216.406 354.156 -526.438 145.188 409.344 -546.906 -309 336.063 -546.406 234.125 309.781 -526.875 145.188 413.094 -546.906 -287.063 400.125 -546.938 247.719 302.375 -527.219 95.5938 393.313 -536.938 -298.406 370.219 -546.656 239.031 303.594 -527 102.719 358.844 -536.938 -331.875 361.094 -545.844 104.906 356.969 -536.938 -335.531 354.156 -545.75 108.063 356.969 -536.938 -317.813 309.781 -546.188 110.25 358.844 -536.938 -304.219 302.375 -546.5 93.4063 395.719 -536.938 -312.906 303.594 -546.281 110.25 463.594 -536.938 -250.281 336.063 -528.531 108.063 465.469 -536.938 -227.406 347.219 -529.094 102.719 463.594 -536.938 -260.875 370.219 -528.25 94.4375 428.031 -536.938 -272.219 400.125 -527.969 104.906 465.469 -536.938 -279.406 402.531 -527.813 92.5625 425.219 -536.969 -227.406 361.094 -529.094 67.4063 420.031 -536.813 -223.75 354.156 -529.156 67.4063 402.375 -536.813 -241.469 309.781 -528.75 117.375 393.313 -536.906 -279.406 317 -527.813 119.563 395.719 -536.906 -255.063 302.375 -528.406 118.531 428.031 -536.906 -246.406 303.594 -528.625 147.25 416.063 -536.844 -331.406 347.219 -526.531 120.406 425.219 -536.906 -308.5 336.063 -527.094 148.719 413.25 -536.844 -286.594 400.125 -527.625 147.25 406.375 -536.844 -297.938 370.219 -527.344 148.719 409.188 -536.844 -331.406 361.094 -526.531 -7.5 323.719 -546.781 -335.063 354.156 -526.438 8.65625 323.719 -546.75 -317.344 309.781 -526.875 -2.8125 320.563 -546.781 -303.75 302.375 -527.219 3.96875 320.563 -546.781 -312.406 303.594 -527 -7.5 498.719 -546.781 8.65625 498.719 -546.75 -2.8125 501.875 -546.781 3.96875 501.875 -546.781 23.9375 381.313 -546.75 28.625 385.344 -546.75 26.4375 439.281 -546.75 30.4688 434.594 -546.75 -3.125 312.25 -536.906 4.28125 312.25 -536.906 9.375 315.688 -536.906 9.375 506.75 -536.906 4.28125 510.188 -536.906 -3.125 510.188 -536.906 26.0625 378.563 -536.875 31.1875 382.969 -536.875 28.7813 441.875 -536.875 33.1875 436.719 -536.875 -8.25 315.688 -536.938 -24.9375 378.563 -536.938 -8.25 506.75 -536.938 -27.6563 441.875 -536.938 -32.0625 436.719 -536.938 -30.0625 382.969 -536.938 -95.375 394.813 -547.281 -93.375 397.031 -547.25 -101.906 363.25 -547.281 -108.813 363.25 -547.281 -106.813 361.5 -547.281 -103.906 361.5 -547.281 -94.3125 426.594 -547.281 -101.906 459.188 -547.281 -108.813 459.188 -547.281 -103.906 460.906 -547.281 -106.813 460.906 -547.281 -92.5938 424.031 -547.25 -66.2813 403.125 -546.875 -66.2813 419.313 -546.875 -117.313 397.031 -547.313 -115.313 394.813 -547.313 -116.375 426.594 -547.313 -118.094 424.031 -547.313 -142.688 406.781 -547.344 -142.688 415.656 -547.344 -144.031 413.094 -547.344 -144.031 409.344 -547.344 -101.594 358.844 -537.25 -94.4688 393.313 -537.219 -103.781 356.969 -537.25 -106.938 356.969 -537.25 -109.125 358.844 -537.25 -92.2813 395.719 -537.219 -106.938 465.469 -537.25 -109.125 463.594 -537.25 -93.3125 428.031 -537.219 -101.594 463.594 -537.25 -103.781 465.469 -537.25 -66.2813 420.031 -537 -91.4375 425.219 -537.219 -66.2813 402.375 -537 -116.25 393.313 -537.281 -118.438 395.719 -537.281 -117.406 428.031 -537.281 -119.281 425.219 -537.281 -146.125 416.063 -537.313 -147.563 413.25 -537.313 -146.125 406.375 -537.313 -147.563 409.188 -537.313 -27.4688 385.344 -546.813 -22.7813 381.313 -546.813 -25.2813 439.281 -546.813 -29.3125 434.594 -546.813</float_array>
                    <technique_common>
                        <accessor count="264" source="#ID119" stride="3">
                            <param name="X" type="float"/>
                            <param name="Y" type="float"/>
                            <param name="Z" type="float"/>
                        </accessor>
                    </technique_common>
                </source>
                <source id="ID120">
                    <float_array id="ID121" count="1014">0.234481 0.739866 -0.630569 0.307069 0.271045 -0.912274 0.804898 0.429839 -0.409118 0.630798 0.28795 -0.720541 0.797456 0.509912 -0.322572 0.444338 0.521038 -0.728755 0.521297 0.820506 -0.23456 0.0696513 0.395686 -0.915741 0.0208168 0.995194 -0.0956864 -0.32922 0.682687 -0.652344 -0.653717 0.738786 -0.163857 -0.680289 0.348373 -0.64486 -0.93048 0.337364 -0.1428 -0.472137 0.216412 -0.854548 -0.766728 0.578677 -0.277959 -0.302532 0.576732 -0.758851 -0.214822 0.888006 -0.406567 0.181411 0.748477 -0.637866 0.430007 0.819741 -0.378311 0.34227 0.257919 -0.903509 0.889609 0.407359 -0.20653 0.724853 0.263026 -0.636715 0.881535 0.447096 -0.15166 0.522879 0.541885 -0.657995 0.510079 0.845436 -0.158295 0.23804 0.370973 -0.897617 0.713972 0.647002 -0.267642 0.777373 0.260968 -0.572352 0.932103 0.150504 -0.329442 0.67342 -0.109125 -0.731161 0.898148 -0.301513 -0.32003 0.372512 -0.328691 -0.867869 0.548821 -0.806737 -0.219021 0.378767 -0.657003 -0.65183 0.620279 -0.766294 -0.167471 0.645246 -0.403638 -0.64864 0.920095 -0.366522 -0.138154 0.479463 -0.207347 -0.852715 0.774175 -0.57065 -0.273882 0.304663 -0.576542 -0.758142 0.215 -0.889016 -0.40426 -0.183894 -0.749131 -0.636385 -0.432875 -0.819153 -0.376309 -0.345095 -0.25426 -0.903472 -0.897747 -0.391993 -0.200976 -0.71141 -0.284742 -0.642509 -0.836715 -0.524681 -0.156901 -0.445189 -0.604858 -0.660268 -0.414804 -0.89967 -0.13613 -0.0274039 -0.413891 -0.909914 0.218882 -0.962034 -0.163035 0.374672 -0.621879 -0.687668 -0.509665 0.845375 -0.159947 -0.521647 0.54197 -0.658902 -0.881132 0.446972 -0.154347 -0.723828 0.263101 -0.637849 -0.889481 0.407162 -0.207468 -0.341872 0.258305 -0.90355 -0.430007 0.819741 -0.378311 -0.181411 0.748477 -0.637866 0.214822 0.888006 -0.406567 0.302532 0.576732 -0.758851 0.766752 0.57865 -0.277948 0.473559 0.216652 -0.8537 0.930818 0.337221 -0.140926 0.685705 0.344582 -0.641149 0.656856 0.73619 -0.162989 0.335159 0.681748 -0.650299 -0.0206349 0.995169 -0.0959841 -0.0674741 0.397405 -0.915159 -0.520739 0.820432 -0.236055 -0.442639 0.520656 -0.73006 -0.796776 0.50954 -0.324834 -0.628934 0.287251 -0.722446 -0.802967 0.430592 -0.41211 -0.262466 0.234995 -0.935889 -0.308633 0.722425 -0.618747 -0.12451 0.604411 -0.786883 0.12903 0.402237 -0.906398 0.0018724 0.00218927 -0.999996 0.00191767 -0.000604723 -0.999998 -0.619933 -0.766162 -0.169348 -0.377689 -0.65689 -0.652569 -0.550221 -0.805052 -0.221694 -0.371979 -0.32743 -0.868574 -0.898452 -0.298595 -0.321909 -0.672976 -0.109058 -0.73158 -0.932186 0.147744 -0.330454 -0.777292 0.258321 -0.573662 -0.715197 0.644596 -0.270165 -0.236994 0.371152 -0.89782 0.00210471 0.000716945 -0.999997 -0.401379 -0.203667 -0.892981 0.0018724 -0.00218927 -0.999996 0.349802 -0.174496 -0.920429 0.00118322 0.000215097 -0.999999 0.53887 -0.418324 -0.73118 0.562158 -0.759033 -0.328401 0.000654154 0.000631811 -1 0.000675375 0 -1 0.000813612 -0.000508581 -1 -0.643753 -0.403424 -0.650255 -0.919933 -0.36625 -0.139943 0.856926 -0.418394 -0.301038 0.651868 -0.563822 -0.507122 0.199115 -0.626119 -0.753875 0.233967 -0.740142 -0.630435 -0.153685 -0.753547 -0.639178 0.0503948 0 -0.998729 0.0294672 -0.41503 -0.909331 0.00790894 -0.00561226 -0.999953 0.452007 -0.603306 -0.657048 0.715965 -0.281447 -0.638891 0.837725 -0.523886 -0.154145 0.897837 -0.392318 -0.199941 -0.77413 -0.570701 -0.273904 -0.478537 -0.207733 -0.853141 -0.304663 -0.576542 -0.758142 0.345031 -0.254383 -0.903462 0.183894 -0.749131 -0.636385 0.432875 -0.819153 -0.376309 -0.215 -0.889016 -0.40426 -0.000776095 0 1 -0.00153691 2.17607e-005 0.999999 -0.00205896 -8.03738e-005 0.999998 -0.00152667 7.94035e-005 0.999999 0.0012262 0.000234573 0.999999 -0.00135473 -2.61364e-005 0.999999 -0.537044 -0.417539 -0.73297 -0.373098 -0.62144 -0.68892 -0.561567 -0.758791 -0.329967 -0.21834 -0.962055 -0.163637 -0.856162 -0.418148 -0.303542 -0.648928 -0.565032 -0.50954 -0.202808 -0.47287 -0.857475 0.00115307 -0.000355292 -0.999999 0.00081528 0 -1 -0.0482371 0 -0.998836 -0.00162159 -0.00528105 -0.999985 0.000107535 -0.000262862 -1 -0.00117678 0.00179904 -0.999998 0.000809234 0.000511293 -1 0.000107535 0.000262862 -1 0.00122292 0 -0.999999 0.00010661 -0.000262971 -1 0.00065194 -0.000634413 -1 0.000673813 0 -1 0.0074675 0.00407982 -0.999964 -0.00140801 -0.000689245 0.999999 -0.00125676 -8.55046e-005 0.999999 -0.00115713 -0.000136766 0.999999 -0.00118985 0.000312511 0.999999 -0.00130466 0.000150137 0.999999 -0.00132207 -5.33072e-006 0.999999 -0.00105756 6.78185e-005 0.999999 -0.00132929 -0.000221252 0.999999 -0.00155117 -0.00205492 0.999997 -0.00118202 -0.00216534 0.999997 -0.0062947 8.24147e-005 0.99998 -0.00400014 -2.18386e-005 0.999992 -0 -0 1 -0.00088651 -0.00322367 0.999994 -0.00035868 -0.000300797 1 0 -0.000453309 1 -0.000956479 3.37005e-005 1 4.2805e-005 -0.00237942 0.999997 -0.00161289 -0.00372192 0.999992 0.00297957 0.000409901 0.999995 0.000406812 2.18386e-005 1 -0.000864665 -0.0032231 0.999994 -0.000432339 0.000192235 1 -0.00159053 0.000661661 0.999998 -0.000886525 0.00585896 0.999982 -0.00118204 0.00374912 0.999992 0 0.00909053 0.999959 0 0.000453309 1 -0.000717358 0.000148285 1 -0.000388048 0 1 -0.000768458 -1.08804e-005 1 -0.00183684 0.000291932 0.999998 -0.0021974 -0.000134325 0.999998 -0.00481625 0.000483072 0.999988 -0.00393194 1.96344e-005 0.999992 0 0.000292911 1 -0.00172935 -0.000375096 0.999998 -0.000864676 0.000201353 1 -0.00247757 -0.000169194 0.999997 0.415069 -0.899688 -0.1352 0.00010661 0.000262971 -1 -0.00191295 -0.000671809 0.999998 -0.00270945 -0.000249931 0.999996 -0.196244 -0.980543 0.00477093 0.196244 -0.980543 -0.00477093 0.312584 -0.94986 -0.00759928 0.0830662 -0.996542 -0.00194042 -0.37679 -0.926248 0.00969059 -0.606002 -0.795317 0.0152522 -0.938002 -0.34585 0.0232513 -0.999674 0.00584066 0.0248363 -0.993437 -0.1116 0.0250672 -0.776306 -0.630045 0.0197967 -0.786363 0.61747 0.0190865 -0.53861 0.842454 0.0130731 -0.507176 0.861755 0.0123101 -0.73069 0.682479 0.0177352 -0.984618 0.173081 0.0238985 -0.984618 -0.173081 0.0238985 -0.769357 -0.638546 0.0186737 -0.61364 -0.789441 0.015141 -0.796724 0.604034 0.019338 -0.571773 0.820294 0.0138825 -0.110837 0.993835 0.00269021 0.110837 0.993835 -0.00269021 0.571773 0.820294 -0.0138825 0.796724 0.604034 -0.019338 0.786362 0.617472 -0.0190864 0.538608 0.842455 -0.0130768 -0.312584 -0.94986 0.00759928 -0.0828949 -0.996556 0.00201527 0.376962 -0.926183 -0.0091644 0.605269 -0.795885 -0.0147148 0.937624 -0.346904 -0.0227947 0.999678 0.00491947 -0.0248771 0.993436 -0.1116 -0.0251078 0.776305 -0.630045 -0.0198288 0.507196 0.861742 -0.0123268 0.731532 0.681562 -0.0182876 0.984807 0.171849 -0.0249786 0.984633 -0.172842 -0.0249736 0.770132 -0.637595 -0.0192097 0.614523 -0.788752 -0.0151872 -0.022768 -0.0017449 -0.999739 -0.0225969 -0.00167525 -0.999743 -0.0221146 -0.000939481 -0.999755 -0.0227433 -0.000506538 -0.999741 -0.023618 -0.000206786 -0.999721 -0.0259453 0.000543538 -0.999663 -0.025763 0.000807063 -0.999668 -0.0255256 0.000398081 -0.999674 -0.0242763 -0.000746161 -0.999705 -0.0247996 -0.000129321 -0.999692 0.0252569 4.10681e-005 0.999681 0.025055 0.000411961 0.999686 0.0249355 0.000261393 0.999689 0.0246917 0.000118162 0.999695 0.024726 -0.000290831 0.999694 0.0246621 -0.000247351 0.999696 0.0245869 -0.000258309 0.999698 0.0243979 -8.78156e-005 0.999702 0.0240856 0.00209573 0.999708 -0.0235491 -0.000870642 -0.999722 -0.023924 -0.00126074 -0.999713 -0.0243409 -0.00071207 -0.999703 -0.0243644 -0.000319117 -0.999703 -0.0245578 -0.000289596 -0.999698 -0.0253791 -0.000892077 -0.999677 -0.0252214 -0.00145801 -0.999681 -0.0249756 -0.00201561 -0.999686 -0.0223196 0.000422618 -0.999751 -0.0228522 0.000668151 -0.999739 -0.0233678 0.000993186 -0.999726 -0.0250278 -0.000612272 -0.999687 -0.0243728 -0.000375726 -0.999703 -0.0239843 -0.000609918 -0.999712 0.0256326 0 0.999671 0.0249509 0 0.999689 0.0247783 -7.95277e-005 0.999693 0.0170915 0 0.999854 0.022378 -0.000175824 0.99975 0.021147 0 0.999776 0.0252253 -9.90481e-005 0.999682 0.0249946 -0.000149441 0.999688 -0.0226091 -0.000849274 -0.999744 -0.0220662 -0.000367972 -0.999756 -0.0242209 -0.000145387 -0.999707 -0.0241755 -0.000344875 -0.999708 -0.0240213 -0.000461234 -0.999711 -0.0235381 -0.00119108 -0.999722 -0.0216808 0.000419848 -0.999765 -0.0224326 0.000799261 -0.999748 -0.0234871 0.00147658 -0.999723 -0.023996 7.51471e-005 -0.999712 -0.0243745 -0.00125664 -0.999702 -0.0243417 -0.00147659 -0.999703 -0.0243261 0.000612233 -0.999704 -0.0242031 0.000966691 -0.999707 -0.024242 -0.000168808 -0.999706 -0.0241671 -0.000372364 -0.999708 0.0239057 0.00649151 0.999693 0.0239061 0.00307886 0.999709 0.0252569 -4.10681e-005 0.999681 0.312732 -0.949811 -0.00760288 0.0832335 -0.996528 -0.0020235 -0.377533 -0.925951 0.00917828 -0.606006 -0.795316 0.0151716 -0.93788 -0.346141 0.0238201 -0.999667 0.0049426 0.0253088 -0.993458 -0.111478 0.024766 -0.776614 -0.629695 0.0188499 -0.61379 -0.789329 0.0148978 0.99969 0.00529832 -0.0243037 0.993506 -0.11119 -0.0241533 0.776352 -0.630017 -0.018874 0.508126 0.861194 -0.0123494 0.732379 0.680664 -0.0177925 0.984869 0.171641 -0.0239175 0.984873 -0.171616 -0.0239176 0.770802 -0.636799 -0.018727 0.614385 -0.788865 -0.0149364 -0.0259905 0.000573895 -0.999662 -0.0257725 0.000851017 -0.999667 -0.0255261 0.000433585 -0.999674 -0.0242315 -0.000741015 -0.999706 -0.0247907 -0.000137773 -0.999693 0.0249375 0.000271851 0.999689 0.02469 0.000141365 0.999695 0.0247226 -0.000285732 0.999694 0.0246655 -0.000245117 0.999696 0.0245836 -0.000270611 0.999698 0.0244028 -0.000100509 0.999702 -0.0235219 -0.000900063 -0.999723 -0.0238775 -0.00132907 -0.999714 -0.0243078 -0.000753546 -0.999704 0.0247848 -8.89975e-005 0.999693 0.0172388 0 0.999851 0.0224205 -0.000185444 0.999749 0.0212206 0 0.999775 0.0251711 -0.000198675 0.999683 0.0249543 -0.000208869 0.999689 -0.0225931 -0.000836083 -0.999744 -0.0220636 -0.00032792 -0.999756 -0.0242603 -0.000196805 -0.999706 -0.0242063 -0.000353302 -0.999707 -0.0240302 -0.000409011 -0.999711 -0.0235296 -0.00114809 -0.999722 -0.0216589 0.000420985 -0.999765 -0.0240179 1.44974e-005 -0.999712 0.0251346 -0.000265651 0.999684</float_array>
                    <technique_common>
                        <accessor count="338" source="#ID121" stride="3">
                            <param name="X" type="float"/>
                            <param name="Y" type="float"/>
                            <param name="Z" type="float"/>
                        </accessor>
                    </technique_common>
                </source>
                <source id="ID122">
                    <float_array id="ID123" count="368">0.488281 -0.691162 0.474609 -0.727051 0.472168 -0.701904 0.418701 -0.91333 0.411377 -0.905273 0.406006 -0.928223 0.397461 -0.921387 0.224854 -0.976074 0.224854 -0.973877 0.092041 -0.949463 0.0981445 -0.94458 0.0830078 -0.938965 0.0881348 -0.93335 0.043457 -0.806641 0.0449219 -0.788818 0.032959 -0.799561 0.0336914 -0.78125 0.0178223 -0.799561 0.0170898 -0.78125 0.00732422 -0.806641 0.00561523 -0.788818 -0.0319824 -0.938965 -0.0373535 -0.93335 -0.0410156 -0.949463 -0.0471191 -0.94458 -0.169189 -0.983398 -0.187012 -0.981934 -0.17627 -0.993896 -0.194824 -0.993164 -0.17627 -1.00903 -0.194824 -1.00977 -0.169189 -1.01953 -0.187012 -1.02124 -0.0368652 -1.05908 -0.0427246 -1.06445 -0.0263672 -1.06812 -0.03125 -1.07422 0.00732422 -1.19629 0.00561523 -1.21411 0.0178223 -1.20337 0.0170898 -1.22192 0.032959 -1.20337 0.0336914 -1.22192 0.043457 -1.19629 0.0449219 -1.21411 0.0773926 -1.06812 0.0822754 -1.07422 0.0878906 -1.05908 0.0935059 -1.06445 0.224854 -1.02686 0.224854 -1.02905 0.411865 -1.08252 1.04712 -0.94458 1.04102 -0.949463 1.03735 -0.93335 1.03198 -0.938965 0.994141 -0.788818 0.992432 -0.806641 0.982666 -0.78125 0.981934 -0.799561 0.966064 -0.78125 0.966797 -0.799561 0.954834 -0.788818 0.956299 -0.806641 0.911621 -0.93335 0.916748 -0.938965 0.901611 -0.94458 0.907715 -0.949463 0.774902 -0.973877 0.774902 -0.976074 0.602295 -0.921387 0.59375 -0.928223 0.588379 -0.905273 0.581055 -0.91333 0.527588 -0.701904 0.525146 -0.727051 0.511475 -0.691162 0.510498 -0.717285 0.489258 -0.717285 0.5 -0.735107 0.557861 -0.943359 1.04272 -1.06445 1.03687 -1.05908 1.18701 -1.02124 1.16919 -1.01953 1.19482 -1.00977 1.17627 -1.00903 1.19482 -0.993164 1.17627 -0.993896 1.18701 -0.981934 1.16919 -0.983398 0.557861 -1.05957 0.525146 -1.27588 0.5 -1.26782 0.474609 -1.27588 0.441895 -1.05957 0.426514 -1.09521 0.403809 -1.09009 1.01563 -0.960205 1.16357 -1.00146 1.01563 -1.04272 1.02637 -1.06812 1.03125 -1.07422 0.419922 -1.10376 0.472168 -1.30103 0.489258 -1.28564 0.488281 -1.31177 0.511475 -1.31177 0.7854 -1.00146 0.774902 -1.02686 0.933105 -1.04272 0.911865 -1.05908 0.922363 -1.06812 0.91748 -1.07422 0.954834 -1.21411 0.994141 -1.21411 0.992432 -1.19629 0.981934 -1.20337 0.956299 -1.19629 0.966797 -1.20337 0.966064 -1.22192 0.982666 -1.22192 0.573242 -1.09521 0.587891 -1.08252 0.595947 -1.09009 0.774902 -1.02905 0.579834 -1.10376 0.527588 -1.30103 0.510498 -1.28564 0.441895 -0.943359 0.233643 -1.00146 0.214355 -1.00146 0.0666504 -1.04272 0.0253906 -0.8125 0.0666504 -0.960205 -0.015625 -1.04272 0.0253906 -1.19043 0.766113 -1.00146 0.974365 -1.19043 -0.015625 -0.960205 -0.163574 -1.00146 0.933105 -0.960205 0.90625 -1.06445 0.974365 -0.8125 0.5 -1.67627 0.634033 -1.75708 0.681885 -1.75024 0.708984 -1.71606 0.6604 -1.55176 0.602051 -1.36353 0.786621 -1.41382 0.806641 -1.4519 0.786621 -1.49023 0.539551 -1.19873 0.5 -0.153809 0.460205 -1.19873 0.397705 -1.36353 0.365723 -1.75708 0.317871 -1.75024 0.290771 -1.71606 0.339355 -1.55176 0.213135 -1.41382 0.193115 -1.4519 0.213135 -1.49023 0.576172 -1.39087 0.529541 -1.26758 0.5 -1.25781 0.470215 -1.26758 0.423584 -1.39087 0.635742 -1.67969 0.600098 -1.68481 0.5 -1.62451 0.399658 -1.68481 0.343506 -1.6543 0.379883 -1.53149 0.285645 -1.48535 0.65625 -1.6543 0.729004 -1.45679 0.714111 -1.42822 0.619873 -1.53149 0.714111 -1.48535 0.364014 -1.67969 0.285645 -1.42822 0.270752 -1.45679</float_array>
                    <technique_common>
                        <accessor count="184" source="#ID123" stride="2">
                            <param name="S" type="float"/>
                            <param name="T" type="float"/>
                        </accessor>
                    </technique_common>
                </source>
                <vertices id="ID124">
                    <input semantic="POSITION" source="#ID118"/>
                </vertices>
                <triangles count="462" material="Material1">
                    <input offset="0" semantic="VERTEX" source="#ID124"/>
                    <input offset="1" semantic="NORMAL" source="#ID120"/>
                    <input offset="2" semantic="TEXCOORD" source="#ID122" set="0"/>
                    <p>203 2 2 193 1 1 204 0 0 193 1 1 203 2 2 198 3 3 208 4 4 198 3 3 203 2 2 198 3 3 208 4 4 199 5 5 209 6 6 199 5 5 208 4 4 199 5 5 209 6 6 112 7 7 164 8 8 112 7 7 209 6 6 112 7 7 164 8 8 106 9 9 162 10 10 106 9 9 164 8 8 106 9 9 162 10 10 94 11 11 158 12 12 94 11 11 162 10 10 94 11 11 158 12 12 91 13 13 156 14 14 91 13 13 158 12 12 91 13 13 156 14 14 103 15 15 160 16 16 103 15 15 156 14 14 103 15 15 160 16 16 100 17 17 154 18 18 100 17 17 160 16 16 100 17 17 154 18 18 97 19 19 152 20 20 97 19 19 154 18 18 97 19 19 152 20 20 121 21 21 172 22 22 121 21 21 152 20 20 121 21 21 172 22 22 124 23 23 176 24 24 124 23 23 172 22 22 124 23 23 176 24 24 130 25 25 174 26 26 130 25 25 176 24 24 130 25 25 174 26 26 136 27 27 178 28 28 136 27 27 174 26 26 136 27 27 178 28 28 133 29 29 182 30 30 133 29 29 178 28 28 133 29 29 182 30 30 127 31 31 180 32 32 127 31 31 182 30 30 127 31 31 180 32 32 118 33 33 170 34 34 118 33 33 180 32 32 118 33 33 170 34 34 115 35 35 168 36 36 115 35 35 170 34 34 115 35 35 168 36 36 82 37 37 148 38 38 82 37 37 168 36 36 82 37 37 148 38 38 88 39 39 146 40 40 88 39 39 148 38 38 88 39 39 146 40 40 85 41 41 144 42 42 85 41 41 146 40 40 85 41 41 144 42 42 79 43 43 142 44 44 79 43 43 144 42 42 79 43 43 142 44 44 76 45 45 139 46 46 76 45 45 142 44 44 76 45 45 139 46 46 73 47 47 150 48 48 73 47 47 139 46 46 73 47 47 150 48 48 109 49 49 166 50 50 109 49 49 150 48 48 109 49 49 166 50 50 197 51 51 254 54 54 233 53 53 255 52 52 233 53 53 254 54 54 232 55 55 245 56 56 232 55 55 254 54 54 232 55 55 245 56 56 224 57 57 244 58 58 224 57 57 245 56 56 224 57 57 244 58 58 226 59 59 248 60 60 226 59 59 244 58 58 226 59 59 248 60 60 225 61 61 247 62 62 225 61 61 248 60 60 225 61 61 247 62 62 223 63 63 246 64 64 223 63 63 247 62 62 223 63 63 246 64 64 222 65 65 250 66 66 222 65 65 246 64 64 222 65 65 250 66 66 227 67 67 249 68 68 227 67 67 250 66 66 227 67 67 249 68 68 229 69 69 214 70 70 229 69 69 249 68 68 229 69 69 214 70 70 263 71 71 213 72 72 263 71 71 214 70 70 263 71 71 213 72 72 262 73 73 212 74 74 262 73 73 213 72 72 262 73 73 212 74 74 192 75 75 205 76 76 192 75 75 212 74 74 192 75 75 205 76 76 194 77 77 204 0 0 194 77 77 205 76 76 194 77 77 204 0 0 195 78 78 193 1 1 195 78 78 204 0 0 195 78 78 193 1 1 192 75 75 21 79 79 192 75 75 193 1 1 192 75 75 21 79 79 63 80 80 258 83 83 230 82 82 253 81 81 230 82 82 258 83 83 234 84 84 259 85 85 234 84 84 258 83 83 234 84 84 259 85 85 237 86 86 257 87 87 237 86 86 259 85 85 237 86 86 257 87 87 236 88 88 256 89 89 236 88 88 257 87 87 236 88 88 256 89 89 235 90 90 12 93 93 184 92 92 58 91 91 184 92 92 12 93 93 186 94 94 14 95 95 186 94 94 12 93 93 186 94 94 14 95 95 196 96 96 197 51 51 196 96 96 14 95 95 196 96 96 197 51 51 207 97 97 166 50 50 207 97 97 197 51 51 53 99 99 235 90 90 48 98 98 235 90 90 53 99 99 234 84 84 43 100 100 234 84 84 53 99 99 234 84 84 43 100 100 230 82 82 231 101 101 230 82 82 43 100 100 230 82 82 231 101 101 253 81 81 252 102 102 253 81 81 231 101 101 206 103 103 196 96 96 207 97 97 196 96 96 206 103 103 186 94 94 202 104 104 186 94 94 206 103 103 186 94 94 202 104 104 190 105 105 201 106 106 190 105 105 202 104 104 190 105 105 201 106 106 200 107 107 228 109 109 41 108 108 229 69 69 41 108 108 228 109 109 30 110 110 217 111 111 30 110 110 228 109 109 30 110 110 217 111 111 216 112 112 239 113 113 216 112 112 217 111 111 216 112 112 239 113 113 238 114 114 219 116 116 242 115 115 252 102 102 242 115 115 219 116 116 220 117 117 218 118 118 220 117 117 219 116 116 220 117 117 218 118 118 221 119 119 240 120 120 221 119 119 218 118 118 221 119 119 240 120 120 241 121 121 48 98 98 232 55 55 224 57 57 232 55 55 48 98 98 233 53 53 235 90 90 233 53 53 48 98 98 233 53 53 235 90 90 255 52 52 256 89 89 255 52 52 235 90 90 176 124 24 180 123 32 174 122 26 180 123 32 176 124 24 170 125 34 150 126 48 170 125 34 176 124 24 170 125 34 150 126 48 139 127 46 261 128 122 58 91 91 184 92 92 58 91 91 261 128 122 260 129 123 215 130 124 260 129 123 261 128 122 260 129 123 215 130 124 251 131 125 184 92 92 210 133 127 211 132 126 210 133 127 184 92 92 188 134 128 186 94 94 188 134 128 184 92 92 188 134 128 186 94 94 190 105 105 112 7 7 25 136 130 19 135 129 25 136 130 112 7 7 109 49 49 4 137 131 109 49 49 112 7 7 109 49 49 4 137 131 0 138 132 97 19 19 103 15 15 100 17 17 103 15 15 97 19 19 91 13 13 2 139 133 91 13 13 97 19 19 91 13 13 2 139 133 3 140 134 82 37 37 1 142 136 5 141 135 1 142 136 82 37 37 79 43 43 88 39 39 79 43 43 82 37 37 79 43 43 88 39 39 85 41 41 68 143 137 229 69 69 63 80 80 229 69 69 68 143 137 228 109 109 58 91 91 228 109 109 68 143 137 228 109 109 58 91 91 260 129 123 0 138 132 73 47 47 109 49 49 73 47 47 0 138 132 76 45 45 79 43 43 76 45 45 0 138 132 28 144 138 219 116 116 43 100 100 219 116 116 28 144 138 218 118 118 30 110 110 218 118 118 28 144 138 130 25 25 9 146 140 6 145 139 9 146 140 130 25 25 127 31 31 133 29 29 127 31 31 130 25 25 63 80 80 262 73 73 192 75 75 262 73 73 63 80 80 263 71 71 229 69 69 263 71 71 63 80 80 35 147 141 229 69 69 41 108 108 229 69 69 35 147 141 227 67 67 222 65 65 227 67 67 35 147 141 218 118 118 238 114 114 240 120 120 238 114 114 218 118 118 216 112 112 30 110 110 216 112 112 218 118 118 206 150 103 215 149 124 211 148 126 215 149 124 206 150 103 207 151 97 207 151 97 214 152 70 215 149 124 214 152 70 207 151 97 209 153 6 209 153 6 213 154 72 214 152 70 213 154 72 209 153 6 208 155 4 208 155 4 212 156 74 213 154 72 212 156 74 208 155 4 203 157 2 251 159 125 214 152 70 249 158 68 214 152 70 251 159 125 215 149 124 205 161 76 203 157 2 204 160 0 203 157 2 205 161 76 212 156 74 146 160 40 142 162 44 144 160 42 142 162 44 146 160 40 148 163 38 182 160 30 174 122 26 180 123 32 174 122 26 182 160 30 178 160 28 139 127 46 168 164 36 170 125 34 168 164 36 139 127 46 142 162 44 176 124 24 162 165 10 150 126 48 162 165 10 176 124 24 172 166 22 164 167 8 150 126 48 162 165 10 150 126 48 164 167 8 166 168 50 172 166 22 158 169 12 162 165 10 158 169 12 172 166 22 152 170 20 261 128 122 211 132 126 215 130 124 211 132 126 261 128 122 184 92 92 200 107 107 188 134 128 190 105 105 188 134 128 200 107 107 210 133 127 210 173 127 201 172 106 202 171 104 201 172 106 210 173 127 200 174 107 14 95 95 109 49 49 197 51 51 109 49 49 14 95 95 25 136 130 193 1 1 19 135 129 21 79 79 19 135 129 193 1 1 198 3 3 199 5 5 19 135 129 198 3 3 19 135 129 199 5 5 112 7 7 112 7 7 3 140 134 4 137 131 3 140 134 112 7 7 106 9 9 94 11 11 3 140 134 106 9 9 3 140 134 94 11 11 91 13 13 225 61 61 224 57 57 226 59 59 224 57 57 225 61 61 223 63 63 241 160 121 238 176 114 242 175 115 238 176 114 241 160 121 240 160 120 97 19 19 6 145 139 2 139 133 6 145 139 97 19 19 121 21 21 124 23 23 6 145 139 121 21 21 6 145 139 124 23 23 130 25 25 259 160 85 256 177 89 257 160 87 256 177 89 259 160 85 258 178 83 127 31 31 5 141 135 9 146 140 5 141 135 127 31 31 118 33 33 115 35 35 5 141 135 118 33 33 5 141 135 115 35 35 82 37 37 258 178 83 255 179 52 256 177 89 255 179 52 258 178 83 253 180 81 249 158 68 243 181 142 251 159 125 243 181 142 249 158 68 250 182 66 245 185 56 246 184 64 247 183 62 246 184 64 245 185 56 254 186 54 251 131 125 228 109 109 260 129 123 228 109 109 251 131 125 243 187 142 254 186 54 250 182 66 246 184 64 250 182 66 254 186 54 255 179 52 243 187 142 217 111 111 228 109 109 217 111 111 243 187 142 239 113 113 255 179 52 243 181 142 250 182 66 243 181 142 255 179 52 253 180 81 35 147 141 223 63 63 222 65 65 223 63 63 35 147 141 37 188 143 154 160 18 156 160 14 152 170 20 156 160 14 154 160 18 160 160 16 244 160 58 247 183 62 248 160 60 247 183 62 244 160 58 245 185 56 238 176 114 252 189 102 242 175 115 252 189 102 238 176 114 239 190 113 166 168 50 209 153 6 207 151 97 209 153 6 166 168 50 164 167 8 237 86 86 235 90 90 234 84 84 235 90 90 237 86 86 236 88 88 253 180 81 239 190 113 243 181 142 239 190 113 253 180 81 252 189 102 231 101 101 219 116 116 252 102 102 219 116 116 231 101 101 43 100 100 220 117 117 241 121 121 242 115 115 241 121 121 220 117 117 221 119 119 202 171 104 211 148 126 210 173 127 211 148 126 202 171 104 206 150 103 37 188 143 224 57 57 223 63 63 224 57 57 37 188 143 48 98 98 130 25 25 136 27 27 133 29 29 158 169 12 152 170 20 156 160 14 195 78 78 192 75 75 194 77 77 142 162 44 148 163 38 168 164 36 0 138 132 1 142 136 79 43 43 189 193 145 122 192 144 169 191 144 122 192 144 189 193 145 149 194 145 191 195 146 149 194 145 189 193 145 149 194 145 191 195 146 151 196 146 187 197 147 151 196 146 191 195 146 151 196 146 187 197 147 147 198 147 177 199 148 147 198 147 187 197 147 147 198 147 177 199 148 134 200 148 143 203 150 181 202 149 140 201 149 181 202 149 143 203 150 183 204 150 145 205 151 183 204 150 143 203 150 183 204 150 145 205 151 185 206 151 131 207 152 185 206 151 145 205 151 185 206 151 131 207 152 175 208 152 134 200 148 175 208 152 131 207 152 175 208 152 134 200 148 177 199 148 179 209 153 140 201 149 181 202 149 140 201 149 179 209 153 137 210 153 161 211 154 137 210 153 179 209 153 137 210 153 161 211 154 110 212 154 159 213 155 110 212 154 161 211 154 110 212 154 159 213 155 107 214 155 157 215 156 107 214 155 159 213 155 107 214 155 157 215 156 104 216 156 125 217 157 169 191 144 122 192 144 169 191 144 125 217 157 171 218 157 128 219 158 171 218 157 125 217 157 171 218 157 128 219 158 173 220 158 119 221 159 173 220 158 128 219 158 173 220 158 119 221 159 167 222 159 98 223 160 167 222 159 119 221 159 167 222 159 98 223 160 153 224 160 163 225 161 104 216 156 157 215 156 104 216 156 163 225 161 113 226 161 165 227 162 113 226 161 163 225 161 113 226 161 165 227 162 116 228 162 155 229 163 116 228 162 165 227 162 116 228 162 155 229 163 101 230 163 153 224 160 101 230 163 155 229 163 101 230 163 153 224 160 98 223 160 137 233 153 80 232 164 140 231 149 80 232 164 137 233 153 86 234 165 110 235 154 86 234 165 137 233 153 86 234 165 110 235 154 69 236 166 107 237 155 69 236 166 110 235 154 69 236 166 107 237 155 56 238 167 104 239 156 56 238 167 107 237 155 56 238 167 104 239 156 54 240 168 167 243 159 171 242 157 173 241 158 171 242 157 167 243 159 169 244 144 153 245 160 169 244 144 167 243 159 169 244 144 153 245 160 177 246 148 157 247 156 177 246 148 153 245 160 177 246 148 157 247 156 181 248 149 179 249 153 181 248 149 157 247 156 95 252 170 151 251 146 92 250 169 151 251 146 95 252 170 149 253 145 64 254 171 149 253 145 95 252 170 149 253 145 64 254 171 122 255 144 66 256 172 122 255 144 64 254 171 122 255 144 66 256 172 125 257 157 46 260 174 119 259 159 44 258 173 119 259 159 46 260 174 98 261 160 49 262 175 98 261 160 46 260 174 98 261 160 49 262 175 101 263 163 175 266 152 183 265 150 185 264 151 183 265 150 175 266 152 181 248 149 177 246 148 181 248 149 175 266 152 163 269 161 155 268 163 165 267 162 155 268 163 163 269 161 157 247 156 189 271 145 177 246 148 187 270 147 177 246 148 189 271 145 169 244 144 147 272 147 92 250 169 151 251 146 92 250 169 147 272 147 71 273 176 143 276 150 89 275 177 145 274 151 89 275 177 143 276 150 83 277 178 134 278 148 71 273 176 147 272 147 71 273 176 134 278 148 74 279 179 145 274 151 77 281 180 131 280 152 77 281 180 145 274 151 89 275 177 140 231 149 83 277 178 143 276 150 83 277 178 140 231 149 80 232 164 131 280 152 74 279 179 134 278 148 74 279 179 131 280 152 77 281 180 125 257 157 61 283 181 128 282 158 61 283 181 125 257 157 66 256 172 128 282 158 44 258 173 119 259 159 44 258 173 128 282 158 61 283 181 116 286 162 51 285 182 113 284 161 51 285 182 116 286 162 59 287 183 101 263 163 59 287 183 116 286 162 59 287 183 101 263 163 49 262 175 113 284 161 54 240 168 104 239 156 54 240 168 113 284 161 51 285 182 159 289 155 161 288 154 179 249 153 187 270 147 191 290 146 189 271 145 155 268 163 157 247 156 153 245 160 157 247 156 159 289 155 179 249 153 138 291 145 52 192 144 108 191 144 52 192 144 138 291 145 78 292 145 141 293 146 78 292 145 138 291 145 78 292 145 141 293 146 81 294 146 135 295 147 81 294 146 141 293 146 81 294 146 135 295 147 75 296 147 120 297 148 75 296 147 135 295 147 75 296 147 120 297 148 62 298 148 70 203 150 126 202 149 67 201 149 126 202 149 70 203 150 129 204 150 72 205 151 129 204 150 70 203 150 129 204 150 72 205 151 132 206 151 60 207 152 132 206 151 72 205 151 132 206 151 60 207 152 117 299 152 62 298 148 117 299 152 60 207 152 117 299 152 62 298 148 120 297 148 123 209 153 67 201 149 126 202 149 67 201 149 123 209 153 65 210 153 96 211 154 65 210 153 123 209 153 65 210 153 96 211 154 42 212 154 93 213 155 42 212 154 96 211 154 42 212 154 93 213 155 40 214 155 90 215 156 40 214 155 93 213 155 40 214 155 90 215 156 39 216 156 55 217 157 108 191 144 52 192 144 108 191 144 55 217 157 111 218 157 57 219 158 111 218 157 55 217 157 111 218 157 57 219 158 114 220 158 50 221 159 114 220 158 57 219 158 114 220 158 50 221 159 105 300 159 36 301 160 105 300 159 50 221 159 105 300 159 36 301 160 84 302 160 99 303 161 39 216 156 90 215 156 39 216 156 99 303 161 45 304 161 102 305 162 45 304 161 99 303 161 45 304 161 102 305 162 47 306 162 87 307 163 47 306 162 102 305 162 47 306 162 87 307 163 38 308 163 84 302 160 38 308 163 87 307 163 38 308 163 84 302 160 36 301 160 65 233 153 27 232 164 67 231 149 27 232 164 65 233 153 31 234 165 42 235 154 31 234 165 65 233 153 31 234 165 42 235 154 22 309 166 40 310 155 22 309 166 42 235 154 22 309 166 40 310 155 15 311 167 39 312 156 15 311 167 40 310 155 15 311 167 39 312 156 13 313 168 105 314 159 111 242 157 114 241 158 111 242 157 105 314 159 108 315 144 84 316 160 108 315 144 105 314 159 108 315 144 84 316 160 120 317 148 90 318 156 120 317 148 84 316 160 120 317 148 90 318 156 126 319 149 123 249 153 126 319 149 90 318 156 34 322 170 81 321 146 33 320 169 81 321 146 34 322 170 78 253 145 18 254 171 78 253 145 34 322 170 78 253 145 18 254 171 52 255 144 20 256 172 52 255 144 18 254 171 52 255 144 20 256 172 55 257 157 8 260 174 50 259 159 7 258 173 50 259 159 8 260 174 36 261 160 10 262 175 36 261 160 8 260 174 36 261 160 10 262 175 38 263 163 117 323 152 129 265 150 132 264 151 129 265 150 117 323 152 126 319 149 120 317 148 126 319 149 117 323 152 99 326 161 87 325 163 102 324 162 87 325 163 99 326 161 90 318 156 138 328 145 120 317 148 135 327 147 120 317 148 138 328 145 108 315 144 75 329 147 33 320 169 81 321 146 33 320 169 75 329 147 23 330 176 70 333 150 32 332 177 72 331 151 32 332 177 70 333 150 29 334 178 62 335 148 23 330 176 75 329 147 23 330 176 62 335 148 24 279 179 72 331 151 26 336 180 60 280 152 26 336 180 72 331 151 32 332 177 67 231 149 29 334 178 70 333 150 29 334 178 67 231 149 27 232 164 60 280 152 24 279 179 62 335 148 24 279 179 60 280 152 26 336 180 55 257 157 17 283 181 57 282 158 17 283 181 55 257 157 20 256 172 57 282 158 7 258 173 50 259 159 7 258 173 57 282 158 17 283 181 47 286 162 11 285 182 45 284 161 11 285 182 47 286 162 16 287 183 38 263 163 16 287 183 47 286 162 16 287 183 38 263 163 10 262 175 45 284 161 13 313 168 39 312 156 13 313 168 45 284 161 11 285 182 93 289 155 96 288 154 123 249 153 135 327 147 141 337 146 138 328 145 87 325 163 90 318 156 84 316 160 90 318 156 93 289 155 123 249 153</p>
                </triangles>
            </mesh>
        </geometry>
    </library_geometries>
    <library_visual_scenes>
        <visual_scene id="ID43">
            <node id="ID44" name="n0b3">
                <translate sid="translate">0 0 -0</translate>
                <rotate sid="rotateY">0 1 0 -0</rotate>
                <rotate sid="rotateX">1 0 0 0</rotate>
                <rotate sid="rotateZ">0 0 1 -0</rotate>
                <scale sid="scale">1 1 1</scale>
                <instance_geometry url="#ID45">
                    <bind_material>
                        <technique_common>
                            <instance_material symbol="Material1" target="#ID38">
                                <bind_vertex_input semantic="UVSET0" input_semantic="TEXCOORD" input_set="0"/>
                            </instance_material>
                        </technique_common>
                    </bind_material>
                </instance_geometry>
            </node>
            <node id="ID53" name="n1b5">
                <translate sid="translate">0 0 -0</translate>
                <rotate sid="rotateY">0 1 0 -0</rotate>
                <rotate sid="rotateX">1 0 0 0</rotate>
                <rotate sid="rotateZ">0 0 1 -0</rotate>
                <scale sid="scale">1 1 1</scale>
                <instance_geometry url="#ID54">
                    <bind_material>
                        <technique_common>
                            <instance_material symbol="Material1" target="#ID33">
                                <bind_vertex_input semantic="UVSET0" input_semantic="TEXCOORD" input_set="0"/>
                            </instance_material>
                        </technique_common>
                    </bind_material>
                </instance_geometry>
            </node>
            <node id="ID62" name="n2b0">
                <translate sid="translate">0 0 -0</translate>
                <rotate sid="rotateY">0 1 0 -0</rotate>
                <rotate sid="rotateX">1 0 0 0</rotate>
                <rotate sid="rotateZ">0 0 1 -0</rotate>
                <scale sid="scale">1 1 1</scale>
                <instance_geometry url="#ID63">
                    <bind_material>
                        <technique_common>
                            <instance_material symbol="Material1" target="#ID28">
                                <bind_vertex_input semantic="UVSET0" input_semantic="TEXCOORD" input_set="0"/>
                            </instance_material>
                        </technique_common>
                    </bind_material>
                </instance_geometry>
            </node>
            <node id="ID71" name="n3b4">
                <translate sid="translate">0 0 -0</translate>
                <rotate sid="rotateY">0 1 0 -0</rotate>
                <rotate sid="rotateX">1 0 0 0</rotate>
                <rotate sid="rotateZ">0 0 1 -0</rotate>
                <scale sid="scale">1 1 1</scale>
                <instance_geometry url="#ID72">
                    <bind_material>
                        <technique_common>
                            <instance_material symbol="Material1" target="#ID23">
                                <bind_vertex_input semantic="UVSET0" input_semantic="TEXCOORD" input_set="0"/>
                            </instance_material>
                        </technique_common>
                    </bind_material>
                </instance_geometry>
            </node>
            <node id="ID80" name="n4b7">
                <translate sid="translate">0 0 -0</translate>
                <rotate sid="rotateY">0 1 0 -0</rotate>
                <rotate sid="rotateX">1 0 0 0</rotate>
                <rotate sid="rotateZ">0 0 1 -0</rotate>
                <scale sid="scale">1 1 1</scale>
                <instance_geometry url="#ID81">
                    <bind_material>
                        <technique_common>
                            <instance_material symbol="Material1" target="#ID18">
                                <bind_vertex_input semantic="UVSET0" input_semantic="TEXCOORD" input_set="0"/>
                            </instance_material>
                        </technique_common>
                    </bind_material>
                </instance_geometry>
            </node>
            <node id="ID89" name="n5b6">
                <translate sid="translate">0 0 -0</translate>
                <rotate sid="rotateY">0 1 0 -0</rotate>
                <rotate sid="rotateX">1 0 0 0</rotate>
                <rotate sid="rotateZ">0 0 1 -0</rotate>
                <scale sid="scale">1 1 1</scale>
                <instance_geometry url="#ID90">
                    <bind_material>
                        <technique_common>
                            <instance_material symbol="Material1" target="#ID18">
                                <bind_vertex_input semantic="UVSET0" input_semantic="TEXCOORD" input_set="0"/>
                            </instance_material>
                        </technique_common>
                    </bind_material>
                </instance_geometry>
            </node>
            <node id="ID98" name="n6b2">
                <translate sid="translate">0 0 -0</translate>
                <rotate sid="rotateY">0 1 0 -0</rotate>
                <rotate sid="rotateX">1 0 0 0</rotate>
                <rotate sid="rotateZ">0 0 1 -0</rotate>
                <scale sid="scale">1 1 1</scale>
                <instance_geometry url="#ID99">
                    <bind_material>
                        <technique_common>
                            <instance_material symbol="Material1" target="#ID13">
                                <bind_vertex_input semantic="UVSET0" input_semantic="TEXCOORD" input_set="0"/>
                            </instance_material>
                        </technique_common>
                    </bind_material>
                </instance_geometry>
            </node>
            <node id="ID107" name="n7b8">
                <translate sid="translate">0 0 -0</translate>
                <rotate sid="rotateY">0 1 0 -0</rotate>
                <rotate sid="rotateX">1 0 0 0</rotate>
                <rotate sid="rotateZ">0 0 1 -0</rotate>
                <scale sid="scale">1 1 1</scale>
                <instance_geometry url="#ID108">
                    <bind_material>
                        <technique_common>
                            <instance_material symbol="Material1" target="#ID8">
                                <bind_vertex_input semantic="UVSET0" input_semantic="TEXCOORD" input_set="0"/>
                            </instance_material>
                        </technique_common>
                    </bind_material>
                </instance_geometry>
            </node>
            <node id="ID116" name="n8b1">
                <translate sid="translate">0 0 -0</translate>
                <rotate sid="rotateY">0 1 0 -0</rotate>
                <rotate sid="rotateX">1 0 0 0</rotate>
                <rotate sid="rotateZ">0 0 1 -0</rotate>
                <scale sid="scale">1 1 1</scale>
                <instance_geometry url="#ID117">
                    <bind_material>
                        <technique_common>
                            <instance_material symbol="Material1" target="#ID3">
                                <bind_vertex_input semantic="UVSET0" input_semantic="TEXCOORD" input_set="0"/>
                            </instance_material>
                        </technique_common>
                    </bind_material>
                </instance_geometry>
            </node>
        </visual_scene>
    </library_visual_scenes>
    <scene>
        <instance_visual_scene url="#ID43"/>
    </scene>
</COLLADA>
