<?xml version="1.0"?>
<COLLADA xmlns="http://www.collada.org/2005/11/COLLADASchema" version="1.4.1">
    <asset>
        <contributor>
            <authoring_tool>CINEMA4D 15.064 COLLADA Exporter</authoring_tool>
        </contributor>
        <created>2018-04-28T04:32:28Z</created>
        <modified>2018-04-28T04:32:28Z</modified>
        <unit meter="0.01" name="centimeter"/>
        <up_axis>Y_UP</up_axis>
    </asset>
    <library_images>
        <image id="ID5">
            <init_from>bedroomFlame.png</init_from>
        </image>
        <image id="ID10">
            <init_from>bedcloth00.png</init_from>
        </image>
        <image id="ID15">
            <init_from>mado.png</init_from>
        </image>
        <image id="ID20">
            <init_from>woodpanel04_128.png</init_from>
        </image>
        <image id="ID25">
            <init_from>mokume02.png</init_from>
        </image>
        <image id="ID30">
            <init_from>mablewalllozeta00.png</init_from>
        </image>
        <image id="ID35">
            <init_from>mablesidelozet_64.png</init_from>
        </image>
        <image id="ID40">
            <init_from>SolidPalm.png</init_from>
        </image>
        <image id="ID45">
            <init_from>IP2_glow1_i.png</init_from>
        </image>
        <image id="ID50">
            <init_from>woodpanel03_128.png</init_from>
        </image>
        <image id="ID55">
            <init_from>starpole00.png</init_from>
        </image>
        <image id="ID60">
            <init_from>purplecarpet02MS.png</init_from>
        </image>
        <image id="ID65">
            <init_from>marbletileKitchen.png</init_from>
        </image>
        <image id="ID70">
            <init_from>BellMetalBase02.png</init_from>
        </image>
        <image id="ID75">
            <init_from>HighLightSample.png</init_from>
        </image>
        <image id="ID80">
            <init_from>closetMS.png</init_from>
        </image>
        <image id="ID85">
            <init_from>QFGP_a2_64.png</init_from>
        </image>
        <image id="ID90">
            <init_from>redcarpet00SM.png</init_from>
        </image>
    </library_images>
    <library_effects>
        <effect id="ID2">
            <profile_COMMON>
                <technique sid="COMMON">
                    <blinn>
                        <diffuse>
                            <color>0.8 0.8 0.8 1</color>
                        </diffuse>
                        <specular>
                            <color>0.2 0.2 0.2 1</color>
                        </specular>
                        <shininess>
                            <float>0.5</float>
                        </shininess>
                    </blinn>
                </technique>
            </profile_COMMON>
        </effect>
        <effect id="ID4">
            <profile_COMMON>
                <newparam sid="ID6">
                    <surface type="2D">
                        <init_from>ID5</init_from>
                    </surface>
                </newparam>
                <newparam sid="ID7">
                    <sampler2D>
                        <source>ID6</source>
                    </sampler2D>
                </newparam>
                <technique sid="COMMON">
                    <blinn>
                        <diffuse>
                            <texture texture="ID7" texcoord="UVSET0"/>
                        </diffuse>
                    </blinn>
                </technique>
            </profile_COMMON>
        </effect>
        <effect id="ID9">
            <profile_COMMON>
                <newparam sid="ID11">
                    <surface type="2D">
                        <init_from>ID10</init_from>
                    </surface>
                </newparam>
                <newparam sid="ID12">
                    <sampler2D>
                        <source>ID11</source>
                    </sampler2D>
                </newparam>
                <technique sid="COMMON">
                    <blinn>
                        <diffuse>
                            <texture texture="ID12" texcoord="UVSET0"/>
                        </diffuse>
                    </blinn>
                </technique>
            </profile_COMMON>
        </effect>
        <effect id="ID14">
            <profile_COMMON>
                <newparam sid="ID16">
                    <surface type="2D">
                        <init_from>ID15</init_from>
                    </surface>
                </newparam>
                <newparam sid="ID17">
                    <sampler2D>
                        <source>ID16</source>
                    </sampler2D>
                </newparam>
                <technique sid="COMMON">
                    <blinn>
                        <diffuse>
                            <texture texture="ID17" texcoord="UVSET0"/>
                        </diffuse>
                    </blinn>
                </technique>
            </profile_COMMON>
        </effect>
        <effect id="ID19">
            <profile_COMMON>
                <newparam sid="ID21">
                    <surface type="2D">
                        <init_from>ID20</init_from>
                    </surface>
                </newparam>
                <newparam sid="ID22">
                    <sampler2D>
                        <source>ID21</source>
                    </sampler2D>
                </newparam>
                <technique sid="COMMON">
                    <blinn>
                        <diffuse>
                            <texture texture="ID22" texcoord="UVSET0"/>
                        </diffuse>
                    </blinn>
                </technique>
            </profile_COMMON>
        </effect>
        <effect id="ID24">
            <profile_COMMON>
                <newparam sid="ID26">
                    <surface type="2D">
                        <init_from>ID25</init_from>
                    </surface>
                </newparam>
                <newparam sid="ID27">
                    <sampler2D>
                        <source>ID26</source>
                    </sampler2D>
                </newparam>
                <technique sid="COMMON">
                    <blinn>
                        <diffuse>
                            <texture texture="ID27" texcoord="UVSET0"/>
                        </diffuse>
                    </blinn>
                </technique>
            </profile_COMMON>
        </effect>
        <effect id="ID29">
            <profile_COMMON>
                <newparam sid="ID31">
                    <surface type="2D">
                        <init_from>ID30</init_from>
                    </surface>
                </newparam>
                <newparam sid="ID32">
                    <sampler2D>
                        <source>ID31</source>
                    </sampler2D>
                </newparam>
                <technique sid="COMMON">
                    <blinn>
                        <diffuse>
                            <texture texture="ID32" texcoord="UVSET0"/>
                        </diffuse>
                    </blinn>
                </technique>
            </profile_COMMON>
        </effect>
        <effect id="ID34">
            <profile_COMMON>
                <newparam sid="ID36">
                    <surface type="2D">
                        <init_from>ID35</init_from>
                    </surface>
                </newparam>
                <newparam sid="ID37">
                    <sampler2D>
                        <source>ID36</source>
                    </sampler2D>
                </newparam>
                <technique sid="COMMON">
                    <blinn>
                        <diffuse>
                            <texture texture="ID37" texcoord="UVSET0"/>
                        </diffuse>
                    </blinn>
                </technique>
            </profile_COMMON>
        </effect>
        <effect id="ID39">
            <profile_COMMON>
                <newparam sid="ID41">
                    <surface type="2D">
                        <init_from>ID40</init_from>
                    </surface>
                </newparam>
                <newparam sid="ID42">
                    <sampler2D>
                        <source>ID41</source>
                    </sampler2D>
                </newparam>
                <technique sid="COMMON">
                    <blinn>
                        <diffuse>
                            <texture texture="ID42" texcoord="UVSET0"/>
                        </diffuse>
                    </blinn>
                </technique>
            </profile_COMMON>
        </effect>
        <effect id="ID44">
            <profile_COMMON>
                <newparam sid="ID46">
                    <surface type="2D">
                        <init_from>ID45</init_from>
                    </surface>
                </newparam>
                <newparam sid="ID47">
                    <sampler2D>
                        <source>ID46</source>
                    </sampler2D>
                </newparam>
                <technique sid="COMMON">
                    <blinn>
                        <diffuse>
                            <texture texture="ID47" texcoord="UVSET0"/>
                        </diffuse>
                    </blinn>
                </technique>
            </profile_COMMON>
        </effect>
        <effect id="ID49">
            <profile_COMMON>
                <newparam sid="ID51">
                    <surface type="2D">
                        <init_from>ID50</init_from>
                    </surface>
                </newparam>
                <newparam sid="ID52">
                    <sampler2D>
                        <source>ID51</source>
                    </sampler2D>
                </newparam>
                <technique sid="COMMON">
                    <blinn>
                        <diffuse>
                            <texture texture="ID52" texcoord="UVSET0"/>
                        </diffuse>
                    </blinn>
                </technique>
            </profile_COMMON>
        </effect>
        <effect id="ID54">
            <profile_COMMON>
                <newparam sid="ID56">
                    <surface type="2D">
                        <init_from>ID55</init_from>
                    </surface>
                </newparam>
                <newparam sid="ID57">
                    <sampler2D>
                        <source>ID56</source>
                    </sampler2D>
                </newparam>
                <technique sid="COMMON">
                    <blinn>
                        <diffuse>
                            <texture texture="ID57" texcoord="UVSET0"/>
                        </diffuse>
                    </blinn>
                </technique>
            </profile_COMMON>
        </effect>
        <effect id="ID59">
            <profile_COMMON>
                <newparam sid="ID61">
                    <surface type="2D">
                        <init_from>ID60</init_from>
                    </surface>
                </newparam>
                <newparam sid="ID62">
                    <sampler2D>
                        <source>ID61</source>
                    </sampler2D>
                </newparam>
                <technique sid="COMMON">
                    <blinn>
                        <diffuse>
                            <texture texture="ID62" texcoord="UVSET0"/>
                        </diffuse>
                    </blinn>
                </technique>
            </profile_COMMON>
        </effect>
        <effect id="ID64">
            <profile_COMMON>
                <newparam sid="ID66">
                    <surface type="2D">
                        <init_from>ID65</init_from>
                    </surface>
                </newparam>
                <newparam sid="ID67">
                    <sampler2D>
                        <source>ID66</source>
                    </sampler2D>
                </newparam>
                <technique sid="COMMON">
                    <blinn>
                        <diffuse>
                            <texture texture="ID67" texcoord="UVSET0"/>
                        </diffuse>
                    </blinn>
                </technique>
            </profile_COMMON>
        </effect>
        <effect id="ID69">
            <profile_COMMON>
                <newparam sid="ID71">
                    <surface type="2D">
                        <init_from>ID70</init_from>
                    </surface>
                </newparam>
                <newparam sid="ID72">
                    <sampler2D>
                        <source>ID71</source>
                    </sampler2D>
                </newparam>
                <technique sid="COMMON">
                    <blinn>
                        <diffuse>
                            <texture texture="ID72" texcoord="UVSET0"/>
                        </diffuse>
                    </blinn>
                </technique>
            </profile_COMMON>
        </effect>
        <effect id="ID74">
            <profile_COMMON>
                <newparam sid="ID76">
                    <surface type="2D">
                        <init_from>ID75</init_from>
                    </surface>
                </newparam>
                <newparam sid="ID77">
                    <sampler2D>
                        <source>ID76</source>
                    </sampler2D>
                </newparam>
                <technique sid="COMMON">
                    <blinn>
                        <diffuse>
                            <texture texture="ID77" texcoord="UVSET0"/>
                        </diffuse>
                    </blinn>
                </technique>
            </profile_COMMON>
        </effect>
        <effect id="ID79">
            <profile_COMMON>
                <newparam sid="ID81">
                    <surface type="2D">
                        <init_from>ID80</init_from>
                    </surface>
                </newparam>
                <newparam sid="ID82">
                    <sampler2D>
                        <source>ID81</source>
                    </sampler2D>
                </newparam>
                <technique sid="COMMON">
                    <blinn>
                        <diffuse>
                            <texture texture="ID82" texcoord="UVSET0"/>
                        </diffuse>
                    </blinn>
                </technique>
            </profile_COMMON>
        </effect>
        <effect id="ID84">
            <profile_COMMON>
                <newparam sid="ID86">
                    <surface type="2D">
                        <init_from>ID85</init_from>
                    </surface>
                </newparam>
                <newparam sid="ID87">
                    <sampler2D>
                        <source>ID86</source>
                    </sampler2D>
                </newparam>
                <technique sid="COMMON">
                    <blinn>
                        <diffuse>
                            <texture texture="ID87" texcoord="UVSET0"/>
                        </diffuse>
                    </blinn>
                </technique>
            </profile_COMMON>
        </effect>
        <effect id="ID89">
            <profile_COMMON>
                <newparam sid="ID91">
                    <surface type="2D">
                        <init_from>ID90</init_from>
                    </surface>
                </newparam>
                <newparam sid="ID92">
                    <sampler2D>
                        <source>ID91</source>
                    </sampler2D>
                </newparam>
                <technique sid="COMMON">
                    <blinn>
                        <diffuse>
                            <texture texture="ID92" texcoord="UVSET0"/>
                        </diffuse>
                    </blinn>
                </technique>
            </profile_COMMON>
        </effect>
    </library_effects>
    <library_materials>
        <material id="ID3" name="m9">
            <instance_effect url="#ID4"/>
        </material>
        <material id="ID8" name="m8">
            <instance_effect url="#ID9"/>
        </material>
        <material id="ID13" name="m7">
            <instance_effect url="#ID14"/>
        </material>
        <material id="ID18" name="m6">
            <instance_effect url="#ID19"/>
        </material>
        <material id="ID23" name="m5">
            <instance_effect url="#ID24"/>
        </material>
        <material id="ID28" name="m4">
            <instance_effect url="#ID29"/>
        </material>
        <material id="ID33" name="m3">
            <instance_effect url="#ID34"/>
        </material>
        <material id="ID38" name="m2">
            <instance_effect url="#ID39"/>
        </material>
        <material id="ID43" name="m17">
            <instance_effect url="#ID44"/>
        </material>
        <material id="ID48" name="m16">
            <instance_effect url="#ID49"/>
        </material>
        <material id="ID53" name="m15">
            <instance_effect url="#ID54"/>
        </material>
        <material id="ID58" name="m14">
            <instance_effect url="#ID59"/>
        </material>
        <material id="ID63" name="m13">
            <instance_effect url="#ID64"/>
        </material>
        <material id="ID68" name="m12">
            <instance_effect url="#ID69"/>
        </material>
        <material id="ID73" name="m11">
            <instance_effect url="#ID74"/>
        </material>
        <material id="ID78" name="m10">
            <instance_effect url="#ID79"/>
        </material>
        <material id="ID83" name="m1">
            <instance_effect url="#ID84"/>
        </material>
        <material id="ID88" name="m0">
            <instance_effect url="#ID89"/>
        </material>
    </library_materials>
    <library_geometries>
        <geometry id="ID95">
            <mesh>
                <source id="ID96">
                    <float_array id="ID97" count="4242">-2899.25 822.75 -408 -1079.25 916.25 -4212 -1079.25 916.25 -4212 -1240.5 896.25 -3052.25 -2800 822.75 -856.75 -1079.25 971.75 -4212 -1079.25 971.75 -4212 -1229.75 991.75 -3005.5 -2811.75 832.75 -860.25 -1112 971.75 -4152.25 -1112 971.75 -4152.25 -1242.5 991.75 -3051 -2631.75 822.75 -1284.25 -1063.75 896.25 -4200 -1282 997.25 -3001 -2642.75 832.75 -1289.75 -1094.5 896.25 -4145 -1386.25 971.75 -2992 -1288.75 997.25 -3032 -2398.25 822.75 -1680 -1060.5 991.75 -4199.25 -1365 991.75 -2940.5 -1132 832.75 -2992 -1132 832.75 -2992 -2408.5 832.75 -1687.25 -1091.5 991.75 -4144 -1381.75 991.75 -2939.75 -1137.5 881.25 -2992 -1137.5 881.25 -2992 -1137.5 881.25 -2992 -1137.5 881.25 -2992 -2115.25 832.75 -2043 -1012 985 -4176.5 -1012 985 -4176.5 -1295.5 896.25 -2773 -1182.5 888.75 -2992 -1182.5 888.75 -2992 -2106.25 822.75 -2034.5 -1045 985 -4124.75 -1368.25 896.25 -2748.75 -1222 916.25 -2992 -1222 916.25 -2992 -1222 916.25 -2992 -1222 916.25 -2992 -1762 822.75 -2339 -1055.25 995 -4129 -1369.75 901.25 -2791 -1227.75 886.25 -2992 -1227.75 886.25 -2992 -1769.5 832.75 -2349 -1024.75 992.5 -4178.75 -1310.5 901.25 -2809.5 -1223 971.75 -2992 -1223 971.75 -2992 -1223 971.75 -2992 -1223 971.75 -2992 -1374.5 822.75 -2585.75 -1140 832.75 -4304 -1140 832.75 -4304 -1369.5 832.75 -2728.75 -1332.25 981.75 -2992 -1332.25 981.75 -2992 -1380.25 832.75 -2596.75 -1134.75 881.25 -4299 -1134.75 881.25 -4299 -1134.75 881.25 -4299 -1134.75 881.25 -4299 -1369.5 876.25 -2728.75 -1369.5 876.25 -2728.75 -1277.75 984.75 -2992 -1277.75 984.75 -2992 -953.5 822.75 -2769 -1092.25 888.75 -4256.5 -1092.25 888.75 -4256.5 -1288.5 876.25 -2756.25 -1288.5 876.25 -2756.25 -1306 997.25 -3059 -957.5 832.75 -2780.75 -1055 916.25 -4219.25 -1055 916.25 -4219.25 -1055 916.25 -4219.25 -1055 916.25 -4219.25 -1288.5 832.75 -2756.25 -1265.75 991.75 -3092.5 -3685.5 832.75 700 -3685.5 832.75 700 -1049.75 886.25 -4214 -1049.75 886.25 -4214 -1320.25 916.25 -2833 -1320.25 916.25 -2833 -1346 991.75 -3025.5 -2969.5 832.75 554 -2969.5 832.75 554 -2969.5 832.75 554 -1054 971.75 -4218.25 -1054 971.75 -4218.25 -1054 971.75 -4218.25 -1054 971.75 -4218.25 -1369.5 916.25 -2818.75 -1369.5 916.25 -2818.75 -1252 971.75 -3102.5 -1252 971.75 -3102.5 -2716 832.75 -1325.5 -2716 832.75 -1325.5 -1022 984.25 -4186.5 -1022 984.25 -4186.5 -1369.5 971.75 -2818.75 -1369.5 971.75 -2818.75 -1252 916.25 -3102.5 -1252 916.25 -3102.5 -1186.25 832.75 -2769.75 -1186.25 832.75 -2769.75 -1068.75 992.5 -4072.25 -1320.25 971.75 -2833 -1320.25 971.75 -2833 -1263.5 896.25 -3093.5 -525 832.75 -2976.75 -525 832.75 -2976.75 -1108.5 991.75 -4083.25 -1371.25 896.25 -2833.5 -1232.5 901.25 -3122.25 -374 832.75 -3034 -374 832.75 -3034 -1131.25 971.75 -4086.75 -1131.25 971.75 -4086.75 -1325.75 896.25 -2846.25 -1201.5 896.25 -3151 -244.75 832.75 -3131.25 -244.75 832.75 -3131.25 -1131.25 916.25 -4086.75 -1131.25 916.25 -4086.75 -1372.75 991.75 -2835.5 -1188.25 876.25 -3166.25 -1188.25 876.25 -3166.25 -191.25 832.75 -3202.75 -191.25 832.75 -3202.75 -1111.75 896.25 -4084.25 -1327 991.75 -2848.25 -1188.25 832.75 -3166.25 -48 832.75 -3617 -48 832.75 -3617 -1168 901.25 -4086.5 -1377.25 997.25 -2887.5 -1335 991.75 -2970.5 -61.25 832.75 -3807 -61.25 832.75 -3807 -61.25 832.75 -3807 -1224.5 896.25 -4088.5 -1346 997.25 -2894.5 -1346 991.75 -2958.25 -114.5 832.75 -3989.5 -114.5 832.75 -3989.5 -1251.25 876.25 -4086.75 -1251.25 876.25 -4086.75 -1386.25 832.75 -2737.75 -1386.25 832.75 -2737.75 -1167.25 896.25 -2901.25 -204.25 832.75 -4152.75 -204.25 832.75 -4152.75 -1251.25 832.75 -4086.75 -1386.25 881.25 -2743.25 -1386.25 881.25 -2743.25 -1386.25 881.25 -2743.25 -1386.25 881.25 -2743.25 -1201.5 896.25 -2832.75 -324.5 832.75 -4285 -324.5 832.75 -4285 -1021.25 896.25 -4356.5 -1386.25 888.75 -2788.25 -1386.25 888.75 -2788.25 -1232.5 901.25 -2861.5 -467 832.75 -4377.5 -467 832.75 -4377.5 -924.25 896.25 -4388.5 -1386.25 916.25 -2827.75 -1386.25 916.25 -2827.75 -1386.25 916.25 -2827.75 -1386.25 916.25 -2827.75 -1203.75 901.25 -2916.25 -622 832.75 -4424 -622 832.75 -4424 -922.25 901.25 -4332.25 -1386.25 886.25 -2833.5 -1386.25 886.25 -2833.5 -1188.25 832.75 -2817.5 -779 832.75 -4421.5 -779 832.75 -4421.5 -1001 901.25 -4307.75 -1386.25 971.75 -2828.75 -1386.25 971.75 -2828.75 -1386.25 971.75 -2828.75 -1386.25 971.75 -2828.75 -1188.25 876.25 -2817.5 -1188.25 876.25 -2817.5 -1168.5 832.75 -4320.5 -1168.5 832.75 -4320.5 -922.5 832.75 -4415.25 -1386.25 981.75 -2938 -1386.25 981.75 -2938 -1150.5 876.25 -2894.25 -1150.5 876.25 -2894.25 -1460.75 832.75 -4245 -1460.75 832.75 -4245 -922.5 876.25 -4415.25 -922.5 876.25 -4415.25 -1386.25 984.75 -2883.25 -1386.25 984.75 -2883.25 -1150.5 832.75 -2894.25 -2106.75 832.75 -3964 -2106.75 832.75 -3964 -1030.5 876.25 -4378.75 -1030.5 876.25 -4378.75 -1319.25 997.25 -2911.75 -1227.25 916.25 -2926 -1227.25 916.25 -2926 -2701 832.75 -3585.5 -2701 832.75 -3585.5 -1030.5 832.75 -4378.75 -1309.5 984.75 -2915.25 -1309.5 984.75 -2915.25 -1252 916.25 -2881.25 -1252 916.25 -2881.25 -3228.5 832.75 -3118.75 -3228.5 832.75 -3118.75 -988 916.25 -4276.25 -988 916.25 -4276.25 -1270.75 971.75 -2876.5 -1270.75 971.75 -2876.5 -1270.75 971.75 -2876.5 -1270.75 971.75 -2876.5 -1252 971.75 -2881.25 -1252 971.75 -2881.25 -3514.5 832.75 -2864.5 -922.5 916.25 -4295.25 -922.5 916.25 -4295.25 -1285.5 991.75 -2871.5 -1227.25 971.75 -2926 -1227.25 971.75 -2926 -3531.75 832.75 -2878.75 -922.5 971.75 -4295.25 -922.5 971.75 -4295.25 -1348 981.75 -2953.75 -1348 981.75 -2953.75 -1263.5 896.25 -2890.25 -3676.5 832.75 -2575.25 -3676.5 832.75 -2575.25 -988 971.75 -4276.25 -988 971.75 -4276.25 -1352.75 991.75 -2951.75 -1240.5 896.25 -2931.5 -4034.25 832.75 -1968.25 -4034.25 832.75 -1968.25 -920.25 896.25 -4275.75 -1275.5 971.75 -2857.75 -1275.5 971.75 -2857.75 -1266 991.75 -2890.75 -4292.25 832.75 -1313 -4292.25 832.75 -1313 -980.75 896.25 -4258.75 -1270 916.25 -2875.75 -1270 916.25 -2875.75 -1270 916.25 -2875.75 -1270 916.25 -2875.75 -1242.75 991.75 -2932.25 -4444.75 832.75 -625 -4444.75 832.75 -625 -918.25 991.75 -4273 -1275.5 916.25 -2857.75 -1275.5 916.25 -2857.75 -1306 997.25 -2924.5 -4448.5 832.75 -565.5 -4448.5 832.75 -565.5 -979.25 991.75 -4256 -1284.5 896.25 -2869.25 -1288.75 997.25 -2951.5 -4400.5 792.75 857.5 -4400.5 792.75 857.5 -4400.5 792.75 857.5 -900.25 985 -4222.75 -900.25 985 -4222.75 -1274 886.25 -2879.75 -1274 886.25 -2879.75 -1282 997.25 -2982.5 -4411.75 792.75 877 -4411.75 792.75 877 -960 985 -4209.5 -1255.75 901.25 -2838.25 -1230 991.75 -2978 -4415.25 752.75 861.5 -964.25 995 -4219.75 -1242.25 888.75 -2848 -1242.25 888.75 -2848 -1334 991.75 -2987.25 -4422.75 752.75 779.25 -907.5 992.5 -4233.25 -1210.5 881.25 -2816 -1210.5 881.25 -2816 -1210.5 881.25 -2816 -1210.5 881.25 -2816 -1213 971.75 -2975.25 -1213 971.75 -2975.25 -4422.75 792.75 778.75 -4422.75 792.75 778.75 -900.25 832.75 -4403.25 -900.25 832.75 -4403.25 -1227 896.25 -2807.25 -1213 916.25 -2975.25 -1213 916.25 -2975.25 -4337.25 832.75 843.5 -4337.25 832.75 843.5 -900.25 881.25 -4396 -900.25 881.25 -4396 -900.25 881.25 -4396 -900.25 881.25 -4396 -1211.75 876.25 -2794 -1211.75 876.25 -2794 -1227.75 896.25 -2977 -1387.25 832.75 -2977 -900.25 888.75 -4336 -900.25 888.75 -4336 -1211.75 832.75 -2794 -1185.5 901.25 -2975.5 -1392.5 832.75 -2721.25 -900.25 916.25 -4283.25 -900.25 916.25 -4283.25 -900.25 916.25 -4283.25 -900.25 916.25 -4283.25 -1206.5 832.75 -2812.25 -1206.5 832.75 -2812.25 -1143 896.25 -2974 -1116 832.75 -2998.5 -900.25 886.25 -4275.75 -900.25 886.25 -4275.75 -1407.5 991.75 -2940.75 -1123 876.25 -2975.25 -1123 876.25 -2975.25 -1195 832.75 -3187.75 -900.25 971.75 -4282 -900.25 971.75 -4282 -900.25 971.75 -4282 -900.25 971.75 -4282 -1419.75 991.75 -2951.75 -1123 832.75 -2975.25 -1655.25 832.75 -2997 -900.25 984.25 -4236.75 -900.25 984.25 -4236.75 -1477 896.25 -2773 -1359.5 980 -3000.5 -1359.5 980 -3000.5 -1576.75 832.75 -3184 -1014 992.5 -4189.25 -1545.25 896.25 -2807.25 -1363.5 980 -3008.25 -1572.25 832.75 -2798 -1034.5 991.75 -4225 -1516.5 901.25 -2838.25 -1362.5 971.75 -3009.25 -1623.25 792.75 -3221 -1047.75 971.75 -4243.5 -1047.75 971.75 -4243.5 -1461.75 901.25 -2809.5 -1358.25 971.75 -3001 -1358.25 971.75 -3001 -1786.5 792.75 -3500.25 -1047.75 916.25 -4243.5 -1047.75 916.25 -4243.5 -1560.5 832.75 -2794 -1369.75 980 -3014.5 -1188.75 792.75 -3623 -1035.75 896.25 -4228 -1560.5 876.25 -2794 -1560.5 876.25 -2794 -1369 971.75 -3015.75 -1661.5 792.75 -3214.25 -1074.25 901.25 -4269.25 -1483.75 876.25 -2756.25 -1483.75 876.25 -2756.25 -1377.5 980 -3018.5 -1383 792.75 -3263.75 -1112.5 896.25 -4310.75 -1483.75 832.75 -2756.25 -1377 971.75 -3019.75 -1128 792.75 -3309 -1132.75 876.25 -4328.25 -1132.75 876.25 -4328.25 -1452 916.25 -2833 -1452 916.25 -2833 -1386.25 980 -3019.75 -630.5 832.75 -3297.25 -1132.75 832.75 -4328.25 -1496.75 916.25 -2857.75 -1496.75 916.25 -2857.75 -1386.25 971.75 -3021.25 -1128 832.75 -3309 -779.25 896.25 -4356.5 -1496.75 971.75 -2857.75 -1496.75 971.75 -2857.75 -1394.75 980 -3018.5 -3206.25 792.75 -2783.25 -688.25 896.25 -4310.75 -1452 971.75 -2833 -1452 971.75 -2833 -1395.25 971.75 -3019.75 -3225.75 792.75 -2860.75 -726.5 901.25 -4269.25 -1487.75 896.25 -2869.25 -1402.5 980 -3014.5 -3016.75 792.75 -2937.5 -799.5 901.25 -4307.75 -1446.5 896.25 -2846.25 -1403.5 971.75 -3015.75 -2967.25 792.75 -2874.5 -668 832.75 -4328.25 -1487.25 991.75 -2871.75 -1408.75 980 -3008.25 -3465.5 832.75 -2475.75 -668 876.25 -4328.25 -668 876.25 -4328.25 -1445.75 991.75 -2848.5 -1410 971.75 -3009.25 -3780 832.75 -2052.5 -770.25 876.25 -4378.75 -770.25 876.25 -4378.75 -1453.5 997.25 -2911.75 -1412.75 980 -3000.5 -4430.25 832.75 -623 -770.25 832.75 -4378.75 -1426.75 997.25 -2894.5 -1414 971.75 -3001 -4214 832.75 -1313.75 -812.5 916.25 -4276.25 -812.5 916.25 -4276.25 -1565.75 832.75 -2812.25 -1565.75 832.75 -2812.25 -1414 980 -2992 -4317.75 832.75 925.75 -752.75 916.25 -4243.5 -752.75 916.25 -4243.5 -1562 881.25 -2816 -1562 881.25 -2816 -1562 881.25 -2816 -1562 881.25 -2816 -1415.5 971.75 -2992 -4337.5 832.75 843.75 -4337.5 832.75 843.75 -752.75 971.75 -4243.5 -752.75 971.75 -4243.5 -1530 888.75 -2848 -1530 888.75 -2848 -1412.75 980 -2983.25 -4337.5 792.75 843.75 -4337.5 792.75 843.75 -812.5 971.75 -4276.25 -812.5 971.75 -4276.25 -1502.25 916.25 -2875.75 -1502.25 916.25 -2875.75 -1502.25 916.25 -2875.75 -1502.25 916.25 -2875.75 -1414 971.75 -2982.75 -4317.75 792.75 925.75 -765 896.25 -4228 -1498.25 886.25 -2879.75 -1498.25 886.25 -2879.75 -1408.75 980 -2975.5 -4396 792.75 942.75 -819.75 896.25 -4258.75 -1501.5 971.75 -2876.5 -1501.5 971.75 -2876.5 -1501.5 971.75 -2876.5 -1501.5 971.75 -2876.5 -1410 971.75 -2974.5 -1661.5 832.75 -3214.25 -765.5 991.75 -4224.75 -1424.25 981.75 -2953.75 -1424.25 981.75 -2953.75 -1402.5 980 -2969.25 -2216 832.75 -3000.5 -820.75 991.75 -4255.75 -1463 984.75 -2915.25 -1463 984.75 -2915.25 -1403.5 971.75 -2968 -3279 832.75 -2331.75 -788.25 985 -4176.25 -788.25 985 -4176.25 -1395.5 997.25 -2887.75 -1394.75 980 -2965.25 -2819 832.75 -2685.75 -840 985 -4209.25 -1400.25 991.75 -2835.75 -1395.25 971.75 -2964 -4370.75 832.75 -554.25 -835.75 995 -4219.5 -1390.75 991.75 -2939.75 -1386.25 980 -2964 -4487.75 792.75 77.75 -786.25 992.5 -4189 -1402.75 971.75 -2818.75 -1402.75 971.75 -2818.75 -1386.25 971.75 -2962.5 -4448.5 792.75 -565.5 -660.75 832.75 -4304 -660.75 832.75 -4304 -1402.75 916.25 -2818.75 -1402.75 916.25 -2818.75 -1377.5 980 -2965.25 -4370.75 792.75 -554.25 -666 881.25 -4299 -666 881.25 -4299 -666 881.25 -4299 -666 881.25 -4299 -1401 896.25 -2833.5 -1377 971.75 -2964 -4402.75 792.75 76.25 -708.5 888.75 -4256.5 -708.5 888.75 -4256.5 -1402.5 901.25 -2791 -1369.75 980 -2969.25 10 822.75 -3482 10 822.75 -3482 -745.5 916.25 -4219.25 -745.5 916.25 -4219.25 -745.5 916.25 -4219.25 -745.5 916.25 -4219.25 -1404.25 896.25 -2748.75 -1369 971.75 -2968 0 832.75 -3484 -751 886.25 -4214 -751 886.25 -4214 -1402.75 876.25 -2728.75 -1402.75 876.25 -2728.75 -1363.5 980 -2975.5 -3541 822.75 -2886.75 -746.5 971.75 -4218.25 -746.5 971.75 -4218.25 -746.5 971.75 -4218.25 -746.5 971.75 -4218.25 -1402.75 832.75 -2728.75 -1362.5 971.75 -2974.5 -3541 782.75 -2886.75 -778.5 984.25 -4186.25 -778.5 984.25 -4186.25 -1437.5 991.75 -2970.75 -1359.5 980 -2983.25 -3531.75 792.75 -2878.75 -892.5 992.5 -4233 -1438.25 991.75 -2987.5 -1358.25 971.75 -2982.75 -3582 792.75 -2817.75 -881.75 991.75 -4272.75 -1605.25 896.25 -2901.25 -1358.25 980 -2992 -3591.25 782.75 -2825.75 -878.25 971.75 -4295.25 -878.25 971.75 -4295.25 -1629.25 896.25 -2974 -1356.75 971.75 -2992 -4315.25 822.75 936.25 -878.25 916.25 -4295.25 -878.25 916.25 -4295.25 -1587 901.25 -2975.5 -1363.5 987.5 -2999.25 -1363.5 987.5 -2999.25 -4393.5 782.75 953.25 -880.5 896.25 -4275.75 -1568.5 901.25 -2916.25 -1367 987.5 -3005.75 -4315.25 782.75 936.25 -878.5 901.25 -4332.25 -1649.25 832.75 -2975.25 -1372.25 987.5 -3011.25 -99.5 792.75 -3183 -876.25 896.25 -4388.5 -1649.25 876.25 -2975.25 -1649.25 876.25 -2975.25 -1378.75 987.5 -3014.5 -2.25 792.75 -3399 -878.25 876.25 -4415.25 -878.25 876.25 -4415.25 -1621.75 876.25 -2894.25 -1621.75 876.25 -2894.25 -1386.25 987.5 -3015.75 -66 832.75 -3498.75 -66 832.75 -3498.75 -878.25 832.75 -4415.25 -1621.75 832.75 -2894.25 -1393.5 987.5 -3014.5 -3555.75 832.75 -2795.75 -608.25 896.25 -4185.5 -1545 916.25 -2926 -1545 916.25 -2926 -1400.25 987.5 -3011.25 -4487.75 832.75 77.75 -4487.75 832.75 77.75 -576.25 896.25 -4088.5 -1559.25 916.25 -2975.25 -1559.25 916.25 -2975.25 -1405.5 987.5 -3005.75 -4422.75 832.75 778.75 -4422.75 832.75 778.75 -632.75 901.25 -4086.5 -1559.25 971.75 -2975.25 -1559.25 971.75 -2975.25 -1408.75 987.5 -2999.25 -4422.75 832.75 779.25 -657.25 901.25 -4165.25 -1545 971.75 -2926 -1545 971.75 -2926 -1410 987.5 -2992 -4415.25 832.75 861.5 -549.5 832.75 -4086.75 -1544.75 896.25 -2977 -1408.75 987.5 -2984.5 -4344.5 792.75 765.5 -549.5 876.25 -4086.75 -549.5 876.25 -4086.75 -1531.75 896.25 -2931.5 -1405.5 987.5 -2978 -4337.25 792.75 843.5 -586.25 876.25 -4194.75 -586.25 876.25 -4194.75 -1542.5 991.75 -2978.5 -1400.25 987.5 -2972.75 -1383 832.75 -3263.75 -586.25 832.75 -4194.75 -1529.75 991.75 -2932.75 -1393.5 987.5 -2969.25 -1623.25 832.75 -3221 -688.5 916.25 -4152.25 -688.5 916.25 -4152.25 -1490.5 997.25 -2983 -1386.25 987.5 -2968 -3527.75 792.75 -2067 -669.5 916.25 -4086.75 -669.5 916.25 -4086.75 -1483.5 997.25 -2951.75 -1378.75 987.5 -2969.25 -3488.25 792.75 -2230.5 -669.5 971.75 -4086.75 -669.5 971.75 -4086.75 -1640.25 832.75 -2992 -1640.25 832.75 -2992 -1372.25 987.5 -2972.75 -3342.75 792.75 -2178.75 -688.5 971.75 -4152.25 -688.5 971.75 -4152.25 -1634.75 881.25 -2992 -1634.75 881.25 -2992 -1634.75 881.25 -2992 -1634.75 881.25 -2992 -1367 987.5 -2978 -3368.25 792.75 -2054.75 -689 896.25 -4084.25 -1589.75 888.75 -2992 -1589.75 888.75 -2992 -1363.5 987.5 -2984.5 -3803.5 792.75 -1855.75 -706 896.25 -4145 -1550.25 916.25 -2992 -1550.25 916.25 -2992 -1550.25 916.25 -2992 -1550.25 916.25 -2992 -1362.5 987.5 -2992 -4147.25 792.75 -1270.5 -691.75 991.75 -4082.5 -1544.75 886.25 -2992 -1544.75 886.25 -2992 -1369.75 993.25 -2997.25 -1369.75 993.25 -2997.25 -4214 792.75 -1313.75 -709 991.75 -4143.5 -1549.25 971.75 -2992 -1549.25 971.75 -2992 -1549.25 971.75 -2992 -1549.25 971.75 -2992 -1372.25 993.25 -3002 -3875 792.75 -1890.5 -742.25 985 -4064.25 -742.25 985 -4064.25 -1440.25 981.75 -2992 -1440.25 981.75 -2992 -1376 993.25 -3005.75 -3514.5 792.75 -2864.5 -755.25 985 -4124.25 -1494.75 984.75 -2992 -1494.75 984.75 -2992 -1380.75 993.25 -3008.25 -3555.75 792.75 -2795.75 -745.25 995 -4128.5 -1466.5 997.25 -2924.75 -1386.25 993.25 -3009.25 -3497.75 792.75 -1793.5 -731.75 992.5 -4071.75 -1506.5 991.75 -2891.25 -1391.5 993.25 -3008.25 -3523.75 792.75 -1913.5 -561.5 832.75 -4064.5 -561.5 832.75 -4064.5 -1426.25 991.75 -2958.5 -1396.25 993.25 -3005.75 -3373.5 792.75 -1945 -569 881.25 -4064.5 -569 881.25 -4064.5 -569 881.25 -4064.5 -569 881.25 -4064.5 -1520.25 971.75 -2881.25 -1520.25 971.75 -2881.25 -1400.25 993.25 -3002 -3356.75 792.75 -1869 -629 888.75 -4064.5 -629 888.75 -4064.5 -1520.25 916.25 -2881.25 -1520.25 916.25 -2881.25 -1402.5 993.25 -2997.25 -3433 792.75 -1692.25 -681.5 916.25 -4064.5 -681.5 916.25 -4064.5 -681.5 916.25 -4064.5 -681.5 916.25 -4064.5 -1508.75 896.25 -2890.25 -1403.5 993.25 -2992 -3322 792.75 -1799 -689 886.25 -4064.5 -689 886.25 -4064.5 -1539.75 901.25 -2861.5 -1402.5 993.25 -2986.5 -3341.5 792.75 -1608.25 -683 971.75 -4064.5 -683 971.75 -4064.5 -683 971.75 -4064.5 -683 971.75 -4064.5 -1570.75 896.25 -2832.75 -1400.25 993.25 -2981.75 -3260.5 792.75 -1746 -728 984.25 -4064.5 -728 984.25 -4064.5 -1584 876.25 -2817.5 -1584 876.25 -2817.5 -1396.25 993.25 -2978 -3716 792.75 -2004.25 -775.75 992.5 -4178.25 -1584 832.75 -2817.5 -1391.5 993.25 -2975.5 -3780 792.75 -2052.5 -739.75 991.75 -4198.5 -1437.5 991.75 -3013.25 -1386.25 993.25 -2974.5 -3505.5 832.75 -2782.75 -3505.5 832.75 -2782.75 -721.5 971.75 -4212 -721.5 971.75 -4212 -1426.25 991.75 -3025.5 -1380.75 993.25 -2975.5 -3388 832.75 -2752.5 -721.5 916.25 -4212 -721.5 916.25 -4212 -1605.25 896.25 -3082.5 -1376 993.25 -2978 -3411.25 792.75 -2422.75 -737 896.25 -4200 -1570.75 896.25 -3151 -1372.25 993.25 -2981.75 -3465.5 792.75 -2475.75 -779.25 896.25 -3772.5 -695.5 901.25 -4238.25 -1539.75 901.25 -3122.25 -1369.75 993.25 -2986.5 -2819 792.75 -2685.75 -876.25 896.25 -3740.5 -654.25 896.25 -4276.75 -1568.5 901.25 -3067.5 -1369 993.25 -2992 -3279 792.75 -2331.75 -878.5 901.25 -3796.75 -636.5 876.25 -4297 -636.5 876.25 -4297 -1584 832.75 -3166.25 -1377.5 997 -2994.75 -1377.5 997 -2994.75 -3433 832.75 -1692.25 -799.5 901.25 -3821.25 -636.5 832.75 -4297 -1584 876.25 -3166.25 -1584 876.25 -3166.25 -1378.75 997 -2997.25 -3341.5 832.75 -1608.25 -878.25 832.75 -3713.75 -608.25 896.25 -3943.5 -1621.75 876.25 -3089.5 -1621.75 876.25 -3089.5 -1380.75 997 -2999.25 -3225.75 832.75 -2860.75 -878.25 876.25 -3713.75 -878.25 876.25 -3713.75 -654.25 896.25 -3852.25 -1621.75 832.75 -3089.5 -1383.25 997 -3000.5 -3016.75 832.75 -2937.5 -770.25 876.25 -3750.25 -770.25 876.25 -3750.25 -695.5 901.25 -3890.75 -1545 916.25 -3057.75 -1545 916.25 -3057.75 -1386.25 997 -3001 -2403 832.75 -3260 -770.25 832.75 -3750.25 -657.25 901.25 -3963.75 -1520.25 916.25 -3102.5 -1520.25 916.25 -3102.5 -1389 997 -3000.5 -1786.5 832.75 -3500.25 -812.5 916.25 -3852.75 -812.5 916.25 -3852.75 -636.5 832.75 -3832.25 -1520.25 971.75 -3102.5 -1520.25 971.75 -3102.5 -1391.5 997 -2999.25 -1188.75 832.75 -3623 -878.25 916.25 -3833.75 -878.25 916.25 -3833.75 -636.5 876.25 -3832.25 -636.5 876.25 -3832.25 -1545 971.75 -3057.75 -1545 971.75 -3057.75 -1393.5 997 -2997.25 -585.25 832.75 -3614 -878.25 971.75 -3833.75 -878.25 971.75 -3833.75 -586.25 876.25 -3934.5 -586.25 876.25 -3934.5 -1508.75 896.25 -3093.5 -1394.75 997 -2994.75 -3206.25 832.75 -2783.25 -812.5 971.75 -3852.75 -812.5 971.75 -3852.75 -586.25 832.75 -3934.5 -1531.75 896.25 -3052.25 -1395.25 997 -2992 -2967.25 832.75 -2874.5 -880.5 896.25 -3853.25 -688.5 916.25 -3976.75 -688.5 916.25 -3976.75 -1506.25 991.75 -3093 -1394.75 997 -2989 -3386.25 832.75 -2823.75 -819.75 896.25 -3870.25 -721.5 916.25 -3917 -721.5 916.25 -3917 -1529.5 991.75 -3051.5 -1393.5 997 -2986.5 -3454 832.75 -2845.25 -3454 832.75 -2845.25 -882.25 991.75 -3856 -721.5 971.75 -3917 -721.5 971.75 -3917 -1466.25 997.25 -3059.25 -1391.5 997 -2984.5 -3123 792.75 -1666.75 -821.5 991.75 -3873 -688.5 971.75 -3976.75 -688.5 971.75 -3976.75 -1483.5 997.25 -3032.5 -1389 997 -2983.25 -3191.75 792.75 -1522.25 -900.5 985 -3906.5 -900.5 985 -3906.5 -737 896.25 -3929 -1565.75 832.75 -3171.5 -1565.75 832.75 -3171.5 -1386.25 997 -2982.75 -3073 832.75 -1465.75 -840.5 985 -3919.5 -706 896.25 -3984 -1562 881.25 -3167.75 -1562 881.25 -3167.75 -1562 881.25 -3167.75 -1562 881.25 -3167.75 -1383.25 997 -2983.25 -3191.75 832.75 -1522.25 -836.5 995 -3909.25 -740.25 991.75 -3929.75 -1530 888.75 -3135.75 -1530 888.75 -3135.75 -1380.75 997 -2984.5 -3716 832.75 -2004.25 -893 992.5 -3896 -709.25 991.75 -3985 -1502.25 916.25 -3108 -1502.25 916.25 -3108 -1502.25 916.25 -3108 -1502.25 916.25 -3108 -1378.75 997 -2986.5 -3523.75 832.75 -1913.5 -900.25 832.75 -3725.75 -900.25 832.75 -3725.75 -755.5 985 -4004.25 -1498.25 886.25 -3104 -1498.25 886.25 -3104 -1377.5 997 -2989 -3497.75 832.75 -1793.5 -900.25 881.25 -3733 -900.25 881.25 -3733 -900.25 881.25 -3733 -900.25 881.25 -3733 -745.5 995 -4000 -1501.5 971.75 -3107.25 -1501.5 971.75 -3107.25 -1501.5 971.75 -3107.25 -1501.5 971.75 -3107.25 -1377 997 -2992 -3803.5 832.75 -1855.75 -900.25 888.75 -3793.25 -900.25 888.75 -3793.25 -776 992.5 -3950.5 -1424.25 981.75 -3030 -1424.25 981.75 -3030 -1386.25 998.25 -2992 -1386.25 998.25 -2992 -1386.25 998.25 -2992 -1386.25 998.25 -2992 -1386.25 998.25 -2992 -1386.25 998.25 -2992 -1386.25 998.25 -2992 -1386.25 998.25 -2992 -1386.25 998.25 -2992 -1386.25 998.25 -2992 -1386.25 998.25 -2992 -1386.25 998.25 -2992 -1386.25 998.25 -2992 -1386.25 998.25 -2992 -1386.25 998.25 -2992 -1386.25 998.25 -2992 -1386.25 998.25 -2992 -1386.25 998.25 -2992 -1386.25 998.25 -2992 -1386.25 998.25 -2992 -3123 832.75 -1666.75 -900.25 916.25 -3845.75 -900.25 916.25 -3845.75 -900.25 916.25 -3845.75 -900.25 916.25 -3845.75 -731.75 992.5 -4056.75 -1463 984.75 -3068.75 -1463 984.75 -3068.75 -3356.75 832.75 -1869 -900.25 886.25 -3853.25 -900.25 886.25 -3853.25 -692 991.75 -4045.75 -1490.25 997.25 -3001.25 -3373.5 832.75 -1945 -900.25 971.75 -3847 -900.25 971.75 -3847 -900.25 971.75 -3847 -900.25 971.75 -3847 -669.5 971.75 -4042.25 -669.5 971.75 -4042.25 -1542.25 991.75 -3006 -3368.25 832.75 -2054.75 -900.5 984.25 -3892.25 -900.5 984.25 -3892.25 -669.5 916.25 -4042.25 -669.5 916.25 -4042.25 -1438.25 991.75 -2996.5 -3342.75 832.75 -2178.75 -788.5 985 -3952.5 -788.5 985 -3952.5 -689 896.25 -4044.75 -1559.25 971.75 -3008.5 -1559.25 971.75 -3008.5 -3411.25 832.75 -2422.75 -778.5 984.25 -3942.75 -778.5 984.25 -3942.75 -632.75 901.25 -4042.75 -1559.25 916.25 -3008.5 -1559.25 916.25 -3008.5 -3488.25 832.75 -2230.5 -786.75 992.5 -3940 -576.25 896.25 -4040.5 -1544.75 896.25 -3006.75 -4147.25 832.75 -1270.5 -766.25 991.75 -3904 -549.5 876.25 -4042.25 -549.5 876.25 -4042.25 -1587 901.25 -3008.25 -3527.75 832.75 -2067 -746.5 971.75 -3910.75 -746.5 971.75 -3910.75 -746.5 971.75 -3910.75 -746.5 971.75 -3910.75 -549.5 832.75 -4042.25 -1629.25 896.25 -3010 -630.5 792.75 -3297.25 -2403 792.75 -3260 -752.75 971.75 -3885.75 -752.75 971.75 -3885.75 -1649.25 876.25 -3008.5 -1649.25 876.25 -3008.5 -137.75 792.75 -3271.75 -137.75 792.75 -3271.75 -2216 792.75 -3000.5 -745.5 916.25 -3909.75 -745.5 916.25 -3909.75 -745.5 916.25 -3909.75 -745.5 916.25 -3909.75 -1649.25 832.75 -3008.5 -191.25 792.75 -3202.75 -191.25 792.75 -3202.75 -3073 792.75 -1465.75 -752.75 916.25 -3885.75 -752.75 916.25 -3885.75 -1407.25 991.75 -3043.25 -585.25 792.75 -3614 -3004.25 792.75 -1610.25 -765 896.25 -3901 -1390.75 991.75 -3044 -73.75 792.75 -3428.5 -73.75 792.75 -3428.5 -3004.25 832.75 -1610.25 -751 886.25 -3915 -751 886.25 -3915 -1477 896.25 -3211 -66 792.75 -3498.75 -66 792.75 -3498.75 -3875 832.75 -1890.5 -726.5 901.25 -3859.75 -1404.25 896.25 -3235 -2475.25 832.75 -1734 -2475.25 832.75 -1734 -4430.25 792.75 -623 -708.5 888.75 -3872.75 -708.5 888.75 -3872.75 -1402.5 901.25 -3192.75 -3076 832.75 -2154.5 10 792.75 -3482 -666 881.25 -3830.25 -666 881.25 -3830.25 -666 881.25 -3830.25 -666 881.25 -3830.25 -1461.75 901.25 -3174.25 -2701 832.75 -2609.25 -688.25 896.25 -3818.5 -1402.75 832.75 -3255 -2173.75 832.75 -2099.75 -2173.75 832.75 -2099.75 -668 876.25 -3800.75 -668 876.25 -3800.75 -1402.75 876.25 -3255 -1402.75 876.25 -3255 -3260.5 832.75 -1746 -668 832.75 -3800.75 -1483.75 876.25 -3227.5 -1483.75 876.25 -3227.5 -3322 832.75 -1799 -660.75 832.75 -3825 -660.75 832.75 -3825 -1483.75 832.75 -3227.5 -3021.5 832.75 51.75 -3021.5 832.75 51.75 -1021.25 896.25 -3772.5 -1452 916.25 -3150.75 -1452 916.25 -3150.75 -3754.5 832.75 64.75 -1112.5 896.25 -3818.5 -1402.75 916.25 -3165 -1402.75 916.25 -3165 -3718.5 832.75 -523 -1074.25 901.25 -3859.75 -1402.75 971.75 -3165 -1402.75 971.75 -3165 -2992.25 832.75 -421.25 -2992.25 832.75 -421.25 -1001 901.25 -3821.25 -1452 971.75 -3150.75 -1452 971.75 -3150.75 -3698.25 832.75 651.25 -1132.75 832.75 -3800.75 -1401 896.25 -3150.5 -4344.5 832.75 765.5 -1132.75 876.25 -3800.75 -1132.75 876.25 -3800.75 -1446.5 896.25 -3137.5 -4402.75 832.75 76.25 -1030.5 876.25 -3750.25 -1030.5 876.25 -3750.25 -1399.75 991.75 -3148.25 -4411.75 832.75 877 -4411.75 832.75 877 -1030.5 832.75 -3750.25 -1445.25 991.75 -3135.5 -4396 832.75 942.75 -988 916.25 -3852.75 -988 916.25 -3852.75 -1395.25 997.25 -3096.25 -4458 832.75 956.25 -4458 832.75 956.25 -1047.75 916.25 -3885.75 -1047.75 916.25 -3885.75 -1426.25 997.25 -3089.25 -984 832.75 -2857.75 -984 832.75 -2857.75 -1047.75 971.75 -3885.75 -1047.75 971.75 -3885.75 -1386.25 832.75 -3246 -1386.25 832.75 -3246 -1112.5 832.75 -2802 -1112.5 832.75 -2802 -988 971.75 -3852.75 -988 971.75 -3852.75 -1386.25 881.25 -3240.5 -1386.25 881.25 -3240.5 -1386.25 881.25 -3240.5 -1386.25 881.25 -3240.5 -1068.5 832.75 -3012 -1035.75 896.25 -3901 -1386.25 888.75 -3195.5 -1386.25 888.75 -3195.5 -1612.75 832.75 -2755.5 -980.75 896.25 -3870.25 -1386.25 916.25 -3156 -1386.25 916.25 -3156 -1386.25 916.25 -3156 -1386.25 916.25 -3156 -1818.5 832.75 -2414 -1818.5 832.75 -2414 -1035 991.75 -3904.25 -1386.25 886.25 -3150.5 -1386.25 886.25 -3150.5 -1712.5 832.75 -2985.25 -980 991.75 -3873.5 -1386.25 971.75 -3155 -1386.25 971.75 -3155 -1386.25 971.75 -3155 -1386.25 971.75 -3155 -1418.5 832.75 -2668.75 -1418.5 832.75 -2668.75 -1012.25 985 -3952.75 -1012.25 985 -3952.75 -1386.25 981.75 -3046 -1386.25 981.75 -3046 -3454 792.75 -2845.25 -3454 792.75 -2845.25 -960.5 985 -3919.75 -1386.25 984.75 -3100.5 -1386.25 984.75 -3100.5 -3386.25 792.75 -2823.75 -964.75 995 -3909.5 -1453.25 997.25 -3072.25 -3388 792.75 -2752.5 -1014.5 992.5 -3940.25 -1486.75 991.75 -3112.25 -3505.5 792.75 -2782.75 -3505.5 792.75 -2782.75 -1140 832.75 -3825 -1140 832.75 -3825 -1419.75 991.75 -3032 -2976 832.75 523.75 -2976 832.75 523.75 -1134.75 881.25 -3830.25 -1134.75 881.25 -3830.25 -1134.75 881.25 -3830.25 -1134.75 881.25 -3830.25 -1496.75 971.75 -3126 -1496.75 971.75 -3126 -2889.75 832.75 -884.25 -2889.75 832.75 -884.25 -1092.25 888.75 -3872.75 -1092.25 888.75 -3872.75 -1496.75 916.25 -3126 -1496.75 916.25 -3126 -3591 832.75 -1098.5 -1055 916.25 -3909.75 -1055 916.25 -3909.75 -1055 916.25 -3909.75 -1055 916.25 -3909.75 -1487.75 896.25 -3114.5 -510.75 832.75 -2896.5 -1049.75 886.25 -3915 -1049.75 886.25 -3915 -1516.5 901.25 -3145.5 -343.25 832.75 -2960 -1054 971.75 -3910.75 -1054 971.75 -3910.75 -1054 971.75 -3910.75 -1054 971.75 -3910.75 -1545.25 896.25 -3176.5 -338.5 822.75 -2948.75 -1022.25 984.25 -3942.75 -1022.25 984.25 -3942.75 -1560.5 876.25 -3189.75 -1560.5 876.25 -3189.75 -508.75 822.75 -2884.25 -908 992.5 -3896 -1560.5 832.75 -3189.75 -199.5 832.75 -3068 -919 991.75 -3856.25 -1364.75 991.75 -3043.25 -192.5 822.75 -3058.5 -922.5 971.75 -3833.75 -922.5 971.75 -3833.75 -1352.5 991.75 -3032 -111.75 832.75 -3185.75 -922.5 916.25 -3833.75 -922.5 916.25 -3833.75 -1295.5 896.25 -3211 -99.75 822.75 -3182.75 -99.75 822.75 -3182.75 -920.25 896.25 -3853.25 -1227 896.25 -3176.5 18.75 832.75 -3608 -922.25 901.25 -3796.75 -1255.75 901.25 -3145.5 4.25 832.75 -3819 4.25 832.75 -3819 -924.25 896.25 -3740.5 -1310.5 901.25 -3174.25 14.25 822.75 -3820.75 14.25 822.75 -3820.75 -922.5 876.25 -3713.75 -922.5 876.25 -3713.75 -1211.75 832.75 -3189.75 29 822.75 -3606.5 -922.5 832.75 -3713.75 -1211.75 876.25 -3189.75 -1211.75 876.25 -3189.75 -45.75 822.75 -4026.75 -1192.25 896.25 -3943.5 -1288.5 876.25 -3227.5 -1288.5 876.25 -3227.5 -54.75 832.75 -4022 -1224.5 896.25 -4040.5 -1288.5 832.75 -3227.5 -154.5 832.75 -4203 -1168 901.25 -4042.75 -1320.25 916.25 -3150.75 -1320.25 916.25 -3150.75 -147 822.75 -4210.75 -1143.5 901.25 -3963.75 -1275.5 916.25 -3126 -1275.5 916.25 -3126 -288.25 832.75 -4350 -1251.25 832.75 -4042.25 -1275.5 971.75 -3126 -1275.5 971.75 -3126 -282.75 822.75 -4360 -1251.25 876.25 -4042.25 -1251.25 876.25 -4042.25 -1320.25 971.75 -3150.75 -1320.25 971.75 -3150.75 -446.5 832.75 -4453 -1214.5 876.25 -3934.5 -1214.5 876.25 -3934.5 -1284.5 896.25 -3114.5 -443.25 822.75 -4464.5 -1214.5 832.75 -3934.5 -1325.75 896.25 -3137.5 -618.75 832.75 -4504.75 -1112 916.25 -3976.75 -1112 916.25 -3976.75 -1285 991.75 -3112 -618.25 822.75 -4517 -1131.25 916.25 -4042.25 -1131.25 916.25 -4042.25 -1326.5 991.75 -3135.25 -793 832.75 -4501.75 -1131.25 971.75 -4042.25 -1131.25 971.75 -4042.25 -1318.75 997.25 -3072 -795.25 822.75 -4514 -1112 971.75 -3976.75 -1112 971.75 -3976.75 -1345.75 997.25 -3089.25 -1491.25 822.75 -4333.75 -1111.75 896.25 -4044.75 -1206.5 832.75 -3171.5 -1206.5 832.75 -3171.5 -1487.25 832.75 -4322 -1094.5 896.25 -3984 -1210.5 881.25 -3167.75 -1210.5 881.25 -3167.75 -1210.5 881.25 -3167.75 -1210.5 881.25 -3167.75 -2145 832.75 -4036 -1109 991.75 -4046.5 -1242.25 888.75 -3135.75 -1242.25 888.75 -3135.75 -2150.75 822.75 -4046.75 -1091.75 991.75 -3985.75 -1270 916.25 -3108 -1270 916.25 -3108 -1270 916.25 -3108 -1270 916.25 -3108 -2750 832.75 -3650.5 -1058.5 985 -4064.75 -1058.5 985 -4064.75 -1274 886.25 -3104 -1274 886.25 -3104 -2757.5 822.75 -3660.5 -1045.25 985 -4004.75 -1270.75 971.75 -3107.25 -1270.75 971.75 -3107.25 -1270.75 971.75 -3107.25 -1270.75 971.75 -3107.25 -3287 832.75 -3175.25 -1055.5 995 -4000.5 -1348 981.75 -3030 -1348 981.75 -3030 -3296 822.75 -3184 -1069 992.5 -4057.25 -1309.5 984.75 -3068.75 -1309.5 984.75 -3068.75 -3753.5 822.75 -2629 -1239.25 832.75 -4064.5 -1239.25 832.75 -4064.5 -1376.75 997.25 -3096 -3591.25 822.75 -2825.75 -1231.75 881.25 -4064.5 -1231.75 881.25 -4064.5 -1231.75 881.25 -4064.5 -1231.75 881.25 -4064.5 -1372.25 991.75 -3148 -3582 832.75 -2817.75 -1171.75 888.75 -4064.5 -1171.75 888.75 -4064.5 -1381.5 991.75 -3044 -3743.25 832.75 -2622 -1119.25 916.25 -4064.5 -1119.25 916.25 -4064.5 -1119.25 916.25 -4064.5 -1119.25 916.25 -4064.5 -1369.5 971.75 -3165 -1369.5 971.75 -3165 -4107.5 832.75 -2003.75 -1111.75 886.25 -4064.5 -1111.75 886.25 -4064.5 -1369.5 916.25 -3165 -1369.5 916.25 -3165 -4118.5 822.75 -2009.25 -1117.75 971.75 -4064.5 -1117.75 971.75 -4064.5 -1117.75 971.75 -4064.5 -1117.75 971.75 -4064.5 -1371.25 896.25 -3150.5 -4370.25 832.75 -1336.75 -1072.5 984.25 -4064.5 -1072.5 984.25 -4064.5 -1369.75 901.25 -3192.75 -4382 822.75 -1340.25 -1025 992.5 -3950.75 -1368.25 896.25 -3235 -4525.5 832.75 -636.25 -1060.75 991.75 -3930.5 -1369.5 876.25 -3255 -1369.5 876.25 -3255 -4537.75 822.75 -638 -1079.25 971.75 -3917 -1079.25 971.75 -3917 -1369.5 832.75 -3255 -4581.75 822.75 79.5 -1079.25 916.25 -3917 -1079.25 916.25 -3917 -1334.75 991.75 -3013 -4569.25 832.75 79.25 -1063.75 896.25 -3929 -1334 991.75 -2996.5 -4500.75 832.75 793 -1105 901.25 -3890.75 -1167.25 896.25 -3082.5 -4513 822.75 795.25 -1146.5 896.25 -3852.25 -1143 896.25 -3010 -4467.75 822.75 969.25 -4467.75 822.75 969.25 -1164 876.25 -3832.25 -1164 876.25 -3832.25 -1185.5 901.25 -3008.25 -4393.5 822.75 953.25 -1164 832.75 -3832.25 -1203.75 901.25 -3067.5 -2854.75 822.75 618.5 -1192.25 896.25 -4185.5 -1123 832.75 -3008.5 -3661.25 822.75 794 -1146.5 896.25 -4276.75 -1123 876.25 -3008.5 -1123 876.25 -3008.5 -3663.75 832.75 783.5 -1105 901.25 -4238.25 -1150.5 876.25 -3089.5 -1150.5 876.25 -3089.5 -2869.25 832.75 610.75 -2869.25 832.75 610.75 -1143.5 901.25 -4165.25 -1150.5 832.75 -3089.5 -2883.5 822.75 507.25 -1164 832.75 -4297 -1227.25 916.25 -3057.75 -1227.25 916.25 -3057.75 -2895.75 832.75 509.5 -1164 876.25 -4297 -1164 876.25 -4297 -1213 916.25 -3008.5 -1213 916.25 -3008.5 -2927.5 822.75 50 -1214.5 876.25 -4194.75 -1214.5 876.25 -4194.75 -1213 971.75 -3008.5 -1213 971.75 -3008.5 -2940 832.75 50.25 -1214.5 832.75 -4194.75 -1227.25 971.75 -3057.75 -1227.25 971.75 -3057.75 -2911.5 832.75 -409.75 -1112 916.25 -4152.25 -1112 916.25 -4152.25 -1227.75 896.25 -3006.75</float_array>
                    <technique_common>
                        <accessor count="1414" source="#ID97" stride="3">
                            <param name="X" type="float"/>
                            <param name="Y" type="float"/>
                            <param name="Z" type="float"/>
                        </accessor>
                    </technique_common>
                </source>
                <source id="ID98">
                    <float_array id="ID99" count="4221">0 1 -0 -0.736239 0 -0.676722 -0.945754 0 -0.324883 -0.843849 0 -0.536581 -0.96464 0 -0.26357 0.92831 0 0.371807 0.945059 0 0.326901 0.959667 0 0.281138 0.996094 0 -0.0882949 0.988619 0 -0.150438 0.998114 0 0.0613828 0.945608 0 -0.325309 -0.829325 0 0.558766 -0.746914 0 0.66492 -0.928783 0 0.370623 -0.604046 0 0.79695 0.464169 0 -0.885746 0.560478 0 -0.828169 0.620223 0 -0.784425 0.322499 0.942345 0.0893295 0.304817 0.942241 0.138814 0.3599 0.898307 0.252027 0.158593 0.975396 0.153135 0.450403 0.779733 0.434919 0.206513 0.943378 0.259597 0.363212 0.779988 0.509603 0.163448 0.943285 0.288961 0.280097 0.77857 0.561582 0.0870841 0.968667 0.232597 0.188972 0.778492 0.598531 0.0956158 0.942456 0.320367 0.202592 0.774861 0.598788 0.148457 0.941716 0.30188 0.334707 0.769644 0.543709 0.23267 0.938742 0.25422 0.484655 0.757457 0.437457 0.374676 0.884039 0.279451 0.528159 0.752069 0.39426 -0.174253 0 -0.984701 -0.17472 0 -0.984618 -0.236733 0 -0.971575 -0.175032 0 -0.984563 -0.109091 0 -0.994032 0.0861892 0 -0.996279 -0.0426875 0 -0.999088 0.148674 0 -0.988886 -0.598492 0.785864 0.155642 -0.610604 0.782013 0.124975 -0.422684 0.899539 0.110307 -0.280539 0.958916 0.0421596 0.975441 0 -0.220261 0.98413 0 -0.177449 0.990952 -0 -0.134216 -0.687155 0.722426 0.0769333 -0.994631 0.0224737 0.101011 -0.881684 0.463267 0.0895407 -0.995868 0.00113511 0.0908086 1 -0 -0 0.999541 0 -0.0302974 0.998162 0 -0.0605948 -0.247748 0.968822 -0.00224093 -0.624721 0.780375 0.027183 0.648972 0.71175 -0.26879 0.461163 0.866514 -0.191003 0.577529 0.72335 -0.378451 0.289984 0.930313 -0.224558 0.456939 0.741636 -0.491103 0.21825 0.935143 -0.27906 0.302536 0.759671 -0.575649 0.129662 0.939458 -0.317185 0.120192 0.772057 -0.624085 0.0290311 0.942328 -0.33343 -0.0843111 0.77886 -0.621505 -0.029514 0.975619 -0.217476 -0.0855722 0.958711 -0.271202 0.995729 0 -0.0923286 0.999144 0 -0.0413588 0.999951 0 0.00985286 -0.996087 0 0.0883817 -0.999859 0 0.0168002 -0.999859 0 0.0168002 -0.990978 0 -0.134026 -0.97617 0 -0.217006 -0.929213 0 -0.369546 -0.898253 0 -0.439478 -0.862031 0 -0.506856 -0.861796 0 -0.507255 -0.844716 0 -0.535214 -0.826971 0 -0.562245 -0.231104 0 -0.972929 -0.294667 0 -0.9556 -0.028664 0 -0.999589 -0.356686 0 -0.934224 0.385606 0 0.922663 0.425829 0 0.904804 0.305223 0 0.952281 0.431739 0 0.901998 0.144162 0.729145 0.669003 0.102577 0.874772 0.473553 0.144387 0.731323 0.666572 0.0776644 0.930992 0.356681 0.972806 0 -0.231621 0.9727 0 -0.232065 0.972594 0 -0.232509 0.1443 0.733491 0.664205 0.102459 0.875832 0.471615 -0.304351 0.652548 0.693939 -0.672313 0.662612 0.33006 -0.581871 0.515242 0.629247 -0.782565 0.489253 0.384998 -0.55269 0 0.833387 -0.464859 0 0.885385 -0.429638 0 0.903001 -0.903005 0 -0.42963 -0.903005 0 -0.42963 0.429638 -0 -0.903001 0.310104 0 0.950703 0.25595 0 0.96669 0.397675 0 0.917526 0.129815 0 0.991538 -0.808381 0 -0.58866 0.689156 0 0.724613 0.82373 0 0.566982 0.748868 0 0.662719 0.843741 0 0.536751 0.862448 0 0.506146 0.862277 0 0.506436 -0.988592 0 -0.150616 -0.999192 0 0.0402013 -0.995061 0 -0.0992624 -0.991702 0 0.128558 0.988835 0 0.149017 0.0505198 0 0.998723 -0.130884 0 0.991398 0.265127 0 0.964213 -0.302478 0 0.953156 0.622279 0.777869 0.0876809 0.599326 0.775041 0.200299 0.557435 0.777853 0.290192 0.510301 0.782198 0.357433 -0.238448 0.943477 -0.230203 -0.685387 0.499671 0.529693 -0.701273 0.615067 0.360429 -0.534301 0 0.845294 -0.798791 0.344084 0.493497 -0.488666 0.774055 -0.402548 -0.524196 0.777727 -0.346928 -0.48695 0.775759 -0.401345 -0.268023 0.942762 -0.198401 -0.171741 0.974931 -0.141473 0.250461 0 -0.968127 0.389587 0 -0.92099 0.0574123 0 0.998351 -0.0825475 0 0.996587 -0.150115 0 0.988669 -0.216682 0 0.976242 0.624528 0.780928 -0.010714 0.43917 0.898373 -0.00748824 0.218359 0.975384 0.0307457 0.79297 0 -0.609261 0.737158 0 -0.675721 0.900015 0 -0.435859 -0.996087 0 0.0883816 -0.981799 0 -0.189921 -0.876798 0 -0.480859 -0.707107 0 -0.707107 -0.707107 0 -0.707107 -0.193175 0.942992 -0.271015 -0.388597 0.781216 -0.488563 -0.448261 0.782139 -0.432805 0.654152 0 -0.756363 0.650231 0 -0.759737 0.646292 0 -0.76309 0.523126 0 -0.852255 0.692499 0.713636 0.105683 0.49176 0.86752 0.0747047 0.697657 0.715871 0.028336 0.247577 0.968817 0.00992885 0.501005 0.864758 -0.0344604 -0.421246 0 0.906947 -0.17174 0.974931 -0.141474 -0.394593 0 -0.918856 -0.428991 0 -0.903309 -0.298957 0 -0.954267 -0.955916 0 0.293641 0.241383 0.967891 -0.0701557 0.677936 0.708164 -0.197247 0.989809 0 0.142402 0.974707 0 0.223486 0.217184 0.974474 -0.0568432 0.327143 0.942597 -0.066993 0.612233 0.774477 -0.159237 0.618834 0.780065 -0.0924336 0.898026 0 0.439943 0.928944 0 0.370221 0.953539 0 0.301269 0.953933 0 0.300018 -0.57467 0.775382 -0.261794 -0.296169 0.942614 -0.154148 -0.608043 0.77578 -0.168668 -0.317871 0.942149 -0.106363 -0.623351 0.778703 -0.0711043 -0.329316 0.942607 -0.0551549 0.145505 0.729193 0.66866 0.144794 0.732062 0.665672 0.102984 0.874783 0.473444 0.0663899 0.94995 0.305265 -0.972199 0 0.234158 -0.972199 0 0.234158 0.624838 0 0.780754 0.249317 0 -0.968422 0.249317 0 -0.968422 0.112801 0 -0.993618 -0.149692 0.942109 -0.300038 -0.22084 0.776746 -0.589827 -0.310685 0.775655 -0.549394 -0.196116 -0 0.980581 -0.205682 -0.00248969 0.978616 -0.209827 -0.0016598 0.977737 -0.216667 -0.00248957 0.976243 -0.218105 0 0.975925 0.250479 0.0101546 -0.968069 0.229851 0.00348293 -0.97322 0.223389 0.00232187 -0.974727 0.209774 -0.00159522 -0.977749 0.210439 0 -0.977607 -0.174877 0 -0.98459 -0.303204 0 0.952926 0.972488 0 -0.232953 0.210327 0 -0.977631 -0.722154 0.691458 -0.0194722 -0.562738 0 -0.826636 -0.513521 0 -0.858077 0.702039 0.710497 -0.0483317 0.421324 0.691577 -0.586692 0.520456 0.84177 -0.143348 0.418494 0.878267 -0.231321 0.569553 0.78156 0.254507 0.284694 0.953297 0.100865 0.415089 0.829036 0.3747 0.0370193 0.937836 0.345099 -0.140745 0.711146 0.688813 -0.37737 0.859625 0.344438 -0.435088 0.714671 0.547672 -0.665614 0.746258 0.00759021 -0.46772 -0.214372 -0.857486 -0.0715194 -0.506194 -0.859449 0.0271808 -0.584214 -0.811144 0.246563 -0.687078 -0.683469 0.249321 -0.690719 -0.678782 0.299891 -0.691855 -0.656812 0.501077 -0.617011 -0.606811 0.285148 -0.690134 -0.665136 0.654813 -0.510152 -0.557643 0.342726 0.87698 0.336817 0.292334 0.891993 0.344804 0.192642 0.940061 0.28138 0.85959 -0.214897 -0.463599 0.858951 -0.507442 -0.0685967 0.81023 -0.585384 0.029188 0.682207 -0.688166 0.247026 0.678043 -0.691139 0.250169 0.656947 -0.691124 0.301277 0.607852 -0.614703 0.502648 0.666142 -0.688421 0.286935 0.559688 -0.506641 0.655793 -0.334378 0.878092 0.342265 -0.343957 0.892033 0.293209 -0.279376 0.940651 0.192678 -0.85959 -0.214897 0.463599 -0.858951 -0.507442 0.0685967 -0.810177 -0.585411 -0.0301054 -0.681669 -0.688092 -0.24871 -0.677785 -0.691045 -0.251126 -0.657316 -0.691025 -0.300698 -0.608331 -0.614513 -0.502302 -0.666765 -0.688262 -0.285866 -0.55884 -0.50571 -0.657233 0.334937 0.878175 -0.341504 0.344804 0.891993 -0.292334 0.28046 0.940425 -0.192205 0.933706 -0.220539 0.282057 0.655854 -0.507027 0.559267 0.553187 -0.583778 0.594296 0.310104 -0.685944 0.658268 0.303259 -0.690201 0.657006 0.251611 -0.691053 0.677597 0.0730577 -0.614692 0.785377 0.268557 -0.687774 0.674422 -0.0715194 -0.506194 0.859449 -0.48084 0.876798 0.00424404 -0.451413 0.891541 -0.0371476 -0.335245 0.940055 -0.0625106 0.282391 -0.215364 -0.934812 0.559688 -0.506641 -0.655793 0.594113 -0.584362 -0.552766 0.657143 -0.687512 -0.309015 0.656245 -0.690801 -0.303539 0.676985 -0.691483 -0.252076 0.784612 -0.615494 -0.0745143 0.672612 -0.689409 -0.268901 0.858951 -0.507442 0.0685967 0.00504931 0.878493 0.477729 -0.0371476 0.891541 0.451413 -0.0620357 0.940595 0.333816 0.463599 -0.214897 0.85959 0.0712475 -0.50592 0.859633 -0.0274961 -0.58395 0.811324 -0.24571 -0.687217 0.683637 -0.250528 -0.690711 0.678347 -0.301445 -0.689657 0.65841 -0.504025 -0.611752 0.609686 -0.28935 -0.684119 0.66952 -0.658274 -0.502559 0.560455 -0.340998 0.878031 -0.335832 -0.291301 0.891944 -0.345802 -0.191392 0.940449 -0.280936 -0.27988 -0.212806 0.936152 -0.55884 -0.50571 0.657233 -0.594239 -0.583927 0.55309 -0.657883 -0.687446 0.307586 -0.656639 -0.690712 0.302889 -0.676758 -0.691377 0.252977 -0.784393 -0.615601 0.075911 -0.672264 -0.689234 0.270218 -0.858951 -0.507442 -0.0685967 -0.00434529 0.876885 -0.480681 0.0371476 0.891541 -0.451413 0.0627083 0.939922 -0.33558 -0.936152 -0.212806 -0.27988 -0.657233 -0.50571 -0.55884 -0.55309 -0.583927 -0.594239 -0.307586 -0.687446 -0.657883 -0.302108 -0.690729 -0.656981 -0.251652 -0.691018 -0.677618 -0.0734502 -0.614501 -0.78549 -0.266934 -0.687997 -0.674838 0.0712475 -0.50592 -0.859633 0.476332 0.879255 -0.00442272 0.446906 0.893812 0.0370876 0.33228 0.941103 0.0625691 0.0859994 0.111376 -0.99005 0.182811 0.0560386 -0.98155 0.46591 0.041157 -0.883874 0.747257 0 -0.664536 0.91557 0 -0.40216 0.932005 0 -0.362446 0.990735 0.0329445 0.131755 0.996531 0 0.0832155 0.825711 0.0591575 0.560983 -0.0875719 0.11657 0.989314 -0.189689 0.0586919 0.980088 -0.469866 0.0430142 0.881689 -0.748853 0 0.662736 -0.914946 0 0.403577 -0.931596 0 0.363496 -0.990781 0.0329503 -0.131403 -0.996561 0 -0.082863 -0.825711 0.0591575 -0.560983 0.989389 0.116497 0.0868225 0.980433 0.0586487 0.187914 0.882296 0.0430006 0.468727 0.66339 0 0.748273 0.402729 0 0.915319 0.361765 0 0.932269 -0.134004 0.0318651 0.990468 -0.086609 0 0.996242 -0.562875 0.0572078 0.82456 0.759782 0.117492 -0.639474 0.825711 0.0591575 -0.560983 0.95534 0.0433981 -0.292303 0.998106 0 0.061521 0.931834 0 0.362886 0.915475 0 0.402375 0.607905 0.0326624 0.793338 0.645948 0 0.763381 0.187914 0.0586487 0.980433 -0.759782 0.117492 0.639474 -0.825711 0.0591575 0.560983 -0.955279 0.0433915 0.292506 -0.998136 0 -0.0610308 -0.931767 0 -0.363056 -0.915041 0 -0.403361 -0.605655 0.0312505 -0.795113 -0.642627 0 -0.766179 -0.184543 0.0560809 -0.981223 -0.989374 0.116118 -0.0874987 -0.980381 0.058455 -0.188246 -0.882197 0.042856 -0.468927 -0.66339 0 -0.748273 -0.402729 0 -0.915319 -0.361765 0 -0.932269 0.131469 0.0319705 -0.990805 0.0842499 0 -0.996445 0.558613 0.0574695 -0.827435 0.635205 0.114185 0.763856 0.558613 0.0574695 0.827435 0.291256 0.0421122 0.955718 -0.0595922 0 0.998223 -0.361765 0 0.932269 -0.402729 0 0.915319 -0.793939 0.0326464 0.60712 -0.764017 0 0.645197 -0.980433 0.0586487 0.187914 0.0317385 0.796412 -0.603921 0.257634 0.77118 -0.582156 0.137691 0.924425 -0.35564 0.303772 0.928498 -0.213573 0.00277763 0.999996 0.00100089 0.192491 0.964869 0.178815 -0.0379849 0.995694 0.0845567 0.546973 0.714529 0.436198 0.00612125 0.74473 0.667338 0.346103 0.857918 0.379723 -0.127287 0.922879 0.363445 0.34936 0.936439 -0.0320985 0.100481 0.953828 -0.283049 0.37753 0.830358 -0.40985 0.255615 0.779902 -0.571326 0.0797192 0.713902 0.695693 -0.466058 0.745457 0.476533 -0.0230306 0.858391 0.51248 -0.347028 0.922859 0.167044 0.26848 0.937167 0.222792 0.271537 0.953741 -0.12902 0.555589 0.831134 -0.0231684 0.583622 0.780868 -0.22278 -0.45102 0.79451 0.406613 -0.593143 0.771583 0.229869 -0.349308 0.924233 0.154199 -0.365277 0.928667 -0.0644277 -0.00115471 0.999996 -0.00264731 -0.00960727 0.964805 -0.262791 0.0867369 0.995685 -0.0329831 -0.27975 0.744482 0.606207 -0.391192 0.898026 0.20129 -0.23236 0.876376 -0.42187 -0.144517 0.836799 -0.528093 0.537906 0.841191 -0.0552723 0.40453 0.797075 0.44836 0.382467 0.922265 0.0560818 0.153827 0.924677 0.348295 0.18161 0.970136 -0.160792 -0.0026751 0.999996 0.00127295 0.0627811 0.981789 -0.179303 -0.0328856 0.995701 -0.086591 -0.550535 0.711331 -0.436943 -0.00828305 0.743631 -0.668539 -0.346219 0.858366 -0.378604 0.127195 0.922584 -0.364225 -0.344399 0.938192 0.0344265 -0.100885 0.953435 0.284224 -0.373705 0.831921 0.410186 -0.255487 0.780502 0.570563 0.228942 0.771376 0.593772 -0.0640344 0.928628 0.365446 -0.262631 0.964847 0.00975898 0.0560518 0.838609 0.541842 -0.0566156 0.921208 0.384928 0.161137 0.969881 0.182662 0.179102 0.981804 0.0631081 -0.603581 0.796698 -0.0310321 -0.581144 0.772013 -0.257423 -0.354764 0.92475 -0.137766 -0.213019 0.928775 -0.303315 0.00104834 0.999996 -0.00267568 0.178163 0.965162 -0.191627 0.0846102 0.995686 0.038085 0.69613 0.713688 -0.0778062 0.477697 0.743927 0.467311 0.510904 0.859268 0.0252264 0.16725 0.922613 0.34758 0.216616 0.938193 -0.269947 -0.13093 0.952559 -0.274751 -0.0306489 0.828068 -0.559789 -0.222527 0.778826 -0.58644 0.341869 0.839851 -0.421634 0.605247 0.795425 0.0312223 0.310883 0.921698 -0.232001 0.356418 0.924 0.138526 0.0149714 0.969847 -0.243254 -0.00128746 0.999996 0.00269467 -0.0824894 0.981715 -0.171556 -0.0847662 0.995675 -0.0380152 0.279191 0.74416 -0.606859 0.390551 0.898659 -0.199708 0.231093 0.878149 0.418868 0.145185 0.842681 0.518469 -0.341869 0.839851 0.421634 -0.31044 0.922148 0.230802 -0.0150397 0.97024 0.241679 0.0815797 0.981772 0.171666 0.764017 -0 -0.645197 0.793849 0.0325365 -0.607244 0.402729 0 -0.915319 0.361765 0 -0.932269 0.0581471 0 -0.998308 -0.294699 0.0419666 -0.954668 -0.562875 0.0572078 -0.82456 -0.639481 0.113662 -0.760358 -0.699779 0.709719 0.081287 -0.478958 0.742761 -0.467874 -0.514629 0.85713 -0.0220219 -0.166852 0.922477 -0.348132 -0.222369 0.937023 0.269331 0.129132 0.953715 0.271575 0.0231684 0.831134 0.555589 0.223033 0.780464 0.584066 -0.230484 0.743655 -0.627578 0.134209 0.898308 -0.418366 0.463614 0.875747 0.134647 0.47556 0.837314 0.269719 -0.419109 0.841291 -0.341433 -0.230785 0.92194 -0.311071 -0.24318 0.96986 -0.0153198 -0.171481 0.981759 0.082125 -0.0552723 0.841191 -0.537906 0.449323 0.796656 -0.404287 0.0563824 0.922629 -0.381546 0.349153 0.924368 -0.153736 -0.159731 0.970416 -0.181051 0.00100684 0.999996 0.00281027 -0.17875 0.981846 -0.0634586 -0.0869013 0.995667 0.0330875 0.230831 0.744307 0.626677 -0.134842 0.898564 0.417611 -0.45687 0.879429 -0.133695 -0.466378 0.842745 -0.268834 -0.404373 0.796318 -0.449845 -0.228423 0.772531 -0.592468 -0.153528 0.924613 -0.348598 0.0640245 0.928787 -0.365043 0.00264359 0.999996 -0.00127917 0.261074 0.965272 -0.00947616 0.0328881 0.9957 0.0866024 -0.53819 0.841056 0.0545625 -0.38324 0.921875 -0.0572061 -0.182578 0.969893 0.161164 -0.0628717 0.981773 0.179355 0.66711 0.744913 -0.00824386 0.604044 0.746505 0.279037 0.362563 0.923216 0.127361 0.198939 0.898805 0.390605 -0.286179 0.952752 -0.10181 -0.424486 0.875173 0.232129 -0.577695 0.774361 -0.258134 -0.526068 0.83776 0.146323 0.437382 0.711914 -0.549432 0.379488 0.858572 -0.344736 -0.0352049 0.938029 -0.344765 -0.415674 0.828656 -0.374893 0.594843 0.770415 -0.229396 0.365481 0.928562 0.064786 0.00955326 0.965231 0.261222 0.583836 0.769534 0.258753 0.212931 0.928245 0.304994 -0.178569 0.964975 0.19219 0.46703 0.744451 -0.477153 0.624599 0.746004 -0.230984 0.346693 0.922982 -0.167061 0.417227 0.898643 0.135509 -0.275755 0.952258 0.131009 -0.133676 0.87636 0.462736 -0.589025 0.77643 0.224066 -0.263041 0.841016 0.472759 -0.0778062 0.713688 -0.69613 0.0250886 0.857897 -0.513209 -0.271491 0.936677 -0.221199 -0.562702 0.826196 0.0276994 -0.625997 0.744569 0.231828 -0.417777 0.898487 -0.134842 0.132061 0.876342 -0.463232 0.261904 0.84067 -0.474004 0.418657 0.841091 0.342479 -0.0319235 0.796552 0.603727 0.229934 0.922258 0.310758 -0.137526 0.924766 0.354816 0.240936 0.970427 0.0148597 -0.00280974 0.999996 -0.000944777 0.169919 0.982025 -0.0821911 0.0379309 0.995693 -0.0846019 -0.25694 0.77295 0.580112 -0.303206 0.928995 0.212212 -0.191668 0.965139 -0.178241 0.116432 0.00537823 -0.993184 -0.347797 0 -0.93757 -0.41551 0 -0.909588 -0.695837 0 -0.7182 -0.864035 0.00804012 -0.503368 -0.964618 0.0112132 -0.263414 -0.957857 0.0224185 -0.28637 0.371181 0.877841 0.302687 0.31291 0.865138 0.391949 -0.476963 0.877536 0.0493647 -0.497282 0.86577 -0.0561423 0.0486273 0.878743 0.474812 -0.0552051 0.867205 0.494881 -0.0495783 0.877521 -0.476968 0.0559308 0.865606 -0.497592 0.173823 0.70672 -0.685808 -0.200355 0.898444 -0.390712 -0.400405 0.72917 -0.554966 -0.606459 0.744135 -0.280126 -0.363227 0.922922 -0.127601 -0.301816 0.877737 0.372136 -0.391297 0.865785 0.311936 -0.369039 0.879456 -0.300612 -0.309957 0.868036 -0.387866 0.300118 0.878545 -0.371603 0.389401 0.866841 -0.311374 0.472413 0.879976 -0.0496735 0.494787 0.867259 0.055208 0.289104 0.0224529 0.957034 0.265914 0.0112305 0.963931 0.619223 0.00609164 0.785192 0.609622 0 0.792692 0.908694 0 0.417462 0.879904 0.0237812 0.474555 0.867763 0.0118953 0.496836 0.992939 0.00645937 0.118452 0.991364 0 0.131138 0.937199 0 -0.348795 -0.879904 0.0237812 -0.474555 -0.867763 0.0118953 -0.496836 -0.993146 0.0064642 -0.116705 -0.991593 0 -0.129395 -0.93675 0 0.35 0.400378 0.729163 0.554994 -0.17814 0.70468 0.686799 0.957857 0.0224185 -0.28637 0.964618 0.0112132 -0.263414 0.785001 0.00608975 -0.619465 0.792424 0 -0.609971 0.415204 0 -0.909729 -0.478759 0.0197686 0.877724 -0.49748 0.00988702 0.867419 -0.119349 0.00536881 0.992838 -0.13002 0 0.991511 0.348157 0 0.937436 -0.28637 0.0224185 -0.957857 -0.263414 0.0112132 -0.964618 -0.619465 0.00608975 -0.785001 -0.609971 0 -0.792424 -0.909103 0 -0.416571 0.107471 0.729109 -0.675907 0.610594 0.705044 -0.360677 0.474596 0.0198194 -0.87998 0.49326 0.00991241 -0.869825 0.127046 0 -0.991897 0.554966 0.72917 -0.400405 0.685064 0.70683 0.176289 -0.957034 0.0224529 0.289104 -0.963931 0.0112305 0.265914 -0.785192 0.00609164 0.619223 -0.792692 0 0.609622 -0.417462 0 0.908694 0.676017 0.72847 0.111055 0.360392 0.704253 0.611674 0.474596 0.0198194 0.87998 0.253562 0.00710152 0.967293 0.49326 0.00991241 0.869825 -0.0163756 0 0.999866 -0.348795 0 0.937199 0.957034 0.0224529 0.289104 0.863627 0.0080439 0.504068 0.963931 0.0112305 0.265914 0.696926 0 0.717143 0.417156 0 0.908835 -0.689396 0.710059 -0.143347 0.5882 0.692037 0.418456 0.259971 0.856966 0.444999 0.59539 0.801372 0.0575637 -0.13172 0.8559 0.500085 0.381073 0.800605 0.462402 -0.424045 0.685007 0.592412 0.49883 0.856906 0.129924 0.460898 0.800987 -0.382089 -0.388726 0.706807 -0.591029 0.121157 0.685756 0.717676 0.140864 0.71074 -0.689207 0.442992 0.857803 -0.260637 0.0554069 0.801402 -0.595554 -0.592007 0.705499 0.389613 0.721809 0.682651 -0.113928 0.129562 0.857614 -0.497707 -0.382089 0.800987 -0.460898 -0.260615 0.856146 -0.4462 -0.595408 0.801375 -0.0573308 0.387176 0.707023 0.591788 0.879904 0.0237812 -0.474555 0.96656 0.00852831 -0.256299 0.867763 0.0118953 -0.496836 0.999904 0 0.0138532 -0.120564 0.683669 -0.719765 -0.359793 0.703276 -0.613149 -0.675983 0.728676 -0.109904 0.937199 0 0.348795 0.289104 0.0224529 -0.957034 0.504068 0.0080439 -0.863627 0.265914 0.0112305 -0.963931 0.717143 0 -0.696926 0.908694 0 -0.417462 -0.497901 0.857407 -0.130182 -0.459902 0.802674 0.379744 -0.478759 0.0197686 -0.877724 -0.257117 0.00708834 -0.966354 -0.49748 0.00988702 -0.867419 0.0141463 0 -0.9999 0.69508 0.704319 0.144215 0.347159 0 -0.937806 -0.590914 0.684485 -0.426967 -0.687513 0.704895 -0.174493 -0.556592 0.72691 0.402252 -0.28637 0.0224185 0.957857 -0.503368 0.00804012 0.864035 -0.263414 0.0112132 0.964618 -0.7182 0 0.695837 0.989374 0.116118 -0.0874987 0.980381 0.058455 -0.188246 -0.879904 0.0237812 0.474555 -0.966836 0.00853387 0.255255 -0.867763 0.0118953 0.496836 -0.999867 0 -0.0162964 -0.44488 0.856934 0.260281 -0.0559117 0.801645 0.59518 -0.93675 0 -0.35 0.585891 0.712496 -0.386111 -0.909103 0 0.416571 -0.707511 0.696794 0.117925 -0.60489 0.709519 0.361511 -0.109114 0.729437 0.67529 0.85959 -0.214897 0.463599 0.0868225 0.116497 0.989389 -0.989389 0.116497 0.0868225 0.282391 -0.215364 0.934812 -0.935284 -0.213118 0.282534 -0.759782 0.117492 -0.639474 -0.639481 0.113662 0.760358 -0.85959 -0.214897 -0.463599 0.934573 -0.220235 -0.279409 -0.0867419 0.111449 -0.989977 -0.46772 -0.214372 0.857486 -0.27988 -0.212806 -0.936152 0.635205 0.114185 -0.763856 0.463599 -0.214897 -0.85959 0.759782 0.117492 0.639474 0.781357 0.609633 -0.133528 0.544947 0.640763 0.540791 0.596264 0.802673 0.0136203 0.196977 0.882342 0.427401 0.297246 0.916669 -0.267139 0.00564313 0.999781 0.0201332 -0.070319 0.983141 -0.168788 -0.449021 0.892919 0.0327824 -0.61983 0.774242 -0.127906 -0.841152 0.538994 0.0441513 -0.913988 0.402884 -0.0480636 0.647039 0.612061 0.454666 0.00457142 0.644188 0.764853 0.412965 0.803019 0.429676 -0.162196 0.882771 0.440917 0.403094 0.914866 0.0231374 -0.0103045 0.999774 0.0186139 0.0705345 0.983071 -0.169106 -0.338878 0.894177 -0.292591 -0.344784 0.776986 -0.526704 -0.622079 0.546713 -0.560466 -0.609377 0.409954 -0.678673 0.134633 0.609719 0.781099 -0.540791 0.640763 0.544947 -0.0123706 0.801521 0.597838 -0.427574 0.882292 0.196826 0.268209 0.91563 0.299476 -0.0201322 0.999781 0.00564379 0.169183 0.983082 -0.0701919 -0.0327823 0.892919 -0.449021 0.128243 0.773869 -0.620226 -0.0441269 0.538848 -0.841246 0.0479636 0.401899 -0.914427 -0.454666 0.612061 0.647039 -0.764853 0.644188 0.00457142 -0.429676 0.803019 0.412965 -0.440917 0.882771 -0.162196 -0.0229847 0.914994 0.402811 -0.0184278 0.999778 -0.0102305 0.169221 0.983071 0.070261 0.294659 0.892971 -0.340262 0.527506 0.776268 -0.345175 0.562437 0.542079 -0.624351 0.678726 0.409942 -0.609326 0.456849 0.611872 -0.645679 0.765275 0.643694 -0.00358752 0.4292 0.80433 -0.410901 0.440643 0.88296 0.16191 0.0219202 0.917131 -0.397983 0.0184904 0.999776 0.0102548 -0.16904 0.983091 -0.0704058 -0.295366 0.892585 0.340662 -0.527457 0.775835 0.34622 -0.563377 0.540984 0.624453 -0.678606 0.40997 0.609442 0.288251 -0.164216 -0.943368 0.609725 -0.413316 -0.676318 0.655088 -0.482103 -0.581753 0.738246 -0.578325 -0.347179 0.737196 -0.584035 -0.339772 0.759605 -0.586421 -0.281265 0.851446 -0.515462 -0.0966383 0.754139 -0.582682 -0.302912 0.906757 -0.418778 0.0491709 0.00544898 0.806464 0.591258 -0.045682 0.826844 0.560573 -0.0808663 0.903954 0.419915 -0.0481143 0.402875 0.913989 -0.453361 0.871313 0.187824 -0.128024 0.774188 0.619874 -0.169434 0.983081 0.0695928 0.032325 0.892883 0.449127 0.0199838 0.999784 -0.00564989 0.494315 0.856389 0.149167 0.427381 0.882319 -0.197125 0.718823 0.642663 -0.2651 0.540791 0.640763 -0.544947 0.609391 0.409958 0.678658 -0.186538 0.871725 0.453099 0.346626 0.775102 0.528268 -0.0701293 0.983091 0.169158 0.342061 0.891349 0.297474 0.0101806 0.999781 -0.0183034 0.455491 0.855778 -0.245302 0.16191 0.88296 -0.440643 0.321137 0.642727 -0.695538 -0.00358753 0.643694 -0.765275 0.118963 0.62696 -0.769915 0.710033 0.610296 -0.351272 0.148943 0.856333 -0.49448 0.449031 0.892914 -0.0327941 -0.00567369 0.999781 -0.0201318 0.0697096 0.983027 0.169702 -0.299244 0.915925 0.267461 -0.283 0.822349 0.493612 -0.605055 0.476236 0.63805 0.189031 0.870328 0.454749 -0.288251 -0.164216 0.943368 -0.609725 -0.413316 0.676318 -0.655088 -0.482103 0.581753 -0.738246 -0.578325 0.347179 -0.737196 -0.584035 0.339772 -0.760721 -0.584134 0.283005 -0.854597 -0.510188 0.0968118 -0.759425 -0.5769 0.300766 -0.910098 -0.411195 -0.0513768 -0.00518999 0.810708 -0.585428 0.0461757 0.831163 -0.554109 0.0812193 0.90612 -0.41515 0.943368 -0.164216 -0.288251 0.534491 -0.510938 -0.673247 0.676318 -0.413316 -0.609725 0.323192 -0.576814 -0.750222 0.361935 0.828567 0.427176 0.237748 0.905341 0.3519 0.419942 0.809134 0.411038 0.238791 0.944969 0.223636 0.603829 0.779526 0.16652 0.373417 0.8913 -0.257183 0.54421 0.710508 -0.44611 0.299692 0.672239 -0.676963 -0.943368 -0.164216 -0.288251 -0.676318 -0.413316 -0.609725 -0.581753 -0.482103 -0.655088 -0.347179 -0.578325 -0.738246 -0.339772 -0.584035 -0.737196 -0.283005 -0.584134 -0.760721 -0.0131318 -0.586191 -0.810066 0.0239339 -0.452634 -0.891375 0.153903 -0.365909 -0.917837 -0.121353 -0.178995 -0.976337 0.943368 -0.164216 0.288251 0.676318 -0.413316 0.609725 0.581753 -0.482103 0.655088 0.347179 -0.578325 0.738246 0.339772 -0.584035 0.737196 0.281265 -0.586421 0.759605 0.0964505 -0.515194 0.851629 0.299967 -0.583071 0.755015 -0.049139 -0.418459 0.906905 -0.585412 0.810718 0.00541393 -0.554115 0.831173 -0.0459211 -0.414902 0.906274 -0.0807728 -0.508182 0.759036 -0.406959 0.0376134 0.701123 -0.712048 -0.288883 0.878101 -0.381426 0.16655 0.887581 -0.429489 -0.301653 0.95321 -0.0198945 0.00358695 0.999993 0.00139945 -0.215109 0.970514 0.108765 -0.0505115 0.992383 0.112356 0.0428464 -0.490463 -0.870408 0.338898 -0.584172 -0.73749 0.282155 -0.583999 -0.76114 0.8686 -0.166482 -0.46671 0.906905 -0.418459 -0.049139 0.871431 -0.487903 0.0505878 0.764843 -0.582295 0.275586 0.760158 -0.586103 0.280433 0.738049 -0.584196 0.337637 0.673247 -0.510938 0.534491 0.750222 -0.576814 0.323192 0.609725 -0.413316 0.676318 -0.41224 0.809022 0.418976 -0.427176 0.828567 0.361935 -0.3519 0.905341 0.237748 0.472214 -0.165931 0.865726 0.0491709 -0.418778 0.906757 -0.0507585 -0.488228 0.871239 -0.27756 -0.582068 0.764302 -0.280433 -0.586103 0.760158 -0.337637 -0.584196 0.738049 -0.534491 -0.510938 0.673247 -0.323192 -0.576814 0.750222 -0.676318 -0.413316 0.609725 -0.419351 0.809066 -0.411774 -0.361935 0.828567 -0.427176 -0.237748 0.905341 -0.3519 -0.866741 -0.158903 0.472768 -0.909948 -0.41152 0.0514339 -0.875158 -0.481275 -0.0497292 -0.767097 -0.578138 -0.278063 -0.76114 -0.583999 -0.282155 -0.73749 -0.584172 -0.338898 -0.673247 -0.510938 -0.534491 -0.750222 -0.576814 -0.323192 -0.609725 -0.413316 -0.676318 0.411774 0.809066 -0.419351 0.427176 0.828567 -0.361935 0.3519 0.905341 -0.237748 0.0857685 0.0838352 -0.992782 0.182128 0.0421522 -0.982371 0.465218 0.0309645 -0.884654 0.746917 0 -0.664917 0.915573 0 -0.402153 0.932132 0 -0.362119 0.990656 0.0242048 0.134217 0.996302 0 0.0859194 0.824496 0.043421 0.564199 -0.637081 0.0868533 -0.765888 -0.558531 0.0436873 -0.828333 -0.290853 0.0320207 -0.956232 0.0610278 0 -0.998136 0.362119 0 -0.932132 0.402153 0 -0.915573 0.797078 0.0246743 -0.603372 0.766838 0 -0.641841 0.983127 0.0441803 -0.177511 -0.0866543 0.0834581 0.992737 -0.182564 0.0419604 0.982298 -0.465483 0.0308211 0.88452 -0.746917 0 0.664917 -0.915573 0 0.402153 -0.932132 0 0.362119 -0.991105 0.0243124 -0.130845 -0.996568 0 -0.0827827 -0.828333 0.0436873 -0.558531 -0.992737 0.0834581 -0.0866543 -0.982298 0.0419604 -0.182564 -0.88452 0.0308211 -0.465483 -0.664917 0 -0.746917 -0.402153 0 -0.915573 -0.362119 0 -0.932132 0.134217 0.0242048 -0.990656 0.0859194 0 -0.996302 0.564199 0.043421 -0.824496 0.993203 0.0878202 0.0763911 0.983127 0.0441803 0.177511 0.88607 0.0324826 0.462412 0.664917 0 0.746917 0.402153 0 0.915573 0.362119 0 0.932132 -0.130845 0.0243124 0.991105 -0.0827827 0 0.996568 -0.558531 0.0436873 0.828333 0.765888 0.0868533 -0.637081 0.828333 0.0436873 -0.558531 0.956232 0.0320207 -0.290853 0.998136 0 0.0610278 0.932132 0 0.362119 0.915573 0 0.402153 0.605117 0.02352 0.795789 0.641841 0 0.766838 0.182128 0.0421522 0.982371 0.642763 0.0863201 0.761186 0.564199 0.043421 0.824496 0.295434 0.0318721 0.954831 -0.0591069 0 0.998252 -0.362119 0 0.932132 -0.402153 0 0.915573 -0.795667 0.023411 0.605282 -0.766838 0 0.641841 -0.982298 0.0419604 0.182564 -0.49339 0.822405 -0.283224 -0.638696 0.476007 -0.604554 -0.268002 0.915907 -0.298813 -0.500386 0.607419 -0.616973 0.0149788 0.802366 -0.596644 -0.13194 0.609507 -0.781724 -0.543298 0.826104 0.149599 -0.874124 0.485076 0.0246511 -0.397484 0.91735 -0.0218035 -0.787204 0.611302 -0.0813661 -0.410432 0.804536 -0.429264 -0.64549 0.611846 -0.457151 -0.761186 0.0863201 0.642763 -0.824496 0.043421 0.564199 -0.954831 0.0318721 0.295434 -0.998252 0 -0.0591069 -0.932132 0 -0.362119 -0.915573 0 -0.402153 -0.605282 0.023411 -0.795667 -0.641841 0 -0.766838 -0.182564 0.0419604 -0.982298 0.0720151 0.761419 0.644248 -0.529021 0.703246 0.474954 -0.0647856 0.878783 0.472803 -0.421208 0.88777 0.185604 0.199798 0.952781 0.228668 -0.00159815 0.999992 -0.00354035 0.22964 0.970262 0.076532 0.115147 0.992378 -0.04389 -0.691291 0.671665 0.266425 -0.44719 0.890826 -0.0803119 -0.00993778 0.945343 -0.325925 0.503788 0.6022 0.619317 0.637536 0.481701 0.601259 0.490478 0.826432 0.276481 0.452317 0.871038 -0.191577 0.509067 0.759425 0.405123 -0.0374586 0.702449 0.710748 0.290032 0.877537 0.381852 -0.166554 0.887866 0.428898 0.305008 0.952119 0.0209416 -0.00374532 0.999992 -0.00118247 0.217296 0.970077 -0.108321 0.0503136 0.992384 -0.112438 -0.298736 0.674069 0.675565 -0.371259 0.891719 0.258851 -0.237899 0.945252 -0.22339 0.792016 0.604869 0.082723 0.882463 0.469846 -0.0224413 0.553066 0.819885 -0.148009 0.189316 0.871083 -0.453181 0.648081 0.757689 -0.0768002 0.475876 0.704883 0.526006 0.474576 0.877951 0.0630905 0.185059 0.888562 0.419775 0.228687 0.952807 -0.199654 -0.0033862 0.999993 0.00179543 0.076532 0.970262 -0.22964 -0.043617 0.992415 -0.114933 0.266059 0.67482 0.688353 -0.0800221 0.891359 0.44618 -0.325782 0.945391 0.0101249 0.616303 0.607199 -0.501478 0.600348 0.484182 -0.636514 0.277237 0.826669 -0.489651 -0.190378 0.872018 -0.450933 0.0438979 0.538946 0.841195 0.35085 0.610297 0.710241 0.769915 0.62696 0.118963 0.626722 0.536245 0.565385 0.752641 0.606883 0.255393 0.629257 0.623597 -0.463857 0.560566 0.826835 0.0459353 0.419832 0.903984 0.0809627 0.591472 0.806308 -0.00528187 0.328093 0.944586 -0.0105561 0.543538 0.779825 -0.310546 0.0804175 0.890551 -0.447719 0.0665275 0.708031 -0.703041 -0.267038 0.66983 -0.692834 0.04389 0.992378 0.115147 0.00359235 0.999992 -0.00147034 -0.186047 0.887447 -0.421693 -0.475568 0.702526 -0.529427 -0.076532 0.970262 0.22964 -0.228657 0.952768 0.199872 -0.472962 0.878712 -0.0645994 -0.644248 0.761419 0.0720151 0.703041 0.708031 0.0665275 0.446165 0.89135 0.0801989 0.68872 0.67429 -0.266453 0.419715 0.888559 -0.185207 0.527581 0.704751 -0.474325 0.0647746 0.879171 -0.472083 -0.0728759 0.762112 -0.643331 -0.37946 0.79432 -0.474411 0.406959 0.759036 -0.508182 0.71051 0.702665 0.0379193 0.38117 0.878441 -0.288186 0.428014 0.88842 0.165872 0.0198659 0.953272 -0.301459 -0.00116411 0.999992 0.00372561 -0.108863 0.970582 -0.214752 -0.112438 0.992384 -0.0503136 0.674613 0.675377 0.297931 0.258536 0.892084 0.370601 -0.223206 0.945444 0.237309 0.0811101 0.610836 -0.787592 -0.0247175 0.485486 -0.873895 -0.148837 0.825457 -0.544489 -0.452192 0.87232 -0.185956 -0.405123 0.759425 0.509067 -0.711762 0.701432 -0.037248 -0.381823 0.877435 0.290376 -0.429736 0.887415 -0.166799 -0.0206161 0.952093 0.305114 0.00139945 0.999993 -0.00358695 0.108617 0.969986 0.217553 0.112356 0.992383 0.0505115 -0.676963 0.672239 -0.299692 -0.259089 0.89147 -0.37169 0.22339 0.945252 -0.237899 -0.0826748 0.604861 0.792028 0.0224371 0.469608 0.88259 0.148773 0.820561 0.551856 0.454088 0.870487 0.189887 0.31037 0.780164 0.543152 0.0103265 0.944646 0.327928 0.00161311 0.999993 0.00341707 -0.115217 0.992386 0.0435303 -0.22964 0.970262 -0.076532 -0.616675 0.607321 0.500872 -0.596431 0.80254 -0.0141571 -0.197034 0.882287 -0.42749 -0.544947 0.640763 -0.540791 -0.2651 0.642663 -0.718823 0.695538 0.642727 0.321137 0.245302 0.855778 0.455491 -0.718541 0.643169 0.264638 -0.494962 0.856145 -0.14842 -0.0612002 0.811553 -0.581065 0.0673443 0.794245 -0.603854 -0.58086 0.81169 0.0613294 -0.604065 0.794074 -0.0674651 0.369732 0.809919 -0.455335 0.476852 0.792571 -0.380058 0.620271 0.773835 0.128231 0.914427 0.401899 0.0479636 0.841247 0.538848 -0.0441269 -0.199654 0.952807 -0.228687 0.455335 0.809919 0.369732 0.379694 0.793636 0.475367 -0.253022 0.608854 0.751849 0.463857 0.623597 0.629257 -0.750708 0.61166 -0.249619 -0.455567 0.855743 0.245282 -0.629257 0.623597 0.463857 -0.321137 0.642727 0.695538 -0.369732 0.809919 0.455335 -0.475367 0.793636 0.379694 0.251943 0.609746 -0.751488 -0.245282 0.855743 -0.455567 -0.463857 0.623597 -0.629257 -0.695538 0.642727 -0.321137 -0.7092 0.610306 0.352933 -0.14842 0.856145 0.494962 -0.116806 0.626448 0.770662 0.264638 0.643169 0.718541 0.0608352 0.807286 0.587016 -0.0686142 0.791145 0.607768 0.587015 0.807313 -0.0604871 0.607756 0.791147 0.068694 -0.352933 0.610306 -0.7092 -0.770662 0.626448 -0.116806 0.292177 0.0168702 0.956215 0.268965 0.00843786 0.963113 0.620226 0.00457331 0.78441 0.61063 0 0.791916 0.908623 0 0.417617 0.877786 0.015816 0.478792 0.866743 0.00791028 0.498692 0.99278 0.00429693 0.119871 0.991352 0 0.131228 0.937289 0 -0.348553 -0.0953991 -0.578806 -0.809866 -0.152031 -0.366454 -0.917931 0.119359 -0.179039 -0.976575 -0.956215 0.0168702 0.292177 -0.963113 0.00843786 0.268965 -0.78441 0.00457331 0.620226 -0.791916 0 0.61063 -0.417617 0 0.908623 0.956215 0.0168702 -0.292177 0.963113 0.00843786 -0.268965 0.78441 0.00457331 -0.620226 0.791916 0 -0.61063 0.417617 0 -0.908623 -0.292177 0.0168702 -0.956215 -0.268965 0.00843786 -0.963113 -0.620226 0.00457331 -0.78441 -0.61063 0 -0.791916 -0.908623 0 -0.417617 -0.455335 0.809919 -0.369732 -0.880782 0.0158699 -0.473256 -0.869951 0.00793725 -0.493074 -0.993162 0.0043057 -0.11666 -0.991783 0 -0.127935 -0.937289 0 0.348553 -0.473256 0.0158699 0.880782 -0.493074 0.00793725 0.869951 -0.11666 0.0043057 0.993162 -0.127935 0 0.991783 0.348553 0 0.937289 0.478792 0.015816 -0.877786 0.498692 0.00791028 -0.866743 0.119871 0.00429693 -0.99278 0.131228 0 -0.991352 -0.348553 0 -0.937289 0.505796 0.00603955 -0.862632 0.908623 0 -0.417617 0.717525 0 -0.696532 -0.473256 0.0158699 -0.880782 -0.253618 0.00568548 -0.967288 -0.493074 0.00793725 -0.869951 0.0155637 0 -0.999879 0.348553 0 -0.937289 -0.956215 0.0168702 -0.292177 -0.862632 0.00603955 -0.505796 -0.963113 0.00843786 -0.268965 -0.696532 0 -0.717526 -0.417617 0 -0.908623 -0.877786 0.015816 0.478792 -0.966142 0.00567292 0.257948 -0.866743 0.00791028 0.498692 -0.999908 0 -0.0135334 -0.937289 0 -0.348553 -0.292177 0.0168702 0.956215 -0.505796 0.00603955 0.862632 -0.268965 0.00843786 0.963113 -0.717526 0 0.696532 -0.908623 0 0.417617 0.880782 0.0158699 -0.473256 0.967288 0.00568548 -0.253618 0.869951 0.00793725 -0.493074 0.999879 0 0.0155637 0.937289 0 0.348553 0.478792 0.015816 0.877786 0.257948 0.00567292 0.966142 0.498692 0.00791028 0.866743 -0.0135334 0 0.999908 -0.348553 0 0.937289 0.956215 0.0168702 0.292177 0.862632 0.00603955 0.505796 0.963113 0.00843786 0.268965 0.696532 0 0.717526 0.417617 0 0.908623 -0.163971 0.782625 0.600509 0.448761 0.710553 0.541966 -0.78147 0.609594 0.133041 0.163454 0.782167 -0.601247 -0.449787 0.710569 -0.541095 -0.310803 0.781198 -0.541416 -0.703536 0.707632 -0.0655314 -0.601247 0.782167 -0.163454 -0.541095 0.710569 0.449787 -0.541416 0.781198 0.310803 -0.0655314 0.707632 0.703536 0.292177 0.0168702 -0.956215 0.268965 0.00843786 -0.963113 -0.765888 0.0868533 -0.637081 -0.869625 -0.159431 -0.467261 -0.46671 -0.166482 0.8686 -0.0866543 0.0834581 -0.992737 -0.288251 -0.164216 -0.943368 -0.992737 0.0834581 0.0866543 0.642763 0.0863201 -0.761186 0.0857685 0.0838352 0.992782 0.993203 0.0878202 -0.0763911 0.761186 0.0863201 0.642763 0.865726 -0.165931 0.472214 -0.637081 0.0868533 0.765888 -0.943368 -0.164216 0.288251 0.288251 -0.164216 0.943368 0.133878 0.990699 -0.0243415 0.328756 0.942854 -0.0542749 0.310016 0.950681 0.00975913 0.548034 0.836456 0.000768766 0.516227 0.838139 0.176158 0.736627 0.631203 0.242825 0.620076 0.630836 0.466425 0.757195 0.336388 0.55991 0.550811 0.338905 0.762726 0.618322 0.172391 0.766785 0.354075 0.16542 0.920471 0.133885 0.990746 0.0223141 0.289021 0.951053 0.109383 0.439332 0.835667 0.329617 0.458283 0.628318 0.628644 0.289136 0.33434 0.897004 0.0456437 0.172184 0.984007 0.120833 0.990833 0.0604166 0.243234 0.950711 0.192319 0.321445 0.836055 0.444617 0.242404 0.626169 0.741048 -0.00438003 0.328469 0.944505 -0.247729 0.16623 0.954462 0.095277 0.990881 0.095277 0.170963 0.951013 0.257578 0.169172 0.837993 0.518796 -0.00285481 0.623568 0.781764 -0.291117 0.331044 0.897586 -0.531113 0.180995 0.827744 0.0604166 0.990833 0.120833 0.0841253 0.95167 0.295376 -0.00882585 0.839803 0.54282 -0.254808 0.628548 0.734847 -0.556786 0.342347 0.756828 -0.766721 0.190481 0.613071 0.0223141 0.990746 0.133885 -0.017643 0.95214 0.305152 -0.184042 0.839295 0.511578 -0.464782 0.627939 0.624235 -0.764947 0.334992 0.550123 -0.921278 0.169548 0.350001 -0.0243415 0.990699 0.133878 -0.111133 0.950886 0.288903 -0.323362 0.837252 0.44096 -0.633257 0.625306 0.456045 -0.899453 0.330858 0.285513 -0.984007 0.172184 0.0456437 -0.0611486 0.990608 0.122297 -0.189435 0.950992 0.244395 -0.444166 0.838808 0.31483 -0.745321 0.625586 0.230519 -0.944505 0.328469 -0.00438003 -0.954462 0.16623 -0.247729 -0.0971103 0.990525 0.0971103 -0.257615 0.95178 0.166578 -0.520492 0.838467 0.161436 -0.781764 0.623568 -0.00285481 -0.897586 0.331044 -0.291117 -0.827744 0.180995 -0.531113 -0.123797 0.990375 0.0618984 -0.296641 0.951241 0.0845275 -0.54282 0.839803 -0.00882585 -0.737338 0.626863 -0.251745 -0.758736 0.340543 -0.555293 -0.613071 0.190481 -0.766721 -0.137532 0.990232 0.022922 -0.306551 0.951691 -0.0176497 -0.516545 0.837968 -0.176044 -0.63731 0.620987 -0.456301 -0.55405 0.33007 -0.764253 -0.351338 0.169549 -0.920769 -0.137525 0.990183 -0.0250046 -0.289517 0.95115 -0.107207 -0.43596 0.840789 -0.320956 -0.451281 0.627279 -0.634718 -0.285682 0.328963 -0.900094 -0.0498705 0.17224 -0.983792 -0.125333 0.990134 -0.0626667 -0.240231 0.951204 -0.19365 -0.307845 0.841139 -0.444653 -0.232221 0.628408 -0.742413 0.000224231 0.328478 -0.944512 0.248849 0.166352 -0.954149 -0.0990148 0.990148 -0.0990148 -0.172113 0.950377 -0.259152 -0.171279 0.837859 -0.51832 -0.001628 0.623563 -0.781771 0.291312 0.329041 -0.898259 0.535761 0.169528 -0.827176 -0.0626667 0.990134 -0.125333 -0.087038 0.951006 -0.296668 0.00410464 0.839791 -0.542894 0.249451 0.626994 -0.738006 0.557233 0.331839 -0.761166 0.764994 0.168086 -0.621716 -0.0250046 0.990183 -0.137525 0.0136189 0.951641 -0.30691 0.179496 0.840144 -0.5118 0.46512 0.630575 -0.62132 0.764867 0.334039 -0.550814 0.877241 0.160733 -0.452341 0.022922 0.990232 -0.137532 0.109779 0.950622 -0.290287 0.329266 0.838405 -0.434352 0.631492 0.629546 -0.452647 0.818303 0.383465 -0.428175 0.584507 0.807193 -0.0824096 0.777427 0.628962 0.00389631 0.898334 0.331054 0.288789 0.82566 0.165195 0.53944 0.0618984 0.990375 -0.123797 0.192949 0.950347 -0.244155 0.444617 0.836055 -0.321445 0.657936 0.665819 -0.351861 0.806213 0.580563 -0.113871 0.941616 0.336648 0.00526496 0.953139 0.166434 0.252637 0.0971103 0.990525 -0.0971103 0.258207 0.950753 -0.171457 0.451827 0.860744 -0.23446 0.949971 0.276034 -0.14615 0.983792 0.17224 -0.0498705 0.122297 0.990608 -0.0611486 0.252812 0.959222 -0.126406 0.974094 0.157429 -0.162349</float_array>
                    <technique_common>
                        <accessor count="1407" source="#ID99" stride="3">
                            <param name="X" type="float"/>
                            <param name="Y" type="float"/>
                            <param name="Z" type="float"/>
                        </accessor>
                    </technique_common>
                </source>
                <source id="ID100">
                    <float_array id="ID101" count="892">0.868164 1.57422 0.597656 1.61523 0.597656 1.64404 0.339844 1.62793 0.322266 1.68701 0.266602 1.68066 0.323242 1.72461 0.239258 1.71484 0.0986328 1.72852 0.175781 1.70117 0.12793 1.68115 0.0986328 1.66064 0.165039 1.64404 0.15332 1.62842 0.155273 1.61035 0.171875 1.57422 0.389648 1.46143 0.166992 1.57422 0.1875 1.45459 0.109375 1.57227 -0.00292969 1.43066 0.103516 1.57178 0.0869141 1.60791 0.0859375 1.63574 15.5996 -1.97656 14.3994 -1.7998 14.3994 -1.97656 13.1992 -1.7998 13.1992 -1.97656 12 -1.97656 12 -2 10.7998 -1.97656 10.7998 -2 9.59961 -1.97656 9.59961 -2 8.39941 -1.97656 8.39941 -2 7.19922 -1.97656 7.19922 -2 6.59961 -1.97656 6.59961 -2 6 -1.97656 6 -2 5.5332 -1.97656 5.51367 -2 0.59668 1.45166 0.803711 1.4248 1.01563 1.47803 1.10352 1.49756 1.11719 1.49121 1.20313 1.45166 1.37598 1.46094 1.2998 1.40674 1.44238 1.31445 1.21973 1.36035 1.37305 1.25391 1.19629 1.32471 -20.5596 -2.00098 -20.0029 -2.00098 -20.5596 -1.97998 -20.0029 -1.97998 -20.3232 -1.83594 -20.2705 -1.83447 -20 -1.7998 -18.0029 -1.97998 -18.0029 -2.00098 2.99609 -2.00098 2.99609 -1.97998 2.39551 -2.00098 2.39551 -1.97998 1.7959 -2.00098 1.7959 -1.97998 1.19531 -2.00098 1.19531 -1.97998 0.595703 -2.00098 0.595703 -1.97998 -0.00292969 -2.00098 -0.00292969 -1.97998 -2.00293 -1.97998 -1.14648 -1.80078 -2.00293 -1.80078 -0.992188 1.50635 -0.791016 1.60791 -0.964844 1.49316 -0.764648 1.59229 -0.556641 1.6665 -0.262695 1.71582 0.0253906 1.72607 1.13965 1.3418 1.20117 1.36768 1.23633 1.40674 1.1123 1.41602 1.12012 1.47754 1.03711 1.46875 0.973633 1.42969 1.00488 1.38232 0.291016 1.79395 0.408203 1.78857 0.323242 1.7417 0.43457 1.7627 0.499023 1.73242 0.597656 1.7002 0.517578 1.74609 0.605469 1.71631 0.892578 1.64258 0.905273 1.73975 1.20508 1.67676 24 -2 24 -1.9751 23.7783 -2 23.8115 -1.9751 23.5459 -2 23.5752 -1.9751 1.15527 1.55762 0.0947266 1.74658 -0.00878906 1.78369 0.0146484 1.74414 -0.269531 1.73389 -0.292969 1.74854 -0.556641 1.68945 2.99609 -1.80078 2.39551 -1.80078 1.7959 -1.80078 1.19531 -1.80078 0.219727 1.66992 0.183594 1.65674 0.597656 1.7793 0.457031 1.77148 0.443359 1.78662 -0.148438 1.58984 -0.179688 1.39111 -0.368164 1.54004 -0.564453 1.47217 16.7998 -2 15.5996 -2 14.3994 -2 13.1992 -2 -8.00293 -1.80078 -9.00977 -1.80078 -8.00293 -1.97998 -9.07617 -1.93066 -9.0752 -1.97998 -9.0752 -2.00098 -9.29492 -2.00098 -10.0029 -2.00098 -10.0029 -1.97998 -9.2959 -1.97998 -10.0029 -1.80078 -9.29883 -1.90479 -9.23926 -1.80078 1.55566 1.34668 1.67676 1.23438 -0.337891 1.33594 -0.473633 1.26758 -0.732422 1.38672 -0.480469 1.26221 -0.744141 1.37793 18 -2 18 -1.97656 16.7998 -1.97656 15.5996 -1.7998 -0.987305 1.48193 -6.00293 -1.80078 -6.00293 -1.97998 -6.00293 -2.00098 -8.00293 -2.00098 4.55957 -2 4.56348 -1.97656 4.19922 -2 4.19922 -1.97656 3.60156 -1.97656 3.60156 -1.7998 3.60156 -1.80078 3.60156 -1.97998 3.60156 -2.00098 -0.576172 1.68262 19.2695 -1.7998 19.1992 -1.7998 19.5996 -1.97656 19.1992 -1.97656 19.5996 -2 19.1992 -2 -0.552734 1.68652 -12.0029 -2.00098 -12.0029 -1.97998 -12.0029 -1.80078 -14.0029 -2.00098 -14.0029 -1.97998 -14.0029 -1.80078 -16.0029 -2.00098 -16.0029 -1.97998 -16.0029 -1.80078 -16.1729 -1.80078 1.75195 1.48584 1.60156 1.5459 1.48926 1.59131 0.999023 1.42773 21.5996 -2 19.5996 -1.9751 21.5996 -1.9751 19.5996 -1.7998 21.5996 -1.7998 23.5547 -1.7998 18 -1.7998 -4.00293 -1.80078 -4.00293 -1.97998 -2.00293 -2.00098 -4.00293 -2.00098 4.44727 -2 4.47266 -1.7998 4.58496 -1.7998 5.39941 -1.7998 4.82324 -1.7998 4.80762 -2.00146 4.19922 -1.7998 23.7939 -1.83447 23.7432 -1.7998 5.67383 -2 5.68359 -1.7998 5.84375 -1.7998 1.83301 1.42188 1.84668 1.3833 1.8418 1.34375 1.81738 1.30615 1.77637 1.27295 1.71973 1.24609 1.64941 1.22998 1.58105 1.21924 1.10742 1.35156 1.0293 1.38428 1.4375 1.23291 1.50684 1.22119 1.5459 1.22021 10.7998 -1.7998 12 -1.7998 -0.00292969 -1.80078 0.595703 -1.80078 9.59961 -1.7998 8.95801 -1.7998 -18.0029 -1.80078 8.39941 -1.7998 8.75488 -1.7998 7.19922 -1.7998 6.59961 -1.7998 6 -1.7998 23.5537 -1.7998 -1.01074 1.49219 16.7998 -1.7998 1.80078 1.45654 3.60156 -2 -20.2656 -1.80078 0.472656 0.410645 0.439453 0.42627 0.47168 0.42627 0.460938 0.53125 0.493164 0.53125 0.439453 0.636719 0.47168 0.63623 0.472656 0.652832 0.585938 0.652344 0.589844 0.691895 0.651367 0.662598 0.864258 0.693359 0.990234 0.6875 0.921875 0.662598 1.01172 0.652344 0.944336 0.531738 1.03418 0.531738 0.921875 0.400879 1.01172 0.411133 0.990234 0.375977 1.15332 0.331543 2 0.200195 2 0 1.7998 0.200195 1.7998 0 1 0.200195 1 0 0.199219 0.200195 0.199219 0 0 0 1.51855 0.750977 1.54102 0.531738 1.34473 0.531738 1.32324 0.335449 1.18945 0.531738 1.16797 0.373047 0.608398 0.530762 0.673828 0.531738 0.585938 0.409668 1.31641 0.776367 1.32324 0.728027 1.16797 0.69043 0.0947266 1 0.5 1.19971 0.5 1 0.904297 1.19971 0.904297 1 1 1.19971 1 1 1.15332 0.731934 0.589844 0.371094 0.651367 0.400879 0 1 0 1.19971 0.0947266 1.19971 1.44141 0.287109 1.51855 0.3125 0 0.200195 0.864258 0.370117 0.390625 0.611816 0.413086 0.53125 0.216797 0.53125 0.390625 0.450684 0.195313 0.491211 0.392578 0.424805 0.195313 0.478516 0 0.531738 0.195313 0.571777 0.195313 0.584961 0.392578 0.638672 0.974609 1 1 0.950195 0.949219 0.950195 0.949219 0.900391 0.899414 0.900391 0.899414 0.850098 0.849609 0.850098 0.849609 0.800293 0.799805 0.800293 0.799805 0.75 0.75 0.75 0.924805 1 0.899414 0.950195 0.849609 0.900391 0.799805 0.850098 0.75 0.800293 0.699219 0.75 0.875 1 0.849609 0.950195 0.799805 0.900391 0.75 0.850098 0.699219 0.800293 0.649414 0.75 0.824219 1 0.799805 0.950195 0.75 0.900391 0.699219 0.850098 0.649414 0.800293 0.599609 0.75 0.774414 1 0.75 0.950195 0.699219 0.900391 0.649414 0.850098 0.599609 0.800293 0.549805 0.75 0.724609 1 0.699219 0.950195 0.649414 0.900391 0.599609 0.850098 0.549805 0.800293 0.5 0.75 0.674805 1 0.649414 0.950195 0.599609 0.900391 0.549805 0.850098 0.5 0.800293 0.449219 0.75 0.625 1 0.599609 0.950195 0.549805 0.900391 0.5 0.850098 0.449219 0.800293 0.399414 0.75 0.574219 1 0.549805 0.950195 0.5 0.900391 0.449219 0.850098 0.399414 0.800293 0.349609 0.75 0.524414 1 0.5 0.950195 0.449219 0.900391 0.399414 0.850098 0.349609 0.800293 0.299805 0.75 0.474609 1 0.449219 0.950195 0.399414 0.900391 0.349609 0.850098 0.299805 0.800293 0.25 0.75 0.424805 1 0.399414 0.950195 0.349609 0.900391 0.299805 0.850098 0.25 0.800293 0.199219 0.75 0.375 1 0.349609 0.950195 0.299805 0.900391 0.25 0.850098 0.199219 0.800293 0.149414 0.75 0.324219 1 0.299805 0.950195 0.25 0.900391 0.199219 0.850098 0.149414 0.800293 0.0996094 0.75 0.274414 1 0.25 0.950195 0.199219 0.900391 0.149414 0.850098 0.0996094 0.800293 0.0498047 0.75 0.224609 1 0.199219 0.950195 0.149414 0.900391 0.0996094 0.850098 0.0498047 0.800293 0 0.75 0.174805 1 0.149414 0.950195 0.0996094 0.900391 0.0498047 0.850098 0 0.800293 1 0.900391 0.949219 0.850098 0.899414 0.800293 0.849609 0.75 0.125 1 0.0996094 0.950195 0.0498047 0.900391 0 0.850098 1 0.850098 0.949219 0.800293 0.899414 0.75 0.0742188 1 0.0498047 0.950195 0 0.900391 1 0.800293 0.949219 0.75 0.0244141 1 0 0.950195 1 0.75</float_array>
                    <technique_common>
                        <accessor count="446" source="#ID101" stride="2">
                            <param name="S" type="float"/>
                            <param name="T" type="float"/>
                        </accessor>
                    </technique_common>
                </source>
                <vertices id="ID102">
                    <input semantic="POSITION" source="#ID96"/>
                </vertices>
                <triangles count="1763" material="Material1">
                    <input offset="0" semantic="VERTEX" source="#ID102"/>
                    <input offset="1" semantic="NORMAL" source="#ID98"/>
                    <input offset="2" semantic="TEXCOORD" source="#ID100" set="0"/>
                    <p>486 0 2 1038 0 1 476 0 0 1038 0 1 486 0 2 1031 0 3 481 0 4 1031 0 3 486 0 2 1031 0 3 481 0 4 962 0 5 771 3 4 962 2 5 481 1 4 962 2 5 771 3 4 642 4 5 757 0 6 642 0 5 771 0 4 642 0 5 757 0 6 636 0 7 968 5 6 636 6 7 757 5 6 636 6 7 968 5 6 974 7 7 883 0 8 974 0 7 968 0 6 974 0 7 883 0 8 983 0 9 891 0 10 983 0 9 883 0 8 983 10 9 891 9 10 694 8 10 690 11 11 694 8 10 891 9 10 694 0 10 690 0 11 707 0 12 720 0 13 707 0 12 690 0 11 707 14 12 720 13 13 1051 12 13 1047 15 14 1051 12 13 720 13 13 1051 0 13 1047 0 14 1031 0 3 935 0 15 1031 0 3 1047 0 14 1031 0 3 935 0 15 1025 0 16 1016 0 17 1025 0 16 935 0 15 1025 0 16 1016 0 17 102 0 18 869 0 19 102 0 18 1016 0 17 102 0 18 869 0 19 1162 0 20 877 0 21 1162 0 20 869 0 19 1162 0 20 877 0 21 784 0 22 862 16 21 784 17 22 877 16 21 784 17 22 862 16 21 725 18 22 732 0 14 725 0 22 862 0 21 725 0 22 732 0 14 713 0 23 720 0 13 713 0 23 732 0 14 713 0 23 720 0 13 690 0 11 15 20 26 103 0 25 8 19 24 103 0 25 15 20 26 1026 0 27 24 21 28 1026 0 27 15 20 26 1026 0 27 24 21 28 31 22 29 37 23 30 31 22 29 24 21 28 31 22 29 37 23 30 49 24 31 44 25 32 49 24 31 37 23 30 49 24 31 44 25 32 62 26 33 56 27 34 62 26 33 44 25 32 62 26 33 56 27 34 77 28 35 71 29 36 77 28 35 56 27 34 77 28 35 71 29 36 1174 30 37 1189 31 38 1174 30 37 71 29 36 1174 30 37 1189 31 38 1178 32 39 1184 33 40 1178 32 39 1189 31 38 1178 32 39 1184 33 40 1192 34 41 1195 35 42 1192 34 41 1184 33 40 1192 34 41 1195 35 42 1199 36 43 1204 37 44 1199 36 43 1195 35 42 1041 0 45 1031 0 3 1025 0 16 1031 0 3 1041 0 45 1038 0 1 1121 0 46 1038 0 1 1041 0 45 1038 0 1 1121 0 46 476 0 0 1126 0 47 476 0 0 1121 0 46 476 0 0 1126 0 47 471 0 48 626 0 49 471 0 48 1126 0 47 471 40 48 626 39 49 357 38 49 378 41 50 357 38 49 626 39 49 357 0 49 378 0 50 368 0 51 382 0 52 368 0 51 378 0 50 368 0 51 382 0 52 990 0 53 393 44 52 990 43 53 382 42 52 990 43 53 393 44 52 388 45 53 1111 0 54 388 0 53 393 0 52 388 0 53 1111 0 54 117 0 55 1097 0 56 117 0 55 1111 0 54 1093 48 59 1366 47 58 1369 46 57 1366 47 58 1093 48 59 1363 49 60 1085 0 61 1363 49 60 1093 48 59 1363 49 60 1085 0 61 608 0 62 284 50 61 608 51 62 1085 50 61 608 51 62 284 50 61 288 52 62 302 55 63 288 54 62 284 53 61 288 54 62 302 55 63 293 56 63 598 57 63 293 58 63 302 57 63 293 58 63 598 57 63 603 59 63 1360 60 64 603 0 63 598 0 63 603 0 63 1360 60 64 1363 49 60 1356 61 65 1363 49 60 1360 60 64 1363 49 60 1356 61 65 1366 47 58 1234 64 68 1227 63 67 1223 62 66 1227 63 67 1234 64 68 1230 65 69 1242 66 70 1230 65 69 1234 64 68 1230 65 69 1242 66 70 1238 67 71 1251 68 72 1238 67 71 1242 66 70 1238 67 71 1251 68 72 1247 69 73 1258 70 74 1247 69 73 1251 68 72 1247 69 73 1258 70 74 1254 71 75 1266 72 76 1254 71 75 1258 70 74 1254 71 75 1266 72 76 1262 73 77 1274 74 78 1262 73 77 1266 72 76 1262 73 77 1274 74 78 195 0 79 202 0 80 195 0 79 1274 74 78 301 75 81 591 76 82 597 75 81 591 76 82 301 75 81 494 77 82 612 0 83 494 0 82 301 0 81 494 0 82 612 0 83 512 0 84 1080 80 84 512 79 84 612 78 83 512 79 84 1080 80 84 505 81 85 490 82 85 505 81 85 1080 80 84 505 81 85 490 82 85 662 83 86 978 84 86 662 83 86 490 82 85 662 83 86 978 84 86 655 85 87 909 86 87 655 85 87 978 84 86 655 85 87 909 86 87 738 87 8 883 88 8 738 87 8 909 86 87 1111 0 54 1103 0 88 1097 0 56 1103 0 88 1111 0 54 330 0 89 336 0 90 330 0 89 1111 0 54 330 0 89 336 0 90 317 0 91 622 0 50 317 0 91 336 0 90 317 0 91 622 0 50 349 0 92 626 0 49 349 0 92 622 0 50 349 0 92 626 0 49 343 0 93 1126 0 47 343 0 93 626 0 49 343 0 93 1126 0 47 1115 0 94 1121 0 46 1115 0 94 1126 0 47 1115 0 94 1121 0 46 1132 0 95 415 0 98 747 0 97 245 0 96 747 0 97 415 0 98 752 0 99 831 0 100 752 0 99 415 0 98 752 91 99 831 90 100 398 89 100 411 92 101 398 89 100 831 90 100 398 0 100 411 0 101 403 0 102 407 0 103 403 0 102 411 0 101 403 95 102 407 94 103 796 93 103 803 96 104 796 93 103 407 94 103 796 0 103 803 0 104 215 0 105 208 0 106 215 0 105 803 0 104 1374 99 109 1092 98 108 1370 97 107 1092 98 108 1374 99 109 1088 100 110 562 101 109 1088 102 110 1374 101 109 1088 102 110 562 101 109 464 103 110 566 106 111 464 105 110 562 104 109 464 105 110 566 106 111 459 107 112 556 108 111 459 107 112 566 106 111 459 107 112 556 108 111 435 109 112 732 110 14 1047 15 14 720 13 13 1047 15 14 732 110 14 935 111 15 856 111 15 935 111 15 732 110 14 935 111 15 856 111 15 1011 112 15 1006 0 21 1011 0 15 856 0 15 1011 113 15 1006 114 21 869 113 19 862 16 21 869 115 19 1006 115 21 869 115 19 862 16 21 877 16 21 766 0 2 757 0 6 771 0 4 757 0 6 766 0 2 411 0 101 998 0 0 411 0 101 766 0 2 411 0 101 998 0 0 991 0 104 363 0 113 991 0 104 998 0 0 991 118 104 363 117 113 809 116 113 816 119 51 809 116 113 363 117 113 809 0 113 816 0 51 208 0 106 757 120 6 883 88 8 968 120 6 883 88 8 757 120 6 738 87 8 761 0 98 738 0 8 757 0 6 738 0 8 761 0 98 742 0 114 415 123 98 742 122 114 761 121 98 742 122 114 415 123 98 420 124 114 245 0 96 420 0 114 415 0 98 420 0 114 245 0 96 251 0 115 742 0 114 655 0 87 738 0 8 655 0 87 742 0 114 675 0 116 420 124 114 675 125 116 742 122 114 675 125 116 420 124 114 1022 126 116 251 0 115 1022 0 116 420 0 114 1022 0 116 251 0 115 429 0 117 257 0 118 429 0 117 251 0 115 429 0 117 257 0 118 265 0 119 1230 65 69 151 0 120 1227 63 67 151 0 120 1230 65 69 158 0 121 1238 67 71 158 0 121 1230 65 69 158 0 121 1238 67 71 166 0 122 1247 69 73 166 0 122 1238 67 71 166 0 122 1247 69 73 172 0 123 1254 71 75 172 0 123 1247 69 73 956 0 124 1031 0 3 962 0 5 1031 0 3 956 0 124 948 0 125 650 129 124 948 128 125 956 127 124 948 128 125 650 129 124 699 130 125 631 0 9 699 0 125 650 0 124 699 0 125 631 0 9 694 0 10 983 10 9 694 8 10 631 131 9 222 0 126 796 0 103 215 0 105 796 0 103 222 0 126 790 0 102 843 0 127 790 0 102 222 0 126 790 134 102 843 133 127 1143 132 127 1139 135 128 1143 132 127 843 133 127 1143 0 127 1139 0 128 1150 0 97 1168 0 129 1162 0 20 784 0 22 1162 0 20 1168 0 129 1068 0 130 1064 0 131 1068 0 130 1168 0 129 1068 0 130 1064 0 131 1060 0 132 490 0 85 1060 0 132 1064 0 131 1060 0 132 490 0 85 1080 0 84 4 137 134 8 19 24 0 136 133 8 19 24 4 137 134 15 20 26 12 138 135 15 20 26 4 137 134 15 20 26 12 138 135 24 21 28 19 139 136 24 21 28 12 138 135 24 21 28 19 139 136 37 23 30 1301 140 139 849 0 138 223 0 137 849 0 138 1301 140 139 232 0 140 238 141 141 232 0 140 1301 140 139 232 143 140 238 141 141 543 142 141 538 144 142 543 142 141 238 141 141 543 142 141 538 144 142 551 145 143 642 4 5 956 127 124 962 2 5 956 127 124 642 4 5 650 129 124 636 0 7 650 0 124 642 0 5 650 0 124 636 0 7 631 0 9 974 7 7 631 131 9 636 6 7 631 131 9 974 7 7 983 10 9 1323 148 145 1313 147 143 1309 146 144 1313 147 143 1323 148 145 1319 149 146 244 0 147 1319 149 146 1323 148 145 1319 149 146 244 0 147 586 0 148 746 0 149 586 0 148 244 0 147 586 151 148 746 150 149 1149 150 149 368 152 51 816 119 51 363 117 113 816 119 51 368 152 51 824 153 150 1010 154 150 824 153 150 368 152 51 824 153 150 1010 154 150 582 155 151 1021 155 151 582 155 151 1010 154 150 1060 0 132 1055 0 152 1068 0 130 1055 0 152 1060 0 132 1154 0 153 1073 0 154 1154 0 153 1060 0 132 1154 0 153 1073 0 154 92 0 155 85 0 156 92 0 155 1073 0 154 0 136 133 1406 157 158 1401 156 157 1406 157 158 0 136 133 1410 158 159 8 19 24 1410 158 159 0 136 133 1410 158 159 8 19 24 1163 0 160 103 0 25 1163 0 160 8 19 24 909 0 87 891 0 10 883 0 8 891 0 10 909 0 87 898 0 11 778 0 23 898 0 11 909 0 87 898 161 11 778 160 23 713 159 23 725 18 22 713 159 23 778 160 23 612 78 83 1076 162 83 1080 80 84 1076 162 83 612 78 83 308 163 161 617 164 161 308 163 161 612 78 83 308 163 161 617 164 161 444 165 161 451 166 161 444 165 161 617 164 161 1290 167 163 223 0 137 216 0 162 223 0 137 1290 167 163 1301 140 139 1295 168 164 1301 140 139 1290 167 163 1301 140 139 1295 168 164 1305 169 165 1319 172 146 547 171 146 1313 170 143 547 171 146 1319 172 146 686 173 148 586 151 148 686 173 148 1319 172 146 686 173 148 586 151 148 1149 150 149 1219 176 168 525 175 167 517 174 166 525 175 167 1219 176 168 1207 177 169 1210 178 170 1207 177 169 1219 176 168 1207 177 169 1210 178 170 145 0 171 543 142 141 681 179 140 232 143 140 681 0 140 543 142 141 547 180 146 551 145 143 547 180 146 543 142 141 547 171 146 551 170 143 1313 170 143 363 0 113 357 0 49 368 0 51 357 0 49 363 0 113 373 0 48 998 0 0 373 0 48 363 0 113 373 183 48 998 182 0 476 181 0 991 0 104 407 0 103 411 0 101 407 94 103 991 118 104 803 96 104 809 116 113 803 96 104 991 118 104 803 0 104 809 0 113 208 0 106 707 0 12 699 0 125 694 0 10 699 130 125 707 14 12 943 184 12 1051 12 13 943 184 12 707 14 12 943 0 12 1051 0 13 1031 0 3 1211 185 173 151 0 120 146 0 172 151 0 120 1211 185 173 1227 63 67 1215 186 174 1227 63 67 1211 185 173 1227 63 67 1215 186 174 1223 62 66 494 77 82 270 187 175 591 76 82 270 187 175 494 77 82 499 188 175 512 0 84 499 0 175 494 0 82 499 0 175 512 0 84 505 0 85 1389 189 178 1155 0 177 93 0 176 1155 0 177 1389 189 178 1396 190 179 1377 191 180 1396 190 179 1389 189 178 1396 190 179 1377 191 180 1392 192 181 675 0 116 662 0 86 655 0 87 662 0 86 675 0 116 668 0 117 1022 126 116 668 193 117 675 125 116 668 193 117 1022 126 116 429 194 117 1027 0 182 499 0 175 505 0 85 499 188 175 1027 196 182 425 195 182 429 194 117 425 195 182 1027 196 182 425 0 182 429 0 117 265 0 119 1330 198 184 1309 146 144 1335 197 183 1309 146 144 1330 198 184 1323 148 145 250 0 185 1323 148 145 1330 198 184 1323 148 145 250 0 185 244 0 147 1341 200 187 1335 197 183 1345 199 186 1335 197 183 1341 200 187 1330 198 184 256 0 188 1330 198 184 1341 200 187 1330 198 184 256 0 188 250 0 185 1348 202 190 1345 199 186 1352 201 189 1345 199 186 1348 202 190 1341 200 187 264 0 191 1341 200 187 1348 202 190 1341 200 187 264 0 191 256 0 188 1360 60 64 1352 201 189 1356 61 65 1352 201 189 1360 60 64 1348 202 190 271 0 192 1348 202 190 1360 60 64 1348 202 190 271 0 192 264 0 191 194 0 194 824 0 150 185 0 193 824 0 150 194 0 194 816 0 51 201 0 195 816 0 51 194 0 194 816 0 51 201 0 195 208 0 106 343 0 93 317 0 91 349 0 92 317 0 91 343 0 93 353 0 196 1115 0 94 353 0 196 343 0 93 353 0 196 1115 0 94 1132 0 95 778 160 23 784 17 22 725 18 22 784 0 22 778 0 23 1168 0 129 909 0 87 1168 0 129 778 0 23 1168 0 129 909 0 87 978 0 86 1388 205 198 1380 204 197 1377 203 180 1380 204 197 1388 205 198 1384 206 199 91 0 200 1384 206 199 1388 205 198 1384 206 199 91 0 200 84 0 201 1384 206 199 556 108 111 1380 204 197 556 108 111 1384 206 199 435 109 112 443 0 202 435 109 112 1384 206 199 435 109 112 443 208 202 450 207 202 1396 190 179 1056 0 203 1155 0 177 1056 0 203 1396 190 179 1406 157 158 1392 192 181 1406 157 158 1396 190 179 1406 157 158 1392 192 181 1401 156 157 411 0 101 761 0 98 757 0 6 761 121 98 411 209 101 837 209 101 831 90 100 837 92 101 411 92 101 837 0 101 831 0 100 415 0 98 1143 0 127 398 0 100 403 0 102 398 0 100 1143 0 127 1146 0 99 1150 0 97 1146 0 99 1143 0 127 1146 212 99 1150 211 97 747 210 97 1073 0 154 308 0 161 85 0 156 308 0 161 1073 0 154 1076 0 83 1060 0 132 1076 0 83 1073 0 154 1076 0 83 1060 0 132 1080 0 84 1274 74 78 209 0 204 202 0 80 209 0 204 1274 74 78 1280 213 205 1270 214 206 1280 213 205 1274 74 78 1280 213 205 1270 214 206 1284 215 207 1280 213 205 216 0 162 209 0 204 216 0 162 1280 213 205 1290 167 163 1284 215 207 1290 167 163 1280 213 205 1290 167 163 1284 215 207 1295 168 164 525 218 167 1032 217 208 518 216 167 1032 217 208 525 218 167 1020 219 209 581 220 210 1020 219 209 525 218 167 575 0 213 1014 0 212 996 0 211 1014 0 212 575 0 213 1020 0 209 1032 0 208 1020 0 209 575 0 213 1207 177 169 581 0 210 525 175 167 581 0 210 1207 177 169 140 0 214 145 0 171 140 0 214 1207 177 169 450 207 202 459 107 112 435 109 112 459 107 112 450 0 202 283 0 215 275 0 216 283 0 215 450 0 202 570 223 217 1199 222 43 1203 221 43 1199 222 43 570 223 217 135 224 218 1004 225 219 135 224 218 570 223 217 622 226 50 378 41 50 626 39 49 378 41 50 622 226 50 382 42 52 393 44 52 382 42 52 622 226 50 824 0 150 165 0 221 171 0 220 165 0 221 824 0 150 157 0 222 150 0 223 157 0 222 824 0 150 824 0 150 144 0 224 150 0 223 144 0 224 824 0 150 139 0 225 582 0 151 139 0 225 824 0 150 1010 0 150 1015 0 226 1021 0 151 1015 0 226 1010 0 150 997 0 227 990 0 53 997 0 227 1010 0 150 322 0 229 1132 0 95 111 0 228 1132 0 95 322 0 229 353 0 196 317 0 91 353 0 196 322 0 229 681 179 140 849 227 138 232 143 140 849 227 138 681 179 140 1138 227 138 1149 0 149 1138 0 138 681 0 140 1088 100 110 1084 0 215 1092 98 108 1084 228 215 1088 102 110 464 103 110 122 0 230 388 0 53 117 0 55 388 0 53 122 0 230 128 0 231 134 0 232 388 0 53 128 0 231 388 45 53 134 229 232 1005 229 232 238 141 141 531 230 142 538 144 142 531 230 142 238 141 141 1301 140 139 1122 0 233 31 22 29 49 24 31 31 22 29 1122 0 233 1042 0 234 186 0 235 1262 73 77 195 0 79 1262 73 77 186 0 235 180 0 236 336 0 90 393 0 52 622 0 50 393 0 52 336 0 90 1111 0 54 1005 229 232 990 43 53 388 45 53 990 0 53 1005 0 232 997 0 227 330 0 89 111 0 228 1103 0 88 111 0 228 330 0 89 317 0 91 1133 0 237 49 24 31 62 26 33 49 24 31 1133 0 237 1122 0 233 608 0 62 603 0 63 1363 49 60 603 59 63 608 51 62 288 52 62 110 0 238 62 26 33 77 28 35 62 26 33 110 0 238 1133 0 237 1360 60 64 592 0 239 271 0 192 592 0 239 1360 60 64 598 0 63 1104 0 241 77 28 35 1098 0 240 77 28 35 1104 0 241 110 0 238 116 0 242 77 28 35 1174 30 37 77 28 35 116 0 242 1098 0 240 121 0 243 1174 30 37 1178 32 39 1174 30 37 121 0 243 116 0 242 127 0 244 1178 32 39 1192 34 41 1178 32 39 127 0 244 121 0 243 464 103 110 283 228 215 1084 228 215 283 0 215 464 105 110 459 107 112 84 0 201 443 0 202 1384 206 199 443 0 202 84 0 201 309 0 245 948 0 125 943 0 12 1031 0 3 943 184 12 948 128 125 699 130 125 301 0 81 617 0 161 612 0 83 617 0 161 301 0 81 276 0 246 1016 114 17 1011 113 15 869 113 19 1011 112 15 1016 112 17 935 111 15 135 0 218 1192 34 41 1199 36 43 1192 34 41 135 0 218 127 0 244 570 0 217 996 0 211 1004 0 219 996 0 211 570 0 217 575 0 213 1069 0 247 1410 158 159 1163 0 160 1410 158 159 1069 0 247 1056 0 203 179 0 248 824 0 150 171 0 220 824 0 150 179 0 248 185 0 193 790 134 102 403 95 102 796 93 103 403 95 102 790 134 102 1143 132 127 270 0 175 425 0 182 265 0 119 425 195 182 270 187 175 499 188 175 662 0 86 1027 0 182 505 0 85 1027 0 182 662 0 86 668 0 117 978 0 86 1064 0 131 1168 0 129 1064 0 131 978 0 86 490 0 85 690 11 11 898 161 11 713 159 23 898 161 11 690 11 11 891 9 10 1146 212 99 752 91 99 398 89 100 752 91 99 1146 212 99 747 210 97 180 0 236 1254 71 75 1262 73 77 1254 71 75 180 0 236 172 0 123 481 1 4 766 231 2 771 3 4 766 231 2 481 1 4 486 232 2 681 0 140 686 0 148 1149 0 149 686 0 148 681 0 140 547 180 146 486 232 2 998 182 0 766 231 2 998 182 0 486 232 2 476 181 0 850 0 128 843 0 127 222 0 126 843 133 127 850 135 128 1139 135 128 373 183 48 471 40 48 357 38 49 471 40 48 373 183 48 476 181 0 862 0 21 856 0 15 732 0 14 856 0 15 862 0 21 1006 0 21 31 22 29 1042 0 234 1026 0 27 531 230 142 1301 140 139 1305 169 165 603 59 63 288 52 62 293 58 63 617 0 161 276 0 246 451 0 161 1410 158 159 1056 0 203 1406 157 158 837 209 101 415 123 98 761 121 98 1027 196 182 668 193 117 429 194 117 322 0 229 111 0 228 317 0 91 1219 176 168 1214 233 249 1210 178 170 1274 74 78 1266 72 76 1270 214 206 302 55 63 284 53 61 277 0 250 368 0 51 990 0 53 1010 0 150 50 236 253 32 235 252 104 234 251 32 235 252 50 236 253 38 237 254 45 238 255 38 237 254 50 236 253 38 237 254 45 238 255 1292 239 256 112 240 257 1292 239 256 45 238 255 1292 239 256 112 240 257 1343 241 258 118 242 259 1343 241 258 112 240 257 1343 241 258 118 242 259 1338 243 260 123 244 261 1338 243 260 118 242 259 558 247 264 332 246 263 324 245 262 332 246 263 558 247 264 563 248 265 431 249 266 563 248 265 558 247 264 563 248 265 431 249 266 465 250 267 437 251 268 465 250 267 431 249 266 465 250 267 437 251 268 460 252 269 526 253 270 460 252 269 437 251 268 460 256 269 526 255 270 513 254 271 960 259 264 722 258 263 715 257 262 722 258 263 960 259 264 965 260 265 840 261 266 965 260 265 960 259 264 965 260 265 840 261 266 871 262 267 846 263 268 871 262 267 840 261 266 871 262 267 846 263 268 865 264 269 1017 265 270 865 264 269 846 263 268 865 268 269 1017 267 270 1028 266 271 130 271 264 1332 270 263 1325 269 262 1332 270 263 130 271 264 136 272 265 1412 273 266 136 272 265 130 271 264 136 272 265 1412 273 266 16 274 267 2 275 268 16 274 267 1412 273 266 16 274 267 2 275 268 13 276 269 86 277 270 13 276 269 2 275 268 13 280 269 86 279 270 72 278 271 1008 283 264 1018 282 263 1000 281 262 1018 282 263 1008 283 264 1012 284 265 811 285 266 1012 284 265 1008 283 264 1012 284 265 811 285 266 844 286 267 818 287 268 844 286 267 811 285 266 844 286 267 818 287 268 838 288 269 944 289 270 838 288 269 818 287 268 838 292 269 944 291 270 910 290 271 754 295 264 527 294 263 520 293 262 527 294 263 754 295 264 758 296 265 628 297 266 758 296 265 754 295 264 758 296 265 628 297 266 656 298 267 633 299 268 656 298 267 628 297 266 656 298 267 633 299 268 651 300 269 721 301 270 651 300 269 633 299 268 651 304 269 721 303 270 708 302 271 1201 307 264 945 306 263 937 305 262 945 306 263 1201 307 264 1205 308 265 1090 309 266 1205 308 265 1201 307 264 1205 308 265 1090 309 266 1116 310 267 1095 311 268 1116 310 267 1090 309 266 1116 310 267 1095 311 268 1112 312 269 1175 313 270 1112 312 269 1095 311 268 1112 316 269 1175 315 270 1164 314 271 1358 319 264 1176 318 263 1170 317 262 1176 318 263 1358 319 264 1361 320 265 1256 321 266 1361 320 265 1358 319 264 1361 320 265 1256 321 266 1275 322 267 1260 323 268 1275 322 267 1256 321 266 1275 322 267 1260 323 268 1271 324 269 1331 325 270 1271 324 269 1260 323 268 1271 328 269 1331 327 270 1320 326 271 365 331 264 87 330 263 79 329 262 87 330 263 365 331 264 369 332 265 225 333 266 369 332 265 365 331 264 369 332 265 225 333 266 258 334 267 234 335 268 258 334 267 225 333 266 258 334 267 234 335 268 252 336 269 331 337 270 252 336 269 234 335 268 252 340 269 331 339 270 318 338 271 774 343 274 501 342 273 509 341 272 501 342 273 774 343 274 780 344 275 618 345 276 780 344 275 774 343 274 780 344 275 618 345 276 623 346 277 613 347 278 623 346 277 618 345 276 623 346 277 613 347 278 609 348 279 695 349 280 609 348 279 613 347 278 1372 352 274 1152 351 273 1159 350 272 1152 351 273 1372 352 274 1375 353 275 1248 354 276 1375 353 275 1372 352 274 1375 353 275 1248 354 276 1252 355 277 1243 356 278 1252 355 277 1248 354 276 1252 355 277 1243 356 278 1239 357 279 1310 358 280 1239 357 279 1243 356 278 1044 361 274 1053 360 273 1036 359 272 1053 360 273 1044 361 274 1048 362 275 797 363 276 1048 362 275 1044 361 274 1048 362 275 797 363 276 804 364 277 791 365 278 804 364 277 797 363 276 804 364 277 791 365 278 785 366 279 892 367 280 785 366 279 791 365 278 981 370 274 696 369 273 703 368 272 696 369 273 981 370 274 988 371 275 827 372 276 988 371 275 981 370 274 988 371 275 827 372 276 834 373 277 819 374 278 834 373 277 827 372 276 834 373 277 819 374 278 812 375 279 1052 376 280 812 375 279 819 374 278 153 379 274 1311 378 273 1317 377 272 1311 378 273 153 379 274 159 380 275 1402 381 276 159 380 275 153 379 274 159 380 275 1402 381 276 1407 382 277 1397 383 278 1407 382 277 1402 381 276 1407 382 277 1397 383 278 1393 384 279 57 385 280 1393 384 279 1397 383 278 384 388 274 58 387 273 66 386 272 58 387 273 384 388 274 389 389 275 210 390 276 389 389 275 384 388 274 389 389 275 210 390 276 217 391 277 203 392 278 217 391 277 210 390 276 217 391 277 203 392 278 196 393 279 303 394 280 196 393 279 203 392 278 1217 397 274 893 396 273 902 395 272 893 396 273 1217 397 274 1220 398 275 1081 399 276 1220 398 275 1217 397 274 1220 398 275 1081 399 276 1086 400 277 1077 401 278 1086 400 277 1081 399 276 1086 400 277 1077 401 278 1074 402 279 1151 403 280 1074 402 279 1077 401 278 394 406 283 422 405 282 576 404 281 422 405 282 394 406 283 399 407 284 408 408 285 399 407 284 394 406 283 399 407 284 408 408 285 404 409 286 465 410 267 404 409 286 408 408 285 404 409 286 465 410 267 460 256 269 1193 413 259 1196 412 261 951 411 260 1196 412 261 1193 413 259 1127 414 287 1190 415 257 1127 414 287 1193 413 259 1127 414 287 1190 415 257 1144 416 255 864 417 256 1144 416 255 1190 415 257 1144 416 255 864 417 256 1140 418 254 1349 421 259 1353 420 261 1181 419 260 1353 420 261 1349 421 259 1285 422 287 1346 423 257 1285 422 287 1349 421 259 1285 422 287 1346 423 257 1302 424 255 1135 425 256 1302 424 255 1346 423 257 1302 424 255 1135 425 256 1296 426 254 1224 429 283 1249 428 282 1371 427 281 1249 428 282 1224 429 283 1228 430 284 1235 431 285 1228 430 284 1224 429 283 1228 430 284 1235 431 285 1231 432 286 1275 433 267 1231 432 286 1235 431 285 1231 432 286 1275 433 267 1271 328 269 1127 414 287 1106 434 288 1196 412 261 1106 434 288 1127 414 287 1123 435 289 1144 416 255 1123 435 289 1127 414 287 1123 435 289 1144 416 255 1147 436 253 1140 418 254 1147 436 253 1144 416 255 1147 436 253 1140 418 254 1134 437 252 1039 440 291 1043 439 281 1035 438 290 1043 439 281 1039 440 291 762 441 283 1023 442 292 762 441 283 1039 440 291 762 441 283 1023 442 292 779 443 285 1012 444 265 779 443 285 1023 442 292 779 443 285 1012 444 265 844 445 267 548 448 259 552 447 261 339 446 260 552 447 261 548 448 259 477 449 287 544 450 257 477 449 287 548 448 259 477 449 287 544 450 257 491 451 255 279 452 256 491 451 255 544 450 257 491 451 255 279 452 256 487 453 254 762 441 283 798 454 282 1043 439 281 798 454 282 762 441 283 767 455 284 779 443 285 767 455 284 762 441 283 767 455 284 779 443 285 772 456 286 844 445 267 772 456 286 779 443 285 772 456 286 844 445 267 838 292 269 1367 458 291 1371 427 281 1158 457 290 1371 427 281 1367 458 291 1224 429 283 1364 459 292 1224 429 283 1367 458 291 1224 429 283 1364 459 292 1235 431 285 1361 460 265 1235 431 285 1364 459 292 1235 431 285 1361 460 265 1275 433 267 1378 463 283 1403 462 282 152 461 281 1403 462 282 1378 463 283 1381 464 284 1390 465 285 1381 464 284 1378 463 283 1381 464 284 1390 465 285 1385 466 286 16 467 267 1385 466 286 1390 465 285 1385 466 286 16 467 267 13 280 269 979 470 259 992 469 261 986 468 260 992 469 261 979 470 259 857 471 287 975 472 257 857 471 287 979 470 259 857 471 287 975 472 257 878 473 255 964 474 256 878 473 255 975 472 257 878 473 255 964 474 256 870 475 254 976 478 291 980 477 281 702 476 290 980 477 281 976 478 291 786 479 283 971 480 292 786 479 283 976 478 291 786 479 283 971 480 292 805 481 285 965 482 265 805 481 285 971 480 292 805 481 285 965 482 265 871 483 267 477 449 287 453 484 288 552 447 261 453 484 288 477 449 287 472 485 289 491 451 255 472 485 289 477 449 287 472 485 289 491 451 255 495 486 253 487 453 254 495 486 253 491 451 255 495 486 253 487 453 254 482 487 252 147 489 291 152 461 281 1316 488 290 152 461 281 147 489 291 1378 463 283 141 490 292 1378 463 283 147 489 291 1378 463 283 141 490 292 1390 465 285 136 491 265 1390 465 285 141 490 292 1390 465 285 136 491 265 16 467 267 426 494 277 416 493 278 412 492 279 416 493 278 426 494 277 421 495 276 583 496 275 421 495 276 426 494 277 421 495 276 583 496 275 577 497 274 304 498 273 577 497 274 583 496 275 577 497 274 304 498 273 313 499 272 354 502 259 358 501 261 96 500 260 358 501 261 354 502 259 272 503 287 350 504 257 272 503 287 354 502 259 272 503 287 350 504 257 289 505 255 33 506 256 289 505 255 350 504 257 289 505 255 33 506 256 285 507 254 272 503 287 247 508 288 358 501 261 247 508 288 272 503 287 266 509 289 289 505 255 266 509 289 272 503 287 266 509 289 289 505 255 294 510 253 285 507 254 294 510 253 289 505 255 294 510 253 285 507 254 278 511 252 571 513 291 576 404 281 312 512 290 576 404 281 571 513 291 394 406 283 567 514 292 394 406 283 571 513 291 394 406 283 567 514 292 408 408 285 563 515 265 408 408 285 567 514 292 408 408 285 563 515 265 465 410 267 768 518 291 773 517 281 508 516 290 773 517 281 768 518 291 587 519 283 763 520 292 587 519 283 768 518 291 587 519 283 763 520 292 604 521 285 758 522 265 604 521 285 763 520 292 604 521 285 758 522 265 656 523 267 857 471 287 833 524 288 992 469 261 833 524 288 857 471 287 851 525 289 878 473 255 851 525 289 857 471 287 851 525 289 878 473 255 884 526 253 870 475 254 884 526 253 878 473 255 884 526 253 870 475 254 863 527 252 167 530 283 211 529 282 383 528 281 211 529 282 167 530 283 173 531 284 187 532 285 173 531 284 167 530 283 173 531 284 187 532 285 181 533 286 258 534 267 181 533 286 187 532 285 181 533 286 258 534 267 252 340 269 379 536 291 383 528 281 65 535 290 383 528 281 379 536 291 167 530 283 374 537 292 167 530 283 379 536 291 167 530 283 374 537 292 187 532 285 369 538 265 187 532 285 374 537 292 187 532 285 369 538 265 258 534 267 885 541 287 859 540 288 953 539 261 859 540 288 885 541 287 879 542 289 903 543 255 879 542 289 885 541 287 879 542 289 903 543 255 912 544 253 894 545 254 912 544 253 903 543 255 912 544 253 894 545 254 963 546 252 946 548 259 953 539 261 728 547 260 953 539 261 946 548 259 885 541 287 940 549 257 885 541 287 946 548 259 885 541 287 940 549 257 903 543 255 677 550 256 903 543 255 940 549 257 903 543 255 677 550 256 894 545 254 587 519 283 619 551 282 773 517 281 619 551 282 587 519 283 593 552 284 604 521 285 593 552 284 587 519 283 593 552 284 604 521 285 599 553 286 656 523 267 599 553 286 604 521 285 599 553 286 656 523 267 651 304 269 786 479 283 828 554 282 980 477 281 828 554 282 786 479 283 793 555 284 805 481 285 793 555 284 786 479 283 793 555 284 805 481 285 799 556 286 871 483 267 799 556 286 805 481 285 799 556 286 871 483 267 865 268 269 669 559 287 644 558 288 748 557 261 644 558 288 669 559 287 663 560 289 687 561 255 663 560 289 669 559 287 663 560 289 687 561 255 691 562 253 682 563 254 691 562 253 687 561 255 691 562 253 682 563 254 676 564 252 743 566 259 748 557 261 534 565 260 748 557 261 743 566 259 669 559 287 739 567 257 669 559 287 743 566 259 669 559 287 739 567 257 687 561 255 483 568 256 687 561 255 739 567 257 687 561 255 483 568 256 682 563 254 1285 422 287 1268 569 288 1353 420 261 1268 569 288 1285 422 287 1281 570 289 1302 424 255 1281 570 289 1285 422 287 1281 570 289 1302 424 255 1306 571 253 1296 426 254 1306 571 253 1302 424 255 1306 571 253 1296 426 254 1291 572 252 1212 575 291 1216 574 281 901 573 290 1216 574 281 1212 575 291 1057 576 283 1208 577 292 1057 576 283 1212 575 291 1057 576 283 1208 577 292 1070 578 285 1205 579 265 1070 578 285 1208 577 292 1070 578 285 1205 579 265 1116 580 267 1057 576 283 1082 581 282 1216 574 281 1082 581 282 1057 576 283 1061 582 284 1070 578 285 1061 582 284 1057 576 283 1061 582 284 1070 578 285 1065 583 286 1116 580 267 1065 583 286 1070 578 285 1065 583 286 1116 580 267 1112 316 269 224 586 295 246 585 294 233 584 293 246 585 294 224 586 295 359 587 296 364 588 297 359 587 296 224 586 295 359 587 296 364 588 297 97 589 298 81 590 299 97 589 298 364 588 297 1364 459 292 1176 591 263 1361 460 265 1176 591 263 1364 459 292 1165 592 300 1367 458 291 1165 592 300 1364 459 292 1165 592 300 1367 458 291 1158 457 290 567 514 292 332 593 263 563 515 265 332 593 263 567 514 292 319 594 300 571 513 291 319 594 300 567 514 292 319 594 300 571 513 291 312 512 290 141 490 292 1332 595 263 136 491 265 1332 595 263 141 490 292 1321 596 300 147 489 291 1321 596 300 141 490 292 1321 596 300 147 489 291 1316 488 290 971 480 292 722 597 263 965 482 265 722 597 263 971 480 292 709 598 300 976 478 291 709 598 300 971 480 292 709 598 300 976 478 291 702 476 290 95 599 301 50 236 253 104 234 251 50 236 253 95 599 301 20 600 289 6 601 302 20 600 289 95 599 301 20 600 289 6 601 302 10 602 288 20 600 289 45 238 255 50 236 253 45 238 255 20 600 289 25 603 287 10 602 288 25 603 287 20 600 289 25 603 287 10 602 288 123 244 261 374 537 292 87 604 263 369 538 265 87 604 263 374 537 292 73 605 300 379 536 291 73 605 300 374 537 292 73 605 300 379 536 291 65 535 290 763 520 292 527 606 263 758 522 265 527 606 263 763 520 292 514 607 300 768 518 291 514 607 300 763 520 292 514 607 300 768 518 291 508 516 290 1023 442 292 1018 608 263 1012 444 265 1018 608 263 1023 442 292 1029 609 300 1039 440 291 1029 609 300 1023 442 292 1029 609 300 1039 440 291 1035 438 290 1208 577 292 945 610 263 1205 579 265 945 610 263 1208 577 292 911 611 300 1212 575 291 911 611 300 1208 577 292 911 611 300 1212 575 291 901 573 290 845 614 293 984 613 304 1001 612 303 984 613 304 845 614 293 852 615 305 858 616 294 852 615 305 845 614 293 632 619 293 726 618 304 716 617 303 726 618 304 632 619 293 637 620 305 643 621 294 637 620 305 632 619 293 1259 624 293 1336 623 304 1326 622 303 1336 623 304 1259 624 293 1263 625 305 1267 626 294 1263 625 305 1259 624 293 879 542 289 853 627 302 859 540 288 853 627 302 879 542 289 985 628 301 912 544 253 985 628 301 879 542 289 436 631 293 532 630 304 521 629 303 532 630 304 436 631 293 445 632 305 452 633 294 445 632 305 436 631 293 817 636 293 949 635 304 938 634 303 949 635 304 817 636 293 825 637 305 832 638 294 825 637 305 817 636 293 1 641 293 94 640 304 80 639 303 94 640 304 1 641 293 5 642 305 9 643 294 5 642 305 1 641 293 266 509 289 240 644 302 247 508 288 240 644 302 266 509 289 338 645 301 294 510 253 338 645 301 266 509 289 233 584 293 337 647 304 325 646 303 337 647 304 233 584 293 239 648 305 246 585 294 239 648 305 233 584 293 472 485 289 446 649 302 453 484 288 446 649 302 472 485 289 533 650 301 495 486 253 533 650 301 472 485 289 1094 653 293 1179 652 304 1171 651 303 1179 652 304 1094 653 293 1099 654 305 1105 655 294 1099 654 305 1094 653 293 663 560 289 638 656 302 644 558 288 638 656 302 663 560 289 727 657 301 691 562 253 727 657 301 663 560 289 952 660 298 1200 659 297 939 658 299 1200 659 297 952 660 298 1197 661 296 1197 661 296 1089 662 295 1200 659 297 1089 662 295 1197 661 296 1105 655 294 987 665 298 1007 664 297 1002 663 299 1007 664 297 987 665 298 993 666 296 993 666 296 810 667 295 1007 664 297 810 667 295 993 666 296 832 638 294 544 450 257 345 668 258 279 452 256 345 668 258 544 450 257 548 448 259 539 669 251 495 486 253 482 487 252 495 486 253 539 669 251 533 650 301 708 302 271 599 553 286 651 304 269 599 553 286 708 302 271 701 670 306 701 670 306 593 552 284 599 553 286 593 552 284 701 670 306 614 671 307 1028 266 271 799 556 286 865 268 269 799 556 286 1028 266 271 1034 672 306 1034 672 306 793 555 284 799 556 286 793 555 284 1034 672 306 820 673 307 969 674 251 912 544 253 963 546 252 912 544 253 969 674 251 985 628 301 118 242 259 25 603 287 123 244 261 25 603 287 118 242 259 112 240 257 513 254 271 404 409 286 460 256 269 404 409 286 513 254 271 507 675 306 507 675 306 399 407 284 404 409 286 399 407 284 507 675 306 417 676 307 739 567 257 540 677 258 483 568 256 540 677 258 739 567 257 743 566 259 733 678 251 691 562 253 676 564 252 691 562 253 733 678 251 727 657 301 940 549 257 734 679 258 677 550 256 734 679 258 940 549 257 946 548 259 318 338 271 181 533 286 252 340 269 181 533 286 318 338 271 311 680 306 311 680 306 173 531 284 181 533 286 173 531 284 311 680 306 204 681 307 350 504 257 105 682 258 33 506 256 105 682 258 350 504 257 354 502 259 344 683 251 294 510 253 278 511 252 294 510 253 344 683 251 338 645 301 72 278 271 1385 466 286 13 280 269 1385 466 286 72 278 271 64 684 306 64 684 306 1381 464 284 1385 466 286 1381 464 284 64 684 306 1398 685 307 1320 326 271 1231 432 286 1271 328 269 1231 432 286 1320 326 271 1315 686 306 1315 686 306 1228 430 284 1231 432 286 1228 430 284 1315 686 306 1244 687 307 1346 423 257 1186 688 258 1135 425 256 1186 688 258 1346 423 257 1349 421 259 729 691 298 959 690 297 717 689 299 959 690 297 729 691 298 954 692 296 1342 693 251 1306 571 253 1291 572 252 1306 571 253 1342 693 251 1337 694 301 1337 694 301 1281 570 289 1306 571 253 1281 570 289 1337 694 301 1264 695 302 954 692 296 839 696 295 959 690 297 839 696 295 954 692 296 858 616 294 535 699 298 753 698 297 522 697 299 753 698 297 535 699 298 749 700 296 749 700 296 627 701 295 753 698 297 627 701 295 749 700 296 643 621 294 1164 314 271 1065 583 286 1112 316 269 1065 583 286 1164 314 271 1157 702 306 1157 702 306 1061 582 284 1065 583 286 1061 582 284 1157 702 306 1078 703 307 340 706 298 557 705 297 326 704 299 557 705 297 340 706 298 553 707 296 1190 415 257 958 708 258 864 417 256 958 708 258 1190 415 257 1193 413 259 553 707 296 430 709 295 557 705 297 430 709 295 553 707 296 452 633 294 1185 710 251 1147 436 253 1134 437 252 1147 436 253 1185 710 251 1180 711 301 1180 711 301 1123 435 289 1147 436 253 1123 435 289 1180 711 301 1100 712 302 1182 715 298 1357 714 297 1172 713 299 1357 714 297 1182 715 298 1354 716 296 500 718 280 416 493 278 506 717 308 416 493 278 500 718 280 412 492 279 1339 721 298 129 720 297 1327 719 299 129 720 297 1339 721 298 124 722 296 910 290 271 772 456 286 838 292 269 772 456 286 910 290 271 900 723 306 900 723 306 767 455 284 772 456 286 767 455 284 900 723 306 792 724 307 124 722 296 1411 725 295 129 720 297 1411 725 295 124 722 296 9 643 294 975 472 257 970 726 258 964 474 256 970 726 258 975 472 257 979 470 259 1354 716 296 1255 727 295 1357 714 297 1255 727 295 1354 716 296 1267 626 294 957 728 251 884 526 253 863 527 252 884 526 253 957 728 251 950 729 301 950 729 301 851 525 289 884 526 253 851 525 289 950 729 301 826 730 302 112 240 257 45 238 255 25 603 287 1403 462 282 1381 464 284 1398 685 307 721 301 270 633 299 268 714 731 309 858 616 294 845 614 293 839 696 295 819 374 278 1033 732 308 1052 376 280 1077 401 278 1156 733 308 1151 403 280 548 448 259 339 446 260 345 668 258 1249 428 282 1228 430 284 1244 687 307 1017 265 270 846 263 268 999 734 309 1175 313 270 1095 311 268 1169 735 309 1349 421 259 1181 419 260 1186 688 258 743 566 259 534 565 260 540 677 258 1267 626 294 1259 624 293 1255 727 295 832 638 294 817 636 293 810 667 295 1268 569 288 1281 570 289 1264 695 302 1243 356 278 1314 736 308 1310 358 280 791 365 278 899 737 308 892 367 280 1331 325 270 1260 323 268 1324 738 309 946 548 259 728 547 260 734 679 258 526 253 270 437 251 268 519 739 309 1082 581 282 1061 582 284 1078 703 307 9 643 294 1 641 293 1411 725 295 1397 383 278 63 740 308 57 385 280 1193 413 259 951 411 260 958 708 258 944 289 270 818 287 268 936 741 309 619 551 282 593 552 284 614 671 307 211 529 282 173 531 284 204 681 307 1106 434 288 1123 435 289 1100 712 302 86 277 270 2 275 268 78 742 309 828 554 282 793 555 284 820 673 307 203 392 278 310 743 308 303 394 280 422 405 282 399 407 284 417 676 307 331 337 270 234 335 268 323 744 309 798 454 282 767 455 284 792 724 307 354 502 259 96 500 260 105 682 258 452 633 294 436 631 293 430 709 295 643 621 294 632 619 293 627 701 295 613 347 278 700 745 308 695 349 280 1105 655 294 1094 653 293 1089 662 295 979 470 259 986 468 260 970 726 258 833 524 288 851 525 289 826 730 302 235 748 259 253 747 261 228 746 260 253 747 261 235 748 259 137 749 287 212 750 310 137 749 287 235 748 259 137 749 287 212 750 310 148 751 311 21 752 312 148 751 311 212 750 310 148 751 311 21 752 312 142 753 313 26 754 314 142 753 313 21 752 312 142 753 313 26 754 314 205 755 315 197 756 316 205 755 315 26 754 314 488 759 259 496 758 261 190 757 260 496 758 261 488 759 259 418 760 287 484 761 310 418 760 287 488 759 259 418 760 287 484 761 310 427 762 311 333 763 312 427 762 311 484 761 310 427 762 311 333 763 312 423 764 313 341 765 314 423 764 313 333 763 312 423 764 313 341 765 314 478 766 315 473 767 316 478 766 315 341 765 314 692 770 259 704 769 261 468 768 260 704 769 261 692 770 259 624 771 287 688 772 310 624 771 287 692 770 259 624 771 287 688 772 310 634 773 311 541 774 312 634 773 311 688 772 310 634 773 311 541 774 312 629 775 313 545 776 314 629 775 313 541 774 312 629 775 313 545 776 314 683 777 315 678 778 316 683 777 315 545 776 314 955 781 259 966 780 261 672 779 260 966 780 261 955 781 259 847 782 287 947 783 310 847 782 287 955 781 259 847 782 287 947 783 310 860 784 311 744 785 312 860 784 311 947 783 310 860 784 311 744 785 312 854 786 313 750 787 314 854 786 313 744 785 312 854 786 313 750 787 314 941 788 315 913 789 316 941 788 315 750 787 314 287 792 259 299 791 261 54 790 260 299 791 261 287 792 259 263 793 287 282 794 310 263 793 287 287 792 259 263 793 287 282 794 310 274 795 311 143 796 312 274 795 311 282 794 310 274 795 311 143 796 312 269 797 313 149 798 314 269 797 313 143 796 312 269 797 313 149 798 314 218 799 315 241 800 316 218 799 315 149 798 314 109 803 264 1294 802 263 1287 801 262 1294 802 263 109 803 264 115 804 265 1395 805 266 115 804 265 109 803 264 115 804 265 1395 805 266 3 806 267 1400 807 268 3 806 267 1395 805 266 3 806 267 1400 807 268 1413 808 269 47 809 270 1413 808 269 1400 807 268 1413 812 269 47 811 270 35 810 271 1362 815 314 17 814 317 60 813 316 17 814 317 1362 815 314 1359 816 312 14 817 313 1359 816 312 1362 815 314 1359 816 312 14 817 313 18 818 311 7 819 289 18 818 311 14 817 313 18 818 311 7 819 289 11 820 287 1409 821 288 11 820 287 7 819 289 11 820 287 1409 821 288 100 822 261 1198 825 314 17 824 317 1303 823 316 17 824 317 1198 825 314 1194 826 312 1265 827 313 1194 826 312 1198 825 314 1194 826 312 1265 827 313 1269 828 311 1257 829 289 1269 828 311 1265 827 313 1269 828 311 1257 829 289 1261 830 287 1246 831 288 1261 830 287 1257 829 289 1261 830 287 1246 831 288 1328 832 261 1083 835 289 1129 834 301 1067 833 302 1129 834 301 1083 835 289 1091 836 313 1096 837 311 1091 836 313 1083 835 289 1091 836 313 1096 837 311 1009 838 312 1145 839 310 1009 838 312 1096 837 311 1009 838 312 1145 839 310 1153 840 318 914 841 319 1153 840 318 1145 839 310 1153 840 318 914 841 319 17 842 317 711 845 264 462 844 263 455 843 262 462 844 263 711 845 264 718 846 265 589 847 266 718 846 265 711 845 264 718 846 265 589 847 266 615 848 267 595 849 268 615 848 267 589 847 266 615 848 267 595 849 268 610 850 269 664 851 270 610 850 269 595 849 268 610 854 269 664 853 270 652 852 271 1293 857 270 1237 856 268 1286 855 309 1237 856 268 1293 857 270 1250 858 269 1282 861 271 1250 860 269 1293 859 270 1250 860 269 1282 861 271 1209 862 286 1277 863 306 1209 862 286 1282 861 271 1209 862 286 1277 863 306 1206 864 284 1222 865 307 1206 864 284 1277 863 306 1206 864 284 1222 865 307 1226 866 282 1167 869 264 896 868 263 887 867 262 896 868 263 1167 869 264 1173 870 265 1059 871 266 1173 870 265 1167 869 264 1173 870 265 1059 871 266 1079 872 267 1063 873 268 1079 872 267 1059 871 266 1079 872 267 1063 873 268 1075 874 269 1117 875 309 1075 874 269 1063 873 268 1075 874 269 1117 875 309 1124 876 270 268 879 264 281 878 263 260 877 262 281 878 263 268 879 264 273 880 265 89 881 266 273 880 265 268 879 264 273 880 265 89 881 266 125 882 267 99 883 268 125 882 267 89 881 266 125 882 267 99 883 268 119 884 269 182 885 270 119 884 269 99 883 268 119 888 269 182 887 270 168 886 271 1347 891 291 1350 890 281 1109 889 290 1350 890 281 1347 891 291 1202 892 283 1344 893 292 1202 892 283 1347 891 291 1202 892 283 1344 893 292 1213 894 285 1340 895 265 1213 894 285 1344 893 292 1213 894 285 1340 895 265 1253 896 267 1233 899 266 1253 898 267 1340 897 265 1253 898 267 1233 899 266 1237 856 268 307 902 264 48 901 263 41 900 262 48 901 263 307 902 264 316 903 265 214 904 266 316 903 265 307 902 264 316 903 265 214 904 266 249 905 267 221 906 268 249 905 267 214 904 266 249 905 267 221 906 268 243 907 269 280 908 270 243 907 269 221 906 268 243 911 269 280 910 270 290 909 271 503 914 264 183 913 263 175 912 262 183 913 263 503 914 264 510 915 265 386 916 266 510 915 265 503 914 264 510 915 265 386 916 266 409 917 267 391 918 268 409 917 267 386 916 266 409 917 267 391 918 268 405 919 269 461 920 270 405 919 269 391 918 268 405 923 269 461 922 270 447 921 271 973 926 264 665 925 263 658 924 262 665 925 263 973 926 264 977 927 265 801 928 266 977 927 265 973 926 264 977 927 265 801 928 266 835 929 267 807 930 268 835 929 267 801 928 266 835 929 267 807 930 268 829 931 269 895 932 270 829 931 269 807 930 268 829 935 269 895 934 270 880 933 271 133 938 274 1273 937 273 1279 936 272 1273 937 273 133 938 274 138 939 275 1386 940 276 138 939 275 133 938 274 138 939 275 1386 940 276 1391 941 277 1382 942 278 1391 941 277 1386 940 276 1391 941 277 1382 942 278 1379 943 279 22 944 280 1379 943 279 1382 942 278 1351 947 274 1102 946 273 1110 945 272 1102 946 273 1351 947 274 1355 948 275 1225 949 276 1355 948 275 1351 947 274 1355 948 275 1225 949 276 1229 950 277 1221 951 278 1229 950 277 1225 949 276 1229 950 277 1221 951 278 1218 952 279 1272 953 280 1218 952 279 1221 951 278 736 956 274 433 955 273 441 954 272 433 955 273 736 956 274 740 957 275 578 958 276 740 957 275 736 956 274 740 957 275 578 958 276 584 959 277 572 960 278 584 959 277 578 958 276 584 959 277 572 960 278 568 961 279 639 962 280 568 961 279 572 960 278 1202 892 283 1226 866 282 1350 890 281 1226 866 282 1202 892 283 1206 864 284 1213 894 285 1206 864 284 1202 892 283 1206 864 284 1213 894 285 1209 862 286 1253 896 267 1209 862 286 1213 894 285 1209 862 286 1253 896 267 1250 860 269 1237 856 268 1250 858 269 1253 898 267 1188 965 274 867 964 273 875 963 272 867 964 273 1188 965 274 1191 966 275 1049 967 276 1191 966 275 1188 965 274 1191 966 275 1049 967 276 1054 968 277 1045 969 278 1054 968 277 1049 967 276 1054 968 277 1045 969 278 1040 970 279 1101 971 280 1040 970 279 1045 969 278 315 974 274 328 973 273 298 972 272 328 973 273 315 974 274 320 975 275 74 976 276 320 975 275 315 974 274 320 975 275 74 976 276 82 977 277 67 978 278 82 977 277 74 976 276 82 977 277 67 978 278 59 979 279 154 980 280 59 979 279 67 978 278 335 983 274 23 982 273 30 981 272 23 982 273 335 983 274 342 984 275 199 985 276 342 984 275 335 983 274 342 984 275 199 985 276 207 986 277 192 987 278 207 986 277 199 985 276 207 986 277 192 987 278 184 988 279 327 989 280 184 988 279 192 987 278 529 992 274 155 991 273 163 990 272 155 991 273 529 992 274 536 993 275 375 994 276 536 993 275 529 992 274 536 993 275 375 994 276 380 995 277 370 996 278 380 995 277 375 994 276 380 995 277 370 996 278 366 997 279 432 998 280 366 997 279 370 996 278 90 999 318 17 814 317 1359 816 312 17 814 317 90 999 318 1304 1000 319 76 1001 310 1304 1000 319 90 999 318 1304 1000 319 76 1001 310 1308 1002 320 83 1003 259 1308 1002 320 76 1001 310 1308 1002 320 83 1003 259 1299 1004 260 100 822 261 1299 1004 260 83 1003 259 1322 1005 318 17 824 317 1194 826 312 17 824 317 1322 1005 318 1137 1006 319 1312 1007 310 1137 1006 319 1322 1005 318 1137 1006 319 1312 1007 310 1142 1008 320 1318 1009 259 1142 1008 320 1312 1007 310 1142 1008 320 1318 1009 259 1130 1010 260 1328 832 261 1130 1010 260 1318 1009 259 995 1013 274 640 1012 273 648 1011 272 640 1012 273 995 1013 274 1003 1014 275 787 1015 276 1003 1014 275 995 1013 274 1003 1014 275 787 1015 276 794 1016 277 781 1017 278 794 1016 277 787 1015 276 794 1016 277 781 1017 278 775 1018 279 866 1019 280 775 1018 279 781 1017 278 730 1022 291 735 1021 281 440 1020 290 735 1021 281 730 1022 291 549 1023 283 723 1024 292 549 1023 283 730 1022 291 549 1023 283 723 1024 292 564 1025 285 718 1026 265 564 1025 285 723 1024 292 564 1025 285 718 1026 265 615 1027 267 549 1023 283 579 1028 282 735 1021 281 579 1028 282 549 1023 283 554 1029 284 564 1025 285 554 1029 284 549 1023 283 554 1029 284 564 1025 285 559 1030 286 615 1027 267 559 1030 286 564 1025 285 559 1030 286 615 1027 267 610 854 269 479 1031 320 692 770 259 468 768 260 692 770 259 479 1031 320 688 772 310 474 1032 319 688 772 310 479 1031 320 688 772 310 474 1032 319 697 1033 318 17 1034 317 697 1033 318 474 1032 319 697 1033 318 17 1034 317 541 774 312 523 1037 291 528 1036 281 162 1035 290 528 1036 281 523 1037 291 346 1038 283 515 1039 292 346 1038 283 523 1037 291 346 1038 283 515 1039 292 360 1040 285 510 1041 265 360 1040 285 515 1039 292 360 1040 285 510 1041 265 409 1042 267 346 1038 283 376 1043 282 528 1036 281 376 1043 282 346 1038 283 351 1044 284 360 1040 285 351 1044 284 346 1038 283 351 1044 284 360 1040 285 355 1045 286 409 1042 267 355 1045 286 360 1040 285 355 1045 286 409 1042 267 405 923 269 206 1046 320 488 759 259 190 757 260 488 759 259 206 1046 320 484 761 310 198 1047 319 484 761 310 206 1046 320 484 761 310 198 1047 319 492 1048 318 17 1049 317 492 1048 318 198 1047 319 492 1048 318 17 1049 317 333 763 312 305 1052 291 314 1051 281 297 1050 290 314 1051 281 305 1052 291 34 1053 283 286 1054 292 34 1053 283 305 1052 291 34 1053 283 286 1054 292 51 1055 285 273 1056 265 51 1055 285 286 1054 292 51 1055 285 273 1056 265 125 1057 267 34 1053 283 75 1058 282 314 1051 281 75 1058 282 34 1053 283 39 1059 284 51 1055 285 39 1059 284 34 1053 283 39 1059 284 51 1055 285 46 1060 286 125 1057 267 46 1060 286 51 1055 285 46 1060 286 125 1057 267 119 888 269 219 1061 320 235 748 259 228 746 260 235 748 259 219 1061 320 212 750 310 242 1062 319 212 750 310 219 1061 320 212 750 310 242 1062 319 248 1063 318 17 1064 317 248 1063 318 242 1062 319 248 1063 318 17 1064 317 21 752 312 69 1065 315 1362 815 314 60 813 316 1362 815 314 69 1065 315 14 817 313 53 1066 301 14 817 313 69 1065 315 14 817 313 53 1066 301 7 819 289 1405 1067 302 7 819 289 53 1066 301 7 819 289 1405 1067 302 1409 821 288 1307 1068 315 1198 825 314 1303 823 316 1198 825 314 1307 1068 315 1265 827 313 1298 1069 301 1265 827 313 1307 1068 315 1265 827 313 1298 1069 301 1257 829 289 1241 1070 302 1257 829 289 1298 1069 301 1257 829 289 1241 1070 302 1246 831 288 1113 1073 271 1075 1072 269 1124 1071 270 1075 1072 269 1113 1073 271 1030 1074 286 1108 1075 306 1030 1074 286 1113 1073 271 1030 1074 286 1108 1075 306 1024 1076 284 1046 1077 307 1024 1076 284 1108 1075 306 1024 1076 284 1046 1077 307 1050 1078 282 1030 1074 286 1079 1079 267 1075 1072 269 1079 1079 267 1030 1074 286 1037 1080 285 1024 1076 284 1037 1080 285 1030 1074 286 1037 1080 285 1024 1076 284 1019 1081 283 1050 1078 282 1019 1081 283 1024 1076 284 1019 1081 283 1050 1078 282 1187 1082 281 1037 1080 285 1173 1083 265 1079 1079 267 1173 1083 265 1037 1080 285 1177 1084 292 1019 1081 283 1177 1084 292 1037 1080 285 1177 1084 292 1019 1081 283 1183 1085 291 1187 1082 281 1183 1085 291 1019 1081 283 1183 1085 291 1187 1082 281 874 1086 290 1387 1089 282 1368 1088 284 1383 1087 307 1368 1088 284 1387 1089 282 1365 1090 283 132 1091 281 1365 1090 283 1387 1089 282 1365 1090 283 132 1091 281 126 1092 291 1278 1093 290 126 1092 291 132 1091 281 126 1092 291 1278 1093 290 1283 1094 300 329 1097 291 334 1096 281 29 1095 290 334 1096 281 329 1097 291 156 1098 283 321 1099 292 156 1098 283 329 1097 291 156 1098 283 321 1099 292 178 1100 285 316 1101 265 178 1100 285 321 1099 292 178 1100 285 316 1101 265 249 1102 267 156 1098 283 200 1103 282 334 1096 281 200 1103 282 156 1098 283 164 1104 284 178 1100 285 164 1104 284 156 1098 283 164 1104 284 178 1100 285 170 1105 286 249 1102 267 170 1105 286 178 1100 285 170 1105 286 249 1102 267 243 911 269 70 1106 320 287 792 259 54 790 260 287 792 259 70 1106 320 282 794 310 61 1107 319 282 794 310 70 1106 320 282 794 310 61 1107 319 292 1108 318 17 1109 317 292 1108 318 61 1107 319 292 1108 318 17 1109 317 143 796 312 989 1112 291 994 1111 281 647 1110 290 994 1111 281 989 1112 291 755 1113 283 982 1114 292 755 1113 283 989 1112 291 755 1113 283 982 1114 292 769 1115 285 977 1116 265 769 1115 285 982 1114 292 769 1115 285 977 1116 265 835 1117 267 755 1113 283 788 1118 282 994 1111 281 788 1118 282 755 1113 283 759 1119 284 769 1115 285 759 1119 284 755 1113 283 759 1119 284 769 1115 285 764 1120 286 835 1117 267 764 1120 286 769 1115 285 764 1120 286 835 1117 267 829 935 269 684 1121 320 955 781 259 672 779 260 955 781 259 684 1121 320 947 783 310 679 1122 319 947 783 310 684 1121 320 947 783 310 679 1122 319 961 1123 318 17 1124 317 961 1123 318 679 1122 319 961 1123 318 17 1124 317 744 785 312 1368 1088 284 28 1125 306 1383 1087 307 28 1125 306 1368 1088 284 1373 1126 286 1376 1127 285 1373 1126 286 1368 1088 284 1373 1126 286 1376 1127 285 3 1128 267 115 1129 265 3 1128 267 1376 1127 285 1145 839 310 942 1130 320 914 841 319 942 1130 320 1145 839 310 1148 1131 259 1087 1132 287 1148 1131 259 1145 839 310 1148 1131 259 1087 1132 287 1160 1133 261 1072 1134 288 1160 1133 261 1087 1132 287 263 793 287 237 1135 288 299 791 261 237 1135 288 263 793 287 255 1136 289 274 795 311 255 1136 289 263 793 287 255 1136 289 274 795 311 269 797 313 624 771 287 606 1137 288 704 769 261 606 1137 288 624 771 287 620 1138 289 634 773 311 620 1138 289 624 771 287 620 1138 289 634 773 311 629 775 313 321 1099 292 48 1139 263 316 1101 265 48 1139 263 321 1099 292 36 1140 300 329 1097 291 36 1140 300 321 1099 292 36 1140 300 329 1097 291 29 1095 290 1344 893 292 1125 1141 263 1340 895 265 1125 1141 263 1344 893 292 1114 1142 300 1347 891 291 1114 1142 300 1344 893 292 1114 1142 300 1347 891 291 1109 889 290 286 1054 292 281 1143 263 273 1056 265 281 1143 263 286 1054 292 291 1144 300 305 1052 291 291 1144 300 286 1054 292 291 1144 300 305 1052 291 297 1050 290 17 842 317 1009 838 312 1153 840 318 1009 838 312 17 842 317 1013 1145 314 1136 1146 316 1013 1145 314 17 842 317 1013 1145 314 1136 1146 316 1141 1147 315 1365 1090 283 1376 1127 285 1368 1088 284 1376 1127 285 1365 1090 283 120 1148 292 126 1092 291 120 1148 292 1365 1090 283 120 1148 292 126 1092 291 1283 1094 300 723 1024 292 462 1149 263 718 1026 265 462 1149 263 723 1024 292 448 1150 300 730 1022 291 448 1150 300 723 1024 292 448 1150 300 730 1022 291 440 1020 290 227 1151 301 269 797 313 218 799 315 269 797 313 227 1151 301 255 1136 289 231 1152 302 255 1136 289 227 1151 301 255 1136 289 231 1152 302 237 1135 288 467 1153 301 423 764 313 478 766 315 423 764 313 467 1153 301 413 1154 289 396 1155 302 413 1154 289 467 1153 301 413 1154 289 396 1155 302 401 1156 288 418 760 287 401 1156 288 496 758 261 401 1156 288 418 760 287 413 1154 289 427 762 311 413 1154 289 418 760 287 413 1154 289 427 762 311 423 764 313 1177 1084 292 896 1157 263 1173 1083 265 896 1157 263 1177 1084 292 881 1158 300 1183 1085 291 881 1158 300 1177 1084 292 881 1158 300 1183 1085 291 874 1086 290 905 1159 301 854 786 313 941 788 315 854 786 313 905 1159 301 841 1160 289 814 1161 302 841 1160 289 905 1159 301 841 1160 289 814 1161 302 822 1162 288 189 1163 301 142 753 313 205 755 315 142 753 313 189 1163 301 131 1164 289 107 1165 302 131 1164 289 189 1163 301 131 1164 289 107 1165 302 114 1166 288 137 749 287 114 1166 288 253 747 261 114 1166 288 137 749 287 131 1164 289 148 751 311 131 1164 289 137 749 287 131 1164 289 148 751 311 142 753 313 982 1114 292 665 1167 263 977 1116 265 665 1167 263 982 1114 292 653 1168 300 989 1112 291 653 1168 300 982 1114 292 653 1168 300 989 1112 291 647 1110 290 847 782 287 822 1162 288 966 780 261 822 1162 288 847 782 287 841 1160 289 860 784 311 841 1160 289 847 782 287 841 1160 289 860 784 311 854 786 313 515 1039 292 183 1169 263 510 1041 265 183 1169 263 515 1039 292 169 1170 300 523 1037 291 169 1170 300 515 1039 292 169 1170 300 523 1037 291 162 1035 290 671 1171 301 629 775 313 683 777 315 629 775 313 671 1171 301 620 1138 289 601 1172 302 620 1138 289 671 1171 301 620 1138 289 601 1172 302 606 1137 288 220 1175 293 226 1174 304 261 1173 303 226 1174 304 220 1175 293 230 1176 305 236 1177 294 230 1176 305 220 1175 293 1399 1180 293 52 1179 304 42 1178 303 52 1179 304 1399 1180 293 1404 1181 305 1408 1182 294 1404 1181 305 1399 1180 293 1340 897 265 1334 1183 264 1233 899 266 1334 1183 264 1340 897 265 1118 1184 262 1125 1185 263 1118 1184 262 1340 897 265 390 1188 293 466 1187 304 456 1186 303 466 1187 304 390 1188 293 395 1189 305 400 1190 294 395 1189 305 390 1188 293 1236 1193 293 1297 1192 304 1288 1191 303 1297 1192 304 1236 1193 293 1240 1194 305 1245 1195 294 1240 1194 305 1236 1193 293 806 1198 293 904 1197 304 888 1196 303 904 1197 304 806 1198 293 813 1199 305 821 1200 294 813 1199 305 806 1198 293 120 1148 292 115 1129 265 1376 1127 285 115 1129 265 120 1148 292 1294 1201 263 1283 1094 300 1294 1201 263 120 1148 292 1261 830 287 1312 1007 310 1269 828 311 1312 1007 310 1261 830 287 1318 1009 259 1328 832 261 1318 1009 259 1261 830 287 594 1204 293 670 1203 304 659 1202 303 670 1203 304 594 1204 293 600 1205 305 605 1206 294 600 1205 305 594 1204 293 98 1209 293 188 1208 304 176 1207 303 188 1208 304 98 1209 293 106 1210 305 113 1211 294 106 1210 305 98 1209 293 1062 1214 293 1128 1213 304 1119 1212 303 1128 1213 304 1062 1214 293 1066 1215 305 1071 1216 294 1066 1215 305 1062 1214 293 11 820 287 76 1001 310 18 818 311 76 1001 310 11 820 287 83 1003 259 100 822 261 83 1003 259 11 820 287 101 1219 296 1394 1218 295 108 1217 297 1394 1218 295 101 1219 296 1408 1182 294 1131 1222 298 1333 1221 297 1120 1220 299 1333 1221 297 1131 1222 298 1329 1223 296 1329 1223 296 1232 1224 295 1333 1221 297 1232 1224 295 1329 1223 296 1245 1195 294 907 1227 298 1166 1226 297 889 1225 299 1166 1226 297 907 1227 298 1161 1228 296 1161 1228 296 1058 1229 295 1166 1226 297 1058 1229 295 1161 1228 296 1071 1216 294 673 1232 298 972 1231 297 660 1230 299 972 1231 297 673 1232 298 967 1233 296 967 1233 296 800 1234 295 972 1231 297 800 1234 295 967 1233 296 821 1200 294 469 1237 298 710 1236 297 457 1235 299 710 1236 297 469 1237 298 705 1238 296 705 1238 296 588 1239 295 710 1236 297 588 1239 295 705 1238 296 605 1206 294 55 1242 298 306 1241 297 43 1240 299 306 1241 297 55 1242 298 300 1243 296 300 1243 296 213 1244 295 306 1241 297 213 1244 295 300 1243 296 236 1177 294 191 1247 298 502 1246 297 177 1245 299 502 1246 297 191 1247 298 497 1248 296 497 1248 296 385 1249 295 502 1246 297 385 1249 295 497 1248 296 400 1190 294 229 1252 298 267 1251 297 262 1250 299 267 1251 297 229 1252 298 254 1253 296 254 1253 296 88 1254 295 267 1251 297 88 1254 295 254 1253 296 113 1211 294 1194 826 312 1312 1007 310 1322 1005 318 1312 1007 310 1194 826 312 1269 828 311 290 909 271 170 1105 286 243 911 269 170 1105 286 290 909 271 296 1255 306 296 1255 306 164 1104 284 170 1105 286 164 1104 284 296 1255 306 193 1256 307 906 1257 260 1148 1131 259 1160 1133 261 1148 1131 259 906 1257 260 942 1130 320 149 798 314 17 1109 317 241 800 316 17 1109 317 149 798 314 143 796 312 1413 812 269 1373 1126 286 3 1128 267 1373 1126 286 1413 812 269 35 810 271 880 933 271 764 1120 286 829 935 269 764 1120 286 880 933 271 873 1258 306 873 1258 306 759 1119 284 764 1120 286 759 1119 284 873 1258 306 782 1259 307 750 787 314 17 1124 317 913 789 316 17 1124 317 750 787 314 744 785 312 1083 835 289 1072 1134 288 1087 1132 287 1072 1134 288 1083 835 289 1067 833 302 652 852 271 559 1030 286 610 854 269 559 1030 286 652 852 271 646 1260 306 646 1260 306 554 1029 284 559 1030 286 554 1029 284 646 1260 306 573 1261 307 545 776 314 17 1034 317 678 778 316 17 1034 317 545 776 314 541 774 312 439 1262 306 351 1044 284 355 1045 286 351 1044 284 439 1262 306 371 1263 307 1359 816 312 76 1001 310 90 999 318 76 1001 310 1359 816 312 18 818 311 447 921 271 355 1045 286 405 923 269 355 1045 286 447 921 271 439 1262 306 341 765 314 17 1049 317 473 767 316 17 1049 317 341 765 314 333 763 312 1096 837 311 1087 1132 287 1145 839 310 1087 1132 287 1096 837 311 1083 835 289 168 886 271 46 1060 286 119 888 269 46 1060 286 168 886 271 161 1264 306 161 1264 306 39 1059 284 46 1060 286 39 1059 284 161 1264 306 68 1265 307 26 754 314 17 1064 317 197 756 316 17 1064 317 26 754 314 21 752 312 1300 1267 298 108 1217 297 1289 1266 299 108 1217 297 1300 1267 298 101 1219 296 1013 1145 314 1091 836 313 1009 838 312 1091 836 313 1013 1145 314 1141 1147 315 572 960 278 645 1268 308 639 962 280 400 1190 294 390 1188 293 385 1249 295 1373 1126 286 35 810 271 28 1125 306 579 1028 282 554 1029 284 573 1261 307 664 851 270 595 849 268 657 1269 309 182 885 270 99 883 268 174 1270 309 821 1200 294 806 1198 293 800 1234 295 143 796 312 282 794 310 292 1108 318 541 774 312 688 772 310 697 1033 318 781 1017 278 872 1271 308 866 1019 280 788 1118 282 759 1119 284 782 1259 307 895 932 270 807 930 268 886 1272 309 1071 1216 294 1062 1214 293 1058 1229 295 370 996 278 438 1273 308 432 998 280 1045 969 278 1107 1274 308 1101 971 280 376 1043 282 351 1044 284 371 1263 307 113 1211 294 98 1209 293 88 1254 295 236 1177 294 220 1175 293 213 1244 295 1245 1195 294 1236 1193 293 1232 1224 295 192 987 278 295 1275 308 327 989 280 1129 834 301 1091 836 313 1141 1147 315 1221 951 278 1276 1276 308 1272 953 280 1408 1182 294 1399 1180 293 1394 1218 295 1382 942 278 27 1277 308 22 944 280 47 809 270 1400 807 268 40 1278 309 200 1103 282 164 1104 284 193 1256 307 744 785 312 947 783 310 961 1123 318 75 1058 282 39 1059 284 68 1265 307 67 978 278 160 1279 308 154 980 280 461 920 270 391 918 268 454 1280 309 280 908 270 221 906 268 259 1281 309 605 1206 294 594 1204 293 588 1239 295 21 752 312 212 750 310 248 1063 318 333 763 312 484 761 310 492 1048 318 908 1284 323 777 1283 322 934 1282 321 777 1283 322 908 1284 323 770 1285 324 765 1286 325 770 1285 324 908 1284 323 770 1285 324 765 1286 325 654 1287 326 649 1288 327 654 1287 326 765 1286 325 654 1287 326 649 1288 327 530 1289 328 516 1290 329 530 1289 328 649 1288 327 530 1289 328 516 1290 329 524 1291 330 511 1292 331 524 1291 330 516 1290 329 897 1294 333 908 1284 323 933 1293 332 908 1284 323 897 1294 333 765 1286 325 760 1295 334 765 1286 325 897 1294 333 765 1286 325 760 1295 334 649 1288 327 641 1296 335 649 1288 327 760 1295 334 649 1288 327 641 1296 335 516 1290 329 504 1297 336 516 1290 329 641 1296 335 516 1290 329 504 1297 336 511 1292 331 498 1298 337 511 1292 331 504 1297 336 890 1300 339 897 1294 333 932 1299 338 897 1294 333 890 1300 339 760 1295 334 756 1301 340 760 1295 334 890 1300 339 760 1295 334 756 1301 340 641 1296 335 635 1302 341 641 1296 335 756 1301 340 641 1296 335 635 1302 341 504 1297 336 493 1303 342 504 1297 336 635 1302 341 504 1297 336 493 1303 342 498 1298 337 489 1304 343 498 1298 337 493 1303 342 882 1306 345 890 1300 339 931 1305 344 890 1300 339 882 1306 345 756 1301 340 751 1307 346 756 1301 340 882 1306 345 756 1301 340 751 1307 346 635 1302 341 630 1308 347 635 1302 341 751 1307 346 635 1302 341 630 1308 347 493 1303 342 485 1309 348 493 1303 342 630 1308 347 493 1303 342 485 1309 348 489 1304 343 480 1310 349 489 1304 343 485 1309 348 876 1312 351 882 1306 345 930 1311 350 882 1306 345 876 1312 351 751 1307 346 745 1313 352 751 1307 346 876 1312 351 751 1307 346 745 1313 352 630 1308 347 625 1314 353 630 1308 347 745 1313 352 630 1308 347 625 1314 353 485 1309 348 475 1315 354 485 1309 348 625 1314 353 485 1309 348 475 1315 354 480 1310 349 470 1316 355 480 1310 349 475 1315 354 868 1318 357 876 1312 351 929 1317 356 876 1312 351 868 1318 357 745 1313 352 741 1319 358 745 1313 352 868 1318 357 745 1313 352 741 1319 358 625 1314 353 621 1320 359 625 1314 353 741 1319 358 625 1314 353 621 1320 359 475 1315 354 463 1321 360 475 1315 354 621 1320 359 475 1315 354 463 1321 360 470 1316 355 458 1322 361 470 1316 355 463 1321 360 861 1324 363 868 1318 357 928 1323 362 868 1318 357 861 1324 363 741 1319 358 737 1325 364 741 1319 358 861 1324 363 741 1319 358 737 1325 364 621 1320 359 616 1326 365 621 1320 359 737 1325 364 621 1320 359 616 1326 365 463 1321 360 449 1327 366 463 1321 360 616 1326 365 463 1321 360 449 1327 366 458 1322 361 442 1328 367 458 1322 361 449 1327 366 855 1330 369 861 1324 363 927 1329 368 861 1324 363 855 1330 369 737 1325 364 731 1331 370 737 1325 364 855 1330 369 737 1325 364 731 1331 370 616 1326 365 611 1332 371 616 1326 365 731 1331 370 616 1326 365 611 1332 371 449 1327 366 434 1333 372 449 1327 366 611 1332 371 449 1327 366 434 1333 372 442 1328 367 428 1334 373 442 1328 367 434 1333 372 848 1336 375 855 1330 369 926 1335 374 855 1330 369 848 1336 375 731 1331 370 724 1337 376 731 1331 370 848 1336 375 731 1331 370 724 1337 376 611 1332 371 607 1338 377 611 1332 371 724 1337 376 611 1332 371 607 1338 377 434 1333 372 424 1339 378 434 1333 372 607 1338 377 434 1333 372 424 1339 378 428 1334 373 419 1340 379 428 1334 373 424 1339 378 842 1342 381 848 1336 375 925 1341 380 848 1336 375 842 1342 381 724 1337 376 719 1343 382 724 1337 376 842 1342 381 724 1337 376 719 1343 382 607 1338 377 602 1344 383 607 1338 377 719 1343 382 607 1338 377 602 1344 383 424 1339 378 414 1345 384 424 1339 378 602 1344 383 424 1339 378 414 1345 384 419 1340 379 410 1346 385 419 1340 379 414 1345 384 836 1348 387 842 1342 381 924 1347 386 842 1342 381 836 1348 387 719 1343 382 712 1349 388 719 1343 382 836 1348 387 719 1343 382 712 1349 388 602 1344 383 596 1350 389 602 1344 383 712 1349 388 602 1344 383 596 1350 389 414 1345 384 406 1351 390 414 1345 384 596 1350 389 414 1345 384 406 1351 390 410 1346 385 402 1352 391 410 1346 385 406 1351 390 830 1354 393 836 1348 387 923 1353 392 836 1348 387 830 1354 393 712 1349 388 706 1355 394 712 1349 388 830 1354 393 712 1349 388 706 1355 394 596 1350 389 590 1356 395 596 1350 389 706 1355 394 596 1350 389 590 1356 395 406 1351 390 397 1357 396 406 1351 390 590 1356 395 406 1351 390 397 1357 396 402 1352 391 392 1358 397 402 1352 391 397 1357 396 823 1360 399 830 1354 393 922 1359 398 830 1354 393 823 1360 399 706 1355 394 698 1361 400 706 1355 394 823 1360 399 706 1355 394 698 1361 400 590 1356 395 585 1362 401 590 1356 395 698 1361 400 590 1356 395 585 1362 401 397 1357 396 387 1363 402 397 1357 396 585 1362 401 397 1357 396 387 1363 402 392 1358 397 381 1364 403 392 1358 397 387 1363 402 815 1366 405 823 1360 399 921 1365 404 823 1360 399 815 1366 405 698 1361 400 693 1367 406 698 1361 400 815 1366 405 698 1361 400 693 1367 406 585 1362 401 580 1368 407 585 1362 401 693 1367 406 585 1362 401 580 1368 407 387 1363 402 377 1369 408 387 1363 402 580 1368 407 387 1363 402 377 1369 408 381 1364 403 372 1370 409 381 1364 403 377 1369 408 808 1372 411 815 1366 405 920 1371 410 815 1366 405 808 1372 411 693 1367 406 689 1373 412 693 1367 406 808 1372 411 693 1367 406 689 1373 412 580 1368 407 574 1374 413 580 1368 407 689 1373 412 580 1368 407 574 1374 413 377 1369 408 367 1375 414 377 1369 408 574 1374 413 377 1369 408 367 1375 414 372 1370 409 356 1376 415 372 1370 409 367 1375 414 802 1378 417 808 1372 411 919 1377 416 808 1372 411 802 1378 417 689 1373 412 685 1379 418 689 1373 412 802 1378 417 689 1373 412 685 1379 418 574 1374 413 569 1380 419 574 1374 413 685 1379 418 574 1374 413 569 1380 419 367 1375 414 352 1381 420 367 1375 414 569 1380 419 367 1375 414 352 1381 420 356 1376 415 362 1382 421 356 1376 415 352 1381 420 795 1384 423 802 1378 417 918 1383 422 802 1378 417 795 1384 423 685 1379 418 680 1385 424 685 1379 418 795 1384 423 685 1379 418 680 1385 424 569 1380 419 565 1386 425 569 1380 419 680 1385 424 569 1380 419 565 1386 425 352 1381 420 348 1387 426 352 1381 420 565 1386 425 352 1381 420 348 1387 426 362 1382 421 770 1285 324 667 1388 427 777 1283 322 667 1388 427 770 1285 324 661 1389 428 654 1287 326 661 1389 428 770 1285 324 661 1389 428 654 1287 326 542 1390 429 530 1289 328 542 1390 429 654 1287 326 542 1390 429 530 1289 328 537 1391 430 524 1291 330 537 1391 430 530 1289 328 789 1393 432 795 1384 423 917 1392 431 795 1384 423 789 1393 432 680 1385 424 674 1394 433 680 1385 424 789 1393 432 680 1385 424 674 1394 433 565 1386 425 560 1395 434 565 1386 425 674 1394 433 565 1386 425 560 1395 434 348 1387 426 661 1389 428 561 1396 435 667 1388 427 561 1396 435 661 1389 428 550 1397 436 542 1390 429 550 1397 436 661 1389 428 550 1397 436 542 1390 429 546 1398 437 537 1391 430 546 1398 437 542 1390 429 783 1400 439 789 1393 432 916 1399 438 789 1393 432 783 1400 439 674 1394 433 666 1401 440 674 1394 433 783 1400 439 674 1394 433 666 1401 440 560 1395 434 550 1397 436 347 1402 441 561 1396 435 347 1402 441 550 1397 436 555 1403 442 546 1398 437 555 1403 442 550 1397 436 776 1405 444 783 1400 439 915 1404 443 783 1400 439 776 1405 444 666 1401 440 555 1403 442 361 1406 445 347 1402 441</p>
                </triangles>
            </mesh>
        </geometry>
        <geometry id="ID104">
            <mesh>
                <source id="ID105">
                    <float_array id="ID106" count="147">-857.75 988.5 -3961.25 -846.75 986 -3934.5 -900.5 986 -3923.75 -900.5 988.5 -3952.5 -800.75 986 -3964.75 -821.25 988.5 -3985.25 -943.25 988.5 -3961.5 -954.25 986 -3934.75 -1000 986 -3965 -979.5 988.5 -3985.5 -1003.5 988.5 -4022 -1030.25 986 -4011 -1041.25 986 -4064.75 -1012.25 988.5 -4064.75 -1003.5 988.5 -4107.5 -1030 986 -4118.5 -999.75 986 -4164.25 -979.5 988.5 -4143.75 -943 988.5 -4167.75 -953.75 986 -4194.5 -900.25 986 -4205.5 -900.25 988.5 -4176.5 -857.5 988.5 -4167.75 -846.25 986 -4194.25 -800.5 986 -4164 -821 988.5 -4143.5 -797 988.5 -4107 -770.5 986 -4118 -759.5 986 -4064.25 -788.5 988.5 -4064.5 -797.25 988.5 -4021.5 -770.5 986 -4010.5 -976.75 986.5 -4096.25 -959 986.5 -4123.25 -900.25 974.5 -4064.5 -932 986.5 -4141 -900.25 986.5 -4147.5 -868.5 986.5 -4141 -841.5 986.5 -4123.25 -823.75 986.5 -4096 -817.25 986.5 -4064.5 -823.75 986.5 -4032.75 -841.75 986.5 -4005.75 -868.75 986.5 -3988 -900.5 986.5 -3981.5 -932.25 986.5 -3988 -959 986.5 -4006 -977 986.5 -4033 -983.25 986.5 -4064.5</float_array>
                    <technique_common>
                        <accessor count="49" source="#ID106" stride="3">
                            <param name="X" type="float"/>
                            <param name="Y" type="float"/>
                            <param name="Z" type="float"/>
                        </accessor>
                    </technique_common>
                </source>
                <source id="ID107">
                    <float_array id="ID108" count="147">0.0774014 0.996271 0.0381293 -0.00159224 0.999994 -0.00325564 0.0858862 0.996288 0.00580504 0.0240202 0.999705 -0.00356206 0.0822579 0.996225 -0.0277327 -0.00314596 0.999994 -0.0012322 0.0652074 0.996269 -0.0565242 0.0144861 0.999706 -0.0194437 0.0383509 0.996247 -0.0775977 -0.00309971 0.999994 0.00138812 0.00596981 0.996274 -0.0860408 -0.00354795 0.999703 -0.0241086 -0.0278988 0.996254 -0.0818537 -0.00130202 0.999994 0.00311094 -0.0568451 0.996243 -0.0653379 -0.0197882 0.999695 -0.0147796 -0.0779553 0.996212 -0.0385403 0.00118656 0.999995 0.00298303 -0.0860818 0.99627 -0.00603366 -0.0240783 0.999704 0.00351537 -0.0816856 0.996271 0.0277836 0.00339694 0.999994 0.00116575 -0.0649838 0.996285 0.0565111 -0.0145658 0.999703 0.0195257 -0.0381293 0.996271 0.0774014 0.00326661 0.999994 -0.00142115 -0.00616258 0.996243 0.0863797 0.00342368 0.999697 0.0243762 0.0328244 0.996272 0.0797755 -0.000201483 0.999972 -0.00745028 0.0153222 0.999805 0.0124922 -0.0402091 0.995096 -0.0903697 -0.071597 0.995112 -0.0680121 3.96643e-005 1 -2.45778e-005 -0.0982215 0.994322 -0.0409413 -0.0938857 0.995583 -5.83489e-007 -0.0983324 0.99433 0.0404679 -0.0663993 0.9956 0.0661124 -0.0405658 0.994339 0.0982039 0 0.995608 0.093616 0.0405658 0.994339 0.0982039 0.0660974 0.995617 0.0661669 0.0981037 0.994351 0.0405135 0.0937231 0.995598 0.000185276 0.0983415 0.994322 -0.0406516 0.0665501 0.995579 -0.0662835 0.0411764 0.994318 -0.0981595 8.15219e-005 0.995599 -0.0937151 0.0606709 0.996303 0.0608294</float_array>
                    <technique_common>
                        <accessor count="49" source="#ID108" stride="3">
                            <param name="X" type="float"/>
                            <param name="Y" type="float"/>
                            <param name="Z" type="float"/>
                        </accessor>
                    </technique_common>
                </source>
                <source id="ID109">
                    <float_array id="ID110" count="98">1.24902 0.188477 1.09473 0.25293 1.31348 0.5 1.14648 0.5 1.25 0.80957 1.0957 0.746094 1.0752 1.07422 0.957031 0.957031 0.811523 1.24902 0.74707 1.09473 0.5 1.31348 0.5 1.14648 0.19043 1.25 0.253906 1.0957 -0.0742188 1.0752 0.0429688 0.958008 -0.249023 0.8125 -0.0947266 0.748047 -0.313477 0.500977 -0.146484 0.500977 -0.25 0.191406 -0.0957031 0.254883 -0.0751953 -0.0742188 0.0419922 0.0439453 0.1875 -0.249023 0.251953 -0.0947266 0.499023 -0.313477 0.499023 -0.146484 0.808594 -0.25 0.745117 -0.0957031 0.956055 0.0429688 0.681641 0.0576172 0.837891 0.161133 0.5 0.5 0.941406 0.316406 0.979492 0.5 0.942383 0.682617 0.838867 0.838867 0.683594 0.942383 0.5 0.980469 0.317383 0.943359 0.161133 0.839844 0.0576172 0.68457 0.0195313 0.500977 0.0566406 0.318359 0.160156 0.162109 0.31543 0.0585938 0.499023 0.0205078 1.07422 -0.0751953</float_array>
                    <technique_common>
                        <accessor count="49" source="#ID110" stride="2">
                            <param name="S" type="float"/>
                            <param name="T" type="float"/>
                        </accessor>
                    </technique_common>
                </source>
                <vertices id="ID111">
                    <input semantic="POSITION" source="#ID105"/>
                </vertices>
                <triangles count="80" material="Material1">
                    <input offset="0" semantic="VERTEX" source="#ID111"/>
                    <input offset="1" semantic="NORMAL" source="#ID107"/>
                    <input offset="2" semantic="TEXCOORD" source="#ID109" set="0"/>
                    <p>28 2 2 30 1 1 31 0 0 30 1 1 28 2 2 29 3 3 27 4 4 29 3 3 28 2 2 29 3 3 27 4 4 26 5 5 24 6 6 26 5 5 27 4 4 26 5 5 24 6 6 25 7 7 23 8 8 25 7 7 24 6 6 25 7 7 23 8 8 22 9 9 20 10 10 22 9 9 23 8 8 22 9 9 20 10 10 21 11 11 19 12 12 21 11 11 20 10 10 21 11 11 19 12 12 18 13 13 16 14 14 18 13 13 19 12 12 18 13 13 16 14 14 17 15 15 15 16 16 17 15 15 16 14 14 17 15 15 15 16 16 14 17 17 12 18 18 14 17 17 15 16 16 14 17 17 12 18 18 13 19 19 11 20 20 13 19 19 12 18 18 13 19 19 11 20 20 10 21 21 8 22 22 10 21 21 11 20 20 10 21 21 8 22 22 9 23 23 7 24 24 9 23 23 8 22 22 9 23 23 7 24 24 6 25 25 2 26 26 6 25 25 7 24 24 6 25 25 2 26 26 3 27 27 1 28 28 3 27 27 2 26 26 3 27 27 1 28 28 0 29 29 5 30 30 0 29 29 1 28 28 0 29 29 5 30 30 43 31 31 42 32 32 43 31 31 5 30 30 43 31 31 42 32 32 34 33 33 41 34 34 34 33 33 42 32 32 34 33 33 41 34 34 40 35 35 30 1 1 40 35 35 41 34 34 40 35 35 30 1 1 29 3 3 26 5 5 40 35 35 29 3 3 40 35 35 26 5 5 39 36 36 38 37 37 39 36 36 26 5 5 39 36 36 38 37 37 34 33 33 37 38 38 34 33 33 38 37 37 34 33 33 37 38 38 36 39 39 22 9 9 36 39 39 37 38 38 36 39 39 22 9 9 21 11 11 18 13 13 36 39 39 21 11 11 36 39 39 18 13 13 35 40 40 33 41 41 35 40 40 18 13 13 35 40 40 33 41 41 34 33 33 32 42 42 34 33 33 33 41 41 34 33 33 32 42 42 48 43 43 14 17 17 48 43 43 32 42 42 48 43 43 14 17 17 13 19 19 10 21 21 48 43 43 13 19 19 48 43 43 10 21 21 47 44 44 46 45 45 47 44 44 10 21 21 47 44 44 46 45 45 34 33 33 45 46 46 34 33 33 46 45 45 34 33 33 45 46 46 44 47 47 6 25 25 44 47 47 45 46 46 44 47 47 6 25 25 3 27 27 33 41 41 14 17 17 32 42 42 14 17 17 33 41 41 17 15 15 18 13 13 17 15 15 33 41 41 44 47 47 43 31 31 34 33 33 43 31 31 44 47 47 0 29 29 3 27 27 0 29 29 44 47 47 5 30 30 31 0 0 30 1 1 31 0 0 5 30 30 4 48 48 1 28 28 4 48 48 5 30 30 42 32 32 30 1 1 41 34 34 30 1 1 42 32 32 5 30 30 25 7 7 38 37 37 26 5 5 38 37 37 25 7 7 22 9 9 9 23 23 46 45 45 10 21 21 46 45 45 9 23 23 6 25 25 34 33 33 40 35 35 39 36 36 38 37 37 22 9 9 37 38 38 34 33 33 36 39 39 35 40 40 34 33 33 48 43 43 47 44 44 46 45 45 6 25 25 45 46 46</p>
                </triangles>
            </mesh>
        </geometry>
        <geometry id="ID113">
            <mesh>
                <source id="ID114">
                    <float_array id="ID115" count="1536">-937 1453 -4089.75 -897.75 1120.5 -4140 -897.75 1120.5 -4140 -1080.5 1477 -4167.75 -889.75 1188.75 -4157.5 -889.75 1188.75 -4157.5 -1006.5 1485.75 -4153.25 -874 1230 -4170.75 -1068.25 1473.75 -4092.25 -884 1230.25 -4173.75 -884 1230.25 -4173.75 -970 1399.75 -3957 -897.5 1190.5 -4155.5 -922.25 1376.5 -4007.25 -893.75 1232 -4171.25 -935.5 1429.75 -3925.5 -900.25 1192.25 -4148 -997.75 1435.25 -3987.25 -896.5 1234.5 -4162 -1079.25 1431.25 -3843.75 -881.75 1247.25 -4166.5 -881.75 1247.25 -4166.5 -1066.5 1449 -3916.5 -873.75 1234.5 -4152.75 -1004.5 1443.5 -3855 -870.75 1232 -4161.75 -857.25 1405.5 -3956.5 -889.5 1193.5 -4138 -889.5 1193.5 -4138 -902 1377.75 -4007 -883.5 1236.25 -4150 -883.5 1236.25 -4150 -832 1444 -3987.5 -913.25 1055 -4131.75 -894 1432.25 -3926.25 -906.25 1123 -4137.5 -752.5 1448.25 -3842.5 -909.5 1123.25 -4129 -827.25 1453 -3855.25 -917.25 1055.75 -4120.25 -765.5 1464.75 -3916.25 -901.25 1053.5 -4135.5 -901.25 1053.5 -4135.5 -827 1413.25 -4023 -901.5 1008.5 -4146.25 -901.5 1008.5 -4146.25 -834.25 1384.25 -3995.5 -922.25 1010.25 -4139.5 -901.5 1373.5 -4015 -923.75 981.75 -4142.75 -859.25 1401 -4025 -901 981.5 -4150 -901 981.5 -4150 -773.5 1406.25 -4005.5 -880.75 1009.5 -4139.5 -724 1387.25 -3965.5 -878.25 981.75 -4142.75 -843.25 1403.75 -3961.75 -897.5 1124.25 -4117.75 -897.5 1124.25 -4117.75 -787.75 1398 -3952 -906.25 1126 -4121 -871.5 1394 -3979.25 -897.25 1194.25 -4140.75 -1000.25 1401.25 -4003.25 -893.25 1236.5 -4153 -990.25 1382 -4037.5 -889.25 1054 -4131.75 -922.25 1373.25 -4020.75 -870.5 981.75 -4121 -966.75 1392.5 -4004 -878.25 982 -4099.25 -1053 1394 -4022.5 -926.5 964.5 -4122.5 -1101 1381.75 -4067 -920.5 965 -4141.5 -984 1410.75 -4064.25 -920.25 964.25 -4103.25 -1038.75 1402.25 -4076 -900.25 964.25 -4096.75 -900.25 964.25 -4096.75 -954.5 1399.5 -4050 -880.25 964.5 -4103.25 -903 1395.5 -3927 -874.25 965 -4122.5 -933 1371.25 -3939.25 -880.25 965.25 -4141.5 -914.5 1371.75 -4007.5 -900.25 965.25 -4148 -900.25 965.25 -4148 -902.25 1389.75 -3961.25 -842.75 1238 -4205 -920.75 1380 -3875.5 -877.25 1229 -4167.5 -962.25 1355.5 -3829.75 -865 1256.75 -4229.5 -964.75 1394.75 -3943.75 -822.5 1262.75 -4188.25 -974.75 1379.25 -3890 -765 1245.5 -4286.75 -948.5 1389 -3973.5 -774.25 1263.25 -4238.25 -924.25 1418.75 -4099 -816.5 1257.5 -4279.75 -891.75 1395.25 -4093.75 -829.25 1261.5 -4172.25 -909 1375 -4028 -882.5 1228.5 -4160.25 -924 1403.75 -4068 -835.25 1270.75 -4206.25 -905.75 1420.25 -4152.5 -834.5 1285.25 -4149.75 -862.75 1413.5 -4202.75 -714.5 1325.25 -4194.25 -862.5 1419.75 -4082.5 -761.5 1322.25 -4163.5 -851.75 1421 -4138 -761 1307.5 -4218.5 -877.75 1404.5 -4055.5 -882.75 1254.75 -4221.25 -1000.25 1403.5 -4003.5 -884.5 1228.25 -4162.25 -990.5 1384.25 -4037 -909.5 1275.75 -4217.5 -922.25 1375.25 -4020.25 -851 1268.75 -4220 -966.75 1394.75 -4004.25 -880.25 1303 -4349.25 -1053 1396.25 -4023 -850.5 1296 -4301 -1101 1384 -4066.75 -908 1303 -4298.25 -984.25 1412.75 -4063.25 -928.25 1272.5 -4171 -1039 1404.5 -4075 -886.25 1229 -4160.25 -954.75 1401.5 -4049 -915.75 1294.75 -4148.25 -923.75 1421 -4098.5 -920.75 1280.5 -4204.25 -892 1397.25 -4093.25 -1017.75 1361.5 -4190.5 -909.25 1377 -4027.75 -980.5 1333.5 -4214.5 -923.5 1405.75 -4067.25 -974.75 1347.75 -4160.75 -905.25 1422.25 -4152 -872.75 1278.25 -4125.75 -862.75 1415.75 -4202.5 -884 1229.25 -4158.5 -863.25 1422 -4082.25 -842.25 1288.5 -4140.75 -852.25 1423 -4138 -899.75 1296.25 -4136 -878.25 1406.5 -4055.25 -850.5 1380.25 -4055.75 -858 1423.25 -4067.5 -884.25 1357.5 -4088.25 -902.75 1382.25 -4026.25 -829.75 1349.75 -4092.5 -895.25 1457.25 -4089.25 -920.75 1246.25 -4206.25 -834.25 1452 -4028.75 -890.75 1230.25 -4167.75 -754.25 1496 -4166 -934.75 1274.5 -4189.5 -768.25 1491.75 -4092 -894.25 1259.75 -4229.25 -829 1497.25 -4152.5 -990.25 1269 -4289 -843 1439.75 -4008.75 -939 1270.25 -4280.25 -909.25 1376.75 -4017.25 -978.75 1285 -4240.25 -855.25 1470.25 -4048.5 -919 1265.25 -4131.5 -854.75 1458 -3963.25 -890.5 1233.5 -4154.75 -686 1566.75 -3991.25 -891.25 1287.75 -4121.25 -754.5 1533.25 -3953 -933.25 1281.75 -4161.5 -754.75 1545.25 -4038.25 -981.75 1324.5 -4077.5 -919.5 1445.75 -4080.5 -973.75 1315.25 -4125 -912.25 1377 -4020 -932.5 1321.25 -4086 -963.5 1466.75 -4064 -841.75 1257.25 -4130 -878 1471.75 -4068.5 -877.25 1232.25 -4154.5 -935.5 1586.75 -4225.25 -821.5 1269.75 -4160.25 -887.75 1555.75 -4161.5 -862.5 1284.5 -4121.25 -973.5 1550.5 -4157 -765.25 1301 -4071.5 -987.25 1431.5 -4005 -814.5 1308.25 -4083.25 -914.75 1376.5 -4017.25 -773.5 1293.5 -4121 -975 1451.25 -3959 -821.25 1241.75 -4172.75 -980.5 1463 -4044 -828.75 1232.25 -4147.25 -1156.25 1540.25 -3979.25 -877.25 1227.75 -4158.25 -1087.75 1526.25 -4028.25 -845 1237.5 -4171.5 -1082.5 1514.5 -3943.5 -784.5 1236.75 -4158.25 -907 1426.25 -3937.75 -751 1230.25 -4126 -911.75 1376.25 -4014.75 -832 1253.25 -4132.75 -866.25 1455.5 -3949.5 -794 1246.75 -4123 -951.5 1449.75 -3940.5 -853 1246 -4141.25 -894.75 1523 -3760.25 -941 1257.5 -4162 -943.25 1505.5 -3828 -938.25 1236.25 -4177.25 -858 1511.25 -3837 -891.5 1228.25 -4162 -970 1417.5 -4068 -919.5 1248.5 -4159 -921.75 1381.25 -4026.5 -978.75 1253.75 -4173.5 -998 1443.25 -4028.5 -1015.25 1240.25 -4198.75 -937.5 1455 -4088.5 -931 1246 -4202.25 -1080.25 1479 -4167.25 -970 1243.75 -4208.75 -1007 1487.75 -4152.25 -911.75 1240 -4189.25 -1067.5 1476.25 -4092.25 -873.75 1263.75 -4109.75 -969.75 1401.75 -3957 -897 1249 -4110.25 -921.75 1378.75 -4007.25 -886.25 1230 -4153.25 -936 1432 -3926.25 -874.5 1251.5 -4129.25 -996.75 1437.5 -3986.5 -886.25 1269.5 -4073.5 -1079.25 1433.25 -3843.75 -915.75 1271 -4038.75 -1065.75 1451.25 -3915.75 -915.25 1265.25 -4121.25 -1005 1445.75 -3855.5 -922.5 1271 -4083.75 -857.75 1407.5 -3956.5 -906 1252.5 -4137.75 -902.5 1379.75 -4007.25 -889.25 1235.75 -4225.75 -833.25 1446 -3987 -869.75 1219.5 -4214.75 -893.75 1434.25 -3927 -882.75 1226 -4167 -753 1450.25 -3842.5 -890.25 1234.5 -4201.5 -827 1455.25 -3855.75 -877.5 1220.75 -4260.5 -766.5 1467 -3915.5 -850 1199.5 -4290.5 -827.25 1415.25 -4022 -846.75 1234 -4214.25 -834.5 1386.5 -3995.25 -840.25 1219.5 -4250.25 -901.75 1375.5 -4014.75 -858.25 1233.5 -4192.75 -859.75 1403 -4024.25 -773.75 1408.25 -4004.5 -724 1389.5 -3965.25 -843.25 1406 -3962.25 -787.75 1400.25 -3952.25 -871.5 1396.25 -3979.5 -903.75 1397.75 -3927 -933 1373.25 -3939 -914.75 1373.75 -4007.5 -902.75 1392 -3961 -921.5 1382.25 -3875.25 -962.25 1357.75 -3829.5 -964.25 1397 -3943.25 -974.25 1381.5 -3889.5 -948 1391.25 -3973.25 -842.5 1236.75 -4205 -877.25 1227.5 -4167.5 -865.25 1255.25 -4229.75 -821.75 1261.25 -4187.5 -764.75 1244 -4286.5 -773.75 1262 -4237.5 -816.75 1255.75 -4279.75 -828.75 1260.25 -4171.75 -882 1227.25 -4160 -834.75 1269.25 -4206.5 -834 1284.25 -4148.75 -713.75 1324 -4194 -761 1321 -4162.5 -760.5 1306 -4218.5 -883 1253.25 -4221.5 -943.25 1038.25 -4047.75 -884.75 1227 -4162.5 -932.5 1039 -4017.25 -910.5 1274.5 -4217.75 -936.25 995.75 -4014.25 -850.5 1267.5 -4220.25 -948 996 -4048.75 -880.5 1301.75 -4349.75 -900.5 995.75 -4003 -900.5 995.75 -4003 -850.25 1294.5 -4301.25 -900.75 1037.5 -4007 -900.75 1037.5 -4007 -908.75 1301.5 -4298.5 -919.25 1107 -4028.25 -929.25 1271.5 -4170.75 -901.75 1106.25 -4022.5 -901.75 1106.25 -4022.5 -887 1228 -4160 -884.25 1107.75 -4028.25 -916.5 1293.75 -4147.25 -869 1039.75 -4017.25 -921.5 1279.25 -4204.5 -858 1039 -4047.75 -1018.5 1360.25 -4190.25 -878.25 1108 -4045 -981.5 1332 -4214.5 -887.75 1211.25 -4037.5 -975.5 1346.5 -4160 -892 1212.25 -4025.5 -872.75 1277.25 -4124.5 -897.75 1317.5 -4014.75 -884.25 1228.25 -4157.5 -894 1318.25 -4025.5 -841.75 1287.25 -4139.75 -897.75 1320.25 -4036.25 -900.5 1295.25 -4134.75 -892 1214.5 -4049.25 -850.5 1379 -4054.5 -904.5 1212 -4053.5 -904.5 1212 -4053.5 -884.75 1356.25 -4087.25 -909 1319.25 -4039.75 -909 1319.25 -4039.75 -829.25 1348.5 -4091.5 -898.5 1386.25 -4029.75 -921.25 1244.75 -4206.25 -912.5 1386 -4033.75 -912.5 1386 -4033.75 -891.25 1229 -4167.75 -920.25 1319.25 -4036.25 -935.75 1273.5 -4188.75 -926.5 1384.75 -4029.75 -894 1258.25 -4229.75 -924 1316.75 -4025.75 -990.75 1267.5 -4289 -930.75 1382.5 -4016.5 -939 1268.75 -4280.5 -913.5 1405.75 -4013.25 -913.5 1405.75 -4013.25 -979.75 1283.75 -4239.75 -898.25 1382.5 -4003 -919.5 1264 -4130.75 -894 1384.5 -4016.25 -891 1232.5 -4154.25 -909 1315.5 -4011.5 -909 1315.5 -4011.5 -891.25 1286.5 -4120 -912.25 1381 -3999 -912.25 1381 -3999 -934.25 1280.5 -4161.5 -919.25 1109 -4061.75 -982.25 1323.25 -4076.75 -917 1213.5 -4049.25 -974.5 1314 -4124.5 -921.25 1210 -4037.5 -932.5 1320 -4084.75 -925.25 1107 -4045 -841.5 1256 -4129.25 -901.75 1108.5 -4067.5 -901.75 1108.5 -4067.5 -877 1231 -4154 -900.75 1039.75 -4088.75 -900.75 1039.75 -4088.75 -821 1268.25 -4160 -932.5 1040.75 -4078.25 -863 1283.5 -4120 -936.25 996.5 -4083 -765 1299.75 -4070.75 -900.5 996.75 -4094.25 -900.5 996.75 -4094.25 -814.75 1307 -4082.25 -869 1041.25 -4078.25 -773 1292 -4120.5 -864.75 997 -4083 -821.25 1240.25 -4172.75 -904.5 1209 -4021.75 -904.5 1209 -4021.75 -829 1231 -4146.75 -917 1211.25 -4025.5 -877.25 1226.5 -4157.75 -920.25 1316.25 -4015 -845 1236 -4171.25 -926.25 1381 -4003 -784.5 1235.25 -4158.25 -884.25 1109.5 -4061.75 -751 1229 -4125.5 -852.75 996.5 -4048.75 -832.25 1252 -4131.75 -864.75 996 -4014.25 -794.25 1245.5 -4122.25 -942.25 970.5 -4048.75 -853.25 1244.75 -4140.25 -932.5 970.5 -4079.5 -941.5 1256.25 -4161.25 -932.5 970.25 -4018 -938.5 1235 -4176.75 -900.25 970.25 -4007.75 -900.25 970.25 -4007.75 -892 1227 -4161.75 -868.25 970.5 -4018 -919.75 1247.25 -4158.25 -858.5 970.5 -4049 -979.25 1252.5 -4172.5 -868.25 970.5 -4079.5 -1015.75 1238.75 -4198.5 -900.25 970.5 -4089.75 -900.25 970.5 -4089.75 -931 1244.75 -4202.25 -857.75 1421.25 -4068.25 -970.25 1242.25 -4208.75 -902 1380.5 -4027 -911.75 1238.5 -4189.25 -895.5 1455.25 -4090.5 -873.5 1262.25 -4109.25 -833.25 1450 -4028.75 -897.25 1247.75 -4109.75 -753.75 1494 -4166.5 -886.5 1228.75 -4152.75 -767.25 1489.75 -4092 -874.5 1250 -4128.5 -829.25 1495 -4153.5 -886 1268.25 -4073 -842 1438 -4009 -916 1269.5 -4038 -908.25 1375 -4017.5 -916 1264 -4121 -854.25 1468.5 -4049.5 -923.25 1269.5 -4083.25 -853.75 1456.25 -3962.75 -906.75 1251.25 -4137.5 -685 1564.75 -3991.5 -889.75 1234.25 -4225.5 -753.5 1531 -3952.75 -870 1218.25 -4214.5 -753.75 1543.25 -4039 -882.75 1224.75 -4166.75 -919.5 1444.25 -4081.75 -890.75 1233.25 -4201.25 -912 1375.25 -4021.25 -878.25 1219.5 -4260.25 -964.5 1464.75 -4065 -850.25 1198.25 -4290.25 -877 1470 -4069.75 -846.5 1232.75 -4213.75 -935.5 1584.75 -4226.25 -840 1218 -4249.75 -887 1553.75 -4162.75 -858.25 1232 -4192.25 -974.25 1548.5 -4158.25 -929.5 1010.25 -4119.5 -988 1429.75 -4005.25 -922.5 1012 -4099.5 -915.5 1374.5 -4017.5 -923.75 982 -4099.25 -975.75 1449 -3958.25 -931.25 981.75 -4121 -981.25 1461 -4045 -901 982 -4091.75 -901 982 -4091.75 -1157 1538.25 -3979.5 -901.5 1010.75 -4092.75 -901.5 1010.75 -4092.75 -1088.75 1524.25 -4029.25 -913.25 1057.25 -4108.75 -1083.25 1512.25 -3943 -901.25 1056.5 -4104.75 -901.25 1056.5 -4104.75 -906.75 1424.25 -3937 -889.25 1056.25 -4108.75 -911.5 1374.25 -4014 -880.75 1011.25 -4099.5 -865.25 1453.5 -3949 -873.5 1009.25 -4119.5 -952 1447.75 -3939.75 -885.25 1054.5 -4120.25 -894.5 1521 -3759.5 -885.75 1121.75 -4128.75 -943.75 1503.25 -3827.5 -888.75 1124.75 -4120.75 -857.25 1509.25 -3836.5 -881.5 1192.75 -4140.5 -970.25 1415.5 -4068.75 -879 1190 -4147.5 -922.25 1379.5 -4027 -881.75 1189 -4155.25 -998.75 1441 -4028.5 -888.75 1121.75 -4137.5</float_array>
                    <technique_common>
                        <accessor count="512" source="#ID115" stride="3">
                            <param name="X" type="float"/>
                            <param name="Y" type="float"/>
                            <param name="Z" type="float"/>
                        </accessor>
                    </technique_common>
                </source>
                <source id="ID116">
                    <float_array id="ID117" count="1548">-0.298082 -0.177623 0.937868 -0.564638 -0.199292 0.800916 -0.299839 -0.0906487 0.949673 -0.699734 -0.0541618 0.712347 -0.29803 0.129384 0.945747 -0.733129 0.185905 0.654187 -0.299799 0.0960936 0.949151 -0.69068 0.121294 0.712916 -0.694833 -0.0475835 0.717595 -0.98909 0.147099 0.00795242 -0.999975 0.00635733 0.00298301 -0.696218 0.0837373 -0.712929 -0.998691 -0.0508508 -0.00552125 -0.762953 0.0176668 -0.646212 -0.990036 0.138735 0.0241054 -0.608271 0.325374 -0.723974 -0.560783 0.697575 -0.445994 -0.284439 0.404816 -0.869033 0.301198 -0.15833 -0.940325 0.566925 -0.178996 -0.804087 0.301206 -0.0669295 -0.951207 0.698852 -0.0283134 -0.714706 0.298033 0.180544 -0.937326 0.727914 0.239752 -0.642386 0.293348 0.211096 -0.932408 0.68199 0.225058 -0.695872 0.693639 0.130997 -0.708311 0.982339 0.186878 0.00934713 0.997205 0.0741893 0.00881513 0.694657 -0.000268262 0.719342 0.999255 0.0380025 0.00669451 0.767562 -0.0723166 0.636882 0.97051 0.239116 0.030556 0.581149 0.173622 0.795061 0.490332 0.600206 0.631924 0.252941 0.176079 0.951324 -0.979099 -0.203373 -0.00205945 -0.999998 0.00212217 0.000168362 -0.983104 0.182956 0.00586865 -0.686997 0.214437 -0.6943 -0.689232 0.19835 -0.696862 -0.300952 0.199535 -0.932531 -0.307528 0.113905 -0.944697 -0.295077 0.0883964 -0.951376 0.9792 0.202817 0.00567071 0.679334 0.188467 0.709215 0.99994 0.0109119 -1.26539e-005 0.697126 -0.0986642 0.710127 0.980607 -0.195957 -0.003337 0.695746 -0.197072 0.690724 0.29909 -0.175578 0.937933 0.300692 0.00497375 0.953708 0.293654 0.154021 0.943422 0.29521 0.107914 0.949318 -0.691667 -0.157609 0.704809 -0.3029 -0.133858 0.943575 -0.286484 0.0289531 0.957648 -0.667001 0.199199 0.717934 -0.552783 0.54562 0.629865 -0.697601 -0.0899614 -0.710816 -0.303461 0.027452 -0.952448 -0.296788 -0.166832 -0.940258 0.692357 0.0951936 -0.715248 0.288724 0.122196 -0.949582 0.260479 0.320527 -0.910721 0.632356 0.456806 -0.625663 0.484922 0.751509 -0.447309 -0.693799 -0.19345 -0.6937 0.296132 -0.123416 0.94714 0.684925 0.148692 0.713281 -0.296637 -0.0594183 0.95314 -0.30202 0.199317 -0.932232 0.294709 0.134727 -0.946042 0.296398 -0.0389106 0.954271 -0.411459 0.654837 0.633948 -0.485133 0.591006 0.644482 -0.0137692 0.729882 0.683435 -0.00836827 0.688072 0.725594 0.465932 0.65252 0.597599 -0.005069 0.658956 0.752165 -0.551526 0.67212 0.494039 -0.616229 0.780305 0.106703 -0.563701 0.602826 0.564661 -0.662691 0.741901 0.102097 -0.692365 0.714784 0.0985627 -0.564129 0.73221 -0.381611 0.116141 0.780333 0.614485 -0.26574 0.903344 0.336679 0.145394 0.701467 0.697714 -0.325181 0.860085 0.393079 -0.362773 0.827575 0.428387 -0.640694 0.762838 -0.0871128 -0.541012 0.795366 0.273311 -0.255428 0.963286 -0.0826906 -0.631228 0.719995 0.288372 -0.315283 0.937378 -0.148053 -0.353151 0.915987 -0.190399 0.152183 0.861385 -0.484619 -0.204738 0.903472 -0.376591 0.166059 0.98362 -0.0701083 -0.223933 0.849803 -0.477168 0.230952 0.963554 -0.135 0.272479 0.945454 -0.178526 0.559096 0.772414 0.301311 0.452086 0.891288 -0.034985 0.156169 0.923736 0.349746 0.549631 0.832623 -0.0681558 0.219099 0.887013 0.406453 0.2596 0.85866 0.441939 -0.23298 0.673431 0.701577 -0.490791 0.794059 -0.3586 -0.101961 0.885823 -0.452682 -0.56753 0.734084 -0.372868 -0.103795 0.857273 -0.504292 -0.10594 0.836945 -0.536936 0.386295 0.793431 -0.470366 0.448986 0.83792 -0.310324 0.531066 0.842597 0.0894346 0.462812 0.793356 -0.395463 0.580631 0.809966 0.0826013 0.612543 0.786648 0.0773083 0.518945 0.657738 0.545964 0.300806 0.944714 0.130504 0.110091 0.98211 0.152772 0.451813 0.852387 0.263251 -0.164698 0.969378 0.182157 0.503058 0.779792 0.372636 -0.0966877 0.958076 0.269706 -0.3809 0.913393 0.143624 -0.206159 0.970149 0.127707 -0.534698 0.844844 -0.018348 0.0599539 0.993721 0.0944696 -0.586321 0.796049 -0.150112 -0.0114907 0.999925 0.00421076 -0.0595887 0.977014 -0.204678 -0.0397246 0.99903 -0.0189921 0.0947351 0.924381 -0.369519 -0.00585202 0.968119 0.250422 0.218808 0.876748 -0.428294 0.0816126 0.980147 0.180694 -0.036454 0.884443 0.465222 -0.0627177 0.953541 0.294661 -0.184679 0.771004 0.609464 -0.0965135 0.994959 0.0272319 -0.302181 0.696054 0.651303 -0.183395 0.978633 0.0929749 -0.581475 0.811822 -0.0532114 -0.636863 0.77065 -0.0224614 -0.655598 0.752888 0.0578866 -0.209569 0.731551 0.648779 -0.169668 0.690825 0.702833 -0.0864782 0.68998 0.718644 -0.551739 0.7796 -0.296326 -0.551638 0.832431 -0.0524735 0.123594 0.915168 -0.383657 0.462036 0.839544 0.285813 -0.210887 0.755396 0.620407 0.303136 0.845197 -0.440172 0.496542 0.725113 0.477134 0.571156 0.805319 0.158876 0.554868 0.795987 0.241922 0.493669 0.821613 0.285031 0.00842462 0.865865 -0.500207 0.0905109 0.872576 -0.480019 0.124051 0.900314 -0.417188 0.382623 0.706905 0.594882 0.125014 0.774155 0.620528 -0.265066 0.903271 0.337405 0.15212 0.695993 0.70175 -0.32638 0.860108 0.392034 -0.3643 0.827486 0.427261 -0.644333 0.758829 -0.0949388 0.46928 0.831968 0.295982 0.56506 0.763297 0.313184 0.166823 0.983627 -0.0681822 0.230291 0.964044 -0.132609 -0.23345 0.843853 -0.483128 0.270642 0.94668 -0.174783 -0.549551 0.786403 0.282071 -0.256817 0.962942 -0.0823875 -0.637193 0.711513 0.296199 -0.315753 0.93736 -0.147161 -0.353385 0.916119 -0.189327 0.160297 0.856898 -0.489929 0.462736 0.885291 -0.0462044 0.157672 0.924087 0.348143 0.556161 0.827474 -0.0772753 0.220237 0.886364 0.407252 0.262208 0.856961 0.443694 -0.238889 0.667224 0.70551 -0.492294 0.793741 -0.357241 -0.100437 0.885947 -0.45278 -0.571848 0.731757 -0.370839 -0.104099 0.857252 -0.504264 -0.106203 0.836929 -0.536909 0.392762 0.79071 -0.46959 0.446265 0.836439 -0.318147 0.53154 0.842317 0.0892612 0.457913 0.789999 -0.407698 0.580048 0.810592 0.0805318 0.610722 0.788246 0.0754111 0.516388 0.651529 0.555746 0.391634 0.704283 0.592122 -0.0139725 0.729423 0.683921 0.476477 0.648889 0.593223 -0.00857025 0.688386 0.725294 -0.0055399 0.660288 0.750992 -0.496025 0.586484 0.640308 -0.550431 0.669389 0.498942 -0.617219 0.779648 0.105779 -0.561555 0.598883 0.57096 -0.663044 0.741424 0.103262 -0.692363 0.714624 0.0997286 -0.562566 0.729522 -0.388994 -0.391927 0.909586 0.138007 -0.212113 0.969337 0.12407 -0.546904 0.836858 -0.0237751 0.0627393 0.993514 0.0948369 -0.598343 0.786633 -0.152297 -0.00894711 0.999948 0.00491518 -0.0382937 0.881922 0.469838 -0.0634659 0.952597 0.29754 -0.185973 0.766313 0.614962 -0.0967668 0.994996 0.0248676 -0.304265 0.689534 0.657241 -0.186456 0.97822 0.0912177 0.291032 0.948799 0.122806 0.109994 0.982297 0.151637 0.457413 0.849699 0.262268 -0.164009 0.969272 0.183337 0.516132 0.770883 0.373294 -0.0911946 0.957928 0.272136 -0.0556976 0.975664 -0.212078 -0.0387589 0.99902 -0.0213774 0.0967386 0.920876 -0.377663 -0.00539776 0.967996 0.250906 0.2204 0.870994 -0.439082 0.0854004 0.980191 0.178695 0.505005 0.814686 0.285057 0.565398 0.787715 0.2446 0.583831 0.795474 0.162367 -0.554798 0.83001 -0.0572922 0.131671 0.910604 -0.391743 -0.217334 0.751445 0.622974 0.311018 0.842305 -0.440217 0.495567 0.718948 0.487368 -0.421156 0.650676 0.631861 -0.550999 0.775901 -0.307209 0.00988954 0.860455 -0.50943 0.0930928 0.867804 -0.488109 0.126276 0.896791 -0.424053 -0.662652 0.746677 0.0580183 -0.646634 0.762381 -0.0252905 -0.587395 0.807273 -0.0572439 -0.087648 0.684867 0.723378 -0.169595 0.687526 0.706077 -0.210222 0.725747 0.655056 -0.211846 0.899777 -0.381474 -0.268145 0.914189 0.303902 -0.348998 0.877016 0.330216 0.128159 0.933285 0.335492 0.126314 0.916358 0.379912 0.574606 0.759474 0.305003 0.125895 0.90499 0.406378 -0.420246 0.89597 0.143635 -0.487776 0.83872 -0.242122 -0.432747 0.867428 0.245558 -0.527288 0.818536 -0.227961 -0.548608 0.80558 -0.223764 -0.461606 0.591362 -0.661219 0.2439 0.938091 0.245964 -0.109461 0.992445 -0.0554118 0.263664 0.898212 0.351706 -0.16753 0.985833 0.00820909 -0.206364 0.977206 0.0498135 -0.502189 0.773109 -0.387438 -0.387928 0.918154 -0.0806487 -0.0936459 0.874423 -0.476041 -0.483968 0.874295 -0.0371882 -0.154014 0.83934 -0.521333 -0.190664 0.813974 -0.548719 0.276329 0.544479 -0.79195 -0.0731553 0.67878 -0.730689 0.326134 0.823923 -0.463452 -0.1098 0.59707 -0.79464 0.374215 0.779621 -0.50215 0.399533 0.752295 -0.523856 0.687901 0.725797 -0.00318849 0.593851 0.715171 -0.368607 0.319147 0.946588 -0.0459985 0.676565 0.633631 -0.375196 0.375058 0.9269 0.0136877 0.408386 0.911179 0.0545322 -0.093695 0.931069 0.352606 -0.333509 0.624444 -0.706287 0.0290685 0.584889 -0.810592 -0.44895 0.584577 -0.675806 0.0160344 0.560148 -0.828237 0.0147283 0.556159 -0.830945 0.491362 0.426436 -0.759417 0.596541 0.519316 -0.611923 0.690637 0.676874 -0.254682 0.587448 0.447392 -0.674348 0.718367 0.655731 -0.232305 0.725885 0.648109 -0.230315 0.64499 0.724761 0.242301 0.414234 0.879034 -0.23603 0.253926 0.940895 -0.22414 0.562405 0.823703 -0.0722136 0.000726575 0.97998 -0.199094 0.608184 0.791815 0.056044 0.0643752 0.99096 -0.117706 -0.238542 0.941494 -0.238089 -0.0515582 0.963149 -0.263979 -0.396191 0.844615 -0.360082 0.215849 0.932265 -0.29033 -0.452288 0.765974 -0.456859 0.145686 0.917879 -0.369153 0.0829557 0.828107 -0.554398 0.116187 0.905149 -0.408908 0.22742 0.680118 -0.696936 0.156195 0.973748 -0.165581 0.340675 0.587309 -0.734172 0.237309 0.943168 -0.232634 0.100973 0.991176 0.0858703 0.0931555 0.989367 -0.111696 -0.037774 0.971434 0.234283 0.0655427 0.924605 -0.375247 -0.152796 0.943999 0.292438 -0.0183273 0.950998 -0.308654 -0.424957 0.827243 -0.367533 -0.488614 0.808816 -0.327221 -0.502741 0.828539 -0.246526 -0.0672531 0.956622 0.283462 -0.03124 0.936627 0.348934 0.0482683 0.930241 0.363762 -0.445809 0.65883 -0.605968 -0.408702 0.829839 -0.379907 0.260682 0.634138 -0.727952 0.608663 0.791552 -0.0545491 -0.0655997 0.964017 0.257619 0.40724 0.493356 -0.768606 0.646485 0.755487 0.106286 0.6912 0.707473 -0.147396 0.676522 0.733238 -0.0684148 0.617084 0.785901 -0.0395909 0.122614 0.592592 -0.796116 0.205494 0.589693 -0.781047 0.249412 0.636073 -0.730209 0.506656 0.81429 0.283251 -0.297565 -0.270484 0.915584 -0.557216 -0.287437 0.779032 -0.30717 -0.171279 0.936114 -0.695177 -0.132014 0.706613 -0.302107 0.0982033 0.948202 -0.740265 0.176084 0.648846 -0.295489 0.221531 0.929306 -0.687346 0.236223 0.686843 -0.68331 0.239284 0.689804 -0.982215 0.186977 -0.0171599 -0.992693 0.118653 -0.0219717 -0.692248 -0.0451434 -0.720246 -0.993358 0.113989 -0.0156761 -0.768542 -0.122322 -0.627997 -0.945248 0.321542 -0.0558353 -0.575387 0.096728 -0.812141 -0.448544 0.567912 -0.690134 -0.23986 0.0487541 -0.969582 0.307466 -0.102246 -0.94605 0.573535 -0.128343 -0.809065 0.305268 -0.0248287 -0.951943 0.6986 -0.00490212 -0.715495 0.297541 0.165126 -0.940321 0.726229 0.203643 -0.656599 0.291412 0.0697435 -0.954052 0.690201 0.0935826 -0.717541 0.688512 -0.159023 -0.707575 0.991569 0.129363 -0.00751516 0.999023 -0.0428086 0.0109736 0.6978 0.124538 0.705384 0.99206 -0.123713 0.0226486 0.764632 0.0686811 0.640797 0.997181 0.0685561 -0.030509 0.621249 0.409381 0.668175 0.580439 0.737199 0.345874 0.316965 0.530491 0.786201 -0.967972 -0.251054 -0.0013201 -0.998933 -0.046123 -0.00248733 -0.986752 0.161817 -0.0116577 -0.725457 0.192433 -0.660819 -0.681768 0.134195 -0.719155 -0.290004 0.0864531 -0.953112 -0.31332 -0.123738 -0.941552 -0.303004 -0.259928 -0.916857 0.984648 0.161822 0.0654356 0.641294 0.179388 0.746031 0.74766 -0.112019 0.654566 0.311022 -0.0582521 0.948616 0.302933 -0.245779 0.920774 0.30322 0.140405 0.94252 0.308485 0.203237 0.929264 0.699128 0.193704 0.688258 -0.676623 0.273041 0.683835 -0.288594 0.298883 0.909606 -0.250301 0.498202 0.830147 -0.588177 0.606905 0.534522 -0.418943 0.84982 0.319831 -0.644874 -0.0568645 -0.76217 -0.294275 0.158065 -0.942559 -0.303657 -0.00221366 -0.952779 0.307662 0.198841 0.930487 0.305947 0.225576 0.924939 0.981697 -0.190421 -0.0033149 0.997203 -0.0181244 -0.0725125 0.666282 -0.331876 -0.667777 0.27441 -0.308674 -0.910725 0.282292 -0.149586 -0.947595 0.677528 0.0421924 -0.734286 0.579485 0.430796 -0.691818 -0.691752 -0.186287 -0.697694 -0.30199 -0.129597 -0.944461 -0.293399 0.247757 0.923327 0.286004 -0.174999 -0.942113 0.696792 -0.234567 0.677834 -0.279747 0.91048 0.304577 -0.354075 0.874751 0.330821 0.129946 0.932941 0.33576 0.129175 0.915519 0.380971 0.582601 0.753753 0.304027 0.128741 0.903187 0.409487 -0.419031 0.895868 0.147764 -0.488429 0.838014 -0.243246 -0.430045 0.866132 0.254709 -0.527779 0.819078 -0.224856 -0.54922 0.806075 -0.220455 -0.460899 0.58483 -0.667492 0.252337 0.932756 0.257471 -0.107843 0.992737 -0.0533267 0.273012 0.892488 0.359067 -0.170056 0.985423 0.00476274 -0.206767 0.977385 0.0443464 -0.508168 0.764976 -0.395697 -0.393517 0.916393 -0.0732612 -0.0927698 0.874278 -0.476479 -0.48851 0.872051 -0.0297406 -0.15328 0.837945 -0.523788 -0.19095 0.811859 -0.551745 0.283351 0.535327 -0.795699 -0.0825911 0.672345 -0.735616 0.323406 0.823881 -0.465434 -0.118166 0.588753 -0.799629 0.375348 0.777443 -0.504674 0.402543 0.74788 -0.527859 0.690977 0.72287 0.00299226 0.599859 0.707472 -0.373701 0.321238 0.945782 -0.0479932 0.681306 0.625861 -0.379632 0.377253 0.925995 0.0145931 0.411848 0.909466 0.0570394 -0.0972541 0.929279 0.356344 -0.333201 0.624475 -0.706405 0.0297317 0.584925 -0.810542 -0.452747 0.582494 -0.675071 0.0184029 0.557853 -0.829736 0.0170014 0.552897 -0.833076 0.49724 0.423768 -0.757082 0.593092 0.514094 -0.619636 0.691497 0.676291 -0.253895 0.583612 0.440828 -0.681959 0.719178 0.653827 -0.235146 0.727745 0.6451 -0.232881 0.644121 0.722405 0.251476 0.419187 0.876524 -0.236616 0.253847 0.940622 -0.225369 0.570252 0.818632 -0.0682223 -0.00436131 0.979871 -0.199584 0.615554 0.785569 0.0630424 0.0611538 0.991097 -0.118265 -0.217498 0.949624 -0.225629 -0.0431477 0.964366 -0.261031 -0.399316 0.844493 -0.356902 0.217957 0.931753 -0.290399 -0.468046 0.757838 -0.454549 0.143366 0.917991 -0.369782 0.0926628 0.816179 -0.570321 0.121376 0.901489 -0.415433 0.231385 0.669924 -0.705452 0.155267 0.974219 -0.163677 0.342627 0.578438 -0.740281 0.236569 0.943997 -0.230008 0.0948666 0.990347 0.101061 0.0907203 0.99044 -0.103912 -0.0416402 0.967713 0.248592 0.0681349 0.92339 -0.377768 -0.154557 0.939114 0.306882 -0.0175687 0.950168 -0.311243 -0.440519 0.819719 -0.366065 -0.498541 0.802124 -0.328717 -0.513587 0.819817 -0.253236 -0.0647142 0.954105 0.292396 -0.0361699 0.934551 0.353986 0.0373787 0.927344 0.37234 -0.445132 0.648923 -0.617055 -0.403801 0.831574 -0.381352 0.266799 0.629037 -0.730158 0.608416 0.791929 -0.0517478 -0.0675022 0.963871 0.257674 0.405039 0.496186 -0.767947 0.646315 0.752782 0.124889 0.700031 0.700259 -0.139977 0.685154 0.725493 -0.064982 0.62955 0.776008 -0.0384398 0.128185 0.577802 -0.806048 0.211636 0.577288 -0.788637 0.252957 0.626596 -0.73715 0.51838 0.807294 0.28206</float_array>
                    <technique_common>
                        <accessor count="516" source="#ID117" stride="3">
                            <param name="X" type="float"/>
                            <param name="Y" type="float"/>
                            <param name="Z" type="float"/>
                        </accessor>
                    </technique_common>
                </source>
                <source id="ID118">
                    <float_array id="ID119" count="110">-0.821289 1.75195 -0.821289 1.81445 -0.625 1.75195 -0.623047 1.81445 -0.300781 1.75195 -0.288086 1.81445 0.224609 1.75195 0.231445 1.81445 1.03223 1.81445 0.224609 1.87402 1.01563 1.87402 1.03223 1.93359 1.99023 1.87402 1.99609 1.93359 2.57715 1.87402 2.57715 1.93359 2.74805 1.93359 2.57715 1.99609 -0.821289 1.87402 -0.625 1.87402 -0.299805 1.87402 -0.288086 1.93359 0.231445 1.93359 0.224609 1.99609 1.01465 1.99609 1.99023 1.99609 -0.623047 1.93359 -0.821289 1.93359 -0.821289 1.99609 -0.625 1.99609 -0.300781 1.99609 1.99609 1.81445 1.99023 1.75195 2.57715 1.75195 2.57715 1.81445 2.74805 1.81445 1.01465 1.75195 -1.98242 0.18457 -1.98242 0.574219 -1.00879 0.00585938 -1.00879 0.53418 -1.00879 0.760742 -1.62793 0.367188 -1.00879 0.149414 -1.7168 0.563477 -1.54004 0.65918 0.0166016 0.18457 0.990234 0.00585938 0.0166016 0.574219 0.990234 0.53418 0.990234 0.760742 0.371094 0.367188 0.990234 0.149414 0.282227 0.563477 0.458984 0.65918</float_array>
                    <technique_common>
                        <accessor count="55" source="#ID119" stride="2">
                            <param name="S" type="float"/>
                            <param name="T" type="float"/>
                        </accessor>
                    </technique_common>
                </source>
                <vertices id="ID120">
                    <input semantic="POSITION" source="#ID114"/>
                </vertices>
                <triangles count="528" material="Material1">
                    <input offset="0" semantic="VERTEX" source="#ID120"/>
                    <input offset="1" semantic="NORMAL" source="#ID116"/>
                    <input offset="2" semantic="TEXCOORD" source="#ID118" set="0"/>
                    <p>313 2 2 419 1 1 421 0 0 419 1 1 313 2 2 308 3 3 315 4 4 308 3 3 313 2 2 308 3 3 315 4 4 306 5 5 320 6 6 306 5 5 315 4 4 306 5 5 320 6 6 318 7 7 403 8 8 318 7 7 320 6 6 318 7 7 403 8 8 381 9 9 379 10 10 381 9 9 403 8 8 381 9 9 379 10 10 377 11 11 358 12 12 377 11 11 379 10 10 377 11 11 358 12 12 354 13 13 360 14 14 354 13 13 358 12 12 354 13 13 360 14 14 356 15 15 362 16 16 356 15 15 360 14 14 356 15 15 362 16 16 352 17 17 394 20 2 428 19 1 430 18 0 428 19 1 394 20 2 398 21 3 386 22 4 398 21 3 394 20 2 398 21 3 386 22 4 396 23 5 383 24 6 396 23 5 386 22 4 396 23 5 383 24 6 409 25 7 341 26 8 409 25 7 383 24 6 409 25 7 341 26 8 329 27 9 331 28 10 329 27 9 341 26 8 329 27 9 331 28 10 333 29 11 337 30 12 333 29 11 331 28 10 333 29 11 337 30 12 335 31 13 367 32 14 335 31 13 337 30 12 335 31 13 367 32 14 365 33 15 362 34 16 365 33 15 367 32 14 365 33 15 362 34 16 373 35 17 308 3 3 415 36 18 419 1 1 415 36 18 308 3 3 310 37 19 306 5 5 310 37 19 308 3 3 310 37 19 306 5 5 304 38 20 381 9 9 304 38 20 306 5 5 304 38 20 381 9 9 389 39 21 375 40 22 389 39 21 381 9 9 389 39 21 375 40 22 384 41 23 377 11 11 384 41 23 375 40 22 384 41 23 377 11 11 344 42 24 347 43 25 344 42 24 377 11 11 329 27 9 396 23 5 409 25 7 396 23 5 329 27 9 327 44 20 325 45 21 327 44 20 329 27 9 327 44 20 325 45 21 411 46 19 413 47 26 411 46 19 325 45 21 411 46 19 413 47 26 426 48 18 424 49 27 426 48 18 413 47 26 413 47 26 422 50 28 424 49 27 422 50 28 413 47 26 312 51 29 325 45 21 312 51 29 413 47 26 312 51 29 325 45 21 316 52 30 321 53 23 316 52 30 325 45 21 403 8 8 358 12 12 379 10 10 358 12 12 403 8 8 405 54 31 369 55 32 405 54 31 403 8 8 405 54 31 369 55 32 372 56 33 405 54 31 360 14 14 358 12 12 360 14 14 405 54 31 407 57 34 372 56 33 407 57 34 405 54 31 407 57 34 372 56 33 363 58 35 389 39 21 310 37 19 304 38 20 310 37 19 389 39 21 391 59 26 393 60 29 391 59 26 389 39 21 391 59 26 393 60 29 431 61 28 411 46 19 396 23 5 327 44 20 396 23 5 411 46 19 398 21 3 426 48 18 398 21 3 411 46 19 398 21 3 426 48 18 428 19 1 341 26 8 337 30 12 331 28 10 337 30 12 341 26 8 339 62 31 346 63 32 339 62 31 341 26 8 339 62 31 346 63 32 351 64 33 339 62 31 367 32 14 337 30 12 367 32 14 339 62 31 349 65 34 351 64 33 349 65 34 339 62 31 349 65 34 351 64 33 363 66 35 391 59 26 415 36 18 310 37 19 415 36 18 391 59 26 417 67 27 431 61 28 417 67 27 391 59 26 370 68 25 365 33 15 373 35 17 365 33 15 370 68 25 335 31 13 333 29 11 335 31 13 370 68 25 323 69 22 333 29 11 321 53 23 333 29 11 323 69 22 329 27 9 325 45 21 329 27 9 323 69 22 354 13 13 347 43 25 377 11 11 347 43 25 354 13 13 356 15 15 403 8 8 400 70 36 369 55 32 400 70 36 403 8 8 320 6 6 389 39 21 387 71 30 393 60 29 387 71 30 389 39 21 384 41 23 343 72 36 341 26 8 383 24 6 341 26 8 343 72 36 346 63 32 401 73 24 333 29 11 370 68 25 333 29 11 401 73 24 321 53 23 360 14 14 407 57 34 363 58 35 381 9 9 306 5 5 318 7 7 381 9 9 377 11 11 375 40 22 356 15 15 352 17 17 347 43 25 349 65 34 363 66 35 367 32 14 321 53 23 325 45 21 323 69 22 469 76 39 467 75 38 471 74 37 467 75 38 469 76 39 461 77 40 465 78 38 461 77 40 469 76 39 461 77 40 465 78 38 463 79 41 451 82 38 455 81 39 459 80 37 455 81 39 451 82 38 447 83 40 449 84 41 447 83 40 451 82 38 447 83 40 449 84 41 453 85 38 437 88 38 441 87 39 445 86 37 441 87 39 437 88 38 433 89 40 435 90 41 433 89 40 437 88 38 433 89 40 435 90 41 439 91 38 32 94 38 36 93 39 40 92 37 36 93 39 32 94 38 26 95 40 29 96 41 26 95 40 32 94 38 26 95 40 29 96 41 34 97 38 15 100 38 19 99 39 24 98 37 19 99 39 15 100 38 11 101 40 13 102 41 11 101 40 15 100 38 11 101 40 13 102 41 17 103 38 510 106 38 3 105 39 8 104 37 3 105 39 510 106 38 506 107 40 508 108 41 506 107 40 510 106 38 506 107 40 508 108 41 0 109 38 496 112 38 500 111 39 504 110 37 500 111 39 496 112 38 492 113 40 494 114 41 492 113 40 496 112 38 492 113 40 494 114 41 498 115 38 479 118 38 484 117 39 489 116 37 484 117 39 479 118 38 475 119 40 477 120 41 475 119 40 479 118 38 475 119 40 477 120 41 481 121 38 102 124 44 112 123 43 110 122 42 112 123 43 102 124 44 104 125 40 108 126 45 104 125 40 102 124 44 104 125 40 108 126 45 106 127 41 83 130 44 94 129 43 92 128 42 94 129 43 83 130 44 85 131 40 90 132 45 85 131 40 83 130 44 85 131 40 90 132 45 87 133 41 64 136 44 74 135 43 72 134 42 74 135 43 64 136 44 66 137 40 70 138 45 66 137 40 64 136 44 66 137 40 70 138 45 68 139 41 43 142 44 55 141 43 53 140 42 55 141 43 43 142 44 46 143 40 50 144 45 46 143 40 43 142 44 46 143 40 50 144 45 48 145 41 104 125 40 116 146 42 112 123 43 116 146 42 104 125 40 114 147 44 118 148 45 114 147 44 104 125 40 66 137 40 78 149 42 74 135 43 78 149 42 66 137 40 76 150 44 81 151 45 76 150 44 66 137 40 453 85 38 455 81 39 447 83 40 455 81 39 453 85 38 457 152 37 439 91 38 441 87 39 433 89 40 441 87 39 439 91 38 443 153 37 34 97 38 36 93 39 26 95 40 36 93 39 34 97 38 38 154 37 17 103 38 19 99 39 11 101 40 19 99 39 17 103 38 22 155 37 0 109 38 3 105 39 506 107 40 3 105 39 0 109 38 6 156 37 498 115 38 500 111 39 492 113 40 500 111 39 498 115 38 502 157 37 481 121 38 484 117 39 475 119 40 484 117 39 481 121 38 487 158 37 100 159 45 85 131 40 87 133 41 85 131 40 100 159 45 96 160 44 85 131 40 98 161 42 94 129 43 98 161 42 85 131 40 96 160 44 62 162 45 46 143 40 48 145 41 46 143 40 62 162 45 57 163 44 46 143 40 60 164 42 55 141 43 60 164 42 46 143 40 57 163 44 467 75 38 461 77 40 463 79 41 469 76 39 473 165 37 465 78 38 81 151 45 66 137 40 68 139 41 118 148 45 104 125 40 106 127 41 160 168 48 164 167 47 168 166 46 164 167 47 160 168 48 156 169 49 158 170 50 156 169 49 160 168 48 156 169 49 158 170 50 162 171 48 248 174 47 246 173 48 250 172 46 246 173 48 248 174 47 240 175 49 244 176 48 240 175 49 248 174 47 240 175 49 244 176 48 242 177 50 258 180 48 262 179 47 266 178 46 262 179 47 258 180 48 254 181 49 256 182 50 254 181 49 258 180 48 254 181 49 256 182 50 260 183 48 230 186 48 234 185 47 238 184 46 234 185 47 230 186 48 226 187 49 228 188 50 226 187 49 230 186 48 226 187 49 228 188 50 232 189 48 216 192 48 220 191 47 224 190 46 220 191 47 216 192 48 212 193 49 214 194 50 212 193 49 216 192 48 212 193 49 214 194 50 218 195 48 202 198 48 206 197 47 210 196 46 206 197 47 202 198 48 198 199 49 200 200 50 198 199 49 202 198 48 198 199 49 200 200 50 204 201 48 188 204 48 192 203 47 196 202 46 192 203 47 188 204 48 184 205 49 186 206 50 184 205 49 188 204 48 184 205 49 186 206 50 190 207 48 174 210 48 178 209 47 182 208 46 178 209 47 174 210 48 170 211 49 172 212 50 170 211 49 174 210 48 170 211 49 172 212 50 176 213 48 280 216 53 285 215 52 284 214 51 285 215 52 280 216 53 281 217 49 283 218 54 281 217 49 280 216 53 281 217 49 283 218 54 282 219 50 268 222 53 276 221 52 275 220 51 276 221 52 268 222 53 270 223 49 274 224 54 270 223 49 268 222 53 270 223 49 274 224 54 272 225 50 138 228 53 148 227 52 146 226 51 148 227 52 138 228 53 140 229 49 144 230 54 140 229 49 138 228 53 140 229 49 144 230 54 142 231 50 120 234 53 130 233 52 128 232 51 130 233 52 120 234 53 122 235 49 126 236 54 122 235 49 120 234 53 122 235 49 126 236 54 124 237 50 281 217 49 287 238 51 285 215 52 287 238 51 281 217 49 286 239 53 288 240 54 286 239 53 281 217 49 162 171 48 164 167 47 156 169 49 164 167 47 162 171 48 166 241 46 260 183 48 262 179 47 254 181 49 262 179 47 260 183 48 264 242 46 232 189 48 234 185 47 226 187 49 234 185 47 232 189 48 236 243 46 218 195 48 220 191 47 212 193 49 220 191 47 218 195 48 222 244 46 204 201 48 206 197 47 198 199 49 206 197 47 204 201 48 208 245 46 190 207 48 192 203 47 184 205 49 192 203 47 190 207 48 194 246 46 176 213 48 178 209 47 170 211 49 178 209 47 176 213 48 180 247 46 279 248 54 270 223 49 272 225 50 270 223 49 279 248 54 277 249 53 270 223 49 278 250 51 276 221 52 278 250 51 270 223 49 277 249 53 154 251 54 140 229 49 142 231 50 140 229 49 154 251 54 150 252 53 140 229 49 152 253 51 148 227 52 152 253 51 140 229 49 150 252 53 136 254 54 122 235 49 124 237 50 122 235 49 136 254 54 132 255 53 122 235 49 134 256 51 130 233 52 134 256 51 122 235 49 132 255 53 248 174 47 252 257 46 244 176 48 246 173 48 240 175 49 242 177 50 288 240 54 281 217 49 282 219 50 311 260 39 309 259 38 314 258 37 309 259 38 311 260 39 303 261 40 307 262 38 303 261 40 311 260 39 303 261 40 307 262 38 305 263 41 298 266 38 300 265 39 302 264 37 300 265 39 298 266 38 296 267 40 297 268 41 296 267 40 298 266 38 296 267 40 297 268 41 299 269 38 291 272 38 293 271 39 295 270 37 293 271 39 291 272 38 289 273 40 290 274 41 289 273 40 291 272 38 289 273 40 290 274 41 292 275 38 388 278 38 392 277 39 397 276 37 392 277 39 388 278 38 382 279 40 385 280 41 382 279 40 388 278 38 382 279 40 385 280 41 390 281 38 371 284 38 376 283 39 380 282 37 376 283 39 371 284 38 366 285 40 368 286 41 366 285 40 371 284 38 366 285 40 368 286 41 374 287 38 355 290 38 359 289 39 364 288 37 359 289 39 355 290 38 350 291 40 353 292 41 350 291 40 355 290 38 350 291 40 353 292 41 357 293 38 338 296 38 342 295 39 348 294 37 342 295 39 338 296 38 334 297 40 336 298 41 334 297 40 338 296 38 334 297 40 336 298 41 340 299 38 324 302 38 328 301 39 332 300 37 328 301 39 324 302 38 319 303 40 322 304 41 319 303 40 324 302 38 319 303 40 322 304 41 326 305 38 456 308 44 466 307 43 464 306 42 466 307 43 456 308 44 458 309 40 462 310 45 458 309 40 456 308 44 458 309 40 462 310 45 460 311 41 438 314 44 448 313 43 446 312 42 448 313 43 438 314 44 440 315 40 444 316 45 440 315 40 438 314 44 440 315 40 444 316 45 442 317 41 418 320 44 429 319 43 427 318 42 429 319 43 418 320 44 420 321 40 425 322 45 420 321 40 418 320 44 420 321 40 425 322 45 423 323 41 399 326 44 410 325 43 408 324 42 410 325 43 399 326 44 402 327 40 406 328 45 402 327 40 399 326 44 402 327 40 406 328 45 404 329 41 458 309 40 470 330 42 466 307 43 470 330 42 458 309 40 468 331 44 472 332 45 468 331 44 458 309 40 420 321 40 434 333 42 429 319 43 434 333 42 420 321 40 432 334 44 436 335 45 432 334 44 420 321 40 299 269 38 300 265 39 296 267 40 300 265 39 299 269 38 301 336 37 292 275 38 293 271 39 289 273 40 293 271 39 292 275 38 294 337 37 390 281 38 392 277 39 382 279 40 392 277 39 390 281 38 395 338 37 374 287 38 376 283 39 366 285 40 376 283 39 374 287 38 378 339 37 357 293 38 359 289 39 350 291 40 359 289 39 357 293 38 361 340 37 340 299 38 342 295 39 334 297 40 342 295 39 340 299 38 345 341 37 326 305 38 328 301 39 319 303 40 328 301 39 326 305 38 330 342 37 454 343 45 440 315 40 442 317 41 440 315 40 454 343 45 450 344 44 440 315 40 452 345 42 448 313 43 452 345 42 440 315 40 450 344 44 416 346 45 402 327 40 404 329 41 402 327 40 416 346 45 412 347 44 402 327 40 414 348 42 410 325 43 414 348 42 402 327 40 412 347 44 309 259 38 303 261 40 305 263 41 311 260 39 317 349 37 307 262 38 436 335 45 420 321 40 423 323 41 472 332 45 458 309 40 460 311 41 483 352 2 77 351 1 79 350 0 77 351 1 483 352 2 478 353 3 485 354 4 478 353 3 483 352 2 478 353 3 485 354 4 476 355 5 490 356 6 476 355 5 485 354 4 476 355 5 490 356 6 488 357 7 61 358 8 488 357 7 490 356 6 488 357 7 61 358 8 39 359 9 37 360 10 39 359 9 61 358 8 39 359 9 37 360 10 35 361 11 16 362 12 35 361 11 37 360 10 35 361 11 16 362 12 12 363 13 18 364 14 12 363 13 16 362 12 12 363 13 18 364 14 14 365 15 20 366 16 14 365 15 18 364 14 14 365 15 20 366 16 10 367 17 52 370 2 86 369 1 88 368 0 86 369 1 52 370 2 56 371 3 44 372 4 56 371 3 52 370 2 56 371 3 44 372 4 54 373 5 41 374 6 54 373 5 44 372 4 54 373 5 41 374 6 67 375 7 511 376 8 67 375 7 41 374 6 67 375 7 511 376 8 499 377 9 501 378 10 499 377 9 511 376 8 499 377 9 501 378 10 503 379 11 507 380 12 503 379 11 501 378 10 503 379 11 507 380 12 505 381 13 25 382 14 505 381 13 507 380 12 505 381 13 25 382 14 23 383 15 20 384 16 23 383 15 25 382 14 23 383 15 20 384 16 31 385 17 478 353 3 73 386 18 77 351 1 73 386 18 478 353 3 480 387 19 476 355 5 480 387 19 478 353 3 480 387 19 476 355 5 474 388 20 39 359 9 474 388 20 476 355 5 474 388 20 39 359 9 47 389 21 33 390 22 47 389 21 39 359 9 47 389 21 33 390 22 42 391 23 35 361 11 42 391 23 33 390 22 42 391 23 35 361 11 2 392 24 5 393 25 2 392 24 35 361 11 499 377 9 54 373 5 67 375 7 54 373 5 499 377 9 497 394 20 495 395 21 497 394 20 499 377 9 497 394 20 495 395 21 71 396 26 482 397 29 71 396 26 495 395 21 71 396 26 482 397 29 80 398 28 495 395 21 486 399 30 482 397 29 486 399 30 495 395 21 491 400 23 493 401 22 491 400 23 495 395 21 491 400 23 493 401 22 503 379 11 499 377 9 503 379 11 493 401 22 61 358 8 16 362 12 37 360 10 16 362 12 61 358 8 63 402 31 27 403 32 63 402 31 61 358 8 63 402 31 27 403 32 30 404 33 63 402 31 18 364 14 16 362 12 18 364 14 63 402 31 65 405 34 30 404 33 65 405 34 63 402 31 65 405 34 30 404 33 21 406 35 47 389 21 480 387 19 474 388 20 480 387 19 47 389 21 49 407 26 45 408 30 49 407 26 47 389 21 49 407 26 45 408 30 51 409 29 503 379 11 59 410 24 491 400 23 59 410 24 503 379 11 28 411 25 505 381 13 28 411 25 503 379 11 28 411 25 505 381 13 23 383 15 56 371 3 84 412 18 86 369 1 84 412 18 56 371 3 69 413 19 54 373 5 69 413 19 56 371 3 69 413 19 54 373 5 497 394 20 511 376 8 507 380 12 501 378 10 507 380 12 511 376 8 509 414 31 4 415 32 509 414 31 511 376 8 509 414 31 4 415 32 9 416 33 509 414 31 25 382 14 507 380 12 25 382 14 509 414 31 7 417 34 9 416 33 7 417 34 509 414 31 7 417 34 9 416 33 21 418 35 49 407 26 73 386 18 480 387 19 73 386 18 49 407 26 75 419 27 89 420 28 75 419 27 49 407 26 12 363 13 5 393 25 35 361 11 5 393 25 12 363 13 14 365 15 61 358 8 58 421 36 27 403 32 58 421 36 61 358 8 490 356 6 1 422 36 511 376 8 41 374 6 511 376 8 1 422 36 4 415 32 82 423 27 71 396 26 80 398 28 71 396 26 82 423 27 84 412 18 71 396 26 69 413 19 497 394 20 69 413 19 71 396 26 84 412 18 18 364 14 65 405 34 21 406 35 39 359 9 476 355 5 488 357 7 49 407 26 51 409 29 89 420 28 47 389 21 42 391 23 45 408 30 39 359 9 35 361 11 33 390 22 23 383 15 31 385 17 28 411 25 14 365 15 10 367 17 5 393 25 7 417 34 21 418 35 25 382 14 499 377 9 493 401 22 495 395 21 127 426 47 125 425 48 129 424 46 125 425 48 127 426 47 119 427 49 123 428 48 119 427 49 127 426 47 119 427 49 123 428 48 121 429 50 109 432 48 113 431 47 117 430 46 113 431 47 109 432 48 105 433 49 107 434 50 105 433 49 109 432 48 105 433 49 107 434 50 111 435 48 95 438 48 99 437 47 103 436 46 99 437 47 95 438 48 91 439 49 93 440 50 91 439 49 95 438 48 91 439 49 93 440 50 97 441 48 193 444 48 197 443 47 201 442 46 197 443 47 193 444 48 189 445 49 191 446 50 189 445 49 193 444 48 189 445 49 191 446 50 195 447 48 179 450 48 183 449 47 187 448 46 183 449 47 179 450 48 175 451 49 177 452 50 175 451 49 179 450 48 175 451 49 177 452 50 181 453 48 165 456 48 169 455 47 173 454 46 169 455 47 165 456 48 161 457 49 163 458 50 161 457 49 165 456 48 161 457 49 163 458 50 167 459 48 151 462 48 155 461 47 159 460 46 155 461 47 151 462 48 147 463 49 149 464 50 147 463 49 151 462 48 147 463 49 149 464 50 153 465 48 137 468 48 141 467 47 145 466 46 141 467 47 137 468 48 133 469 49 135 470 50 133 469 49 137 468 48 133 469 49 135 470 50 139 471 48 257 474 53 267 473 52 265 472 51 267 473 52 257 474 53 259 475 49 263 476 54 259 475 49 257 474 53 259 475 49 263 476 54 261 477 50 239 480 53 249 479 52 247 478 51 249 479 52 239 480 53 241 481 49 245 482 54 241 481 49 239 480 53 241 481 49 245 482 54 243 483 50 221 486 53 231 485 52 229 484 51 231 485 52 221 486 53 223 487 49 227 488 54 223 487 49 221 486 53 223 487 49 227 488 54 225 489 50 203 492 53 213 491 52 211 490 51 213 491 52 203 492 53 205 493 49 209 494 54 205 493 49 203 492 53 205 493 49 209 494 54 207 495 50 259 475 49 271 496 51 267 473 52 271 496 51 259 475 49 269 497 53 273 498 54 269 497 53 259 475 49 223 487 49 235 499 51 231 485 52 235 499 51 223 487 49 233 500 53 237 501 54 233 500 53 223 487 49 111 435 48 113 431 47 105 433 49 113 431 47 111 435 48 115 502 46 97 441 48 99 437 47 91 439 49 99 437 47 97 441 48 101 503 46 195 447 48 197 443 47 189 445 49 197 443 47 195 447 48 199 504 46 181 453 48 183 449 47 175 451 49 183 449 47 181 453 48 185 505 46 167 459 48 169 455 47 161 457 49 169 455 47 167 459 48 171 506 46 153 465 48 155 461 47 147 463 49 155 461 47 153 465 48 157 507 46 139 471 48 141 467 47 133 469 49 141 467 47 139 471 48 143 508 46 255 509 54 241 481 49 243 483 50 241 481 49 255 509 54 251 510 53 241 481 49 253 511 51 249 479 52 253 511 51 241 481 49 251 510 53 219 512 54 205 493 49 207 495 50 205 493 49 219 512 54 215 513 53 205 493 49 217 514 51 213 491 52 217 514 51 205 493 49 215 513 53 125 425 48 119 427 49 121 429 50 127 426 47 131 515 46 123 428 48 237 501 54 223 487 49 225 489 50 273 498 54 259 475 49 261 477 50</p>
                </triangles>
            </mesh>
        </geometry>
        <geometry id="ID122">
            <mesh>
                <source id="ID123">
                    <float_array id="ID124" count="684">-7235.75 456.75 -1704.25 -7954 456.75 -2470.25 -6965.25 456.75 -1659.75 -7981 456.75 -2743 -6692.5 456.75 -1687 -7936.5 456.75 -3013.5 -2827.75 236.75 4486.5 -6436 456.75 -1783.5 -3006.75 236.75 4594.25 -7823.5 456.75 -3263.25 -2682.5 236.75 4336.25 -6213.25 456.75 -1943.5 -3207.5 236.75 4651.75 -3207.5 236.75 4651.75 -7649.75 456.75 -3475.25 -3254 450.75 -3658.25 -4120.5 236.75 3770 -3980 484.75 3602.75 -3980 484.75 3602.75 -4024.25 484.75 3780.75 -4024.25 484.75 3780.75 -4120.5 484.75 3770 -4070 484.75 3567.25 -3891 484.75 3442.25 -3891 484.75 3442.25 -3968.75 484.75 3384.5 -3763.5 484.75 3310.25 -3763.5 484.75 3310.25 -3823.75 484.75 3234.5 -2671.5 484.75 4118.25 -2671.5 484.75 4118.25 -3254.25 819.5 -3658.25 -2627 484.75 3940 -2627 484.75 3940 -3241 815.25 -3639.25 -2530.75 484.75 3951 -4394.5 825.25 -4030.75 -2581.25 484.75 4153.75 -3844.75 825.25 -3904.25 -3606 484.75 3215.5 -3606 484.75 3215.5 -3644.75 484.75 3126.75 -4916.5 825.25 -4079.75 -2630.25 484.75 3756.5 -2630.25 484.75 3756.5 -5426.5 825.25 -4068.5 -2534.5 484.75 3742.25 -3429.5 484.75 3165 -3429.5 484.75 3165 -5928.25 825.25 -3977.5 -3444 484.75 3069.25 -3444 484.75 3069.25 -6409.5 825.25 -3809 -2680.75 484.75 3580 -2680.75 484.75 3580 -6627.25 825.25 -3714.25 -6627.25 825.25 -3714.25 -2592 484.75 3541.5 -6897.75 825.25 -3758.75 -3246 484.75 3161.75 -3246 484.75 3161.75 -7170.5 825.25 -3731.75 -3235 484.75 3065.75 -7427 825.25 -3635 -2775.25 484.75 3422.75 -2775.25 484.75 3422.75 -7649.75 825.25 -3475.25 -2699.5 484.75 3362.5 -7823.5 825.25 -3263.25 -3068 484.75 3206.25 -3068 484.75 3206.25 -7936.5 825.25 -3013.5 -3032.5 484.75 3116.25 -7981 825.25 -2743 -2907.5 484.75 3295.25 -2907.5 484.75 3295.25 -7954 825.25 -2470.25 -2849.75 484.75 3217.5 -7857.25 825.25 -2213.75 -3801.5 484.75 4503.5 -7697.5 825.25 -1991 -3951.75 484.75 4358.5 -7485.5 825.25 -1817.25 -3876 484.75 4298.25 -3876 484.75 4298.25 -7235.75 825.25 -1704.25 -3744 484.75 4425.75 -3744 484.75 4425.75 -6965.25 825.25 -1659.75 -3618.75 484.75 4604.75 -6692.5 825.25 -1687 -3583.5 484.75 4514.75 -3583.5 484.75 4514.75 -6436 825.25 -1783.5 -3416.25 484.75 4655.25 -6213.25 825.25 -1943.5 -3405.25 484.75 4559.25 -3405.25 484.75 4559.25 -6039.5 825.25 -2155.25 -4059.25 484.75 4179.5 -5947 825.25 -2359.75 -3970.5 484.75 4140.75 -3970.5 484.75 4140.75 -5805 825.25 -2436.5 -3207.5 484.75 4651.75 -3221.75 484.75 4556 -3221.75 484.75 4556 -5545.75 825.25 -2527.25 -4116.75 484.75 3978.75 -5275.5 825.25 -2576 -4021 484.75 3964.5 -4021 484.75 3964.5 -5001 825.25 -2582.25 -3045.25 484.75 4505.25 -3045.25 484.75 4505.25 -4712 825.25 -2564.75 -3006.75 484.75 4594.25 -4432.75 825.25 -2514.25 -2827.75 484.75 4486.5 -4251.5 821 -2436.75 -2888 484.75 4410.75 -2888 484.75 4410.75 -2682.5 484.75 4336.25 -4220.5 805.25 -2435.25 -2760.5 484.75 4278.75 -2760.5 484.75 4278.75 -3416.25 236.75 4655.25 -3254 812.5 -3658.25 -4059.25 236.75 4179.5 -4250.75 811.5 -2436.5 -3951.75 236.75 4358.5 -4116.75 236.75 3978.75 -3801.5 236.75 4503.5 -3618.75 236.75 4604.75 -3823.75 446.75 3234.5 -2592 456.75 3541.5 -3863 447 4288 -3863 447 4288 -3734 447 4412.5 -3734 447 4412.5 -3577.25 447 4499.25 -3577.25 447 4499.25 -3403.5 447 4542.75 -3403.5 447 4542.75 -3955.25 447 4134.25 -3955.25 447 4134.25 -3224.25 447 4539.5 -3224.25 447 4539.5 -3968.75 446.75 3384.5 -4004.75 447 3962 -4004.75 447 3962 -4070 446.75 3567.25 -4007.75 447 3782.75 -4007.75 447 3782.75 -3052 447 4490.25 -3052 447 4490.25 -3644.75 446.75 3126.75 -2898.25 447 4397.75 -2898.25 447 4397.75 -3444 446.75 3069.25 -3444 446.75 3069.25 -3964.5 447 3608.75 -3964.5 447 3608.75 -3235 446.75 3065.75 -2773.75 447 4269 -2773.75 447 4269 -3032.5 446.75 3116.25 -3877.5 447 3452 -3877.5 447 3452 -2849.75 446.75 3217.5 -2687 447 4112.25 -2687 447 4112.25 -2699.5 446.75 3362.5 -3753 447 3323.25 -3753 447 3323.25 -2643.5 447 3938.25 -2643.5 447 3938.25 -3599.5 447 3230.75 -3599.5 447 3230.75 -2646.75 447 3759 -2646.75 447 3759 -3427.25 447 3181.5 -3427.25 447 3181.5 -2696 447 3586.75 -2696 447 3586.75 -3248 447 3178.25 -3248 447 3178.25 -2788.25 447 3433 -2788.25 447 3433 -3074 447 3221.75 -3074 447 3221.75 -2917.25 447 3308.5 -2917.25 447 3308.5 -2530.75 456.75 3951 -2581.25 456.75 4153.75 -2534.5 456.75 3742.25 -2581.25 236.75 4153.75 -4120.5 446.75 3770 -4220.5 456.75 -2435.25 -3241 456.75 -3639.25 -4080 456.75 3603 -4075.75 446.75 3586.25 -4117.25 456.75 3756.5 -2648.5 456.75 3448.5 -7170.5 456.75 -3731.75 -2653.5 446.75 3440 -5947 456.75 -2359.75 -5805 456.75 -2436.5 -6897.75 456.75 -3758.75 -4432.75 456.75 -2514.25 -4250.75 452.5 -2436.5 -6627.25 456.75 -3714.25 -6627.25 456.75 -3714.25 -5545.75 456.75 -2527.25 -5928.25 456.75 -3977.5 -5426.5 456.75 -4068.5 -5275.5 456.75 -2576 -4916.5 456.75 -4079.75 -5001 456.75 -2582.25 -4394.5 456.75 -4030.75 -4712 456.75 -2564.75 -3844.75 456.75 -3904.25 -6409.5 456.75 -3809 -7427 456.75 -3635 -6039.5 456.75 -2155.25 -7697.5 456.75 -1991 -7485.5 456.75 -1817.25 -7857.25 456.75 -2213.75</float_array>
                    <technique_common>
                        <accessor count="228" source="#ID124" stride="3">
                            <param name="X" type="float"/>
                            <param name="Y" type="float"/>
                            <param name="Z" type="float"/>
                        </accessor>
                    </technique_common>
                </source>
                <source id="ID125">
                    <float_array id="ID126" count="597">-0.287329 -0.00172439 0.95783 -0.139001 0 0.990292 -0.099769 0 0.995011 -0.0327329 0 0.999464 -0.00497629 0 0.999988 0.0745503 0 0.997217 0.126276 0 0.991995 0.229116 0 0.973399 0.280214 0 0.959937 0.379819 0 0.925061 0.428319 0 0.903627 0.650943 0 0.759127 0.803232 0 0.595666 -0.218572 0.00842285 0.975784 -0.255428 0.0033658 0.966822 -0.323031 0 0.946388 -0.962811 0 0.270175 -0.999932 0 0.0116526 -0.982791 0 0.18472 -0.997111 0 -0.0759591 -0.0743915 0 -0.997229 -0.229754 0 -0.973249 -0.126669 0 -0.991945 -0.280563 0 -0.959836 -0.0396759 0.00780509 0.999182 -0.160814 0 0.986985 0.551538 0 -0.834149 0.825307 0 -0.564684 0.675137 0.00897964 -0.737638 0.824225 0.0146974 -0.566071 0.87176 0 0.489933 0.825384 0 0.564571 0.715232 0 0.698887 0.651528 0 0.758625 0.510218 0 0.860045 0.432532 0 0.901619 0.269914 0 0.962884 0.18504 0 0.982731 0.01226 0 0.999925 -0.0756597 0 0.997134 -0.247508 0 0.968886 -0.331444 0 0.943475 -0.489829 0 0.871819 -0.564281 0 0.825583 -0.698786 0 0.715331 -0.758823 0 0.651297 -0.860154 0 0.510034 -0.901478 0 0.432826 -0.376377 0 -0.926467 -0.353518 0 -0.935428 -0.968886 0 -0.247508 -0.943475 0 -0.331444 -0.871819 0 -0.489829 -0.825583 0 -0.564281 -0.715331 0 -0.698786 -0.651297 0 -0.758823 -0.510034 0 -0.860154 -0.432826 0 -0.901478 -0.270175 0 -0.962811 -0.18472 0 -0.982791 -0.0116526 0 -0.999932 0.0759591 0 -0.997111 0.162328 0 -0.986737 0.162328 0 -0.986737 -0.398996 0 -0.916953 0.345356 0.00344348 -0.938466 0.278514 0 -0.960432 0.181003 0 -0.983483 0.137322 0 -0.990526 0.0550365 0 -0.998484 0.0164751 0 -0.999864 0.629407 0.0224788 -0.776751 -0.0412871 0 0.999147 -0.961992 0.00910089 -0.272927 -0.921099 0 -0.389329 -0.942359 0.0114172 -0.33441 -0.829147 0 -0.559031 -0.776836 0 -0.629703 -0.656172 0 -0.754611 -0.587905 0 -0.80893 -0.438967 0 -0.898503 -0.358224 0 -0.933636 -0.275354 0 -0.961343 -0.275354 0 -0.961343 0.916645 -0.00500321 -0.399671 0.98159 0 -0.190999 0.99452 0 -0.104548 0.997609 0 0.069116 0.987705 0 0.156331 0.920398 0 0.390983 0.930393 0 0.366563 0.803587 0 0.595187 0.755589 0 -0.655046 0.860225 0.0013715 -0.509913 0.823488 -0.00430229 -0.567318 0.857477 -0.00569849 -0.514491 0.916143 0 -0.400852 -0.971329 0.0166105 -0.23716 -0.988112 0.00130943 -0.153731 -0.998973 0 -0.0453165 -0.989 0 0.147915 -0.99452 0 0.104548 -0.933757 0 0.357907 -0.968772 0.0320646 -0.245872 0.251937 0.40015 0.88114 0.252058 0.399812 0.881259 0.252179 0.399475 0.881377 -0.916453 0.399798 0.0166163 -0.916117 0.400574 0.0164179 -0.915781 0.401349 0.0162196 0.473316 0.398799 0.785449 0.472712 0.400183 0.78511 0.472106 0.401566 0.784768 -0.889004 0.400346 -0.222251 -0.889299 0.399735 -0.222169 -0.889594 0.399125 -0.222087 0.658155 0.402231 0.636429 0.658658 0.4012 0.63656 0.65916 0.400169 0.636689 -0.803154 0.396703 -0.444489 -0.802384 0.398247 -0.444499 -0.801612 0.399789 -0.444508 0.800893 0.40122 0.444515 0.801253 0.400505 0.444511 0.801612 0.399789 0.444508 -0.659306 0.398568 -0.637542 -0.659807 0.397531 -0.63767 -0.660308 0.396493 -0.637798 0.889328 0.400289 0.221054 0.889301 0.400345 0.221062 0.889273 0.400401 0.221069 -0.473134 0.397087 -0.786426 -0.472736 0.398003 -0.786203 -0.472337 0.398918 -0.785978 0.916487 0.399771 -0.0153387 0.917246 0.398007 -0.0157878 0.918003 0.396242 -0.0162368 0.88229 0.396585 -0.253546 0.881784 0.398038 -0.253027 0.881276 0.39949 -0.252507 0.786321 0.398888 -0.471792 0.222419 0.401597 -0.888397 0.222253 0.400361 -0.888996 0.222087 0.399125 -0.889594 0.636916 0.398524 -0.659937 0.636822 0.399284 -0.659569 0.636727 0.400044 -0.659199 -0.0166163 0.399798 -0.916453 -0.0164179 0.400574 -0.916117 -0.0162196 0.401349 -0.915781 -0.251769 0.40155 -0.880551 -0.252758 0.39879 -0.881521 -0.253745 0.396027 -0.882483 0.443969 0.399179 -0.802214 0.443977 0.400719 -0.801442 0.443983 0.402258 -0.800667 -0.444489 0.396703 0.803154 -0.444499 0.398247 0.802384 -0.444508 0.399789 0.801612 -0.636916 0.398524 0.659937 -0.637039 0.39753 0.660418 -0.637161 0.396535 0.660898 -0.222251 0.400346 0.889004 -0.222251 0.400346 0.889004 -0.0167441 0 -0.99986 0.0700242 0 -0.997545 0.15692 0 -0.987611 0.325325 0 -0.945602 0.406828 0 -0.913505 0.558802 0 -0.829301 0.62927 0 -0.777187 0.016617 0.399706 0.916493 0.0164187 0.400483 0.916157 0.0162203 0.401259 0.915821 -0.880551 0.40155 0.251769 -0.88067 0.401213 0.251889 -0.880789 0.400877 0.25201 -0.785339 0.401511 0.471203 -0.785659 0.400215 0.47177 -0.785978 0.398918 0.472337 -0.325325 0 0.945602 -0.0700108 0 0.997546 -0.156913 0 0.987612 0.0167641 0 0.99986 -0.898804 0 0.43835 -0.809172 0 0.587572 -0.754468 0 0.656337 -0.62927 0 0.777187 -0.558802 0 0.829301 -0.406828 0 0.913505 0.87444 0 0.485134 0.828924 0 0.559361 0.275354 0 0.961343 0.358224 0 0.933636 0.438967 0 0.898503 0.587897 0 0.808936 0.656158 0 0.754624 0.0167641 0 0.999859 -0.999839 0 0.0179612</float_array>
                    <technique_common>
                        <accessor count="199" source="#ID126" stride="3">
                            <param name="X" type="float"/>
                            <param name="Y" type="float"/>
                            <param name="Z" type="float"/>
                        </accessor>
                    </technique_common>
                </source>
                <source id="ID127">
                    <float_array id="ID128" count="274">-5.7998 1 -6.19922 0.000976563 -6.19922 1 -6.59961 0.000976563 -6.59961 1 -7 0.000976563 -7 1 -7.39941 0.000976563 -7.39941 1 -7.7998 0.000976563 -7.7998 1 -8 0.000976563 -8 1 -5.39941 1 -5.4209 0.975586 -5.7998 0.000976563 -11.7998 0.000976563 -12.1992 0.000976563 -11.7998 1 -12.1992 1 -16.7998 1 -16.0986 1 -16.7998 0 -16.0986 0 -5.39941 0.973633 -5.4209 0.000976563 -19.6367 0 -19.6494 0 -19.6367 0.975586 -19.6494 0.975586 -8.27832 0.000976563 -8.27832 1 -8.59961 0.000976563 -8.59961 1 -9 0.000976563 -9 1 -9.39941 0.000976563 -9.39941 1 -9.7998 0.000976563 -9.7998 1 -10.1992 0.000976563 -10.1992 1 -10.5996 0.000976563 -10.5996 1 -11 0.000976563 -11 1 -11.3994 0.000976563 -11.3994 1 -15.3994 0 -15.3994 1 -12.5996 0.000976563 -12.5996 1 -13 0.000976563 -13 1 -13.3994 0.000976563 -13.3994 1 -13.7998 0.000976563 -13.7998 1 -14.1992 0.000976563 -14.1992 1 -14.5996 0.000976563 -14.5996 1 -14.9873 1 -14.9873 0.000976563 -15.0039 0.000976563 -15.0039 1 -18.9063 1 -18.9063 0 -18.1992 1 -18.1992 0 -17.5059 1 -17.5059 0 -19.6357 1.00098 -5.39941 0.000976563 9.93457 0.853516 9.89648 0.853516 9.89648 1.01074 9.48926 0.853516 9.48926 1.01074 9.08105 0.853516 9.08105 1.01074 8.67383 0.853516 8.67383 1.01074 8.26563 0.853516 8.26563 1.01074 16.0107 1.01074 15.6035 0.895508 15.6035 1.01074 15.1953 0.895508 15.1953 1.01074 14.7881 0.895508 14.7881 1.01074 14.3799 1.01074 16.418 0.853516 16.248 0.853516 16.418 1.01074 16.2236 0.895508 16.0107 0.895508 10.2773 0.895508 10.3037 1.01074 10.3037 0.855469 10.7998 1.01074 10.7998 0.00585938 11.1992 0.00585938 9.97949 0.895508 0.487305 0.738281 0.984375 0.738281 0.487305 0.873047 0.984375 0.873047 0.487305 0.87207 0.984375 0.87207 18.0488 0.853516 17.6416 0.853516 18.0488 1.01074 17.6416 1.01074 17.2334 0.853516 17.2334 1.01074 16.8262 0.853516 16.8262 1.01074 12.3994 1.01074 12.7998 1.01074 12.7998 0.00585938 13.1992 0.00585938 11.1992 1.01074 11.5996 0.00585938 11.5996 1.01074 12 0.00585938 12 1.01074 12.3994 0.00585938 14.7881 0.00585938 14.3799 0.00585938 13.1992 1.01074 13.5654 1.01074 13.5654 0.00585938 13.9727 1.01074 13.9727 0.00585938 10.3037 0.00585938</float_array>
                    <technique_common>
                        <accessor count="137" source="#ID128" stride="2">
                            <param name="S" type="float"/>
                            <param name="T" type="float"/>
                        </accessor>
                    </technique_common>
                </source>
                <vertices id="ID129">
                    <input semantic="POSITION" source="#ID123"/>
                </vertices>
                <triangles count="175" material="Material1">
                    <input offset="0" semantic="VERTEX" source="#ID129"/>
                    <input offset="1" semantic="NORMAL" source="#ID125"/>
                    <input offset="2" semantic="TEXCOORD" source="#ID127" set="0"/>
                    <p>115 2 2 220 1 1 117 0 0 220 1 1 115 2 2 218 3 3 112 4 4 218 3 3 115 2 2 218 3 3 112 4 4 216 5 5 109 6 6 216 5 5 112 4 4 216 5 5 109 6 6 213 7 7 107 8 8 213 7 7 109 6 6 213 7 7 107 8 8 207 9 9 103 10 10 207 9 9 107 8 8 207 9 9 103 10 10 206 11 11 100 12 12 206 11 11 103 10 10 117 0 0 129 14 14 119 13 13 129 14 14 117 0 0 209 15 15 220 1 1 209 15 15 117 0 0 76 18 18 3 17 17 1 16 16 3 17 17 76 18 18 73 19 19 215 22 22 49 21 21 45 20 20 49 21 21 215 22 22 214 23 23 129 14 14 123 24 24 119 13 13 123 24 24 129 14 14 210 25 25 127 28 28 199 27 27 15 26 26 199 27 27 127 28 28 34 29 29 100 12 12 224 30 30 206 11 11 224 30 30 100 12 12 98 31 31 98 31 31 11 32 32 224 30 30 11 32 32 98 31 31 95 33 33 95 33 33 7 34 34 11 32 32 7 34 34 95 33 33 93 35 35 93 35 35 4 36 36 7 34 34 4 36 36 93 35 35 90 37 37 90 37 37 2 38 38 4 36 36 2 38 38 90 37 37 88 39 39 88 39 39 0 40 40 2 38 38 0 40 40 88 39 39 85 41 41 85 41 41 226 42 42 0 40 40 226 42 42 85 41 41 82 43 43 82 43 43 225 44 44 226 42 42 225 44 44 82 43 43 80 45 45 80 45 45 227 46 46 225 44 44 227 46 46 80 45 45 78 47 47 78 47 47 1 16 16 227 46 46 1 16 16 78 47 47 76 18 18 52 49 49 214 23 23 222 48 48 214 23 23 52 49 49 49 21 21 73 19 19 5 50 50 3 17 17 5 50 50 73 19 19 71 51 51 71 51 51 9 52 52 5 50 50 9 52 52 71 51 51 68 53 53 68 53 53 14 54 54 9 52 52 14 54 54 68 53 53 66 55 55 66 55 55 223 56 56 14 54 54 223 56 56 66 55 55 63 57 57 63 57 57 204 58 58 223 56 56 204 58 58 63 57 57 61 59 59 61 59 59 208 60 60 204 58 58 208 60 60 61 59 59 58 61 61 212 63 63 58 61 61 56 62 62 58 61 61 212 63 63 208 60 60 55 64 65 222 48 48 211 64 64 222 48 48 55 64 65 52 49 49 15 26 26 38 65 66 127 28 28 38 65 66 15 26 26 221 66 67 221 66 67 36 67 68 38 65 66 36 67 68 221 66 67 219 68 69 219 68 69 42 69 70 36 67 68 42 69 70 219 68 69 217 70 71 217 70 71 45 20 20 42 69 70 45 20 20 217 70 71 215 22 22 34 29 29 127 28 28 31 71 72 123 24 24 210 25 25 198 72 73 129 14 14 209 15 15 210 25 25 31 71 72 127 28 28 38 65 66 22 75 76 151 74 75 201 73 74 151 74 75 22 75 76 148 76 77 25 77 78 148 76 77 22 75 76 148 76 77 25 77 78 134 78 79 28 79 80 134 78 79 25 77 78 134 78 79 28 79 80 156 80 81 41 81 82 156 80 81 28 79 80 156 80 81 41 81 82 159 82 83 50 83 84 159 82 83 41 81 82 46 86 87 195 85 86 57 84 85 195 85 86 46 86 87 193 87 88 35 88 89 193 87 88 46 86 87 193 87 88 35 88 89 194 89 90 37 90 91 194 89 90 35 88 89 194 89 90 37 90 91 122 91 92 67 94 95 205 93 94 172 92 93 205 93 94 67 94 95 203 95 96 57 84 85 203 95 96 67 94 95 203 95 96 57 84 85 135 96 97 195 85 86 135 96 97 57 84 85 197 99 100 21 98 99 202 97 98 21 98 99 197 99 100 108 100 101 131 101 102 108 100 101 197 99 100 108 100 101 131 101 102 128 102 103 22 75 76 202 97 98 21 98 99 202 97 98 22 75 76 200 103 104 201 73 74 200 103 104 22 75 76 48 105 107 178 105 106 181 104 105 178 105 106 48 105 107 39 106 108 33 108 107 180 108 106 175 107 105 180 108 106 33 108 107 43 109 108 40 111 107 174 111 106 177 110 105 174 111 106 40 111 107 26 112 108 30 114 107 176 114 106 170 113 105 176 114 106 30 114 107 32 115 108 27 117 107 168 117 106 173 116 105 168 117 106 27 117 107 23 118 108 125 120 109 171 120 106 164 119 105 171 120 106 125 120 109 29 121 110 24 123 107 162 123 106 167 122 105 162 123 106 24 123 107 17 124 108 121 126 109 165 126 106 157 125 105 165 126 106 121 126 109 124 127 110 18 129 107 153 129 106 161 128 105 153 129 106 18 129 107 20 130 108 114 132 109 158 132 106 154 131 105 158 132 106 114 132 109 120 133 110 19 135 109 150 135 106 152 134 105 150 135 106 19 135 109 110 136 110 111 138 109 145 138 106 149 137 105 145 138 106 111 138 109 101 139 110 102 140 109 137 140 106 144 140 105 137 140 106 102 140 109 83 140 110 92 142 109 143 142 106 140 141 105 143 142 106 92 142 109 96 143 110 84 145 109 139 145 106 136 144 105 139 145 106 84 145 109 86 146 110 97 148 109 147 148 106 142 147 105 147 148 106 97 148 109 105 149 110 106 151 109 155 151 106 146 150 105 155 151 106 106 151 109 113 152 110 87 154 109 141 154 106 138 153 105 141 154 106 87 154 109 91 155 110 75 157 107 190 157 106 191 156 105 190 157 106 75 157 107 69 158 108 65 160 107 192 160 106 187 159 105 192 160 106 65 160 107 74 161 108 70 162 107 186 162 106 189 162 105 186 162 106 70 162 107 59 163 108 51 164 113 163 165 112 160 164 111 163 165 112 51 164 113 62 166 114 62 166 114 166 167 115 163 165 112 166 167 115 62 166 114 72 168 116 72 168 116 169 169 117 166 167 115 169 169 117 72 168 116 77 170 118 77 170 118 172 92 93 169 169 117 172 92 93 77 170 118 67 94 95 60 172 107 182 172 106 185 171 105 182 172 106 60 172 107 47 173 108 44 175 107 184 175 106 179 174 105 184 175 106 44 175 107 53 176 108 54 178 107 188 178 106 183 177 105 188 178 106 54 178 107 64 179 108 126 182 121 94 181 120 89 180 119 94 181 120 126 182 121 13 183 122 128 102 103 99 184 123 108 100 101 99 184 123 128 102 103 130 185 124 130 185 124 81 186 125 99 184 123 81 186 125 130 185 124 132 187 126 132 187 126 79 188 127 81 186 125 79 188 127 132 187 126 133 189 128 133 189 128 89 180 119 79 188 127 89 180 119 133 189 128 126 182 121 194 89 90 10 191 130 196 190 129 10 191 130 194 89 90 122 91 92 12 192 122 116 193 132 104 192 131 116 193 132 12 192 122 8 194 133 8 194 133 118 195 134 116 193 132 118 195 134 8 194 133 6 196 135 6 196 135 122 91 92 118 195 134 122 91 92 6 196 135 10 191 130 13 183 122 104 197 131 94 181 120 131 101 102 197 99 100 16 198 136</p>
                </triangles>
            </mesh>
        </geometry>
        <geometry id="ID131">
            <mesh>
                <source id="ID132">
                    <float_array id="ID133" count="1272">-1045.25 985 -4004.75 -7235.75 456.75 -1704.25 -1058.5 985 -4064.75 -7954 456.75 -2470.25 -1045 985 -4124.75 -6965.25 456.75 -1659.75 -1012 985 -4176.5 -7981 456.75 -2743 -3801.5 236.75 4503.5 -6692.5 456.75 -1687 -3951.75 236.75 4358.5 -7936.5 456.75 -3013.5 -2827.75 236.75 4486.5 -6436 456.75 -1783.5 -3006.75 236.75 4594.25 -7823.5 456.75 -3263.25 -2682.5 236.75 4336.25 -6213.25 456.75 -1943.5 -3207.5 236.75 4651.75 -7649.75 456.75 -3475.25 -3416.25 236.75 4655.25 -3254 450.75 -3658.25 -3618.75 236.75 4604.75 -5568.75 825.25 -2614.5 -4120.5 236.75 3770 -5841.5 825.25 -2519.25 -4118.75 236.75 3874.25 -5284.75 825.25 -2666 -4116.75 236.75 3978.75 -4996 825.25 -2672.5 -4059.25 236.75 4179.5 -4692.75 825.25 -2653.25 -3876 514.75 4298.25 -3876 514.75 4298.25 -4400 825.25 -2598.5 -3744 514.75 4425.75 -3744 514.75 4425.75 -4206 821 -2514.75 -4206 821 -2514.75 -3801.5 514.75 4503.5 -3801.5 514.75 4503.5 -3305.75 815.25 -3581.75 -3951.75 514.75 4358.5 -3951.75 514.75 4358.5 -4413.25 825.25 -3943.75 -3583.5 514.75 4514.75 -3583.5 514.75 4514.75 -3877 825.25 -3821.25 -3618.75 514.75 4604.75 -3618.75 514.75 4604.75 -4921.75 825.25 -3991 -3405.25 514.75 4559.25 -3405.25 514.75 4559.25 -5417.5 825.25 -3979.75 -3416.25 514.75 4655.25 -3416.25 514.75 4655.25 -5905.75 825.25 -3891.25 -3970.5 514.75 4140.75 -3970.5 514.75 4140.75 -6373.75 825.25 -3727.75 -4059.25 514.75 4179.5 -4059.25 514.75 4179.5 -6505.25 825.25 -3659.25 -6505.25 825.25 -3659.25 -3221.75 514.75 4556 -3221.75 514.75 4556 -6004 825.25 -2423.5 -6004 825.25 -2423.5 -3207.5 514.75 4651.75 -3207.5 514.75 4651.75 -7213 825.25 -1779.75 -4021 514.75 3964.5 -4021 514.75 3964.5 -7444 825.25 -1884.25 -4116.75 514.75 3978.75 -4116.75 514.75 3978.75 -6962.75 825.25 -1738.5 -3006.75 514.75 4594.25 -3006.75 514.75 4594.25 -6710.5 825.25 -1763.5 -3045.25 514.75 4505.25 -3045.25 514.75 4505.25 -6473.25 825.25 -1853 -4120.5 514.75 3770 -6267.25 825.25 -2000.75 -4024.25 514.75 3780.75 -6106.5 825.25 -2197 -2888 514.75 4410.75 -2888 514.75 4410.75 -6650 825.25 -3639 -2827.75 514.75 4486.5 -2827.75 514.75 4486.5 -6900.25 825.25 -3680 -3980 484.75 3602.75 -3980 484.75 3602.75 -7152.5 825.25 -3655 -4024.25 484.75 3780.75 -4024.25 484.75 3780.75 -4024.25 484.75 3780.75 -7389.75 825.25 -3565.75 -4120.5 484.75 3770 -4120.5 484.75 3770 -4120.5 484.75 3770 -7595.75 825.25 -3417.75 -4070 484.75 3567.25 -4070 484.75 3567.25 -7756.5 825.25 -3221.75 -2760.5 514.75 4278.75 -2760.5 514.75 4278.75 -7861 825.25 -2990.75 -2682.5 514.75 4336.25 -2682.5 514.75 4336.25 -7902.25 825.25 -2740.5 -3891 484.75 3442.25 -3891 484.75 3442.25 -7877.25 825.25 -2488.25 -3968.75 484.75 3384.5 -3968.75 484.75 3384.5 -7787.75 825.25 -2251 -2671.5 514.75 4118.25 -7640 825.25 -2045 -2581.25 514.75 4153.75 -6572 825.25 -3603.5 -3763.5 484.75 3310.25 -3763.5 484.75 3310.25 -3327.5 819.5 -3593.25 -3823.75 484.75 3234.5 -3823.75 484.75 3234.5 -3290.75 819.5 -3625.75 -2671.5 484.75 4118.25 -2671.5 484.75 4118.25 -2671.5 484.75 4118.25 -3254.25 819.5 -3658.25 -2627 484.75 3940 -2627 484.75 3940 -3241 815.25 -3639.25 -2530.75 484.75 3951 -2530.75 484.75 3951 -4394.5 825.25 -4030.75 -2581.25 484.75 4153.75 -2581.25 484.75 4153.75 -2581.25 484.75 4153.75 -3844.75 825.25 -3904.25 -3606 484.75 3215.5 -3606 484.75 3215.5 -4919.25 825.25 -4035.25 -3644.75 484.75 3126.75 -3644.75 484.75 3126.75 -4916.5 825.25 -4079.75 -2630.25 484.75 3756.5 -2630.25 484.75 3756.5 -5426.5 825.25 -4068.5 -2534.5 484.75 3742.25 -2534.5 484.75 3742.25 -5917 825.25 -3934.25 -3429.5 484.75 3165 -3429.5 484.75 3165 -5928.25 825.25 -3977.5 -3444 484.75 3069.25 -3444 484.75 3069.25 -6409.5 825.25 -3809 -2680.75 484.75 3580 -2680.75 484.75 3580 -6627.25 825.25 -3714.25 -6627.25 825.25 -3714.25 -2592 484.75 3541.5 -2592 484.75 3541.5 -6897.75 825.25 -3758.75 -3246 484.75 3161.75 -3246 484.75 3161.75 -7170.5 825.25 -3731.75 -3235 484.75 3065.75 -3235 484.75 3065.75 -7427 825.25 -3635 -2775.25 484.75 3422.75 -2775.25 484.75 3422.75 -7649.75 825.25 -3475.25 -2699.5 484.75 3362.5 -2699.5 484.75 3362.5 -7823.5 825.25 -3263.25 -3068 484.75 3206.25 -3068 484.75 3206.25 -7936.5 825.25 -3013.5 -3032.5 484.75 3116.25 -3032.5 484.75 3116.25 -7981 825.25 -2743 -2907.5 484.75 3295.25 -2907.5 484.75 3295.25 -7954 825.25 -2470.25 -2849.75 484.75 3217.5 -2849.75 484.75 3217.5 -7857.25 825.25 -2213.75 -3801.5 484.75 4503.5 -3801.5 484.75 4503.5 -7697.5 825.25 -1991 -3951.75 484.75 4358.5 -3951.75 484.75 4358.5 -7485.5 825.25 -1817.25 -3876 484.75 4298.25 -3876 484.75 4298.25 -7235.75 825.25 -1704.25 -3744 484.75 4425.75 -3744 484.75 4425.75 -6965.25 825.25 -1659.75 -3618.75 484.75 4604.75 -3618.75 484.75 4604.75 -6692.5 825.25 -1687 -3583.5 484.75 4514.75 -3583.5 484.75 4514.75 -6436 825.25 -1783.5 -3416.25 484.75 4655.25 -3416.25 484.75 4655.25 -6213.25 825.25 -1943.5 -3405.25 484.75 4559.25 -3405.25 484.75 4559.25 -6039.5 825.25 -2155.25 -4059.25 484.75 4179.5 -4059.25 484.75 4179.5 -5947 825.25 -2359.75 -5947 825.25 -2359.75 -3970.5 484.75 4140.75 -3970.5 484.75 4140.75 -5805 825.25 -2436.5 -3207.5 484.75 4651.75 -3207.5 484.75 4651.75 -5557.25 825.25 -2571 -3221.75 484.75 4556 -3221.75 484.75 4556 -5545.75 825.25 -2527.25 -4116.75 484.75 3978.75 -4116.75 484.75 3978.75 -5275.5 825.25 -2576 -4021 484.75 3964.5 -4021 484.75 3964.5 -5001 825.25 -2582.25 -3045.25 484.75 4505.25 -3045.25 484.75 4505.25 -4712 825.25 -2564.75 -3006.75 484.75 4594.25 -3006.75 484.75 4594.25 -4432.75 825.25 -2514.25 -2827.75 484.75 4486.5 -2827.75 484.75 4486.5 -4251.5 821 -2436.75 -4251.5 821 -2436.75 -2888 484.75 4410.75 -2888 484.75 4410.75 -4228.75 821 -2475.75 -4228.75 821 -2475.75 -2682.5 484.75 4336.25 -2682.5 484.75 4336.25 -4220.5 805.25 -2435.25 -2760.5 484.75 4278.75 -2760.5 484.75 4278.75 -4178 805.25 -2511.75 -2581.25 236.75 4153.75 -4003.75 456.75 -2803.25 -4196.5 811 -2521.75 -4396.25 815.25 -2608 -4922.25 815.25 -3981 -4415.5 815.25 -3934 -4995.5 815.25 -2682.5 -5285.75 815.25 -2676 -846.75 986 -3934.5 -900.5 986 -3923.75 -5571.5 815.25 -2624.25 -800.75 986 -3964.75 -5845.5 815.25 -2528.5 -954.25 986 -3934.75 -1000 986 -3965 -6491.75 815.25 -3653 -6491.75 815.25 -3653 -6369.75 815.25 -3718.5 -5903.25 815.25 -3881.75 -1030.25 986 -4011 -1041.25 986 -4064.75 -6010.25 815.25 -2430.5 -6010.25 815.25 -2430.5 -1030 986 -4118.5 -7150.5 815.25 -3646.5 -999.75 986 -4164.25 -6900.5 815.25 -3671.25 -6477.25 815.25 -1860.75 -6712.5 815.25 -1772 -953.75 986 -4194.5 -953.75 986 -4194.5 -7385.75 815.25 -3558 -900.25 986 -4205.5 -6962.5 815.25 -1747.25 -7589.75 815.25 -3411.5 -7210.25 815.25 -1788 -846.25 986 -4194.25 -7749.25 815.25 -3217.25 -800.5 986 -4164 -7439.25 815.25 -1891.75 -7852.75 815.25 -2988.25 -4220.5 456.75 -2435.25 -7633.5 815.25 -2051 -770.5 986 -4118 -7893.5 815.25 -2740.25 -3515.75 456.75 -3395.25 -759.5 986 -4064.25 -7780 815.25 -2255.25 -3241 456.75 -3639.25 -7868.75 815.25 -2490.25 -6652.5 815.25 -3630.5 -770.5 986 -4010.5 -6273.25 815.25 -2007.25 -3338 809.5 -3586 -3880.5 815.25 -3812 -4178 795.25 -2511.75 -3317.5 795.25 -3570.75 -4690.75 815.25 -2663 -900.25 992 -4205.5 -900.25 992 -4205.5 -953.75 992 -4194.5 -953.75 992 -4194.5 -953.75 992 -4194.5 -953.75 992 -4194.5 -960 992 -4209.5 -960 992 -4209.5 -960 992 -4209.5 -960 992 -4209.5 -900.25 992 -4222.75 -900.25 992 -4222.75 -5416.5 815.25 -3970 -840 992 -4209.25 -840 992 -4209.25 -846.25 992 -4194.25 -846.25 992 -4194.25 -800.5 992 -4164 -800.5 992 -4164 -788.5 992 -4176.25 -788.5 992 -4176.25 -755.25 992 -4124.25 -755.25 992 -4124.25 -770.5 992 -4118 -770.5 992 -4118 -759.5 992 -4064.25 -759.5 992 -4064.25 -742.25 992 -4064.25 -742.25 992 -4064.25 -755.5 992 -4004.25 -755.5 992 -4004.25 -770.5 992 -4010.5 -770.5 992 -4010.5 -800.75 992 -3964.75 -800.75 992 -3964.75 -788.5 992 -3952.5 -788.5 992 -3952.5 -840.5 992 -3919.5 -840.5 992 -3919.5 -846.75 992 -3934.5 -846.75 992 -3934.5 -900.5 992 -3923.75 -900.5 992 -3923.75 -6113.75 815.25 -2201.5 -900.5 992 -3906.5 -900.5 992 -3906.5 -960.5 992 -3919.75 -960.5 992 -3919.75 -954.25 992 -3934.75 -954.25 992 -3934.75 -6565.75 815.25 -3591.25 -1000 992 -3965 -1000 992 -3965 -7170.5 456.75 -3731.75 -1012.25 992 -3952.75 -1012.25 992 -3952.75 -5947 456.75 -2359.75 -1045.25 992 -4004.75 -1045.25 992 -4004.75 -5805 456.75 -2436.5 -1030.25 992 -4011 -1030.25 992 -4011 -6897.75 456.75 -3758.75 -3983.75 236.75 3915 -1041.25 992 -4064.75 -1041.25 992 -4064.75 -4432.75 456.75 -2514.25 -3457.75 236.75 4383 -1058.5 992 -4064.75 -1058.5 992 -4064.75 -4250.75 452.5 -2436.5 -3300.75 236.5 4407.5 -1045 992 -4124.75 -1045 992 -4124.75 -6627.25 456.75 -3714.25 -3152 236.75 4313.75 -1030 992 -4118.5 -1030 992 -4118.5 -5545.75 456.75 -2527.25 -2879 236.75 3937.25 -999.75 992 -4164.25 -999.75 992 -4164.25 -5928.25 456.75 -3977.5 -1012 992 -4176.5 -1012 992 -4176.5 -5426.5 456.75 -4068.5 -960 985 -4209.5 -960 985 -4209.5 -5275.5 456.75 -2576 -900.25 985 -4222.75 -4916.5 456.75 -4079.75 -840 985 -4209.25 -5001 456.75 -2582.25 -788.5 985 -4176.25 -4394.5 456.75 -4030.75 -755.25 985 -4124.25 -4712 456.75 -2564.75 -742.25 985 -4064.25 -3844.75 456.75 -3904.25 -755.5 985 -4004.25 -6409.5 456.75 -3809 -788.5 985 -3952.5 -7427 456.75 -3635 -840.5 985 -3919.5 -6039.5 456.75 -2155.25 -900.5 985 -3906.5 -7697.5 456.75 -1991 -960.5 985 -3919.75 -7485.5 456.75 -1817.25 -1012.25 985 -3952.75 -7857.25 456.75 -2213.75</float_array>
                    <technique_common>
                        <accessor count="424" source="#ID133" stride="3">
                            <param name="X" type="float"/>
                            <param name="Y" type="float"/>
                            <param name="Z" type="float"/>
                        </accessor>
                    </technique_common>
                </source>
                <source id="ID134">
                    <float_array id="ID135" count="594">0.54945 0 0.835527 0.656248 0 0.754546 0.7529 0 0.658135 0.896531 0 0.442982 0.945519 0 0.325567 0.997473 0 0.0710529 0.99778 0 -0.0666034 0.946755 0 -0.321954 0.89792 0 -0.44016 0.754546 0 -0.656248 0.658135 0 -0.7529 0.441671 0 -0.897177 0.322731 0 -0.946491 0.0695175 0 -0.997581 -0.0650594 0 -0.997881 -0.319109 0 -0.947718 -0.438844 0 -0.898563 -0.656248 0 -0.754546 -0.7529 0 -0.658135 -0.897177 0 -0.441671 -0.946491 0 -0.322731 -0.997681 0 -0.0680589 -0.997681 0 0.0680589 -0.947156 0 0.320773 -0.899042 0 0.437863 -0.756223 0 0.654314 -0.659072 0 0.75208 -0.442709 0 0.896665 -0.324977 0 0.945722 -0.0701302 0 0.997538 0.0675225 0 0.997718 0.201395 0 0.97951 -0.535824 0 -0.844329 -0.652072 0 -0.758157 -0.756732 0 -0.653725 -0.899255 0 -0.437426 -0.944 0 -0.329947 -0.997102 0 -0.0760801 -0.997396 0 0.0721216 -0.94511 0 0.326752 -0.900463 0 0.434933 -0.758157 0 0.652072 -0.653725 0 0.756732 -0.436252 0 0.899825 -0.32743 0 0.944875 -0.0747061 0 0.997206 0.0707402 0 0.997495 0.324228 0 0.945979 0.433756 0 0.901031 0.652072 0 0.758157 0.756732 0 0.653725 0.899825 0 0.436252 0.944875 0 0.32743 0.997206 0 0.0747061 0.997495 0 -0.0707402 0.945614 0 -0.325291 0.900032 0 -0.435823 0.757121 0 -0.653275 0.654002 0 -0.756493 0.438489 0 -0.898737 0.330065 0 -0.943958 0.0751964 0 -0.997169 -0.0730027 0 -0.997332 -0.216498 0 -0.976283 0 1 -0 0.201432 0.949347 0.241177 0.0986259 0.930833 0.351886 -0.136781 0.911348 0.388246 -0.0310633 0.911421 0.4103 0.076159 0.910829 0.405698 0.178746 0.910659 0.372491 0.270043 0.910076 0.314385 0.344137 0.908953 0.235317 0.393076 0.909073 0.13812 0.412386 0.910464 0.0315034 0.405665 0.910833 -0.0762823 0.370674 0.911555 -0.177955 0.311169 0.912061 -0.267056 0.285607 0.840794 -0.459885 0.0954161 0.944197 -0.315259 0 -1 -0 0.0292107 -0.996488 -0.0784808 -0.00347389 -0.999992 0.0022454 0.0519946 -0.99641 0.0668179 0.115067 0.946901 -0.30023 0.0550767 0.923576 -0.37944 0.0134157 0.923525 -0.383303 -0.0340593 0.889753 -0.455171 -0.0650217 0.958952 -0.276012 0.0365911 0.95746 0.286238 -0.00722243 0.888264 0.459276 -0.0388299 0.958408 0.282747 0.278391 0.882467 -0.379144 0.0185549 0.999782 0.00956489 0.0127233 0.9999 0.00616306 0.128819 0.88792 0.441592 0.132891 0.949013 0.285858 0.0639692 0.995363 0.0718423 0.0530781 0.996874 0.0585288 0.00382907 0.999989 0.00270592 -0.127026 0.900837 0.41516 -0.0762823 0.910833 -0.405665 0.0314745 0.910625 -0.412033 0.0736374 -0.977464 -0.197842 0.143956 -0.910872 -0.386768 -0.343108 0.909575 -0.234416 -0.662019 0.650495 -0.372273 -0.381979 0.907882 -0.172751 -0.691638 0.651091 -0.312596 -0.0473736 0.939918 0.338098 -0.237028 0.679376 0.694453 -0.213307 0.702602 0.678859 -0.203947 0.915753 -0.346124 -0.185683 0.898386 -0.398025 -0.223232 0.945267 -0.237988 -0.221856 0.882613 -0.414457 0.159252 0.93871 0.305717 0.732578 0.654432 0.187213 0.66239 0.650042 0.372404 -0.185382 0.661234 0.726913 -0.0860124 0.751962 0.653571 0.382733 0.802081 0.458455 0.394696 0.66388 -0.635199 0.523349 0.662782 -0.535561 0.644565 0.662115 -0.382283 0.724391 0.658738 -0.203279 0.752997 0.657964 -0.00886561 0.217976 0.658531 -0.720294 -0.00882498 0.657965 -0.752997 0.542024 0.652505 0.529573 0.385253 0.65588 0.649154 0.203142 0.657446 0.725602 0.00886561 0.657964 0.752997 -0.51542 0.657661 -0.549386 -0.355956 0.657238 -0.664329 -0.203587 0.657465 -0.72546 -0.367638 0.692212 -0.621035 -0.297872 0.7097 -0.638434 0.316634 0.736053 0.598305 0.267831 0.706695 0.654866 0.1639 0.700401 0.694676 0.0532624 0.702442 0.709745 -0.0384431 0.706511 0.706657 -0.127398 0.704445 0.698231 0.184001 0.711485 -0.678184 0.410909 0.588844 -0.696001 0.0735181 0.705546 -0.70484 0.00446422 0.707607 -0.706592 -0.0892385 0.709502 -0.69903 -0.196927 0.710965 -0.675092 0.451377 0.852602 0.263303 0.444511 0.858619 0.25531 0.441052 0.861581 0.251299 0.120813 0.983299 0.136114 0.5291 0.423375 -0.735395 0.475517 0 -0.879707 0.430581 0.870275 0.239212 -0.205747 0.561641 0.801391 -0.107795 0.809853 0.576644 0.0780715 -0.991887 0.100329 0.168721 -0.967181 0.189985 0.0187628 0.999764 0.010945 -0.000271859 -1 4.14404e-005 0.000510467 -1 8.8832e-005 0.000422377 -1 -0.000218717 -2.06759e-005 -1 0.000383043 -0.874543 0 -0.484949 0.87444 0 0.485134 0.87444 0 0.485134 -0.719261 0 -0.69474 0.718968 0 0.695043 -0.515097 0 -0.857132 -0.515097 0 -0.857132 0.515727 0 0.856753 0.275354 0 0.961343 -0.276339 0 -0.96106 0.961318 -0 -0.275441 -0.961343 -0 0.275354 -0.0177084 0 -0.999843 -0.0177084 0 -0.999843 0.0167641 0 0.999859 0.0167641 0 0.99986 0.857493 -0 -0.514496 -0.857282 -0 0.514848 0.242215 -0 -0.970223 -0.241972 -0 0.970283 0.484949 -0 -0.874543 -0.484627 -0 0.874721 0.69474 -0 -0.719261 -0.694424 -0 0.719566 -0.999839 0 0.0179612 -0.999839 0 0.0179612 0.110998 0 -0.993821 0.999844 -0 -0.0176843 0.999844 0 -0.0176843 0.366051 -0 -0.930595 -0.000538035 -1 0.000421891 0.000140661 -1 0.000969839</float_array>
                    <technique_common>
                        <accessor count="198" source="#ID135" stride="3">
                            <param name="X" type="float"/>
                            <param name="Y" type="float"/>
                            <param name="Z" type="float"/>
                        </accessor>
                    </technique_common>
                </source>
                <source id="ID136">
                    <float_array id="ID137" count="590">-2.5127 -3.96387 -2.5127 -3.77344 -2.0127 -3.96387 -2.0127 -3.77344 -1.51367 -3.96387 -1.51367 -3.77344 -1.00586 -3.96387 -1.00586 -3.77344 -0.513672 -3.96387 -0.513672 -3.77344 -0.0146484 -3.96387 -0.0146484 -3.77344 0.484375 -3.96387 0.484375 -3.77344 0.984375 -3.96387 0.984375 -3.77344 1.49023 -3.96387 1.49023 -3.77344 1.9834 -3.96387 1.9834 -3.77344 2.49023 -3.96387 2.49023 -3.77344 2.98926 -3.96387 2.98926 -3.77344 3.48145 -3.96387 3.48145 -3.77344 3.98145 -3.96387 3.98145 -3.77344 4.50293 -3.96387 4.50293 -3.77344 4.98828 -3.96387 4.98828 -3.77344 5.48242 -3.96387 5.48242 -3.77344 -2.5127 -4.53125 -2.0127 -4.53125 -2.5127 -4.70703 -2.0127 -4.70703 -1.51367 -4.53125 -1.51367 -4.70703 -1.00586 -4.53125 -1.00586 -4.70703 -0.513672 -4.53125 -0.513672 -4.70703 -0.0146484 -4.53125 -0.0146484 -4.70703 0.484375 -4.53125 0.484375 -4.70703 0.984375 -4.53125 0.984375 -4.70703 1.49023 -4.53125 1.49023 -4.70703 1.9834 -4.53125 1.9834 -4.70703 2.49023 -4.53125 2.49023 -4.70703 2.98926 -4.53125 2.98926 -4.70703 3.48145 -4.53125 3.48145 -4.70703 3.98145 -4.53125 3.98145 -4.70703 4.50293 -4.53125 4.50293 -4.70703 4.98828 -4.53125 4.98828 -4.70703 5.48242 -4.70703 5.48242 -4.53125 -2.5127 -4.04883 -2.0127 -4.04883 -2.5127 -4.44922 -2.0127 -4.44922 -1.51367 -4.04883 -1.51367 -4.44922 -1.00586 -4.04883 -1.00586 -4.44922 -0.513672 -4.04883 -0.513672 -4.44922 -0.0146484 -4.04883 -0.0146484 -4.44922 0.484375 -4.04883 0.484375 -4.44922 0.984375 -4.04883 0.984375 -4.44922 1.49023 -4.04883 1.49023 -4.44922 1.9834 -4.04883 1.9834 -4.44922 2.49023 -4.04883 2.49023 -4.44922 2.98926 -4.04883 2.98926 -4.44922 3.48145 -4.04883 3.48145 -4.44922 3.98145 -4.04883 3.98145 -4.44922 4.50293 -4.04883 4.50293 -4.44922 4.98828 -4.04883 4.98828 -4.44922 5.48242 -4.44922 5.48242 -4.04883 -4.56543 -9 -4.56543 -8.54102 -5.00977 -9 -5.00977 -8.54102 -5.5127 -9 -5.5127 -8.54102 -6.01855 -9 -6.01855 -8.54102 -6.51465 -9 -6.51465 -8.54102 -7 -9 -7 -8.54102 -7.51465 -9 -7.51465 -8.54102 -8.0166 -9 -8.0166 -8.54102 -8.5127 -9 -8.5127 -8.54102 -9.00879 -9 -9.00879 -8.54102 -9.51465 -9 -9.51465 -8.54102 -10.0088 -9 -10.0088 -8.54199 -10.5127 -9 -10.5127 -8.54297 -11.0117 -8.54297 -14.1133 7.94043 -12.6328 9.11328 -14.1992 8.09277 -12.6631 9.40625 -14.4277 8.19238 -12.7715 9.68066 -14.665 8.37891 -12.9502 9.91992 -14.8447 8.61719 -13.1875 10.1064 -14.9531 8.89258 -13.4668 10.2275 -14.9834 9.18555 -13.7695 10.2754 -14.9336 9.47559 -14.0752 10.2471 -14.8066 9.74414 -12.6826 8.82324 -14.0117 7.66211 -12.3877 8.07324 -13.957 7.37207 -12.2861 7.53418 -13.9502 7.07715 -12.2734 6.9873 -13.9697 6.76758 -12.3281 6.42676 -14.0264 6.46777 -12.4697 5.83691 -13.7021 6.00684 -13.04 5.4834 -9.50879 -6.54785 -9.0166 -7 -9.0166 -6.54785 -8.51367 -7 -8.51367 -6.54785 -8.01074 -7 -8.01074 -6.54785 -7.5127 -6.54785 -9.51074 -5.50293 -8.5127 -5.50293 -8.5127 -5.9502 -7.50781 -5.72656 -7.50781 -5.9502 -6.50879 -5.9502 -10.0156 -6.54785 -10.0156 -6.77344 -9.50879 -7 -9.51074 -5.72656 -9.51074 -5.9502 -10.5029 -5.9502 -7.5127 -6.77344 -7.5127 -7 -4.61523 -5.50293 -4.63672 -5.72656 -5.61914 -5.50293 -5.61914 -5.9502 -12.0107 -9 -11.5146 -9 -12.0107 -8.54297 -11.5146 -8.54297 -7.50781 -5.50293 -14.1152 6.24023 -14.1133 6.27246 -14.6123 9.97168 -14.3623 10.1426 -13.5146 -8.54297 -13.5146 -8.49219 -14 -8.54297 -14 -8.49219 -4.65918 -5.9502 -4.6582 -5.99902 -5.62305 -6 -6.51855 -6.54785 -7.01563 -6.54785 -6.51855 -7 -7.01563 -7 -14 -9 -13.5146 -9 -13.0186 -9 -13.0186 -8.54297 -12.5146 -9 -12.5146 -8.54297 -11.0117 -9 -11.0107 -5.9502 -11.0107 -5.50293 -10.5029 -5.50293 -8.0166 -8.48926 -7.51465 -8.48926 -5.00977 -8.48926 -4.5166 -8.48926 -4.5166 -9 -10.5127 -8.49219 -10.0088 -8.49121 -9.51465 -8.48926 -9.00879 -8.48926 -8.5127 -8.48926 -11.0117 -8.49219 -11.5146 -8.49219 -7 -8.48926 -6.51465 -8.48926 -6.01855 -8.48926 -5.5127 -8.48926 -13.0186 -8.49219 -12.5146 -8.49219 -12.0107 -8.49219 -6.51855 -6.49805 -7.01563 -6.49805 -11.0107 -6 -10.5029 -6 -9.51074 -6 -8.5127 -6 -7.50781 -6 -6.50879 -6 -9.50879 -6.49805 -10.0156 -6.49805 -9.0166 -6.49805 -8.51367 -6.49805 -8.01074 -6.49805 -7.5127 -6.49805 -10.0146 -6.54785 -10.1523 -6.5498 -10.0146 -6.77344 -10.0146 -7 -4.5127 -5.50293 -6.50879 -5.50293 -12.5762 8.58887 -10.1514 -6.49609 -10.1523 -7 -4.5127 -6.04297 -4.5127 -5.96094 -12.7451 5.20215 -12.7666 5.18848 -10.0156 -7 12.1455 4.86328 12.0381 4.4873 12.8926 4.19824 12.1904 4.23242 12.4043 4.02637 11.9561 4.77246 11.9531 4.9209 12.6641 3.88281 13.7881 4.05078 13.9941 4.26465 13.7148 4.83105 13.5332 3.89746 13.3271 4.2959 13.1152 4.16309 0.492188 2.09082 0.987305 2.09082 0.492188 2.00684 0.986328 2.00684 0.492188 1.50684 0.986328 1.50684 0.492188 1.39941 0.985352 1.39941 0.986328 2.09082 0.986328 1.39941 0.388672 2.00586 0.493164 2.09082 1.07715 2.00879 1.07715 1.50879 0.388672 1.50879 12.9512 3.81055 14.1377 4.52344 13.248 3.81641 11.9512 5.06934</float_array>
                    <technique_common>
                        <accessor count="295" source="#ID137" stride="2">
                            <param name="S" type="float"/>
                            <param name="T" type="float"/>
                        </accessor>
                    </technique_common>
                </source>
                <vertices id="ID138">
                    <input semantic="POSITION" source="#ID132"/>
                </vertices>
                <triangles count="395" material="Material1">
                    <input offset="0" semantic="VERTEX" source="#ID138"/>
                    <input offset="1" semantic="NORMAL" source="#ID134"/>
                    <input offset="2" semantic="TEXCOORD" source="#ID136" set="0"/>
                    <p>394 1 2 285 0 1 318 0 0 285 0 1 394 1 2 280 2 3 390 3 4 280 2 3 394 1 2 280 2 3 390 3 4 278 4 5 378 5 6 278 4 5 390 3 4 278 4 5 378 5 6 275 6 7 374 7 8 275 6 7 378 5 6 275 6 7 374 7 8 274 8 9 365 9 10 274 8 9 374 7 8 274 8 9 365 9 10 269 10 11 362 11 12 269 10 11 365 9 10 269 10 11 362 11 12 268 12 13 355 13 14 268 12 13 362 11 12 268 12 13 355 13 14 264 14 15 353 15 16 264 14 15 355 13 14 264 14 15 353 15 16 263 16 17 347 17 18 263 16 17 353 15 16 263 16 17 347 17 18 266 18 19 345 19 20 266 18 19 347 17 18 266 18 19 345 19 20 306 20 21 339 21 22 306 20 21 345 19 20 306 20 21 339 21 22 301 22 23 337 23 24 301 22 23 339 21 22 301 22 23 337 23 24 298 24 25 331 25 26 298 24 25 337 23 24 298 24 25 331 25 26 293 26 27 329 27 28 293 26 27 331 25 26 293 26 27 329 27 28 291 28 29 314 29 30 291 28 29 329 27 28 291 28 29 314 29 30 287 30 31 317 31 32 287 30 31 314 29 30 287 30 31 317 31 32 284 31 33 400 32 36 397 33 35 322 32 34 397 33 35 400 32 36 6 34 37 6 34 37 386 35 38 397 33 35 386 35 38 6 34 37 4 36 39 4 36 39 382 37 40 386 35 38 382 37 40 4 36 39 2 38 41 2 38 41 371 39 42 382 37 40 371 39 42 2 38 41 0 40 43 0 40 43 368 41 44 371 39 42 368 41 44 0 40 43 422 42 45 422 42 45 360 43 46 368 41 44 360 43 46 422 42 45 420 44 47 420 44 47 358 45 48 360 43 46 358 45 48 420 44 47 418 46 49 418 46 49 351 47 50 358 45 48 351 47 50 418 46 49 416 48 51 416 48 51 349 49 52 351 47 50 349 49 52 416 48 51 414 50 53 414 50 53 343 51 54 349 49 52 343 51 54 414 50 53 412 52 55 412 52 55 341 53 56 343 51 54 341 53 56 412 52 55 410 54 57 410 54 57 335 55 58 341 53 56 335 55 58 410 54 57 408 56 59 408 56 59 333 57 60 335 55 58 333 57 60 408 56 59 406 58 61 406 58 61 327 59 62 333 57 60 327 59 62 406 58 61 404 60 63 404 60 63 324 61 64 327 59 62 324 61 64 404 60 63 402 62 65 321 63 67 402 62 65 399 63 66 402 62 65 321 63 67 324 61 64 320 64 70 393 64 69 316 64 68 393 64 69 320 64 70 396 64 71 396 64 71 389 64 72 393 64 69 389 64 72 396 64 71 385 64 73 385 64 73 377 64 74 389 64 72 377 64 74 385 64 73 381 64 75 381 64 75 373 64 76 377 64 74 373 64 76 381 64 75 370 64 77 370 64 77 364 64 78 373 64 76 364 64 78 370 64 77 367 64 79 367 64 79 361 64 80 364 64 78 361 64 80 367 64 79 359 64 81 359 64 81 354 64 82 361 64 80 354 64 82 359 64 81 357 64 83 357 64 83 352 64 84 354 64 82 352 64 84 357 64 83 350 64 85 350 64 85 346 64 86 352 64 84 346 64 86 350 64 85 348 64 87 348 64 87 344 64 88 346 64 86 344 64 88 348 64 87 342 64 89 342 64 89 338 64 90 344 64 88 338 64 90 342 64 89 340 64 91 340 64 91 336 64 92 338 64 90 336 64 92 340 64 91 334 64 93 334 64 93 330 64 94 336 64 92 330 64 94 334 64 93 332 64 95 332 64 95 328 64 96 330 64 94 328 64 96 332 64 95 326 64 97 326 64 97 313 64 98 328 64 96 313 64 98 326 64 97 323 64 99 315 64 101 323 64 99 319 64 100 323 64 99 315 64 101 313 64 98 164 64 104 122 66 103 63 65 102 122 66 103 164 64 104 89 67 105 167 64 106 89 67 105 164 64 104 89 67 105 167 64 106 92 68 107 170 64 108 92 68 107 167 64 106 92 68 107 170 64 108 95 69 109 173 64 110 95 69 109 170 64 108 95 69 109 173 64 110 99 70 111 176 64 112 99 70 111 173 64 110 99 70 111 176 64 112 103 71 113 179 64 114 103 71 113 176 64 112 103 71 113 179 64 114 106 72 115 182 64 116 106 72 115 179 64 114 106 72 115 182 64 116 109 73 117 185 64 118 109 73 117 182 64 116 109 73 117 185 64 118 112 74 119 188 64 120 112 74 119 185 64 118 112 74 119 188 64 120 115 75 121 191 64 122 115 75 121 188 64 120 115 75 121 191 64 122 118 76 123 194 64 124 118 76 123 191 64 122 118 76 123 194 64 124 120 77 125 197 64 126 120 77 125 194 64 124 120 77 125 197 64 126 73 78 127 70 79 128 73 78 127 197 64 126 369 80 131 375 80 130 372 80 129 375 80 130 369 80 131 366 80 132 417 80 133 366 80 132 369 80 131 366 80 132 417 80 133 415 80 134 17 80 135 415 80 134 417 80 133 415 80 134 17 80 135 19 80 136 13 80 137 19 80 136 17 80 135 19 80 136 13 80 137 15 80 138 9 80 139 15 80 138 13 80 137 15 80 138 9 80 139 11 80 140 5 80 141 11 80 140 9 80 139 11 80 140 5 80 141 7 80 142 1 80 143 7 80 142 5 80 141 7 80 142 1 80 143 3 80 144 421 80 145 3 80 144 1 80 143 395 80 148 391 80 147 387 80 146 391 80 147 395 80 148 401 80 149 398 80 150 401 80 149 395 80 148 401 80 149 398 80 150 405 80 151 403 80 152 405 80 151 398 80 150 405 80 151 403 80 152 409 80 153 407 80 154 409 80 153 403 80 152 409 80 153 407 80 154 379 81 155 411 82 156 379 81 155 407 80 154 379 81 155 411 82 156 256 80 157 300 83 158 256 80 157 411 82 156 31 85 161 237 64 160 34 84 159 237 64 160 31 85 161 234 64 162 29 86 163 234 64 162 31 85 161 234 64 162 29 86 163 231 64 164 27 87 165 231 64 164 29 86 163 231 64 164 27 87 165 23 88 166 53 89 169 151 64 168 157 64 167 151 64 168 53 89 169 145 64 170 50 90 171 145 64 170 53 89 169 145 64 170 50 90 171 44 91 172 34 84 159 247 93 174 37 92 173 247 93 174 34 84 159 240 94 175 237 64 160 240 94 175 34 84 159 154 64 176 53 89 169 157 64 167 53 89 169 154 64 176 56 95 177 59 96 178 56 95 177 154 64 176 225 64 179 231 64 164 23 88 166 231 64 164 225 64 179 228 64 180 23 88 166 228 64 180 225 64 179 142 99 183 128 98 182 132 97 181 128 98 182 142 99 183 47 100 184 44 91 172 47 100 184 142 99 183 79 101 187 203 64 186 206 64 185 203 64 186 79 101 187 76 102 188 145 64 170 148 64 189 151 64 168 148 64 189 145 64 170 44 91 172 296 103 190 379 81 155 256 80 157 379 81 155 296 103 190 383 104 191 423 80 193 421 80 145 419 80 192 421 80 145 423 80 193 3 80 144 67 107 196 356 106 195 86 105 194 356 106 195 67 107 196 277 108 197 47 100 184 308 110 199 125 109 198 308 110 199 47 100 184 309 111 200 219 64 203 25 113 202 66 112 201 25 113 202 219 64 203 222 64 204 67 107 196 215 64 206 218 64 205 215 64 206 67 107 196 86 105 194 86 105 194 212 64 207 215 64 206 212 64 207 86 105 194 84 114 208 84 114 208 209 64 209 212 64 207 209 64 209 84 114 208 82 115 210 82 115 210 206 64 185 209 64 209 206 64 185 82 115 210 79 101 187 76 102 188 200 64 211 203 64 186 200 64 211 76 102 188 70 79 128 59 96 178 163 64 213 62 116 212 163 64 213 59 96 178 160 64 214 292 118 216 109 73 117 295 117 215 109 73 117 292 118 216 106 72 115 363 120 218 89 67 105 305 119 217 89 67 105 363 120 218 122 66 103 271 121 219 122 66 103 363 120 218 122 66 103 271 121 219 63 65 102 297 123 221 73 78 127 294 122 220 73 78 127 297 123 221 120 77 125 302 124 222 120 77 125 297 123 221 120 77 125 302 124 222 118 76 123 304 125 223 118 76 123 302 124 222 118 76 123 304 125 223 115 75 121 299 126 224 115 75 121 304 125 223 115 75 121 299 126 224 112 74 119 295 117 215 112 74 119 299 126 224 112 74 119 295 117 215 109 73 117 76 102 188 290 127 225 70 79 128 290 127 225 76 102 188 288 128 226 289 129 227 106 72 115 292 118 216 106 72 115 289 129 227 103 71 113 286 130 228 103 71 113 289 129 227 103 71 113 286 130 228 99 70 111 279 131 229 99 70 111 286 130 228 99 70 111 279 131 229 95 69 109 281 132 230 95 69 109 279 131 229 95 69 109 281 132 230 92 68 107 305 119 217 92 68 107 281 132 230 92 68 107 305 119 217 89 67 105 160 64 214 154 64 176 157 64 167 154 64 176 160 64 214 59 96 178 86 105 194 307 133 231 84 114 208 307 133 231 86 105 194 356 106 195 82 115 210 307 133 231 282 134 232 307 133 231 82 115 210 84 114 208 82 115 210 283 135 233 79 101 187 283 135 233 82 115 210 282 134 232 79 101 187 288 128 226 76 102 188 288 128 226 79 101 187 283 135 233 290 127 225 73 78 127 70 79 128 73 78 127 290 127 225 294 122 220 25 113 202 276 136 234 66 112 201 276 136 234 25 113 202 267 137 235 270 138 236 59 96 178 62 116 212 59 96 178 270 138 236 272 139 237 272 139 237 56 95 177 59 96 178 56 95 177 272 139 237 273 140 238 273 140 238 53 89 169 56 95 177 53 89 169 273 140 238 325 141 239 325 141 239 50 90 171 53 89 169 50 90 171 325 141 239 259 142 240 259 142 240 44 91 172 50 90 171 44 91 172 259 142 240 260 143 241 260 143 241 47 100 184 44 91 172 47 100 184 260 143 241 309 111 200 34 84 159 257 145 243 258 144 242 257 145 243 34 84 159 37 92 173 31 85 161 258 144 242 312 146 244 258 144 242 31 85 161 34 84 159 29 86 163 312 146 244 261 147 245 312 146 244 29 86 163 31 85 161 27 87 165 261 147 245 262 148 246 261 147 245 27 87 165 29 86 163 23 88 166 262 148 246 265 149 247 262 148 246 23 88 166 27 87 165 25 113 202 265 149 247 267 137 235 265 149 247 25 113 202 23 88 166 375 80 130 391 80 147 372 80 129 391 80 147 375 80 130 387 80 146 248 150 250 254 151 249 38 150 248 254 151 249 248 150 250 244 152 251 128 98 182 135 153 252 132 97 181 135 153 252 128 98 182 125 109 198 222 64 204 23 88 166 25 113 202 23 88 166 222 64 204 228 64 180 138 64 253 44 91 172 142 99 183 44 91 172 138 64 253 148 64 189 254 154 249 257 145 243 37 92 173 395 80 148 387 80 146 413 80 254 254 154 249 310 155 255 257 145 243 254 151 249 244 152 251 251 156 256 41 158 258 308 110 199 311 157 257 135 153 252 125 109 198 41 158 258 128 98 182 47 100 184 125 109 198 300 83 158 411 82 156 21 159 259 300 83 158 21 159 259 303 160 260 197 64 126 200 64 211 70 79 128 41 158 258 125 109 198 308 110 199 247 93 174 240 94 175 243 161 261 380 162 264 30 80 263 376 80 262 30 80 263 380 162 264 10 80 265 8 80 266 10 80 265 380 162 264 28 80 267 376 80 262 30 80 263 376 80 262 28 80 267 26 80 268 380 162 264 22 80 269 8 80 266 392 80 272 16 80 271 12 80 270 388 164 274 12 80 270 14 163 273 12 80 270 388 164 274 392 80 272 14 163 273 384 165 275 388 164 274 107 166 278 131 166 277 252 166 276 131 166 277 107 166 278 119 166 279 111 64 280 119 64 279 107 64 278 119 64 279 111 64 280 121 64 281 250 168 282 121 168 281 111 167 280 121 168 281 250 168 282 140 167 283 87 169 278 253 169 284 245 169 276 253 169 284 87 169 278 108 169 279 91 64 280 108 64 279 87 64 278 108 64 279 91 64 280 110 64 281 242 170 282 110 170 281 91 170 280 110 170 281 242 170 282 249 170 285 80 172 278 246 172 284 235 171 276 246 172 284 80 172 278 88 171 279 78 64 280 88 64 279 80 64 278 88 64 279 78 64 280 90 64 281 239 173 282 90 173 281 78 173 280 90 173 281 239 173 282 241 173 285 77 174 281 224 174 282 238 174 285 224 174 282 77 174 281 69 174 280 81 64 279 69 64 280 77 64 281 69 64 280 81 64 279 64 64 278 236 175 284 64 175 278 81 175 279 64 175 278 236 175 284 226 175 276 71 176 278 221 176 284 232 176 276 221 176 284 71 176 278 58 176 279 75 64 280 58 64 279 71 64 278 58 64 279 75 64 280 60 64 281 230 177 282 60 177 281 75 177 280 60 177 281 230 177 282 216 177 285 51 179 278 227 179 284 213 178 276 227 179 284 51 179 278 65 178 279 55 64 280 65 64 279 51 64 278 65 64 279 55 64 280 68 64 281 211 181 282 68 181 281 55 180 280 68 181 281 211 181 282 223 180 285 57 182 278 199 182 284 220 182 276 199 182 284 57 182 278 33 182 279 61 64 280 33 64 279 57 64 278 33 64 279 61 64 280 42 64 281 217 183 282 42 183 281 61 183 280 42 183 281 217 183 282 195 183 285 45 184 278 214 184 284 207 184 276 214 184 284 45 184 278 52 184 279 49 64 280 52 64 279 45 64 278 52 64 279 49 64 280 54 64 281 205 185 282 54 185 281 49 185 280 54 185 281 205 185 282 210 185 285 35 186 278 208 186 284 201 186 276 208 186 284 35 186 278 46 186 279 40 64 280 46 64 279 35 64 278 46 64 279 40 64 280 48 64 281 193 187 282 48 187 281 40 187 280 48 187 281 193 187 282 204 187 285 32 188 278 202 188 284 198 188 276 202 188 284 32 188 278 36 188 279 43 64 280 36 64 279 32 64 278 36 64 279 43 64 280 39 64 281 196 189 282 39 189 281 43 189 280 39 189 281 196 189 282 192 189 285 74 191 281 102 191 282 229 190 285 102 191 282 74 191 281 83 190 280 85 64 278 83 64 280 74 64 281 83 192 280 85 192 278 97 192 286 85 194 278 233 194 284 98 193 287 233 194 284 85 194 278 72 193 279 74 64 281 72 64 279 85 64 278 119 195 279 141 195 289 130 195 288 141 195 289 119 195 279 121 195 281 181 64 279 190 64 280 183 64 281 190 64 280 181 64 279 186 64 278 187 64 279 178 64 280 189 64 281 178 64 280 187 64 279 174 64 278 169 64 279 184 64 280 171 64 281 184 64 280 169 64 279 180 64 278 175 64 279 166 64 280 177 64 281 166 64 280 175 64 279 161 64 278 156 64 279 172 64 280 158 64 281 172 64 280 156 64 279 168 64 278 162 64 279 153 64 280 165 64 281 153 64 280 162 64 279 149 64 278 144 64 279 159 64 280 146 64 281 159 64 280 144 64 279 155 64 278 150 64 279 137 64 280 152 64 281 137 64 280 150 64 279 133 64 278 124 64 279 147 64 280 126 64 281 147 64 280 124 64 279 143 64 278 134 64 279 139 64 280 136 64 281 139 64 280 134 64 279 129 64 278 114 64 279 127 64 280 116 64 281 127 64 280 114 64 279 123 64 278 94 64 279 117 64 280 104 64 281 117 64 280 94 64 279 113 64 278 96 64 279 105 64 280 100 64 281 105 64 280 96 64 279 93 64 278 97 192 286 101 192 290 83 192 280 22 80 269 380 162 264 20 196 291 16 80 271 392 80 272 255 80 292 384 165 275 20 196 291 380 162 264 20 196 291 384 165 275 18 197 293 384 165 275 14 163 273 18 197 293 376 80 262 26 80 268 24 80 294</p>
                </triangles>
            </mesh>
        </geometry>
        <geometry id="ID140">
            <mesh>
                <source id="ID141">
                    <float_array id="ID142" count="72">-3391.5 1657.75 586.75 -2654.5 1657.75 457.5 -2610.25 1657.75 628.5 -3436.5 1657.75 118.5 -2688.25 1657.75 106 -2610.25 1647.75 628.5 -2654.5 1647.75 457.5 -3391.5 1647.75 586.75 -3339 1647.75 817 -2688.25 1647.75 106 -3436.5 1647.75 118.5 -2462.5 1370 846 -2540.25 1370 656.75 -3747 1370 1590.5 -4010.75 1370 1049.5 -3393 1370 877.25 -4003.75 1370 1035.25 -2588.5 1667.75 637.25 -2635 1667.75 457.5 -3410.75 1667.75 593.5 -3355.75 1667.75 835.75 -2670.75 1667.75 87.5 -3458.25 1667.75 100.5 -3339 1657.75 817</float_array>
                    <technique_common>
                        <accessor count="24" source="#ID142" stride="3">
                            <param name="X" type="float"/>
                            <param name="Y" type="float"/>
                            <param name="Z" type="float"/>
                        </accessor>
                    </technique_common>
                </source>
                <source id="ID143">
                    <float_array id="ID144" count="75">0.548686 0.803371 0.231384 0.699693 0.707768 -0.0974386 0.691725 0.711007 -0.126433 0.452954 0.780366 -0.431117 0.10547 0.725403 -0.680196 -0.435111 0.713877 -0.548688 -0.629723 0.758461 -0.167886 -0.708566 0.690684 0.144529 -0.713173 0.692797 0.106853 -0.535253 0.777262 0.330708 -0.261427 0.76963 0.582517 0.28106 0.791662 0.542473 -0.0167033 0 -0.999861 0.417253 0 -0.90879 0.856241 0 -0.516577 -0 1 -0 0.968112 0 -0.25052 0.968111 -0 -0.25052 0.979914 0 -0.199422 0.25042 0 0.968137 -0.983589 0 0.180422 -0.990414 0 0.13813 -0.974977 0 0.222307 -0.995414 -0 0.0956618 0.989042 0 -0.147632</float_array>
                    <technique_common>
                        <accessor count="25" source="#ID144" stride="3">
                            <param name="X" type="float"/>
                            <param name="Y" type="float"/>
                            <param name="Z" type="float"/>
                        </accessor>
                    </technique_common>
                </source>
                <source id="ID145">
                    <float_array id="ID146" count="24">4.16113 1.01074 3.59277 1.03613 3.30762 1.00684 3.41504 -0.0439453 3.62695 -0.0146484 4.05469 -0.0341797 -0.18457 0.825195 -0.173828 0.836914 -0.107422 0.222656 0.399414 0.797852 1.23047 0.332031 1.20215 0.744141</float_array>
                    <technique_common>
                        <accessor count="12" source="#ID146" stride="2">
                            <param name="S" type="float"/>
                            <param name="T" type="float"/>
                        </accessor>
                    </technique_common>
                </source>
                <vertices id="ID147">
                    <input semantic="POSITION" source="#ID141"/>
                </vertices>
                <triangles count="32" material="Material1">
                    <input offset="0" semantic="VERTEX" source="#ID147"/>
                    <input offset="1" semantic="NORMAL" source="#ID143"/>
                    <input offset="2" semantic="TEXCOORD" source="#ID145" set="0"/>
                    <p>19 2 1 7 1 1 22 0 0 7 1 1 19 2 1 8 3 2 20 4 2 8 3 2 19 2 1 8 3 2 20 4 2 5 5 3 17 6 3 5 5 3 20 4 2 5 5 3 17 6 3 6 7 4 18 8 4 6 7 4 17 6 3 6 7 4 18 8 4 9 9 5 21 10 5 9 9 5 18 8 4 9 9 5 21 10 5 10 11 0 22 0 0 10 11 0 21 10 5 10 11 0 22 0 0 7 1 1 3 12 0 9 13 5 10 12 0 9 13 5 3 12 0 4 14 5 0 15 1 4 15 5 3 15 0 4 15 5 0 15 1 1 15 4 2 15 3 1 15 4 0 15 1 1 18 4 2 17 3 5 16 3 2 19 3 8 19 2 5 19 3 8 19 2 2 19 3 23 19 2 0 15 1 23 15 2 2 15 3 23 22 2 0 21 1 7 20 1 10 23 0 0 21 1 3 23 0 0 21 1 10 23 0 7 20 1 4 14 5 6 24 4 9 13 5 6 24 4 4 14 5 1 18 4 7 20 1 8 22 2 23 22 2 5 16 3 6 24 4 1 18 4 13 15 8 16 15 7 14 15 6 16 15 7 13 15 8 15 15 9 11 15 10 15 15 9 13 15 8 15 15 9 11 15 10 12 15 11</p>
                </triangles>
            </mesh>
        </geometry>
        <geometry id="ID149">
            <mesh>
                <source id="ID150">
                    <float_array id="ID151" count="1497">-2899.25 822.75 -408 -2869 832.75 504.75 -2800 822.75 -856.75 -2912.75 832.75 49.75 -2884.75 832.75 -406 -2631.75 822.75 -1284.25 -2785.75 832.75 -852.25 -2618.5 832.75 -1277.75 -2398.25 822.75 -1680 -2386.25 832.75 -1671.5 -2095.5 832.75 -2024.25 -1753.25 832.75 -2327.25 -2106.25 822.75 -2034.5 -1367.5 832.75 -2572.75 -1762 822.75 -2339 -948.5 832.75 -2755 -502.5 832.75 -2799 -1374.5 822.75 -2585.75 -492.5 822.75 -2794 -492.5 822.75 -2794 -492.5 822.75 -2794 -492.5 822.75 -2794 -465 832.75 -2589.75 -465 832.75 -2589.75 -953.5 822.75 -2769 -458.5 759.75 -2602.25 -458.5 759.75 -2602.25 -489.5 759.75 -2800.25 -489.5 759.75 -2800.25 -489.5 759.75 -2800.25 -2824.5 822.75 730.25 -2824.5 822.75 730.25 -2824.5 822.75 730.25 223.25 749.75 -4146.75 223.25 749.75 -4146.75 223.25 456.75 -4146.75 223.25 456.75 -4146.75 303.5 456.75 -3872.25 303.5 456.75 -3872.25 303.5 749.75 -3872.25 303.5 749.75 -3872.25 323 456.75 -3587 323 456.75 -3587 323 749.75 -3587 323 749.75 -3587 289.75 650 -3369.75 289.75 650 -3369.75 289.75 650 -3369.75 289.75 719.75 -3369.75 289.75 719.75 -3369.75 12.25 749.75 -2833 12.25 749.75 -2833 175.5 749.75 -3050.25 175.5 749.75 -3050.25 175.5 456.75 -3050.25 175.5 456.75 -3050.25 12.25 456.75 -2833 12.25 456.75 -2833 -202.25 749.75 -2673 -202.25 749.75 -2673 -2540.25 456.75 656.75 -2540.25 456.75 656.75 -202.25 456.75 -2673 -202.25 456.75 -2673 -584.25 749.75 -4822.75 -584.25 749.75 -4822.75 -584.25 456.75 -4822.75 -584.25 456.75 -4822.75 -329 749.75 -4746.75 -329 749.75 -4746.75 -329 456.75 -4746.75 -329 456.75 -4746.75 -100.5 749.75 -4599.5 -100.5 749.75 -4599.5 -100.5 456.75 -4599.5 -100.5 456.75 -4599.5 86.25 456.75 -4394.5 86.25 456.75 -4394.5 -4016.25 456.75 1038.5 86.25 749.75 -4394.5 86.25 749.75 -4394.5 -3960.75 456.75 1024.25 -614.5 822.75 -4607.5 -614.5 822.75 -4607.5 -811.5 822.75 -4603.25 -811.5 822.75 -4603.25 -811.5 822.75 -4603.25 -811.5 822.75 -4603.25 -811.25 759.75 -4604 -811.25 759.75 -4604 -811.25 759.75 -4604 -614.5 759.75 -4607.5 -614.5 759.75 -4607.5 -420.25 822.75 -4549.25 -420.25 822.75 -4549.25 -420.25 759.75 -4549.25 -420.25 759.75 -4549.25 -241.75 822.75 -4433 -241.75 822.75 -4433 -241.75 759.75 -4433 -241.75 759.75 -4433 -91 759.75 -4267.25 -91 759.75 -4267.25 -91 822.75 -4267.25 -91 822.75 -4267.25 -2775.75 456.75 717.75 21.25 759.75 -4062.75 21.25 759.75 -4062.75 -3002.25 456.75 776.25 21.25 822.75 -4062.75 21.25 822.75 -4062.75 88 759.75 -3834 88 759.75 -3834 88 822.75 -3834 88 822.75 -3834 104.5 759.75 -3596 104.5 759.75 -3596 104.5 822.75 -3596 104.5 822.75 -3596 40 719.75 -3383.25 40 719.75 -3383.25 40 719.75 -3383.25 40 759.75 -3383.5 40 759.75 -3383.5 52.25 759.75 -3466.25 52.25 759.75 -3466.25 52.25 759.75 -3466.25 52.25 719.75 -3466.25 52.25 719.75 -3466.25 52.25 719.75 -3466.25 -53.25 719.75 -3164 -53.25 719.75 -3164 -53.25 719.75 -3164 -53.25 759.75 -3164 -53.25 759.75 -3164 -53.25 759.75 -3164 -303.75 822.75 -2865 -303.75 822.75 -2865 -141.75 822.75 -2987 -141.75 822.75 -2987 -141.75 759.75 -2987 -141.75 759.75 -2987 -303.75 759.75 -2865 -303.75 759.75 -2865 213 759.75 -4142.5 292.75 759.75 -3870.5 312 759.75 -3587.5 279.5 759.75 -3374 279.5 759.75 -3374 4.5 759.75 -2840.75 -207.5 759.75 -2682.5 -585.75 759.75 -4812 -333.5 759.75 -4737 -107.75 759.75 -4591 77.5 759.75 -4388 38.75 832.75 -3605.25 23.75 832.75 -3822.5 -37 832.75 -4031.5 -139.75 832.75 -4218 -277.25 832.75 -4369.5 -440.5 832.75 -4475.5 -617.75 832.75 -4528.75 7 792.75 -3394.5 -2.25 792.75 -3399 10 792.75 -3482 10 792.75 -3482 19.5 792.75 -3479.75 19.5 792.75 -3479.75 -89.25 792.75 -3178.75 -89.25 792.75 -3178.75 -334 832.75 -2937.75 -186 832.75 -3049.25 -506.5 832.75 -2872.5 -506.5 832.75 -2872.5 -2844 832.75 614.5 -4483 832.75 976.25 -2852 822.75 628.5 -2852 822.75 628.5 -2719.25 456.75 703 -3392.75 456.75 877.25 -4016.25 456.75 1038.5 -4016.25 832.75 1038.5 -4016.25 832.75 1038.5 -3657.75 832.75 806.75 -99.5 792.75 -3183 -99.5 792.75 -3183 -4311.75 824.5 951.25 -4315.25 822.75 936.25 -4352 824.5 1125.25 -4352 824.5 1125.25 -4352 784.5 1125.25 -4352 784.5 1125.25 -4463.75 822.75 985 -4463.75 822.75 985 -494 832.75 -2801.75 -494 832.75 -2801.75 -306.75 832.75 -2872.25 -146.25 832.75 -2993.25 40 792.75 -3383.5 40 792.75 -3383.5 -53.25 792.75 -3164 -53.25 792.75 -3164 -53.25 792.75 -3164 76.75 832.75 -3456.5 76.75 832.75 -3456.5 19.5 832.25 -3479.75 19.5 832.25 -3479.75 98 832.75 -3597 81.75 832.75 -3832.75 15.5 832.75 -4059.75 -96 832.75 -4262.25 -245.25 832.75 -4426.75 -422.25 832.75 -4541.75 -615 832.75 -4599.5 -3603 832.75 -2835.5 -3591.25 822.75 -2825.75 -4274.5 826.25 1105.25 -4274.5 826.25 1105.25 -858 832.75 -4800.25 -4003.75 822.75 -2803.25 -4003.75 822.75 -2803.25 -3824.25 822.75 -3021 -3824.25 822.75 -3021 -3813.25 832.75 -3011.75 83 822.75 -3454 83 822.75 -3454 83 822.75 -3454 166 759.75 -3055.75 215.25 719.75 -3313.25 252 719.75 -3385.25 252 719.75 -3385.25 252 719.75 -3385.25 242 719.75 -3318 242 719.75 -3318 -4003.75 456.75 -2803.25 -4003.75 456.75 -2803.25 -3824.25 782.75 -3021 -3824.25 782.75 -3021 -3552.75 832.75 -2896.25 -3763.25 832.75 -3072.5 -19.75 822.75 -3150.5 -19.75 822.75 -3150.5 -19.75 822.75 -3150.5 70.75 719.75 -3372.75 10 822.75 -3482 10 822.75 -3482 -99.5 822.75 -3183 -99.5 822.75 -3183 -2631.5 832.75 45.75 -2631.5 832.75 45.75 -89.25 832.75 -3178.75 -89.25 832.75 -3178.75 -2592 832.75 457 -2592 832.75 457 -4389.75 783.75 968.5 -4717.5 822.75 1219.75 -4717.5 822.75 1219.75 -4393.5 782.75 953.25 -2540.25 832.75 656.75 -2540.25 832.75 656.75 -4315.25 782.75 936.25 -3392.75 832.75 877.25 -3392.75 832.75 877.25 -4311.75 784.5 951.25 -4393.5 822.75 953.25 -4389.75 823.75 968.5 -4274.5 786.25 1105.25 -4274.5 786.25 1105.25 -26.5 832.75 -3153.25 -26.5 832.75 -3153.25 52.25 792.75 -3466.25 52.25 792.75 -3466.25 52.25 792.75 -3466.25 -3541 822.75 -2886.75 -4702.75 832.25 1216 -4702.75 832.25 1216 -3591.25 782.75 -2825.75 -4421.25 822.75 1143.25 -4421.25 822.75 1143.25 -4421.25 822.75 1143.25 -3541 782.75 -2886.75 -3774.25 822.75 -3081.75 -3774.25 822.75 -3081.75 -3774.25 782.75 -3081.75 -3774.25 782.75 -3081.75 145.75 719.75 -3083 145.75 719.75 -3083 145.75 719.75 -3083 172.75 759.75 -3072.25 172.75 759.75 -3072.25 182.75 749.75 -3068 182.75 749.75 -3068 182.75 749.75 -3068 289.75 749.75 -3369.75 289.75 749.75 -3369.75 289.75 749.75 -3369.75 242 650 -3318 242 650 -3318 146 650 -3084 146 650 -3084 146 650 -3084 182.75 719.75 -3068 182.75 719.75 -3068 252 649.75 -3385.25 252 649.75 -3385.25 252 649.75 -3385.25 183 650 -3068.75 183 650 -3068.75 183 650 -3068.75 -2700 456.75 698.25 280.25 650 -3307.5 280.25 650 -3307.5 280.25 456.75 -3307.5 280.25 456.75 -3307.5 230.25 759.75 -3394 230.25 759.75 -3394 230.25 719.75 -3394 230.25 719.75 -3394 83 719.75 -3454.25 83 719.75 -3454.25 83 759.75 -3454.25 83 759.75 -3454.25 83 759.75 -3454.25 -19.5 719.75 -3150.75 -19.5 719.75 -3150.75 124.5 719.75 -3091.75 124.5 719.75 -3091.75 124.5 759.75 -3091.75 124.5 759.75 -3091.75 -19.5 759.75 -3150.75 -19.5 759.75 -3150.75 -19.5 759.75 -3150.75 -4887 822.75 85.25 -4887 822.75 85.25 -4813.5 822.75 848.75 -4813.5 822.75 848.75 -4813.5 456.75 848.75 -4813.5 456.75 848.75 -4887 456.75 85.25 -4887 456.75 85.25 -4840 822.75 -680 -4840 822.75 -680 -4840 456.75 -680 -4840 456.75 -680 -4674 822.75 -1429 -4674 822.75 -1429 -4674 456.75 -1429 -4674 456.75 -1429 -4393 822.75 -2142.5 -4393 822.75 -2142.5 -4393 456.75 -2142.5 -4393 456.75 -2142.5 -4220.5 456.75 -2435.25 -4220.5 456.75 -2435.25 -4220.5 822.75 -2435.25 -4220.5 822.75 -2435.25 -3515.75 456.75 -3395.25 -3515.75 456.75 -3395.25 -3241 456.75 -3639.25 -3241 456.75 -3639.25 -3241 822.75 -3639.25 -3241 822.75 -3639.25 -3515.75 822.75 -3395.25 -3515.75 822.75 -3395.25 -2294.5 822.75 -4315.5 -2294.5 822.75 -4315.5 -2941.5 822.75 -3903.5 -2941.5 822.75 -3903.5 -2941.5 456.75 -3903.5 -2941.5 456.75 -3903.5 -2294.5 456.75 -4315.5 -2294.5 456.75 -4315.5 -1591 822.75 -4621.5 -1591 822.75 -4621.5 -1591 456.75 -4621.5 -1591 456.75 -4621.5 -338.5 822.75 -2948.75 -848.75 456.75 -4813.5 -848.75 456.75 -4813.5 -848.75 456.75 -4813.5 -508.75 822.75 -2884.25 -508.75 822.75 -2884.25 -848.75 749.75 -4813.5 -848.75 749.75 -4813.5 -848.75 749.75 -4813.5 -848.75 749.75 -4813.5 -4597 832.75 79.75 -192.5 822.75 -3058.5 -4528 832.75 798 -4799.25 832.75 846.25 -4872.5 832.75 85 -4552.75 832.75 -640.25 -4825.75 832.75 -678 14.25 822.75 -3820.75 -4396.75 832.75 -1344.75 29 822.75 -3606.5 -4670.5 832.75 -1428 -4717.5 456.75 1219.75 -4717.5 456.75 1219.75 -45.75 822.75 -4026.75 -4604.75 832.75 -1408 -4132.25 832.75 -2016 -4380 832.75 -2136 -147 822.75 -4210.75 -3766 832.75 -2637.75 -4208.25 832.75 -2427.5 -282.75 822.75 -4360 -3991.75 832.75 -2795 -3603 792.75 -2835.5 -443.25 822.75 -4464.5 -3813.25 792.75 -3011.75 -3763.25 792.75 -3072.5 -618.25 822.75 -4517 -3552.75 792.75 -2896.25 -2766.75 832.75 -3672.5 -795.25 822.75 -4514 -795.25 822.75 -4514 -3231.5 832.75 -3627.5 -1491.25 822.75 -4333.75 -2932.75 832.75 -3891.75 -3307 832.75 -3194.5 -3505.25 832.75 -3385.25 -2150.75 822.75 -4046.75 -2158 832.75 -4060.25 -2287.75 832.75 -4302.75 -2757.5 822.75 -3660.5 -1496.25 832.75 -4348 -1586.25 832.75 -4607.75 -3296 822.75 -3184 -810.25 832.75 -4595.5 -810.25 832.75 -4595.5 -3753.5 822.75 -2629 -797.25 832.75 -4525.5 -797.25 832.75 -4525.5 -821 832.75 -4596 -2631.5 456.75 45.75 -2631.5 456.75 45.75 -2592 456.75 457 -2592 456.75 457 -2606 456.75 -366 -2606 456.75 -366 -4118.5 822.75 -2009.25 -2606 832.75 -366 -2606 832.75 -366 -2709.75 456.75 700.75 -2516.75 456.75 -769.25 -2516.75 456.75 -769.25 -4382 822.75 -1340.25 -2516.75 832.75 -769.25 -2516.75 832.75 -769.25 -2365.5 456.75 -1153.5 -2365.5 456.75 -1153.5 -4537.75 822.75 -638 -2365.5 832.75 -1153.5 -2365.5 832.75 -1153.5 -4581.75 822.75 79.5 -2155.75 456.75 -1509.5 -2155.75 456.75 -1509.5 -2155.75 832.75 -1509.5 -2155.75 832.75 -1509.5 -1893 456.75 -1828 -1893 456.75 -1828 -4513 822.75 795.25 -1893 832.75 -1828 -1893 832.75 -1828 -4467.75 822.75 969.25 -4467.75 822.75 969.25 -1583.75 456.75 -2101.75 -1583.75 456.75 -2101.75 -1583.75 832.75 -2101.75 -1583.75 832.75 -2101.75 -2854.75 822.75 618.5 -2854.75 822.75 618.5 -1235.25 456.75 -2323.75 -1235.25 456.75 -2323.75 -3661.25 822.75 794 -1235.25 832.75 -2323.75 -1235.25 832.75 -2323.75 -856.75 456.75 -2488.5 -856.75 456.75 -2488.5 -856.75 832.75 -2488.5 -856.75 832.75 -2488.5 -2883.5 822.75 507.25 -457 749.75 -2592 -457 749.75 -2592 -457 749.75 -2592 -457 749.75 -2592 -457 456.75 -2592 -457 456.75 -2592 -457 456.75 -2592 -2927.5 822.75 50 -848.75 822.75 -4813.5 -848.75 822.75 -4813.5 -848.75 822.75 -4813.5 -846.75 759.75 -4803.25 -846.75 759.75 -4803.25 -457 822.75 -2592 -457 822.75 -2592 -457 822.75 -2592</float_array>
                    <technique_common>
                        <accessor count="499" source="#ID151" stride="3">
                            <param name="X" type="float"/>
                            <param name="Y" type="float"/>
                            <param name="Z" type="float"/>
                        </accessor>
                    </technique_common>
                </source>
                <source id="ID152">
                    <float_array id="ID153" count="1251">0.250394 4.33598e-005 0.968144 0.250342 0 0.968158 0.250399 2.89065e-005 0.968143 0.979874 0 -0.199617 0.968041 0 -0.250794 0.96804 0 -0.250794 0.989025 0 -0.147745 0.999064 0 -0.0432543 0.999956 0 0.00936452 0.993533 0 0.113547 0.986274 0 0.165115 0.963728 0 0.266887 0.948398 0 0.317083 0.910035 0 0.41453 0.886995 0 0.46178 0.833806 0 0.552058 0.80366 0 0.595089 0.737203 0 0.675672 0.700915 0 0.713244 0.622683 0 0.782474 0.580716 0 0.814106 0.492554 0 0.870282 0.446374 0 0.894847 0.325779 -0.00442698 0.945435 0.288428 0 0.957502 0.250505 -0.0058844 0.968098 0.250647 0 0.968079 -0.305253 0.918458 -0.251509 0.146344 0.981852 0.120627 -0.247243 0.955047 -0.163575 0.267015 0.945379 0.186977 -0.256258 0.954744 -0.150983 0.259008 0.958633 0.118055 -0.176168 0.980466 -0.0874775 0.274475 0.958583 0.0760426 0 1 -0 0.285039 0.957965 0.0324943 -0.323636 0.944573 -0.055148 0.285853 0.958193 -0.012426 -0.297788 0.954628 -0.00268272 0.274721 0.959939 -0.0551902 -0.328162 0.942842 0.0579558 0.645896 0 -0.763425 0.645896 0 -0.763425 0.789319 0 -0.613984 0.834884 0 -0.550426 0.908259 0 -0.418408 0.936649 0 -0.350268 0.977508 0 -0.210897 0.99019 0 -0.139727 0.999126 0 0.0417959 0.995301 2.72894e-005 0.0968308 0.98849 0 0.151288 0.98849 0 0.151288 0.988516 3.62209e-005 0.151115 0.97371 3.64444e-005 0.227791 0.952798 5.72238e-005 0.303606 0.906179 -9.58511e-005 0.422894 0.927604 -0.000238343 0.373566 0.92687 -0.000215768 0.375383 -0.325655 0 -0.945489 -0.446173 0 -0.894947 -0.492385 0 -0.870377 -0.580186 0 -0.814484 -0.621789 0 -0.783185 -0.66241 0 -0.749141 -0.663218 0 -0.748426 -0.701737 0 -0.712436 -0.746366 -4.408e-005 -0.665536 -0.387581 0.875184 -0.289541 0.242073 0.953192 0.181177 -0.239193 0.9352 -0.261127 0.332527 0.894043 0.300187 -0.151507 0.939273 -0.307916 0.229449 0.898986 0.373064 -0.0806741 0.973655 -0.213276 0.203211 0.816778 0.53998 -0.406565 0.866475 0.2897 0.24659 0.953042 -0.175794 -0.362209 0.922328 0.134597 0.430668 0.880718 -0.197131 -0.386188 0.920812 0.054454 0.469152 0.877309 -0.101117 -0.382229 0.92363 -0.0284217 0.475663 0.879625 0.00214284 -0.771623 0 -0.63608 -0.819162 0 -0.573562 -0.771787 0.00022255 -0.635881 -0.796088 0.000123215 -0.605181 -0.771761 0.000163909 -0.635913 -0.771539 0 -0.636182 -0.898777 0 -0.438406 -0.948329 0 -0.317288 -0.96366 0 -0.26713 -0.986271 0 -0.165137 -0.99356 0 -0.113304 -0.99996 0 -0.00895141 -0.99905 0 0.0435684 -0.984798 0 0.173703 -0.861617 0 -0.507558 -0.861587 0 -0.507611 0.248305 -7.9754e-005 0.968682 0.250957 -0.000359971 0.967998 0.249487 -0.000247599 0.968378 0.250697 -0.000283403 0.968066 0.250201 -4.26415e-005 0.968194 0.250065 -0.000151362 0.968229 0.250246 0 0.968182 -0.19338 0.956529 -0.218303 -0.23433 0.920853 -0.311638 0.153146 0.969266 0.192536 -0.132894 0.95464 -0.26646 0.140817 0.958247 0.248864 -0.0776515 0.971588 -0.223576 0.0857759 0.96929 0.230478 0.0205359 0.897016 -0.441521 0.079112 0.948015 0.308235 0.158295 0.966171 -0.20361 0.188535 0.943474 -0.2726 -0.456198 0.82336 -0.337582 -0.489133 0.823234 -0.288157 -0.617356 0.729277 -0.295002 0.308198 0.951012 0.0242942 0.358258 0.932246 -0.0506821 0.337104 0.933003 -0.125961 0.361278 0.930835 0.0549955 -0.00613427 0.999008 0.0441014 -0.374375 0.920753 0.109808 -0.348676 0.935981 0.0486227 -0.293973 0.95581 -0.00269663 -0.25043 0 -0.968135 -0.25043 0 -0.968135 -0.300735 0 -0.953708 0.869753 0 0.493488 0.738944 0 0.673767 0.67115 0 0.741321 0.250413 2.89065e-005 0.968139 0.250392 0 0.968145 0.250337 0 0.968159 -0.968114 -0 0.250509 0.336409 0.931606 0.137622 0.415143 0.878723 0.235589 0.207652 0.950934 0.229357 -0.170921 0.955697 -0.239645 -0.205314 0.956122 -0.208989 -0.235822 0.956004 -0.174484 -0.260405 0.955922 -0.135652 -0.276463 0.956566 -0.0924661 -0.289664 0.955903 -0.0484103 0.370926 0.0010288 -0.928662 0.371444 0.00113977 -0.928455 0.368221 0.00171465 -0.929737 0.376123 -0.00112897 -0.926569 0.134746 0.899101 0.416487 0.180328 0.976957 0.114177 -0.0581011 0.974092 -0.218559 -0.0793346 0.964596 -0.251516 0.372296 -0 -0.928114 0.365439 0 -0.930835 -0.370301 -0.000738294 0.928912 -0.368604 0 0.929587 -0.363542 0 0.931578 -0.363542 0 0.931578 -0.379825 0 0.925058 -0.378371 3.30139e-005 0.925654 -0.379825 0 0.925058 -0.306454 0.917861 -0.252225 0.147303 0.981558 0.121843 -0.153227 0.980111 -0.126113 0.293683 0.924651 0.242426 -0.00623189 0.99998 -0.000951051 -0.00175049 0.999997 -0.00150758 -0.00262574 0.999994 -0.00226137 0.000326819 0.999999 -0.00119055 0.38104 0.0113065 -0.92449 0.377479 0.00864624 -0.925978 0.378354 0.0129691 -0.92557 0.377906 0.000176369 -0.925844 0.378196 -0.001251 -0.925725 0.379672 0 -0.925121 -0.376874 0 0.926265 -0.376059 -0.000636884 0.926596 -0.543467 0.820818 -0.175788 -0.440669 0.820842 -0.363358 -0.406232 0.825651 -0.391506 -0.305478 0.918264 -0.251943 -0.170638 0.971449 -0.164833 0.95272 -0.000710295 0.303849 0.989124 0 0.147082 0.974118 0 0.226038 0.989124 0 0.147082 0.972204 0 -0.234135 0.971829 0 -0.235687 0.971452 0 -0.237238 -0.742946 0.669341 -0.00376364 -0.700774 0.699647 0.139319 -0.597457 0.795196 0.103481 -0.696631 0.699233 0.160558 0.971072 0 -0.238788 -0.973841 -0 0.22723 -0.973841 0 0.22723 0.925279 -0.00105855 0.379286 0.925388 -0.00211711 0.379015 0.989219 0 0.14644 0.973281 0 0.229616 0.950171 0 0.311729 0.920388 0 0.391007 0.920388 0 0.391008 0.642815 0 -0.766021 0.6436 0 -0.765362 0.643208 0 -0.765692 -0.6436 -0 0.765362 -0.643058 0 0.765817 -0.642516 0 0.766272 0.638573 0 -0.769562 0.639858 0 -0.768494 0.641141 0 -0.767423 -0.637578 0 0.770386 -0.628722 0 0.77763 -0.63316 0 0.774021 0.673667 0.739027 0.00334339 0.669605 0.735651 0.102205 0.62672 0.735929 0.256185 0.58576 0.739233 0.332293 0.650154 0.584149 0.48587 0.537092 0.605791 0.586983 -0.440999 0.82084 -0.362962 -0.440999 0.82084 -0.362963 -0.0236147 0.999701 0.00634203 -0.0167466 0.999856 0.00271261 -0.0187257 0.999822 0.00244501 -0.0133447 0.999708 -0.0201264 -0.0170705 0.999847 -0.00394878 -0.016487 0.99938 -0.0310986 0.424087 0.835225 0.350071 0.422888 0.836546 0.348362 0.147531 0.981559 0.121562 0.21161 0.95794 0.193836 0.425358 0.834382 0.350537 0.385446 0.8352 0.392265 -0.0133922 0.997977 -0.062148 -0.0130972 0.99948 -0.0294659 -0.023969 0.993606 -0.110328 -0.0234052 0.996097 -0.0851044 -0.545527 0.732354 -0.407502 -0.498571 0.740777 -0.450196 -0.716343 0.697742 -0.00282878 -0.698088 0.708215 -0.105378 -0.249396 0.967739 -0.035812 0.801319 0.000805882 0.598237 0.741425 0.000271054 0.671036 0.801394 0.000402941 0.598137 0.674248 0 0.738505 0.988692 -0.000595081 0.14996 0.988712 -0.00029754 0.149831 0.997012 -0.000199428 0.077247 0.999993 0 0.00381332 -0.368847 0.8308 -0.416802 0.984648 0.00598412 -0.17445 0.983578 0.0029 -0.180461 0.984572 0.00434986 -0.174928 0.983026 0.00135784 -0.183464 0.0658593 0.931523 -0.35767 -0.016802 0.871281 -0.490496 0.0493818 0.730645 -0.680969 -0.0243291 0.717939 -0.695681 0.166776 0.931983 -0.321859 0.254706 0.732496 -0.631327 0.243228 0.933614 -0.263069 0.411487 0.740236 -0.531724 0.301325 0.932579 -0.198747 0.531625 0.739226 -0.413423 0.610582 0.740314 -0.28129 0.659138 0.738443 -0.142266 0.497933 0.738855 0.454045 0.148798 0.930351 0.33512 0.341994 0.736306 0.583861 0.0759735 0.968382 0.237624 0.21024 0.721824 0.659371 0.503958 0.774905 -0.381507 0.273973 0.849881 -0.450156 0.0811868 0.901149 -0.42584 -0.0120807 0.818506 -0.57437 0.0648957 0.621928 -0.780381 -0.0170274 0.613812 -0.789269 0.207322 0.89497 -0.395028 0.299195 0.610873 -0.733018 0.312425 0.888375 -0.336422 0.500605 0.581939 -0.640891 0.672492 0.563906 -0.479337 0.788257 0.540949 -0.2933 0.834159 0.538745 -0.118035 0.834058 0.547926 0.0642227 0.614393 0.783503 0.0929745 0.826955 0.548149 0.125208 0.346692 0.615539 0.707755 0.277855 0.614143 0.738664 0.0315407 0.999467 -0.00847063 -0.0407114 0.992641 0.114047 0.298453 0.952687 0.0575663 0.277783 0.960589 0.0102778 -0.559949 0.822619 0.0987686 -0.53202 0.835277 0.13881 -0.567565 0.822956 0.0247588 -0.566135 0.821778 -0.0645856 -0.820409 0.523634 -0.229644 -0.440717 0.820842 -0.363301 -0.338946 0.825927 -0.45051 -0.279536 0.823168 -0.494221 -0.193562 0.800728 -0.566894 0.173924 0.81021 0.559741 0.163422 0.758358 0.63102 -0.152908 0.798658 -0.582034 -0.196071 0.829019 -0.523721 -0.0540104 0.973474 -0.222331 -0.0744922 0.938479 -0.337206 -0.0254177 0.986535 -0.161561 0.512248 0.8488 -0.130921 0.542436 0.836164 -0.0811967 -0.020922 0.999257 -0.0323648 0.244607 0.836174 0.490898 0.540965 0.835549 -0.0959924 0.319076 0.835491 0.447376 0.423303 0.836072 0.348997 0.449001 0.836379 0.314433 0.48544 0.836941 0.252739 0.5169 0.83837 0.173062 0.540944 0.836184 0.0904217 0.549222 0.835662 0.00498632 0.00609011 0.937653 0.347519 -0.06561 0.937754 0.341047 -0.166314 0.9338 0.316792 -0.188482 0.956922 0.220852 -0.58389 0.803661 0.114893 -0.636609 0.752266 0.169779 -0.560999 0.827457 0.0244033 -0.559614 0.826291 -0.063844 -0.538721 0.829188 -0.149086 -0.509016 0.82891 -0.231973 -0.46854 0.827148 -0.310317 -0.412851 0.828604 -0.378114 -0.349946 0.826993 -0.440023 -0.130601 0.956213 -0.261915 -0.276685 0.827234 -0.489008 -0.373443 0.00261933 0.927649 -0.371711 0.000309461 0.928349 -0.305512 0.00116661 0.952187 -0.306748 0 0.951791 0.379543 -0.000930426 -0.925174 0.383015 0 -0.923742 0.381722 0 -0.924277 -0.0239958 0.993606 -0.110322 -0.345166 0.928289 0.138347 -0.636194 0.75178 0.173446 -0.341745 0.75901 -0.554178 -0.228518 0.763794 -0.603654 -0.0558087 0.759611 0.647979 0.0111023 0.755514 0.655038 -0.251762 0.747283 0.614966 -0.443704 0.729942 0.519915 -0.57253 0.711037 0.408211 -0.64614 0.703433 0.296115 -0.701943 0.696084 0.150808 -0.230466 -0 0.97308 0.516272 0 0.856425 0.340381 -0.037965 0.939521 0.431807 -0.0255587 0.901604 0.351059 -0.0758696 0.933274 0.920385 0.00244379 0.391006 0.920307 0.0012219 0.391196 0.920227 0 0.391385 0.98922 0 0.14644 0.989251 0.000456277 0.146225 0.989283 0.000912554 0.146009 0.990123 0 -0.140199 0.977512 0 -0.21088 0.93713 0 -0.348982 0.909202 0 -0.416356 0.83618 0 -0.548455 0.790285 0 -0.61274 0.64804 0 -0.761606 0.376815 0 -0.926288 0.463768 0 -0.885956 0.0835237 0.00398662 -0.996498 0.186322 0 -0.982489 -0.017785 0.0118315 -0.999772 -0.0196772 0.00591585 -0.999789 -0.0349503 0 -0.999389 0.0726689 0 -0.997356 0.1807 0 -0.983538 0.37413 0 -0.927376 0.460336 0 -0.887745 0.303011 0 0.952987 0.406301 0 0.91374 0.303011 0 0.952987 0.505821 0 0.862638 0.375789 -0.00225794 -0.926702 -0.36878 -0.00155251 0.929515 0.982891 0.0639408 -0.172736 0.985949 0.0328095 -0.163795 0.987279 0.0218726 -0.157486 0.988725 0.000821729 -0.149742 0.759033 0.63724 -0.133394 0.65864 0.729649 0.183863 0.250194 -0.0176526 0.968035 0.379179 -0.00499851 -0.92531 -0.380542 0.00105436 0.924763 0.251568 0 0.96784 0.00774042 0.99992 -0.00996967 0.378673 -0.00687501 -0.925505 -0.378756 9.90417e-005 0.925497 0.0164455 0.999855 -0.00444474 0.925755 0 0.378125 0.989461 -0 -0.144799 0.981491 -0 -0.19151 0.246399 0 0.969168 0 -1 -0</float_array>
                    <technique_common>
                        <accessor count="417" source="#ID153" stride="3">
                            <param name="X" type="float"/>
                            <param name="Y" type="float"/>
                            <param name="Z" type="float"/>
                        </accessor>
                    </technique_common>
                </source>
                <source id="ID154">
                    <float_array id="ID155" count="946">-0.266602 -11.9941 0 -11.9941 0 -12.9941 0.199219 -11.9941 0.199219 -12.9941 0.599609 -11.9941 0.599609 -12.9941 1 -11.9941 1 -12.9941 1.39941 -11.9941 1.39941 -12.9941 1.7998 -11.9941 1.7998 -12.9941 2.19922 -11.9941 2.19922 -12.9941 2.59961 -11.9941 2.59961 -12.9941 3 -11.9941 3 -12.9941 3.39941 -11.9941 3.39941 -12.9941 3.7998 -11.9941 3.7998 -12.9941 4.2627 -11.9941 4.2627 -12.2305 -8.56641 -14.1924 -8.55469 -13.5762 -8.19922 -14.1924 -8.19922 -13.5762 -7.6416 -14.1924 -7.19922 -13.5762 -7.19922 -14.1924 -6.19922 -13.5762 -6.19922 -14.0625 -5 -13.5762 -5 -14.1924 -4 -13.5762 -4 -14.1924 -3 -13.5762 -3 -14.1924 7.7998 -12.2334 7.7998 -13 7.39941 -12.2334 7.39941 -13 7 -12.2334 7 -13 6.59961 -12.2334 6.59961 -13 6.19922 -12.2334 6.19922 -13 5.88867 -12.2344 5.87598 -12.3467 5.87891 -12.5166 5.7998 -13 5.7998 -12.5186 5.39941 -13 5.42871 -12.5215 5.42773 -12.3467 -12.7998 -12.9941 -11.7998 -11.9941 -11.7998 -12.9941 -10.5996 -11.9941 -10.5996 -12.9941 -9.78711 -11.9941 -9.78711 -12.9941 -9.19922 -11.9941 -9.19922 -12.9941 -1.66699 -10.5889 -1.62109 -10.7432 -2 -10.5889 -2 -10.7432 -2.39941 -10.5889 -2.39941 -10.7432 -2.77246 -10.5889 -2.77246 -10.7432 0.399414 -10.5889 0.399414 -10.7432 0 -10.5889 0 -10.7432 -0.399414 -10.5889 -0.399414 -10.7432 -0.799805 -10.5889 -0.799805 -10.7432 -8.56738 -11.9941 -8.19922 -11.9941 -8.56836 -12.085 -8.19922 -12.9941 -8.6709 -12.085 -8.66992 -11.9941 -7.19922 -12.9941 -6.19922 -11.9941 -6.19922 -12.9941 -5 -11.9941 -5 -12.9941 -4 -11.9941 -4 -12.9941 -3 -11.9941 -7.64258 -12.9941 -7.64258 -11.9941 -7.19922 -11.9941 -2.38281 -11.9941 -2.06152 -11.9941 -2.39941 -12.9941 -1.9834 -12.2178 -1.59961 -12.9941 -1.89551 -12.2168 -1.89453 -11.9941 -9.86914 -14.1924 -10.5996 -14.1924 -10.5996 -13.5762 -11.7998 -14.1924 -11.7998 -13.5762 -12.7998 -14.1924 -12.7998 -13.5762 -13.7295 -13.79 -13.7295 -13.5771 -13.7158 -13.7422 -13.7158 -14.2041 10.6934 -12.0967 10.1104 -12.0967 10.7061 -12.7256 10.1221 -12.7256 10.7041 -12.7764 10.123 -12.7764 10.8906 -12.0967 10.9023 -12.7256 10.9043 -12.7764 -8.19922 -14.2246 -7.64258 -14.2246 -7.19922 -14.2246 6.19922 -11.5029 6.59961 -10.9932 6.59961 -11.5029 7 -10.9932 7 -11.5029 5.8916 -11.5029 5.9082 -11.3691 6.19922 -10.9932 -0.202148 -14.0176 -0.00976563 -14.7607 0.199219 -14.0176 0.199219 -14.7607 0.599609 -14.7607 -13.7324 -12.9941 -13.7324 -12.2432 -12.7998 -11.9941 5.39941 -12.2334 5 -13 5 -12.2334 -0.799805 -11.9941 -0.799805 -12.9941 -1.59961 -11.9941 -2.39941 -11.9941 -3 -12.9941 5.42578 -11.5029 5.39941 -11.5029 5.41406 -11.3682 5 -11.5029 3 -14.0176 2.59961 -14.0176 3 -14.7607 2.59961 -14.7607 2.19922 -14.0176 2.19922 -14.7607 1.7998 -14.0176 1.7998 -14.7607 1.39941 -14.0176 1.39941 -14.7607 1 -14.0176 1 -14.7607 0.599609 -14.0176 0.283203 -7.02539 0.282227 -6.68164 0.163086 -7.02539 0.163086 -6.8457 4.26465 -14.5791 4.25488 -14.5781 4.26465 -14.7686 3.7998 -14.7607 0.283203 -7.24414 0.163086 -7.24414 0.260742 -6.00586 0.260742 -6.22461 0.150391 -6.00586 0.150391 -6.22461 1 -6.22461 0.999023 -6.60645 0.864258 -6.22461 0.864258 -6.60645 -8.66992 -14.1924 -8.66406 -13.5762 10.8867 -11.7715 10.7363 -11.7715 10.8896 -12 10.7275 -12 1 -7.62695 0.998047 -7.24414 0.868164 -7.62695 0.867188 -7.24414 10.1084 -11.7715 10.1113 -12 0.792969 -7.02539 0.792969 -7.24414 0.787109 -6.22461 0.787109 -6.00586 -6.19922 -14.2168 -8.66992 -14.2246 -9.19922 -14.2246 -9.19922 -14.1924 5.7998 -12.3506 5.41992 -9.56055 5.4209 -9.0498 5.59277 -9.0498 5.59961 -9.56055 5.42188 -9 5.59375 -9 -1.0459 -11.7725 -1.19922 -11.7725 -1.0459 -11.5752 -1.19922 -11.5752 -1.61621 -11.5752 -1.61621 -11.7725 -8.56738 -14.2246 -8.55371 -13.542 -8.66406 -13.542 6.19922 -11.5303 5.89063 -11.5303 5.42676 -11.5303 5.39941 -11.5303 10.1084 -12 -1.61621 -10.7607 -2 -10.7607 5.25879 -9.56055 5.25879 -9.0498 -9.19922 -13.5762 -9.19922 -13.542 10.9063 -12.9531 10.7012 -12.9531 5.25879 -9 -1.6748 -10.5635 -2 -10.5635 -0.799805 -10.5635 -1.04004 -10.5635 -1.03809 -10.5879 -1.61523 -11.7715 -2 -11.7715 -1.61621 -11.5762 -2 -11.5762 -1.0459 -11.7715 -1.0459 -11.5762 -0.799805 -11.7715 -0.799805 -11.5762 -9.78711 -14.2246 -14.2832 -13.9834 -14.7246 -13.9834 -14.2832 -14.2266 -14.7031 -14.2266 8.59961 -11.5029 9.2666 -11.5029 8.59961 -11.5303 9.2666 -11.5303 8.19922 -11.5029 8.19922 -11.5303 7.7998 -11.5029 7.7998 -11.5303 7.39941 -11.5029 7.39941 -11.5303 7 -11.5303 6.59961 -11.5303 5 -11.5303 4.59961 -11.5029 4.59961 -11.5303 4.25293 -11.5029 4.25293 -11.5303 -13.7295 -13.8135 -13.7295 -14.2246 1.59961 -10.7432 2 -10.7432 1.59961 -10.7607 2 -10.7607 1.19922 -10.7432 1.19922 -10.7607 0.799805 -10.7432 0.799805 -10.7607 0.399414 -10.7607 0 -10.7607 -0.399414 -10.7607 -0.799805 -10.7607 -1.04492 -10.7432 -1.0459 -10.7607 -2.39941 -10.7607 -2.77246 -10.7607 -2 -13.542 -2.09473 -14.1904 -2.3623 -13.542 -2.37109 -13.5781 -3 -14.2246 -2.09961 -14.2246 -4 -14.2246 -5 -14.2246 -6.19922 -14.2246 -10.5996 -14.2246 -11.7998 -14.2246 -12.7998 -14.2246 -12.7998 -13.542 -13.7295 -13.542 4.26465 -14.7998 3.7998 -14.7998 7.03125 -9.0498 7.03125 -9 8.7168 -9.0498 8.7168 -9 -2.39844 -13.542 -3 -13.542 6.19922 -9.56055 -11.7998 -13.542 4.25488 -14.0176 3.7998 -14.0176 -10.5996 -13.542 -8.19922 -13.542 -7.19922 -13.542 -6.19922 -13.542 -5 -13.542 -4 -13.542 2 -10.5889 1.59961 -10.5889 1.19922 -10.5889 0.799805 -10.5889 10.126 -12.9531 0.199219 -14.7998 0 -14.7998 0.599609 -14.7998 1 -14.7998 1.39941 -14.7998 1.7998 -14.7998 2.19922 -14.7998 2.59961 -14.7998 3 -14.7998 3.39941 -14.7607 3.39941 -14.7998 0.237305 -5.60645 0.150391 -5.82617 0.0332031 -5.60938 0.0332031 -5.8252 0.0361328 -6.62695 0 -6.68164 0.0361328 -6.8457 0 -6.8457 -0.199219 -14.7998 -0.0175781 -14.7998 -2.39941 -10.5635 -2.77246 -10.5635 10.127 -13 10.7031 -13 10.9033 -13 1.59961 -10.5635 2 -10.5635 1.19922 -10.5635 0.799805 -10.5635 0.399414 -10.5635 0 -10.5635 -0.399414 -10.5635 9.2666 -10.9932 8.59961 -10.9932 8.19922 -10.9932 7.7998 -10.9932 7.39941 -10.9932 4.25293 -10.9932 4.59961 -10.9932 5 -10.9932 5.38379 -10.9932 0 -5.66113 0 -5.8252 -2.39941 -11.7715 -2.77246 -11.7715 -2.39941 -11.5762 -2.77246 -11.5762 -1.19922 -11.9805 -1.61621 -11.7715 -1.61523 -11.9805 -1.04492 -11.9805 -1.19336 -11.9805 -0.399414 -11.7715 -0.399414 -11.5762 0 -11.7715 0 -11.5762 0.399414 -11.7715 0.399414 -11.5762 0.799805 -11.7715 0.799805 -11.5762 1.19922 -11.7715 1.19922 -11.5762 1.59961 -11.7715 1.59961 -11.5762 2 -11.7715 2 -11.5762 9.22949 -13 8.59961 -13 9.22949 -12.2334 8.59961 -12.2334 8.19922 -13 8.19922 -12.2334 4.2627 -12.2334 4.59961 -12.2334 4.2627 -13 4.59961 -13 0.257813 -6.62695 0.259766 -5.66113 -15.291 -13.998 -15.291 -14.2305 -15.7354 -13.998 -15.7129 -14.2305 4.26465 -14.0176 4.26465 -14.5576 3.39941 -14.0176 4.25391 -11.9941 0.998047 -7.08008 1 -6.06055 -1.98242 -11.9941 7.52344 -9.56055 0.962891 -7.02539 0.962891 -6.00586 5.9541 -10.9932 4.2627 -12.9941 8.7168 -9.56055 5.42676 -12.2334 -15.7354 -14.2305 -13.7324 -11.9941 -14.7246 -14.2266 -9.0293 -6.25586 -7.40039 -8.34473 -8.5957 -6.06445 -6.92188 -8.21484 -7.70605 -5.82129 -6.4209 -8.15234 -6.77539 -5.70703 -5.91016 -8.16113 -5.82617 -5.72168 -5.58008 -8.15039 -5.50293 -5.78906 -5.2793 -8.0459 -5.21289 -5.94336 -5.02637 -7.86621 -4.97266 -6.16406 -4.83496 -7.62695 -4.79688 -6.43359 -4.71289 -7.34766 -4.69336 -6.73242 -4.66504 -7.04297 -9.41992 -6.42773 -7.84473 -8.54102 -10.1611 -6.90527 -8.24414 -8.79785 -10.5166 -7.22754 -8.58789 -9.10938 -10.7998 -7.4834 -11.3203 -8.14746 -12.0625 -10.4902 -9.21191 -10.2871 -11.959 -9.6709 -9.07813 -9.86328 -11.71 -8.88281 -8.86816 -9.46777 -12.0391 -10.9072 -11.1426 -10.9219 -11.0723 -10.9229 -9.8623 -10.9434 -9.26758 -10.7285 -9.45508 -10.9492 -9.46875 -10.9492 -9.48145 -10.9492 -9.55762 -10.9482 -9.25488 -10.9531</float_array>
                    <technique_common>
                        <accessor count="473" source="#ID155" stride="2">
                            <param name="S" type="float"/>
                            <param name="T" type="float"/>
                        </accessor>
                    </technique_common>
                </source>
                <vertices id="ID156">
                    <input semantic="POSITION" source="#ID150"/>
                </vertices>
                <triangles count="536" material="Material1">
                    <input offset="0" semantic="VERTEX" source="#ID156"/>
                    <input offset="1" semantic="NORMAL" source="#ID152"/>
                    <input offset="2" semantic="TEXCOORD" source="#ID154" set="0"/>
                    <p>61 2 2 259 1 1 32 0 0 259 5 1 61 4 2 252 3 3 438 6 4 252 3 3 61 4 2 252 3 3 438 6 4 248 7 5 436 8 6 248 7 5 438 6 4 248 7 5 436 8 6 442 9 7 440 10 8 442 9 7 436 8 6 442 9 7 440 10 8 448 11 9 446 12 10 448 11 9 440 10 8 448 11 9 446 12 10 453 13 11 451 14 12 453 13 11 446 12 10 453 13 11 451 14 12 458 15 13 457 16 14 458 15 13 451 14 12 458 15 13 457 16 14 463 17 15 461 18 16 463 17 15 457 16 14 463 17 15 461 18 16 469 19 17 468 20 18 469 19 17 461 18 16 469 19 17 468 20 18 476 21 19 474 22 20 476 21 19 468 20 18 476 21 19 474 22 20 480 23 21 479 24 22 480 23 21 474 22 20 480 23 21 479 24 22 496 25 23 484 26 24 496 25 23 479 24 22 407 29 27 214 28 26 223 27 25 214 28 26 407 29 27 404 30 28 405 31 29 404 30 28 407 29 27 404 30 28 405 31 29 401 32 30 402 33 31 401 32 30 405 31 29 401 32 30 402 33 31 394 34 32 400 35 33 394 34 32 402 33 31 394 34 32 400 35 33 391 36 34 392 37 35 391 36 34 400 35 33 391 36 34 392 37 35 386 38 36 390 39 37 386 38 36 392 37 35 386 38 36 390 39 37 388 40 38 389 41 39 388 40 38 390 39 37 80 44 42 75 43 41 73 42 40 75 43 41 80 44 42 77 45 43 34 46 44 77 45 43 80 44 42 77 45 43 34 46 44 36 47 45 40 48 46 36 47 45 34 46 44 36 47 45 40 48 46 38 49 47 44 50 48 38 49 47 40 48 46 38 49 47 44 50 48 42 51 49 48 53 51 44 50 48 295 52 50 44 50 48 48 53 51 42 51 49 45 54 52 42 51 49 48 53 51 42 51 49 45 54 52 313 55 53 310 56 54 313 55 53 45 54 52 313 55 53 310 56 54 55 57 55 306 58 56 55 57 55 310 56 54 55 57 55 306 58 56 301 59 57 370 62 60 364 61 59 374 60 58 364 61 59 370 62 60 366 63 61 368 64 62 366 63 61 370 62 60 366 63 61 368 64 62 360 65 63 358 66 64 360 65 63 368 64 62 360 65 63 358 66 64 362 67 65 356 68 66 362 67 65 358 66 64 171 71 69 268 70 68 250 69 67 268 70 68 171 71 69 197 72 70 170 73 71 197 72 70 171 71 69 197 72 70 170 73 71 196 74 72 172 75 73 196 74 72 170 73 71 196 74 72 172 75 73 194 76 74 157 79 77 210 78 76 158 77 75 210 78 76 157 79 77 209 80 78 156 81 79 209 80 78 157 79 77 209 80 78 156 81 79 208 82 80 155 83 81 208 82 80 156 81 79 208 82 80 155 83 81 207 84 82 237 87 85 220 86 84 222 85 83 220 86 84 237 87 85 235 88 86 284 89 87 235 88 86 237 87 85 235 88 86 284 89 87 356 68 66 282 90 88 356 68 66 284 89 87 356 68 66 282 90 88 362 67 65 346 93 91 344 92 90 350 91 89 344 92 90 346 93 91 340 94 92 342 95 93 340 94 92 346 93 91 340 94 92 342 95 93 332 96 94 338 97 95 332 96 94 342 95 93 332 96 94 338 97 95 334 98 96 352 99 97 220 86 84 235 88 86 220 86 84 352 99 97 354 100 98 350 91 89 354 100 98 352 99 97 354 100 98 350 91 89 348 91 99 344 92 90 348 91 99 350 91 89 398 103 102 277 102 101 275 101 100 277 102 101 398 103 102 190 104 103 180 105 104 190 104 103 398 103 102 190 104 103 180 105 104 267 106 105 217 107 106 267 106 105 180 105 104 414 110 109 419 109 108 417 108 107 419 109 108 414 110 109 424 111 110 423 112 111 424 111 110 414 110 109 424 111 110 423 112 111 427 113 112 426 114 113 427 113 112 423 112 111 434 117 116 433 116 115 430 115 114 433 116 115 434 117 116 426 114 113 218 118 117 426 114 113 434 117 116 426 114 113 218 118 117 427 113 112 243 35 120 326 35 119 228 35 118 326 35 119 243 35 120 324 35 121 119 35 122 324 35 121 243 35 120 324 35 121 119 35 122 130 35 123 319 35 125 228 35 118 317 35 124 228 35 118 319 35 125 243 35 120 127 35 126 243 35 120 319 35 125 243 35 120 127 35 126 119 35 122 355 120 128 407 29 27 219 119 127 407 29 27 355 120 128 405 31 29 349 121 129 405 31 29 355 120 128 405 31 29 349 121 129 402 33 31 145 123 132 112 35 131 146 122 130 112 35 131 145 123 132 107 35 133 144 124 134 107 35 133 145 123 132 146 122 130 315 35 136 148 125 135 315 35 136 146 122 130 116 35 137 112 35 131 116 35 137 146 122 130 253 35 140 174 127 139 258 126 138 174 127 139 253 35 140 1 128 141 3 129 142 1 128 141 253 35 140 374 60 58 382 131 144 377 130 143 382 131 144 374 60 58 372 132 145 364 61 59 372 132 145 374 60 58 53 133 146 55 57 55 301 59 57 55 57 55 53 133 146 57 134 147 51 135 148 57 134 147 53 133 146 261 136 149 61 2 2 32 0 0 61 2 2 261 136 149 179 137 150 181 138 151 179 137 150 261 136 149 334 98 96 398 139 102 256 139 152 398 139 102 334 98 96 336 98 153 338 97 95 336 98 153 334 98 96 328 35 156 227 141 155 288 140 154 227 141 155 328 35 156 149 142 157 11 143 160 464 35 159 470 35 158 464 35 159 11 143 160 10 144 161 10 144 161 459 35 162 464 35 159 459 35 162 10 144 161 9 145 163 9 145 163 454 35 164 459 35 162 454 35 164 9 145 163 7 146 165 7 146 165 449 35 166 454 35 164 449 35 166 7 146 165 6 147 167 6 147 167 443 35 168 449 35 166 443 35 168 6 147 167 4 148 169 4 148 169 249 35 170 443 35 168 249 35 170 4 148 169 3 129 142 134 151 173 242 150 172 329 149 171 242 150 172 134 151 173 202 152 174 173 155 177 16 154 176 195 153 175 16 154 176 173 155 177 15 156 178 131 158 180 329 149 171 323 157 179 329 149 171 131 158 180 134 151 173 125 161 183 318 160 182 320 159 181 318 160 182 125 161 183 128 162 184 231 164 187 47 163 186 49 163 185 47 163 186 231 164 187 305 165 188 410 168 25 413 167 190 411 166 189 413 167 190 410 168 25 408 169 26 304 172 193 311 171 192 46 170 191 311 171 192 304 172 193 296 173 194 300 176 197 302 175 196 308 174 195 302 175 196 300 176 197 287 177 198 296 173 194 307 35 199 311 171 192 307 35 199 296 173 194 299 35 200 325 179 202 329 149 171 327 178 201 329 149 171 325 179 202 323 157 179 316 180 203 320 159 181 318 160 182 320 159 181 316 180 203 314 181 204 400 35 33 396 182 205 392 37 35 396 182 205 400 35 33 402 33 31 239 185 189 363 184 207 281 183 206 363 184 207 239 185 189 421 186 208 297 189 54 230 188 51 233 187 209 230 188 51 297 189 54 303 190 52 191 191 210 265 192 211 189 191 210 265 192 211 191 191 210 254 193 211 263 196 212 216 195 213 186 194 212 216 195 213 263 196 212 266 197 213 254 193 211 264 198 214 265 192 211 264 198 214 254 193 211 257 198 214 260 200 215 186 194 212 187 199 215 186 194 212 260 200 215 263 196 212 233 187 209 298 201 56 297 189 54 298 201 56 233 187 209 286 202 57 271 203 218 122 204 217 124 203 216 122 204 217 271 203 218 199 205 219 133 207 221 199 205 219 201 206 220 199 205 219 133 207 221 122 204 217 410 210 25 221 209 222 223 208 25 221 209 222 410 210 25 236 209 222 283 211 206 239 212 189 281 211 206 239 212 189 283 211 206 411 213 189 276 214 223 214 215 26 215 214 223 214 215 26 276 214 223 408 216 26 413 219 190 273 218 224 238 217 190 273 218 224 413 219 190 280 218 224 408 216 26 223 208 25 214 215 26 223 208 25 408 216 26 410 210 25 411 213 189 238 217 190 239 212 189 238 217 190 411 213 189 413 219 190 146 122 130 293 221 226 43 220 225 293 221 226 146 122 130 148 125 135 227 141 155 290 222 227 288 140 154 290 222 227 227 141 155 52 223 228 228 35 118 285 35 229 232 35 194 285 35 229 228 35 118 326 35 119 197 72 70 241 224 230 268 70 68 241 224 230 197 72 70 138 225 231 236 227 222 411 166 189 283 226 206 411 166 189 236 227 222 410 168 25 189 230 210 193 229 233 279 228 232 193 229 233 189 230 210 265 231 211 263 196 212 191 232 210 266 197 213 191 232 210 263 196 212 254 233 211 408 169 26 280 234 224 413 167 190 280 234 224 408 169 26 276 235 223 273 238 224 420 237 234 238 236 190 420 237 234 273 238 224 428 239 235 162 35 237 270 35 126 166 35 236 270 35 126 162 35 237 198 35 122 180 105 104 181 138 151 217 107 106 181 138 151 180 105 104 179 137 150 466 241 238 265 231 211 264 240 214 265 231 211 466 241 238 193 229 233 257 243 214 263 196 212 260 242 215 263 196 212 257 243 214 254 233 211 387 245 240 250 69 67 246 244 239 250 69 67 387 245 240 171 71 69 244 247 242 155 83 81 395 246 241 155 83 81 244 247 242 205 248 243 240 251 246 140 250 245 330 249 244 140 250 245 240 251 246 139 252 247 115 255 250 225 254 249 322 253 248 225 254 249 115 255 250 118 256 251 238 236 190 421 186 208 239 185 189 421 186 208 238 236 190 420 237 234 420 237 234 417 108 107 421 186 208 417 108 107 420 237 234 414 110 109 363 184 207 417 108 107 361 257 252 417 108 107 363 184 207 421 186 208 89 260 255 493 259 254 86 258 253 493 259 254 89 260 255 494 261 256 64 264 259 495 263 258 151 262 257 495 263 258 64 264 259 384 265 260 68 267 262 151 262 257 152 266 261 151 262 257 68 267 262 64 264 259 72 269 264 152 266 261 153 268 263 152 266 261 72 269 264 68 267 262 79 271 266 153 268 263 154 270 265 153 268 263 79 271 266 72 269 264 33 272 267 154 270 265 144 124 134 154 270 265 33 272 267 79 271 266 39 273 268 144 124 134 145 123 132 144 124 134 39 273 268 33 272 267 43 220 225 145 123 132 146 122 130 145 123 132 43 220 225 39 273 268 317 35 124 232 35 194 229 35 193 232 35 194 317 35 124 228 35 118 50 274 269 227 141 155 149 142 157 227 141 155 50 274 269 52 223 228 58 276 271 149 142 157 150 275 270 149 142 157 58 276 271 50 274 269 483 278 273 150 275 270 26 277 272 150 275 270 483 278 273 58 276 271 85 279 274 218 118 117 434 117 116 218 118 117 85 279 274 491 280 275 82 283 278 429 282 277 213 281 276 429 282 277 82 283 278 84 284 279 93 286 281 213 281 276 212 285 280 213 281 276 93 286 281 82 283 278 97 288 283 212 285 280 211 287 282 212 285 280 97 288 283 93 286 281 211 287 282 103 289 284 97 288 283 103 289 284 211 287 282 210 78 76 209 80 78 103 289 284 210 78 76 103 289 284 209 80 78 109 290 285 208 82 80 109 290 285 209 80 78 109 290 285 208 82 80 113 291 286 207 84 82 113 291 286 208 82 80 113 291 286 207 84 82 117 292 287 203 293 288 117 292 287 207 84 82 117 292 287 203 293 288 224 294 289 196 74 72 138 225 231 197 72 70 138 225 231 196 74 72 136 295 290 194 76 74 136 295 290 196 74 72 136 295 290 194 76 74 18 296 291 192 299 294 274 298 293 278 297 292 274 298 293 192 299 294 175 300 295 255 302 297 389 41 39 335 301 296 389 41 39 255 302 297 274 298 293 389 41 39 333 303 298 335 301 296 333 303 298 389 41 39 390 39 37 390 39 37 341 304 299 333 303 298 341 304 299 390 39 37 392 37 35 345 305 300 392 37 35 396 182 205 392 37 35 345 305 300 341 304 299 396 182 205 349 121 129 345 305 300 349 121 129 396 182 205 402 33 31 219 119 127 223 27 25 221 306 222 223 27 25 219 119 127 407 29 27 361 257 252 419 109 108 367 307 301 419 109 108 361 257 252 417 108 107 419 109 108 365 308 302 367 307 301 365 308 302 419 109 108 424 111 110 424 111 110 373 309 303 365 308 302 373 309 303 424 111 110 427 113 112 373 309 303 218 118 117 491 280 275 218 118 117 373 309 303 427 113 112 418 310 304 433 116 115 426 114 113 433 116 115 418 310 304 416 311 305 381 312 306 15 156 178 173 155 177 15 156 178 381 312 306 24 313 307 177 316 310 475 315 309 183 314 308 475 315 309 177 316 310 472 35 311 465 317 312 388 40 38 175 300 295 388 40 38 465 317 312 462 318 313 183 314 308 216 195 213 182 319 314 216 195 213 183 314 308 186 194 212 422 320 315 426 114 113 423 112 111 426 114 113 422 320 315 418 310 304 16 154 176 481 35 317 23 321 316 481 35 317 16 154 176 15 156 178 428 239 235 414 110 109 420 237 234 414 110 109 428 239 235 425 322 318 404 30 28 215 323 223 214 28 26 215 323 223 404 30 28 431 324 319 441 325 320 404 30 28 401 32 30 404 30 28 441 325 320 431 324 319 447 326 321 401 32 30 394 34 32 401 32 30 447 326 321 441 325 320 452 327 322 394 34 32 391 36 34 394 34 32 452 327 322 447 326 321 455 328 323 391 36 34 386 38 36 391 36 34 455 328 323 452 327 322 462 318 313 386 38 36 388 40 38 386 38 36 462 318 313 455 328 323 432 329 324 213 281 276 429 282 277 213 281 276 432 329 324 161 330 325 161 330 325 212 285 280 213 281 276 212 285 280 161 330 325 160 331 326 160 331 326 211 287 282 212 285 280 211 287 282 160 331 326 159 332 327 159 332 327 210 78 76 211 287 282 210 78 76 159 332 327 158 77 75 205 248 243 207 84 82 155 83 81 207 84 82 205 248 243 203 293 288 200 35 123 162 35 237 168 35 328 162 35 237 200 35 123 198 35 122 482 333 329 174 127 139 1 128 141 174 127 139 482 333 329 471 334 330 490 335 331 1 128 141 3 129 142 1 128 141 490 335 331 482 333 329 0 336 332 3 129 142 4 148 169 3 129 142 0 336 332 490 335 331 2 337 333 4 148 169 6 147 167 4 148 169 2 337 333 0 336 332 5 338 334 6 147 167 7 146 165 6 147 167 5 338 334 2 337 333 8 339 335 7 146 165 9 145 163 7 146 165 8 339 335 5 338 334 12 340 336 9 145 163 10 144 161 9 145 163 12 340 336 8 339 335 14 341 337 10 144 161 11 143 160 10 144 161 14 341 337 12 340 336 17 343 339 11 143 160 13 342 338 11 143 160 17 343 339 14 341 337 24 313 307 13 342 338 15 156 178 13 342 338 24 313 307 17 343 339 206 346 342 272 345 341 204 344 340 272 345 341 206 346 342 167 347 343 169 350 346 247 349 345 251 348 344 247 349 345 169 350 346 185 349 347 425 322 318 423 112 111 414 110 109 423 112 111 425 322 318 422 320 315 186 194 212 475 315 309 187 351 215 475 315 309 186 194 212 183 314 308 174 127 139 30 352 348 258 126 138 30 352 348 174 127 139 176 353 349 389 41 39 175 300 295 388 40 38 175 300 295 389 41 39 274 298 293 380 355 351 170 73 71 376 354 350 170 73 71 380 355 351 172 75 73 376 354 350 171 71 69 387 245 240 171 71 69 376 354 350 170 73 71 168 35 328 163 35 353 184 35 352 163 35 353 168 35 328 162 35 237 163 35 353 166 35 236 164 35 354 166 35 236 163 35 353 162 35 237 432 329 324 412 356 355 161 330 325 412 356 355 432 329 324 415 357 356 161 330 325 409 358 357 160 331 326 409 358 357 161 330 325 412 356 355 160 331 326 406 359 358 159 332 327 406 359 358 160 331 326 409 358 357 406 359 358 158 77 75 159 332 327 158 77 75 406 359 358 403 360 359 393 362 361 157 79 77 399 361 360 157 79 77 393 362 361 156 81 79 399 361 360 158 77 75 403 360 359 158 77 75 399 361 360 157 79 77 395 246 241 156 81 79 393 362 361 156 81 79 395 246 241 155 83 81 88 35 362 151 262 257 495 263 258 151 262 257 88 35 362 91 35 363 91 35 363 152 266 261 151 262 257 152 266 261 91 35 363 95 35 364 95 35 364 153 268 263 152 266 261 153 268 263 95 35 364 99 35 365 99 35 365 154 270 265 153 268 263 154 270 265 99 35 365 101 35 366 101 35 366 144 124 134 154 270 265 144 124 134 101 35 366 107 35 133 26 277 272 143 35 368 29 35 367 143 35 368 26 277 272 150 275 270 150 275 270 141 35 369 143 35 368 141 35 369 150 275 270 149 142 157 331 35 370 149 142 157 328 35 156 149 142 157 331 35 370 141 35 369 165 363 372 206 346 342 245 363 371 206 346 342 165 363 372 167 347 343 137 366 375 28 365 374 142 364 373 28 365 374 137 366 375 21 367 376 139 252 247 142 364 373 140 250 245 142 364 373 139 252 247 137 366 375 135 369 378 121 369 377 123 368 217 121 369 377 135 369 378 132 370 379 123 372 217 129 372 380 126 371 248 129 372 380 123 372 217 120 373 381 111 374 382 118 256 251 115 255 250 118 256 251 111 374 382 114 375 383 106 376 384 114 375 383 111 374 382 114 375 383 106 376 384 110 377 385 102 378 386 110 377 385 106 376 384 110 377 385 102 378 386 104 379 387 100 380 388 104 379 387 102 378 386 104 379 387 100 380 388 98 380 389 94 382 391 100 380 388 96 381 390 100 380 388 94 382 391 98 380 389 83 384 393 96 381 390 92 383 392 96 381 390 83 384 393 94 382 391 87 386 395 92 383 392 90 385 394 92 383 392 87 386 395 83 384 393 385 387 398 67 388 397 379 387 396 67 388 397 385 387 398 65 389 399 65 389 399 71 390 400 67 388 397 71 390 400 65 389 399 69 391 401 69 391 401 75 43 41 71 390 400 75 43 41 69 391 401 73 42 40 489 394 404 59 393 403 486 392 402 59 393 403 489 394 404 63 395 405 51 135 148 63 395 405 57 134 147 63 395 405 51 135 148 59 393 403 251 348 344 202 152 174 169 350 346 202 152 174 251 348 344 269 396 406 272 345 341 320 159 181 226 397 407 320 159 181 272 345 341 125 161 183 498 400 410 27 399 409 20 398 408 27 399 409 498 400 410 25 401 411 19 403 413 23 321 316 497 402 412 23 321 316 19 403 413 16 154 176 15 156 178 477 35 414 481 35 317 477 35 414 15 156 178 13 342 338 13 342 338 470 35 158 477 35 414 470 35 158 13 342 338 11 143 160 85 279 274 434 117 116 430 115 114 269 396 406 242 150 172 202 152 174 272 345 341 226 397 407 204 344 340 176 353 349 174 127 139 471 334 330 480 23 21 496 25 23 22 404 415 302 175 196 287 177 198 291 405 416 49 163 185 294 406 417 231 164 187 16 154 176 19 403 413 195 153 175 277 102 101 190 104 103 188 407 418 177 316 310 183 314 308 262 408 419 291 405 416 287 177 198 289 409 420 289 409 420 287 177 198 327 178 201 231 164 187 294 406 417 147 410 421 231 164 187 147 410 421 314 181 204 231 164 187 314 181 204 316 180 203 327 178 201 287 177 198 325 179 202 262 408 419 183 314 308 182 319 314 116 35 137 321 35 422 315 35 136 175 300 295 192 299 294 465 317 312 479 24 22 488 26 423 484 26 24 253 35 140 249 35 170 3 129 142 177 316 310 262 408 419 31 411 424 53 133 146 301 59 57 292 412 425 25 401 411 498 400 410 485 413 426 372 132 145 492 130 427 382 131 144 493 259 254 494 261 256 383 414 428 256 415 152 398 103 102 275 101 100 369 416 431 467 416 430 359 416 429 467 416 430 369 416 431 473 416 432 371 416 433 473 416 432 369 416 431 473 416 432 371 416 433 478 416 434 375 416 435 478 416 434 371 416 433 478 416 434 375 416 435 487 416 436 378 416 437 487 416 436 375 416 435 487 416 436 378 416 437 62 416 438 66 416 439 62 416 438 378 416 437 62 416 438 66 416 439 56 416 440 70 416 441 56 416 440 66 416 439 56 416 440 70 416 441 54 416 442 74 416 443 54 416 442 70 416 441 54 416 442 74 416 443 312 416 444 76 416 445 312 416 444 74 416 443 312 416 444 76 416 445 41 416 446 35 416 447 41 416 446 76 416 445 41 416 446 35 416 447 37 416 448 460 416 450 357 416 449 359 416 429 357 416 449 460 416 450 234 416 451 456 416 452 234 416 451 460 416 450 234 416 451 456 416 452 353 416 453 450 416 454 353 416 453 456 416 452 353 416 453 450 416 454 351 416 455 347 416 456 351 416 455 450 416 454 339 416 459 435 416 458 337 416 457 435 416 458 339 416 459 439 416 460 343 416 461 439 416 460 339 416 459 439 416 460 343 416 461 445 416 462 347 416 456 445 416 462 343 416 461 445 416 462 347 416 456 450 416 454 337 416 457 78 416 464 397 416 463 78 416 464 337 416 457 81 416 465 435 416 458 81 416 465 337 416 457 81 416 465 435 416 458 108 416 466 437 416 467 108 416 466 435 416 458 444 416 469 437 416 467 309 416 468 437 416 467 444 416 469 178 416 470 105 416 471 437 416 467 178 416 470 437 416 467 105 416 471 108 416 466 309 416 468 437 416 467 60 416 472 460 416 450 359 416 429 467 416 430</p>
                </triangles>
            </mesh>
        </geometry>
        <geometry id="ID158">
            <mesh>
                <source id="ID159">
                    <float_array id="ID160" count="591">-3611 892.75 1644.5 -3638 456.75 1647.75 -3645.5 456.75 1626 -3634.75 1359.75 1640 -3597 1359.75 1656 -2759.5 1360 2329.75 -2738.5 887.5 2344.25 -2783.25 1360 2286.25 -2672.75 886.5 2369.25 -2692.25 1360 2369.25 -2673.25 1359.75 2396.5 -3383.75 976.5 1795.75 -3384 1361 1796.25 -3356 1360 1842.75 -2636.5 889.75 2394.5 -2673.25 889.75 2396.5 -2636.5 1360 2394.5 -3449.25 936.75 1795.75 -3465.5 929.5 1766.5 -3436.25 1359.75 1780.5 -2687.75 456.5 2346 -2703.75 456.5 2351 -2987.5 1105.5 2157.25 -2949 1360 2157.75 -2961.25 1093.5 2173.75 -3223 1127.25 1920.25 -3275.5 1360 1905 -3195 1360 1967.25 -2904.5 1021 2221.5 -2866.25 1360 2222 -2878.25 995.75 2237.75 -3369.25 1010.25 1857.75 -3303.5 1070 1858 -3142.75 1185.5 1982.5 -3114.75 1360 2029.5 -3128.25 1232.25 2044.25 -3031.75 1360 2093.75 -3073.25 1185.5 2061.5 -3569 740.5 1671 -3585.25 892 1667.5 -3562.75 740 1667.25 -3608.25 886 1667.75 -3566.25 1360 1699.25 -3534 456.75 1518 -3534 1360 1518 -3622 1360 1531 -3622 456.75 1531 -3639.25 1360 1584.25 -3639.25 456.75 1584.25 -3502.5 893.5 1721.25 -3516.75 1359.75 1718.25 -3464.75 921.75 1733.25 -3288.5 1083.75 1920 -3305.75 1077.5 1891.25 -3044 1137.75 2109.5 -2990.5 1125.75 2125.75 -2907.5 1059.75 2190 -2824.75 965.75 2254 -3208.25 1137 1982.25 -3226 1133 1953.5 -3306.5 1360 1862 -3386.5 994.25 1828.75 -3598.5 739.5 1663.25 -3599.5 737.5 1672.75 -3070 1162.75 2093.5 -3466.25 1360 1738.5 -3614.75 456.75 1647.5 -3598.75 742 1654.5 -3591 458.5 1650.75 -3581.75 736.75 1672 -3528 887.75 1717.5 -2981.25 1359.25 2113.75 -2898.5 1359.5 2178 -2816.75 1359.75 2241.25 -2696 882.25 2380.75 -2713.75 457.75 2355.25 -2731 477.5 2361.75 -2673.25 456.75 2396.5 -2681 456.75 2361.25 -2809.5 1360 2273 -2813.5 935.75 2279.5 -2748 489.25 2359.75 -2711.25 878.25 2367.5 -2636.5 456.75 2394.5 -3386.5 456.75 1438.75 -3386.5 1359.75 1438.75 -3474.5 1360 1452 -3474.5 456.75 1452 -3326.75 456.75 1372.75 -3326.75 1359.75 1372.75 -3570.75 887 1688.75 -3591 456.25 1681.25 -3541.5 451 1663.75 -3534.75 457.75 1676.5 -3548.25 882 1701.25 -2773.25 898.5 2337.5 -2799.5 917.5 2314.5 -2711.5 1360 2341.75 -2212 1360 1822.75 -2216.25 908.25 1823.25 -2243 1360 1846.5 -2606.5 456.75 2346 -2596.25 908.25 2311.25 -2562.5 456.75 2327.5 -2125.5 456.75 1710.25 -2130 908.25 1702 -2101 908.25 1672 -2088.75 456.75 1680.75 -2192.25 456.5 1757 -2196 908.25 1771.25 -2186.25 908.25 1749.25 -2172.75 456.5 1712.75 -2089 456.5 1637.75 -2101 908.25 1650.5 -2084.25 908.25 1624.5 -2083.5 456.75 1625 -2502.5 456.75 2192.5 -2509 908.5 2187.5 -2468.25 908.25 2153.5 -2471 456.5 2146.75 -2543.5 907.75 2238.5 -2533.5 455.75 2257.5 -2531.75 456.25 2288.75 -2533.75 908.25 2283 -2640.75 457 2383 -2638.5 908.5 2381.75 -2614.75 908.5 2337 -2551 908.5 2304 -2514.5 908.25 2215.75 -2512.75 455.5 2225.5 -2447.75 908.25 2143 -2443.5 456.5 2144.5 -2546 1360 2274.25 -2543.25 1359.75 2234.25 -2504.5 1360 2218 -2475.25 1360 2153.25 -2599.75 1360 2350.25 -2643 1360 2365.75 -2579.75 1359.75 2307.25 -2250 908.25 1839.25 -2187.5 908.25 1794.25 -2199.75 1360 1785.5 -2175.25 456.75 1802.75 -2164.75 908.25 1718.5 -2211.25 456.5 1830.5 -2256.75 456.5 1832 -2190.75 1360.25 1746 -2156.5 1360 1724.5 -2113.25 1360 1663.25 -2085 1360 1624.25 -2126.75 1360 1699.75 -2454.25 907 2113 -2456.75 1360 2137.75 -2468.5 1358.75 2107.5 -2439.75 455.25 2118.5 -2086 1360 1610.5 -2128.25 456.75 1597.5 -2086 456.75 1610.5 -2421.5 1360 1051.25 -2411.25 1360 1013.75 -2411.25 456.75 1013.75 -2421.5 456.75 1051.25 -2138.75 456.75 1464.25 -2138.75 1360 1464.25 -2176.25 1360 1437.25 -2173.25 456.75 1431 -2132.5 1360 1510 -2127.75 456.75 1510.25 -2142.25 1360 1555.25 -2232.75 1360.25 1381.25 -2239.5 456.75 1380.75 -2220.75 1360 1424.5 -2473.75 1360 923.75 -2523.5 456.75 939.25 -2473.75 456.75 923.75 -2456.25 1360 959.5 -2456.25 456.75 959.5 -2419.75 456.75 976 -2419.75 1360 976 -2670 1359.75 1033.75 -2670 456.75 1033.75 -2642.75 456.75 992 -2642.75 1360 992 -2595.25 1359.75 980.25 -2595.25 456.75 980.25 -2547 456.75 985.75 -2547 1359.75 985.75 -2811.5 1360 1060.25 -2811.5 456.75 1060.25 -2763.75 456.75 1057 -2715.75 1360 1054 -2123 1360.25 1592 -2214.25 456.75 1340.5 -2214.25 1360 1340.5 -2220.75 456.75 1424.5 -2142.25 456.75 1555.25 -2715.75 456.75 1054</float_array>
                    <technique_common>
                        <accessor count="197" source="#ID160" stride="3">
                            <param name="X" type="float"/>
                            <param name="Y" type="float"/>
                            <param name="Z" type="float"/>
                        </accessor>
                    </technique_common>
                </source>
                <source id="ID161">
                    <float_array id="ID162" count="594">-0.94231 0.0116075 0.334539 -0.730804 0.0165807 0.682387 -0.94462 0.0399138 0.325731 -0.712621 -0.0365552 0.700597 0.388397 -0.0171844 0.921332 0.708028 -0.0385897 0.705129 -0.232537 0.000169787 0.972588 -0.822558 -0.0351204 0.567596 -0.903502 -0.0300544 0.427528 -0.998583 -0.0500938 -0.0179726 -0.997931 -0.0300366 -0.056855 -0.992266 -0.0478766 -0.114528 0.336707 0.0386096 0.940817 0.142036 0.0174389 0.989708 -0.114669 -0.0276059 0.99302 0.0586563 0.00907601 0.998237 0.063463 0.0205266 0.997773 -0.614945 -0.00673113 0.788541 -0.0804933 0.00740254 0.996728 -0.539827 -0.01563 0.841631 -0.575989 -0.00725569 0.817425 -0.387103 -0.00274045 0.922032 -0.55892 0.00734646 0.829189 -0.401208 0.00810726 0.915951 -0.741336 0 -0.671134 -0.57341 0 -0.819269 -0.365196 0 -0.930931 -0.365806 0 -0.930691 -0.57458 0 -0.818448 -0.573865 0 -0.81895 -0.364033 0 -0.931386 -0.477762 0 -0.878489 -0.787093 0 -0.616835 -0.96679 0 -0.255571 -0.99191 0.0035858 -0.126894 -0.810815 0.000578122 0.585302 -0.378779 0.052432 0.924001 -0.626316 0.064693 0.77688 -0.547487 0.0431174 0.835702 -0.814861 0.0300342 0.578878 -0.856748 0.0322119 0.514729 -0.787511 0.0168639 0.61607 -0.6507 0.0495914 0.757714 -0.405811 0.0921849 0.909296 -0.604206 0.0271663 0.796365 -0.625463 0.00769885 0.780216 -0.548942 0.0196884 0.835628 -0.566318 0.0436977 0.823028 -0.553606 0.0112836 0.832702 -0.12243 -0.00820601 0.992443 -0.181971 -0.0202983 0.983094 0.0461728 -0.0285644 0.998525 0.332445 -0.0703968 0.940492 0.378505 -0.0680208 0.923097 -0.617767 -0.0115336 0.786276 -0.715525 0.012627 0.698473 -0.709493 0.0328138 0.703948 -0.972076 0.0586921 0.22721 -0.520153 0.0467307 0.852794 -0.514475 0.0706138 0.854593 -0.765584 0.0305234 0.642611 -0.698024 0.0476004 0.714491 -0.723014 0.0225975 0.690464 -0.969898 0.119605 0.212115 -0.513527 0.0879264 0.853557 -0.650761 0.0302553 0.75868 -0.66493 0.0383801 0.745919 -0.717571 0.154249 0.67919 -0.65754 0.118446 0.744051 -0.573083 0.0897554 0.814567 -0.610007 0.0647517 0.789746 -0.66873 0.0979685 0.737022 -0.632829 0.0874955 0.769333 -0.810085 0.12142 0.573602 -0.380931 0.0728483 0.921729 -0.568704 -0.0264509 0.822117 -0.413449 -0.0347734 0.909863 -0.979173 0.0100256 0.202779 -0.551767 0.003915 0.833989 -0.605192 0 0.79608 0.0543414 0 0.998522 -0.676507 0.0380928 0.73545 -0.613732 -0.00142572 0.789513 -0.743298 0.0399751 0.667765 -0.523483 0.0562938 0.850175 -0.67301 0.0371557 0.7387 -0.611861 -0.0172369 0.790777 0.517495 0.0772288 0.852194 0.517532 0.0792622 0.851985 -0.858383 -0.0941681 0.504292 -0.660164 0.0756787 0.747299 -0.612214 0.0499725 0.789111 -0.224098 -0.00057844 0.974566 -0.979128 0.0744101 0.189136 -0.972004 0.093592 0.21552 -0.777259 0.149949 0.611051 -0.367818 0.08589 0.925923 -0.795335 0.0888548 0.599622 -0.794318 0.0677122 0.603717 0.0543414 0 0.998522 -0.956638 -0.0177515 0.290737 -0.931284 0.0311172 0.362962 0.337143 0.0366976 0.940738 0.772374 -0.0209887 0.634821 0.742738 0.00453538 0.669566 0.849606 -0.00883005 0.527344 0.727757 0.0289901 0.685223 0.584894 0.0118148 0.811023 0.552967 0.0352823 0.832456 0.542897 0.0288843 0.839302 0.973391 0.0155162 0.228624 0.866675 0.0354471 0.497613 0.949835 0.013789 0.312448 0.816439 -0.00299772 0.577425 0.662086 0.0120021 0.749332 0.536104 -0.0139242 0.844037 0.540337 -0.00757184 0.841415 0.816928 0.000923614 0.576739 0.897852 -0.00178402 0.440293 0.960622 0.0105158 0.277659 0.993702 0.00466908 0.111953 0.972208 0.0280646 0.23243 0.994513 0.0115713 -0.103968 0.960839 0.0312528 0.275339 0.781507 -0.0185301 0.623621 0.682704 0.000705515 0.730695 0.880565 -0.00319111 0.473914 0.551648 -0.00340498 0.83407 0.527741 -0.00243697 0.849402 0.885011 0.0157992 0.465302 0.685125 0.00886406 0.728372 0.999166 0.0195833 -0.0358338 0.899286 0.0177761 0.436999 0.881089 0.0222523 0.472427 0.853091 -0.00347347 0.521751 0.860598 0.0120227 0.509142 0.638708 0.00468644 0.769435 0.904997 0.0157793 0.425126 0.954186 0.0315258 0.297547 0.847104 0.0290727 0.530632 0.990914 0.0226768 0.132574 0.476589 0.0236051 0.878809 0.588009 0.00197167 0.808852 0.815373 -0.00703019 0.578894 0.750316 -0.0127724 0.660956 0.381769 0.00951839 0.924209 0.968393 0.0221801 0.24844 0.957223 0.0213506 -0.288562 0.99511 0.0204086 0.0966452 0.934081 0.0131185 0.35682 0.825557 0.00355097 0.564307 0.840651 0.00184577 0.541574 0.953114 0.00806554 0.302503 0.521133 -0.0130619 0.853376 0.428279 -0.0210162 0.903402 0.235579 -0.00229607 0.971852 0.97668 0.0284878 -0.212801 0.882352 0.00762501 0.470528 0.733845 -0.00177632 0.679315 -0.379202 0.00649865 -0.925291 -0.64607 0.00791215 -0.763237 -0.0209596 0.0104184 -0.999726 0.632803 0 -0.774313 0.776744 0 -0.629817 0.60571 0 -0.795686 0.661117 0 -0.750282 0.868208 0 -0.496201 0.999743 0 0.0226701 0.964615 0 0.263662 -0.647741 0 -0.761861 -0.680162 0 -0.733062 -0.468017 0 -0.883719 -0.124076 0 -0.992273 -0.00460399 0 -0.999989 -0.474749 0 -0.880121 0.997602 -0.000734741 -0.0692108 0.999256 0.00526545 0.0382169 0.999261 0.00266246 0.038351 0.862783 0.00338787 -0.505563 0.868174 0 -0.496259 0.436316 0.00390595 -0.899785 0.99695 -0.00749115 0.0776778 0.996974 -0.00385661 0.0776465 0.659647 0.000148296 -0.751576 0.605943 0 -0.795508 0.294086 -0 -0.955779 0.37189 -0.00403529 -0.928268 0.699949 -0.00435095 -0.71418 0.700381 -0.00841445 -0.71372 -0.0651355 0 -0.997876 -0.0665207 0.000147467 -0.997785 -0.203999 5.98721e-005 -0.978971 -0.0651423 0.000147468 -0.997876 -0.237276 0 -0.971442 0.84711 0 0.531417 0.880798 -0.00352354 0.473479 0.436332 0.00767501 -0.899753 0.999991 0 -0.00412844</float_array>
                    <technique_common>
                        <accessor count="198" source="#ID162" stride="3">
                            <param name="X" type="float"/>
                            <param name="Y" type="float"/>
                            <param name="Z" type="float"/>
                        </accessor>
                    </technique_common>
                </source>
                <source id="ID163">
                    <float_array id="ID164" count="394">2.72559 -1.23047 2.56543 2.22754 2.63281 -1.23047 2.64355 0.439453 2.56543 -1.23047 2.5752 -0.138672 2.44629 -1.23047 2.54492 -0.147461 2.33203 -1.23047 2.51465 -0.154297 2.22266 -1.23145 2.46777 -0.157227 2.43652 -0.143555 2.55762 0.414063 2.49316 0.436523 2.33203 2.22754 2.37988 0.417969 2.12793 2.22754 2.27441 0.398438 2.16309 0.419922 5.83105 -1.23047 5.83105 2.22754 5.06055 -1.23047 5.06055 2.22754 4.53613 -1.23047 4.53613 2.22754 3.82031 -1.23047 3.82031 2.22754 3.48242 -1.23047 3.48242 2.22754 3.12598 -1.23047 3.12598 2.22754 2.72559 2.22754 -1.42969 0.833984 -1.41016 2.22754 -1.63574 0.71875 -1.61426 2.22656 -1.70215 0.603516 -1.74316 2.22754 -1.86133 2.22754 -2.0459 0.530273 -2.18359 0.493164 -2.07617 2.22754 -2.32031 0.456055 -2.3291 2.22754 -2.54492 2.22754 -2.16211 -1.23047 -2.25781 -1.23047 -2.4541 0.435547 -2.3877 -1.22949 -2.43359 -1.23047 1.91797 2.22852 1.93262 0.550781 1.69043 2.22754 1.82129 0.581055 1.67578 0.608398 0.801758 1.1709 0.816406 2.22754 0.617188 1.33691 0.378906 2.22754 0.511719 1.3584 0.365234 1.37402 0.179688 1.55957 -0.0576172 2.22754 -0.0703125 1.73828 -0.283203 1.55957 -0.508789 2.22754 -0.71875 2.22559 -0.734375 1.33105 -0.958984 2.22754 -0.849609 1.25391 -0.978516 1.20703 -2.5957 0.416016 -2.49316 -1.23047 -2.56738 -1.23047 -2.75977 0.427734 -2.75977 -1.23047 -2.85645 -1.23047 1.49219 0.759766 1.49121 2.23145 1.25391 2.22754 1.24023 0.889648 1.05469 1.11719 1.04883 2.22754 2.43164 -0.145508 2.18262 -1.23047 -1.18457 1.07813 -1.16895 2.22559 2.07813 0.442383 1.38672 0.828125 0.948242 1.14648 -0.401367 1.47266 -0.52832 1.37695 -1.30176 0.930664 -1.87402 0.567383 -2.85645 0.427734 -2.85645 2.22754 -2.75977 2.22754 -2.58496 -2.48242 -2.0166 -2.48242 -2.30078 -4.10352 -2.0166 -4.10352 -2.0166 -5.72461 -1.87402 -4.10352 -1.73242 -5.72461 -1.58984 -4.10352 -1.44727 -4.10352 -1.44727 -2.48242 -1.2168 -2.48242 2.89844 -2.48242 2.89844 -4.10352 2.66992 -2.48242 2.66992 -4.10352 2.44141 -2.48242 2.44043 -4.10352 2.21191 -2.48242 2.32617 -4.10352 2.21191 -4.10352 2.44043 -5.72461 2.21191 -5.72461 -1.02051 -2.48242 -0.594727 -2.48242 -0.878906 -4.10352 -0.594727 -4.10352 -0.594727 -5.72461 -0.452148 -4.10352 -0.452148 -5.72461 -0.30957 -5.72461 -0.878906 -5.72461 -1.16309 -5.72461 -1.02051 -4.10352 -1.2168 -4.10352 -1.73242 -2.48242 3.12793 -2.48242 3.12793 -4.10352 3.12793 -5.72461 3.35645 -5.72461 1.9834 -5.72461 1.9834 -4.10352 1.9834 -2.48242 2.66992 -5.72461 2.89844 -5.72461 -0.452148 -2.48242 -0.30957 -2.48242 -1.29395 -5.72461 3.24219 -4.10352 3.58496 -2.48242 3.58496 -4.10352 -1.44727 -5.72461 1.75391 -2.48242 1.75391 -4.10352 1.75391 -5.72461 -0.30957 -4.10352 3.58496 -5.72461 -2.30078 -5.72461 -6.82129 3.19922 -6.61426 0 -6.40723 3.19922 -6.40723 0 -6.20801 3.19922 -6.20801 0.000976563 -6.00879 3.19922 -6.00879 0.000976563 -5.80957 3.19922 -5.80957 0.000976563 -5.61035 0.000976563 -7.44336 3.19922 -7.44336 0 -7.23633 3.19922 -7.23633 0 -7.0293 3.19922 -7.0293 0 -6.82129 0 -2.26953 3.19922 -2.50488 3.19922 -2.50488 0.000976563 -2.73926 3.19922 -2.73926 0.000976563 -2.97461 0.000976563 -3.44434 3.19922 -3.44434 0.000976563 -3.20996 3.19922 -3.20996 0.000976563 -1.7998 0.000976563 -1.7998 3.19922 -2.03418 0.000976563 -2.03418 3.19922 -8.06445 3.19922 -8.06445 0 -7.65039 3.19922 -7.85742 0 -7.65039 0 -3.67969 0.000976563 -3.67969 3.19922 -2.97461 3.19922 -2.26953 0.000976563 -5.61035 3.19922</float_array>
                    <technique_common>
                        <accessor count="197" source="#ID164" stride="2">
                            <param name="S" type="float"/>
                            <param name="T" type="float"/>
                        </accessor>
                    </technique_common>
                </source>
                <vertices id="ID165">
                    <input semantic="POSITION" source="#ID159"/>
                </vertices>
                <triangles count="214" material="Material1">
                    <input offset="0" semantic="VERTEX" source="#ID165"/>
                    <input offset="1" semantic="NORMAL" source="#ID161"/>
                    <input offset="2" semantic="TEXCOORD" source="#ID163" set="0"/>
                    <p>1 2 2 4 1 1 2 0 0 4 5 1 1 4 2 0 3 3 66 6 4 0 3 3 1 4 2 0 3 3 66 6 4 67 7 5 68 8 6 67 7 5 66 6 4 67 7 5 68 8 6 62 9 7 91 10 8 62 9 7 68 8 6 62 9 7 91 10 8 63 11 9 92 14 10 63 13 9 91 12 8 63 13 9 92 14 10 69 15 11 38 16 12 69 15 11 92 14 10 69 15 11 38 16 12 41 17 13 39 18 14 41 17 13 38 16 12 41 17 13 39 18 14 42 19 15 90 20 16 42 19 15 39 18 14 42 19 15 90 20 16 50 21 17 94 22 18 50 21 17 90 20 16 50 21 17 94 22 18 70 23 19 84 25 22 89 24 21 88 24 20 89 24 21 84 25 22 85 26 23 87 27 24 85 26 23 84 25 22 85 26 23 87 27 24 86 28 25 43 29 26 86 28 25 87 27 24 86 28 25 43 29 26 44 30 27 46 31 28 44 30 27 43 29 26 44 30 27 46 31 28 45 32 29 48 33 30 45 32 29 46 31 28 45 32 29 48 33 30 47 34 31 2 0 0 47 34 31 48 33 30 47 34 31 2 0 0 3 35 32 4 1 1 3 35 32 2 0 0 57 38 35 29 37 34 30 36 33 29 37 34 57 38 35 73 39 36 80 40 37 73 39 36 57 38 35 73 39 36 80 40 37 79 41 38 7 42 39 79 41 38 80 40 37 6 44 41 7 42 39 95 43 40 7 42 39 6 44 41 5 45 42 82 46 43 5 45 42 6 44 41 5 45 42 82 46 43 97 47 44 9 48 45 97 47 44 82 46 43 76 50 47 82 46 43 81 49 46 82 46 43 76 50 47 74 51 48 75 52 49 74 51 48 76 50 47 74 51 48 75 52 49 21 53 50 41 17 13 63 13 9 69 15 11 63 11 9 41 17 13 62 9 7 0 3 3 62 9 7 41 17 13 62 9 7 0 3 3 67 7 5 51 55 52 65 54 51 50 21 17 65 54 51 51 55 52 19 56 53 18 57 54 19 56 53 51 55 52 19 56 53 18 57 54 17 58 55 25 61 58 26 60 57 52 59 56 26 60 57 25 61 58 27 62 59 59 63 60 27 62 59 25 61 58 27 62 59 59 63 60 58 64 61 33 65 62 27 62 59 58 64 61 27 62 59 33 65 62 34 66 63 35 67 64 34 66 63 33 65 62 34 66 63 35 67 64 37 68 65 55 71 68 71 70 67 36 69 66 71 70 67 55 71 68 23 72 69 22 73 70 23 72 69 55 71 68 23 72 69 22 73 70 24 74 71 74 51 48 9 48 45 82 46 43 9 48 45 74 51 48 8 75 72 21 53 50 8 75 72 74 51 48 8 75 72 21 53 50 20 76 73 78 77 74 8 75 72 20 76 73 8 75 72 78 77 74 15 78 75 77 79 76 15 78 75 78 77 74 15 78 75 77 79 76 83 80 77 11 81 78 19 56 53 17 58 55 19 56 53 11 81 78 12 82 79 13 83 80 12 82 79 11 81 78 32 85 82 13 83 80 31 84 81 13 83 80 32 85 82 60 86 83 26 60 57 60 86 83 32 85 82 38 16 12 40 87 84 39 18 14 40 87 84 38 16 12 93 88 85 92 14 10 93 89 85 38 16 12 56 90 86 23 72 69 24 74 71 23 72 69 56 90 86 72 91 87 29 37 34 72 91 87 56 90 86 49 92 88 50 21 17 70 23 19 50 21 17 49 92 88 51 55 52 61 93 89 13 83 80 11 81 78 13 83 80 61 93 89 31 84 81 53 94 90 26 60 57 32 85 82 26 60 57 53 94 90 52 59 56 37 68 65 36 69 66 34 66 63 36 69 66 37 68 65 64 95 91 54 96 92 36 69 66 64 95 91 36 69 66 54 96 92 55 71 68 28 97 93 29 37 34 56 90 86 29 37 34 28 97 93 30 36 33 96 98 94 7 42 39 80 40 37 7 42 39 96 98 94 95 43 40 14 99 95 15 78 75 83 80 77 15 78 75 14 99 95 16 99 96 8 75 72 10 100 97 9 48 45 10 100 97 8 75 72 15 78 75 4 101 1 41 17 13 42 19 15 41 17 13 4 101 1 0 3 3 16 99 96 10 80 97 15 78 75 125 104 100 136 103 99 137 102 98 136 103 99 125 104 100 126 105 101 101 106 102 126 105 101 125 104 100 126 105 101 101 106 102 102 107 103 103 108 104 102 107 103 101 106 102 102 107 103 103 108 104 127 109 105 123 110 106 127 109 105 103 108 104 127 109 105 123 110 106 132 111 107 133 112 108 132 111 107 123 110 106 147 115 111 105 114 110 150 113 109 105 114 110 147 115 111 143 116 112 146 117 113 143 116 112 147 115 111 143 116 112 146 117 113 110 118 114 141 119 115 110 118 114 146 117 113 110 118 114 141 119 115 109 120 116 140 121 117 109 120 116 141 119 115 109 120 116 140 121 117 108 122 118 142 123 119 108 122 118 140 121 117 117 126 122 135 125 121 134 124 120 135 125 121 117 126 122 118 127 123 119 128 124 118 127 123 117 126 122 118 127 123 119 128 124 130 129 125 131 130 126 130 129 125 119 128 124 130 129 125 131 130 126 154 131 127 117 126 122 116 132 128 119 128 124 116 132 128 117 126 122 129 133 129 128 134 130 129 133 129 117 126 122 129 133 129 128 134 130 120 135 131 134 124 120 120 135 131 128 134 130 120 135 131 134 124 120 133 112 108 102 107 103 136 103 99 126 105 101 136 103 99 102 107 103 138 136 132 127 109 105 138 136 132 102 107 103 138 136 132 127 109 105 132 111 107 105 114 110 148 137 133 150 113 109 148 137 133 105 114 110 106 138 134 107 139 135 106 138 134 105 114 110 106 138 134 107 139 135 112 140 136 140 121 117 144 141 137 142 123 119 144 141 137 140 121 117 99 142 138 141 119 115 99 142 138 140 121 117 99 142 138 141 119 115 98 143 139 111 144 140 109 120 116 108 122 118 109 120 116 111 144 140 110 118 114 143 116 112 110 118 114 111 144 140 104 145 141 143 116 112 111 144 140 143 116 112 104 145 141 105 114 110 107 139 135 105 114 110 104 145 141 130 129 125 135 125 121 118 127 123 135 125 121 130 129 125 152 146 142 153 147 143 152 146 142 130 129 125 120 135 131 121 148 144 129 133 129 121 148 144 120 135 131 123 110 106 133 112 108 123 110 106 120 135 131 113 149 145 148 137 133 106 138 134 148 137 133 113 149 145 149 150 146 114 151 147 149 150 146 113 149 145 122 152 148 123 110 106 103 108 104 123 110 106 122 152 148 121 148 144 100 153 149 99 142 138 98 143 139 99 142 138 100 153 149 139 154 150 145 155 151 99 142 138 139 154 150 99 142 138 145 155 151 144 141 137 151 156 152 130 129 125 154 131 127 130 129 125 151 156 152 153 147 143 112 140 136 113 149 145 106 138 134 113 149 145 112 140 136 115 157 153 101 106 102 125 104 100 124 158 154 128 134 130 117 126 122 134 124 120 115 157 153 114 151 147 113 149 145 172 161 157 173 160 156 186 159 155 173 160 156 172 161 157 174 162 158 175 163 159 174 162 158 172 161 157 174 162 158 175 163 159 176 164 160 178 165 161 176 164 160 175 163 159 176 164 160 178 165 161 177 166 162 159 167 163 177 166 162 178 165 161 177 166 162 159 167 163 160 167 164 161 168 165 160 167 164 159 167 163 182 170 168 180 169 167 179 169 166 180 169 167 182 170 168 181 171 169 183 172 170 181 171 169 182 170 168 181 171 169 183 172 170 184 173 171 186 159 155 184 173 171 183 172 170 184 173 171 186 159 155 185 174 172 173 160 156 185 174 172 186 159 155 167 177 175 166 176 174 168 175 173 166 176 174 167 177 175 163 178 176 162 179 177 163 178 176 167 177 175 163 178 176 162 179 177 165 180 178 171 183 181 170 182 180 169 181 179 170 182 180 171 183 181 194 184 182 165 180 178 194 184 182 171 183 181 156 187 185 155 186 184 157 185 183 155 186 184 156 187 185 191 188 186 168 175 173 191 188 186 156 187 185 190 191 189 188 190 188 187 189 187 188 190 188 190 191 189 189 192 190 196 193 191 189 192 190 190 191 189 193 195 193 170 182 180 192 194 192 170 182 180 193 195 193 169 181 179 164 196 194 165 180 178 171 183 181 165 180 178 164 196 194 163 178 176 195 197 195 168 175 173 156 187 185 168 175 173 195 197 195 167 177 175 190 191 189 180 169 167 196 193 191 180 169 167 190 191 189 179 169 166 161 168 165 159 167 163 158 168 196</p>
                </triangles>
            </mesh>
        </geometry>
        <geometry id="ID167">
            <mesh>
                <source id="ID168">
                    <float_array id="ID169" count="591">-2395 1369.25 1047.5 -2395 1369.25 1047.5 -2384.75 1360 1035.25 -2408.75 1198.5 990 -2367 1189.5 1026.5 -3733 1197.5 1559.25 -3655 1196.75 1537 -3721.25 1361 1579.5 -3231 1198 2002.25 -3187.5 1360 2020.5 -3199.75 1197.5 2036.25 -3534.25 1197.25 1747.75 -3467.25 1360 1805.5 -3479.5 1188.25 1821.25 -2974.75 1197.25 2177.75 -2907.75 1360 2235.25 -2920 1188.25 2251.25 -2835 1197.25 2285.25 -2768 1360 2342.75 -2780.25 1188.25 2358.75 -3114.5 1197.25 2070.25 -3047.75 1360 2127.75 -3060 1188.25 2143.75 -3394.25 1197.25 1855.25 -3327.5 1360 1913 -3339.75 1188.25 1928.75 -3673.75 1197.25 1640.5 -3607.25 1360 1698 -3619.5 1188.25 1713.75 -2258.75 1360 1931.25 -2299.75 1197.25 1980.25 -2332.5 1360 2035 -2406.5 1360 2139 -2447.5 1197.25 2188 -2480.25 1360 2242.75 -2111 1360 1723.75 -2152 1197.25 1772.75 -2184.75 1360 1827.5 -2297.75 1360 1181.5 -2258.75 1198 1257 -2211 1360 1327.5 -3019.5 1198.25 1180.5 -3103.25 1361.25 1221 -3104.75 1197.75 1218.25 -2433 1369.5 954.75 -2433 1369.5 954.75 -2423.75 1360 940.75 -2224.5 1368.5 1334 -2224.5 1368.5 1334 -2054.25 1367.75 1620.5 -2054.25 1367.75 1620.5 -2139.25 1368.25 1477.25 -2139.25 1368.25 1477.25 -2124 1360 1473.75 -2126.5 1367.75 1722.25 -2126.5 1367.75 1722.25 -2199 1367.75 1824 -2199 1367.75 1824 -2271.25 1367.75 1925.5 -2271.25 1367.75 1925.5 -2343.75 1367.75 2027.25 -2343.75 1367.75 2027.25 -2416.25 1367.75 2129 -2416.25 1367.75 2129 -2488.5 1367.75 2230.75 -2488.5 1367.75 2230.75 -2633.5 1367.75 2434.25 -2633.5 1367.75 2434.25 -2561 1367.75 2332.5 -2561 1367.75 2332.5 -2554.25 1360 2346.5 -2770.5 1367.75 2329 -2770.5 1367.75 2329 -2907.5 1367.75 2223.5 -2907.5 1367.75 2223.5 -3044.5 1367.75 2118.25 -3044.5 1367.75 2118.25 -3181.75 1367.75 2013 -3181.75 1367.75 2013 -3318.75 1367.75 1907.5 -3318.75 1367.75 1907.5 -3455.75 1367.75 1802.25 -3455.75 1367.75 1802.25 -3593 1367.75 1697 -3593 1367.75 1697 -3730 1367.75 1591.5 -3730 1367.75 1591.5 -3726 1360 1606.5 -3584.75 1361.25 1500.25 -3572.5 1368 1500.5 -3572.5 1368 1500.5 -2471 1369.75 862 -2471 1369.75 862 -2471 1369.75 862 -2628.5 1369.5 953.25 -2628.5 1369.5 953.25 -2621.5 1361.25 942 -2485 1361.25 862.75 -2521.25 1197.25 2291.75 -2373.5 1197.25 2084 -2225.75 1197.25 1876.5 -2048 1360 1635.5 -2075.5 1197 1682.5 -2171.75 1197.75 1403.25 -2345.5 1198.25 1111 -2456.75 1360 860.25 -2452.25 1202 886.5 -2943.25 1369 1135.75 -2943.25 1369 1135.75 -2942.5 1361.25 1128 -2782 1361.25 1035 -2785.75 1369.25 1044.5 -2785.75 1369.25 1044.5 -2698.25 1198.5 994.25 -2783.75 1198.25 1032.25 -3263.75 1361.25 1314.25 -3258 1368.5 1318 -3258 1368.5 1318 -3415.25 1368.25 1409.25 -3415.25 1368.25 1409.25 -3424.25 1361.25 1407.25 -3340.75 1197.75 1366.5 -3426 1197.25 1404.25 -2554.5 1198.25 899.5 -2623 1198.75 939 -2859 1198.25 1087.25 -2944.25 1198 1125.25 -3100.5 1368.75 1226.75 -3100.5 1368.75 1226.75 -3180 1198 1273.5 -3265.25 1188.25 1311.25 -3501.25 1197.5 1459.5 -3586.5 1197.5 1497.5 -2625.25 1176.25 2470 -2628 1360 2450.25 -2037 1360 1619.75 -2017 1175.5 1620.75 -2031.75 1197.5 1647 -2462.5 1360 846 -2462.5 1360 846 -2456 1178.5 827.25 -2456 1178.5 827.25 -2438.25 1199.25 852.75 -2496.5 1199.25 842.75 -3766.75 1180.5 1587.75 -3747 1360 1590.5 -3749.25 1197.75 1614 -3705.75 1196 1610.75 -3254.5 1197.25 1962.75 -3159 1198 2057.75 -2705.75 1197.25 2384.25 -2095.25 1193.25 1736 -2537.5 1193.25 2357.25 -2581.5 1197 2393.5 -2464 1192.75 2254.25 -2390.25 1192.75 2150.5 -2316.25 1192.75 2046.75 -2242.5 1192.75 1943 -2168.5 1192.75 1839 -2064.25 1195.25 1651.5 -2107.25 1189.25 1463 -2082.75 1197.25 1533.25 -2193.75 1189 1317.25 -2280.75 1189.25 1171.25 -2404.75 1190.5 934.25 -2814 1368 2124.5 -2720.25 1368 2025.5 -2626.5 1368 1926.25 -2533 1368 1827.25 -2345.75 1368.25 1629 -2252 1368.25 1530 -2439.25 1368.25 1728.25 -3066.75 1368 1916.5 -3319.75 1368 1708.5 -3183.5 1368.25 1614.75 -2952 1368 1820 -3047.5 1368.5 1520.75 -2837 1368.25 1723.5 -2911.25 1368.5 1427 -2775.25 1368.75 1333.25 -2607.25 1368.5 1530.75 -2722.25 1368.25 1627 -2639 1369 1239.25 -2492.25 1368.5 1434.25 -2617 1360 2434.75 -2604.75 1195.5 2415 -2600.75 1197.5 2446.25 -2050 1360 1598 -2070.25 1195.25 1572 -2033 1197.5 1587.75 -2660.75 1197.75 2450.5 -2667.75 1195.25 2406.75 -2649 1360 2434.25 -2309.75 1369 1190.75 -2309.75 1369 1190.75 -2377.5 1368.75 1337.75 -2503 1369.25 1145.5</float_array>
                    <technique_common>
                        <accessor count="197" source="#ID169" stride="3">
                            <param name="X" type="float"/>
                            <param name="Y" type="float"/>
                            <param name="Z" type="float"/>
                        </accessor>
                    </technique_common>
                </source>
                <source id="ID170">
                    <float_array id="ID171" count="588">-0.505911 0.213648 -0.835708 -0.399345 0.606194 -0.687788 -0.482398 0.272817 -0.832384 -0.392176 0.624554 -0.675374 -0.481554 0.279994 -0.830487 -0.386633 0.637155 -0.666744 -0.480509 0.286445 -0.828891 -0.383272 0.646153 -0.659992 -0.480153 0.288843 -0.828265 -0.380535 0.65257 -0.655245 -0.478962 0.296634 -0.826198 -0.371645 0.672965 -0.63953 -0.454742 0.364807 -0.812481 -0.365296 0.686241 -0.628993 -0.435794 0.873785 -0.215833 -0.00101543 0.999999 0.00129119 -0.000986094 0.999999 0.00120996 -0.000672885 0.999999 0.00102414 -0.000682905 0.999999 0.00117493 -0.000293326 1 0.000933228 -0.000369109 0.999999 0.00122176 8.83867e-005 1 0.000964362 -2.66042e-005 0.999999 0.00125717 -1.21166e-005 0.999999 0.0012419 -0.00060893 0.999998 0.00178333 -0.000108229 0.999999 0.00160284 -0.000199276 0.999998 0.00185957 0.000330324 0.999999 0.00166841 0.000306498 0.999998 0.00187413 0 1 0 -0.000382107 1 0.000896275 0.000200875 1 0.000556948 -0.000272792 1 0.000814335 0.000624027 1 0.000489944 0.000229358 1 0.000576771 0.000663103 1 0.000520071 0.000637393 1 0.000597345 0.000706496 1 0.000554508 0.000124958 0.999999 0.00133694 0.000793379 0.999999 0.00140709 0.000636078 0.999999 0.00140398 -2.07461e-005 0.999996 0.00270391 -2.07461e-005 0.999996 0.00270391 -0.000107572 0.999998 0.00193511 0.000561127 0.999998 0.00171849 0.000835429 0.999998 0.001896 0.00109984 0.999998 0.00137589 0.00162814 0.999998 0.00127549 0.940428 0.0293647 0.338722 0.925791 0.117996 0.359148 0.756447 0.425036 0.497123 0.410182 0.113993 0.904852 -0.0582379 0.533363 0.843879 -0.735994 0.108709 0.668202 -0.660507 0.311053 0.683356 -0.829216 0.00107601 0.558928 -0.490414 -0.00155469 0.871488 -0.453942 0.0198115 -0.890811 -0.427584 0.0600205 -0.901981 -0.390037 0.358149 -0.848293 -0.452178 0.123285 -0.883366 -0.8487 0.514181 -0.123803 -0.983009 0.110405 -0.14664 -0.512514 0.0906327 0.853882 0.00267782 0.999995 0.00190145 0.00174644 0.999997 0.00167007 0.0014162 0.999997 0.00175296 0.00129864 0.999998 0.00158928 0.00133482 0.999997 0.00178562 0.000868484 0.999997 0.00210095 0.784883 0.618693 0.0343274 0.41101 0.911257 0.0261053 0.759095 0.429554 -0.489141 0.413534 0.876964 -0.244795 0.788796 0.373757 -0.487961 0.76412 0.458066 -0.454198 0.857371 0.0664449 -0.510391 0.85354 0.116543 -0.507825 0.444801 0.85609 -0.263177 0.479815 0.844893 -0.236503 0.762209 0.504715 -0.405339 0.521573 0.826193 -0.212997 0.873858 0.341556 -0.345994 0.850812 0.448291 -0.274142 0.963782 0.0596902 -0.259927 0.981712 0.119881 -0.147885 0.403602 0.868612 0.287434 0.713769 0.426378 0.555639 0.992451 0.1193 0.0284326 0.707226 0.117956 -0.697078 0.734826 0.0166864 -0.67805 -0.00112505 0.999998 0.0014627 -0.00109462 0.999999 0.0013933 -0.00103917 0.999999 0.00135228 0.902624 0.0285222 0.429484 0.774986 0.118799 0.620713 0.71049 0.465618 0.527641 0.812308 0.0672081 0.579343 0.723554 0.459932 0.514715 0.809607 0.118194 0.574949 0.812584 0.0667681 0.579007 -0.07855 0.886812 0.455405 -0.554838 0.392218 0.733702 -0.585917 0.116499 0.801954 -0.608264 0.0670404 0.790898 -0.605444 0.116528 0.787311 -0.560597 0.392564 0.729126 -0.607766 0.0668772 0.791295 -0.560122 0.393679 0.72889 -0.605892 0.116528 0.786967 -0.576774 0.0879498 0.812156 -0.000906878 0.999999 0.00117765 -0.000934492 0.999999 0.00116076 -0.00094638 0.999999 0.00120389 -0.000968457 0.999999 0.00126175 -0.605949 0.115398 0.787089 -0.559994 0.395362 0.728076 -0.635877 0.0872527 0.766842 -0.571244 0.34713 0.743762 -0.793653 0.146595 0.590444 -0.6058 0.121872 0.786227 0.716341 0.035845 0.69683 0.767232 0.373612 0.521315 0.840213 0.118512 0.529147 0.813325 0.0673438 0.577898 -0.387708 0.77176 0.504052 -0.385684 0.774291 0.501719 -0.546368 0.0205011 -0.837294 -0.501737 -0.000402446 -0.86502 -0.500871 0.0199759 -0.865292 -0.501412 -0.000263323 -0.865208 0.625788 0.0140142 0.779868 0.403563 0.868698 0.28723 0.920699 0.0254855 -0.389441 0.83071 0.115772 -0.544535 0.857539 0.0658292 -0.51019 0.767454 0.450937 -0.455709 0.85397 0.115478 -0.507347 0.857987 0.0663447 -0.509369 -0.41582 0.626732 -0.659015 -0.525776 0.374983 -0.76351 -0.569956 0.0592494 -0.819536 0.431357 0.865373 -0.25507 0.848015 0.114835 -0.517381 0.922791 0.0664117 -0.379533 0.931376 0.117614 -0.344536 -0.502253 0.0199467 -0.864491 -0.501133 -0.00106582 -0.86537 -0.501225 0.0191491 -0.865105 -0.50222 -0.00117229 -0.864739 -0.606157 0.115398 0.786929 -0.699663 0.00549028 0.714452 -0.56056 0.393471 0.728666 -0.483656 0.388468 0.784327 -0.386213 0.77376 0.502131 -0.500553 0.0193485 -0.86549 -0.500333 -6.76788e-005 -0.865833 -0.501206 0.0211727 -0.865069 -0.502002 0.000147855 -0.864866 -0.607797 0.0657129 0.791369 -0.559613 0.395472 0.72831 -0.60509 0.115397 0.78775 -0.608605 0.065545 0.790761 -0.38387 0.776263 0.500059 -0.38158 0.779933 0.496086 -0.542156 0.123146 -0.831205 -0.466762 0.307546 -0.829186 0.723109 0.459745 0.515507 0.807911 0.119044 0.577156 0.813016 0.0669368 0.578382 0.723222 0.460666 0.514526 0.401868 0.869801 0.286267 0.401265 0.870377 0.28536 -0.328956 -0.0161493 0.944207 0.81343 0.0664054 0.577859 0.722987 0.461233 0.514347 0.400912 0.870592 0.285202 0.812264 0.0668939 0.579441 0.722978 0.461196 0.514394 0.403065 0.869015 0.28697 -0.0009755 0.999999 0.00112727 -0.00100744 0.999999 0.00107462 -0.000343767 0.999999 0.00118795 -0.00058048 0.999998 0.00177145 0.404185 0.868155 0.287997 0.856258 0.0958259 -0.507582 0.807108 0.492456 -0.325675 0.533209 0.818022 -0.215703 -0.000594809 0.999998 0.00174446 0.808849 0.118194 0.576016 0.808933 0.119043 0.575722 -0.385044 0.774636 0.501678 0.591852 0.115638 0.797709 -0.36628 0.14684 0.918846 -0.384337 0.775892 0.500276 -0.317276 0.0862003 -0.944408</float_array>
                    <technique_common>
                        <accessor count="196" source="#ID171" stride="3">
                            <param name="X" type="float"/>
                            <param name="Y" type="float"/>
                            <param name="Z" type="float"/>
                        </accessor>
                    </technique_common>
                </source>
                <source id="ID172">
                    <float_array id="ID173" count="394">14.6475 4.83301 14.6475 4.93848 13.6064 4.83301 13.6064 4.93848 12.5645 4.83301 12.5645 4.93848 11.5234 4.83301 11.5234 4.93848 10.4824 4.83301 10.4824 4.93848 9.44141 4.83301 9.44141 4.93848 8.39941 4.83301 8.39941 4.93848 7.3584 4.93848 -1.10449 1.15723 -0.908203 1.26563 -0.915039 1.00098 -0.708984 1.23438 -0.730469 0.985352 -0.509766 1.2041 -0.544922 0.96875 -0.310547 1.17285 -0.359375 0.952148 -0.111328 1.14258 -0.173828 0.935547 0.0869141 1.11133 0.0107422 0.918945 0.287109 1.08105 -1.08594 0.459961 -1.08984 0.599609 -0.928711 0.47168 -0.921875 0.737305 -0.771484 0.483398 -0.750977 0.734375 -0.614258 0.495117 -0.580078 0.731445 -0.457031 0.506836 -0.408203 0.729492 -0.299805 0.518555 -0.237305 0.726563 0.591797 1.21582 0.529297 1.14258 0.37793 1.26074 0.467773 1.06934 0.195313 0.902344 -0.0654297 0.724609 -0.142578 0.530273 1.49121 4 1.61621 4 1.6748 4.83301 1.80566 4 1.80566 4.83301 1.96875 4 1.90918 4.83301 2.05664 4 2.2041 4 8.39941 4 7.95703 4 7.51465 4.83301 7.58008 4 7.3584 4.83301 7.44434 4 7.30664 4 0.170898 0.553711 0.0136719 0.541992 0.245117 0.682617 0.104492 0.72168 0.319336 0.8125 0.393555 0.941406 -5.13574 4.83301 -5.13574 4.93848 -5.29102 4.83301 -6.17676 4.93848 -6.17676 4.83301 -7.21777 4.83301 -6.69727 4 -7.21777 4 -8.25879 4.93848 -9.2998 4.93848 -9.2998 4.83301 -9.99414 4.93848 -9.99414 4.83301 -10.584 4.83301 -10.2891 4 -10.584 4 -4.26758 4.93848 -5.00488 4.83301 -5.13574 4 -5.29102 4 -5.5127 4 -1.09375 0.739258 -1.09668 0.878906 -1.10059 1.01758 -4.63672 4 -4.26758 4 -4.26758 4.83301 -3.83398 4 -3.39941 4.83301 -3.39941 4 -2.96582 4 1.80566 4.93848 2.5 4.83301 2.5 4 2.84668 4 3.19336 4 3.19336 4.83301 3.54102 4 3.8877 4.83301 3.8877 4 4.23535 4 -1.11523 1.5752 -0.902344 1.53027 -1.11133 1.43555 -1.1084 1.29688 5.27637 4 5.27637 4.83301 4.92871 4 4.58203 4.83301 4.75586 4 4.58203 4 1.30664 4 0.9375 4.83301 0.9375 4 0.503906 4 2.5 4.93848 3.19336 4.93848 14.6475 4 14.127 4 13.6064 4 13.0859 4 -4.82031 4 -3.39941 4.93848 -5.73438 4 -6.17676 4 -7.73828 4 -8.25879 4.83301 -8.25879 4 -8.7793 4 15.6885 4.93848 15.5322 4.83301 15.0898 4 -7.21777 4.93848 -9.2998 4 -9.64746 4 -9.99414 4 12.5645 4 12.0439 4 11.5234 4 11.0029 4 6.66406 4 7.01172 4 6.66406 4.83301 7.25488 4.83301 6.66406 4.93848 10.4824 4 9.96191 4 9.44141 4 8.9209 4 6.31738 4 5.9707 4.83301 5.9707 4 5.62305 4 5.9707 4.93848 5.27637 4.93848 15.5322 4 15.6885 4.83301 -2.53223 4.83301 -2.53223 4 -2.09863 4 0.0703125 4.83301 0.9375 4.93848 0.0703125 4.93848 7.15918 4 -0.363281 4 -0.796875 4.83301 -0.796875 4.93848 -1.23047 4 -1.66406 4.83301 -1.66406 4.93848 -0.688477 1.48535 -0.474609 1.44043 -0.261719 1.39551 -0.0478516 1.35059 -2.53223 4.93848 -10.6885 4 -10.6885 4.83301 -10.6885 4.93848 0.164063 1.30566 -0.796875 4 -1.66406 4 0.0703125 4 3.8877 4.93848 -5.00488 4 4.4082 4 4.58203 4.93848 15.6885 4</float_array>
                    <technique_common>
                        <accessor count="197" source="#ID173" stride="2">
                            <param name="S" type="float"/>
                            <param name="T" type="float"/>
                        </accessor>
                    </technique_common>
                </source>
                <vertices id="ID174">
                    <input semantic="POSITION" source="#ID168"/>
                </vertices>
                <triangles count="251" material="Material1">
                    <input offset="0" semantic="VERTEX" source="#ID174"/>
                    <input offset="1" semantic="NORMAL" source="#ID170"/>
                    <input offset="2" semantic="TEXCOORD" source="#ID172" set="0"/>
                    <p>110 2 2 94 1 1 96 0 0 94 1 1 110 2 2 111 3 3 109 4 4 111 3 3 110 2 2 111 3 3 109 4 4 107 5 5 42 6 6 107 5 5 109 4 4 107 5 5 42 6 6 127 7 7 115 8 8 127 7 7 42 6 6 127 7 7 115 8 8 116 9 9 120 10 10 116 9 9 115 8 8 116 9 9 120 10 10 118 11 11 88 12 12 118 11 11 120 10 10 118 11 11 88 12 12 89 13 13 85 14 14 89 13 13 88 12 12 172 17 17 173 16 16 80 15 15 173 16 16 172 17 17 174 18 18 175 19 19 174 18 18 172 17 17 174 18 18 175 19 19 176 20 20 177 21 21 176 20 20 175 19 19 176 20 20 177 21 21 178 22 22 181 23 23 178 22 22 177 21 21 178 22 22 181 23 23 179 24 24 180 25 25 179 24 24 181 23 23 179 24 24 180 25 25 182 26 26 183 27 27 182 26 26 180 25 25 182 26 26 183 27 27 196 28 28 69 31 31 72 30 30 67 29 29 72 30 30 69 31 31 165 32 32 65 33 33 165 32 32 69 31 31 165 32 32 65 33 33 166 34 34 63 35 35 166 34 34 65 33 33 166 34 34 63 35 35 167 36 36 61 37 37 167 36 36 63 35 35 167 36 36 61 37 37 168 38 38 59 39 39 168 38 38 61 37 37 168 38 38 59 39 39 171 40 40 95 43 43 45 42 42 93 41 41 45 42 42 95 43 43 1 44 44 196 28 28 1 44 44 95 43 43 1 44 44 196 28 28 195 45 45 183 27 27 195 45 45 196 28 28 195 45 45 183 27 27 169 46 46 171 40 40 169 46 46 183 27 27 169 46 46 171 40 40 57 47 47 59 39 39 57 47 47 171 40 40 180 25 25 171 40 40 183 27 27 171 40 40 180 25 25 168 38 38 181 23 23 168 38 38 180 25 25 168 38 38 181 23 23 167 36 36 177 21 21 167 36 36 181 23 23 167 36 36 177 21 21 166 34 34 175 19 19 166 34 34 177 21 21 166 34 34 175 19 19 165 32 32 172 17 17 165 32 32 175 19 19 184 50 50 186 49 49 185 48 48 186 49 49 184 50 50 133 51 51 134 52 52 133 51 51 184 50 50 133 51 51 134 52 52 190 53 53 192 54 54 190 53 53 134 52 52 190 53 53 192 54 54 191 55 55 150 56 56 191 55 55 192 54 54 6 58 58 88 12 12 132 57 57 88 12 12 6 58 58 7 59 59 5 60 60 7 59 59 6 58 58 7 59 59 5 60 60 145 61 61 144 62 62 145 61 61 5 60 60 145 61 61 144 62 62 146 63 63 52 66 66 55 65 65 50 64 64 55 65 65 52 66 66 170 67 67 48 68 68 170 67 67 52 66 66 170 67 67 48 68 68 195 45 45 194 69 69 195 45 45 48 68 68 195 45 45 194 69 69 1 44 44 187 72 72 49 71 71 135 70 70 49 71 71 187 72 72 51 73 73 53 74 74 51 73 73 187 72 72 51 73 73 53 74 74 40 75 75 103 76 76 40 75 75 53 74 74 40 75 75 103 76 76 162 77 77 2 80 80 0 79 79 193 78 78 0 79 79 2 80 80 44 81 81 46 82 82 44 81 81 2 80 80 44 81 81 46 82 82 105 83 83 106 84 84 105 83 83 46 82 82 105 83 83 106 84 84 142 85 85 101 87 87 49 71 71 54 86 86 49 71 71 101 87 87 135 70 70 136 88 88 135 70 70 101 87 87 135 70 70 136 88 88 187 72 72 189 89 89 187 72 72 136 88 88 187 72 72 189 89 89 188 90 90 165 32 32 74 91 91 72 30 30 74 91 91 165 32 32 76 92 92 172 17 17 76 92 92 165 32 32 76 92 92 172 17 17 78 93 93 80 15 15 78 93 93 172 17 17 35 96 96 151 95 95 102 94 94 151 95 95 35 96 96 36 97 97 37 98 98 36 97 97 35 96 96 36 97 97 37 98 98 158 99 99 100 100 100 158 99 99 37 98 98 66 101 101 134 52 52 184 50 50 134 52 52 66 101 101 192 54 54 18 102 102 192 54 54 66 101 101 192 54 54 18 102 102 150 56 56 19 103 103 150 56 56 18 102 102 15 106 106 16 105 105 17 104 104 16 105 105 15 106 106 14 107 107 21 108 108 14 107 107 15 106 106 14 107 107 21 108 108 22 109 109 20 110 110 22 109 109 21 108 108 84 113 113 90 112 112 86 111 111 90 112 112 84 113 113 173 16 16 82 114 114 173 16 16 84 113 113 173 16 16 82 114 114 80 15 15 148 117 117 24 116 116 25 115 115 24 116 116 148 117 117 9 118 118 8 119 119 9 118 118 148 117 117 9 118 118 8 119 119 10 120 120 153 121 121 184 50 50 185 48 48 184 50 50 153 121 121 70 122 122 152 123 123 70 122 122 153 121 121 70 122 122 152 123 123 98 124 124 18 102 102 17 104 104 19 103 103 17 104 104 18 102 102 15 106 106 71 125 125 15 106 106 18 102 102 15 106 106 71 125 125 73 126 126 113 128 128 96 0 0 124 127 127 96 0 0 113 128 128 110 2 2 114 129 129 110 2 2 113 128 128 110 2 2 114 129 129 125 130 130 101 87 87 102 94 94 159 131 131 102 94 94 101 87 87 35 96 96 54 86 86 35 96 96 101 87 87 35 96 96 54 86 86 56 132 132 161 133 133 187 72 72 188 90 90 187 72 72 161 133 133 53 74 74 160 134 134 53 74 74 161 133 133 53 74 74 160 134 134 103 76 76 39 135 135 40 75 75 162 77 77 40 75 75 39 135 135 38 136 136 163 137 137 38 136 136 39 135 135 38 136 136 163 137 137 104 138 138 97 140 140 94 1 1 91 139 139 94 1 1 97 140 140 96 0 0 123 141 141 96 0 0 97 140 140 96 0 0 123 141 141 124 127 127 38 136 136 193 78 78 47 142 142 193 78 78 38 136 136 2 80 80 104 138 138 2 80 80 38 136 136 2 80 80 104 138 138 4 143 143 3 144 144 2 80 80 4 143 143 2 80 80 3 144 144 46 82 82 164 145 145 46 82 82 3 144 144 46 82 82 164 145 145 106 84 84 41 147 147 109 4 4 126 146 146 109 4 4 41 147 147 42 6 6 43 148 148 42 6 6 41 147 147 42 6 6 43 148 148 129 149 149 27 152 152 26 151 151 28 150 150 26 151 151 27 152 152 87 153 153 83 154 154 87 153 153 27 152 152 87 153 153 83 154 154 85 14 14 121 156 156 115 8 8 130 155 155 115 8 8 121 156 156 120 10 10 122 157 157 120 10 10 121 156 156 120 10 10 122 157 157 131 158 158 11 159 159 27 152 152 28 150 150 27 152 152 11 159 159 12 160 160 13 161 161 12 160 160 11 159 159 12 160 160 13 161 161 23 162 162 12 160 160 79 164 164 81 163 163 79 164 164 12 160 160 24 116 116 23 162 162 24 116 116 12 160 160 24 116 116 23 162 162 25 115 115 97 140 140 143 165 165 123 141 141 143 165 165 97 140 140 139 166 166 91 139 139 139 166 166 97 140 140 169 46 46 170 67 67 195 45 45 170 67 67 169 46 46 55 65 65 57 47 47 55 65 65 169 46 46 29 167 167 100 100 100 37 98 98 100 100 100 29 167 167 157 168 168 30 169 169 157 168 168 29 167 167 34 170 170 70 122 122 98 124 124 70 122 122 34 170 170 68 171 171 64 172 172 68 171 171 34 170 170 87 153 153 147 173 173 26 151 151 147 173 173 87 153 153 146 63 63 145 61 61 146 63 63 87 153 153 32 175 175 34 170 170 33 174 174 34 170 170 32 175 175 64 172 172 62 176 176 64 172 172 32 175 175 31 178 178 32 175 175 99 177 177 32 175 175 31 178 178 62 176 176 60 179 179 62 176 176 31 178 178 174 18 18 117 181 181 119 180 180 117 181 181 174 18 18 176 20 20 176 20 20 128 182 182 117 181 181 128 182 182 176 20 20 178 22 22 108 183 183 178 22 22 179 24 24 178 22 22 108 183 183 128 182 182 125 130 130 109 4 4 110 2 2 109 4 4 125 130 130 126 146 146 129 149 149 115 8 8 42 6 6 115 8 8 129 149 149 130 155 155 131 158 158 88 12 12 120 10 10 88 12 12 131 158 158 132 57 57 7 59 59 85 14 14 88 12 12 85 14 14 7 59 59 145 61 61 40 75 75 47 142 142 51 73 73 47 142 142 40 75 75 38 136 136 68 171 171 184 50 50 70 122 122 184 50 50 68 171 171 66 101 101 56 132 132 37 98 98 35 96 96 37 98 98 56 132 132 58 184 184 140 185 185 105 83 83 142 85 85 105 83 83 140 185 185 138 186 186 92 187 187 105 83 83 138 186 186 105 83 83 92 187 187 44 81 81 95 43 43 182 26 26 196 28 28 182 26 26 95 43 43 112 188 188 112 188 188 179 24 24 182 26 26 179 24 24 112 188 188 108 183 183 155 189 189 32 175 175 33 174 174 32 175 175 155 189 189 99 177 177 173 16 16 119 180 180 90 112 112 119 180 180 173 16 16 174 18 18 156 190 190 31 178 178 99 177 177 31 178 178 156 190 190 30 169 169 29 167 167 31 178 178 30 169 169 31 178 178 29 167 167 60 179 179 154 99 191 34 170 170 98 124 124 34 170 170 154 99 191 33 174 174 58 184 184 29 167 167 37 98 98 29 167 167 58 184 184 60 179 179 27 152 152 81 163 163 83 154 154 81 163 163 27 152 152 12 160 160 73 126 126 21 108 108 15 106 106 21 108 108 73 126 126 75 191 192 137 192 193 101 87 87 159 131 131 101 87 87 137 192 193 136 88 88 149 193 194 9 118 118 10 120 120 9 118 118 149 193 194 20 110 110 21 108 108 9 118 118 20 110 110 9 118 118 21 108 108 75 191 192 24 116 116 77 194 195 79 164 164 77 194 195 24 116 116 9 118 118 66 101 101 71 125 125 18 102 102 143 165 165 139 166 166 141 195 196 145 61 61 87 153 153 85 14 14 9 118 118 75 191 192 77 194 195</p>
                </triangles>
            </mesh>
        </geometry>
        <geometry id="ID176">
            <mesh>
                <source id="ID177">
                    <float_array id="ID178" count="39">-2640.25 700 2368.25 -2157.75 700 1685 -2157.75 456.75 1685 -2640.25 456.75 2368.25 -2640.25 456.75 2368.25 -2484.5 456.75 1022.5 -2484.5 700 1022.5 -3388 456.75 1778.75 -3561 456.75 1645.75 -3561 700 1645.75 -3388 700 1778.75 -2798.75 456.75 2244.5 -2798.75 699.75 2244.5</float_array>
                    <technique_common>
                        <accessor count="13" source="#ID178" stride="3">
                            <param name="X" type="float"/>
                            <param name="Y" type="float"/>
                            <param name="Z" type="float"/>
                        </accessor>
                    </technique_common>
                </source>
                <source id="ID179">
                    <float_array id="ID180" count="24">-0.615403 -0 0.788213 -0.609489 -0 0.792794 -0.609489 0 0.792794 0.962686 0 0.27062 0.896851 0 -0.442334 0.99312 0 -0.117102 0.816852 0 0.576847 0.816852 0 0.576847</float_array>
                    <technique_common>
                        <accessor count="8" source="#ID180" stride="3">
                            <param name="X" type="float"/>
                            <param name="Y" type="float"/>
                            <param name="Z" type="float"/>
                        </accessor>
                    </technique_common>
                </source>
                <source id="ID181">
                    <float_array id="ID182" count="18">0.558594 1 1.39941 1 0.558594 0 1.39941 0 4.39941 1 7.06152 1 4.39941 0 7.06152 0.000976563 1.39941 0.000976563</float_array>
                    <technique_common>
                        <accessor count="9" source="#ID182" stride="2">
                            <param name="S" type="float"/>
                            <param name="T" type="float"/>
                        </accessor>
                    </technique_common>
                </source>
                <vertices id="ID183">
                    <input semantic="POSITION" source="#ID177"/>
                </vertices>
                <triangles count="8" material="Material1">
                    <input offset="0" semantic="VERTEX" source="#ID183"/>
                    <input offset="1" semantic="NORMAL" source="#ID179"/>
                    <input offset="2" semantic="TEXCOORD" source="#ID181" set="0"/>
                    <p>11 0 2 0 0 1 12 0 0 0 0 1 11 0 2 4 0 3 8 2 3 10 2 0 9 1 1 10 2 0 8 2 3 7 1 2 2 5 6 6 4 5 1 3 4 6 4 5 2 5 6 5 4 7 1 3 4 3 6 8 2 5 6 3 6 8 1 3 4 0 7 1</p>
                </triangles>
            </mesh>
        </geometry>
        <geometry id="ID185">
            <mesh>
                <source id="ID186">
                    <float_array id="ID187" count="1002">-2462.5 1370 846 -2540.25 1370 656.75 -2540.25 1370 656.75 -2540.25 1308.75 656.75 -2540.25 1308.75 656.75 -2462.5 1308.75 846 -3747 1370 1590.5 -3747 1308.75 1590.5 -4010.75 1308.75 1049.5 -4010.75 1370 1049.5 -3393 1370 877.25 -4003.75 1370 1035.25 -4003.75 1308.75 1035.25 -3393 1308.75 877.25 -3747 560 1590.5 -3747 456.75 1590.5 -4016.25 560 1038.5 -2462.5 456.75 846 -2462.5 560 846 -2540.25 560 656.75 -2540.25 560 656.75 -2540.25 456.75 656.75 -2540.25 456.75 656.75 -3393 456.75 877.25 -3393 560 877.25 -2482 1308.75 838 -2550.25 1308.75 677 -2550.25 1308.75 677 -2550.25 832.75 677 -2550.25 832.75 677 -2482 832.75 838 -3739.25 832.75 1570 -4016.25 456.75 1038.5 -3739.25 1308.75 1570 -3999 832.75 1046.5 -3999 1308.75 1046.5 -3389.25 1308.75 891 -3389.25 832.75 891 -2482 560 838 -2550.25 560 677 -2550.25 560 677 -3739.25 560 1570 -3999 560 1046.5 -3389.25 560 891 -3747 832.75 1590.5 -3747 787.25 1590.5 -4016 787.25 1038.5 -2462.5 787.25 846 -2462.5 832.75 846 -2540.25 832.75 656.75 -2540.25 832.75 656.75 -2540.25 787.25 656.75 -2540.25 787.25 656.75 -3393 787.25 877.25 -3739.25 787.25 1570 -2482 787.25 838 -2550.25 787.25 677 -2550.25 787.25 677 -3389.25 787.25 891 -3999 787.25 1046.5 -3475.5 1282.75 291.25 -3465.5 1282.75 290 -3465.5 1248.5 290 -3475.5 1248.5 291.25 -3476.5 1282.75 281.25 -3466.75 1282.75 280.25 -3476.5 1248.5 281.25 -3466.75 1248.5 280.25 -3465.5 1282.75 397.75 -3455.75 1282.75 396.75 -3455.75 1248.5 396.75 -3465.5 1248.5 397.75 -3466.75 1282.75 388 -3456.75 1282.75 386.75 -3466.75 1248.5 388 -3456.75 1248.5 386.75 -2592 887.75 457 -2592 887.75 457 -2631.5 887.75 45.75 -2631.5 832.75 45.75 -2592 832.75 457 -2592 832.75 457 -2540.25 887.75 656.75 -2540.25 887.75 656.75 -2540.25 832.75 656.75 -2540.25 832.75 656.75 -3392.75 832.75 877.25 -3392.75 832.75 877.25 -3392.75 832.75 877.25 -3392.75 887.75 877.25 -3392.75 887.75 877.25 -3506.5 832.75 60.25 -3506.5 832.75 60.25 -3506.5 887.75 60.25 -3506.5 887.75 60.25 -4016 832.75 1038.5 -3442 1516 606 -3442 1516 606 -3442 1516 606 -3442 1516 606 -3491.25 1516 74 -3491.25 1516 74 -3491.25 1516 74 -3491.25 1516 74 -3491.25 1623 74 -3491.25 1623 74 -3491.25 1623 74 -3491.25 1623 74 -3442 1623 606 -3442 1623 606 -3442 1623 606 -3442 1623 606 -2646.25 1516 62.25 -2646.25 1516 62.25 -2646.25 1623 62.25 -2646.25 1623 62.25 -2607.25 1623 459.25 -2607.25 1623 459.25 -2607.25 1623 459.25 -2607.25 1623 459.25 -2607.25 1516 459.25 -2607.25 1516 459.25 -2607.25 1516 459.25 -2607.25 1516 459.25 -2558.5 1623 646 -2558.5 1623 646 -2558.5 1623 646 -2558.5 1623 646 -2558.5 1516 646 -2558.5 1516 646 -2558.5 1516 646 -2558.5 1516 646 -3381.75 1516 859.5 -3381.75 1516 859.5 -3381.75 1516 859.5 -3381.75 1516 859.5 -3381.75 1623 859.5 -3381.75 1623 859.5 -3381.75 1623 859.5 -3381.75 1623 859.5 -2540.25 1667.75 656.75 -2540.25 1667.75 656.75 -2540.25 1667.75 656.75 -2540.25 1667.75 656.75 -2540.25 1638.5 656.75 -2540.25 1638.5 656.75 -3392.75 1638.5 877.25 -3392.75 1638.5 877.25 -3392.75 1667.75 877.25 -3392.75 1667.75 877.25 -3392.75 1667.75 877.25 -3392.75 1667.75 877.25 -3453.75 1638.5 608 -3453.75 1638.5 608 -3453.75 1667.75 608 -3453.75 1667.75 608 -3453.75 1667.75 608 -3506.5 1638.5 60.25 -3506.5 1638.5 60.25 -3506.5 1667.75 60.25 -3506.5 1667.75 60.25 -3506.5 1667.75 60.25 -3506.5 1667.75 60.25 -2631.5 1638.5 45.75 -2631.5 1667.75 45.75 -2631.5 1667.75 45.75 -2631.5 1667.75 45.75 -2592 1667.75 457 -2592 1667.75 457 -2592 1667.75 457 -2592 1638.5 457 -2592 1638.5 457 -2540.25 1503.75 656.75 -2540.25 1503.75 656.75 -2540.25 1470.5 656.75 -2540.25 1470.5 656.75 -3392.75 1470.5 877.25 -3392.75 1470.5 877.25 -3392.75 1503.75 877.25 -3392.75 1503.75 877.25 -2592 1503.75 457 -2592 1503.75 457 -2592 1470.5 457 -2592 1470.5 457 -2631.5 1503.75 45.75 -2631.5 1470.5 45.75 -3506.5 1470.5 60.25 -3506.5 1470.5 60.25 -3506.5 1503.75 60.25 -3506.5 1503.75 60.25 -3453.75 1470.5 608 -3453.75 1470.5 608 -3453.75 1503.75 608 -3453.75 1503.75 608 -3453.75 1061.25 608 -3453.75 1061.25 608 -3506.5 1061.25 60.25 -3506.5 1061.25 60.25 -3506.5 1084 60.25 -3506.5 1084 60.25 -3453.75 1084 608 -3453.75 1084 608 -2631.5 1061.25 45.75 -2631.5 1084 45.75 -2592 1084 457 -2592 1084 457 -2592 1061.25 457 -2592 1061.25 457 -2540.25 1084 656.75 -2540.25 1084 656.75 -2540.25 1061.25 656.75 -2540.25 1061.25 656.75 -3392.75 1061.25 877.25 -3392.75 1061.25 877.25 -3392.75 1084 877.25 -3392.75 1084 877.25 -3453.75 887.75 608 -3453.75 887.75 608 -3453.75 832.75 608 -3453.75 832.75 608 -3491.25 1084 74 -3491.25 1084 74 -3491.25 1084 74 -3491.25 1084 74 -2646.25 1084 62.25 -2646.25 1084 62.25 -2646.25 1458 62.25 -2646.25 1458 62.25 -3491.25 1458 74 -3491.25 1458 74 -3491.25 1458 74 -3491.25 1458 74 -2609.25 1458 459.75 -2609.25 1458 459.75 -2609.25 1458 459.75 -2609.25 1084 459.75 -2609.25 1084 459.75 -2609.25 1084 459.75 -2558.5 1458 646 -2558.5 1458 646 -2558.5 1458 646 -2558.5 1084 646 -2558.5 1084 646 -2558.5 1084 646 -3381.75 1084 859.5 -3381.75 1084 859.5 -3381.75 1084 859.5 -3381.75 1084 859.5 -3381.75 1458 859.5 -3381.75 1458 859.5 -3381.75 1458 859.5 -3381.75 1458 859.5 -3356.5 1102.75 835 -3405 1102.75 616.75 -3405 1439.25 616.75 -3356.5 1439.25 835 -3438.25 1458 605.5 -3438.25 1458 605.5 -3438.25 1458 605.5 -3438.25 1458 605.5 -3464.75 1458 339.75 -3464.75 1458 339.75 -3464.75 1458 339.75 -3464.75 1084 339.75 -3464.75 1084 339.75 -3464.75 1084 339.75 -3438.25 1084 605.5 -3438.25 1084 605.5 -3438.25 1084 605.5 -3438.25 1084 605.5 -3385.75 1439.25 841.75 -3434.25 1439.25 623.25 -3434.25 1102.75 623.25 -3385.75 1102.75 841.75 -3442 1128 568.25 -3463.5 1128 351 -3463.5 1414 351 -3442 1414 568.25 -3487.5 1414 111 -3466 1414 328.25 -3466 1128 328.25 -3487.5 1128 111 -3440.25 1430 585.5 -3464.75 1430 339.75 -3464.75 1430 339.75 -3464.75 1112.25 339.75 -3464.75 1112.25 339.75 -3440.25 1112.25 585.5 -3489.25 1112.25 93.75 -3489.25 1430 93.75 -3420.25 1430 583.5 -3444.75 1430 337.75 -3444.75 1430 337.75 -3444.75 1112.25 337.75 -3444.75 1112.25 337.75 -3420.25 1112.25 583.5 -3469.5 1112.25 91.75 -3469.5 1430 91.75 -3496.25 887.75 69.5 -3496.25 887.75 69.5 -3496.25 1061.25 69.5 -3496.25 1061.25 69.5 -3443.5 1061.25 606.25 -3443.5 1061.25 606.25 -3443.5 887.75 606.25 -3443.5 887.75 606.25 -2641.25 887.75 56.75 -2641.25 1061.25 56.75 -2602.25 1061.25 458.5 -2602.25 1061.25 458.5 -2602.25 887.75 458.5 -2602.25 887.75 458.5 -2552.25 1061.25 649.75 -2552.25 1061.25 649.75 -2552.25 887.75 649.75 -2552.25 887.75 649.75 -3385.5 887.75 865.25 -3385.5 887.75 865.25 -3385.5 1061.25 865.25 -3385.5 1061.25 865.25 -3444.75 1128 337.75 -3444.75 1128 337.75 -3444.75 1414 337.75 -3444.75 1414 337.75 -2588.5 1667.75 637.25 -2588.5 1667.75 637.25 -2635 1667.75 457.5 -3410.75 1667.75 593.5 -3355.75 1667.75 835.75 -3355.75 1667.75 835.75 -2670.75 1667.75 87.5 -2670.75 1667.75 87.5 -3458.25 1667.75 100.5 -3458.25 1667.75 100.5</float_array>
                    <technique_common>
                        <accessor count="334" source="#ID187" stride="3">
                            <param name="X" type="float"/>
                            <param name="Y" type="float"/>
                            <param name="Z" type="float"/>
                        </accessor>
                    </technique_common>
                </source>
                <source id="ID188">
                    <float_array id="ID189" count="648">-0.975738 -0.000896716 0.218937 -0.975771 0.00104251 0.218791 -0.975973 0.000145794 0.217889 -0.975973 0.000145794 0.217889 -0.577111 0 -0.816666 -0.741358 0.482454 -0.466505 -0.849418 0.391696 -0.353642 -0.705133 0.607342 0.365955 -0.877735 0.182914 0.442859 -0.408131 0 0.912924 -0.777705 0.15911 0.60816 -0.660698 0.625449 0.41508 -0.876648 0.461501 -0.136031 -0.808521 0.301758 -0.505208 -0.881102 -0.159462 -0.445231 -0.724422 -0.630599 -0.278491 -0.829407 -0.466054 0.308023 -0.68518 -0.306372 0.660807 -0.408131 0 0.912924 -0.631178 -0.487891 0.602973 -0.762635 -0.393822 0.51312 -0.761817 -0.610178 -0.217525 -0.948715 -0.182433 -0.258182 -0 1 -0 0 -1 -0 -0.975831 0 0.218526 -0.975831 0 0.218526 0.250388 0 0.968146 0.967483 -0 -0.252937 0.418319 0 -0.9083 0.995321 0 -0.0966211 0.856019 0 -0.516944 0.995321 0 -0.0966211 -0.0149106 0 -0.999889 -0.995206 -0 0.0978055 -0.995206 0 0.0978055 0.100751 0 0.994912 -0.0995037 0 -0.995037 -0.995077 0 0.0991032 -0.995018 -0.000362178 0.0996932 -0.995071 -0.000543267 0.0991644 -0.994963 -0.000362178 0.100242 -0.994967 0.000387798 0.100201 -0.995018 0.000387798 0.0996932 -0.995065 0 0.0992257 -0.995071 0.000581696 0.0991644 -0.995067 -0 0.099203 -0.995057 -6.6272e-005 0.0993108 -0.995066 -9.94079e-005 0.0992144 -0.995046 -6.62719e-005 0.099411 -0.995047 7.23054e-005 0.0994035 -0.995056 7.23054e-005 0.0993108 -0.995065 -0 0.0992257 -0.995066 0.000108458 0.0992144 -0.22486 0 -0.974391 -0.22486 0 -0.974391 0.21693 0 0.976187 -0.975284 -0 0.220956 -0.934676 -0.285553 0.211756 -0.807563 -0.560996 0.182006 -0.621725 -0.770704 0.139548 -0.635055 -0.759441 0.141262 0.227774 -0.41548 0.880622 0.227396 -0.419718 0.878708 0.16238 -0.761931 0.626972 0.160789 -0.767951 0.619999 0.929571 -0.279107 -0.240827 0.788745 -0.578779 -0.207113 0.592427 -0.790125 -0.157264 0.563643 -0.811615 -0.153583 0.94952 -0.300158 -0.0912001 0.500768 -0.56097 -0.6592 0.594048 -0.802467 -0.0561556 0.214168 -0.847804 -0.48514 -0.0130836 -0.559705 -0.828589 -0.00927475 -0.745007 -0.666992 -0.976187 -0 0.21693 0.251034 0 0.967978 0.251034 0 0.967978 0.988698 0 -0.149919 0.964824 0 -0.262898 0.978373 0 -0.206848 0.964824 0 -0.262898 0.419818 0 -0.907608 0.857728 0 -0.514104 -0.013904 0 -0.999903 -0.013904 0 -0.999903 -0.995395 -0 0.0958596 0.25041 0 0.96814 0.25041 0 0.96814 0.968041 -0 -0.250794 0.417342 0 -0.908749 0.995419 0 -0.0956086 0.856243 0 -0.516573 -0.0165692 0 -0.999863 -0.936584 0.278901 0.212188 -0.828095 0.527262 0.190404 -0.662708 0.732867 0.154025 -0.69801 0.696606 0.165898 -0.952896 -0.213034 0.215884 -0.86591 -0.458937 0.198938 -0.739608 -0.650826 0.171478 -0.703507 -0.690739 0.167204 0.233024 -0.366115 0.900921 0.23271 -0.370503 0.899207 0.181882 -0.688283 0.702271 0.180468 -0.695113 0.69588 0.226279 0.428308 0.874843 0.226889 0.424082 0.876742 0.160538 0.76813 0.619841 0.162526 0.762127 0.626696 0.937916 -0.247529 -0.242989 0.839041 -0.498547 -0.217857 0.692198 -0.698899 -0.180008 0.688078 -0.703054 -0.179619 0.927811 0.285288 -0.240371 0.797283 0.567003 -0.206996 0.608914 0.777268 -0.158358 0.613422 0.773351 -0.16013 0.963369 -0.251713 -0.0925302 0.542486 -0.498457 -0.676202 0.696177 -0.714678 -0.0676174 0.247948 -0.790447 -0.560104 0.619617 0.78254 -0.0608692 0.43759 0.860741 -0.260075 0.811261 0.579401 -0.0784173 0.596411 0.548916 -0.585649 -0.0159426 0.272388 -0.962056 -0.00963962 0.776477 -0.630071 -0.0136733 -0.496822 -0.867745 -0.0103312 -0.669248 -0.742967 -0.967289 -0.235956 0.0931529 -0.889622 -0.448787 0.0846365 -0.766633 -0.637995 0.0723552 -0.790203 -0.608464 0.0731532 -0.850448 0.519782 0.0810198 -0.964239 0.248235 0.0928591 -0.958982 -0.268 0.0923529 -0.780709 -0.620216 0.0763243 0.856243 0 -0.516573 0.995419 0 -0.0956086 -0.0165692 0 -0.999863 0.25041 0 0.96814 -0.686646 0.724089 0.0648989 -0.657892 0.750646 0.0609044 0.251034 0 0.967978 0.967576 -0 -0.25258 0.967576 0 -0.25258 0.418805 0 -0.908076 0.995209 0 -0.0977662 0.855668 0 -0.517525 -0.995742 -0 0.092181 -0.995742 0 0.092181 0.856243 0 -0.516573 0.995419 0 -0.0956086 -0.643839 -0.762558 0.0630636 -0.620484 -0.781775 0.0618733 -0.972899 -0 0.231231 -0.972899 0 0.231231 -0.620484 -0.781775 0.0618733 -0.631642 0 -0.77526 -0.631642 0 -0.77526 -0.986713 0 -0.162472 -0.987194 0 0.159522 -0.898868 0 0.438219 -0.898868 -0 0.438219 -0.895792 -0 0.444474 -0.895792 0 0.444474 -0.247113 0 -0.968986 -0.247126 0 -0.968983 -0.247113 0 -0.968987 -0.24714 0 -0.96898 -0.247153 0 -0.968977 -0.247153 0 -0.968977 0.920691 -0 -0.390293 0.999365 0 0.0356392 0.821389 0 0.570368 0.503155 0 0.864196 -0.250571 0 -0.968098 -0.250463 0.000917249 -0.968126 -0.250524 0.000688123 -0.96811 -0.250409 0.000917249 -0.96814 -0.25041 0 -0.96814 -0.250376 0.000687751 -0.968148 0.924981 -0 -0.380012 0.999002 0 0.0446754 0.819069 0 0.573695 0.501461 0 0.86518 -0.898941 0 0.438071 -0.24714 0 -0.96898 -0.247126 0 -0.968983 -0.247113 0 -0.968987 -0.895792 0 0.444474 0.999365 0 0.0356392 0.920691 -0 -0.390293 -0.250477 0 -0.968123 -0.250409 0 -0.96814 -0.250342 0 -0.968158 0.999002 0 0.0446754 0.501461 0 0.86518 0.501461 0 0.86518 -0.89878 0 0.4384 -0.250379 0 -0.968148 -0.250416 0 -0.968138 0.946737 0 0.322008 -0.995037 0 0.0995037 -0.995037 0 0.0995037 -0.102029 0 -0.994781 0.124035 0 0.992278 0.124035 0 0.992278 -0.348813 0 0.937192 -0.991882 0 0.127164 -0.833148 0 0.55305 -0.124035 0 -0.992278 -0.124035 0 -0.992278 0.102029 0 0.994781</float_array>
                    <technique_common>
                        <accessor count="216" source="#ID189" stride="3">
                            <param name="X" type="float"/>
                            <param name="Y" type="float"/>
                            <param name="Z" type="float"/>
                        </accessor>
                    </technique_common>
                </source>
                <source id="ID190">
                    <float_array id="ID191" count="502">-2.69678 0.143555 -2.66602 0.699219 -2.69678 0.744141 -2.3418 0.699219 -2.31104 0.744141 -2.3418 0.188477 -2.31104 0.143555 -2.66602 0.188477 -0.299805 0.860352 -0.326172 0.860352 -0.670898 0.860352 0.299805 0.851563 0.318359 0.851563 0.680176 0.851563 -0.299805 0.0527344 -0.326172 0.0527344 -0.670898 0.0527344 0.299805 0.0556641 0.318359 0.0556641 0.680176 0.0556641 -5.32861 1 -4.87598 1 -5.30371 0.897461 -4.89648 0.897461 -4.0752 1 -3.82764 1 -4.0498 0.895508 -3.82764 0.895508 -4.19678 1 -4.63818 1 -4.22217 0.891602 -4.61914 0.891602 -5.4375 1 -5.59912 1 -5.4624 0.896484 -5.60791 0.896484 -3.70752 1 -3.71924 0.895508 -2.69971 -5.09863 -2.29736 -5.09863 -2.29736 -6 -2.69971 -6 -2 -5.09277 0 -5.09277 0 -6 -2 -6 0.299805 -5.09277 0.699707 -5.09277 0.699707 -6 0.299805 -6 1 -5.09277 2 -5.09277 1 -6 2 -6 4 -6 4 -5.09277 -3 -6 -4 -6 -4 -5.0918 -3 -5.0918 0.299805 0.907227 0.700684 0.907227 0.700684 0 0.299805 0 -0.299805 -0.00195313 -0.690918 -0.00195313 -0.690918 0.916016 -0.299805 0.916016 -2.65479 0.699219 -2.65479 0.188477 -2.33057 0.188477 -2.33057 0.699219 -2.29736 -6.17285 -2.69971 -6.17285 -2.29736 -5 -2.69971 -5 -2.3208 -5 -2.69971 -4.1748 -2.2998 -4.1748 -2.69971 -4.20215 -2.2998 -4.20215 -2 -4.1748 0 -4.1748 -2 -4.20215 0 -4.20215 0 -5.00195 -2 -5.00195 0.299805 -4.1748 0.699707 -4.1748 0.299805 -4.20215 0.699707 -4.20215 0.699707 -5.00195 0.299805 -5.00195 1 -4.1748 2 -4.1748 1 -4.20215 2 -4.20215 1 -5.00195 2 -5.00195 4 -5.00195 4 -4.1748 4 -4.20215 -1 -8 -1 -7.19922 0 -8 0 -7.19922 0.299805 -8 0.299805 -7.19922 1 -8 1 -7.19922 2 -7.19922 2 -8 -3 -6.17285 -4 -6.17285 -4 -5 -3 -5 -2.2998 -4.04004 -2.69971 -4.04004 -2.2998 -3.99805 -2.69971 -3.99805 -2.69971 -3.13574 -2.2998 -3.13574 -2.69971 -3.1875 -2.2998 -3.1875 -2 -3.13574 0 -3.13574 -2 -3.1875 0 -3.1875 0 -4.04004 -2 -4.04004 0 -3.99805 -2 -3.99805 0.299805 -3.13574 0.699707 -3.13574 0.299805 -3.1875 0.699707 -3.1875 0.699707 -4.04004 0.299805 -4.04004 0.699707 -3.99805 0.299805 -3.99805 1 -3.13574 2 -3.13574 1 -3.1875 2 -3.1875 1 -3.99805 2 -3.99805 1 -4.04004 2 -4.04004 4 -4.04004 4 -3.99805 4 -3.13574 4 -3.1875 -5.9043 0.896484 -5.92871 1 -4 -3.13574 -3 -3.13574 -4 -3.1875 -3 -3.1875 -4 -4.04004 -3 -4.04004 -4 -4.1748 -3 -4.1748 0.699707 -2.99805 0.299805 -2.99805 2 -2.99805 1 -2.99805 4 -2.99805 -4 -2.99805 -3 -2.99805 -2.69971 -2.99805 -2.2998 -2.99805 -2 -2.99805 0 -2.99805 -3 -3.99805 -4 -3.99805 -2 -3.82715 -2 -3.27441 0 -3.82715 0 -3.27441 0.699707 -3.82715 0.299805 -3.82715 0.699707 -3.27441 0.299805 -3.27441 2 -3.82715 1 -3.82715 2 -3.27441 1 -3.27441 4 -3.27441 4 -3.82715 -4 -3.27441 -3 -3.27441 -4 -3.82715 -3 -3.82715 2 -6.17969 4 -6.17969 0.699707 -6.17969 0.299805 -6.17969 -2 -6.17969 0 -6.17969 1 -6.17969 -3.16602 -5 -4 -4.20215 -3.5 -4.20215 -2.69971 -3.27441 -2.2998 -3.27441 -2.69971 -3.82715 -2.2998 -3.82715 -3 -4.20215 -0.0195313 4.89551 0.0195313 4.89551 0 4.89551 1 4.89551 2.2998 4.89551 2.69971 4.89551 -0.0195313 5 0.0195313 5 1 5 -2 4 -1 4 0 4 2.69971 4 2.2998 4 2.69971 3.83301 2.2998 3.83301 1 3.83301 1 4 0 3.83301 0 3 1 3 -1 3 -1 3.83301 -2 3.83301 -2 3 2.69971 3 2.2998 3 -2 4.89551 -1 4.89551 0 2.7998 -1 2.7998 -2 2.7998 2.69971 2.7998 2.2998 2.7998 1 2.7998 -2 5 -1 5 2.2998 5 2.69971 5 0.0996094 2.99707 0.0996094 2.97754 0.299805 2.99707 0.299805 2.97754</float_array>
                    <technique_common>
                        <accessor count="251" source="#ID191" stride="2">
                            <param name="S" type="float"/>
                            <param name="T" type="float"/>
                        </accessor>
                    </technique_common>
                </source>
                <vertices id="ID192">
                    <input semantic="POSITION" source="#ID186"/>
                </vertices>
                <triangles count="345" material="Material1">
                    <input offset="0" semantic="VERTEX" source="#ID192"/>
                    <input offset="1" semantic="NORMAL" source="#ID188"/>
                    <input offset="2" semantic="TEXCOORD" source="#ID190" set="0"/>
                    <p>251 2 2 270 1 1 247 0 0 270 1 1 251 2 2 271 3 3 258 0 4 271 3 3 251 2 2 271 3 3 258 0 4 272 1 5 268 2 6 272 1 5 258 0 4 272 1 5 268 2 6 273 3 7 247 0 0 273 3 7 268 2 6 273 3 7 247 0 0 270 1 1 276 6 9 291 5 8 322 4 8 291 5 8 276 6 9 290 7 10 277 8 10 290 7 10 276 6 9 292 11 11 279 10 12 323 9 11 279 10 12 292 11 11 278 12 13 297 13 13 278 12 13 292 11 11 293 15 14 275 14 15 320 4 14 275 14 15 293 15 14 274 16 16 295 17 16 274 16 16 293 15 14 280 20 18 294 19 17 321 18 17 294 19 17 280 20 18 296 21 19 281 22 19 296 21 19 280 20 18 332 23 22 165 23 21 159 23 20 165 23 21 332 23 22 331 23 23 330 23 26 167 23 25 164 23 24 167 23 25 330 23 26 326 23 27 325 23 30 149 23 29 141 23 28 149 23 29 325 23 30 329 23 31 328 23 34 154 23 33 148 23 32 154 23 33 328 23 34 327 23 35 326 23 27 140 23 36 167 23 25 140 23 36 326 23 27 324 23 37 322 4 8 275 14 15 276 6 9 275 14 15 322 4 8 320 4 14 321 18 17 279 10 12 280 20 18 279 10 12 321 18 17 323 9 11 281 22 19 297 13 13 296 21 19 297 13 13 281 22 19 278 12 13 277 8 10 295 17 16 290 7 10 295 17 16 277 8 10 274 16 16 303 24 38 213 24 39 195 24 38 213 24 39 303 24 38 319 24 39 316 23 40 217 23 41 89 23 40 217 23 41 316 23 40 305 23 41 318 24 42 211 24 43 212 24 42 211 24 43 318 24 42 313 24 43 314 23 44 90 23 45 82 23 44 90 23 45 314 23 44 317 23 45 312 24 46 207 24 47 210 24 46 207 24 47 312 24 46 309 24 47 311 23 48 83 23 49 77 23 48 83 23 49 311 23 48 315 23 49 308 24 50 202 24 51 206 24 50 202 24 51 308 24 50 307 24 51 76 23 52 306 23 53 310 23 52 306 23 53 76 23 52 78 23 53 299 23 54 78 23 53 94 23 54 78 23 53 299 23 54 306 23 53 307 24 51 197 24 55 202 24 51 197 24 55 307 24 51 301 24 55 304 23 56 93 23 57 216 23 56 93 23 57 304 23 56 298 23 57 300 24 58 194 24 59 196 24 58 194 24 59 300 24 58 302 24 59 319 26 39 305 26 41 316 25 40 305 26 41 319 26 39 303 25 38 314 27 44 318 27 42 317 27 45 318 27 42 314 27 44 313 27 43 309 28 47 315 28 49 311 28 48 315 28 49 309 28 47 312 28 46 307 31 51 310 30 52 306 29 53 310 30 52 307 31 51 308 32 50 306 29 53 301 33 55 307 31 51 301 33 55 306 29 53 299 33 54 300 35 58 304 35 56 302 34 59 304 35 56 300 35 58 298 34 57 296 36 19 289 36 13 288 36 19 289 36 13 296 36 19 297 36 13 297 24 13 284 24 11 289 24 13 284 24 11 297 24 13 292 24 11 294 23 17 288 23 19 286 23 17 288 23 19 294 23 17 296 23 19 290 37 10 287 37 16 282 37 10 287 37 16 290 37 10 295 37 16 295 23 16 285 23 14 287 23 16 285 23 14 295 23 16 293 23 14 291 24 8 282 24 10 283 24 8 282 24 10 291 24 8 290 24 10 262 40 60 289 39 13 284 38 11 289 39 13 262 40 60 231 41 61 231 41 61 288 42 19 289 39 13 288 42 19 231 41 61 223 43 62 286 45 17 223 43 62 265 44 63 223 43 62 286 45 17 288 42 19 264 48 64 287 47 16 285 46 14 287 47 16 264 48 64 269 49 65 269 49 65 282 50 10 287 47 16 282 50 10 269 49 65 259 51 66 283 53 8 259 51 66 261 52 67 259 51 66 283 53 8 282 50 10 279 10 12 281 22 19 280 20 18 281 22 19 279 10 12 278 12 13 275 14 15 277 8 10 276 6 9 277 8 10 275 14 15 274 16 16 255 55 68 273 55 7 270 54 1 273 55 7 255 55 68 252 54 69 252 23 69 272 23 5 273 23 7 272 23 5 252 23 69 253 23 70 253 56 70 271 56 3 272 56 5 271 56 3 253 56 70 254 56 71 254 24 71 270 24 1 271 24 3 270 24 1 254 24 71 255 24 68 217 57 41 86 57 72 89 57 40 86 57 72 217 57 41 219 57 73 246 23 76 201 23 75 215 23 74 201 23 75 246 23 76 267 23 75 257 60 79 176 59 78 190 58 77 176 59 78 257 60 79 250 61 80 249 64 83 174 63 82 177 62 81 174 63 82 249 64 83 240 65 84 242 23 85 214 23 86 209 23 85 214 23 86 242 23 85 244 23 86 239 68 89 182 67 88 175 66 87 182 67 88 239 68 89 234 69 90 236 23 91 208 23 92 205 23 91 208 23 92 236 23 91 241 23 92 233 72 95 185 71 94 183 70 93 185 71 94 233 72 95 227 73 96 204 23 97 224 23 98 235 23 97 224 23 98 204 23 97 203 23 98 221 23 99 203 23 98 199 23 99 203 23 98 221 23 99 224 23 98 227 73 96 186 74 100 185 71 94 186 74 100 227 73 96 230 75 101 253 76 70 255 76 68 254 76 71 255 76 68 253 76 70 252 76 69 243 78 104 248 78 103 245 77 102 248 78 103 243 78 104 238 77 105 232 81 107 243 80 104 237 79 106 243 80 104 232 81 107 238 82 105 226 84 109 237 79 106 225 83 108 237 79 106 226 84 109 232 81 107 225 83 108 228 85 110 226 84 109 228 85 110 225 83 108 222 86 111 93 87 57 218 87 112 216 87 56 218 87 112 93 87 57 91 87 113 195 57 38 215 57 74 201 57 75 215 57 74 195 57 38 213 57 39 211 89 43 214 89 86 212 88 42 214 89 86 211 89 43 209 88 85 205 90 91 210 90 46 207 90 47 210 90 46 205 90 91 208 90 92 203 93 98 206 92 50 202 91 51 206 92 50 203 93 98 204 92 97 202 91 51 199 94 99 203 93 98 199 94 99 202 91 51 197 94 55 196 87 58 200 87 115 198 87 114 200 87 115 196 87 58 194 87 59 133 97 118 193 96 117 178 95 116 193 96 117 133 97 118 97 98 119 109 101 122 147 100 121 152 99 120 147 100 121 109 101 122 137 102 123 136 105 126 144 104 125 146 103 124 144 104 125 136 105 126 125 106 127 129 109 130 179 108 129 172 107 128 179 108 129 129 109 130 132 110 131 124 113 134 171 112 133 145 111 132 171 112 133 124 113 134 117 114 135 121 117 138 173 116 137 180 115 136 173 116 137 121 117 138 128 118 139 116 121 142 163 120 141 170 119 140 163 120 141 116 121 142 114 122 143 181 125 146 112 124 145 120 123 144 112 124 145 181 125 146 184 126 147 101 128 149 184 126 147 188 127 148 184 126 147 101 128 149 112 124 145 114 122 143 158 129 150 163 120 141 158 129 150 114 122 143 105 130 151 160 23 153 327 23 35 333 23 152 327 23 35 160 23 153 154 23 33 104 133 156 153 132 155 157 131 154 153 132 155 104 133 156 108 134 157 190 58 77 178 95 116 193 96 117 178 95 116 190 58 77 176 59 78 187 137 160 192 136 159 189 135 158 192 136 159 187 137 160 191 138 161 185 71 94 188 127 148 184 126 147 188 127 148 185 71 94 186 74 100 184 126 147 183 70 93 185 71 94 183 70 93 184 126 147 181 125 146 180 115 136 175 66 87 182 67 88 175 66 87 180 115 136 173 116 137 174 63 82 179 108 129 177 62 81 179 108 129 174 63 82 172 107 128 169 90 162 145 111 132 171 112 133 145 111 132 169 90 162 143 90 163 166 139 164 170 119 140 163 120 141 170 119 140 166 139 164 168 140 165 163 120 141 162 141 166 166 139 164 162 141 166 163 120 141 158 129 150 157 131 154 156 87 168 161 87 167 156 87 168 157 131 154 153 132 155 152 99 120 151 57 170 155 57 169 151 57 170 152 99 120 147 100 121 144 104 125 150 142 171 146 103 124 150 142 171 144 104 125 142 142 172 96 143 173 189 135 158 192 136 159 189 135 158 96 143 173 100 144 174 131 145 177 138 145 176 134 145 175 138 145 176 131 145 177 127 145 178 119 147 181 130 147 180 123 146 179 130 147 180 119 147 181 126 146 182 115 150 185 122 149 184 113 148 183 122 149 184 115 150 185 118 149 186 113 148 183 107 85 187 115 150 185 107 85 187 113 148 183 103 86 188 102 152 191 110 152 190 106 151 189 110 152 190 102 152 191 98 151 192 79 91 193 94 141 54 78 153 53 94 141 54 79 91 193 92 141 194 77 90 48 85 90 196 81 90 195 85 90 196 77 90 48 83 90 49 84 89 198 90 89 45 88 88 197 90 89 45 84 89 198 82 88 44 78 153 53 80 154 199 79 91 193 80 154 199 78 153 53 76 140 52 266 23 115 198 23 114 200 23 115 198 23 114 266 23 115 263 23 200 229 155 201 191 138 161 187 137 160 191 138 161 229 155 201 260 156 202 99 158 205 139 158 204 111 157 203 139 158 204 99 158 205 135 157 206 191 138 161 260 156 202 256 159 207 198 23 114 263 23 200 220 23 114 35 24 210 8 24 209 12 24 208 8 24 209 35 24 210 7 24 211 33 24 211 7 24 211 35 24 210 7 24 211 33 24 211 5 24 212 25 24 212 5 24 212 33 24 211 5 24 212 25 24 212 3 24 213 26 24 213 3 24 213 25 24 212 8 162 209 11 161 214 12 160 208 11 161 214 8 162 209 9 163 215 7 164 211 9 163 215 8 162 209 9 163 215 7 164 211 6 165 216 50 23 217 37 23 218 29 23 217 37 23 218 50 23 217 87 23 218 87 23 218 34 23 219 37 23 218 34 23 219 87 23 218 95 23 219 28 23 220 48 23 221 49 23 220 48 23 221 28 23 220 30 23 221 51 24 222 55 24 223 56 24 222 55 24 223 51 24 222 47 24 223 47 24 223 54 24 224 55 24 223 54 24 224 47 24 223 45 24 224 30 23 221 44 23 225 48 23 221 44 23 225 30 23 221 31 23 225 95 23 219 31 23 225 34 23 219 31 23 225 95 23 219 44 23 225 45 24 224 59 24 226 54 24 224 59 24 226 45 24 224 46 24 226 42 167 227 54 167 224 59 166 226 54 167 224 42 167 227 41 166 228 59 170 226 43 169 229 42 168 227 43 169 229 59 170 226 58 171 230 40 173 232 58 171 230 57 172 231 58 171 230 40 173 232 43 169 229 56 174 222 38 175 234 39 174 233 38 175 234 56 174 222 55 176 223 41 177 228 55 176 223 54 177 224 55 176 223 41 177 228 38 175 234 95 180 219 53 179 230 46 178 226 53 179 230 95 180 219 87 181 218 52 183 231 87 181 218 50 182 217 87 181 218 52 183 231 53 179 230 49 184 220 47 185 223 51 184 222 47 185 223 49 184 220 48 186 221 45 187 224 48 186 221 44 187 225 48 186 221 45 187 224 47 185 223 45 188 224 95 188 219 46 188 226 95 188 219 45 188 224 44 188 225 20 23 232 43 23 229 40 23 232 43 23 229 20 23 232 24 23 229 27 24 235 13 24 236 4 24 235 13 24 236 27 24 235 36 24 236 36 24 236 12 24 208 13 24 236 12 24 208 36 24 236 35 24 210 57 24 231 53 24 230 52 24 231 53 24 230 57 24 231 58 24 230 24 23 229 42 23 227 43 23 229 42 23 227 24 23 229 16 23 227 16 23 227 41 23 228 42 23 227 41 23 228 16 23 227 14 23 228 14 23 228 38 23 234 41 23 228 38 23 234 14 23 228 18 23 234 39 23 233 18 23 234 19 23 233 18 23 234 39 23 233 38 23 234 29 173 217 36 189 236 27 172 235 36 189 236 29 173 217 37 190 218 35 191 210 37 190 218 34 191 219 37 190 218 35 191 210 36 189 236 31 192 225 35 192 210 34 192 219 35 192 210 31 192 225 33 192 211 31 177 225 25 176 212 33 177 211 25 176 212 31 177 225 30 193 221 26 194 213 30 193 221 28 194 220 30 193 221 26 194 213 25 176 212 24 196 229 32 195 237 16 195 227 32 195 237 24 196 229 23 196 238 22 197 239 24 196 229 20 197 232 24 196 229 22 197 239 23 196 238 19 184 233 17 198 241 21 184 240 17 198 241 19 184 233 18 186 234 15 200 242 18 186 234 14 199 228 18 186 234 15 200 242 17 198 241 15 201 242 16 201 227 32 201 237 16 201 227 15 201 242 14 201 228 4 197 235 10 202 244 2 197 243 10 202 244 4 197 235 13 203 236 5 204 212 6 187 216 7 187 211 6 187 216 5 204 212 0 204 245 13 203 236 11 161 214 10 202 244 11 161 214 13 203 236 12 160 208 58 24 230 46 24 226 53 24 230 46 24 226 58 24 230 59 24 226 1 184 246 5 204 212 3 184 213 5 204 212 1 184 246 0 204 245 60 206 249 66 206 248 63 205 247 66 206 248 60 206 249 64 205 250 62 24 247 66 24 248 67 24 248 66 24 248 62 24 247 63 24 247 67 207 248 64 207 250 65 207 250 64 207 250 67 207 248 66 207 248 65 23 250 60 23 249 61 23 249 60 23 249 65 23 250 64 23 250 61 209 249 63 209 247 62 208 247 63 209 247 61 209 249 60 208 249 68 212 249 74 211 248 71 210 247 74 211 248 68 212 249 72 211 250 70 24 247 74 24 248 75 24 248 74 24 248 70 24 247 71 24 247 75 214 248 72 214 250 73 213 250 72 214 250 75 214 248 74 213 248 73 23 250 68 23 249 69 23 249 68 23 249 73 23 250 72 23 250 69 215 249 71 210 247 70 215 247 71 210 247 69 215 249 68 212 249</p>
                </triangles>
            </mesh>
        </geometry>
        <geometry id="ID194">
            <mesh>
                <source id="ID195">
                    <float_array id="ID196" count="456">-2991 439.5 3432 -3196 438.5 3844.5 -3159.5 438.5 3840 -2755.25 452 3702.25 -2733.75 452 3855.25 -2903.5 452 4275.5 -3025.25 452 4370.5 -2991.5 451.75 4121.5 -3309.75 451 3990.25 -3196 451 3844.5 -3455.25 451 3876.5 -3341.5 451 3730.75 -3586.75 451.75 4194.75 -3064.5 451.75 3526.25 -3659.75 451.75 3599.5 -3956.75 453.75 3866 -3934 453.75 4029.25 -4002.5 456.75 4048.25 -4028 456.75 3866.5 -3869.5 453.75 4180.75 -3930.75 456.75 4217 -3768 453.75 4310.75 -3818 456.75 4361.5 -3936.75 453.75 3702.5 -4005.5 456.75 3684.75 -3636.5 453.75 4409.75 -3671.5 456.75 4471.75 -3875 453.75 3549.75 -3937 456.75 3514.75 -3483.75 453.75 4471.5 -3501.5 456.75 4540.5 -3775.75 453.75 3418 -3826.5 456.75 3368.25 -3320.25 453.75 4491.75 -3319.5 456.75 4562.75 -3646 453.75 3316.5 -3682 456.75 3255.5 -3157 453.75 4468.75 -3138 456.75 4537.25 -3494.25 453.75 3252.25 -3513.25 456.75 3183.75 -3005.25 453.75 4404.25 -2969.25 456.75 4465.5 -3331.25 453.75 3229.25 -3331.75 456.75 3158.25 -2875.5 453.75 4303 -2824.75 456.75 4352.75 -3167.5 453.75 3249.25 -3149.75 456.75 3180.5 -2776.25 453.75 4171.25 -2714.5 456.75 4206.25 -3014.75 453.75 3311 -2979.75 456.75 3249.25 -2714.5 453.75 4018.5 -2645.75 456.75 4036.25 -2883.25 453.75 3410.25 -2833.5 456.75 3359.5 -2694.5 453.75 3855 -2623.5 456.75 3854.25 -2781.75 453.75 3540 -2720.5 456.75 3504 -2717.5 453.75 3691.75 -2649 456.75 3672.75 -3617.25 439.5 4375.75 -3474 439.5 4433.75 -3483.75 441.25 4471.5 -3636.5 441.25 4409.75 -3740.5 439.5 4282.75 -3768 441.25 4310.75 -3835.75 439.5 4161 -3869.5 441.25 4180.75 -3896.25 439.5 4018.75 -3934 441.25 4029.25 -3917.75 439.5 3865.75 -3956.75 441.25 3866 -3898.75 439.5 3712.25 -3936.75 441.25 3702.5 -3841 439.5 3569 -3875 441.25 3549.75 -3748 439.5 3445.5 -3775.75 441.25 3418 -3626 439.5 3350.5 -3646 441.25 3316.5 -3483.75 439.5 3290 -3494.25 441.25 3252.25 -3330.75 439.5 3268.5 -3331.25 441.25 3229.25 -3177.5 439.5 3287.25 -3167.5 441.25 3249.25 -3034.25 439.5 3345.25 -3014.75 441.25 3311 -2910.75 439.5 3438.25 -2883.25 441.25 3410.25 -2815.5 439.5 3560 -2781.75 441.25 3540 -2755.25 439.5 3702.25 -2717.5 441.25 3691.75 -2733.75 439.5 3855.25 -2694.5 441.25 3855 -2752.5 439.5 4008.75 -2714.5 441.25 4018.5 -2810.5 439.5 4152 -2776.25 441.25 4171.25 -2903.5 439.5 4275.5 -2875.5 441.25 4303 -3025.25 439.5 4370.5 -3005.25 441.25 4404.25 -3167.5 439.5 4431 -3157 441.25 4468.75 -3320.5 439.5 4452.5 -3320.25 441.25 4491.75 -3305.25 451 4026.75 -3167.5 452 4431 -3320.5 452 4452.5 -3586.75 439.25 4194.75 -3309.75 438.5 3990.25 -3305.25 438.5 4026.75 -3660.5 439.5 4289 -3455.25 438.5 3876.5 -3492 438.5 3881 -3754.25 452 3525.75 -3841 452 3569 -3748 452 3445.5 -3346 451 3694.25 -3626 452 3350.5 -3483.75 452 3290 -3330.75 452 3268.5 -2991 452 3432 -3177.5 452 3287.25 -3034.25 452 3345.25 -2910.75 452 3438.25 -3159.5 451 3840 -2815.5 452 3560 -2897.25 452 4195.25 -2752.5 452 4008.75 -2810.5 452 4152 -2991.5 439.25 4121.5 -2897.25 439.5 4195.25 -3474 452 4433.75 -3660.5 452 4289 -3617.25 452 4375.75 -3740.5 452 4282.75 -3492 451 3881 -3835.75 452 4161 -3896.25 452 4018.75 -3917.75 452 3865.75 -3898.75 452 3712.25 -3341.5 438.5 3730.75 -3659.75 439.25 3599.5 -3754.25 439.5 3525.75 -3346 438.5 3694.25 -3064.5 439.25 3526.25</float_array>
                    <technique_common>
                        <accessor count="152" source="#ID196" stride="3">
                            <param name="X" type="float"/>
                            <param name="Y" type="float"/>
                            <param name="Z" type="float"/>
                        </accessor>
                    </technique_common>
                </source>
                <source id="ID197">
                    <float_array id="ID198" count="687">0.152433 0.694723 -0.70294 0.0229918 0.693868 -0.719736 -0.0351541 0.694739 -0.718403 -0.16476 0.693828 -0.70104 -0.220271 0.694707 -0.684736 -0.340412 0.693819 -0.634614 -0.389615 0.694681 -0.604664 -0.492801 0.693865 -0.52507 -0.532863 0.694718 -0.483139 -0.612055 0.693847 -0.379427 -0.639791 0.694686 -0.328754 -0.689394 0.693858 -0.208078 -0.703107 0.694703 -0.151751 -0.719788 0.693836 -0.0222828 -0.718433 0.694689 0.0355084 -0.701147 0.693798 0.164427 -0.684964 0.694678 0.219652 -0.634737 0.693874 0.34007 -0.604501 0.694736 0.389771 -0.524854 0.693842 0.493064 -0.483268 0.694674 0.532804 -0.379764 0.693913 0.611772 -0.328946 0.694705 0.639671 -0.208032 0.693875 0.689391 -0.151665 0.694707 0.703122 -0.0221479 0.693837 0.719791 0.0356531 0.694689 0.718426 0.164524 0.693826 0.701098 0.219702 0.694671 0.684955 0.340035 0.693911 0.634715 0.389795 0.694704 0.604521 0.493289 0.693764 0.524745 0.53308 0.694679 0.482957 0.612115 0.693788 0.379439 0.63976 0.694717 0.328748 0.689424 0.693824 0.208093 0.703096 0.694719 0.15173 0.719874 0.693735 0.0226381 0.718464 0.694694 -0.0347896 0.70114 0.693859 -0.164205 0.684704 0.694767 -0.220183 0.634478 0.693778 -0.340749 0.604512 0.694692 -0.389832 0.524956 0.693839 -0.49296 0.482959 0.694755 -0.532978 0.379343 0.693749 -0.612218 0.32867 0.694721 -0.639796 0.208444 0.693759 -0.689383 -0.0347097 0 0.999397 -0.207524 0 0.97823 -0.29286 0 0.956155 -0.454423 0 0.890786 -0.530681 0 0.847572 -0.669124 0 0.743151 -0.731352 0 0.682 -0.838183 0 0.545389 -0.882729 0 0.469883 -0.950843 0 0.309672 -0.97437 0 0.22495 -0.998635 0 0.0522233 -0.99936 0 -0.0357828 -0.97811 0 -0.208088 -0.956294 0 -0.292407 -0.891388 0 -0.453241 -0.848181 0 -0.529707 -0.743084 0 -0.669198 -0.681124 0 -0.732168 -0.544115 0 -0.83901 -0.46922 0 -0.883081 -0.309672 0 -0.950843 -0.22495 0 -0.97437 -0.0526884 0 -0.998611 0.034841 0 -0.999393 0.207652 0 -0.978203 0.292922 0 -0.956136 0.454136 0 -0.890933 0.530128 0 -0.847918 0.66864 0 -0.743587 0.731132 0 -0.682236 0.838452 0 -0.544976 0.883197 0 -0.469003 0.951152 0 -0.308724 0.974481 0 -0.22447 0.998608 0 -0.0527532 0.999397 0 0.0347097 0.97823 0 0.207524 0.956155 0 0.29286 0.890933 0 0.454136 0.847918 0 0.530128 0.743304 0 0.668953 0.681612 0 0.731714 0.544674 0 0.838648 0.469511 0 0.882927 0.309672 0 0.950843 0.22495 0 0.97437 0.0527532 0 0.998608 0.000185866 1 -0.000708796 0.00126726 0.999998 0.00163161 0.000422801 1 0.000626492 0.00198951 0.999998 0.000669052 -0.0376641 0.999106 -0.0191784 -0.0313913 0.999108 -0.0282483 0.00223417 0.999108 0.0421805 -0.00876399 0.999107 0.0413308 -0.0230006 0.999108 -0.0354155 0.0130658 0.999107 0.0401844 -0.0130669 0.999109 -0.0401364 0.0230579 0.999104 0.0354808 0.0313516 0.999109 0.0282377 -0.00222941 0.999108 -0.0421796 0.00876461 0.999111 -0.0412384 0.0375858 0.99911 0.0191329 0.0191194 0.999112 -0.0375458 0.0412855 0.999109 0.00876466 -0.000709502 1 -0.000185806 0.00163328 0.999998 -0.00126931 0.000623844 1 -0.000425372 0.000671933 0.999998 -0.00199069 0.0281719 0.999112 -0.0313138 0.042083 0.999112 -0.00218451 0.0353401 0.999112 -0.0229528 0.0401167 0.99911 -0.0130648 0.924279 0 0.381718 0.997965 0 0.0637664 0.952921 0 -0.30322 0.593942 0 0.804508 0.303379 0 0.95287 -0.0634049 0 0.997988 0.0637664 0 -0.997965 -0.593913 0 -0.804529 -0.30322 0 -0.952921 0.000130087 0.999999 0.00105754 -0.00079384 1 9.74626e-005 0.00079384 1 -9.74626e-005 -0.000130087 0.999999 -0.00105754 0 1 -0 -0.000933967 0.999999 -0.00117863 -0.000727208 0.999999 -0.000858232 1.02425e-005 0.999998 -0.00189413 -0.000187111 1 0.000709043 -0.00126931 0.999998 -0.00163328 -0.000425361 1 -0.00062376 -0.00199091 0.999998 -0.000671213 -0.804508 -0 0.593942 -0.952928 0 0.303195 -0.997957 0 -0.0638819 0.804529 0 -0.593913 -0.00163242 0.999998 0.00127254 -0.000669787 0.999998 0.00199415 0.000710186 1 0.000181773 -0.00062167 1 0.000429138 0.804508 0 -0.593942 0.952928 0 -0.303195 0.997957 0 0.0638819 -0.997965 0 -0.0637664 -0.804529 0 0.593913 -0.952921 0 0.30322 0.00222233 0.999997 0.000569278 0.00104403 0.999999 0.000968911 0.00189451 0.999998 1.04247e-005 0.000726774 0.999999 0.000858586 0.924211 0 0.381882 -0.924279 0 -0.381718 -0.593942 0 -0.804508 -0.303379 0 -0.95287 0.0634049 0 -0.997988 0.00117863 0.999999 -0.000933967 0.000858232 0.999999 -0.000727208 -0.0635162 0 0.997981 0.594184 0 0.804329 0.303507 0 0.952829 0.000568732 0.999997 -0.00222119 0.00096981 0.999999 -0.00104322 0.381261 0 -0.924467 -0.00222119 0.999997 -0.000568732 -0.00104322 0.999999 -0.00096981 -0.00189407 0.999998 -1.06918e-005 -0.00117851 0.999999 0.000933069 -0.00085812 0.999999 0.000727496 -0.381518 -0 0.924361 -0.000569054 0.999997 0.0022214 -0.000970224 0.999999 0.00104355 -1.08161e-005 0.999998 0.00189453 -0.381261 0 0.924467 0.000933388 0.999999 0.0011791 0.381718 0 -0.924279 -0.0401508 0.999109 0.0130322 -0.0421796 0.999108 0.00222941 -0.924211 0 -0.381882 0.00158377 0.999001 -0.0446577 0.0131239 0.998994 -0.0428857 -0.0100484 0.999003 -0.043493 -0.0209465 0.999004 -0.039404 -0.0303919 0.999005 -0.0326252 -0.0377782 0.999007 -0.0236262 -0.0426246 0.999006 -0.0130452 -0.0445623 0.999005 -0.0015494 -0.0434991 0.999003 0.0100267 -0.039411 0.999004 0.0209232 -0.0326025 0.999005 0.0304212 -0.0235901 0.999011 0.0376923 -0.0130197 0.99901 0.0425457 -0.00155135 0.999006 0.0445483 0.0100496 0.999004 0.043479 0.0208347 0.999011 0.0392819 0.0304436 0.999003 0.0326537 0.0379953 0.998996 0.0237326 0.0427125 0.999002 0.0130823 0.0447462 0.998997 0.00157119 0.043594 0.998999 -0.0100398 0.0394712 0.999 -0.0210222 0.0326699 0.999003 -0.0304376 0.0237126 0.999 -0.0379144 -0.035405 0.999108 0.0230106 -0.0282569 0.999108 0.0313871 -0.0413362 0.999107 -0.00876728 -0.0191886 0.999106 0.0376583 0.00178281 0.999997 0.00139139 -0.00139255 0.999997 0.00178124 0.00139255 0.999997 -0.00178124 -0.000625321 0.999997 -0.00226063 -0.00178281 0.999997 -0.00139139 -0.00226119 0.999997 0.000623662 -0.00234961 0.999997 2.3037e-005 2.2805e-005 0.999997 0.00234961 0.000625321 0.999997 0.00226063 0.00234955 0.999997 -2.1141e-005 0.00226063 0.999997 -0.000625321 -2.3037e-005 0.999997 -0.00234961</float_array>
                    <technique_common>
                        <accessor count="229" source="#ID198" stride="3">
                            <param name="X" type="float"/>
                            <param name="Y" type="float"/>
                            <param name="Z" type="float"/>
                        </accessor>
                    </technique_common>
                </source>
                <source id="ID199">
                    <float_array id="ID200" count="176">0.386719 0.0654297 0.503906 0.0507813 0.619141 0.0673828 0.727539 0.113281 0.820313 0.185547 0.890625 0.279297 0.93457 0.387695 0.949219 0.504883 0.932617 0.620117 0.886719 0.728516 0.814453 0.821289 0.720703 0.891602 0.612305 0.935547 0.495117 0.950195 0.379883 0.933594 0.271484 0.887695 0.178711 0.81543 0.108398 0.72168 0.0644531 0.613281 0.0498047 0.496094 0.0664063 0.380859 0.112305 0.272461 0.18457 0.179688 0.27832 0.109375 0.50293 0.0791016 0.393555 0.0927734 0.291992 0.133789 0.204102 0.200195 0.136719 0.286133 0.09375 0.387695 0.078125 0.49707 0.0917969 0.606445 0.132813 0.708008 0.199219 0.795898 0.285156 0.863281 0.386719 0.90625 0.496094 0.921875 0.605469 0.908203 0.707031 0.867188 0.794922 0.800781 0.862305 0.714844 0.905273 0.613281 0.920898 0.503906 0.907227 0.394531 0.866211 0.292969 0.799805 0.205078 0.713867 0.137695 0.612305 0.0947266 0.380859 0.486328 0.194336 0.739258 0.407227 0.489258 0.261719 0.686523 0.93457 0.253906 0.856445 0.150391 0.495117 1 0.625 0.984375 0.75293 0.0693359 0.366211 0.982422 0.632813 0.0185547 0.246094 0.931641 0.142578 0.850586 0.503906 0 0.374023 0.0166016 0.0644531 0.74707 0.25293 0.0654297 0.015625 0.625977 0.513672 0.381836 0.260742 0.195313 0.510742 0.408203 0.313477 0.262695 0.149414 0.143555 0 0.496094 0.0683594 0.24707 0.0175781 0.367188 0.488281 0.592773 0.591797 0.511719 0.804688 0.261719 0.618164 0.514648 0.737305 0.314453 0.738281 0.805664 0.685547 0.738281 0.485352 0.619141 0.981445 0.633789 0.999023 0.504883 0.930664 0.753906 0.849609 0.857422 0.983398 0.375 0.746094 0.935547</float_array>
                    <technique_common>
                        <accessor count="88" source="#ID200" stride="2">
                            <param name="S" type="float"/>
                            <param name="T" type="float"/>
                        </accessor>
                    </technique_common>
                </source>
                <vertices id="ID201">
                    <input semantic="POSITION" source="#ID195"/>
                </vertices>
                <triangles count="278" material="Material1">
                    <input offset="0" semantic="VERTEX" source="#ID201"/>
                    <input offset="1" semantic="NORMAL" source="#ID197"/>
                    <input offset="2" semantic="TEXCOORD" source="#ID199" set="0"/>
                    <p>33 2 1 110 1 1 29 0 0 110 1 1 33 2 1 108 3 2 37 4 2 108 3 2 33 2 1 108 3 2 37 4 2 106 5 3 41 6 3 106 5 3 37 4 2 106 5 3 41 6 3 104 7 4 45 8 4 104 7 4 41 6 3 104 7 4 45 8 4 102 9 5 49 10 5 102 9 5 45 8 4 102 9 5 49 10 5 100 11 6 53 12 6 100 11 6 49 10 5 100 11 6 53 12 6 98 13 7 57 14 7 98 13 7 53 12 6 98 13 7 57 14 7 96 15 8 61 16 8 96 15 8 57 14 7 96 15 8 61 16 8 94 17 9 59 18 9 94 17 9 61 16 8 94 17 9 59 18 9 92 19 10 55 20 10 92 19 10 59 18 9 92 19 10 55 20 10 90 21 11 51 22 11 90 21 11 55 20 10 90 21 11 51 22 11 88 23 12 47 24 12 88 23 12 51 22 11 88 23 12 47 24 12 86 25 13 43 26 13 86 25 13 47 24 12 86 25 13 43 26 13 84 27 14 39 28 14 84 27 14 43 26 13 84 27 14 39 28 14 82 29 15 35 30 15 82 29 15 39 28 14 82 29 15 35 30 15 80 31 16 31 32 16 80 31 16 35 30 15 80 31 16 31 32 16 78 33 17 27 34 17 78 33 17 31 32 16 78 33 17 27 34 17 76 35 18 23 36 18 76 35 18 27 34 17 76 35 18 23 36 18 74 37 19 15 38 19 74 37 19 23 36 18 74 37 19 15 38 19 72 39 20 16 40 20 72 39 20 15 38 19 72 39 20 16 40 20 70 41 21 19 42 21 70 41 21 16 40 20 70 41 21 19 42 21 68 43 22 21 44 22 68 43 22 19 42 21 68 43 22 21 44 22 66 45 23 25 46 23 66 45 23 21 44 22 66 45 23 25 46 23 65 47 0 29 0 0 65 47 0 25 46 23 65 47 0 29 0 0 110 1 1 138 50 25 64 49 25 113 48 24 64 49 25 138 50 25 63 51 26 140 52 26 63 51 26 138 50 25 63 51 26 140 52 26 67 53 27 141 54 27 67 53 27 140 52 26 67 53 27 141 54 27 69 55 28 143 56 28 69 55 28 141 54 27 69 55 28 143 56 28 71 57 29 144 58 29 71 57 29 143 56 28 71 57 29 144 58 29 73 59 30 145 60 30 73 59 30 144 58 29 73 59 30 145 60 30 75 61 31 146 62 31 75 61 31 145 60 30 75 61 31 146 62 31 77 63 32 121 64 32 77 63 32 146 62 31 77 63 32 121 64 32 79 65 33 122 66 33 79 65 33 121 64 32 79 65 33 122 66 33 81 67 34 124 68 34 81 67 34 122 66 33 81 67 34 124 68 34 83 69 35 125 70 35 83 69 35 124 68 34 83 69 35 125 70 35 85 71 36 126 72 36 85 71 36 125 70 35 85 71 36 126 72 36 87 73 37 128 74 37 87 73 37 126 72 36 87 73 37 128 74 37 89 75 38 129 76 38 89 75 38 128 74 37 89 75 38 129 76 38 91 77 39 130 78 39 91 77 39 129 76 38 91 77 39 130 78 39 93 79 40 132 80 40 93 79 40 130 78 39 93 79 40 132 80 40 95 81 41 3 82 41 95 81 41 132 80 40 95 81 41 3 82 41 97 83 42 4 84 42 97 83 42 3 82 41 97 83 42 4 84 42 99 85 43 134 86 43 99 85 43 4 84 42 99 85 43 134 86 43 101 87 44 135 88 44 101 87 44 134 86 43 101 87 44 135 88 44 103 89 45 5 90 45 103 89 45 135 88 44 103 89 45 5 90 45 105 91 46 6 92 46 105 91 46 5 90 45 105 91 46 6 92 46 107 93 47 112 94 47 107 93 47 6 92 46 107 93 47 112 94 47 109 95 24 113 48 24 109 95 24 112 94 47 109 95 24 113 48 24 64 49 25 118 98 50 149 97 49 119 96 48 149 97 49 118 98 50 148 99 51 49 10 5 46 101 53 50 100 52 46 101 53 49 10 5 45 8 4 43 26 13 48 103 55 44 102 54 48 103 55 43 26 13 47 24 12 45 8 4 42 104 56 46 101 53 42 104 56 45 8 4 41 6 3 39 28 14 44 102 54 40 105 57 44 102 54 39 28 14 43 26 13 41 6 3 38 106 58 42 104 56 38 106 58 41 6 3 37 4 2 35 30 15 40 105 57 36 107 59 40 105 57 35 30 15 39 28 14 31 32 16 36 107 59 32 108 60 36 107 59 31 32 16 35 30 15 33 2 1 30 110 62 34 109 61 30 110 62 33 2 1 29 0 0 27 34 17 32 108 60 28 111 63 32 108 60 27 34 17 31 32 16 29 0 0 26 112 64 30 110 62 26 112 64 29 0 0 25 46 23 23 36 18 28 111 63 24 113 65 28 111 63 23 36 18 27 34 17 115 116 68 117 115 67 116 114 66 117 115 67 115 116 68 114 117 69 25 46 23 22 118 70 26 112 64 22 118 70 25 46 23 21 44 22 15 38 19 24 113 65 18 119 71 24 113 65 15 38 19 23 36 18 21 44 22 20 120 72 22 118 70 20 120 72 21 44 22 19 42 21 19 42 21 17 121 73 20 120 72 17 121 73 19 42 21 16 40 20 16 40 20 18 119 71 17 121 73 18 119 71 16 40 20 15 38 19 37 4 2 34 109 61 38 106 58 34 109 61 37 4 2 33 2 1 117 122 67 142 123 48 139 122 67 142 123 48 117 122 67 119 124 48 114 125 69 8 126 68 12 125 69 8 126 68 114 125 69 115 127 68 116 130 66 139 129 67 111 128 66 139 129 67 116 130 66 117 129 67 10 133 50 9 132 75 11 131 74 9 132 75 10 133 50 8 134 68 133 137 76 6 136 46 5 135 45 6 136 46 133 137 76 111 138 66 1 141 75 137 140 76 2 139 77 137 140 76 1 141 75 136 142 78 148 143 51 10 144 50 14 143 51 10 144 50 148 143 51 118 145 50 119 124 48 120 146 49 142 123 48 120 146 49 119 124 48 149 146 49 151 148 80 2 139 77 0 147 79 2 139 77 151 148 80 1 141 75 147 150 74 0 147 79 150 149 81 0 147 79 147 150 74 151 148 80 136 151 78 9 152 75 7 151 78 9 152 75 136 151 78 1 153 75 2 156 77 133 155 76 131 154 77 133 155 76 2 156 77 137 155 76 148 99 51 150 149 81 149 97 49 150 149 81 148 99 51 147 150 74 142 159 48 121 158 32 146 157 31 121 158 32 142 159 48 120 160 49 1 153 75 13 161 80 9 152 75 13 161 80 1 153 75 151 161 80 0 162 79 131 154 77 127 162 79 131 154 77 0 162 79 2 156 77 151 163 80 11 164 74 13 163 80 11 164 74 151 163 80 147 165 74 139 167 67 143 166 28 141 135 27 143 166 28 139 167 67 142 159 48 150 170 81 127 169 79 123 168 81 127 169 79 150 170 81 0 169 79 111 138 66 140 172 26 138 171 25 140 172 26 111 138 66 139 167 67 147 165 74 14 173 51 11 164 74 14 173 51 147 165 74 148 173 51 136 142 78 116 114 66 137 140 76 116 114 66 136 142 78 115 116 68 131 176 77 135 175 44 134 174 43 135 175 44 131 176 77 133 137 76 127 178 79 132 177 40 130 135 39 132 177 40 127 178 79 131 176 77 149 179 49 123 168 81 120 179 49 123 168 81 149 179 49 150 170 81 123 182 81 129 181 38 128 180 37 129 181 38 123 182 81 127 178 79 115 127 68 7 183 78 8 126 68 7 183 78 115 127 68 136 183 78 120 160 49 124 184 34 122 135 33 124 184 34 120 160 49 123 182 81 137 185 76 111 128 66 133 185 76 111 128 66 137 185 76 116 130 66 114 117 69 119 96 48 117 115 67 119 96 48 114 117 69 118 98 50 61 16 8 58 187 83 62 186 82 58 187 83 61 16 8 57 14 7 118 145 50 12 188 69 10 144 50 12 188 69 118 145 50 114 188 69 109 189 24 65 47 0 110 1 1 65 47 0 109 189 24 64 190 25 107 191 47 110 1 1 108 3 2 110 1 1 107 191 47 109 189 24 105 192 46 108 3 2 106 5 3 108 3 2 105 192 46 107 191 47 103 193 45 106 5 3 104 7 4 106 5 3 103 193 45 105 192 46 101 194 44 104 7 4 102 9 5 104 7 4 101 194 44 103 193 45 99 195 43 102 9 5 100 11 6 102 9 5 99 195 43 101 194 44 97 196 42 100 11 6 98 13 7 100 11 6 97 196 42 99 195 43 95 197 41 98 13 7 96 15 8 98 13 7 95 197 41 97 196 42 93 198 40 96 15 8 94 17 9 96 15 8 93 198 40 95 197 41 91 199 39 94 17 9 92 19 10 94 17 9 91 199 39 93 198 40 89 200 38 92 19 10 90 21 11 92 19 10 89 200 38 91 199 39 87 201 37 90 21 11 88 23 12 90 21 11 87 201 37 89 200 38 85 202 36 88 23 12 86 25 13 88 23 12 85 202 36 87 201 37 83 203 35 86 25 13 84 27 14 86 25 13 83 203 35 85 202 36 81 204 34 84 27 14 82 29 15 84 27 14 81 204 34 83 203 35 79 205 33 82 29 15 80 31 16 82 29 15 79 205 33 81 204 34 77 206 32 80 31 16 78 33 17 80 31 16 77 206 32 79 205 33 75 207 31 78 33 17 76 35 18 78 33 17 75 207 31 77 206 32 73 208 30 76 35 18 74 37 19 76 35 18 73 208 30 75 207 31 71 209 29 74 37 19 72 39 20 74 37 19 71 209 29 73 208 30 69 210 28 72 39 20 70 41 21 72 39 20 69 210 28 71 209 29 67 211 27 70 41 21 68 43 22 70 41 21 67 211 27 69 210 28 63 212 26 68 43 22 66 45 23 68 43 22 63 212 26 67 211 27 64 190 25 66 45 23 65 47 0 66 45 23 64 190 25 63 212 26 59 18 9 62 186 82 60 213 84 62 186 82 59 18 9 61 16 8 55 20 10 60 213 84 56 214 85 60 213 84 55 20 10 59 18 9 57 14 7 54 215 86 58 187 83 54 215 86 57 14 7 53 12 6 51 22 11 56 214 85 52 216 87 56 214 85 51 22 11 55 20 10 53 12 6 50 100 52 54 215 86 50 100 52 53 12 6 49 10 5 47 24 12 52 216 87 48 103 55 52 216 87 47 24 12 51 22 11 5 135 45 135 175 44 133 137 76 10 133 50 11 131 74 14 217 51 9 132 75 13 218 80 11 131 74 8 134 68 10 133 50 12 219 69 112 220 47 6 136 46 111 138 66 9 132 75 8 134 68 7 221 78 4 223 42 3 222 41 131 176 77 3 222 41 132 177 40 131 176 77 128 180 37 126 224 36 123 182 81 125 225 35 124 184 34 123 182 81 146 157 31 145 226 30 142 159 48 144 227 29 143 166 28 142 159 48 141 135 27 140 172 26 139 167 67 138 171 25 113 228 24 111 138 66 130 135 39 129 181 38 127 178 79 126 224 36 125 225 35 123 182 81 122 135 33 121 158 32 120 160 49 134 174 43 4 223 42 131 176 77 113 228 24 112 220 47 111 138 66 145 226 30 144 227 29 142 159 48</p>
                </triangles>
            </mesh>
        </geometry>
        <geometry id="ID203">
            <mesh>
                <source id="ID204">
                    <float_array id="ID205" count="3171">-2687.25 456.75 2395 -2102.25 1468.5 1635.75 -5506 843.5 -2547.5 -2625 1435.75 2405.25 -2106 1468.5 1615.5 -2106 1468.5 1615.5 -5478.75 843.5 -2551.5 -2157.75 456.75 1685 -2635.25 1452.25 2413.75 -2097.5 1452.25 1605.25 -5488.75 843.5 -2577 -2605.75 1452.25 2424.5 -2085.75 1468.5 1611.75 -2085.75 1468.5 1611.75 -2645.5 1435.75 2405.25 -2082 1468.5 1632 -2654 1452.25 2395 -2070.5 1452.25 1589.5 -2070.5 1452.25 1589.5 -2664.75 1452.25 2424.5 -2094 1514.5 1623.75 -2635.25 1390 2395 -2128.5 1452.25 1600.25 -2128.5 1452.25 1600.25 -2625 1435.75 2384.5 -2625 1435.75 2384.5 -2491 1380 931.5 -2491 1380 931.5 -2645.5 1435.75 2384.5 -2645.5 1435.75 2384.5 -2509 1400.5 954.75 -2509 1400.5 954.75 -2616.25 1452.25 2395 -2491 1405.5 962.25 -2491 1405.5 962.25 -2491 1405.5 962.25 -2645.5 1468.5 2405.25 -2505.25 1380 925.75 -3357.5 616.5 1802 -2645.5 1468.5 2384.5 -2645.5 1468.5 2384.5 -2527 1405.5 947.5 -2527 1405.5 947.5 -3561 616.5 1645.75 -2635.25 1452.25 2376 -2477 1380 925.75 -3567 626.5 1653.75 -2625 1468.5 2384.5 -2625 1468.5 2384.5 -2473.25 1400.5 954.75 -2473.25 1400.5 954.75 -3363.75 626.5 1810 -2625 1468.5 2405.25 -2455.25 1405.5 947.5 -2455.25 1405.5 947.5 -2640.25 616.5 2368.25 -2605.75 1452.25 2365.5 -2605.75 1452.25 2365.5 -2471.25 1380 911.75 -2805.75 616.5 2239.25 -2635.25 1514.25 2395 -2448 1400.5 929.5 -2448 1400.5 929.5 -2811.75 626.5 2247.25 -2664.75 1452.25 2365.5 -2664.75 1452.25 2365.5 -2440.5 1405.5 911.75 -2440.5 1405.5 911.75 -2639 626.5 2379.75 -3644.25 1380 1629.5 -3644.25 1380 1629.5 -2477 1380 897.5 -2147.25 626.5 1685.5 -3662 1400.5 1652.75 -3662 1400.5 1652.75 -2448 1400.5 893.75 -2448 1400.5 893.75 -2157.75 616.5 1685 -3644.25 1405.5 1660.25 -3644.25 1405.5 1660.25 -3644.25 1405.5 1660.25 -2455.25 1405.5 875.75 -2455.25 1405.5 875.75 -2484.5 616.5 1022.5 -3658.25 1380 1623.75 -2491 1380 891.75 -2475.75 626.5 1018 -3680 1405.5 1645.25 -3680 1405.5 1645.25 -2473.25 1400.5 868.5 -2473.25 1400.5 868.5 -2799.5 626.5 2231.25 -3630 1380 1623.75 -2491 1405.5 861 -2491 1405.5 861 -2641.25 626.5 2356.75 -3626.25 1400.5 1652.75 -3626.25 1400.5 1652.75 -2505.25 1380 897.5 -2168.5 626.5 1684.5 -3608.25 1405.5 1645.25 -3608.25 1405.5 1645.25 -2509 1400.5 868.5 -2509 1400.5 868.5 -2493.5 626.5 1027 -3624.25 1380 1609.5 -2527 1405.5 875.75 -2527 1405.5 875.75 -3554.75 626.5 1638 -3601 1400.5 1627.5 -3601 1400.5 1627.5 -2511 1380 911.75 -3351.5 626.5 1794.25 -3593.5 1405.5 1609.5 -3593.5 1405.5 1609.5 -2534.25 1400.5 893.75 -2534.25 1400.5 893.75 -3357.5 456.75 1802 -3630 1380 1595.5 -2541.75 1405.5 911.75 -2541.75 1405.5 911.75 -3561 456.75 1645.75 -3601 1400.5 1591.75 -3601 1400.5 1591.75 -2534.25 1400.5 929.5 -2534.25 1400.5 929.5 -3567 466.75 1653.75 -3608.25 1405.5 1573.75 -3608.25 1405.5 1573.75 -2491 1390 911.75 -3363.75 466.75 1810 -3644.25 1380 1589.5 -2491 1370 940.75 -2491 1370 940.75 -2640.25 456.75 2368.25 -3626.25 1400.5 1566.25 -3626.25 1400.5 1566.25 -2511.75 1370 932.25 -2805.75 456.75 2239.25 -3644.25 1405.5 1559 -3644.25 1405.5 1559 -2511.75 1380 932.25 -2811.75 466.75 2247.25 -3658.25 1380 1595.5 -2491 1380 940.75 -2491 1380 940.75 -2639 466.75 2379.75 -3662 1400.5 1566.25 -3662 1400.5 1566.25 -2470.5 1370 932.25 -2147.25 466.75 1685.5 -3680 1405.5 1573.75 -3680 1405.5 1573.75 -2470.5 1380 932.25 -2484.5 456.75 1022.5 -3664 1380 1609.5 -2462 1370 911.75 -2475.75 466.75 1018 -3687.25 1400.5 1591.75 -3687.25 1400.5 1591.75 -2462 1380 911.75 -2799.5 466.75 2231.25 -3694.75 1405.5 1609.5 -3694.75 1405.5 1609.5 -2470.5 1370 891 -2641.25 466.75 2356.75 -3687.25 1400.5 1627.5 -3687.25 1400.5 1627.5 -2470.5 1380 891 -2168.5 466.75 1684.5 -3644.25 1390 1609.5 -3644.25 1390 1609.5 -2491 1370 882.5 -2493.5 466.75 1027 -3644.25 1370 1638.75 -3644.25 1370 1638.75 -2491 1380 882.5 -3554.75 466.75 1638 -3664.75 1370 1630.25 -2511.75 1370 891 -3351.5 466.75 1794.25 -3664.75 1380 1630.25 -2511.75 1380 891 -3644.25 1380 1638.75 -3644.25 1380 1638.75 -2520.25 1370 911.75 -3623.5 1370 1630.25 -2520.25 1380 911.75 -3623.5 1380 1630.25 -2491 500.75 939.5 -2491 500.75 939.5 -3615 1370 1609.5 -2511 500.75 931.5 -3615 1380 1609.5 -2505.25 505 925.75 -2505.25 505 925.75 -3623.5 1370 1589 -2491 505 931.5 -2491 505 931.5 -2491 505 931.5 -2491 505 931.5 -3623.5 1380 1589 -2471.25 500.75 931.5 -3644.25 1370 1580.25 -2477 505 925.75 -2477 505 925.75 -3644.25 1380 1580.25 -2463 500.75 911.75 -3664.75 1370 1589 -2471.25 505 911.75 -2471.25 505 911.75 -3664.75 1380 1589 -2471.25 500.75 891.75 -3673.25 1370 1609.5 -2477 505 897.5 -2477 505 897.5 -3673.25 1380 1609.5 -2491 500.75 883.75 -3644.25 500.75 1637.5 -3644.25 500.75 1637.5 -2491 505 891.75 -2491 505 891.75 -3664 500.75 1629.25 -2511 500.75 891.75 -3658.25 505 1623.75 -3658.25 505 1623.75 -2505.25 505 897.5 -2505.25 505 897.5 -3644.25 505 1629.5 -3644.25 505 1629.5 -3644.25 505 1629.5 -3644.25 505 1629.5 -2519 500.75 911.75 -3624.25 500.75 1629.25 -2511 505 911.75 -2511 505 911.75 -3630 505 1623.75 -3630 505 1623.75 -2491 466.25 946 -2491 466.25 946 -3616.25 500.75 1609.5 -2515.5 466.25 936 -3624.25 505 1609.5 -3624.25 505 1609.5 -2522.25 482.75 942.75 -3624.25 500.75 1589.75 -2491 482.75 955.75 -2491 482.75 955.75 -3630 505 1595.5 -3630 505 1595.5 -2466.75 466.25 936 -3644.25 500.75 1581.5 -2460 482.75 942.75 -3644.25 505 1589.5 -3644.25 505 1589.5 -2456.75 466.25 911.75 -3664 500.75 1589.75 -2447 482.75 911.75 -3658.25 505 1595.5 -3658.25 505 1595.5 -2466.75 466.25 887.25 -3672.25 500.75 1609.5 -2460 482.75 880.5 -3664 505 1609.5 -3664 505 1609.5 -2491 466.25 877.25 -3644.25 466.25 1644 -3644.25 466.25 1644 -2491 482.75 867.5 -3668.5 466.25 1633.75 -2515.5 466.25 887.25 -3675.25 482.75 1640.75 -2522.25 482.75 880.5 -3644.25 482.75 1653.5 -3644.25 482.75 1653.5 -2525.5 466.25 911.75 -3619.75 466.25 1633.75 -2535 482.75 911.75 -3613 482.75 1640.75 -2491 1370 931.5 -2491 1370 931.5 -3609.75 466.25 1609.5 -2477 1370 925.75 -3600.25 482.75 1609.5 -2471.25 1370 911.75 -3619.75 466.25 1585.25 -2477 1370 897.5 -3613 482.75 1578.5 -2491 1370 891.75 -3644.25 466.25 1575.25 -2505.25 1370 897.5 -3644.25 482.75 1565.5 -2511 1370 911.75 -3668.5 466.25 1585.25 -2505.25 1370 925.75 -3675.25 482.75 1578.5 -2455 496.5 911.75 -3678.5 466.25 1609.5 -2465.75 496.5 886.25 -2284 475 3066.5 -3688.25 482.75 1609.5 -2491 496.5 875.75 -2311.25 475 3062.5 -3644.25 1370 1629.5 -3644.25 1370 1629.5 -2516.5 496.5 886.25 -2328.25 456.75 3092.25 -3630 1370 1623.75 -2527 496.5 911.75 -2328.25 475 3041 -3624.25 1370 1609.5 -2516.5 496.5 937 -2345.5 475 3062.5 -3630 1370 1595.5 -2491 496.5 947.75 -2491 496.5 947.75 -3611.25 819 1675.75 -2372.5 475 3066.5 -3644.25 1370 1589.5 -2465.75 496.5 937 -3616.25 827.25 1680 -2362.5 475 3092.25 -3658.25 1370 1595.5 -2470.25 494.25 890.75 -3601.5 827.25 1685.25 -2372.5 475 3117.75 -3664 1370 1609.5 -2461.5 494.25 911.75 -3621.5 819 1675.75 -2345.5 475 3121.75 -3658.25 1370 1623.75 -2491 494.25 882 -3625.75 827.25 1670.5 -2328.25 475 3143.25 -3669.5 496.5 1635 -2512 494.25 890.75 -3631 827.25 1685.25 -2311.25 475 3121.75 -3644.25 496.5 1645.5 -3644.25 496.5 1645.5 -2520.75 494.25 911.75 -3616.25 796 1670.5 -2284 475 3117.75 -3618.75 496.5 1635 -2512 494.25 932.5 -3611.25 819 1665.5 -3611.25 819 1665.5 -2294 475 3092.25 -3608.25 496.5 1609.5 -2491 494.25 941.25 -2491 494.25 941.25 -3621.5 819 1665.5 -3621.5 819 1665.5 -1946.25 475 2600.5 -3618.75 496.5 1584 -2470.25 494.25 932.5 -3607 827.25 1670.5 -1973.5 475 2596.5 -3644.25 496.5 1573.5 -2454.25 456.75 874.75 -3621.5 835.5 1675.75 -1990.75 456.75 2626 -3669.5 496.5 1584 -2439 456.75 911.75 -3621.5 835.5 1665.5 -3621.5 835.5 1665.5 -1990.75 475 2574.75 -3680.25 496.5 1609.5 -2491 456.75 859.5 -3616.25 827.25 1661.25 -2007.75 475 2596.5 -3644.25 494.25 1639.25 -3644.25 494.25 1639.25 -2528 456.75 874.75 -3611.25 835.5 1665.5 -3611.25 835.5 1665.5 -2035 475 2600.5 -3665.25 494.25 1630.5 -2543.25 456.75 911.75 -3611.25 835.5 1675.75 -2025 475 2626 -3623.25 494.25 1630.5 -2528 456.75 948.5 -3601.5 827.25 1655.75 -3601.5 827.25 1655.75 -2035 475 2651.75 -3614.5 494.25 1609.5 -2491 456.75 963.75 -2491 456.75 963.75 -3631 827.25 1655.75 -3631 827.25 1655.75 -2007.75 475 2655.75 -3623.25 494.25 1588.5 -2454.25 456.75 948.5 -3568.25 815.25 1656 -1990.75 475 2677.25 -3644.25 494.25 1580 -2480.75 1435.75 922 -3573.5 823.5 1660.25 -1973.5 475 2655.75 -3665.25 494.25 1588.5 -2491 1452 930.5 -3558.75 823.5 1665.5 -1946.25 475 2651.75 -3673.75 494.25 1609.5 -2461.5 1452 941.25 -3578.5 815.25 1656 -1956.5 475 2626 -3644.25 456.75 1661.5 -3644.25 456.75 1661.5 -2501.5 1435.75 922 -3582.75 823.5 1650.75 -1595.5 475 2084.25 -3681 456.75 1646.25 -2510 1452 911.75 -3588.25 823.5 1665.5 -1622.75 475 2080.25 -3607.25 456.75 1646.25 -2520.5 1452 941.25 -3573.5 792.5 1650.75 -1640 456.75 2110 -3592.25 456.75 1609.5 -2491 1390 911.75 -3568.25 815.25 1645.75 -3568.25 815.25 1645.75 -1640 475 2058.75 -3607.25 456.75 1572.75 -2480.75 1435.75 901.25 -2480.75 1435.75 901.25 -3578.5 815.25 1645.75 -3578.5 815.25 1645.75 -1657 475 2080.25 -3644.25 456.75 1557.5 -2501.5 1435.75 901.25 -2501.5 1435.75 901.25 -3564 823.5 1650.75 -1684.25 475 2084.25 -3681 456.75 1572.75 -2472.25 1452 911.75 -3578.5 831.75 1656 -1674.25 475 2110 -3696.25 456.75 1609.5 -2501.5 1468.5 922 -3578.5 831.75 1645.75 -3578.5 831.75 1645.75 -1684.25 475 2135.5 -3633.75 1435.75 1619.75 -2501.5 1468.5 901.25 -2501.5 1468.5 901.25 -3573.5 823.5 1641.5 -1657 475 2139.5 -3644.25 1452.25 1628.5 -2491 1452 892.75 -3568.25 831.75 1645.75 -3568.25 831.75 1645.75 -1640 475 2161.25 -3614.75 1452.25 1639 -2480.75 1468.5 901.25 -2480.75 1468.5 901.25 -3568.25 831.75 1656 -1622.75 475 2139.5 -3654.5 1435.75 1619.75 -2480.75 1468.5 922 -3558.75 823.5 1636 -3558.75 823.5 1636 -1595.5 475 2135.5 -3663 1452.25 1609.5 -2461.5 1452 882.25 -2461.5 1452 882.25 -3588.25 823.5 1636 -3588.25 823.5 1636 -1605.75 475 2110 -3673.75 1452.25 1639 -2491 1514.25 911.75 -2713.5 806.75 2385.25 -2132.5 475 3485.5 -3633.75 1435.75 1599.25 -3633.75 1435.75 1599.25 -2520.5 1452 882.25 -2520.5 1452 882.25 -2718.5 815 2389.75 -2159.75 475 3481.5 -3654.5 1435.75 1599.25 -3654.5 1435.75 1599.25 -2703.75 815 2395 -2176.75 456.75 3511.25 -3625.25 1452.25 1609.5 -2723.75 806.75 2385.25 -2176.75 475 3460 -3654.5 1468.5 1619.75 -2728 815 2380.25 -2194 475 3481.5 -3654.5 1468.5 1599.25 -3654.5 1468.5 1599.25 -2733.25 815 2395 -2221.25 475 3485.5 -3644.25 1452.25 1590.75 -2718.5 784 2380.25 -2211 475 3511.25 -3633.75 1468.5 1599.25 -3633.75 1468.5 1599.25 -2713.5 806.75 2375 -2713.5 806.75 2375 -2221.25 475 3536.75 -3633.75 1468.5 1619.75 -2723.75 806.75 2375 -2723.75 806.75 2375 -2194 475 3540.75 -3614.75 1452.25 1580 -3614.75 1452.25 1580 -3569 892 1658.25 -2709.25 815 2380.25 -2176.75 475 3562.25 -3644.25 1514.25 1609.5 -3568.25 892.5 1647.25 -2723.75 823.25 2385.25 -2159.75 475 3540.75 -3673.75 1452.25 1580 -3673.75 1452.25 1580 -3567.5 855 1645.75 -3567.5 855 1645.75 -2723.75 823.25 2375 -2723.75 823.25 2375 -2132.5 475 3536.75 -2090.5 1380 1643.5 -2090.5 1380 1643.5 -3568.25 854.5 1656.75 -3568.25 854.5 1656.75 -2718.5 815 2370.75 -2142.5 475 3511.25 -2103.75 1400.5 1669.5 -2103.75 1400.5 1669.5 -3580 891.75 1657.5 -3580 891.75 1657.5 -2713.5 823.25 2375 -2713.5 823.25 2375 -3531.5 840.5 -3769.75 -2084.75 1405.5 1673.5 -2084.75 1405.5 1673.5 -2084.75 1405.5 1673.5 -3579.25 892.25 1646.5 -3579.25 892.25 1646.5 -2713.5 823.25 2385.25 -3558.75 840.5 -3774 -2105.25 1380 1640.25 -3579.25 854.25 1656 -3579.25 854.25 1656 -2703.75 815 2365.5 -2703.75 815 2365.5 -3575.75 822.25 -3744.25 -2122.75 1405.5 1665.5 -2122.75 1405.5 1665.5 -3578.5 854.75 1645 -3578.5 854.75 1645 -2733.25 815 2365.5 -2733.25 815 2365.5 -3575.75 840.5 -3795.5 -2077.5 1380 1635 -3573.5 854.75 1650.75 -3573.5 854.75 1650.75 -2667.75 818 2417.75 -3593 840.5 -3774 -2068.5 1400.5 1663 -2068.5 1400.5 1663 -3569.25 856.75 1645.75 -2668 826.25 2411 -3620.25 840.5 -3769.75 -2052.25 1405.5 1652.5 -2052.25 1405.5 1652.5 -3576.75 856.75 1645.25 -2681 826.25 2419.75 -3610 840.5 -3744.25 -2074.5 1380 1620.25 -3577.5 890.25 1646.75 -2661.5 818 2409.5 -3620.25 840.5 -3718.75 -2048.25 1400.5 1633.5 -2048.25 1400.5 1633.5 -3570 890.5 1647.25 -2654.75 826.25 2409.25 -3593 840.5 -3714.5 -2044.25 1405.5 1614.5 -2044.25 1405.5 1614.5 -3577.5 856.25 1656 -2663.5 826.25 2396 -3575.75 840.5 -3693 -2635.25 1380 2414.75 -2635.25 1380 2414.75 -2082.75 1380 1607.25 -3570 856.25 1656.5 -2660.5 795.25 2416.75 -3558.75 840.5 -3714.5 -2653 1400.5 2438 -2653 1400.5 2438 -2054.75 1400.5 1598.25 -2054.75 1400.5 1598.25 -3570.75 890 1658 -2659.5 818 2424 -2659.5 818 2424 -3531.5 840.5 -3718.75 -2635.25 1405.5 2445.5 -2635.25 1405.5 2445.5 -2635.25 1405.5 2445.5 -2065.25 1405.5 1582 -2065.25 1405.5 1582 -3578.25 890 1657.5 -2653.25 818 2415.75 -2653.25 818 2415.75 -3541.5 840.5 -3744.25 -2649.25 1380 2409 -2097.75 1380 1604.25 -3606.5 895.25 1668.5 -2666 826.25 2424.25 -4088 843.5 -3950.75 -2671 1405.5 2430.75 -2671 1405.5 2430.75 -2084.25 1400.5 1578 -2084.25 1400.5 1578 -3615.75 895.75 1662.75 -2661.5 834.5 2409.5 -4115.25 843.5 -3954.75 -2621 1380 2409 -2103.25 1405.5 1574 -2103.25 1405.5 1574 -3618.25 858.5 1663.25 -3618.25 858.5 1663.25 -2653.25 834.5 2415.75 -2653.25 834.5 2415.75 -4132.25 825.25 -3925 -2617.25 1400.5 2438 -2617.25 1400.5 2438 -2110.5 1380 1612.5 -3609 857.75 1668.75 -3609 857.75 1668.75 -2653 826.25 2422.25 -4132.25 843.5 -3976.25 -2599.5 1405.5 2430.75 -2599.5 1405.5 2430.75 -2119.5 1400.5 1584.5 -2119.5 1400.5 1584.5 -3612 895.75 1677.75 -3612 895.75 1677.75 -2659.5 834.5 2424 -2659.5 834.5 2424 -4149.5 843.5 -3954.75 -2615.25 1380 2395 -2135.75 1405.5 1595 -2135.75 1405.5 1595 -3621.25 896.25 1672.25 -3621.25 896.25 1672.25 -2667.75 834.5 2417.75 -4176.75 843.5 -3950.75 -2592 1400.5 2412.75 -2592 1400.5 2412.75 -2113.75 1380 1627.5 -3614.5 858.25 1678 -3614.5 858.25 1678 -2657.5 826.25 2437.25 -2657.5 826.25 2437.25 -4166.5 843.5 -3925 -2584.5 1405.5 2395 -2584.5 1405.5 2395 -2139.75 1400.5 1614 -2139.75 1400.5 1614 -3623.75 859 1672.5 -3623.75 859 1672.5 -2639.75 826.25 2413.75 -2639.75 826.25 2413.75 -4176.75 843.5 -3899.5 -2621 1380 2380.75 -2143.75 1405.5 1633 -2143.75 1405.5 1633 -3616.25 858.25 1670.5 -3616.25 858.25 1670.5 -4149.5 843.5 -3895.5 -2592 1400.5 2377 -2592 1400.5 2377 -2133.25 1400.5 1649.25 -2133.25 1400.5 1649.25 -3619 860.25 1664.5 -4132.25 843.5 -3873.75 -2599.5 1405.5 2359 -2599.5 1405.5 2359 -2094 1390 1623.75 -3622.75 860.75 1671 -4115.25 843.5 -3895.5 -2635.25 1380 2375 -2088.75 1370 1652.5 -2088.75 1370 1652.5 -3620.5 894.25 1670.75 -4088 843.5 -3899.5 -2617.25 1400.5 2351.75 -2617.25 1400.5 2351.75 -2110.5 1370 1647.75 -3616.75 894 1664.25 -4098.25 843.5 -3925 -2635.25 1405.5 2344.25 -2635.25 1405.5 2344.25 -2110.5 1380 1647.75 -3613.5 860 1676.5 -4746 843.5 -4049 -2649.25 1380 2380.75 -2088.75 1380 1652.5 -2088.75 1380 1652.5 -3609.75 859.75 1670 -4773.25 843.5 -4053 -2653 1400.5 2351.75 -2653 1400.5 2351.75 -2070 1370 1640.25 -3607.5 893.5 1669.75 -4790.25 825.25 -4023.25 -2671 1405.5 2359 -2671 1405.5 2359 -2070 1380 1640.25 -3611.25 893.75 1676.25 -4790.25 843.5 -4074.5 -2655.25 1380 2395 -2065.25 1370 1618.5 -2711 883.75 2381.25 -4807.5 843.5 -4053 -2678.5 1400.5 2377 -2678.5 1400.5 2377 -2065.25 1380 1618.5 -2717.5 883.75 2372.5 -4834.75 843.5 -4049 -2685.75 1405.5 2395 -2685.75 1405.5 2395 -2077.5 1370 1599.75 -2717.5 846.25 2372.5 -2717.5 846.25 2372.5 -4824.5 843.5 -4023.25 -2678.5 1400.5 2412.75 -2678.5 1400.5 2412.75 -2077.5 1380 1599.75 -2711 846.25 2381.25 -2711 846.25 2381.25 -4834.75 843.5 -3997.75 -2635.25 1390 2395 -2099.25 1370 1595 -2719.75 883.75 2387.75 -2719.75 883.75 2387.75 -4807.5 843.5 -3993.75 -2635.25 1369.75 2424 -2635.25 1369.75 2424 -2099.25 1380 1595 -2726.25 883.75 2379.25 -2726.25 883.75 2379.25 -4790.25 843.5 -3972 -2655.75 1369.75 2415.5 -2118 1370 1607.25 -2719.75 846.25 2387.75 -2719.75 846.25 2387.75 -4773.25 843.5 -3993.75 -2655.75 1380 2415.5 -2118 1380 1607.25 -2726.25 846.25 2379.25 -2726.25 846.25 2379.25 -4746 843.5 -3997.75 -2635.25 1380 2424 -2635.25 1380 2424 -2122.75 1370 1629 -2718.5 846.25 2380.25 -2718.5 846.25 2380.25 -4756 843.5 -4023.25 -2614.5 1369.75 2415.5 -2122.75 1380 1629 -2718.75 848 2373.5 -5377.75 843.5 -4049.75 -2614.5 1380 2415.5 -2089 500.75 1651.25 -2089 500.75 1651.25 -2725 848 2378.25 -5405 843.5 -4053.75 -2606 1369.75 2395 -2110 500.75 1646.75 -2725 881.75 2378.25 -5422 825.25 -4024 -2606 1380 2395 -2105.25 505 1640.25 -2105.25 505 1640.25 -2718.75 881.75 2373.5 -5422 843.5 -4075.25 -2614.5 1369.75 2374.25 -2090.5 505 1643.5 -2090.5 505 1643.5 -2090.5 505 1643.5 -2090.5 505 1643.5 -2718.25 848 2386.75 -5439.25 843.5 -4053.75 -2614.5 1380 2374.25 -2071 500.75 1639.75 -2712.25 848 2382.25 -5466.25 843.5 -4049.75 -2635.25 1369.75 2365.75 -2077.5 505 1635 -2077.5 505 1635 -2712.25 881.75 2382.25 -5456.25 843.5 -4024 -2635.25 1380 2365.75 -2066.5 500.75 1618.75 -2718.25 881.75 2386.75 -5466.25 843.5 -3998.5 -2655.75 1369.75 2374.25 -2074.5 505 1620.25 -2074.5 505 1620.25 -2667.5 894.75 2419.75 -5439.25 843.5 -3994.5 -2655.75 1380 2374.25 -2078.25 500.75 1600.75 -2657.25 894.75 2423.75 -5422 843.5 -3973 -2664.5 1369.75 2395 -2082.75 505 1607.25 -2082.75 505 1607.25 -2657.25 857.5 2423.75 -2657.25 857.5 2423.75 -5405 843.5 -3994.5 -2664.5 1380 2395 -2099 500.75 1596.25 -2667.5 857.5 2419.75 -2667.5 857.5 2419.75 -5377.75 843.5 -3998.5 -2635.25 500.75 2422.75 -2635.25 500.75 2422.75 -2097.75 505 1604.25 -2097.75 505 1604.25 -2663.5 894.75 2409.75 -2663.5 894.75 2409.75 -5387.75 843.5 -4024 -2655 500.75 2414.75 -2117 500.75 1608 -2653.5 894.75 2413.5 -2653.5 894.75 2413.5 -5991.25 843.5 -3918.5 -2649.25 505 2409 -2649.25 505 2409 -2110.5 505 1612.5 -2110.5 505 1612.5 -2663.5 857.5 2409.75 -2663.5 857.5 2409.75 -6018.5 843.5 -3922.5 -2635.25 505 2414.75 -2635.25 505 2414.75 -2635.25 505 2414.75 -2635.25 505 2414.75 -2121.5 500.75 1629 -2653.5 857.5 2413.5 -2653.5 857.5 2413.5 -6035.75 825.25 -3892.75 -2615.5 500.75 2414.75 -2113.75 505 1627.5 -2113.75 505 1627.5 -2660.5 857.5 2416.75 -2660.5 857.5 2416.75 -6035.75 843.5 -3944 -2621 505 2409 -2621 505 2409 -2087.75 466.25 1657.75 -2087.75 466.25 1657.75 -2656.75 859.25 2422.25 -6052.75 843.5 -3922.5 -2607.25 500.75 2395 -2113.5 466.25 1652.25 -2654 859.25 2415 -6080 843.5 -3918.5 -2615.25 505 2395 -2615.25 505 2395 -2119 482.75 1660 -2654 893 2415 -6070 843.5 -3892.75 -2615.5 500.75 2375 -2086 482.75 1667 -2086 482.75 1667 -2656.75 893 2422.25 -6080 843.5 -3867.25 -2621 505 2380.75 -2621 505 2380.75 -2065.75 466.25 1643.25 -2664.25 859.25 2411.25 -6052.75 843.5 -3863.25 -2635.25 500.75 2367 -2057.75 482.75 1648.75 -2667 859.25 2418.25 -6035.75 843.5 -3841.75 -2635.25 505 2375 -2635.25 505 2375 -2060.25 466.25 1617.5 -2667 893 2418.25 -6018.5 843.5 -3863.25 -2655 500.75 2375 -2050.75 482.75 1615.75 -2664.25 893 2411.25 -5991.25 843.5 -3867.25 -2649.25 505 2380.75 -2649.25 505 2380.75 -2074.5 466.25 1595.5 -6001.5 843.5 -3892.75 -2663.25 500.75 2395 -2069 482.75 1587.5 -4278.25 841.25 -2541.75 -2655.25 505 2395 -2655.25 505 2395 -2100.25 466.25 1590 -4305.5 841.25 -2545.75 -2635.25 470 2428.75 -2635.25 470 2428.75 -2102 482.75 1580.5 -4322.5 823 -2516 -2659 470 2418.75 -2122.5 466.25 1604.25 -4322.5 841.25 -2567.25 -2665.75 485.25 2425.5 -2130.25 482.75 1598.75 -4339.5 841.25 -2545.75 -2635.25 485.25 2438 -2635.25 485.25 2438 -2127.75 466.25 1630 -4366.75 841.25 -2541.75 -2611.25 470 2418.75 -2137.25 482.75 1631.75 -4356.75 841.25 -2516 -2604.75 485.25 2425.5 -2090.5 1370 1643.5 -2090.5 1370 1643.5 -4366.75 841.25 -2490.5 -2601.25 470 2395 -2077.5 1370 1635 -4339.5 841.25 -2486.5 -2592 485.25 2395 -2074.5 1370 1620.25 -4322.5 841.25 -2465 -2611.25 470 2371 -2082.75 1370 1607.25 -4305.5 841.25 -2486.5 -2604.75 485.25 2364.5 -2097.75 1370 1604.25 -4278.25 841.25 -2490.5 -2635.25 470 2361 -2110.5 1370 1612.5 -4288.25 841.25 -2516 -2635.25 485.25 2351.75 -2113.75 1370 1627.5 -4806 843.5 -2643.75 -2659 470 2371 -2105.25 1370 1640.25 -4833.25 843.5 -2647.75 -2665.75 485.25 2364.5 -2058.75 496.5 1617.25 -4850.5 825.25 -2618.25 -2669 470 2395 -2073.75 496.5 1594.25 -4850.5 843.5 -2669.25 -2678.25 485.25 2395 -2100.5 496.5 1588.5 -4867.5 843.5 -2647.75 -2635.25 1369.75 2414.75 -2635.25 1369.75 2414.75 -2123.75 496.5 1603.5 -4894.75 843.5 -2643.75 -2621 1369.75 2409 -2129.5 496.5 1630.25 -4884.75 843.5 -2618.25 -2615.25 1369.75 2395 -2114.5 496.5 1653.5 -4894.75 843.5 -2592.5 -2621 1369.75 2380.75 -2087.5 496.5 1659.25 -2087.5 496.5 1659.25 -4867.5 843.5 -2588.5 -2635.25 1369.75 2375 -2064.5 496.5 1644.25 -4850.5 843.5 -2567 -2649.25 1369.75 2380.75 -2077.25 494.25 1599.25 -4833.25 843.5 -2588.5 -2655.25 1369.75 2395 -2064.75 494.25 1618.5 -4806 843.5 -2592.5 -2649.25 1369.75 2409 -2099.5 494.25 1594.75 -4816.25 843.5 -2618.25 -2660.75 496.5 2420.25 -2118.5 494.25 1607 -6467.25 843.5 -3737.75 -2635.25 496.5 2431 -2635.25 496.5 2431 -2123.25 494.25 1629.25 -6494.5 843.5 -3742 -2609.75 496.5 2420.25 -2110.75 494.25 1648.25 -6511.75 825.25 -3712.25 -2599.25 496.5 2395 -2088.75 494.25 1653 -2088.75 494.25 1653 -6511.75 843.5 -3763.5 -2609.75 496.5 2369.5 -2069.5 494.25 1640.5 -6528.75 843.5 -3742 -2635.25 496.5 2359 -2103.5 456.75 1572.75 -6556 843.5 -3737.75 -2660.75 496.5 2369.5 -2064.5 456.75 1581 -6546 843.5 -3712.25 -2671.25 496.5 2395 -2137 456.75 1594.25 -6556 843.5 -3686.75 -2635.25 494.25 2424.5 -2635.25 494.25 2424.5 -2145.25 456.75 1633.25 -6528.75 843.5 -3682.5 -2656.25 494.25 2415.75 -2123.5 456.75 1666.75 -6511.75 843.5 -3661 -2614.25 494.25 2415.75 -2084.5 456.75 1675 -2084.5 456.75 1675 -6494.5 843.5 -3682.5 -2605.5 494.25 2395 -2051.25 456.75 1653.25 -6467.25 843.5 -3686.75 -2614.25 494.25 2374 -2042.75 456.75 1614.25 -6477.5 843.5 -3712.25 -2635.25 494.25 2365.25 -2082 1435.75 1632 -5478.75 843.5 -2602.75 -2656.25 494.25 2374 -2090.5 1452.25 1642.25 -5506 843.5 -2606.75 -2664.75 494.25 2395 -2059.75 1452.25 1647.5 -5523 825.25 -2577 -2635.25 456.75 2447 -2635.25 456.75 2447 -2102.25 1435.75 1635.75 -5523 843.5 -2628.25 -2672 456.75 2431.75 -2112.5 1452.25 1627.25 -5540.25 843.5 -2606.75 -2598.5 456.75 2431.75 -2117.75 1452.25 1658.25 -5567.5 843.5 -2602.75 -2583.25 456.75 2395 -2094 1390 1623.75 -5557.25 843.5 -2577 -2598.5 456.75 2358 -2085.75 1435.75 1611.75 -2085.75 1435.75 1611.75 -5567.5 843.5 -2551.5 -2635.25 456.75 2342.75 -2106 1435.75 1615.5 -2106 1435.75 1615.5 -5540.25 843.5 -2547.5 -2672 456.75 2358 -2075.5 1452.25 1620.5 -5523 843.5 -2526</float_array>
                    <technique_common>
                        <accessor count="1057" source="#ID205" stride="3">
                            <param name="X" type="float"/>
                            <param name="Y" type="float"/>
                            <param name="Z" type="float"/>
                        </accessor>
                    </technique_common>
                </source>
                <source id="ID206">
                    <float_array id="ID207" count="2994">-0.55324 0.713281 -0.430298 0 1 -0 -0.350504 0.896007 -0.272615 0.434935 -0.699968 -0.56646 0.433455 -0.702717 -0.564186 0.431968 -0.705456 -0.561904 -0.678658 -0.732341 -0.0556797 -0.689133 -0.721364 -0.0687644 -0.773379 -0.623495 -0.114624 -0.762316 -0.502585 -0.407778 -0.106127 -0.785374 -0.609857 -0.112658 -0.754632 -0.646405 0.453221 -0.679747 -0.576659 0.436054 -0.71241 -0.549845 -0.558654 0.710607 -0.427719 -0.353671 0.895318 -0.27078 0.687117 -0.697777 0.202431 0.649903 -0.689281 -0.320183 0.681423 -0.728099 -0.074399 0.639328 -0.701307 -0.315322 0.308 -0.74885 0.586822 -0.100088 -0.764736 0.636522 -0.430358 -0.707086 0.561089 -0.45217 -0.67364 0.584596 -0.430979 -0.707082 0.560618 -0.429182 -0.709749 0.558622 -0.427379 -0.712407 0.556618 0.78935 0.00219264 0.613939 -0.789231 0.0175385 -0.613846 -0.452224 -0.0056528 -0.891886 -0.793966 0.00992458 -0.607881 0.284771 0.880956 0.377918 0.47023 0.879991 0.0670772 0.525107 0.625889 0.57665 0.775753 0.629932 0.0373252 0.377649 0.880983 -0.285044 0.573272 0.62636 -0.528236 0.0623298 0.88115 -0.468712 0.0358555 0.62817 -0.77725 -0.280311 0.883359 -0.375636 -0.523246 0.628742 -0.575237 -0.465682 0.88276 -0.0622495 -0.781922 0.622583 -0.0314587 -0.372954 0.882865 0.285404 -0.574812 0.62439 0.528894 -0.186969 0.868857 0.4584 -0.333656 0.474658 0.814477 0.379067 0 0.925369 0.601501 0 0.798872 0.796296 0 0.604907 0.990402 0 0.138215 0.990983 0 -0.133984 0.798081 0 -0.602551 0.602551 0 -0.798081 0.133984 0 -0.990983 -0.138215 0 -0.990402 -0.383015 0 0.923742 -0.601304 0 0.79902 -0.792747 0 0.609551 -0.989841 0 0.142183 -0.990451 0 -0.137867 -0.794579 0 -0.607161 -0.60238 0 -0.79821 0.38125 -0.0846253 0.92059 0.706778 0.20868 0.675957 0.237155 0.786433 0.570334 0.472848 0.804816 0.358728 0 -1 -0 0.977603 0.209275 -0.0222966 0.590094 0.803239 -0.0812159 0.676096 0.210141 -0.706212 0.358361 0.80617 -0.470816 -0.024857 0.210954 -0.97718 -0.0817336 0.807239 -0.584539 -0.708623 0.210125 -0.673573 -0.469767 0.808064 -0.35546 -0.977593 0.209182 0.0235414 -0.584514 0.807205 0.0822367 -0.674627 0.207471 0.708402 -0.356553 0.807961 0.469115 -0.343525 0.458963 0.819356 -0.23686 0.786188 0.570794 -0.290252 0.946062 0.143947 -0.312373 0.94455 -0.101238 0.266 0.942669 -0.201542 0.329511 0.943059 0.0454179 -0.146183 0.945928 -0.289568 0.204499 0.941124 0.269195 0.10334 0.947167 -0.303637 -0.0456417 0.940611 0.336403 0.288388 0.946545 -0.144516 -0.270094 0.941067 0.203572 0.302405 0.94757 0.103263 -0.336042 0.940698 -0.0464982 0.143529 0.946646 0.288548 -0.202344 0.942527 -0.265895 -0.135047 0.936329 -0.324114 0.0267229 0.997731 0.0618013 0.264498 0.709105 0.653613 0.370156 0.226642 0.900898 0.771219 0.242682 0.588495 0.958338 0.253911 -0.130834 0.583513 0.242691 -0.774993 -0.130615 0.247173 -0.960128 -0.777575 0.231769 -0.584517 -0.963744 0.23027 0.13481 -0.58494 0.242806 0.77388 -0.373261 0.241184 0.895827 -0.99998 0.00626478 -0.000629733 -0.707702 0.00649792 0.706481 0.374797 0.197316 0.905866 0.705196 0.0117079 0.708916 0.999925 0.0121085 0.00189966 0.707283 0.0110723 -0.706844 0.00143573 0.0128532 -0.999916 -0.709226 0.00571067 -0.704958 -0.375627 -0.184476 0.908225 -0.22002 0.818137 0.531266 0.136984 0.935094 -0.326856 -0.379919 0 0.92502 -0.599089 0 0.800682 -0.791494 0 0.611177 -0.989671 0 0.143356 -0.990564 0 -0.13705 -0.794177 0 -0.607686 -0.600663 0 -0.799502 -0.137532 0 -0.990497 0.131407 0 -0.991328 0.600933 0 -0.799299 0.799299 0 -0.600933 0.991328 0 -0.131407 0.990497 0 0.137532 0.796719 0 0.60435 0.599414 0 0.800439 0.374194 0 0.92735 0.186005 0.867704 0.460968 -0.000483358 1 -4.90414e-005 0.0832119 0.97546 -0.203845 0.206752 0.956078 -0.207772 0.205934 0.956364 0.207264 0.202583 0.975788 0.0824482 -0.000992899 0.956388 0.292099 0.0827878 0.975694 0.202897 -0.207445 0.956362 0.205763 -0.0853 0.975789 0.201396 -0.20189 0.97579 0.0841149 -0.292099 0.956388 0.000992899 -0.20265 0.975694 -0.0833895 -0.208261 0.956077 -0.206262 -0.0857182 0.975558 -0.202336 -0.000988522 0.955983 -0.293421 0.29342 0.955983 0.00101544 0.203343 0.975693 -0.0817001 -0.420895 -0.801205 -0.425344 -0.23194 -0.792384 -0.564209 -0.448889 -0.769847 -0.45369 -0.420598 -0.80091 0.426193 -0.59895 -0.800786 0.00110104 -0.562675 -0.792851 0.23406 -0.641421 -0.767189 0.000317946 -0.448889 -0.769847 0.45369 -0.562984 -0.79306 -0.232604 -0.0010979 -0.800628 -0.599161 -0.000366255 -0.769758 -0.638336 0.423404 -0.800761 -0.423686 0.232157 -0.792363 -0.564149 0.452554 -0.768041 -0.453109 0.599161 -0.800628 0.0010979 0.564085 -0.792323 -0.232448 0.638336 -0.769758 0.000366255 0.423116 -0.800478 0.42451 0.563779 -0.792114 0.233897 0.452554 -0.768041 0.453109 0.136466 -0.793085 0.593628 0.232157 -0.792363 0.564149 0.0520808 -0.768713 0.63747 -0.138659 -0.792949 0.593301 -0.23194 -0.792384 0.564209 -0.0528123 -0.768684 0.637445 -0.565779 -0.599823 0.565779 0 0.00356489 0.999994 0.562642 -0.602399 0.566171 -0.899132 -0.427095 0.0956685 -0.999994 0.00356774 -0.000284238 0.335323 0.00358442 -0.942097 0.0939545 -0.426788 -0.899458 0 0.00355537 -0.999994 -0.0939545 -0.426788 -0.899458 0.896662 -0.432791 0.0932155 0.999993 0.00359328 -0.000273685 0.560281 0.606764 0.563847 -0.34238 0.00358986 0.939555 0.894706 0.436915 0.0927761 -0.563452 0.604189 0.563452 -0.897223 0.431188 0.0952258 0.0935262 0.430871 -0.897554 -0.939555 0.00359882 0.34238 0.942096 0.00361726 0.335322 -0.335323 0.00358442 -0.942097 -0.0935262 0.430871 -0.897554 0 -0.557836 0.829951 0.34238 0.00358986 0.939555 0 0.557836 0.829951 -0 0.223692 -0.97466 0.942097 0.00360898 -0.335322 -0.939555 0.00358986 -0.34238 0 -0.223692 -0.97466 -0.706518 -0.000275684 0.707694 -0.377315 -0.177096 0.908994 -0.651899 0.291993 0.699835 -0.322798 0.553913 0.767452 -0.289377 0.878328 0.380526 -0.194208 0.862121 0.468008 -0.999999 -0.00110847 5.83114e-005 -0.956264 0.290247 0.0362679 -0.471315 0.879573 0.0649114 -0.706122 -0.000932502 -0.70809 -0.700622 0.292173 -0.650971 -0.379898 0.879212 -0.287514 -0.00222755 -0.00305269 -0.999993 -0.0384628 0.290835 -0.956 -0.0653282 0.879549 -0.471302 0.707903 0.000516071 -0.70631 0.650846 0.291082 -0.701193 0.287372 0.879344 -0.379699 0.999998 0.0016532 -0.000870569 0.955585 0.29249 -0.0361455 0.475367 0.877373 -0.0651402 0.707849 0.00117984 0.706363 0.703458 0.290312 0.648741 0.381453 0.878533 0.287528 0.372608 0.179542 0.910455 0.382467 -0.0396818 0.923117 0.193722 0.863051 0.466493 0.285044 0.880983 0.377649 0.468712 0.881149 0.0623298 0.528236 0.62636 0.573272 0.77725 0.62817 0.0358555 0.375636 0.883359 -0.280311 0.575237 0.628742 -0.523246 0.0622495 0.88276 -0.465682 0.0314587 0.622583 -0.781922 -0.285404 0.882865 -0.372954 -0.521408 0.631749 -0.573609 -0.459019 0.886011 -0.0654729 -0.777901 0.627457 -0.0341648 -0.372965 0.883093 0.284682 -0.57508 0.627524 0.524878 -0.192008 0.865005 0.463571 -0.336846 0.484729 0.8072 0.379067 0 0.925369 0.602551 0 0.798081 0.379067 0 0.925369 0.798081 0 0.602551 0.990983 0 0.133984 0.990402 0 -0.138215 0.79821 0 -0.60238 0.607161 0 -0.794579 0.137867 0 -0.990451 -0.142183 0 -0.989841 -0.604906 0 0.796296 -0.798872 0 0.601501 -0.990983 0 0.133984 -0.990402 0 -0.138215 -0.79902 0 -0.601304 -0.609551 0 -0.792747 -0.298889 0.942292 0.150835 -0.322244 0.940646 -0.106504 0.270237 0.940765 -0.204776 0.333524 0.941488 0.0486061 -0.152468 0.940596 -0.30337 0.20668 0.94086 0.268451 0.105464 0.939687 -0.325371 0.304326 0.939911 -0.154767 -0.0459356 0.943036 0.329503 -0.269195 0.941124 0.204499 0.32076 0.941371 0.104568 -0.336403 0.940611 -0.0456417 0.150693 0.941472 0.301533 -0.203572 0.941067 -0.270094 -0.139748 0.931655 -0.335396 0.025321 0.99768 0.0631967 0.268306 0.707279 0.654041 0.372165 0.235925 0.897682 0.774993 0.242691 0.583513 0.960128 0.247173 -0.130615 0.584517 0.231769 -0.777575 -0.132999 0.234798 -0.962903 -0.77222 0.248245 -0.58485 -0.962902 0.234798 0.132999 -0.586352 0.259319 0.767428 -0.227022 0.803898 0.549736 0.139411 0.931877 -0.334918 -0.379919 0 0.92502 -0.60435 0 0.796719 -0.379919 0 0.92502 -0.800439 0 0.599414 -0.991328 0 0.131407 -0.990497 0 -0.137532 -0.800682 0 -0.599089 -0.611177 0 -0.791494 -0.143356 0 -0.989671 0.13705 0 -0.990564 0.607686 0 -0.794177 0.799502 0 -0.600663 0.990497 0 -0.137532 0.991328 0 0.131407 0.799299 0 0.600933 0.600933 0 0.799299 4.90562e-005 1 -0.000483355 0.0833895 0.975694 -0.20265 0.206262 0.956077 -0.208261 0.207772 0.956078 0.206752 0.203845 0.97546 0.0832119 -0.00101544 0.955983 0.293421 0.0817001 0.975693 0.203343 -0.207264 0.956364 0.205934 -0.0824482 0.975788 0.202583 -0.202897 0.975694 0.0827878 -0.292099 0.956388 -0.000992899 -0.201396 0.975789 -0.0853 -0.205763 0.956362 -0.207445 -0.0841149 0.97579 -0.20189 -0.000992899 0.956388 -0.292099 0.293421 0.955983 -0.000988522 0.202336 0.975558 -0.0857182 -0.233897 -0.792114 0.563779 -0.426193 -0.80091 -0.420598 -0.23406 -0.792851 -0.562676 -0.45369 -0.769847 -0.448889 -0.42451 -0.800478 0.423116 -0.599161 -0.800628 -0.0010979 -0.564149 -0.792363 0.232157 -0.638336 -0.769758 -0.000366255 -0.453109 -0.768041 0.452554 -0.564209 -0.792384 -0.23194 -0.00110104 -0.800786 -0.59895 -0.000317946 -0.767189 -0.641421 0.425344 -0.801205 -0.420895 0.232604 -0.79306 -0.562984 0.45369 -0.769847 -0.448889 0.599161 -0.800628 -0.0010979 0.564209 -0.792384 -0.23194 0.638336 -0.769758 -0.000366255 0.423686 -0.800761 0.423404 0.564149 -0.792363 0.232157 0.232448 -0.792323 0.564085 0.453109 -0.768041 0.452554 -0.566171 -0.602399 0.562642 0.000273679 0.00359328 0.999993 0.565841 -0.602822 0.56252 -0.899608 -0.426042 0.0958844 -0.999994 0.00356489 -0 0.34238 0.00358986 -0.939555 0.0958844 -0.426042 -0.899608 0.000284244 0.00356773 -0.999994 -0.0956685 -0.427095 -0.899132 0.899458 -0.426788 0.0939545 0.999994 0.00355537 -0 0.563527 0.607181 0.56015 -0.335322 0.00361726 0.942096 0.897554 0.430871 0.0935262 -0.563847 0.606764 0.560281 -0.897706 0.430132 0.0954451 0.0954451 0.430132 -0.897706 -0.939555 0.00358986 0.34238 0.942097 0.00358442 0.335323 -0.34238 0.00359882 -0.939555 -0.0952258 0.431188 -0.897223 -0.000975256 -0.560795 0.827954 0.335322 0.00360894 0.942097 -0.000975256 0.560795 0.827954 -0 0.218624 -0.975809 0.942097 0.00358442 -0.335323 0 -0.218624 -0.975809 0.469842 0.882522 -0.0200744 0.316537 0.881566 -0.350209 0.765617 0.634517 -0.105917 0.46604 0.633296 -0.617854 -0.0229121 0.881319 -0.471966 -0.109566 0.627667 -0.770733 -0.351256 0.879788 -0.320299 -0.619722 0.629943 -0.468099 -0.476475 0.878891 0.022846 -0.766478 0.633272 0.107137 -0.318329 0.880782 0.350557 -0.468347 0.628348 0.621153 -0.106655 0.864701 0.490833 -0.183854 0.484207 0.855419 0.546949 0 0.837166 0.739036 0 0.673666 0.8925 0 0.451047 0.999074 0 -0.0430342 0.94903 0 -0.315186 0.673666 0 -0.739036 0.451047 0 -0.8925 -0.0430342 0 -0.999074 -0.315186 0 -0.94903 -0.213362 0 0.976973 -0.451047 0 0.8925 -0.213362 0 0.976973 -0.673666 0 0.739036 -0.94903 0 0.315186 -0.999074 0 0.0430342 -0.8925 0 -0.451047 -0.739036 0 -0.673666 0.546956 -0.0367246 0.836355 0.809992 0.288653 0.510483 0.277029 0.86328 0.421904 0.426408 0.878702 0.214613 0.933873 0.291203 -0.207562 0.451065 0.879898 -0.149396 0.511838 0.290391 -0.808514 0.213967 0.877958 -0.428262 -0.104672 0.862671 0.494815 -0.214471 0.877993 0.427938 -0.173487 0.553875 0.814325 -0.512112 0.295851 0.806358 -0.451474 0.879732 0.149143 -0.933277 0.291586 0.209695 -0.426439 0.878977 -0.213421 -0.807947 0.292623 -0.511461 -0.14905 0.877661 -0.455517 -0.206826 0.290462 -0.934267 -0.19341 0.934814 -0.297851 -0.251781 0.940779 -0.227025 0.0398721 0.997366 0.0605872 0.200427 0.941965 0.269316 -0.346954 0.937764 0.0148898 0.328053 0.943505 0.0466771 -0.232326 0.937787 0.258033 0.265716 0.943352 -0.198703 -0.125046 0.798671 0.588632 -0.272601 0.939358 0.208076 0.0748441 0.934114 -0.349041 0.226384 0.942 -0.247763 -0.339432 0.939513 -0.0458426 0.336946 0.941374 -0.0168082 -0.204358 0.941469 -0.268092 0.249752 0.94065 0.229787 0.0462661 0.942214 -0.331802 0.015898 0.939441 0.342342 0.381477 0.708635 0.593559 0.618491 0.630461 0.469029 0.527151 0.228754 0.818403 0.863859 0.251482 0.436469 0.916164 0.261102 -0.304087 -0.204499 0.247138 0.947155 -0.434837 0.251481 0.864681 -0.918009 0.251028 0.306992 -0.861123 0.26463 -0.434095 -0.306916 0.242443 -0.920339 0.431646 0.250444 -0.866579 0.82397 0.00267027 0.566627 0.983413 0.00339428 -0.181351 0.535179 0.177836 0.825807 -0.204834 -0.172824 0.963418 -0.567425 -0.00184382 0.823423 -0.983236 -0.00277459 0.182317 -0.823425 0.000884356 -0.567424 -0.180793 0.00218522 -0.983519 0.567453 0.00383209 -0.823397 -0.215178 0 0.976575 -0.449628 0 0.893216 -0.669339 0 0.742957 -0.94682 0 0.321762 -0.998894 0 0.0470264 -0.892399 0 -0.451247 -0.737323 0 -0.675541 -0.317451 0 -0.948275 -0.0538431 0 -0.998549 0.443785 0 -0.896133 0.676419 0 -0.736517 0.950504 0 -0.310711 0.998805 0 -0.0488703 0.896985 0 0.442062 0.74218 0 0.6702 0.547249 0 0.83697 0.275132 0.864429 0.42079 0.350145 0.881266 0.317441 3.93703e-009 1 -0 0.0451516 0.975721 -0.214313 0.165317 0.956294 -0.24119 0.24119 0.956294 0.165317 0.214313 0.975721 0.0451516 0.0529108 0.95615 0.288058 0.118822 0.975749 0.183832 -0.165317 0.956294 0.24119 -0.0451516 0.975721 0.214313 -0.183832 0.975749 0.118822 -0.288058 0.95615 0.0529108 -0.214313 0.975721 -0.0451516 -0.24119 0.956294 -0.165317 -0.118822 0.975749 -0.183832 -0.0529108 0.95615 -0.288058 0.288058 0.95615 -0.0529108 0.183832 0.975749 -0.118822 -0.493085 -0.801045 -0.339402 -0.330427 -0.793424 -0.511172 -0.526557 -0.769464 -0.361473 -0.338931 -0.800255 0.494689 -0.589523 -0.800209 0.110128 -0.510934 -0.792176 0.333773 -0.630764 -0.767189 0.116437 -0.361473 -0.769464 0.526557 -0.597188 -0.791967 -0.1271 -0.110239 -0.801142 -0.588234 -0.115909 -0.769715 -0.627777 0.337789 -0.802175 -0.492355 0.123427 -0.793286 -0.596207 0.361473 -0.769464 -0.526557 0.588345 -0.801314 -0.108378 0.511643 -0.793884 -0.328587 0.627255 -0.770177 -0.115664 0.493948 -0.801404 0.337293 0.596063 -0.793301 0.12403 0.526557 -0.769464 0.361473 0.244021 -0.792941 0.558299 0.331903 -0.79265 0.511416 0.16482 -0.766884 0.620261 -0.0297305 -0.792233 0.609494 -0.127756 -0.791971 0.597043 0.0672648 -0.766539 0.638666 -0.453043 -0.601203 0.658261 0.18065 0.0035711 0.983541 0.659449 -0.599835 0.453128 -0.866113 -0.427918 0.258332 -0.983254 0.00357282 0.182204 0.159231 0.00358738 -0.987235 -0.0711839 -0.426344 -0.901756 -0.182493 0.00356348 -0.983201 -0.25673 -0.427162 -0.866962 0.901832 -0.426163 -0.0713006 0.983102 0.00355688 -0.183025 0.656988 0.603813 0.451416 -0.168295 0.00359392 0.98573 0.900048 0.429901 -0.0714011 -0.45134 0.605177 0.655784 -0.864475 0.431664 0.257584 -0.0712822 0.430085 -0.89997 -0.860286 0.0035989 0.509799 0.987235 0.00359167 0.159231 -0.503868 0.003594 -0.863773 -0.255993 0.430905 -0.865325 0.150909 -0.5596 0.814908 0.506325 0.00359605 0.862335 0.151166 0.557505 0.816294 -0.177692 0.218445 -0.959535 0.863773 0.00358056 -0.503868 -0.985954 0.003593 -0.166976 -0.177645 -0.219581 -0.959284 0.459019 0.886011 0.065473 0.370297 0.885815 -0.279664 0.782228 0.621763 0.0391197 0.578797 0.618032 -0.532007 0.0636356 0.882217 -0.466524 0.0385208 0.626156 -0.778745 -0.280567 0.883743 -0.374541 -0.528656 0.623265 -0.576249 -0.467221 0.882036 -0.0609598 -0.778871 0.626212 -0.0349118 -0.373876 0.88351 0.282184 -0.575076 0.623017 0.530223 -0.184613 0.868767 0.459524 -0.332341 0.470544 0.817397 0.383015 0 0.923742 0.603858 0 0.797092 0.797092 0 0.603858 0.798872 0 -0.601501 0.604906 0 -0.796296 0.138215 0 -0.990402 -0.133984 0 -0.990983 -0.379067 0 0.925369 -0.601501 0 0.798872 -0.379067 0 0.925369 -0.796296 0 0.604906 -0.990402 0 0.138215 -0.990983 0 -0.133984 -0.798081 0 -0.602551 -0.602551 0 -0.798081 0.3831 -0.0372201 0.922957 0.700622 0.292173 0.650971 0.19184 0.864946 0.463752 0.379898 0.879212 0.287514 0.95604 0.291109 -0.0352522 0.471587 0.879498 -0.0639378 -0.190913 0.865448 0.463198 -0.28663 0.879285 0.380396 -0.315532 0.55311 0.771044 -0.649645 0.292221 0.701832 -0.471302 0.879549 0.0653282 -0.95504 0.294175 0.0368723 -0.380109 0.879309 -0.286935 -0.701605 0.294734 -0.648754 -0.0639378 0.879498 -0.471588 -0.0352522 0.291109 -0.95604 0.287818 0.879236 -0.379611 0.651938 0.292496 -0.699587 -0.136644 0.936122 -0.324042 -0.203196 0.942442 -0.265547 0.0294558 0.997259 0.0678727 0.155204 0.94067 0.301746 -0.328294 0.943378 -0.0475436 0.323183 0.940372 0.106081 -0.265895 0.942527 0.202344 0.30084 0.941351 -0.152819 -0.230277 0.802243 0.550799 -0.302439 0.940796 0.153079 0.269747 0.940979 -0.204439 -0.320813 0.941359 -0.104511 0.336412 0.940635 0.0450916 -0.151032 0.942228 -0.298993 0.203572 0.941067 0.270094 0.106303 0.942725 -0.31618 -0.0464982 0.940698 0.336042 0.26512 0.710167 0.652207 0.525979 0.623693 0.578232 0.372685 0.2199 0.901526 0.777774 0.214418 0.590841 0.966769 0.218962 -0.131959 -0.584527 0.226173 0.779214 -0.961067 0.242499 0.132457 -0.778424 0.226222 -0.585559 -0.128307 0.24238 -0.96166 0.587899 0.226033 -0.776713 0.705881 0.00249643 0.708326 0.999999 -0.00110847 -5.83175e-005 0.38228 0.176776 0.90698 -0.375914 -0.178289 0.909342 -0.709118 0.00409322 0.705078 -0.999993 0.0031961 0.00173538 -0.708509 0.00267237 -0.705696 0.00138766 0.00382556 -0.999992 0.708748 0.00450542 -0.705448 -0.374194 0 0.92735 -0.599414 0 0.800439 -0.796719 0 0.60435 -0.990497 0 0.137532 -0.991328 0 -0.131407 -0.799299 0 -0.600933 -0.600933 0 -0.799299 -0.131407 0 -0.991328 0.137532 0 -0.990497 0.60435 0 -0.796719 0.800439 0 -0.599414 0.991328 0 -0.131407 0.990497 0 0.137532 0.797867 0 0.602833 0.602833 0 0.797867 0.379919 0 0.92502 0.379919 0 0.92502 0.189208 0.867164 0.460681 0.28141 0.883448 0.374604 -5.08421e-005 1 -5.08254e-005 0.0839413 0.975558 -0.203079 0.206763 0.956364 -0.206439 0.205945 0.956647 0.205945 0.202136 0.975789 0.0835228 0.000992899 0.956388 0.292099 0.0835228 0.975789 0.202136 -0.206439 0.956364 0.206763 -0.0827878 0.975694 0.202897 -0.203079 0.975558 0.0839413 -0.293421 0.955983 0.000988522 -0.203845 0.97546 -0.0832119 -0.207262 0.956078 -0.207262 -0.0832119 0.97546 -0.203845 0.000988522 0.955983 -0.293421 0.292099 0.956388 0.000992899 0.202897 0.975694 -0.0827878 -0.422729 -0.801624 -0.422729 -0.230491 -0.79259 -0.564513 -0.451292 -0.769851 -0.451292 -0.422441 -0.80134 0.423554 -0.599161 -0.800628 0.0010979 -0.564209 -0.792384 0.23194 -0.638336 -0.769758 0.000366255 -0.451292 -0.769851 0.451292 -0.564513 -0.79259 -0.230491 0.0010979 -0.800628 -0.599161 0.000366255 -0.769758 -0.638336 0.423554 -0.80134 -0.422441 0.23194 -0.792384 -0.564209 0.451292 -0.769851 -0.451292 0.564513 -0.79259 -0.230491 0.423265 -0.801057 0.423265 0.564209 -0.792384 0.23194 0.451292 -0.769851 0.451292 0.138659 -0.792949 0.593301 0.23194 -0.792384 0.564209 0.0528123 -0.768684 0.637445 -0.136466 -0.793085 0.593628 -0.230491 -0.79259 0.564513 -0.0520808 -0.768713 0.63747 -0.563132 -0.604629 0.5633 -0.000284238 -0.00356772 0.999994 0.563452 -0.604189 0.563452 -0.897078 -0.431907 0.0933159 -0.999994 -0.0035582 -0.000271908 0.335322 -0.00359339 -0.942097 0.0933159 -0.431907 -0.897078 -0.000271908 -0.0035582 -0.999994 -0.0935262 -0.430871 -0.897554 0.897223 -0.431188 0.0952258 0.999994 -0.00356773 -0.000284244 0.565779 0.599823 0.565779 -0.34238 -0.00358986 0.939555 0.899132 0.427095 0.0956685 -0.565449 0.600269 0.565637 -0.898989 0.427821 0.0937475 0.0937475 0.427821 -0.898989 -0.942097 -0.00359339 0.335322 0.939555 -0.00359882 0.34238 -0.335323 -0.00358442 -0.942097 -0.0939545 0.426788 -0.899458 0.000975206 -0.560795 0.827954 0.34238 -0.00359882 0.939555 0.000975206 0.560795 0.827954 0.939555 -0.00358986 -0.34238 -0.942097 -0.00358442 -0.335323 -0.0224006 -0.0503187 0.998482 -0.0224357 -0.00878422 0.99971 -0.0305073 0.0306525 0.999064 -0.108271 0.0277434 0.993734 -0.117628 -0.00561823 0.993042 -0.11642 -0.0520159 0.991837 -0.0757482 -0.0581491 0.99543 -0.0593744 -0.0593744 0.996468 0.0202463 0.00781497 -0.999765 0.0192558 0.0501889 -0.998554 0.0578395 0.0578395 -0.996649 0.0739041 0.059768 -0.995473 0.115049 0.0520579 -0.991995 0.115911 0.00838187 -0.993224 0.109349 -0.0274376 -0.993625 0.0295368 -0.0273604 -0.999189 0.037752 -0.997844 -0.0536853 0.0155689 -0.998353 -0.0552209 0.0259199 -0.998722 -0.0433831 0.0140814 -0.999354 -0.0330701 0.0362645 -0.998845 -0.0315344 -0.997483 -0.017198 -0.0687919 -0.997483 -0.017198 -0.0687919 -0.025674 0.998717 0.0436457 0.997483 0.017198 0.0687919 0.997483 0.017198 0.0687919 0.859221 -0.056984 0.508421 0.861561 -0.0573079 0.504409 0.860929 -0.038395 0.507274 0.848195 -0.0372536 0.528373 0.831332 -0.0325942 0.55482 0.830723 -0.0779528 0.551201 0.843146 -0.0822729 0.531353 0.858952 -0.0833513 0.505227 -0.418209 0.0212883 -0.908101 -0.851088 0.0287626 -0.524235 -0.642619 0.0118748 -0.766094 -0.8613 0.0298051 -0.507221 -0.859372 0.0529887 -0.508599 -0.861691 0.0532309 -0.504633 -0.862902 0.0559534 -0.502264 -0.861702 0.0556125 -0.504358 -0.296394 -0.867883 0.398659 -0.0687124 -0.997636 0.000373287 -0.0830943 -0.996533 0.00405595 -0.0867377 -0.996177 -0.0104233 -0.425101 -0.67 0.608596 -0.509072 0.0399364 0.859797 -0.508685 0.039779 0.860033 0.0636702 0.997848 -0.0156566 0.0636069 0.997848 -0.0159059 0.0635435 0.997848 -0.0161551 0.516887 -0.0431787 -0.854964 0.525907 -0.0407243 -0.849566 0.568662 0.0152823 0.822429 0.569875 -0.01903 0.821511 0.583586 -0.0299501 0.811499 0.606817 -0.0299444 0.794277 0.946893 -0.00898563 0.321423 0.616511 0.00833221 0.787303 0.826341 0.0223098 0.562728 0.58369 0.0236166 0.811633 -0.620079 -0.00471279 -0.784525 -0.618184 0.00758149 -0.785997 -0.61356 0.00219536 -0.789645 -0.620077 -0.00538591 -0.784522 -0.618188 0.00663412 -0.786003 -0.61356 0.00192114 -0.789646 -0.61356 0.00192114 -0.789646 -0.794358 -0 0.60745 0.802744 -0 -0.596324 -0.906131 0.0264831 -0.422168 -0.906942 -0.028437 -0.420295 -0.917649 -0.046116 -0.394706 -0.935311 -0.0460938 -0.350812 -0.971821 -0.0144971 0.235273 -0.942882 0.0158201 -0.332751 -0.998484 0.0399606 -0.0378626 -0.917809 0.0423131 -0.394762 0.945549 -0.00872437 0.325362 0.944227 0.0122782 0.329067 0.941068 0.00355288 0.338198 0.944227 0.0122782 0.329067 0.351123 0 -0.936329 -0.363542 0 0.931578 -0.565525 -0.600302 0.565525 -0.000537977 0 1 0.56616 -0.599435 0.56581 -0.900097 -0.425392 0.0941697 -1 1.22281e-008 0.000537977 0.349382 0 -0.93698 0.0975837 -0.426012 -0.899439 -0.000587213 1.22928e-008 -1 -0.0980334 -0.423863 -0.900405 0.900405 -0.423863 0.0980334 1 1.22928e-008 0.000587213 0.565751 0.600218 0.565389 -0.335325 0 0.942103 0.900083 0.42455 0.0980164 -0.565102 0.601099 0.565102 -0.899759 0.42611 0.0941534 0.0975667 0.426699 -0.899116 -0.942103 0 0.335325 0.93698 0 0.349382 -0.349382 0 -0.93698 -0.0980164 0.42455 -0.900083 0.00191518 -0.559139 0.829072 0.335325 0 0.942103 0.0019488 0.563346 0.826219 -0 0.214657 -0.976689 0.93698 0 -0.349382 -0.942103 0 -0.335325 0 -0.21243 -0.977176 -0.565751 -0.600218 0.565389 0.000537977 1.22281e-008 1 0.565102 -0.601099 0.565102 -0.900083 -0.42455 0.0980164 -1 -1.22928e-008 0.000587213 0.0980164 -0.42455 -0.900083 0.000587213 1.22928e-008 -1 -0.0975667 -0.426699 -0.899116 0.899759 -0.42611 0.0941534 1 0 0.000537977 0.565525 0.600302 0.565525 -0.335325 0 0.942103 0.900097 0.425392 0.0941697 -0.56616 0.599435 0.56581 -0.900405 0.423863 0.0980334 0.0980334 0.423863 -0.900405 -0.93698 0 0.349382 0.942103 0 0.335325 -0.0975837 0.426012 -0.899439 -0.0019488 -0.563346 0.826219 0.335325 0 0.942103 -0.00191518 0.559139 0.829072 -0 0.21243 -0.977176 0.942103 0 -0.335325 -0.93698 0 -0.349382 0 -0.214657 -0.976689 -0.566185 -0.605272 0.559536 -0.00054506 -2.47794e-008 1 0.566867 -0.604412 0.559775 -0.898818 -0.428182 0.0937392 -1 0 -0.000537977 0.335325 0 -0.942103 0.0937392 -0.428182 -0.898818 -0.000537977 -1.22281e-008 -1 -0.0941534 -0.42611 -0.899759 0.899116 -0.426699 0.0975667 1 1.22928e-008 -0.000587213 0.567276 0.603653 0.560179 -0.335325 0 0.942103 0.899439 0.426012 0.0975837 -0.566608 0.604499 0.559944 -0.899157 0.427465 0.0937557 0.0937557 0.427465 -0.899157 -0.942103 0 0.335325 -0.335325 0 -0.942103 -0.0941697 0.425392 -0.900097 0.00195511 -0.556492 0.83085 0.0019213 0.552302 0.833642 -0 0.222537 -0.974924 -0.942103 0 -0.335325 0 -0.22486 -0.974391 -0.11031 -0.602356 -0.790569 -0.801993 0 -0.597333 -0.793641 -0.597791 0.113046 0.464429 -0.429122 -0.7747 0.599414 0 -0.800439 0.539955 0 0.841694 0.660536 -0.419826 0.622445 0.79754 -1.22105e-008 0.603266 0.777244 -0.422872 0.465909 -0.621091 -0.418875 0.662412 -0.601207 0 0.799093 -0.794225 0.596999 0.113128 -0.558376 0 -0.829588 -0.621302 0.418163 0.662664 -0.110391 0.601569 -0.791156 0.464618 0.428414 -0.774979 0.660788 0.419114 0.622657 0.287348 0 -0.957826 -0.83697 0 0.547249 0.957826 0 0.287348 0.777519 0.422161 0.466096 -0.658393 -0.563679 -0.498783 -0.957826 0 -0.287348 -0.660666 0.559477 -0.500505 0.77765 0.219515 0.589129 -0.287348 0 0.957826 0.834465 0 -0.551062 0.777237 -0.221809 0.588816 0.470254 -0.882531 -0.000866043 0.290103 -0.941943 -0.169065 0.000817317 -1 0.000445023 0.290498 -0.941681 0.169849 0.236321 -0.881371 0.40907 0.00261906 -0.94153 0.33692 -0.234036 -0.882084 0.408845 -0.290744 -0.941682 0.169423 -0.470254 -0.882531 -0.000866043 -0.290348 -0.941943 -0.168644 -0.233056 -0.883319 -0.406734 0.00261114 -0.94205 -0.335462 0.235336 -0.882612 -0.406957 0.470254 -0.882531 0.00088624 0.290474 -0.942132 -0.167366 -0.00101272 -0.999999 -0.000118288 0.290079 -0.942389 0.166605 0.232754 -0.883318 0.406909 -0.00261114 -0.94205 0.335462 -0.235336 -0.882612 0.406957 -0.290103 -0.941943 0.169065 -0.470254 -0.882531 0.000866043 -0.290498 -0.941681 -0.169849 -0.237609 -0.881369 -0.408326 -0.00263222 -0.94205 -0.335462 0.235008 -0.882088 -0.408279 0.470254 -0.882531 -0.00088624 0.290079 -0.942389 -0.166605 -0.00101273 -0.999999 0.000118296 0.290474 -0.942132 0.167366 0.235008 -0.882088 0.408279 -0.00263222 -0.94205 0.335462 -0.237609 -0.881369 0.408326 -0.290498 -0.941681 0.169849 -0.290103 -0.941943 -0.169065 -0.235336 -0.882612 -0.406957 -0.00261114 -0.94205 -0.335462 0.232754 -0.883318 -0.406909 0.00101083 -0.999999 0.000441704 -0.233732 -0.882083 0.409022 -0.290474 -0.942132 0.167366 -0.470254 -0.882531 -0.00088624 -0.290079 -0.942389 -0.166605 -0.232754 -0.883318 -0.406909 0.470254 -0.882531 -0 0.292144 -0.941682 -0.166993 0.00101102 -0.999999 -5.72108e-009 0.292144 -0.941682 0.166993 0.23737 -0.882604 0.405789 0.00261114 -0.94205 0.335462 -0.234786 -0.883321 0.405733 -0.292115 -0.94213 0.1645 -0.470254 -0.882531 -0 -0.292115 -0.94213 -0.1645 -0.234786 -0.883321 -0.405733 0.23737 -0.882604 -0.405789 0.47294 -0.881094 -0.000890948 0.291665 -0.94194 -0.166378 0.00142995 -0.999999 0.000113788 0.292061 -0.941682 0.167137 0.237609 -0.881369 0.408326 0.00263222 -0.94205 0.335462 -0.235008 -0.882088 0.408279 0.00101274 -0.999999 0.000118273 -0.00101083 -0.999999 0.000441727 0.233732 -0.882083 0.409022 -0.00261906 -0.94153 0.33692 -0.236321 -0.881371 0.40907 -2.8635e-009 -1 0.000445201 0 -0.941533 0.336921 0 -0.942053 -0.335463 -0.00101082 -0.999999 -0.000441727 -0.236321 -0.881371 -0.40907 -0.00261906 -0.94153 -0.33692 0.233732 -0.882083 -0.409022 0.470254 -0.882531 -0 0.292115 -0.94213 -0.1645 -0.00101101 -0.999999 5.72108e-009 0.292115 -0.94213 0.1645 0.234786 -0.883321 0.405733 -0.23737 -0.882604 0.405789 -0.292144 -0.941682 0.166993 -0.470254 -0.882531 -0 -0.292144 -0.941682 -0.166993 -0.23737 -0.882604 -0.405789 0.234786 -0.883321 -0.405733</float_array>
                    <technique_common>
                        <accessor count="998" source="#ID207" stride="3">
                            <param name="X" type="float"/>
                            <param name="Y" type="float"/>
                            <param name="Z" type="float"/>
                        </accessor>
                    </technique_common>
                </source>
                <source id="ID208">
                    <float_array id="ID209" count="376">-0.662109 0.606445 -0.319336 0.334961 -0.682617 0.579102 -0.339844 0.307617 -0.330078 0.321289 -0.672852 0.592773 1.64746 0.616211 1.66504 0.615234 1.12598 1.66699 1.14063 1.6748 0.876953 -0.642578 0.878906 -0.663086 0.546875 -0.395508 0.556641 -0.381836 1.15625 1.68262 1.68262 0.614258 0.880859 -0.682617 0.536133 -0.410156 1.86426 0.197266 2.12695 0.197266 1.86426 0.180664 2.12695 0.180664 2.38867 0.197266 2.38867 0.180664 2.65137 0.197266 2.65137 0.180664 2.91309 0.197266 2.91309 0.180664 3.1748 0.197266 3.1748 0.180664 3.4375 0.197266 3.4375 0.180664 3.69922 0.197266 3.69922 0.180664 -2.23828 0.675781 -2.15918 0.675781 -2.23828 0.663086 -2.15918 0.663086 -2.0791 0.675781 -2.0791 0.663086 -2 0.675781 -2 0.663086 -1.9209 0.675781 -1.9209 0.663086 -1.60254 0.663086 -1.68164 0.663086 -1.60254 0.675781 -1.68164 0.675781 -1.76172 0.663086 -1.76172 0.675781 -1.84082 0.663086 -1.84082 0.675781 1.60254 0.0673828 1.86426 0.0673828 1.60254 0.00488281 1.86426 0.00488281 2.12695 0.0673828 2.12695 0.00488281 2.38867 0.0673828 2.38867 0.00488281 2.65137 0.0673828 2.65137 0.00488281 2.91309 0.0673828 2.91309 0.00488281 3.1748 0.0673828 3.1748 0.00488281 3.4375 0.0673828 3.4375 0.00488281 3.69922 0.0673828 3.69922 0.00488281 3.4375 0.163086 3.1748 0.163086 3.4375 0.171875 3.1748 0.171875 2.91309 0.163086 2.91309 0.171875 2.65137 0.163086 2.65137 0.171875 2.38867 0.163086 2.38867 0.171875 2.12695 0.163086 2.12695 0.171875 1.86426 0.163086 1.86426 0.171875 1.60254 0.171875 1.60254 0.163086 1.60254 0.180664 3.69922 0.171875 3.1748 0.128906 3.4375 0.128906 1.60254 0.128906 1.86426 0.128906 2.12695 0.128906 2.38867 0.128906 2.65137 0.128906 2.91309 0.128906 3.69922 0.128906 3.69922 0.163086 -1.60254 0.432617 -1.68164 0.432617 -1.76172 0.432617 -1.84082 0.432617 -1.9209 0.432617 -2 0.432617 -2.0791 0.432617 -2.15918 0.432617 -2.23828 0.432617 1.60254 0.197266 -1.37793 0.616211 -1.33203 0.725586 -1.28711 0.707031 -1.28711 0.525391 -1.26855 0.571289 -1.37793 0.488281 -1.33203 0.506836 -1.46875 0.525391 -1.42285 0.506836 -1.4873 0.571289 -1.50586 0.616211 -1.4873 0.661133 -1.46875 0.707031 -1.42285 0.725586 -1.37793 0.744141 -1.25 0.616211 -1.26855 0.661133 -1.88086 0.787109 -1.84082 0.787109 -1.72168 0.787109 -1.76172 0.787109 -1.68164 0.787109 -1.80078 0.787109 -1.9209 0.787109 -1.95996 0.787109 -2 0.787109 -2.04004 0.787109 -2.0791 0.787109 -2.11914 0.787109 -2.15918 0.787109 -2.19922 0.787109 -2.23828 0.787109 -1.64258 0.787109 -1.60254 0.787109 0.25 2 0.5 0.5 0.75 2 -0.25 2 -0.5 0.5 0 2.5 0.25 3 0.5 2.5 0.75 3 1.25 2 1.5 0.5 0.75 1 1 0.5 1.25 1 0.25 1 -0.25 1 -1 0.5 2 0.5 1 2.5 0.5 3.5 0 0.5 0.5 1.5 -1 1 -1 0 0 0 0 1 1 1 1 0 2 0 2 1 0 3 0 4 1 4 1 3 1 2 0 2 -2.45117 1.18066 -2.41797 1.09766 -2.56152 1.18066 -2.50684 1.08496 -2.56152 1.01465 -2.61719 1.08496 -2.70508 1.09766 -2.67285 1.18066 -2.61719 1.08398 -2.50684 1.08398</float_array>
                    <technique_common>
                        <accessor count="188" source="#ID209" stride="2">
                            <param name="S" type="float"/>
                            <param name="T" type="float"/>
                        </accessor>
                    </technique_common>
                </source>
                <vertices id="ID210">
                    <input semantic="POSITION" source="#ID204"/>
                </vertices>
                <triangles count="1372" material="Material1">
                    <input offset="0" semantic="VERTEX" source="#ID210"/>
                    <input offset="1" semantic="NORMAL" source="#ID206"/>
                    <input offset="2" semantic="TEXCOORD" source="#ID208" set="0"/>
                    <p>46 2 2 112 1 1 108 0 0 112 1 1 46 2 2 51 1 3 43 4 5 112 4 1 38 3 4 112 4 1 43 4 5 108 5 0 104 8 8 77 7 7 99 6 6 77 7 7 104 8 8 83 9 9 77 7 7 95 10 10 99 6 6 95 10 10 77 7 7 55 11 11 59 12 12 95 10 10 55 11 11 95 10 10 59 12 12 91 13 13 104 1 8 72 1 15 86 1 14 72 1 15 104 1 8 99 1 6 99 1 6 68 1 16 72 1 15 68 1 16 99 1 6 95 1 10 63 15 17 95 1 10 91 14 13 95 1 10 63 15 17 68 1 16 77 18 7 86 17 14 72 16 15 86 17 14 77 18 7 83 19 9 72 16 15 55 20 11 77 18 7 55 20 11 72 16 15 68 21 16 59 23 12 68 21 16 63 22 17 68 21 16 59 23 12 55 20 11 43 25 5 51 25 3 46 24 2 51 25 3 43 25 5 38 26 4 38 27 4 112 27 1 51 27 3 46 2 2 108 0 0 43 28 5 83 9 9 104 8 8 86 29 14 63 15 17 91 14 13 59 30 12 126 2 2 180 1 1 177 0 0 180 1 1 126 2 2 130 1 3 121 4 5 180 4 1 117 3 4 180 4 1 121 4 5 177 5 0 173 8 8 7 7 7 169 6 6 7 7 7 173 8 8 154 9 9 7 7 7 165 10 10 169 6 6 165 10 10 7 7 7 134 11 11 138 12 12 165 10 10 134 11 11 165 10 10 138 12 12 161 13 13 173 1 8 150 1 15 157 1 14 150 1 15 173 1 8 169 1 6 169 1 6 146 1 16 150 1 15 146 1 16 169 1 6 165 1 10 142 15 17 165 1 10 161 14 13 165 1 10 142 15 17 146 1 16 7 18 7 157 17 14 150 16 15 157 17 14 7 18 7 154 19 9 150 16 15 134 20 11 7 18 7 134 20 11 150 16 15 146 21 16 138 23 12 146 21 16 142 22 17 146 21 16 138 23 12 134 20 11 121 25 5 130 25 3 126 24 2 130 25 3 121 25 5 117 26 4 117 27 4 180 27 1 130 27 3 126 2 2 177 0 0 121 28 5 154 9 9 173 8 8 157 29 14 142 15 17 161 14 13 138 30 12 849 33 20 865 32 19 855 31 18 865 32 19 849 33 20 861 34 21 861 34 21 875 35 22 865 32 19 875 35 22 861 34 21 870 36 23 870 36 23 884 37 24 875 35 22 884 37 24 870 36 23 880 38 25 880 38 25 893 39 26 884 37 24 893 39 26 880 38 25 889 40 27 889 40 27 900 41 28 893 39 26 900 41 28 889 40 27 897 42 29 897 42 29 834 43 30 900 41 28 834 43 30 897 42 29 829 44 31 829 44 31 841 45 32 834 43 30 841 45 32 829 44 31 822 46 33 743 47 36 768 48 35 759 47 34 768 48 35 743 47 36 764 49 37 764 49 37 777 50 38 768 48 35 777 50 38 764 49 37 773 51 39 773 51 39 789 52 40 777 50 38 789 52 40 773 51 39 782 53 41 782 53 41 798 54 42 789 52 40 798 54 42 782 53 41 793 55 43 758 56 46 748 57 45 742 56 44 748 57 45 758 56 46 753 58 47 753 58 47 811 59 48 748 57 45 811 59 48 753 58 47 817 60 49 817 60 49 802 61 50 811 59 48 802 61 50 817 60 49 807 62 51 1034 65 54 918 64 53 905 63 52 918 64 53 1034 65 54 1040 66 55 782 67 41 962 67 39 965 67 41 962 67 39 782 67 41 773 67 39 1040 66 55 925 68 56 918 64 53 925 68 56 1040 66 55 1043 69 57 1043 69 57 931 70 58 925 68 56 931 70 58 1043 69 57 1046 71 59 1046 71 59 937 72 60 931 70 58 937 72 60 1046 71 59 1050 73 61 1050 73 61 943 74 62 937 72 60 943 74 62 1050 73 61 1054 75 63 1054 75 63 949 76 64 943 74 62 949 76 64 1054 75 63 0 77 65 0 77 65 908 78 66 949 76 64 908 78 66 0 77 65 1037 79 67 1037 79 67 904 80 68 908 78 66 904 80 68 1037 79 67 1033 81 69 1011 84 72 1004 83 71 981 82 70 1004 83 71 1011 84 72 1030 85 73 1030 85 73 1001 86 74 1004 83 71 1001 86 74 1030 85 73 1027 87 75 1027 87 75 998 88 76 1001 86 74 998 88 76 1027 87 75 1024 89 77 1024 89 77 995 90 78 998 88 76 995 90 78 1024 89 77 1021 91 79 1021 91 79 991 92 80 995 90 78 991 92 80 1021 91 79 1018 93 81 1018 93 81 988 94 82 991 92 80 988 94 82 1018 93 81 1014 95 83 985 97 85 1014 95 83 1008 96 84 1014 95 83 985 97 85 988 94 82 1008 99 84 849 33 20 823 98 86 849 33 20 1008 99 84 1014 100 83 1014 100 83 861 34 21 849 33 20 861 34 21 1014 100 83 1018 101 81 1018 101 81 870 36 23 861 34 21 870 36 23 1018 101 81 1021 102 79 1021 102 79 880 38 25 870 36 23 880 38 25 1021 102 79 1024 103 77 1024 103 77 889 40 27 880 38 25 889 40 27 1024 103 77 1027 104 75 1027 104 75 897 42 29 889 40 27 897 42 29 1027 104 75 1030 105 73 1030 105 73 829 44 31 897 42 29 829 44 31 1030 105 73 1011 106 72 1011 106 72 822 46 33 829 44 31 822 46 33 1011 106 72 1007 107 87 952 108 88 981 82 70 1004 83 71 981 82 70 952 108 88 911 109 89 793 55 43 807 62 51 798 54 42 807 62 51 793 55 43 802 61 50 915 110 90 988 94 82 985 97 85 988 94 82 915 110 90 921 111 91 921 111 91 991 92 80 988 94 82 991 92 80 921 111 91 928 112 92 928 112 92 995 90 78 991 92 80 995 90 78 928 112 92 934 113 93 934 113 93 998 88 76 995 90 78 998 88 76 934 113 93 940 114 94 940 114 94 1001 86 74 998 88 76 1001 86 74 940 114 94 946 115 95 946 115 95 1004 83 71 1001 86 74 1004 83 71 946 115 95 952 108 88 984 117 97 911 109 89 914 116 96 911 109 89 984 117 97 981 82 70 1007 118 87 981 82 70 984 117 97 981 82 70 1007 118 87 1011 84 72 759 1 34 621 1 35 587 1 34 621 1 35 759 1 34 768 1 35 768 1 35 645 1 38 621 1 35 645 1 38 768 1 35 777 1 38 777 1 38 669 1 40 645 1 38 669 1 40 777 1 38 789 1 40 789 1 40 686 1 42 669 1 40 686 1 42 789 1 40 798 1 42 798 1 42 701 1 51 686 1 42 701 1 51 798 1 42 807 1 51 807 1 51 716 1 49 701 1 51 716 1 49 807 1 51 817 1 49 817 1 49 609 1 47 716 1 49 609 1 47 817 1 49 753 1 47 742 67 44 978 67 45 955 67 44 978 67 45 742 67 44 748 67 45 748 67 45 975 67 48 978 67 45 975 67 48 748 67 45 811 67 48 811 67 48 972 67 50 975 67 48 972 67 50 811 67 48 802 67 50 802 67 50 969 67 43 972 67 50 969 67 43 802 67 50 793 67 43 793 67 43 965 67 41 969 67 43 965 67 41 793 67 43 782 67 41 764 67 37 956 67 36 959 67 37 956 67 36 764 67 37 743 67 36 773 67 39 959 67 37 962 67 39 959 67 37 773 67 39 764 67 37 753 1 47 586 1 46 609 1 47 586 1 46 753 1 47 758 1 46 955 119 44 835 120 99 844 119 98 835 120 99 955 119 44 978 121 45 978 121 45 901 122 100 835 120 99 901 122 100 978 121 45 975 123 48 975 123 48 894 124 101 901 122 100 894 124 101 975 123 48 972 125 50 972 125 50 885 126 102 894 124 101 885 126 102 972 125 50 969 127 43 969 127 43 876 128 103 885 126 102 876 128 103 969 127 43 965 129 41 965 129 41 866 130 104 876 128 103 866 130 104 965 129 41 962 131 39 962 131 39 856 132 105 866 130 104 856 132 105 962 131 39 959 133 37 843 134 106 959 133 37 956 134 36 959 133 37 843 134 106 856 132 105 905 63 52 921 111 91 915 110 90 921 111 91 905 63 52 918 64 53 918 64 53 928 112 92 921 111 91 928 112 92 918 64 53 925 68 56 925 68 56 934 113 93 928 112 92 934 113 93 925 68 56 931 70 58 931 70 58 940 114 94 934 113 93 940 114 94 931 70 58 937 72 60 937 72 60 946 115 95 940 114 94 946 115 95 937 72 60 943 74 62 943 74 62 952 108 88 946 115 95 952 108 88 943 74 62 949 76 64 949 76 64 911 109 89 952 108 88 911 109 89 949 76 64 908 78 66 908 78 66 914 116 96 911 109 89 914 116 96 908 78 66 904 80 68 823 98 86 855 31 18 842 135 107 855 31 18 823 98 86 849 33 20 615 138 110 593 137 109 737 136 108 720 140 112 737 136 108 711 139 111 706 142 114 737 136 108 697 141 113 692 144 116 737 136 108 682 143 115 737 136 108 661 146 118 676 145 117 737 136 108 637 148 120 653 147 119 737 136 108 600 150 122 630 149 121 737 136 108 593 137 109 600 150 122 731 152 124 737 136 108 725 151 123 615 138 110 737 136 108 731 152 124 725 151 123 737 136 108 720 140 112 711 139 111 737 136 108 706 142 114 737 136 108 676 145 117 682 143 115 737 136 108 653 147 119 661 146 118 737 136 108 630 149 121 637 148 120 712 155 126 707 154 125 701 153 51 697 141 113 737 136 108 692 144 116 732 158 127 716 157 49 609 156 47 726 159 128 716 157 49 732 158 127 614 160 129 732 158 127 609 156 47 721 161 130 701 153 51 716 157 49 712 155 126 701 153 51 721 161 130 726 159 128 721 161 130 716 157 49 707 154 125 686 162 42 701 153 51 696 163 131 686 162 42 707 154 125 691 165 132 669 164 40 686 162 42 681 166 133 669 164 40 691 165 132 696 163 131 691 165 132 686 162 42 675 168 134 645 167 38 669 164 40 660 169 135 645 167 38 675 168 134 681 166 133 675 168 134 669 164 40 652 171 136 621 170 35 645 167 38 636 172 137 621 170 35 652 171 136 660 169 135 652 171 136 645 167 38 629 174 138 587 173 34 621 170 35 602 175 139 587 173 34 629 174 138 636 172 137 629 174 138 621 170 35 592 177 140 609 156 47 586 176 46 614 160 129 609 156 47 592 177 140 601 178 141 592 177 140 586 176 46 3 181 144 8 180 143 14 179 142 14 179 142 16 183 146 29 182 145 44 186 149 28 185 148 65 184 147 44 186 149 24 187 150 28 185 148 32 189 152 3 181 144 25 188 151 8 180 143 11 191 154 52 190 153 32 189 152 48 192 155 52 190 153 8 180 143 52 190 153 36 193 156 36 193 156 40 194 157 16 183 146 39 195 142 44 186 149 65 184 147 16 183 146 40 194 157 64 196 158 32 189 152 56 197 159 48 192 155 47 199 144 57 198 160 44 186 149 24 187 150 44 186 149 57 198 160 29 182 145 16 183 146 64 196 158 21 200 161 14 179 142 29 182 145 14 179 142 8 180 143 19 201 162 3 181 144 21 200 161 25 188 151 21 200 161 3 181 144 14 179 142 60 202 163 40 194 157 36 193 156 36 193 156 52 190 153 60 202 163 48 192 155 60 202 163 52 190 153 60 203 163 47 199 144 39 195 142 32 189 152 25 188 151 56 197 159 32 189 152 52 190 153 11 204 154 8 180 143 36 193 156 19 201 162 47 199 144 44 186 149 39 195 142 36 193 156 16 183 146 19 205 162 11 204 154 3 181 144 32 189 152 28 185 148 24 187 150 21 206 161 19 205 162 16 183 146 14 179 142 11 191 154 8 180 143 3 181 144 269 209 66 273 208 96 271 207 89 273 208 96 269 209 66 266 210 68 413 211 67 266 210 68 269 209 66 266 210 68 413 211 67 408 212 69 297 214 64 271 207 89 300 213 88 271 207 89 297 214 64 269 209 66 441 215 65 269 209 66 297 214 64 269 209 66 441 215 65 413 211 67 293 217 62 300 213 88 295 216 95 300 213 88 293 217 62 297 214 64 437 218 63 297 214 64 293 217 62 297 214 64 437 218 63 441 215 65 289 220 60 295 216 95 291 219 94 295 216 95 289 220 60 293 217 62 432 221 61 293 217 62 289 220 60 293 217 62 432 221 61 437 218 63 285 223 58 291 219 94 287 222 93 291 219 94 285 223 58 289 220 60 426 224 59 289 220 60 285 223 58 289 220 60 426 224 59 432 221 61 281 226 56 287 222 93 283 225 92 287 222 93 281 226 56 285 223 58 421 227 57 285 223 58 281 226 56 285 223 58 421 227 57 426 224 59 276 229 53 283 225 92 278 228 91 283 225 92 276 229 53 281 226 56 417 230 55 281 226 56 276 229 53 281 226 56 417 230 55 421 227 57 267 232 52 278 228 91 274 231 90 278 228 91 267 232 52 276 229 53 409 233 54 276 229 53 267 232 52 276 229 53 409 233 54 417 230 55 233 236 20 242 235 19 236 234 18 242 235 19 233 236 20 240 237 21 240 237 21 248 238 22 242 235 19 248 238 22 240 237 21 245 239 23 245 239 23 253 240 24 248 238 22 253 240 24 245 239 23 251 241 25 251 241 25 258 242 26 253 240 24 258 242 26 251 241 25 256 243 27 256 243 27 263 244 28 258 242 26 263 244 28 256 243 27 261 245 29 261 245 29 224 246 30 263 244 28 224 246 30 261 245 29 222 247 31 222 247 31 228 248 32 224 246 30 228 248 32 222 247 31 218 249 33 175 252 36 188 251 35 184 250 34 188 251 35 175 252 36 186 253 37 186 253 37 193 254 38 188 251 35 193 254 38 186 253 37 191 255 39 191 255 39 201 256 40 193 254 38 201 256 40 191 255 39 196 257 41 196 257 41 206 258 42 201 256 40 206 258 42 196 257 41 203 259 43 183 56 46 178 260 45 174 56 44 178 260 45 183 56 46 181 261 47 181 261 47 213 262 48 178 260 45 213 262 48 181 261 47 216 263 49 216 263 49 208 264 50 213 262 48 208 264 50 216 263 49 211 265 51 178 67 45 326 67 48 330 67 45 326 67 48 178 67 45 213 67 48 377 268 72 367 267 71 334 266 70 367 267 71 377 268 72 404 269 73 404 269 73 362 270 74 367 267 71 362 270 74 404 269 73 400 271 75 186 67 37 304 67 36 307 67 37 304 67 36 186 67 37 175 67 36 396 274 77 354 273 78 358 272 76 354 273 78 396 274 77 392 275 79 392 275 79 348 276 80 354 273 78 348 276 80 392 275 79 386 277 81 386 277 81 343 278 82 348 276 80 343 278 82 386 277 81 381 279 83 339 281 85 381 279 83 372 280 84 381 279 83 339 281 85 343 278 82 372 283 84 233 236 20 219 282 86 233 236 20 372 283 84 381 284 83 381 284 83 240 237 21 233 236 20 240 237 21 381 284 83 386 285 81 386 285 81 245 239 23 240 237 21 245 239 23 386 285 81 392 286 79 392 286 79 251 241 25 245 239 23 251 241 25 392 286 79 396 287 77 396 287 77 256 243 27 251 241 25 256 243 27 396 287 77 400 288 75 400 288 75 261 245 29 256 243 27 261 245 29 400 288 75 404 289 73 404 289 73 222 247 31 261 245 29 222 247 31 404 289 73 377 290 72 377 290 72 218 249 33 222 247 31 218 249 33 377 290 72 371 107 87 300 213 88 334 266 70 367 267 71 334 266 70 300 213 88 271 207 89 203 259 43 211 265 51 206 258 42 211 265 51 203 259 43 208 264 50 274 231 90 343 278 82 339 281 85 343 278 82 274 231 90 278 228 91 278 228 91 348 276 80 343 278 82 348 276 80 278 228 91 283 225 92 283 225 92 354 273 78 348 276 80 354 273 78 283 225 92 287 222 93 287 222 93 358 272 76 354 273 78 358 272 76 287 222 93 291 219 94 291 219 94 362 270 74 358 272 76 362 270 74 291 219 94 295 216 95 295 216 95 367 267 71 362 270 74 367 267 71 295 216 95 300 213 88 338 291 97 271 207 89 273 208 96 271 207 89 338 291 97 334 266 70 371 292 87 334 266 70 338 291 97 334 266 70 371 292 87 377 268 72 184 1 34 92 1 35 70 1 34 92 1 35 184 1 34 188 1 35 188 1 35 105 1 38 92 1 35 105 1 38 188 1 35 193 1 38 193 1 38 118 1 40 105 1 38 118 1 40 193 1 38 201 1 40 201 1 40 131 1 42 118 1 40 131 1 42 201 1 40 206 1 42 206 1 42 143 1 51 131 1 42 143 1 51 206 1 42 211 1 51 211 1 51 155 1 49 143 1 51 155 1 49 211 1 51 216 1 49 216 1 49 84 1 47 155 1 49 84 1 47 216 1 49 181 1 47 174 67 44 330 67 45 303 67 44 330 67 45 174 67 44 178 67 45 400 271 75 358 272 76 362 270 74 358 272 76 400 271 75 396 274 77 213 67 48 322 67 50 326 67 48 322 67 50 213 67 48 208 67 50 208 67 50 318 67 43 322 67 50 318 67 43 208 67 50 203 67 43 203 67 43 313 67 41 318 67 43 313 67 41 203 67 43 196 67 41 196 67 41 310 67 39 313 67 41 310 67 39 196 67 41 191 67 39 191 67 39 307 67 37 310 67 39 307 67 37 191 67 39 186 67 37 181 1 47 69 1 46 84 1 47 69 1 46 181 1 47 183 1 46 303 295 44 225 294 99 231 293 98 225 294 99 303 295 44 330 296 45 330 296 45 264 297 100 225 294 99 264 297 100 330 296 45 326 298 48 326 298 48 259 299 101 264 297 100 259 299 101 326 298 48 322 300 50 322 300 50 254 301 102 259 299 101 254 301 102 322 300 50 318 302 43 318 302 43 249 303 103 254 301 102 249 303 103 318 302 43 313 304 41 313 304 41 243 305 104 249 303 103 243 305 104 313 304 41 310 306 39 310 306 39 237 307 105 243 305 104 237 307 105 310 306 39 307 308 37 230 134 106 307 308 37 304 134 36 307 308 37 230 134 106 237 307 105 219 282 86 236 234 18 229 135 107 236 234 18 219 282 86 233 236 20 88 311 110 74 310 109 171 309 108 158 313 112 171 309 108 151 312 111 147 315 114 171 309 108 140 314 113 136 317 116 171 309 108 128 316 115 171 309 108 114 319 118 123 318 117 171 309 108 101 321 120 110 320 119 171 309 108 78 323 122 97 322 121 171 309 108 74 310 109 78 323 122 166 325 124 171 309 108 162 324 123 88 311 110 171 309 108 166 325 124 162 324 123 171 309 108 158 313 112 151 312 111 171 309 108 147 315 114 171 309 108 123 318 117 128 316 115 171 309 108 110 320 119 114 319 118 79 178 141 73 326 140 69 176 46 152 329 126 148 328 125 143 327 51 140 314 113 171 309 108 136 317 116 167 332 127 155 331 49 84 330 47 163 333 128 155 331 49 167 332 127 87 334 129 167 332 127 84 330 47 159 335 130 143 327 51 155 331 49 152 329 126 143 327 51 159 335 130 163 333 128 159 335 130 155 331 49 148 328 125 131 336 42 143 327 51 139 337 131 131 336 42 148 328 125 135 339 132 118 338 40 131 336 42 127 340 133 118 338 40 135 339 132 139 337 131 135 339 132 131 336 42 122 342 134 105 341 38 118 338 40 113 343 135 105 341 38 122 342 134 127 340 133 122 342 134 118 338 40 109 345 136 92 344 35 105 341 38 87 334 129 84 330 47 73 326 140 73 326 140 84 330 47 69 176 46 171 309 108 97 322 121 101 321 120 100 347 137 96 346 138 92 344 35 80 175 139 70 173 34 96 346 138 96 346 138 70 173 34 92 344 35 113 343 135 109 345 136 105 341 38 100 347 137 92 344 35 109 345 136 446 350 144 451 349 143 461 348 142 461 348 142 466 352 146 483 351 145 496 355 149 482 354 148 518 353 147 496 355 149 476 356 150 482 354 148 486 358 152 446 350 144 477 357 151 451 349 143 456 360 154 504 359 153 486 358 152 500 361 155 504 359 153 451 349 143 504 359 153 489 362 156 489 362 156 493 363 157 466 352 146 492 364 142 496 355 149 518 353 147 466 352 146 493 363 157 517 365 158 486 358 152 508 366 159 500 361 155 499 368 144 509 367 160 496 355 149 476 356 150 496 355 149 509 367 160 483 351 145 466 352 146 517 365 158 170 369 161 461 348 142 483 351 145 461 348 142 451 349 143 472 370 162 446 350 144 170 369 161 477 357 151 170 369 161 446 350 144 461 348 142 513 371 163 493 363 157 489 362 156 489 362 156 504 359 153 513 371 163 500 361 155 513 371 163 504 359 153 513 372 163 499 368 144 492 364 142 486 358 152 477 357 151 508 366 159 486 358 152 504 359 153 456 373 154 451 349 143 489 362 156 472 370 162 499 368 144 496 355 149 492 364 142 489 362 156 466 352 146 472 205 162 456 373 154 446 350 144 486 358 152 482 354 148 476 356 150 170 374 161 472 205 162 466 352 146 461 348 142 456 360 154 451 349 143 446 350 144 799 377 21 812 376 22 803 375 19 812 376 22 799 377 21 808 378 23 808 378 23 824 379 24 812 376 22 824 379 24 808 378 23 818 380 25 818 380 25 836 381 26 824 379 24 836 381 26 818 380 25 830 382 27 830 382 27 850 383 28 836 381 26 850 383 28 830 382 27 845 384 29 845 384 29 778 385 30 850 383 28 778 385 30 845 384 29 774 386 31 774 386 31 783 387 32 778 385 30 783 387 32 774 386 31 769 388 33 688 389 36 713 390 35 703 389 34 713 390 35 688 389 36 708 391 37 708 391 37 722 392 38 713 390 35 722 392 38 708 391 37 717 393 39 717 393 39 733 394 40 722 392 38 733 394 40 717 393 39 727 395 41 727 395 41 744 396 42 733 394 40 744 396 42 727 395 41 738 397 43 702 400 46 693 399 45 687 398 44 693 399 45 702 400 46 698 401 47 698 401 47 760 402 48 693 399 45 760 402 48 698 401 47 765 403 49 765 403 49 749 404 50 760 402 48 749 404 50 765 403 49 754 405 51 1016 408 54 877 407 53 858 406 52 877 407 53 1016 408 54 1019 409 55 1019 409 55 886 410 56 877 407 53 886 410 56 1019 409 55 1022 411 57 717 67 39 926 67 37 929 67 39 926 67 37 717 67 39 708 67 37 1022 411 57 895 412 58 886 410 56 895 412 58 1022 411 57 1002 413 59 857 416 68 1012 415 67 1015 414 69 1012 415 67 857 416 68 862 417 66 862 417 66 1009 418 65 1012 415 67 1009 418 65 862 417 66 916 419 64 916 419 64 1005 420 63 1009 418 65 1005 420 63 916 419 64 909 421 62 909 421 62 999 422 61 1005 420 63 999 422 61 909 421 62 902 423 60 1002 413 59 902 423 60 895 412 58 902 423 60 1002 413 59 999 422 61 967 426 85 996 425 83 993 424 84 996 425 83 967 426 85 970 427 82 970 427 82 976 428 81 996 425 83 976 428 81 970 427 82 947 429 80 947 429 80 973 430 79 976 428 81 973 430 79 947 429 80 950 431 78 992 434 87 963 433 70 966 432 97 963 433 70 992 434 87 989 435 72 989 435 72 960 436 71 963 433 70 960 436 71 989 435 72 986 437 73 986 437 73 957 438 74 960 436 71 957 438 74 986 437 73 982 439 75 982 439 75 953 440 76 957 438 74 953 440 76 982 439 75 979 441 77 950 431 78 979 441 77 973 430 79 979 441 77 950 431 78 953 440 76 993 444 84 790 443 20 770 442 86 790 443 20 993 444 84 996 445 83 996 445 83 799 377 21 790 443 20 799 377 21 996 445 83 976 446 81 769 388 33 989 448 72 992 447 87 989 448 72 769 388 33 774 386 31 774 386 31 986 449 73 989 448 72 986 449 73 774 386 31 845 384 29 845 384 29 982 450 75 986 449 73 982 450 75 845 384 29 830 382 27 830 382 27 979 451 77 982 450 75 979 451 77 830 382 27 818 380 25 818 380 25 973 452 79 979 451 77 973 452 79 818 380 25 808 378 23 976 446 81 808 378 23 799 377 21 808 378 23 976 446 81 973 452 79 881 453 91 947 429 80 970 427 82 947 429 80 881 453 91 890 454 92 738 397 43 754 405 51 744 396 42 754 405 51 738 397 43 749 404 50 872 455 90 970 427 82 967 426 85 970 427 82 872 455 90 881 453 91 966 432 97 867 457 89 871 456 96 867 457 89 966 432 97 963 433 70 963 433 70 919 458 88 867 457 89 919 458 88 963 433 70 960 436 71 960 436 71 912 459 95 919 458 88 912 459 95 960 436 71 957 438 74 957 438 74 906 460 94 912 459 95 906 460 94 957 438 74 953 440 76 953 440 76 898 461 93 906 460 94 898 461 93 953 440 76 950 431 78 950 431 78 890 454 92 898 461 93 890 454 92 950 431 78 947 429 80 703 1 34 557 1 35 525 1 34 557 1 35 703 1 34 713 1 35 713 1 35 572 1 38 557 1 35 572 1 38 713 1 35 722 1 38 722 1 38 588 1 40 572 1 38 588 1 40 722 1 38 733 1 40 733 1 40 610 1 42 588 1 40 610 1 42 733 1 40 744 1 42 744 1 42 631 1 51 610 1 42 631 1 51 744 1 42 754 1 51 754 1 51 654 1 49 631 1 51 654 1 49 754 1 51 765 1 49 765 1 49 544 1 47 654 1 49 544 1 47 765 1 49 698 1 47 687 67 44 944 67 45 922 67 44 944 67 45 687 67 44 693 67 45 693 67 45 941 67 48 944 67 45 941 67 48 693 67 45 760 67 48 760 67 48 938 67 50 941 67 48 938 67 50 760 67 48 749 67 50 749 67 50 935 67 43 938 67 50 935 67 43 749 67 50 738 67 43 738 67 43 932 67 41 935 67 43 932 67 41 738 67 43 727 67 41 727 67 41 929 67 39 932 67 41 929 67 39 727 67 41 717 67 39 708 67 37 923 67 36 926 67 37 923 67 36 708 67 37 688 67 36 698 1 47 524 1 46 544 1 47 524 1 46 698 1 47 702 1 46 922 462 44 779 463 99 786 462 98 779 463 99 922 462 44 944 464 45 944 464 45 851 465 100 779 463 99 851 465 100 944 464 45 941 466 48 941 466 48 837 467 101 851 465 100 837 467 101 941 466 48 938 468 50 938 468 50 825 469 102 837 467 101 825 469 102 938 468 50 935 470 43 935 470 43 813 471 103 825 469 102 813 471 103 935 470 43 932 472 41 932 472 41 804 473 104 813 471 103 804 473 104 932 472 41 929 474 39 929 474 39 795 475 105 804 473 104 795 475 105 929 474 39 926 476 37 785 477 106 926 476 37 923 477 36 926 476 37 785 477 106 795 475 105 858 406 52 881 453 91 872 455 90 881 453 91 858 406 52 877 407 53 877 407 53 890 454 92 881 453 91 890 454 92 877 407 53 886 410 56 886 410 56 898 461 93 890 454 92 898 461 93 886 410 56 895 412 58 895 412 58 906 460 94 898 461 93 906 460 94 895 412 58 902 423 60 902 423 60 912 459 95 906 460 94 912 459 95 902 423 60 909 421 62 909 421 62 919 458 88 912 459 95 919 458 88 909 421 62 916 419 64 916 419 64 867 457 89 919 458 88 867 457 89 916 419 64 862 417 66 862 417 66 871 456 96 867 457 89 871 456 96 862 417 66 857 416 68 770 442 86 794 479 18 784 478 107 794 479 18 770 442 86 790 443 20 790 443 20 803 375 19 794 479 18 803 375 19 790 443 20 799 377 21 551 482 110 531 481 109 683 480 108 662 484 112 683 480 108 646 483 111 638 486 114 683 480 108 623 485 113 617 488 116 683 480 108 604 487 115 683 480 108 582 490 118 595 489 117 683 480 108 568 492 120 577 491 119 683 480 108 537 494 122 563 493 121 683 480 108 531 481 109 537 494 122 677 496 124 683 480 108 670 495 123 551 482 110 683 480 108 677 496 124 670 495 123 683 480 108 662 484 112 646 483 111 683 480 108 638 486 114 683 480 108 595 489 117 604 487 115 683 480 108 577 491 119 582 490 118 683 480 108 563 493 121 568 492 120 647 499 126 639 498 125 631 497 51 623 485 113 683 480 108 617 488 116 678 502 127 654 501 49 544 500 47 671 503 128 654 501 49 678 502 127 550 504 129 678 502 127 544 500 47 663 505 130 631 497 51 654 501 49 647 499 126 631 497 51 663 505 130 671 503 128 663 505 130 654 501 49 639 498 125 610 506 42 631 497 51 622 507 131 610 506 42 639 498 125 616 509 132 588 508 40 610 506 42 603 510 133 588 508 40 616 509 132 622 507 131 616 509 132 610 506 42 594 512 134 572 511 38 588 508 40 581 513 135 572 511 38 594 512 134 603 510 133 594 512 134 588 508 40 576 515 136 557 514 35 572 511 38 567 516 137 557 514 35 576 515 136 581 513 135 576 515 136 572 511 38 562 518 138 525 517 34 557 514 35 539 519 139 525 517 34 562 518 138 567 516 137 562 518 138 557 514 35 530 521 140 544 500 47 524 520 46 550 504 129 544 500 47 530 521 140 538 522 141 530 521 140 524 520 46 1025 525 144 1028 524 143 1035 523 142 1035 523 142 1038 527 146 1052 526 145 9 530 149 1051 529 148 23 528 147 9 530 149 1047 531 150 1051 529 148 1055 533 152 1025 525 144 1048 532 151 1028 524 143 1031 535 154 15 534 153 1055 533 152 13 536 155 15 534 153 1028 524 143 15 534 153 1 537 156 1 537 156 5 538 157 1038 527 146 4 539 142 9 530 149 23 528 147 1038 527 146 5 538 157 22 540 158 1055 533 152 17 541 159 13 536 155 12 543 144 18 542 160 9 530 149 1047 531 150 9 530 149 18 542 160 1052 526 145 1038 527 146 22 540 158 1044 544 161 1035 523 142 1052 526 145 1035 523 142 1028 524 143 1041 545 162 1025 525 144 1044 544 161 1048 532 151 1044 544 161 1025 525 144 1035 523 142 20 546 163 5 538 157 1 537 156 1 537 156 15 534 153 20 546 163 13 536 155 20 546 163 15 534 153 20 547 163 12 543 144 4 539 142 1055 533 152 1048 532 151 17 541 159 1055 533 152 15 534 153 1031 548 154 1028 524 143 1 537 156 1041 545 162 12 543 144 9 530 149 4 539 142 1 537 156 1038 527 146 1041 549 162 1031 548 154 1025 525 144 1055 533 152 1051 529 148 1047 531 150 1044 550 161 1041 549 162 1038 527 146 1035 523 142 1031 535 154 1028 524 143 1025 525 144 207 553 21 214 552 22 209 551 19 214 552 22 207 553 21 212 554 23 212 554 23 220 555 24 214 552 22 220 555 24 212 554 23 217 556 25 217 556 25 226 557 26 220 555 24 226 557 26 217 556 25 223 558 27 223 558 27 234 559 28 226 557 26 234 559 28 223 558 27 232 560 29 232 560 29 194 561 30 234 559 28 194 561 30 232 560 29 192 562 31 192 562 31 197 563 32 194 561 30 197 563 32 192 562 31 189 564 33 133 565 36 153 566 35 145 565 34 153 566 35 133 565 36 149 567 37 149 567 37 160 50 38 153 566 35 160 50 38 149 567 37 156 51 39 156 51 39 168 568 40 160 50 38 168 568 40 156 51 39 164 569 41 164 569 41 176 570 42 168 568 40 176 570 42 164 569 41 172 571 43 144 574 46 137 573 45 132 572 44 137 573 45 144 574 46 141 575 47 141 575 47 185 576 48 137 573 45 185 576 48 141 575 47 187 577 49 187 577 49 179 578 50 185 576 48 179 578 50 187 577 49 182 579 51 388 582 54 250 581 53 239 580 52 250 581 53 388 582 54 393 583 55 393 583 55 255 584 56 250 581 53 255 584 56 393 583 55 363 585 57 156 67 39 282 67 37 284 67 39 282 67 37 156 67 39 149 67 37 238 588 68 382 587 67 387 586 69 382 587 67 238 588 68 241 589 66 241 589 66 378 590 65 382 587 67 378 590 65 241 589 66 275 591 64 275 591 64 373 592 63 378 590 65 373 592 63 275 591 64 270 593 62 270 593 62 368 594 61 373 592 63 368 594 61 270 593 62 265 595 60 265 595 60 359 596 59 368 594 61 359 596 59 265 595 60 260 597 58 363 585 57 260 597 58 255 584 56 260 597 58 363 585 57 359 596 59 315 600 85 355 599 83 350 598 84 355 599 83 315 600 85 319 601 82 319 601 82 327 602 81 355 599 83 327 602 81 319 601 82 296 603 80 296 603 80 323 604 79 327 602 81 323 604 79 296 603 80 298 605 78 349 118 87 311 607 70 314 606 97 311 607 70 349 118 87 344 608 72 344 608 72 308 609 71 311 607 70 308 609 71 344 608 72 340 610 73 340 610 73 305 611 74 308 609 71 305 611 74 340 610 73 335 612 75 335 612 75 301 613 76 305 611 74 301 613 76 335 612 75 331 614 77 298 605 78 331 614 77 323 604 79 331 614 77 298 605 78 301 613 76 350 617 84 202 616 20 190 615 86 202 616 20 350 617 84 355 618 83 355 618 83 207 553 21 202 616 20 207 553 21 355 618 83 327 619 81 189 564 33 344 620 72 349 107 87 344 620 72 189 564 33 192 562 31 192 562 31 340 621 73 344 620 72 340 621 73 192 562 31 232 560 29 232 560 29 335 622 75 340 621 73 335 622 75 232 560 29 223 558 27 223 558 27 331 623 77 335 622 75 331 623 77 223 558 27 217 556 25 217 556 25 323 624 79 331 623 77 323 624 79 217 556 25 212 554 23 327 619 81 212 554 23 207 553 21 212 554 23 327 619 81 323 624 79 252 625 91 296 603 80 319 601 82 296 603 80 252 625 91 257 626 92 172 571 43 182 579 51 176 570 42 182 579 51 172 571 43 179 578 50 247 627 90 319 601 82 315 600 85 319 601 82 247 627 90 252 625 91 314 606 97 244 629 89 246 628 96 244 629 89 314 606 97 311 607 70 311 607 70 277 630 88 244 629 89 277 630 88 311 607 70 308 609 71 308 609 71 272 631 95 277 630 88 272 631 95 308 609 71 305 611 74 305 611 74 268 632 94 272 631 95 268 632 94 305 611 74 301 613 76 301 613 76 262 633 93 268 632 94 262 633 93 301 613 76 298 605 78 298 605 78 257 626 92 262 633 93 257 626 92 298 605 78 296 603 80 145 1 34 45 1 35 27 1 34 45 1 35 145 1 34 153 1 35 153 1 35 58 1 38 45 1 35 58 1 38 153 1 35 160 1 38 160 1 38 71 1 40 58 1 38 71 1 40 160 1 38 168 1 40 168 1 40 85 1 42 71 1 40 85 1 42 168 1 40 176 1 42 176 1 42 98 1 51 85 1 42 98 1 51 176 1 42 182 1 51 182 1 51 111 1 49 98 1 51 111 1 49 182 1 51 187 1 49 187 1 49 37 1 47 111 1 49 37 1 47 187 1 49 141 1 47 132 67 44 294 67 45 279 67 44 294 67 45 132 67 44 137 67 45 137 67 45 292 67 48 294 67 45 292 67 48 137 67 45 185 67 48 185 67 48 290 67 50 292 67 48 290 67 50 185 67 48 179 67 50 179 67 50 288 67 43 290 67 50 288 67 43 179 67 50 172 67 43 172 67 43 286 67 41 288 67 43 286 67 41 172 67 43 164 67 41 164 67 41 284 67 39 286 67 41 284 67 39 164 67 41 156 67 39 149 67 37 280 67 36 282 67 37 280 67 36 149 67 37 133 67 36 141 1 47 26 1 46 37 1 47 26 1 46 141 1 47 144 1 46 279 634 44 195 635 99 200 634 98 195 635 99 279 634 44 294 636 45 294 636 45 235 637 100 195 635 99 235 637 100 294 636 45 292 638 48 292 638 48 227 639 101 235 637 100 227 639 101 292 638 48 290 640 50 290 640 50 221 641 102 227 639 101 221 641 102 290 640 50 288 642 43 288 642 43 215 643 103 221 641 102 215 643 103 288 642 43 286 644 41 286 644 41 210 645 104 215 643 103 210 645 104 286 644 41 284 646 39 284 646 39 205 647 105 210 645 104 205 647 105 284 646 39 282 648 37 199 650 106 282 648 37 280 649 36 282 648 37 199 650 106 205 647 105 239 580 52 252 625 91 247 627 90 252 625 91 239 580 52 250 581 53 250 581 53 257 626 92 252 625 91 257 626 92 250 581 53 255 584 56 255 584 56 262 633 93 257 626 92 262 633 93 255 584 56 260 597 58 260 597 58 268 632 94 262 633 93 268 632 94 260 597 58 265 595 60 265 595 60 272 631 95 268 632 94 272 631 95 265 595 60 270 593 62 270 593 62 277 630 88 272 631 95 277 630 88 270 593 62 275 591 64 275 591 64 244 629 89 277 630 88 244 629 89 275 591 64 241 589 66 241 589 66 246 628 96 244 629 89 246 628 96 241 589 66 238 588 68 190 615 86 204 652 18 198 651 107 204 652 18 190 615 86 202 616 20 202 616 20 209 551 19 204 652 18 209 551 19 202 616 20 207 553 21 42 655 110 31 654 109 129 653 108 115 657 112 129 653 108 106 656 111 102 659 114 129 653 108 94 658 113 90 661 116 129 653 108 82 660 115 129 653 108 67 663 118 76 662 117 129 653 108 54 665 120 62 664 119 129 653 108 33 667 122 50 666 121 129 653 108 31 654 109 33 667 122 124 669 124 129 653 108 119 668 123 42 655 110 129 653 108 124 669 124 119 668 123 129 653 108 115 657 112 106 656 111 129 653 108 102 659 114 129 653 108 76 662 117 82 660 115 129 653 108 62 664 119 67 663 118 129 653 108 50 666 121 54 665 120 107 672 126 103 671 125 98 670 51 94 658 113 129 653 108 90 661 116 125 675 127 111 674 49 37 673 47 120 676 128 111 674 49 125 675 127 41 677 129 125 675 127 37 673 47 116 678 130 98 670 51 111 674 49 107 672 126 98 670 51 116 678 130 120 676 128 116 678 130 111 674 49 103 671 125 85 679 42 98 670 51 93 680 131 85 679 42 103 671 125 89 682 132 71 681 40 85 679 42 81 683 133 71 681 40 89 682 132 93 680 131 89 682 132 85 679 42 75 684 134 58 167 38 71 681 40 66 169 135 58 167 38 75 684 134 81 683 133 75 684 134 71 681 40 61 686 136 45 685 35 58 167 38 53 687 137 45 685 35 61 686 136 66 169 135 61 686 136 58 167 38 49 689 138 27 688 34 45 685 35 35 690 139 27 688 34 49 689 138 53 687 137 49 689 138 45 685 35 30 692 140 37 673 47 26 691 46 41 677 129 37 673 47 30 692 140 34 693 141 30 692 140 26 691 46 397 696 144 401 695 143 410 694 142 410 694 142 414 698 146 434 697 145 452 701 149 433 700 148 479 699 147 452 701 149 427 702 150 433 700 148 438 704 152 397 696 144 428 703 151 401 695 143 405 706 154 462 705 153 438 704 152 458 707 155 462 705 153 401 695 143 462 705 153 442 708 156 442 708 156 448 709 157 414 698 146 447 710 142 452 701 149 479 699 147 414 698 146 448 709 157 478 711 158 438 704 152 467 712 159 458 707 155 457 714 144 468 713 160 452 701 149 427 702 150 452 701 149 468 713 160 434 697 145 414 698 146 478 711 158 422 715 161 410 694 142 434 697 145 410 694 142 401 695 143 418 716 162 397 696 144 422 715 161 428 703 151 422 715 161 397 696 144 410 694 142 473 717 163 448 709 157 442 708 156 442 708 156 462 705 153 473 717 163 458 707 155 473 717 163 462 705 153 473 203 163 457 714 144 447 710 142 438 704 152 428 703 151 467 712 159 438 704 152 462 705 153 405 718 154 401 695 143 442 708 156 418 716 162 457 714 144 452 701 149 447 710 142 442 708 156 414 698 146 418 719 162 405 718 154 397 696 144 438 704 152 433 700 148 427 702 150 422 206 161 418 719 162 414 698 146 410 694 142 405 706 154 401 695 143 397 696 144 546 722 165 583 721 165 533 720 164 583 721 165 546 722 165 589 723 166 527 724 166 589 723 166 546 722 165 589 723 166 527 724 166 596 725 167 510 726 167 596 725 167 527 724 166 596 725 167 510 726 167 605 727 164 533 720 164 605 727 164 510 726 167 605 727 164 533 720 164 583 721 165 519 730 169 564 729 169 514 728 168 564 729 169 519 730 169 569 731 170 553 732 170 569 731 170 519 730 169 569 731 170 553 732 170 573 733 171 541 734 171 573 733 171 553 732 170 573 733 171 541 734 171 578 735 168 514 728 168 578 735 168 541 734 171 578 735 168 514 728 168 564 729 169 558 738 161 526 737 173 545 736 172 526 737 173 558 738 161 520 739 174 552 740 175 520 739 174 558 738 161 552 742 175 532 742 177 540 741 176 532 742 177 552 742 175 545 741 172 540 743 176 510 743 167 514 743 168 510 743 167 540 743 176 532 743 177 514 745 168 527 745 166 519 744 169 527 745 166 514 745 168 510 744 167 545 736 172 552 740 175 558 738 161 656 748 165 699 747 165 641 746 164 699 747 165 656 748 165 704 749 166 633 750 166 704 749 166 656 748 165 704 749 166 633 750 166 709 751 167 611 752 167 709 751 167 633 750 166 709 751 167 611 752 167 714 753 164 641 746 164 714 753 164 611 752 167 714 753 164 641 746 164 699 747 165 624 756 169 679 755 169 618 754 168 679 755 169 624 756 169 684 757 170 665 758 170 684 757 170 624 756 169 684 757 170 665 758 170 689 759 171 649 760 171 689 759 171 665 758 170 689 759 171 649 760 171 694 761 168 618 754 168 694 761 168 649 760 171 694 761 168 618 754 168 679 755 169 672 764 161 632 763 173 655 762 172 632 763 173 672 764 161 625 765 174 664 766 175 625 765 174 672 764 161 664 766 175 640 768 177 648 767 176 640 768 177 664 766 175 655 762 172 648 770 176 611 770 167 618 769 168 611 770 167 648 770 176 640 771 177 618 754 168 633 772 166 624 756 169 633 772 166 618 754 168 611 773 167 655 762 172 664 766 175 672 764 161 751 776 165 787 775 165 740 774 164 787 775 165 751 776 165 791 777 166 735 778 166 791 777 166 751 776 165 791 777 166 735 778 166 796 779 167 718 780 167 796 779 167 735 778 166 796 779 167 718 780 167 800 781 164 740 774 164 800 781 164 718 780 167 800 781 164 740 774 164 787 775 165 728 784 169 766 783 169 723 782 168 766 783 169 728 784 169 771 784 170 756 785 170 771 784 170 728 784 169 771 784 170 756 785 170 775 786 171 746 787 171 775 786 171 756 785 170 775 786 171 746 787 171 780 788 168 723 782 168 780 788 168 746 787 171 780 788 168 723 782 168 766 783 169 761 67 161 734 67 173 750 67 172 734 67 173 761 67 161 729 67 174 755 67 175 729 67 174 761 67 161 755 789 175 739 789 177 745 789 176 739 789 177 755 789 175 750 789 172 745 1 176 718 1 167 723 1 168 718 1 167 745 1 176 739 1 177 723 790 168 735 778 166 728 790 169 735 778 166 723 790 168 718 780 167 750 67 172 755 67 175 761 67 161 839 793 165 878 792 165 827 791 164 878 792 165 839 793 165 882 794 166 820 795 166 882 794 166 839 793 165 882 794 166 820 795 166 887 796 167 805 797 167 887 796 167 820 795 166 887 796 167 805 797 167 891 798 164 827 791 164 891 798 164 805 797 167 891 798 164 827 791 164 878 792 165 814 801 169 859 800 169 809 799 168 859 800 169 814 801 169 863 801 170 847 799 170 863 801 170 814 801 169 863 801 170 847 799 170 868 802 171 832 801 171 868 802 171 847 799 170 868 802 171 832 801 171 873 801 168 809 799 168 873 801 168 832 801 171 873 801 168 809 799 168 859 800 169 852 67 161 819 67 173 838 67 172 819 67 173 852 67 161 815 67 174 846 67 175 815 67 174 852 67 161 846 803 175 826 803 177 831 803 176 826 803 177 846 803 175 838 803 172 831 1 176 805 1 167 809 1 168 805 1 167 831 1 176 826 1 177 809 804 168 820 795 166 814 804 169 820 795 166 809 804 168 805 797 167 838 67 172 846 67 175 852 67 161 316 807 144 320 806 143 328 805 142 328 805 142 332 809 146 352 808 145 369 812 149 351 811 148 390 810 147 369 812 149 345 813 150 351 811 148 356 815 152 316 807 144 346 814 151 320 806 143 324 817 154 379 816 153 356 815 152 375 818 155 379 816 153 320 806 143 379 816 153 360 819 156 360 819 156 365 820 157 332 809 146 364 821 142 369 812 149 390 810 147 332 809 146 365 820 157 389 822 158 356 815 152 383 823 159 375 818 155 374 825 144 384 824 160 369 812 149 345 813 150 369 812 149 384 824 160 352 808 145 332 809 146 389 822 158 341 826 161 328 805 142 352 808 145 328 805 142 320 806 143 336 827 162 316 807 144 341 826 161 346 814 151 341 826 161 316 807 144 328 805 142 673 828 163 365 820 157 360 819 156 360 819 156 379 816 153 673 828 163 375 818 155 673 828 163 379 816 153 673 829 163 374 825 144 364 821 142 356 815 152 346 814 151 383 823 159 356 815 152 379 816 153 324 830 154 320 806 143 360 819 156 336 827 162 374 825 144 369 812 149 364 821 142 360 819 156 332 809 146 336 831 162 324 830 154 316 807 144 356 815 152 351 811 148 345 813 150 341 832 161 336 831 162 332 809 146 328 805 142 324 817 154 320 806 143 316 807 144 394 835 144 398 834 143 406 833 142 406 833 142 411 837 146 430 836 145 449 839 149 429 838 148 470 810 147 449 839 149 423 840 150 429 838 148 435 842 152 394 835 144 424 841 151 398 834 143 402 844 154 459 843 153 435 842 152 454 845 155 459 843 153 398 834 143 459 843 153 439 846 156 439 846 156 444 847 157 411 837 146 443 848 142 449 839 149 470 810 147 411 837 146 444 847 157 469 849 158 435 842 152 463 850 159 454 845 155 453 851 144 464 824 160 449 839 149 423 840 150 449 839 149 464 824 160 430 836 145 411 837 146 469 849 158 419 852 161 406 833 142 430 836 145 406 833 142 398 834 143 415 853 162 394 835 144 419 852 161 424 841 151 419 852 161 394 835 144 406 833 142 559 854 163 444 847 157 439 846 156 439 846 156 459 843 153 559 854 163 454 845 155 559 854 163 459 843 153 559 855 163 453 851 144 443 848 142 435 842 152 424 841 151 463 850 159 435 842 152 459 843 153 402 856 154 398 834 143 439 846 156 415 853 162 453 851 144 449 839 149 443 848 142 439 846 156 411 837 146 415 857 162 402 856 154 394 835 144 435 842 152 429 838 148 423 840 150 419 858 161 415 857 162 411 837 146 406 833 142 402 844 154 398 834 143 394 835 144 474 861 144 480 860 143 487 859 142 487 859 142 490 863 146 506 862 145 528 866 149 505 865 148 555 864 147 528 866 149 501 867 150 505 865 148 511 869 152 474 861 144 502 868 151 480 860 143 484 871 154 542 870 153 511 869 152 535 872 155 542 870 153 480 860 143 542 870 153 515 873 156 515 873 156 522 874 157 490 863 146 521 875 142 528 866 149 555 864 147 490 863 146 522 874 157 554 876 158 511 869 152 547 823 159 535 872 155 534 878 144 548 877 160 528 866 149 501 867 150 528 866 149 548 877 160 506 862 145 490 863 146 554 876 158 497 879 161 487 859 142 506 862 145 487 859 142 480 860 143 494 827 162 474 861 144 497 879 161 502 868 151 497 879 161 474 861 144 487 859 142 762 880 163 522 874 157 515 873 156 515 873 156 542 870 153 762 880 163 535 872 155 762 880 163 542 870 153 762 881 163 534 878 144 521 875 142 511 869 152 502 868 151 547 823 159 511 869 152 542 870 153 484 830 154 480 860 143 515 873 156 494 827 162 534 878 144 528 866 149 521 875 142 515 873 156 490 863 146 494 882 162 484 830 154 474 861 144 511 869 152 505 865 148 501 867 150 497 883 161 494 882 162 490 863 146 487 859 142 484 871 154 480 860 143 474 861 144 560 886 144 565 885 143 574 884 142 574 884 142 579 888 146 607 887 145 634 891 149 606 890 148 667 889 147 634 891 149 597 892 150 606 890 148 612 894 152 560 886 144 598 893 151 565 885 143 570 896 154 650 895 153 612 894 152 643 897 155 650 895 153 565 885 143 650 895 153 619 898 156 619 898 156 627 899 157 579 888 146 626 900 142 634 891 149 667 889 147 579 888 146 627 899 157 666 901 158 612 894 152 657 902 159 643 897 155 642 904 144 658 903 160 634 891 149 597 892 150 634 891 149 658 903 160 607 887 145 579 888 146 666 901 158 590 905 161 574 884 142 607 887 145 574 884 142 565 885 143 584 906 162 560 886 144 590 905 161 598 893 151 590 905 161 560 886 144 574 884 142 853 907 163 627 899 157 619 898 156 619 898 156 650 895 153 853 907 163 643 897 155 853 907 163 650 895 153 853 908 163 642 904 144 626 900 142 612 894 152 598 893 151 657 902 159 612 894 152 650 895 153 570 909 154 565 885 143 619 898 156 584 906 162 642 904 144 634 891 149 626 900 142 619 898 156 579 888 146 584 910 162 570 909 154 560 886 144 612 894 152 606 890 148 597 892 150 590 911 161 584 910 162 579 888 146 574 884 142 570 896 154 565 885 143 560 886 144 306 914 180 299 913 179 347 912 178 306 914 180 347 912 178 342 915 179 306 914 180 342 915 179 337 916 181 306 914 180 337 916 181 333 917 182 306 914 180 333 917 182 329 918 183 306 914 180 329 918 183 325 919 184 306 914 180 325 919 184 321 920 185 306 914 180 321 920 185 317 921 184 306 914 180 317 921 184 312 922 186 306 914 180 312 922 186 309 923 182 306 914 180 309 923 182 302 924 187 306 914 180 302 924 187 299 913 179 361 927 180 353 926 179 407 925 178 361 927 180 407 925 178 403 928 179 361 927 180 403 928 179 399 929 181 361 927 180 399 929 181 395 930 182 361 927 180 395 930 182 391 931 183 361 927 180 391 931 183 385 932 184 361 927 180 385 932 184 380 933 185 361 927 180 380 933 185 376 934 184 361 927 180 376 934 184 370 935 186 361 927 180 370 935 186 366 936 182 361 927 180 366 936 182 357 937 187 361 927 180 357 937 187 353 926 179 420 940 180 412 939 179 471 938 178 420 940 180 471 938 178 465 941 179 420 940 180 465 941 179 460 942 181 420 940 180 460 942 181 455 943 182 420 940 180 455 943 182 450 944 183 420 940 180 450 944 183 445 945 184 420 940 180 445 945 184 440 920 185 420 940 180 440 920 185 436 946 184 420 940 180 436 946 184 431 947 186 420 940 180 431 947 186 425 948 182 420 940 180 425 948 182 416 949 187 420 940 180 416 949 187 412 939 179 485 950 180 475 913 179 529 912 178 485 950 180 529 912 178 523 915 179 485 950 180 523 915 179 516 916 181 485 950 180 516 916 181 512 917 182 485 950 180 512 917 182 507 951 183 485 950 180 507 951 183 503 952 184 485 950 180 503 952 184 498 953 185 485 950 180 498 953 185 495 954 184 485 950 180 495 954 184 491 955 186 485 950 180 491 955 186 488 923 182 485 950 180 488 923 182 481 924 187 485 950 180 481 924 187 475 913 179 549 958 180 536 957 179 608 956 178 549 958 180 608 956 178 599 959 179 549 958 180 599 959 179 591 960 181 549 958 180 591 960 181 585 961 182 549 958 180 585 961 182 580 962 183 549 958 180 580 962 183 575 963 184 549 958 180 575 963 184 571 964 185 549 958 180 571 964 185 566 965 184 549 958 180 566 965 184 561 966 186 549 958 180 561 966 186 556 923 182 549 958 180 556 923 182 543 967 187 549 958 180 543 967 187 536 957 179 628 970 180 613 969 179 695 968 178 628 970 180 695 968 178 690 971 179 628 970 180 690 971 179 685 972 181 628 970 180 685 972 181 680 973 182 628 970 180 680 973 182 674 974 183 628 970 180 674 974 183 668 952 184 628 970 180 668 952 184 659 953 185 628 970 180 659 953 185 651 954 184 628 970 180 651 954 184 644 955 186 628 970 180 644 955 186 635 923 182 628 970 180 635 923 182 620 924 187 628 970 180 620 924 187 613 969 179 710 975 180 700 913 179 763 912 178 710 975 180 763 912 178 757 915 179 710 975 180 757 915 179 752 972 181 710 975 180 752 972 181 747 973 182 710 975 180 747 973 182 741 974 183 710 975 180 741 974 183 736 952 184 710 975 180 736 952 184 730 953 185 710 975 180 730 953 185 724 954 184 710 975 180 724 954 184 719 955 186 710 975 180 719 955 186 715 923 182 710 975 180 715 923 182 705 924 187 710 975 180 705 924 187 700 913 179 776 914 180 767 913 179 828 912 178 776 914 180 828 912 178 821 915 179 776 914 180 821 915 179 816 916 181 776 914 180 816 916 181 810 917 182 776 914 180 810 917 182 806 918 183 776 914 180 806 918 183 801 919 184 776 914 180 801 919 184 797 920 185 776 914 180 797 920 185 792 921 184 776 914 180 792 921 184 788 922 186 776 914 180 788 922 186 781 923 182 776 914 180 781 923 182 772 924 187 776 914 180 772 924 187 767 913 179 848 976 180 833 939 179 896 938 178 848 976 180 896 938 178 892 941 179 848 976 180 892 941 179 888 977 181 848 976 180 888 977 181 883 978 182 848 976 180 883 978 182 879 979 183 848 976 180 879 979 183 874 945 184 848 976 180 874 945 184 869 920 185 848 976 180 869 920 185 864 946 184 848 976 180 864 946 184 860 947 186 848 976 180 860 947 186 854 948 182 848 976 180 854 948 182 840 949 187 848 976 180 840 949 187 833 939 179 907 980 180 899 913 179 939 912 178 907 980 180 939 912 178 936 915 179 907 980 180 936 915 179 933 916 181 907 980 180 933 916 181 930 981 182 907 980 180 930 981 182 927 979 183 907 980 180 927 979 183 924 945 184 907 980 180 924 945 184 920 920 185 907 980 180 920 920 185 917 946 184 907 980 180 917 946 184 913 947 186 907 980 180 913 947 186 910 982 182 907 980 180 910 982 182 903 924 187 907 980 180 903 924 187 899 913 179 948 983 180 942 926 179 980 925 178 948 983 180 980 925 178 977 928 179 948 983 180 977 928 179 974 929 181 948 983 180 974 929 181 971 930 182 948 983 180 971 930 182 968 931 183 948 983 180 968 931 183 964 932 184 948 983 180 964 932 184 961 933 185 948 983 180 961 933 185 958 934 184 948 983 180 958 934 184 954 984 186 948 983 180 954 984 186 951 985 182 948 983 180 951 985 182 945 986 187 948 983 180 945 986 187 942 926 179 990 989 180 983 988 179 1023 987 178 990 989 180 1023 987 178 1020 990 179 990 989 180 1020 990 179 1017 991 181 990 989 180 1017 991 181 1013 930 182 990 989 180 1013 930 182 1010 992 183 990 989 180 1010 992 183 1006 993 184 990 989 180 1006 993 184 1003 994 185 990 989 180 1003 994 185 1000 995 184 990 989 180 1000 995 184 997 996 186 990 989 180 997 996 186 994 948 182 990 989 180 994 948 182 987 997 187 990 989 180 987 997 187 983 988 179 1032 950 180 1026 913 179 10 912 178 1032 950 180 10 912 178 6 915 179 1032 950 180 6 915 179 2 916 181 1032 950 180 2 916 181 1056 917 182 1032 950 180 1056 917 182 1053 951 183 1032 950 180 1053 951 183 1049 952 184 1032 950 180 1049 952 184 1045 953 185 1032 950 180 1045 953 185 1042 954 184 1032 950 180 1042 954 184 1039 955 186 1032 950 180 1039 955 186 1036 923 182 1032 950 180 1036 923 182 1029 924 187 1032 950 180 1029 924 187 1026 913 179</p>
                </triangles>
            </mesh>
        </geometry>
        <geometry id="ID212">
            <mesh>
                <source id="ID213">
                    <float_array id="ID214" count="243">-3774.25 782.75 -3081.75 -4196.5 811 -2521.75 -4396.25 815.25 -2608 -4020.25 810.75 -2814.25 -4546.75 815.25 -3327.25 -4961.25 815.25 -3309.75 -4922.25 815.25 -3981 -4415.5 815.25 -3934 -4995.5 815.25 -2682.5 -5285.75 815.25 -2676 -5335.5 815.25 -3169 -4965.75 815.25 -3229.5 -5571.5 815.25 -2624.25 -5668.75 815.25 -2993.5 -5845.5 815.25 -2528.5 -5907.25 815.25 -2753.75 -5964.25 815.25 -2809.75 -6131.75 815.25 -2548.75 -6491.75 815.25 -3653 -6369.75 815.25 -3718.5 -5903.25 815.25 -3881.75 -5690.25 815.25 -3074.5 -6010.25 815.25 -2430.5 -6082 814.5 -2442.25 -6063.25 815.25 -2507.5 -7150.5 815.25 -3646.5 -6900.5 815.25 -3671.25 -6477.25 815.25 -1860.75 -6712.5 815.25 -1772 -7385.75 815.25 -3558 -6962.5 815.25 -1747.25 -7589.75 815.25 -3411.5 -7210.25 815.25 -1788 -7749.25 815.25 -3217.25 -7439.25 815.25 -1891.75 -7852.75 815.25 -2988.25 -7633.5 815.25 -2051 -7893.5 815.25 -2740.25 -7780 815.25 -2255.25 -7868.75 815.25 -2490.25 -6652.5 815.25 -3630.5 -6273.25 815.25 -2007.25 -3338 809.5 -3586 -3532.5 809.75 -3412.5 -3880.5 815.25 -3812 -4163.5 815.25 -3255.5 -3791.25 810.25 -3095.25 -4178 795.25 -2511.75 -4003.75 795.25 -2803.25 -3843.5 810.25 -3031.25 -3824.25 795.25 -3021.25 -3317.5 795.25 -3570.75 -3515.75 795.25 -3395.25 -4690.75 815.25 -2663 -4564 815.25 -3247.25 -4965.75 775.25 -3229.25 -5335.75 775.25 -3168.75 -5344 775.25 -3251.5 -4961.25 775.25 -3309.5 -5669 775.25 -2993.25 -5690.25 775.25 -3074.5 -5344 815.25 -3251.5 -5416.5 815.25 -3970 -5907.5 775.25 -2753.5 -5964.25 775.25 -2809.75 -6063.25 775.25 -2507.5 -6131.75 775.25 -2548.75 -4163.5 775.25 -3255.5 -3791.25 775.25 -3095 -3843.5 775.25 -3031 -4199 775.25 -3186 -4198.75 815.25 -3186 -3774 795.25 -3081.75 -3824.25 782.75 -3021 -4547 775.25 -3327 -4564.25 775.25 -3247.25 -6159 814.5 -2464.25 -6113.75 815.25 -2201.5 -6082 775 -2442.25 -6159 775 -2464.25 -6565.75 815.25 -3591.25</float_array>
                    <technique_common>
                        <accessor count="81" source="#ID214" stride="3">
                            <param name="X" type="float"/>
                            <param name="Y" type="float"/>
                            <param name="Z" type="float"/>
                        </accessor>
                    </technique_common>
                </source>
                <source id="ID215">
                    <float_array id="ID216" count="210">-0 1 0 0.000129931 1 -0.000788083 -0.000983437 0.999998 0.0016331 -0.000685216 0.999999 0.00149379 0.00861869 0.999955 0.00393094 0.00797538 0.999962 0.00363155 0.0960144 -0.00060009 -0.99538 -0.0835952 -0.00405145 -0.996492 0.0256126 -0.00234535 -0.999669 -0.12273 -0.00586594 -0.992423 -0.000773991 0.999996 0.00270897 -0.00137043 0.999995 0.00298758 -0.00441957 0.999989 0.00165771 -0.00456183 0.999988 0.00148722 0.00680711 0.999969 0.00400523 0.00440307 0.999986 0.00304784 0.323595 -0.00338256 -0.94619 0.245111 -0.00153194 -0.969494 0.114303 0.00414666 0.993437 -0.0333997 0.00654351 0.999421 0.0781714 0.00614271 0.996921 -0.108986 0.00445002 0.994033 0.449923 -0.0178578 -0.892889 0.437583 -0.0102508 -0.89912 0.286425 0.401392 -0.869969 0.173572 0.664713 -0.726656 -0.262742 0.505125 0.82208 -0.137419 0.594622 0.792175 -0.546399 0.00824763 0.837484 -0.618083 0.0123617 0.786015 -0.255631 0.00244442 0.966771 -0.326665 0.00219842 0.945138 -0.758222 0.000663905 -0.651997 -0.629479 0.709696 -0.316368 -0.803782 0.000656168 -0.594924 -0.930727 0 -0.365714 0.92186 0 0.387523 0.797448 0 0.603387 0.884873 0 0.465832 0.748243 0 0.663424 -0.552594 -0.00175535 -0.833449 -0.634424 -0.000866003 -0.772985 0.540302 0 0.841471 0.620982 0 0.783825 -0.266002 -0.00470257 -0.963961 -0.368684 -0.0035054 -0.929548 0.357694 0 0.933839 0.25474 0.0020837 0.967008 -0.537243 0.829518 -0.152544 -0.003916 0.999987 -0.00325343 -0.00204017 0.999998 -6.43496e-005 -0.0859456 0.993826 -0.0701665 -0.255977 0.943634 -0.209835 0.209945 0.959282 0.188947 0.357996 0.860632 0.362149 3.34618e-005 1 0.000653407 0.00101115 0.999999 8.54024e-007 0.233783 0.936287 0.26213 0.328172 0.868835 0.370713 0.240374 0.951179 0.193597 0.46262 0.80194 0.377988 0.262455 0.945646 0.192018 0.507119 0.792123 0.339664 0.36972 0.902383 0.221387 0.514843 0.800138 0.307758 -0.961106 0 -0.27618 0.274721 0 -0.961524 0.951735 0 0.30692 0.951735 0 0.306921 -0.00717077 0.999973 0.00123655</float_array>
                    <technique_common>
                        <accessor count="70" source="#ID216" stride="3">
                            <param name="X" type="float"/>
                            <param name="Y" type="float"/>
                            <param name="Z" type="float"/>
                        </accessor>
                    </technique_common>
                </source>
                <source id="ID217">
                    <float_array id="ID218" count="132">-7.0166 0.0625 -7.0459 0.355469 -6.91309 -0.212891 -6.99805 0.645508 -6.74121 -0.452148 -6.87598 0.914063 -6.51367 -0.638672 -6.68945 1.14063 -6.24512 -0.760742 -6.4502 1.3125 -5.9541 -0.808594 -6.1748 1.41602 -5.66113 -0.779297 -5.88184 1.44531 -5.38574 -0.675781 -5.14648 -0.503906 -3.14355 0.949219 -3.64941 0.287109 -3.61426 0.928711 -3.98926 0.280273 -4.04785 0.857422 -4.32422 0.219727 -4.43848 0.652344 -4.71777 0.371094 -4.90039 0.0820313 -4.98145 0.130859 -4.78516 0.436523 -4.43848 0.651367 -4.46387 0.74707 -4.05762 0.954102 -2.71582 0.87793 -2.94727 0.200195 -3.29199 0.264648 -3.12402 1.04199 -3.14453 0.949219 -3.60938 1.02148 -5.0127 0.0322266 -4.92285 0.00585938 -5.40332 1.42383 -5.25977 1.50098 -4.71289 1.69238 -4.14258 1.79492 -3.56348 1.80859 -2.6748 0.958984 -2.34277 1.61035 -2.96973 1.75293 -2.27637 0.68457 -2.2998 0.696289 -2.27734 0.68457 -2.23828 0.771484 -2.21777 0.755859 -2.21875 0.755859 -4.90039 0.0830078 -4.95996 -0.276367 -1.93457 1.14258 -1.91504 1.12207 -5.48926 1.35156 -5.5918 1.39746 -1.70703 1.3457 -1.68359 1.32813 -2.50684 0.442383 -2.4873 0.429688 -2.71289 0.0996094 -2.69141 0.0869141 -4.64551 0.107422 -4.83887 -0.0078125</float_array>
                    <technique_common>
                        <accessor count="66" source="#ID218" stride="2">
                            <param name="S" type="float"/>
                            <param name="T" type="float"/>
                        </accessor>
                    </technique_common>
                </source>
                <vertices id="ID219">
                    <input semantic="POSITION" source="#ID213"/>
                </vertices>
                <triangles count="117" material="Material1">
                    <input offset="0" semantic="VERTEX" source="#ID219"/>
                    <input offset="1" semantic="NORMAL" source="#ID215"/>
                    <input offset="2" semantic="TEXCOORD" source="#ID217" set="0"/>
                    <p>38 0 2 37 0 1 39 0 0 37 0 1 38 0 2 35 0 3 36 0 4 35 0 3 38 0 2 35 0 3 36 0 4 33 0 5 34 0 6 33 0 5 36 0 4 33 0 5 34 0 6 31 0 7 32 0 8 31 0 7 34 0 6 31 0 7 32 0 8 29 0 9 30 0 10 29 0 9 32 0 8 29 0 9 30 0 10 25 0 11 28 0 12 25 0 11 30 0 10 25 0 11 28 0 12 26 0 13 27 0 14 26 0 13 28 0 12 26 0 13 27 0 14 41 1 15 11 0 18 8 0 17 54 0 16 8 0 17 11 0 18 9 0 19 10 0 20 9 0 19 11 0 18 9 0 19 10 0 20 12 0 21 13 0 22 12 0 21 10 0 20 12 0 21 13 0 22 15 0 23 63 0 23 66 3 25 65 2 24 66 3 25 63 0 23 64 0 26 59 0 27 64 0 26 63 0 23 64 0 26 59 0 27 60 0 28 57 0 29 60 0 28 59 0 27 54 0 16 2 5 31 71 4 30 2 5 31 54 0 16 53 0 32 8 0 17 53 0 32 54 0 16 58 0 35 75 0 34 74 0 33 75 0 34 58 0 35 55 0 18 56 0 20 55 0 18 58 0 35 75 8 34 11 7 18 54 6 16 11 7 18 75 8 34 55 9 18 78 11 37 66 3 25 79 10 36 66 3 25 78 11 37 65 2 24 17 13 25 19 0 39 18 12 38 19 0 39 17 13 25 16 0 26 16 0 26 20 0 40 19 0 39 20 0 40 16 0 26 21 0 28 21 0 28 62 0 41 20 0 40 62 0 41 21 0 28 61 0 29 61 0 29 6 0 42 62 0 41 6 0 42 61 0 29 5 0 35 44 15 44 4 0 33 45 14 43 4 0 33 44 15 44 7 0 45 5 0 35 7 0 45 6 0 42 7 0 45 5 0 35 4 0 33 70 17 30 54 6 16 71 16 30 54 6 16 70 17 30 75 8 34 58 20 35 4 19 33 5 18 35 4 19 33 58 20 35 74 21 33 73 24 48 49 23 47 50 22 46 49 23 47 73 24 48 69 25 47 68 28 49 72 27 50 46 26 49 72 27 50 68 28 49 0 29 51 67 31 43 46 26 49 45 30 43 46 26 49 67 31 43 68 28 49 69 25 47 71 16 30 49 23 47 71 16 30 69 25 47 70 17 30 63 34 23 24 33 52 15 32 23 24 33 52 63 34 23 65 35 24 66 38 25 16 37 26 17 36 25 16 37 26 66 38 25 64 39 26 59 41 27 15 32 23 13 40 22 15 32 23 59 41 27 63 34 23 21 43 28 64 39 26 60 42 28 64 39 26 21 43 28 16 37 26 56 45 20 13 40 22 10 44 20 13 40 22 56 45 20 59 41 27 60 42 28 61 46 29 21 43 28 61 46 29 60 42 28 57 47 29 55 9 18 10 44 20 11 7 18 10 44 20 55 9 18 56 45 20 57 47 29 5 18 35 61 46 29 5 18 35 57 47 29 58 20 35 76 50 36 77 49 53 23 48 37 77 49 53 76 50 36 41 1 15 69 25 47 0 52 51 68 51 49 0 52 51 69 25 47 73 24 48 74 21 33 45 30 43 4 19 33 45 30 43 74 21 33 67 31 43 72 27 50 43 53 54 46 26 49 43 53 54 72 27 50 52 54 55 76 50 36 18 12 38 80 55 56 18 12 38 76 50 36 17 13 25 40 56 57 76 50 36 80 55 56 76 50 36 40 56 57 41 1 15 68 51 49 70 0 30 69 25 47 70 0 30 68 51 49 67 0 43 67 0 43 75 0 34 70 0 30 75 0 34 67 0 43 74 0 33 56 0 20 57 0 29 59 0 27 57 0 29 56 0 20 58 0 35 52 54 55 42 57 58 43 53 54 42 57 58 52 54 55 51 58 59 3 61 60 50 60 46 49 59 47 50 60 46 3 61 60 48 62 61 1 63 62 48 62 61 3 61 60 48 62 61 1 63 62 47 64 63 65 35 24 23 48 37 24 33 52 23 48 37 65 35 24 78 65 37 78 66 37 76 66 36 23 66 37 76 66 36 78 66 37 79 66 36 79 68 36 17 36 25 76 67 36 17 36 25 79 68 36 66 38 25 15 0 23 24 33 52 14 0 64 22 69 65 23 48 37 77 49 53 14 0 64 24 33 52 22 69 65 3 61 60 49 59 47 71 4 30 2 5 31 3 61 60 71 4 30 44 15 44 45 14 43 43 53 54 46 26 49 43 53 54 45 14 43 44 15 44 43 53 54 42 57 58 41 1 15 40 56 57 26 0 13 24 33 52 23 48 37 22 69 65 12 0 21 15 0 23 14 0 64 3 61 60 2 5 31 1 63 62</p>
                </triangles>
            </mesh>
        </geometry>
        <geometry id="ID221">
            <mesh>
                <source id="ID222">
                    <float_array id="ID223" count="1059">-3569 879.25 1661.75 -3569 879.25 1661.75 -3575 872 1660 -3575 872 1660 -3575 872 1660 -3575 872 1660 -3574.75 879 1672.75 -3579.25 871.75 1668.5 -3579.25 871.75 1668.5 -3585.25 879.75 1678.5 -3587.5 872.5 1673 -3587.5 872.5 1673 -3599 881.75 1679 -3599.25 874 1673.25 -3599.25 874 1673.25 -3614.25 884.25 1674.25 -3613.25 876.5 1668.75 -3613.25 876.5 1668.75 -3008.75 456.75 3053.5 -3008.75 456.75 3053.5 -3660.75 904.75 1622.25 -2678.75 456.75 3012.25 -3625.75 895.5 1662.25 -2811.5 456.75 3167 -2811.5 456.75 3167 -3665.5 906.75 1608.5 -4157.75 456.75 2965.75 -3665.75 908.25 1596.75 -3663.25 456.75 2748.75 -3661.5 908.5 1588.25 -3865.25 456.75 3184.75 -3865.25 456.75 3184.75 -3653 907.75 1583.5 -3987 456.75 3191.5 -3641.25 906.25 1583.5 -4180.75 456.75 3363.25 -4180.75 456.75 3363.25 -3627.5 903.75 1587.75 -4375.75 456.75 3121.25 -4375.75 456.75 3121.25 -3577.75 891.75 1636 -4810.5 456.75 2398.25 -4810.5 456.75 2398.25 -3573 889.5 1649.75 -4570.75 456.75 2278.75 -3572.75 888.25 1661.75 -3572.75 888.25 1661.75 -3801.25 456.75 2127 -3577 887.75 1670.25 -3711 456.75 1649.25 -3711 456.75 1649.25 -3585.25 888.5 1674.75 -3668.75 456.75 2216.75 -3597 890.25 1675 -4909 456.75 2160 -4909 456.75 2160 -4909 456.75 2160 -3611 892.5 1670.5 -4662.25 456.75 2054.75 -4662.25 456.75 2054.75 -2605.5 876 2398 -2605.5 876 2398 -4486.75 456.75 1986.25 -4486.75 456.75 1986.25 -2610.25 874.25 2385.5 -3689.75 456.75 1564.25 -3689.75 456.75 1564.25 -2612.25 865.75 2388.25 -3662 456.75 1626 -3662 456.75 1626 -3662 456.75 1626 -3662 456.75 1626 -2608 867.25 2399.25 -2608 867.25 2399.25 -3735.25 456.75 1592.5 -3735.25 456.75 1592.5 -2620 871.5 2373.5 -3730 456.75 1584 -2621.5 863.25 2377 -3359.5 456.75 2292 -2710 845.5 2353.75 -3235.75 456.75 2187.5 -2713.5 853 2350 -3168.5 456.75 2531.5 -2721.25 852.25 2358.75 -2416.5 456.75 1925.75 -2716.25 845 2361 -2116 456.75 2245.25 -2722.75 853 2370.5 -3740.5 456.75 1601.25 -2717.5 845.5 2370.5 -4016.25 456.75 1038.5 -2718 854.75 2383 -3960.75 456.75 1024.25 -3960.75 456.75 1024.25 -2713.25 847.25 2381.5 -3453 456.75 3003 -3453 456.75 3003 -2708.25 857.5 2395 -3230 456.75 2996.5 -3230 456.75 2996.5 -2704 849.75 2392.75 -2527.25 456.75 3161 -2527.25 456.75 3161 -2674.75 856.5 2412 -2648.75 456.75 3332 -2648.75 456.75 3332 -2648.75 456.75 3332 -2677.75 864.5 2415 -2085.25 456.75 2551.25 -2085.25 456.75 2551.25 -2660 868.25 2421.25 -2224 456.75 1770.5 -2224 456.75 1770.5 -2657.5 860 2418 -1820.25 456.75 2165 -1820.25 456.75 2165 -1820.25 456.75 2165 -2642.5 871.5 2424 -2816.75 456.75 1223.5 -2816.75 456.75 1223.5 -2641 863.25 2420.75 -2601.5 456.75 1130 -2601.5 456.75 1130 -2601.5 456.75 1130 -2627 874.25 2423.25 -2775.75 456.75 717.75 -2775.75 456.75 717.75 -2626.25 865.75 2420 -3002.25 456.75 776.25 -2614.75 876 2418.5 -3673.25 456.75 3065.75 -3673.25 456.75 3065.75 -2615.5 867.25 2415.75 -4016.75 456.75 3340.5 -4016.75 456.75 3340.5 -2607 876.75 2409.5 -4089.75 456.75 3469 -4089.75 456.75 3469 -4089.75 456.75 3469 -2609 868 2408.75 -3864.5 456.75 2176 -2677.5 872.5 2410.75 -2677.5 872.5 2410.75 -3708.75 456.75 2286.25 -2706.75 865.75 2391.5 -2706.75 865.75 2391.5 -3924.75 416.75 1964 -2711.75 873.5 2394.5 -3991.75 416.75 2007.25 -2681 880.5 2414.5 -4095.75 416.75 1816.25 -4095.75 416.75 1816.25 -2721.75 870.75 2382 -4022.25 416.75 1784.5 -4022.25 416.75 1784.5 -2716 863.25 2380.25 -2716 863.25 2380.25 -3991.75 456.75 2007.25 -2726.5 869 2369.25 -4095.75 456.75 1816.25 -4095.75 456.75 1816.25 -2720.25 861.75 2369.25 -2720.25 861.75 2369.25 -3399.25 416.75 2222.75 -2725 868.25 2357.25 -3286.25 416.75 2125.5 -2719.25 861.25 2359.75 -2719.25 861.25 2359.75 -3235.75 416.75 2187.5 -2717 869 2348 -3359.5 416.75 2292 -2713 861.75 2352.5 -2713 861.75 2352.5 -3708.75 416.75 2286.25 -2624.25 879.25 2375.75 -2624.25 879.25 2375.75 -3668.75 416.75 2216.75 -2622.25 887.75 2371.5 -3519 416.75 2246.5 -2612.25 890.5 2383.75 -3511.5 416.75 2322.25 -2615 881.75 2387 -2615 881.75 2387 -3801.25 416.75 2127 -2607.5 892.25 2396.5 -2607.5 892.25 2396.5 -3864.5 416.75 2176 -2610.75 883.5 2397.75 -2610.75 883.5 2397.75 -2610.75 883.5 2397.75 -2610.75 883.5 2397.75 -3924.75 456.75 1964 -2609 893 2408.75 -4022.25 456.75 1784.5 -4022.25 456.75 1784.5 -2612 884 2407.5 -2612 884 2407.5 -3511.5 456.75 2322.25 -2617 892.25 2418 -3519 456.75 2246.5 -2618.25 883.5 2414.5 -2618.25 883.5 2414.5 -3399.25 456.75 2222.75 -2629.75 890.5 2423 -3286.25 456.75 2125.5 -2629.25 881.75 2418.75 -2629.25 881.75 2418.75 -4686.25 456.75 1996.5 -2645.5 887.75 2423.75 -4464.75 456.75 1910 -2643.75 879.25 2419.5 -2643.75 879.25 2419.5 -4985.75 456.75 2118.5 -4985.75 456.75 2118.5 -2663.25 884.25 2420.75 -4859.25 456.75 2422.5 -2660.5 876 2416.75 -2660.5 876 2416.75 -4420.5 456.75 3153 -2709.75 882 2390.25 -4220.25 456.75 3398.5 -2680.5 888.75 2409.5 -4081 456.75 3561.5 -4081 456.75 3561.5 -2719 879.5 2379 -4123.75 456.75 1764.75 -2723.25 877.75 2368 -4050 456.75 1733.25 -2722 877.25 2358.5 -2651.5 456.75 3422 -2651.5 456.75 3422 -2715.75 877.75 2351.25 -2489.5 456.75 3198.25 -2627.25 895.5 2374.5 -2044.5 456.75 2582.75 -2618 898 2385.75 -2175.75 456.75 1731.75 -2613.75 899.5 2396.5 -2613.75 899.5 2396.5 -1746.5 456.75 2144.75 -2614.75 900 2406 -2547.5 456.75 1106.5 -2621.25 899.5 2413.25 -2719.25 456.75 703 -2632 898 2417.5 -3976.5 456.75 3377.5 -2646.75 895.5 2418.25 -3830.5 456.75 3226.25 -2663.25 892.25 2415.5 -3649.25 456.75 3117 -3445.5 456.75 3058.5 -3234.25 456.75 3054.5 -3028.5 456.75 3106 -2843.5 456.75 3209.25 -2693.25 456.75 3354.5 -3968.75 446.75 3384.5 -4070 446.75 3567.25 -3823.75 446.75 3234.5 -3644.75 446.75 3126.75 -3444 446.75 3069.25 -3235 446.75 3065.75 -3032.5 446.75 3116.25 -2849.75 446.75 3217.5 -2699.5 446.75 3362.5 -4050 416.75 1733.25 -4123.75 416.75 1764.75 -4128.75 446.75 1752.5 -4445.75 446.75 1887 -4691.5 446.75 1983.5 -4460 436.75 1893 -5002.75 446.75 2109.25 -5002.75 446.75 2109.25 -3572.25 863.5 1659.75 -3572.25 863.5 1659.75 -3572.5 864.75 1646.5 -3577.5 857.25 1646.25 -3577 856 1658 -3577 856 1658 -3577.5 867.25 1631.75 -3582.25 859.5 1632.5 -3631.75 871.5 1584.25 -3629.25 879.75 1581.5 -3644 882.25 1577 -4229 446.75 3406.25 -3645.75 874 1580 -4075.75 446.75 3586.25 -4075.75 446.75 3586.25 -3657.25 884.25 1577.25 -3657.5 875.5 1580 -4430.25 446.75 3160.25 -3667.5 885 1583 -3666 876.25 1584.75 -4870.25 446.75 2428 -3672.75 884.5 1593.25 -3670.25 876 1593.25 -3672.75 883 1606.75 -3670 874.5 1605 -3667.5 880.75 1621.5 -3665.25 872.5 1618.75 -3630.25 863.25 1658.75 -3631.25 871.25 1662.75 -3616 868.25 1671.5 -3615.5 860.25 1667 -3601 865.5 1676.25 -2037.75 446.75 2587.75 -3601.5 857.75 1671.5 -2483.25 446.75 3204.5 -3587.75 863.75 1676 -2167.75 446.75 1725.25 -3589.75 856.25 1671.25 -2538.5 446.75 1102.5 -3577.5 863 1670.25 -2653.5 446.75 3440 -2653.5 446.75 3440 -3581.5 855.5 1666.75 -1734 446.75 2141.5 -3628 879.25 1660.5 -3628 879.25 1660.5 -2709.75 456.75 700.75 -3663 888.5 1620.5 -3663 888.5 1620.5 -3666.25 897 1623.75 -3629.75 887.25 1665.5 -3671.5 899.25 1608.5 -3667.75 890.75 1606.75 -3667.75 890.75 1606.75 -3671.5 900.75 1595 -3668 892 1595 -3668 892 1595 -3747 446.75 1590.5 -3747 446.75 1590.5 -3666 901.25 1584 -4056 446.75 1721.5 -3663.75 892.25 1586.5 -3663.75 892.25 1586.5 -3655.25 900.5 1578 -3655.25 891.75 1581.75 -3655.25 891.75 1581.75 -4056 422.25 1721.5 -3641.75 898.5 1577.75 -4128.75 422.25 1752.5 -3643.5 890 1581.75 -3643.5 890 1581.75 -3626.5 896 1582.5 -3629.75 887.75 1586 -3629.75 887.75 1586 -3580 875.5 1634.25 -3580 875.5 1634.25 -3574.5 883.25 1633 -3569.25 881 1648 -3575.25 873.5 1648 -3575.25 873.5 1648</float_array>
                    <technique_common>
                        <accessor count="353" source="#ID223" stride="3">
                            <param name="X" type="float"/>
                            <param name="Y" type="float"/>
                            <param name="Z" type="float"/>
                        </accessor>
                    </technique_common>
                </source>
                <source id="ID224">
                    <float_array id="ID225" count="861">0 1 -0 -0.0713986 0 -0.997448 0.318969 0 -0.947765 0.055507 0 -0.998458 0.45455 0 -0.890721 -0.322529 0 0.946559 -0.64723 0 0.762295 -0.446705 0 0.894682 -0.726922 0 0.68672 -0.878736 0 0.477308 -0.853665 0 0.520822 0.606931 0.773238 0.183677 0.306023 0.942961 0.131051 0.590525 0.757375 0.278683 0.296579 0.933332 0.202317 0.536888 0.7234 0.434101 0.241911 0.929652 0.277896 0.401895 0.730089 0.552675 0.161009 0.930426 0.329217 0.244009 0.732515 0.635517 0.0712619 0.8783 0.472769 0.0998759 0.735437 0.670192 -0.0461614 0.74349 0.667152 -0.486321 0.769451 0.414049 -0.494698 0.762994 0.416071 -0.261001 0.939324 0.222596 -0.316586 0.911506 0.262545 -0.279943 0.941642 0.186931 -0.303075 0.94206 0.143765 -0.206393 0.974693 0.085884 0.658272 0 -0.75278 0.827037 0 -0.562147 0.732615 0 -0.680643 0.853705 0 -0.520756 -0.82637 0 0.563128 -0.775348 -0 0.631534 -0.975135 0 0.22161 -0.917331 0 -0.398125 -0.509507 0 -0.860467 -0.355169 0 -0.934802 -0.58113 0.737097 0.344929 -0.564159 0.715299 0.412398 -0.427258 0.866212 0.259088 -0.343532 0.889875 0.30018 -0.147178 0.969044 0.198221 -0.364159 0.702807 -0.611106 -0.251784 0.859109 -0.445574 -0.368065 0.628253 -0.685439 -0.107073 0.952722 -0.284351 -0.202827 0.819804 -0.53552 -0.148441 0.91875 -0.365874 -0.208322 0.831102 -0.515627 -0.412043 0.723005 0.554513 -0.149234 0.931042 0.333001 -0.218606 0.741618 0.634203 -0.056022 0.934301 0.352055 0.199307 0.979884 -0.0101961 0.452652 0.833264 0.317455 0.285561 0.935837 0.20655 0.61399 0.652757 0.443761 0.607296 0.661931 0.439362 0.514768 0 0.85733 0.357584 0 0.933881 0.652309 0 0.757953 0.0658608 0 0.997829 -0.0829556 0.977387 -0.194506 -0.187854 0.946348 -0.262938 -0.307327 0.933568 -0.184396 0.00535323 0.99973 0.0226025 0.457319 0.860858 -0.223119 0.236656 0.967245 -0.0918238 0.337972 0.92358 -0.181036 0.279002 0.929272 -0.242096 0.627081 0.77809 -0.0366786 0.569003 0.712284 -0.410958 0.878247 0 -0.478208 -0.0661819 0 0.997808 0.925848 0 -0.377897 0.903575 0 -0.42843 0.878547 0 -0.477657 0.626991 0.643072 0.439706 -0.122811 0.949452 -0.288892 -0.175188 0.984281 -0.0223777 -0.305937 0.933111 -0.188961 0.330844 0.912778 0.239538 -0.524798 0.848583 -0.067035 -0.221376 0.968245 0.116166 -0.514635 0.768092 0.381032 -0.557701 0.774312 0.299016 -0.585183 0.773517 0.243379 -0.890605 -0 0.454777 -0.886917 0 0.46193 -0.721323 0.408297 0.559453 -0.552021 0.669285 0.497323 -0.879367 0 0.476145 0.150968 0.92303 0.353872 0.0511406 0.991488 0.119734 -0.417864 0.777263 -0.470374 -0.240995 0.787831 -0.566783 0.878547 -0 -0.477656 -0.23552 0.797748 -0.555092 0.922877 0.384532 0.0208288 0.911093 0.40795 -0.0590429 0.998013 0.0612826 -0.0146663 0.974882 -0.114188 -0.191225 0.777696 -0.621636 -0.0935812 0.755679 -0.600513 -0.261407 0.820841 0.445779 -0.357072 0.83617 -0.0603256 -0.545143 0.617059 -0.534298 -0.577723 0.569612 0.506231 -0.647512 0.516069 0.027373 -0.85611 0.315524 -0.474213 -0.821929 0.248838 0.570207 -0.782907 0.155264 0.0819935 -0.984464 0.0199244 -0.421776 -0.906481 -0.0634437 0.616689 -0.784646 -0.242305 0.138129 -0.960317 -0.343029 -0.368885 -0.86386 -0.475044 0.648953 -0.594301 -0.709921 0.171517 -0.683077 -0.739909 -0.347278 -0.576136 -0.753828 0.628048 -0.193127 -0.964702 0.157744 -0.210874 -0.911422 -0.375779 -0.167632 -0.777572 0.60583 0.168379 -0.976501 0.117058 0.180952 -0.89421 -0.421855 0.149756 -0.689804 0.574936 0.440022 -0.858659 0.0621361 0.508767 -0.777416 -0.462802 0.425955 -0.504643 0.518059 0.690616 -0.630397 0.00498667 0.776257 -0.56814 -0.525131 0.633604 -0.301352 0.485993 0.820365 -0.403809 -0.0462218 0.913675 -0.386087 -0.55983 0.733163 -0.106502 0.448697 0.887315 -0.148181 -0.0914136 0.984726 -0.154281 -0.58488 0.796312 0.218626 0.389924 0.894518 0.248104 -0.143989 0.957973 0.206781 -0.627148 0.750951 0.610428 0.356928 0.707093 0.701453 -0.171162 0.691858 0.588298 -0.654204 0.475312 0.830923 0.342122 0.438771 0.835174 -0.353932 0.42097 0.688483 -0.648269 0.325175 0.95144 0.307272 0.0185874 0.945847 0.314735 -0.0794651 0.999464 0.0299314 -0.0132954 0.975405 -0.113205 -0.189128 0.840033 -0.536662 -0.079621 0.804901 -0.528995 -0.268885 0.849421 0.364616 -0.381495 0.836938 -0.0597767 -0.544023 0.660091 -0.457139 -0.596074 0.580434 0.428329 -0.692553 0.513603 0.0274253 -0.85759 0.342176 -0.391338 -0.854266 0.247284 0.494901 -0.833021 0.153046 0.0800467 -0.984972 0.0344404 -0.336093 -0.941199 -0.0842902 0.535681 -0.840203 -0.244262 0.137414 -0.959924 -0.346787 -0.272913 -0.897361 -0.519134 0.572037 -0.635039 -0.707981 0.178021 -0.683426 -0.762027 -0.255834 -0.594865 -0.800213 0.558551 -0.218357 -0.96342 0.159383 -0.21545 -0.943762 -0.285807 -0.166218 -0.833027 0.528275 0.164291 -0.975949 0.115649 0.184794 -0.927568 -0.331458 0.172491 -0.740842 0.490985 0.458351 -0.856224 0.0591938 0.513202 -0.803592 -0.369395 0.466677 -0.551098 0.4286 0.715956 -0.631798 0.00771773 0.775095 -0.590831 -0.422465 0.687344 -0.337256 0.392686 0.855603 -0.407054 -0.0395996 0.912546 -0.399006 -0.46761 0.788755 -0.128249 0.356621 0.925405 -0.156799 -0.08638 0.983846 -0.150352 -0.511387 0.846095 0.204771 0.311814 0.927815 0.246158 -0.142652 0.958674 0.233242 -0.557042 0.797059 0.630275 0.274575 0.726197 0.709783 -0.170424 0.683494 0.643845 -0.57588 0.503812 0.859078 0.262085 0.439655 0.855291 -0.310482 0.414822 0.750529 -0.557959 0.354103 0.705513 0.608201 -0.363789 0.659418 0.611996 -0.43661 0.867152 0.328089 -0.374706 0.850579 0.122478 -0.511384 0.882669 -0.375683 -0.282413 0.795139 -0.416229 -0.44103 0.434168 0.554007 -0.710334 0.529537 0.00159264 -0.848285 0.464866 -0.44581 -0.764953 -0.15395 0.404619 -0.901434 -0.271264 -0.113545 -0.955784 -0.302929 -0.620546 -0.723295 -0.819671 0.33813 -0.462394 -0.896895 -0.189175 -0.399741 -0.713099 -0.667409 -0.214603 -0.936893 0.34961 0.00194485 -0.977047 -0.166236 0.133208 -0.735563 -0.63955 0.223436 -0.846215 0.388825 0.364329 -0.853853 -0.115681 0.507496 -0.614755 -0.598761 0.513383 -0.689657 0.441518 0.573965 -0.660009 -0.06662 0.748298 -0.439729 -0.552226 0.708297 -0.498209 0.477308 0.723854 -0.438825 -0.0161679 0.898427 -0.261254 -0.499132 0.826204 -0.331787 0.513675 0.791237 -0.256158 0.0303937 0.966157 -0.10718 -0.464096 0.879276 -0.179987 0.548777 0.816363 -0.0703126 0.0685589 0.995166 0.0601154 -0.437841 0.89704 0.0320314 0.594747 0.803275 0.192872 0.113396 0.974649 0.298338 -0.404622 0.864451 0.326096 0.643981 0.692062 0.556079 0.162607 0.815068 0.62047 -0.359165 0.697149 0.634879 0.673992 0.377709 0.89669 0.192517 0.398604 0.890059 -0.33815 0.305696 0.759634 0.648462 0.0495299 0.992471 -0.00219214 0.122464 0.934844 -0.327705 0.136657 0.761775 0.52038 -0.38588 0.713648 0.530311 -0.457687 0.880668 0.279659 -0.38238 0.851222 0.112547 -0.512596 0.902347 -0.306065 -0.303472 0.813978 -0.346958 -0.465897 0.477786 0.475237 -0.738831 0.533297 -0.00197552 -0.845926 0.469346 -0.379912 -0.797108 -0.146564 0.316349 -0.937253 -0.271714 -0.121315 -0.954701 -0.3354 -0.549582 -0.765158 -0.847407 0.236453 -0.475385 -0.89588 -0.194298 -0.39956 -0.765454 -0.59704 -0.24005 -0.963537 0.26691 0.0188598 -0.979031 -0.156026 0.130978 -0.793897 -0.564385 0.226268 -0.862583 0.325012 0.387708 -0.852242 -0.105034 0.512496 -0.659266 -0.526217 0.537089 -0.701172 0.378906 0.603978 -0.660989 -0.0561384 0.748293 -0.481752 -0.476051 0.735725 -0.505518 0.419254 0.754107 -0.442928 -0.0058346 0.896538 -0.288532 -0.429356 0.855805 -0.330719 0.456839 0.825786 -0.251301 0.031998 0.96738 -0.125379 -0.393546 0.910715 -0.165136 0.480866 0.861103 -0.0659128 0.0655392 0.995671 0.04471 -0.358861 0.93232 0.0454201 0.521217 0.852215 0.188398 0.112123 0.975671 0.294275 -0.320945 0.90022 0.356755 0.567744 0.741884 0.556885 0.155855 0.815836 0.631491 -0.267551 0.727761 0.688747 0.594518 0.414941 0.8932 0.193783 0.40576 0.916393 -0.24591 0.315836 0.81373 0.576809 0.0716574 0.992302 0.0307868 0.119951 0.958875 -0.256651 0.121196</float_array>
                    <technique_common>
                        <accessor count="287" source="#ID225" stride="3">
                            <param name="X" type="float"/>
                            <param name="Y" type="float"/>
                            <param name="Z" type="float"/>
                        </accessor>
                    </technique_common>
                </source>
                <source id="ID226">
                    <float_array id="ID227" count="496">4.8584 -0.254883 4.58789 -0.273438 4.86035 -0.115234 4.56592 -0.128906 4.60498 0.375977 4.48096 0.436523 4.58936 0.469727 4.48486 0.757813 4.60303 0.558594 4.64502 0.652344 4.66211 0.611328 4.71191 0.65625 4.85645 0.474609 4.78516 0.674805 4.85938 0.675781 8.12549 -24 8.10742 -24 8.10742 -22.7998 8.12549 -22.7998 8.10742 -22 8.12549 -22 8.10742 -21.1992 8.12549 -21.1992 8.10742 -20.3994 8.12549 -20.3994 8.12549 -19.5996 7 -8.54688 7 -7.39941 6.98242 -8.44043 6.98242 -7.39941 6.875 -7.39941 6.98242 -6 6.875 -6 6.98242 -2.39941 6.875 -2.39941 6.98242 -1.06152 6.875 -1.33789 4.4707 1.23633 4.77734 1.26172 4.48877 1.07813 4.77979 1.10254 4.70557 0.703125 4.78076 0.722656 4.85693 0.442383 4.6333 0.384766 4.31152 1.18359 4.36035 1.20117 4.34277 1.1084 4.3877 1.05176 4.37109 0.986328 4.38135 0.851563 4.36816 0.71875 8.12549 -16.3398 8.12549 -16.7432 8.10742 -16.3428 8.10742 -16.7432 8 -16.7432 8.10742 -17.5996 8 -17.5996 8 -18.5996 8.12549 -5.93945 8.10205 -6.03613 8.12549 -6 8.10205 -6.7998 8.12549 -6.7998 8.10205 -8.16309 8.12549 -8.19922 8.12549 -17.5996 8.10742 -18.5996 8.12549 -18.5996 8.10742 -19.5996 6.87402 -21 6.98389 -21.1992 6.87402 -19.3994 6.98389 -19.3994 6.98389 -17 7 -17 7 -16.0586 4.61865 0.47168 4.62891 0.541016 8 -4.2832 8.10205 -4.29688 8 -3 8.10205 -3 8 -2.80078 8.11377 -2.96484 7 -27 7 -25.5996 6.98389 -27 6.98389 -25.5996 6.87402 -27 6.87402 -25.5996 6.87402 -21.2393 6.87402 -23.1992 6.98389 -23.1992 7 -21.1992 7 -23.1992 4.33594 0.599609 4.2832 0.499023 4.24609 0.314453 4.21533 0.427734 4.13574 0.387695 4.39502 -0.375 4.41406 -0.197266 4.30762 -0.126953 4.17383 0.276367 4.86035 0.723633 4.86426 0.976563 4.86816 1.08789 4.5708 -0.436523 4.59424 -0.444336 4.57422 -0.993164 4.81641 -0.448242 4.75098 -1.02148 8.12549 -4.60645 8.10205 -4.60645 8 -4.58691 7 -19.3994 8 -6.19922 7.99854 0.200195 7.99854 -2.29883 8.10254 -2.29883 8 -2.60352 8.11621 -2.43164 6.98389 -16.1045 6.87402 -16.3584 6.87402 -17 8.12598 -2.29883 8.12598 0.200195 7 -6 7 -2.39941 7 -1 8 -19.5996 8 -20.3994 8 -8 8 -6.7998 8.12549 -4.29883 8 -21.1992 8.12549 -3 4.57227 -1.13281 4.73584 -1.15723 8 -23.5996 8 -22.7998 4.87109 1.24707 8 -22 6.875 -8.08008 0 0.0400391 0.0249023 0.0400391 0 0.0224609 0.0249023 0.0224609 0 0 0.0249023 0 0.0498047 0.0400391 0.0498047 0.0224609 0.0498047 0 0.149902 0.0400391 0.149902 0.0224609 0.149902 0 0.174805 0.0400391 0.174805 0.0224609 0.174805 0 0.199707 0.0400391 0.199707 0.0224609 0.199707 0 0.224609 0.0400391 0.224609 0.0224609 0.224609 0 0.25 0.0400391 0.25 0.0224609 0.25 0 0.274902 0.0400391 0.274902 0.0224609 0.274902 0 0.299805 0.0400391 0.299805 0.0224609 0.299805 0 0.375 0.0400391 0.375 0.0224609 0.375 0 0.399902 0.0400391 0.399902 0.0224609 0.399902 0 0.424805 0.0400391 0.424805 0.0224609 0.424805 0 0.449707 0.0400391 0.449707 0.0224609 0.449707 0 0.474609 0.0400391 0.474609 0.0224609 0.474609 0 0.5 0.0400391 0.5 0.0224609 0.5 0 0 -0.203125 0.0249023 -0.203125 0 -0.186523 0.0249023 -0.186523 0 -0.166016 0.0249023 -0.166016 0.0498047 -0.203125 0.0498047 -0.186523 0.0498047 -0.166016 0.149902 -0.203125 0.149902 -0.186523 0.149902 -0.166016 0.174805 -0.203125 0.174805 -0.186523 0.174805 -0.166016 0.199707 -0.203125 0.199707 -0.186523 0.199707 -0.166016 0.224609 -0.203125 0.224609 -0.186523 0.224609 -0.166016 0.25 -0.203125 0.25 -0.186523 0.25 -0.166016 0.274902 -0.203125 0.274902 -0.186523 0.274902 -0.166016 0.299805 -0.203125 0.299805 -0.186523 0.299805 -0.166016 0.375 -0.203125 0.375 -0.186523 0.375 -0.166016 0.399902 -0.203125 0.399902 -0.186523 0.399902 -0.166016 0.424805 -0.203125 0.424805 -0.186523 0.424805 -0.166016 0.449707 -0.203125 0.449707 -0.186523 0.449707 -0.166016 0.474609 -0.203125 0.474609 -0.186523 0.474609 -0.166016 0.5 -0.203125 0.5 -0.186523 0.5 -0.166016 0.349609 0.0400391 0.349609 0.0224609 0.349609 0 0.349609 -0.203125 0.349609 -0.186523 0.349609 -0.166016</float_array>
                    <technique_common>
                        <accessor count="248" source="#ID227" stride="2">
                            <param name="S" type="float"/>
                            <param name="T" type="float"/>
                        </accessor>
                    </technique_common>
                </source>
                <vertices id="ID228">
                    <input semantic="POSITION" source="#ID222"/>
                </vertices>
                <triangles count="440" material="Material1">
                    <input offset="0" semantic="VERTEX" source="#ID228"/>
                    <input offset="1" semantic="NORMAL" source="#ID224"/>
                    <input offset="2" semantic="TEXCOORD" source="#ID226" set="0"/>
                    <p>120 0 2 113 0 1 124 0 0 113 0 1 120 0 2 85 0 3 81 0 4 85 0 3 120 0 2 85 0 3 81 0 4 83 0 5 79 0 6 83 0 5 81 0 4 83 0 5 79 0 6 28 0 7 198 0 8 28 0 7 79 0 6 28 0 7 198 0 8 144 0 9 181 3 8 144 2 9 198 1 8 144 2 9 181 3 8 174 4 9 177 0 10 174 0 9 181 0 8 174 0 9 177 0 10 184 0 11 52 7 10 184 6 11 177 5 10 184 6 11 52 7 10 47 8 11 50 0 12 47 0 11 52 0 10 47 0 11 50 0 12 192 0 13 194 0 14 192 0 13 50 0 12 192 10 13 194 9 14 154 9 14 257 13 15 224 12 16 287 11 15 224 12 16 257 13 15 246 14 17 256 15 18 246 14 17 257 13 15 246 14 17 256 15 18 248 16 19 258 17 20 248 16 19 256 15 18 248 16 19 258 17 20 250 18 21 259 19 22 250 18 21 258 17 20 250 18 21 259 19 22 251 20 23 260 21 24 251 20 23 259 19 22 251 20 23 260 21 24 261 22 25 223 25 28 284 24 27 286 23 26 284 24 27 223 25 28 221 26 29 35 0 30 221 26 29 223 25 28 221 26 29 35 0 30 219 27 31 38 0 32 219 27 31 35 0 30 219 27 31 38 0 32 216 28 33 41 0 34 216 28 33 38 0 32 216 28 33 41 0 34 214 29 35 55 0 36 214 29 35 41 0 34 26 0 39 42 0 38 39 0 37 42 0 38 26 0 39 44 0 40 141 0 41 44 0 40 26 0 39 44 0 40 141 0 41 158 0 42 187 32 41 158 31 42 141 30 41 158 31 42 187 32 41 149 33 42 147 0 13 149 0 42 187 0 41 149 0 42 147 0 13 154 0 14 192 10 13 154 9 14 147 34 13 205 0 44 120 0 2 69 0 43 120 0 2 205 0 44 81 0 4 166 35 44 81 36 4 205 35 44 81 36 4 166 35 44 169 37 4 171 0 6 169 0 4 166 0 44 169 37 4 171 39 6 79 38 6 198 1 8 79 38 6 171 39 6 134 0 47 36 0 46 137 0 45 36 0 46 134 0 47 33 0 48 31 0 49 33 0 48 134 0 47 33 0 48 31 0 49 28 0 7 131 0 50 28 0 7 31 0 49 28 0 7 131 0 50 97 0 51 33 0 48 39 0 37 36 0 46 39 0 37 33 0 48 26 0 39 28 0 7 26 0 39 33 0 48 26 0 39 28 0 7 141 0 41 144 0 9 141 0 41 28 0 7 141 30 41 144 2 9 174 4 9 231 42 54 264 41 53 314 40 52 264 41 53 231 42 54 255 43 55 106 0 56 255 43 55 231 42 54 255 43 55 106 0 56 254 44 57 23 0 58 254 44 57 106 0 56 254 44 57 23 0 58 18 0 59 270 47 62 210 46 61 268 45 60 210 46 61 270 47 62 208 48 63 269 49 64 208 48 63 270 47 62 208 48 63 269 49 64 213 50 65 271 51 66 213 50 65 269 49 64 253 53 68 263 52 67 254 44 57 263 52 67 253 53 68 262 54 69 252 55 70 262 54 69 253 53 68 262 54 69 252 55 70 261 22 25 251 20 23 261 22 25 252 55 70 109 0 73 240 56 72 116 0 71 240 56 72 109 0 73 235 57 74 233 58 75 235 57 74 109 0 73 235 57 74 233 58 75 307 59 76 313 60 77 307 59 76 233 58 75 203 0 78 205 0 44 69 0 43 205 63 44 203 62 78 164 61 78 179 64 79 164 61 78 203 62 78 164 0 78 179 0 79 181 0 8 177 0 10 181 0 8 179 0 79 49 0 82 228 65 81 195 0 80 228 65 81 49 0 82 89 66 83 70 0 84 89 66 83 49 0 82 89 66 83 70 0 84 75 67 85 244 70 88 311 69 87 319 68 86 311 69 87 244 70 88 242 71 89 126 0 90 242 71 89 244 70 88 242 71 89 126 0 90 123 0 91 240 56 72 112 0 93 115 0 92 112 0 93 240 56 72 237 72 94 316 73 95 237 72 94 240 56 72 237 72 94 316 73 95 309 74 96 237 72 94 123 0 91 112 0 93 123 0 91 237 72 94 242 71 89 309 74 96 242 71 89 237 72 94 242 71 89 309 74 96 311 69 87 19 0 98 83 0 5 100 0 97 83 0 5 19 0 98 21 0 99 24 0 100 21 0 99 19 0 98 21 0 99 24 0 100 107 0 101 85 0 3 117 0 102 113 0 1 117 0 102 85 0 3 87 0 103 83 0 5 87 0 103 85 0 3 87 0 103 83 0 5 21 0 99 87 0 103 110 0 104 117 0 102 110 0 104 87 0 103 103 0 105 21 0 99 103 0 105 87 0 103 103 0 105 21 0 99 107 0 101 160 75 106 158 31 42 149 33 42 158 0 42 160 0 106 44 0 40 63 0 107 44 0 40 160 0 106 44 0 40 63 0 107 59 0 108 171 39 6 181 3 8 198 1 8 181 0 8 171 0 6 164 0 78 166 0 44 164 0 78 171 0 6 164 61 78 166 63 44 205 63 44 50 0 12 203 0 78 69 0 43 203 0 78 50 0 12 200 0 79 52 0 10 200 0 79 50 0 12 200 76 79 52 7 10 177 5 10 119 0 111 65 0 110 68 0 109 65 0 110 119 0 111 93 0 112 129 0 113 93 0 112 119 0 111 226 78 115 341 77 114 267 77 114 341 77 114 226 78 115 266 78 115 152 79 116 266 78 115 226 78 115 147 34 13 47 8 11 192 10 13 47 8 11 147 34 13 184 6 11 187 0 41 184 0 11 147 0 13 235 57 74 316 73 95 240 56 72 316 73 95 235 57 74 305 80 117 307 59 76 305 80 117 235 57 74 226 81 115 62 0 118 161 0 116 62 0 118 226 81 115 210 46 61 268 45 60 210 46 61 226 81 115 77 82 121 66 0 120 94 0 119 66 0 120 77 82 121 71 0 122 74 83 123 71 0 122 77 82 121 233 58 75 230 84 124 313 60 77 230 84 124 233 58 75 105 0 125 102 0 126 105 0 125 233 58 75 77 82 121 331 85 127 74 83 123 331 85 127 77 82 121 91 86 128 94 0 119 91 86 128 77 82 121 221 26 29 290 87 129 284 24 27 290 87 129 221 26 29 219 27 31 219 27 31 293 88 130 290 87 129 293 88 130 219 27 31 216 28 33 272 89 131 216 28 33 214 29 35 216 28 33 272 89 131 293 88 130 99 0 132 252 55 70 253 53 68 252 55 70 99 0 132 96 0 133 54 0 134 208 48 63 213 50 65 208 48 63 54 0 134 58 0 135 208 48 63 62 0 118 210 46 61 62 0 118 208 48 63 58 0 135 339 92 136 228 91 81 333 90 136 228 91 81 339 92 136 265 93 81 265 93 81 195 94 80 228 91 81 195 94 80 265 93 81 155 94 80 341 95 114 265 93 81 339 92 136 265 93 81 341 95 114 266 96 115 250 18 21 96 0 133 132 0 137 96 0 133 250 18 21 251 20 23 330 97 138 89 66 83 75 67 85 89 66 83 330 97 138 333 98 136 97 0 51 83 0 5 28 0 7 83 0 5 97 0 51 100 0 97 122 0 139 129 0 113 119 0 111 129 0 113 122 0 139 127 0 140 174 4 9 187 32 41 141 30 41 187 0 41 174 0 9 184 0 11 151 0 106 149 0 42 154 0 14 149 33 42 151 75 106 160 75 106 224 12 16 135 0 142 139 0 141 135 0 142 224 12 16 246 14 17 56 0 143 44 0 40 59 0 108 44 0 40 56 0 143 42 0 38 255 43 55 263 52 67 264 41 53 263 52 67 255 43 55 254 44 57 246 14 17 30 0 144 135 0 142 30 0 144 246 14 17 248 16 19 248 16 19 132 0 137 30 0 144 132 0 137 248 16 19 250 18 21 200 76 79 179 64 79 203 62 78 179 64 79 200 76 79 177 5 10 155 0 80 266 96 115 152 0 116 266 96 115 155 0 80 265 93 81 18 0 59 253 53 68 254 44 57 253 53 68 18 0 59 99 0 132 223 25 28 138 0 145 35 0 30 226 78 115 161 99 116 152 79 116 109 0 73 102 0 126 233 58 75 226 81 115 267 100 114 268 45 60 79 38 6 81 36 4 169 37 4 89 66 83 333 98 136 228 65 81 252 55 70 96 0 133 251 20 23 0 103 148 43 102 147 45 101 146 43 102 147 0 103 148 350 104 149 5 105 150 350 104 149 0 103 148 350 104 149 5 105 150 351 106 151 350 104 149 40 107 152 43 102 147 40 107 152 350 104 149 349 108 153 351 106 151 349 108 153 350 104 149 349 108 153 351 106 151 347 109 154 349 108 153 37 110 155 40 107 152 37 110 155 349 108 153 344 111 156 347 109 154 344 111 156 349 108 153 344 111 156 347 109 154 345 112 157 344 111 156 34 113 158 37 110 155 34 113 158 344 111 156 340 114 159 345 112 157 340 114 159 344 111 156 340 114 159 345 112 157 342 115 160 340 114 159 32 116 161 34 113 158 32 116 161 340 114 159 336 117 162 342 115 160 336 117 162 340 114 159 336 117 162 342 115 160 337 118 163 336 117 162 29 119 164 32 116 161 29 119 164 336 117 162 332 120 165 337 118 163 332 120 165 336 117 162 332 120 165 337 118 163 334 121 166 332 120 165 27 122 167 29 119 164 27 122 167 332 120 165 327 123 168 334 121 166 327 123 168 332 120 165 327 123 168 334 121 166 328 124 169 327 123 168 25 125 170 27 122 167 25 125 170 327 123 168 324 126 171 328 124 169 324 126 171 327 123 168 324 126 171 328 124 169 325 127 172 324 126 171 20 128 173 25 125 170 20 128 173 324 126 171 322 129 174 325 127 172 322 129 174 324 126 171 322 129 174 325 127 172 321 130 175 322 129 174 22 131 176 20 128 173 22 131 176 322 129 174 323 132 177 321 130 175 323 132 177 322 129 174 323 132 177 321 130 175 318 133 178 323 132 177 57 134 179 22 131 176 57 134 179 323 132 177 15 135 180 318 133 178 15 135 180 323 132 177 15 135 180 318 133 178 16 136 181 15 135 180 53 137 182 57 134 179 53 137 182 15 135 180 12 138 183 16 136 181 12 138 183 15 135 180 12 138 183 16 136 181 13 139 184 12 138 183 51 140 185 53 137 182 51 140 185 12 138 183 9 141 186 13 139 184 9 141 186 12 138 183 9 141 186 13 139 184 10 142 187 9 141 186 48 143 188 51 140 185 48 143 188 9 141 186 6 144 189 10 142 187 6 144 189 9 141 186 6 144 189 10 142 187 7 145 190 6 144 189 46 146 191 48 143 188 46 146 191 6 144 189 1 147 192 7 145 190 1 147 192 6 144 189 1 147 192 7 145 190 4 148 193 273 151 196 352 150 195 2 149 194 352 150 195 273 151 196 275 152 197 277 153 198 275 152 197 273 151 196 275 152 197 277 153 198 276 154 199 275 152 197 348 155 200 352 150 195 348 155 200 275 152 197 279 156 201 276 154 199 279 156 201 275 152 197 279 156 201 276 154 199 280 157 202 279 156 201 346 158 203 348 155 200 346 158 203 279 156 201 282 159 204 280 157 202 282 159 204 279 156 201 282 159 204 280 157 202 281 160 205 282 159 204 343 161 206 346 158 203 343 161 206 282 159 204 283 162 207 281 160 205 283 162 207 282 159 204 283 162 207 281 160 205 285 163 208 283 162 207 338 164 209 343 161 206 338 164 209 283 162 207 288 165 210 285 163 208 288 165 210 283 162 207 288 165 210 285 163 208 289 166 211 288 165 210 335 167 212 338 164 209 335 167 212 288 165 210 291 168 213 289 166 211 291 168 213 288 165 210 291 168 213 289 166 211 292 169 214 291 168 213 329 170 215 335 167 212 329 170 215 291 168 213 294 171 216 292 169 214 294 171 216 291 168 213 294 171 216 292 169 214 295 172 217 294 171 216 326 173 218 329 170 215 326 173 218 294 171 216 296 174 219 295 172 217 296 174 219 294 171 216 296 174 219 295 172 217 297 175 220 296 174 219 320 176 221 326 173 218 320 176 221 296 174 219 298 177 222 297 175 220 298 177 222 296 174 219 298 177 222 297 175 220 299 178 223 298 177 222 317 179 224 320 176 221 317 179 224 298 177 222 301 180 225 299 178 223 301 180 225 298 177 222 301 180 225 299 178 223 300 181 226 301 180 225 17 182 227 317 179 224 17 182 227 301 180 225 302 183 228 300 181 226 302 183 228 301 180 225 302 183 228 300 181 226 303 184 229 302 183 228 14 185 230 17 182 227 14 185 230 302 183 228 304 186 231 303 184 229 304 186 231 302 183 228 304 186 231 303 184 229 306 187 232 304 186 231 11 188 233 14 185 230 11 188 233 304 186 231 308 189 234 306 187 232 308 189 234 304 186 231 308 189 234 306 187 232 310 190 235 308 189 234 8 191 236 11 188 233 8 191 236 308 189 234 312 192 237 310 190 235 312 192 237 308 189 234 312 192 237 310 190 235 315 193 238 312 192 237 3 194 239 8 191 236 3 194 239 312 192 237 274 195 240 315 193 238 274 195 240 312 192 237 274 195 240 315 193 238 278 196 241 185 199 148 236 198 147 238 197 146 236 198 147 185 199 148 180 200 149 191 201 150 180 200 149 185 199 148 180 200 149 191 201 150 182 202 151 180 200 149 234 203 152 236 198 147 234 203 152 180 200 149 178 204 153 182 202 151 178 204 153 180 200 149 178 204 153 182 202 151 175 205 154 178 204 153 232 206 161 234 203 152 232 206 161 178 204 153 170 207 162 175 205 154 170 207 162 178 204 153 170 207 162 175 205 154 172 208 163 170 207 162 229 209 164 232 206 161 229 209 164 170 207 162 165 210 165 172 208 163 165 210 165 170 207 162 165 210 165 172 208 163 167 211 166 165 210 165 227 212 167 229 209 164 227 212 167 165 210 165 159 213 168 167 211 166 159 213 168 165 210 165 159 213 168 167 211 166 162 214 169 159 213 168 225 215 170 227 212 167 225 215 170 159 213 168 153 216 171 162 214 169 153 216 171 159 213 168 153 216 171 162 214 169 156 217 172 153 216 171 220 218 173 225 215 170 220 218 173 153 216 171 148 219 174 156 217 172 148 219 174 153 216 171 148 219 174 156 217 172 146 220 175 148 219 174 222 221 242 220 218 173 222 221 242 148 219 174 150 222 243 146 220 175 150 222 243 148 219 174 150 222 243 146 220 175 142 223 244 150 222 243 249 224 176 222 221 242 249 224 176 150 222 243 215 225 177 142 223 244 215 225 177 150 222 243 215 225 177 142 223 244 218 226 178 215 225 177 247 227 179 249 224 176 247 227 179 215 225 177 209 228 180 218 226 178 209 228 180 215 225 177 209 228 180 218 226 178 211 229 181 209 228 180 245 230 182 247 227 179 245 230 182 209 228 180 204 231 183 211 229 181 204 231 183 209 228 180 204 231 183 211 229 181 206 232 184 204 231 183 243 233 185 245 230 182 243 233 185 204 231 183 199 234 186 206 232 184 199 234 186 204 231 183 199 234 186 206 232 184 201 235 187 199 234 186 241 236 188 243 233 185 241 236 188 199 234 186 193 237 189 201 235 187 193 237 189 199 234 186 193 237 189 201 235 187 196 238 190 193 237 189 239 239 191 241 236 188 239 239 191 193 237 189 186 240 192 196 238 190 186 240 192 193 237 189 186 240 192 196 238 190 190 241 193 60 244 196 183 243 195 188 242 194 183 243 195 60 244 196 64 245 197 72 246 198 64 245 197 60 244 196 64 245 197 72 246 198 67 247 199 64 245 197 176 248 200 183 243 195 176 248 200 64 245 197 76 249 201 67 247 199 76 249 201 64 245 197 76 249 201 67 247 199 78 250 202 76 249 201 173 251 209 176 248 200 173 251 209 76 249 201 82 252 210 78 250 202 82 252 210 76 249 201 82 252 210 78 250 202 80 253 211 82 252 210 168 254 212 173 251 209 168 254 212 82 252 210 84 255 213 80 253 211 84 255 213 82 252 210 84 255 213 80 253 211 86 256 214 84 255 213 163 257 215 168 254 212 163 257 215 84 255 213 88 258 216 86 256 214 88 258 216 84 255 213 88 258 216 86 256 214 90 259 217 88 258 216 157 260 218 163 257 215 157 260 218 88 258 216 92 261 219 90 259 217 92 261 219 88 258 216 92 261 219 90 259 217 95 262 220 92 261 219 145 263 221 157 260 218 145 263 221 92 261 219 98 264 222 95 262 220 98 264 222 92 261 219 98 264 222 95 262 220 101 265 223 98 264 222 143 266 245 145 263 221 143 266 245 98 264 222 108 267 246 101 265 223 108 267 246 98 264 222 108 267 246 101 265 223 104 268 247 108 267 246 217 269 224 143 266 245 217 269 224 108 267 246 111 270 225 104 268 247 111 270 225 108 267 246 111 270 225 104 268 247 114 271 226 111 270 225 212 272 227 217 269 224 212 272 227 111 270 225 118 273 228 114 271 226 118 273 228 111 270 225 118 273 228 114 271 226 121 274 229 118 273 228 207 275 230 212 272 227 207 275 230 118 273 228 125 276 231 121 274 229 125 276 231 118 273 228 125 276 231 121 274 229 128 277 232 125 276 231 202 278 233 207 275 230 202 278 233 125 276 231 130 279 234 128 277 232 130 279 234 125 276 231 130 279 234 128 277 232 133 280 235 130 279 234 197 281 236 202 278 233 197 281 236 130 279 234 136 282 237 133 280 235 136 282 237 130 279 234 136 282 237 133 280 235 140 283 238 136 282 237 189 284 239 197 281 236 189 284 239 136 282 237 61 285 240 140 283 238 61 285 240 136 282 237 61 285 240 140 283 238 73 286 241</p>
                </triangles>
            </mesh>
        </geometry>
        <geometry id="ID230">
            <mesh>
                <source id="ID231">
                    <float_array id="ID232" count="5544">-5043.75 456.75 2235.25 -4785.75 563.25 2141.5 -4827.25 920.5 97 -4827.25 920.5 97 -3219 906 -3566.25 -1782.5 844 -4461.5 -1782.5 844 -4461.5 -5030.5 456.75 2229.75 -4774.25 563.25 2127.25 -4822.75 913.75 92.25 -3216 906 -3561.5 -1779.5 844 -4447.5 -5025 456.75 2216.5 -4756.25 563.25 2124.5 -4814.5 920.5 102.25 -4814.5 920.5 102.25 -3210.75 906 -3560.25 -1794.5 844 -4469.25 -4465 563.25 3189 -4762.75 563.25 2107.25 -4814.5 913.75 95.75 -3206 906 -3563.25 -1808.75 844 -4466.25 -4483.25 563.25 3186.25 -4772.75 544.5 2094.5 -4772.75 544.5 2094.5 -4801.5 920.5 97 -4801.5 920.5 97 -3207.75 850.25 -3573.25 -3207.75 850.25 -3573.25 -3207.75 850.25 -3573.25 -3207.75 850.25 -3573.25 -1816.5 844 -4454.25 -4494.5 545.25 3206 -4785.75 544.5 2089 -4785.75 544.5 2089 -4785.75 544.5 2089 -4806 913.75 92.25 -3204.75 850.25 -3568.5 -3204.75 850.25 -3568.5 -1813.5 844 -4440.25 -4494.5 563.25 3172 -4785.75 537.75 2095.5 -4785.75 537.75 2095.5 -4796 920.5 84 -4796 920.5 84 -3213 850.25 -3574.5 -3213 850.25 -3574.5 -1801.5 844 -4432.25 -4506 563.25 3186.25 -4777.5 537.75 2099 -4802.75 913.75 84 -3217.75 850.25 -3571.5 -3217.75 850.25 -3571.5 -1787.25 844 -4435.25 -4524.25 563.25 3189 -4798.75 544.5 2094.5 -4798.75 544.5 2094.5 -4814.5 906 76.75 -4814.5 906 76.75 -3219 850.25 -3566.25 -3219 850.25 -3566.25 -1782.5 832.75 -4461.5 -1782.5 832.75 -4461.5 -4517.5 563.25 3206 -4794 537.75 2099 -4809.25 906 78.75 -3216 850.25 -3561.5 -3216 850.25 -3561.5 -1779.5 832.75 -4447.5 -4524.25 563.25 3223 -4804 544.5 2107.25 -4804 544.5 2107.25 -4819.5 906 78.75 -3210.75 850.25 -3560.25 -3210.75 850.25 -3560.25 -1794.5 832.75 -4469.25 -4506 563.25 3225.75 -4797.5 537.75 2107.25 -4821.5 906 84 -3206 850.25 -3563.25 -3206 850.25 -3563.25 -1808.75 832.75 -4466.25 -4494.5 563.25 3240.25 -4798.75 544.5 2120.25 -4798.75 544.5 2120.25 -4819.5 906 89 -3201 844 -3582.75 -3201 844 -3582.75 -1816.5 832.75 -4454.25 -4483.25 563.25 3225.75 -4794 537.75 2115.75 -4814.5 906 91.25 -3193.25 844 -3570.5 -1813.5 832.75 -4440.25 -4465 563.25 3223 -4785.75 544.5 2125.75 -4785.75 544.5 2125.75 -4809.25 906 89 -3215 844 -3586 -1801.5 832.75 -4432.25 -4471.75 563.25 3206 -4785.75 537.75 2119.25 -4807.25 906 84 -3227.25 844 -3578.25 -1787.25 832.75 -4435.25 -4481.75 544.5 3193 -4481.75 544.5 3193 -4772.75 544.5 2120.25 -4772.75 544.5 2120.25 -4814.5 850.25 76.75 -4814.5 850.25 76.75 -4814.5 850.25 76.75 -4814.5 850.25 76.75 -3230.5 844 -3564.25 -1373.75 939.25 -4573.25 -4494.5 544.5 3187.75 -4494.5 544.5 3187.75 -4494.5 544.5 3187.75 -4777.5 537.75 2115.75 -4809.25 850.25 78.75 -4809.25 850.25 78.75 -3222.75 844 -3552 -1380.5 939.25 -4590.5 -4494.5 537.75 3194.25 -4494.5 537.75 3194.25 -4767.5 544.5 2107.25 -4767.5 544.5 2107.25 -4819.5 850.25 78.75 -4819.5 850.25 78.75 -3208.75 844 -3548.75 -1403.25 921.25 -4590.5 -4486.25 537.75 3197.75 -4774 537.75 2107.25 -4821.5 850.25 84 -4821.5 850.25 84 -3196.5 844 -3556.5 -1373.5 939.25 -4607.5 -4507.5 544.5 3193 -4507.5 544.5 3193 -4785.75 530 2100.25 -4785.75 530 2100.25 -4819.5 850.25 89 -4819.5 850.25 89 -3201 832.75 -3582.75 -3201 832.75 -3582.75 -1391.75 939.25 -4610.25 -4503 537.75 3197.75 -4780.5 530 2102.25 -4814.5 850.25 91.25 -4814.5 850.25 91.25 -3193.25 832.75 -3570.5 -1403 939.25 -4624.75 -4513 544.5 3206 -4513 544.5 3206 -4790.75 530 2102.25 -4809.25 850.25 89 -4809.25 850.25 89 -3215 832.75 -3586 -1414.5 939.25 -4610.5 -4506.25 537.75 3206 -4793 530 2107.25 -4807.25 850.25 84 -4807.25 850.25 84 -3227.25 832.75 -3578.25 -1432.75 939.25 -4608 -4507.5 544.5 3219 -4507.5 544.5 3219 -4790.75 530 2112.5 -4814.5 844 65.25 -4814.5 844 65.25 -3230.5 832.75 -3564.25 -1426 939.25 -4590.75 -4503 537.75 3214.25 -4785.75 530 2114.5 -4801 844 70.75 -3222.75 832.75 -3552 -1433 939.25 -4573.75 -4494.5 544.5 3224.25 -4494.5 544.5 3224.25 -4780.5 530 2112.5 -4827.75 844 70.75 -3208.75 832.75 -3548.75 -1414.75 939.25 -4571 -4494.5 537.75 3217.75 -4778.5 530 2107.25 -4833.25 844 84 -3196.5 832.75 -3556.5 -1403.5 939.25 -4556.5 -4481.75 544.5 3219 -4481.75 544.5 3219 -4785.75 474.25 2100.25 -4785.75 474.25 2100.25 -4785.75 474.25 2100.25 -4785.75 474.25 2100.25 -4827.75 844 97.25 -2855.25 939.25 -3827.5 -1392 939.25 -4570.75 -4486.25 537.75 3214.25 -4780.5 474.25 2102.25 -4780.5 474.25 2102.25 -4814.5 844 102.75 -2867.25 939.25 -3841.5 -1385.5 920.5 -4585.75 -1385.5 920.5 -4585.75 -4476.25 544.5 3206 -4476.25 544.5 3206 -4790.75 474.25 2102.25 -4790.75 474.25 2102.25 -4801 844 97.25 -2888.75 921.25 -3833.75 -1387.25 920.5 -4599.5 -1387.25 920.5 -4599.5 -1387.25 920.5 -4599.5 -4482.75 537.75 3206 -4793 474.25 2107.25 -4793 474.25 2107.25 -4795.5 844 84 -2866.5 939.25 -3859.75 -1393 913.75 -4596.5 -1393 913.75 -4596.5 -4494.5 530 3198.75 -4494.5 530 3198.75 -4790.75 474.25 2112.5 -4790.75 474.25 2112.5 -4814.5 832.75 65.25 -4814.5 832.75 65.25 -2884.5 939.25 -3856.25 -1392 913.75 -4587.5 -4489.5 530 3201 -4785.75 474.25 2114.5 -4785.75 474.25 2114.5 -4801 832.75 70.75 -2900 939.25 -3866 -1398.25 920.5 -4608.25 -1398.25 920.5 -4608.25 -4499.75 530 3201 -4780.5 474.25 2112.5 -4780.5 474.25 2112.5 -4827.75 832.75 70.75 -2906 939.25 -3848.5 -1400 913.75 -4602 -4501.75 530 3206 -4778.5 474.25 2107.25 -4778.5 474.25 2107.25 -4833.25 832.75 84 -2922.25 939.25 -3840 -1412.25 920.5 -4606.5 -1412.25 920.5 -4606.5 -4499.75 530 3211 -4785.75 468 2088.5 -4785.75 468 2088.5 -4827.75 832.75 97.25 -2910.25 939.25 -3826.25 -1409 913.75 -4600.75 -4494.5 530 3213.25 -4772.5 468 2094 -4814.5 832.75 102.75 -2911 939.25 -3807.75 -1420.75 920.5 -4595.5 -1420.75 920.5 -4595.5 -4489.5 530 3211 -4799 468 2094 -4801 832.75 97.25 -2893 939.25 -3811.25 -1414.5 913.75 -4593.75 -4487.25 530 3206 -4804.5 468 2107.25 -4795.5 832.75 84 -2877.25 939.25 -3801.5 -1419.25 920.5 -4581.5 -1419.25 920.5 -4581.5 -4494.5 474.25 3198.75 -4494.5 474.25 3198.75 -4494.5 474.25 3198.75 -4494.5 474.25 3198.75 -4799 468 2120.75 -4748.75 939.25 443 -2871.25 939.25 -3819 -1413.5 913.75 -4584.75 -4489.5 474.25 3201 -4489.5 474.25 3201 -4785.75 468 2126.25 -4767 939.25 440.25 -2870.5 920.5 -3835.25 -2870.5 920.5 -3835.25 -1408.25 920.5 -4573 -1408.25 920.5 -4573 -4499.75 474.25 3201 -4499.75 474.25 3201 -4772.5 468 2120.75 -4778.25 921.25 460 -2876.75 920.5 -3847.75 -2876.75 920.5 -3847.75 -2876.75 920.5 -3847.75 -1406.5 913.75 -4579.25 -4501.75 474.25 3206 -4501.75 474.25 3206 -4767 468 2107.25 -4778.25 939.25 425.75 -2881 913.75 -3842.75 -2881 913.75 -3842.75 -1394.25 920.5 -4574.75 -1394.25 920.5 -4574.75 -4499.75 474.25 3211 -4499.75 474.25 3211 -4785.75 456.75 2088.5 -4785.75 456.75 2088.5 -4789.75 939.25 440.25 -2877 913.75 -3834.75 -1397.5 913.75 -4580.25 -4494.5 474.25 3213.25 -4494.5 474.25 3213.25 -4772.5 456.75 2094 -4807.75 939.25 443 -2890.25 920.5 -3852 -2890.25 920.5 -3852 -1397 906 -4594.25 -1397 906 -4594.25 -4489.5 474.25 3211 -4489.5 474.25 3211 -4799 456.75 2094 -4801 939.25 460 -2889.75 913.75 -3845.5 -1396.25 906 -4588.75 -4487.25 474.25 3206 -4487.25 474.25 3206 -4804.5 456.75 2107.25 -4807.75 939.25 477 -2902.75 920.5 -3845.75 -2902.75 920.5 -3845.75 -1401.25 906 -4597.5 -4494.5 468 3187.25 -4494.5 468 3187.25 -4799 456.75 2120.75 -4789.75 939.25 479.75 -2897.75 913.75 -3841.5 -1406.75 906 -4597 -4481.25 468 3192.75 -4785.75 456.75 2126.25 -4778.25 939.25 494 -2907 920.5 -3832.25 -2907 920.5 -3832.25 -1410.25 906 -4592.5 -4508 468 3192.75 -4772.5 456.75 2120.75 -4767 939.25 479.75 -2900.5 913.75 -3832.75 -1409.5 906 -4587 -4513.5 468 3206 -4767 456.75 2107.25 -4748.75 939.25 477 -2900.5 920.5 -3819.75 -2900.5 920.5 -3819.75 -1405.25 906 -4583.75 -4508 468 3219.25 -4657 939.25 -1056 -4755.5 939.25 460 -2896.25 913.75 -3824.75 -1399.75 906 -4584.25 -4494.5 468 3224.75 -4675 939.25 -1058.75 -4765.25 920.5 447 -4765.25 920.5 447 -2887.25 920.5 -3815.5 -2887.25 920.5 -3815.5 -1397 850.25 -4594.25 -1397 850.25 -4594.25 -1397 850.25 -4594.25 -1397 850.25 -4594.25 -4481.25 468 3219.25 -4686.5 921.25 -1039 -4778.25 920.5 441.75 -4778.25 920.5 441.75 -4778.25 920.5 441.75 -2887.75 913.75 -3822 -1396.25 850.25 -4588.75 -1396.25 850.25 -4588.75 -4475.75 468 3206 -4686.5 939.25 -1073.25 -4778.25 913.75 448.25 -4778.25 913.75 448.25 -2874.75 920.5 -3822 -2874.75 920.5 -3822 -1401.25 850.25 -4597.5 -1401.25 850.25 -4597.5 -4494.5 456.75 3187.25 -4494.5 456.75 3187.25 -4698 939.25 -1058.75 -4770 913.75 451.75 -2879.75 913.75 -3826.25 -1406.75 850.25 -4597 -1406.75 850.25 -4597 -4481.25 456.75 3192.75 -4716 939.25 -1056 -4791.25 920.5 447 -4791.25 920.5 447 -2884 906 -3839.25 -2884 906 -3839.25 -1410.25 850.25 -4592.5 -1410.25 850.25 -4592.5 -4508 456.75 3192.75 -4709.25 939.25 -1039 -4786.5 913.75 451.75 -2881.5 906 -3834.25 -1409.5 850.25 -4587 -1409.5 850.25 -4587 -4513.5 456.75 3206 -4716 939.25 -1022 -4796.5 920.5 460 -4796.5 920.5 460 -2889.25 906 -3841 -1405.25 850.25 -4583.75 -1405.25 850.25 -4583.75 -4508 456.75 3219.25 -4698 939.25 -1019.25 -4790 913.75 460 -2894.25 906 -3838.5 -1399.75 850.25 -4584.25 -1399.75 850.25 -4584.25 -4494.5 456.75 3224.75 -4686.5 939.25 -1005 -4791.25 920.5 473 -4791.25 920.5 473 -2896 906 -3833.25 -1386.75 844 -4599.75 -1386.75 844 -4599.75 -4481.25 456.75 3219.25 -4675 939.25 -1019.25 -4786.5 913.75 468.25 -2893.5 906 -3828.25 -1385 844 -4585.5 -4475.75 456.75 3206 -4657 939.25 -1022 -4778.25 920.5 478.25 -4778.25 920.5 478.25 -2888.25 906 -3826.5 -1398.25 844 -4608.75 -4613.75 563.25 2941.25 -4663.75 939.25 -1039 -4778.25 913.75 471.75 -2883.25 906 -3829 -1412.5 844 -4607 -4632 563.25 2938.75 -4673.5 920.5 -1052 -4673.5 920.5 -1052 -4765.25 920.5 473 -4765.25 920.5 473 -2884 850.25 -3839.25 -2884 850.25 -3839.25 -2884 850.25 -3839.25 -2884 850.25 -3839.25 -1421.25 844 -4595.75 -4643.25 545.25 2958.5 -4686.5 920.5 -1057.25 -4686.5 920.5 -1057.25 -4686.5 920.5 -1057.25 -4770 913.75 468.25 -2881.5 850.25 -3834.25 -2881.5 850.25 -3834.25 -1419.5 844 -4581.25 -4643.25 563.25 2924.25 -4686.5 913.75 -1050.75 -4686.5 913.75 -1050.75 -4760 920.5 460 -4760 920.5 460 -2889.25 850.25 -3841 -2889.25 850.25 -3841 -1408.25 844 -4572.5 -4654.75 563.25 2938.75 -4678.25 913.75 -1047.25 -4766.5 913.75 460 -2894.25 850.25 -3838.5 -2894.25 850.25 -3838.5 -1394 844 -4574.25 -4673 563.25 2941.25 -4699.5 920.5 -1052 -4699.5 920.5 -1052 -4778.25 906 452.75 -4778.25 906 452.75 -2896 850.25 -3833.25 -2896 850.25 -3833.25 -1386.75 832.75 -4599.75 -1386.75 832.75 -4599.75 -4666.25 563.25 2958.5 -4694.75 913.75 -1047.25 -4773.25 906 454.75 -2893.5 850.25 -3828.25 -2893.5 850.25 -3828.25 -1385 832.75 -4585.5 -4673 563.25 2975.5 -4704.75 920.5 -1039 -4704.75 920.5 -1039 -4783.5 906 454.75 -2888.25 850.25 -3826.5 -2888.25 850.25 -3826.5 -1398.25 832.75 -4608.75 -4654.75 563.25 2978.25 -4698.25 913.75 -1039 -4785.5 906 460 -2883.25 850.25 -3829 -2883.25 850.25 -3829 -1412.5 832.75 -4607 -4643.25 563.25 2992.5 -4699.5 920.5 -1026 -4699.5 920.5 -1026 -4783.5 906 465 -2876.5 844 -3848 -2876.5 844 -3848 -1421.25 832.75 -4595.75 -4632 563.25 2978.25 -4694.75 913.75 -1030.75 -4778.25 906 467.25 -2870 844 -3835.25 -1419.5 832.75 -4581.25 -4613.75 563.25 2975.5 -4686.5 920.5 -1020.75 -4686.5 920.5 -1020.75 -4773.25 906 465 -2890.25 844 -3852.5 -1408.25 832.75 -4572.5 -4256.75 563.25 3439.75 -4620.5 563.25 2958.5 -4686.5 913.75 -1027.25 -4771 906 460 -2903 844 -3846 -1394 832.75 -4574.25 -4274.75 563.25 3437 -4630.5 544.5 2945.5 -4630.5 544.5 2945.5 -4673.5 920.5 -1026 -4673.5 920.5 -1026 -4778.25 850.25 452.75 -4778.25 850.25 452.75 -4778.25 850.25 452.75 -4778.25 850.25 452.75 -2907.5 844 -3832.25 -970 939.25 -4675.5 -4286.25 545.25 3456.75 -4643.25 544.5 2940.25 -4643.25 544.5 2940.25 -4643.25 544.5 2940.25 -4678.25 913.75 -1030.75 -4773.25 850.25 454.75 -4773.25 850.25 454.75 -2901 844 -3819.5 -975 939.25 -4693.25 -4286.25 563.25 3422.75 -4643.25 537.75 2946.75 -4643.25 537.75 2946.75 -4668.25 920.5 -1039 -4668.25 920.5 -1039 -4783.5 850.25 454.75 -4783.5 850.25 454.75 -2887.25 844 -3815 -997.75 921.25 -4695.5 -4297.5 563.25 3437 -4635 537.75 2950 -4674.75 913.75 -1039 -4785.5 850.25 460 -4785.5 850.25 460 -2874.5 844 -3821.5 -966.75 939.25 -4709.5 -4315.75 563.25 3439.75 -4656.25 544.5 2945.5 -4656.25 544.5 2945.5 -4686.5 906 -1046.25 -4686.5 906 -1046.25 -4783.5 850.25 465 -4783.5 850.25 465 -2876.5 832.75 -3848 -2876.5 832.75 -3848 -984.5 939.25 -4714 -4309 563.25 3456.75 -4651.75 537.75 2950 -4681.5 906 -1044.25 -4778.25 850.25 467.25 -4778.25 850.25 467.25 -2870 832.75 -3835.25 -994.5 939.25 -4729.5 -4315.75 563.25 3474 -4661.75 544.5 2958.5 -4661.75 544.5 2958.5 -4691.5 906 -1044.25 -4773.25 850.25 465 -4773.25 850.25 465 -2890.25 832.75 -3852.5 -1007.25 939.25 -4716.25 -4297.5 563.25 3476.5 -4655.25 537.75 2958.5 -4693.75 906 -1039 -4771 850.25 460 -4771 850.25 460 -2903 832.75 -3846 -1025.5 939.25 -4715.25 -4286.25 563.25 3491 -4656.25 544.5 2971.25 -4656.25 544.5 2971.25 -4691.5 906 -1034 -4778.25 844 441.25 -4778.25 844 441.25 -2907.5 832.75 -3832.25 -1020.5 939.25 -4697.75 -4274.75 563.25 3476.5 -4651.75 537.75 2966.75 -4686.5 906 -1031.75 -4765 844 446.75 -2901 832.75 -3819.5 -1028.75 939.25 -4681.25 -4256.75 563.25 3474 -4643.25 544.5 2976.75 -4643.25 544.5 2976.75 -4681.5 906 -1034 -4791.5 844 446.75 -2887.25 832.75 -3815 -1011 939.25 -4676.75 -4263.25 563.25 3456.75 -4643.25 537.75 2970.25 -4679.25 906 -1039 -4797 844 460 -2874.5 832.75 -3821.5 -1001 939.25 -4661.5 -4273.25 544.5 3444 -4273.25 544.5 3444 -4630.5 544.5 2971.25 -4630.5 544.5 2971.25 -4686.5 850.25 -1046.25 -4686.5 850.25 -1046.25 -4686.5 850.25 -1046.25 -4686.5 850.25 -1046.25 -4791.5 844 473.25 -2510.75 939.25 -4061.75 -988.25 939.25 -4674.75 -4286.25 544.5 3438.5 -4286.25 544.5 3438.5 -4286.25 544.5 3438.5 -4635 537.75 2966.75 -4681.5 850.25 -1044.25 -4681.5 850.25 -1044.25 -4778.25 844 478.75 -2521.5 939.25 -4076.75 -980.75 920.5 -4689 -980.75 920.5 -4689 -4286.25 537.75 3445 -4286.25 537.75 3445 -4625 544.5 2958.5 -4625 544.5 2958.5 -4691.5 850.25 -1044.25 -4691.5 850.25 -1044.25 -4765 844 473.25 -2543.5 921.25 -4071 -981.25 920.5 -4703 -981.25 920.5 -4703 -981.25 920.5 -4703 -4277.75 537.75 3448.5 -4631.5 537.75 2958.5 -4693.75 850.25 -1039 -4693.75 850.25 -1039 -4759.5 844 460 -2519.25 939.25 -4095 -987 913.75 -4700.25 -987 913.75 -4700.25 -4299 544.5 3444 -4299 544.5 3444 -4643.25 530 2951.25 -4643.25 530 2951.25 -4691.5 850.25 -1034 -4691.5 850.25 -1034 -4778.25 832.75 441.25 -4778.25 832.75 441.25 -2537.5 939.25 -4093 -986.75 913.75 -4691.25 -4294.5 537.75 3448.5 -4638.25 530 2953.25 -4686.5 850.25 -1031.75 -4686.5 850.25 -1031.75 -4765 832.75 446.75 -2552.25 939.25 -4104 -991.5 920.5 -4712.5 -991.5 920.5 -4712.5 -4304.5 544.5 3456.75 -4304.5 544.5 3456.75 -4648.5 530 2953.25 -4681.5 850.25 -1034 -4681.5 850.25 -1034 -4791.5 832.75 446.75 -2559.5 939.25 -4087.25 -993.75 913.75 -4706.5 -4298 537.75 3456.75 -4650.5 530 2958.5 -4679.25 850.25 -1039 -4679.25 850.25 -1039 -4797 832.75 460 -2576.5 939.25 -4080 -1005.5 920.5 -4712 -1005.5 920.5 -4712 -4299 544.5 3469.75 -4299 544.5 3469.75 -4648.5 530 2963.5 -4686.5 844 -1057.75 -4686.5 844 -1057.75 -4791.5 832.75 473.25 -2565.75 939.25 -4065.25 -1002.75 913.75 -4706.25 -4294.5 537.75 3465.25 -4643.25 530 2965.75 -4673.25 844 -1052.25 -4778.25 832.75 478.75 -2568 939.25 -4047 -1015 920.5 -4701.75 -1015 920.5 -4701.75 -4286.25 544.5 3475 -4286.25 544.5 3475 -4638.25 530 2963.5 -4699.75 844 -1052.25 -4765 832.75 473.25 -2549.75 939.25 -4049 -1008.75 913.75 -4699.5 -4286.25 537.75 3468.5 -4636.25 530 2958.5 -4705.25 844 -1039 -4759.5 832.75 460 -2535 939.25 -4038 -1014.5 920.5 -4687.75 -1014.5 920.5 -4687.75 -4273.25 544.5 3469.75 -4273.25 544.5 3469.75 -4643.25 474.25 2951.25 -4643.25 474.25 2951.25 -4643.25 474.25 2951.25 -4643.25 474.25 2951.25 -4699.75 844 -1025.75 -4712.75 939.25 819 -2527.5 939.25 -4054.75 -1008.5 913.75 -4690.5 -4277.75 537.75 3465.25 -4638.25 474.25 2953.25 -4638.25 474.25 2953.25 -4686.5 844 -1020.25 -4730.75 939.25 816.25 -2525.25 920.5 -4070.75 -2525.25 920.5 -4070.75 -1004.25 920.5 -4678.25 -1004.25 920.5 -4678.25 -4268 544.5 3456.75 -4268 544.5 3456.75 -4648.5 474.25 2953.25 -4648.5 474.25 2953.25 -4673.25 844 -1025.75 -4742.25 921.25 836 -2530.5 920.5 -4083.75 -2530.5 920.5 -4083.75 -2530.5 920.5 -4083.75 -1002 913.75 -4684.5 -4274.5 537.75 3456.75 -4650.5 474.25 2958.5 -4650.5 474.25 2958.5 -4667.75 844 -1039 -4742.25 939.25 801.75 -2535.25 913.75 -4079.25 -2535.25 913.75 -4079.25 -990.25 920.5 -4678.75 -990.25 920.5 -4678.75 -4286.25 530 3449.5 -4286.25 530 3449.5 -4648.5 474.25 2963.5 -4648.5 474.25 2963.5 -4686.5 832.75 -1057.75 -4686.5 832.75 -1057.75 -4753.5 939.25 816.25 -2531.75 913.75 -4070.75 -993 913.75 -4684.75 -4281 530 3451.75 -4643.25 474.25 2965.75 -4643.25 474.25 2965.75 -4673.25 832.75 -1052.25 -4771.75 939.25 819 -2543.5 920.5 -4089.25 -2543.5 920.5 -4089.25 -991.25 906 -4698.5 -991.25 906 -4698.5 -4291.25 530 3451.75 -4638.25 474.25 2963.5 -4638.25 474.25 2963.5 -4699.75 832.75 -1052.25 -4765 939.25 836 -2543.5 913.75 -4082.75 -991 906 -4693 -4293.5 530 3456.75 -4636.25 474.25 2958.5 -4636.25 474.25 2958.5 -4705.25 832.75 -1039 -4771.75 939.25 853 -2556.5 920.5 -4084 -2556.5 920.5 -4084 -995.25 906 -4702.25 -4291.25 530 3462 -4643.25 468 2939.75 -4643.25 468 2939.75 -4699.75 832.75 -1025.75 -4753.5 939.25 855.75 -2551.75 913.75 -4079.25 -1000.75 906 -4702 -4286.25 530 3464 -4630 468 2945.25 -4686.5 832.75 -1020.25 -4742.25 939.25 870 -2562 920.5 -4071 -2562 920.5 -4071 -1004.5 906 -4698 -4281 530 3462 -4656.75 468 2945.25 -4673.25 832.75 -1025.75 -4730.75 939.25 855.75 -2555.25 913.75 -4071 -1004.25 906 -4692.5 -4279 530 3456.75 -4662.25 468 2958.5 -4667.75 832.75 -1039 -4712.75 939.25 853 -2556.75 920.5 -4058.25 -2556.75 920.5 -4058.25 -1000.25 906 -4688.75 -4286.25 474.25 3449.5 -4286.25 474.25 3449.5 -4286.25 474.25 3449.5 -4286.25 474.25 3449.5 -4656.75 468 2971.75 -4738.75 939.25 -687.25 -4719.5 939.25 836 -2552 913.75 -4062.75 -994.75 906 -4689 -4281 474.25 3451.75 -4281 474.25 3451.75 -4643.25 468 2977.25 -4756.75 939.25 -689.75 -4729.25 920.5 823 -4729.25 920.5 823 -2543.75 920.5 -4052.75 -2543.75 920.5 -4052.75 -991.25 850.25 -4698.5 -991.25 850.25 -4698.5 -991.25 850.25 -4698.5 -991.25 850.25 -4698.5 -4291.25 474.25 3451.75 -4291.25 474.25 3451.75 -4630 468 2971.75 -4768.25 921.25 -670 -4742.25 920.5 817.75 -4742.25 920.5 817.75 -4742.25 920.5 817.75 -2543.75 913.75 -4059.25 -991 850.25 -4693 -991 850.25 -4693 -4293.5 474.25 3456.75 -4293.5 474.25 3456.75 -4624.5 468 2958.5 -4768.25 939.25 -704.25 -4742.25 913.75 824.25 -4742.25 913.75 824.25 -2530.75 920.5 -4058 -2530.75 920.5 -4058 -995.25 850.25 -4702.25 -995.25 850.25 -4702.25 -4291.25 474.25 3462 -4291.25 474.25 3462 -4643.25 456.75 2939.75 -4643.25 456.75 2939.75 -4779.75 939.25 -689.75 -4734 913.75 827.75 -2535.25 913.75 -4062.5 -1000.75 850.25 -4702 -1000.75 850.25 -4702 -4286.25 474.25 3464 -4286.25 474.25 3464 -4630 456.75 2945.25 -4797.75 939.25 -687.25 -4755.25 920.5 823 -4755.25 920.5 823 -2538.5 906 -4076 -2538.5 906 -4076 -1004.5 850.25 -4698 -1004.5 850.25 -4698 -4281 474.25 3462 -4281 474.25 3462 -4656.75 456.75 2945.25 -4791 939.25 -670 -4750.5 913.75 827.75 -2536.25 906 -4071 -1004.25 850.25 -4692.5 -1004.25 850.25 -4692.5 -4279 474.25 3456.75 -4279 474.25 3456.75 -4662.25 456.75 2958.5 -4797.75 939.25 -653 -4760.5 920.5 836 -4760.5 920.5 836 -2543.5 906 -4078.25 -1000.25 850.25 -4688.75 -1000.25 850.25 -4688.75 -4286.25 468 3438 -4286.25 468 3438 -4656.75 456.75 2971.75 -4779.75 939.25 -650.25 -4754 913.75 836 -2548.75 906 -4076 -994.75 850.25 -4689 -994.75 850.25 -4689 -4273 468 3443.5 -4643.25 456.75 2977.25 -4768.25 939.25 -636 -4755.25 920.5 849 -4755.25 920.5 849 -2550.75 906 -4071 -980.75 844 -4703.25 -980.75 844 -4703.25 -4299.5 468 3443.5 -4630 456.75 2971.75 -4756.75 939.25 -650.25 -4750.5 913.75 844.25 -2548.75 906 -4066 -980.25 844 -4688.75 -4305 468 3456.75 -4624.5 456.75 2958.5 -4738.75 939.25 -653 -4742.25 920.5 854.25 -4742.25 920.5 854.25 -2543.75 906 -4063.75 -991.25 844 -4713 -4299.5 468 3470.25 -4762.5 563.25 2693.75 -4745.5 939.25 -670 -4742.25 913.75 847.75 -2538.5 906 -4065.75 -1005.5 844 -4712.5 -4286.25 468 3475.75 -4780.75 563.25 2691 -4755.25 920.5 -683 -4755.25 920.5 -683 -4729.25 920.5 849 -4729.25 920.5 849 -2538.5 850.25 -4076 -2538.5 850.25 -4076 -2538.5 850.25 -4076 -2538.5 850.25 -4076 -1015.5 844 -4702 -4273 468 3470.25 -4792.25 545.25 2710.75 -4768.25 920.5 -688.5 -4768.25 920.5 -688.5 -4768.25 920.5 -688.5 -4734 913.75 844.25 -2536.25 850.25 -4071 -2536.25 850.25 -4071 -1015 844 -4687.75 -4267.25 468 3456.75 -4792.25 563.25 2676.75 -4768.25 913.75 -681.75 -4768.25 913.75 -681.75 -4724 920.5 836 -4724 920.5 836 -2543.5 850.25 -4078.25 -2543.5 850.25 -4078.25 -1004.5 844 -4677.75 -4286.25 456.75 3438 -4286.25 456.75 3438 -4803.5 563.25 2691 -4760 913.75 -678.5 -4730.5 913.75 836 -2548.75 850.25 -4076 -2548.75 850.25 -4076 -990 844 -4678.25 -4273 456.75 3443.5 -4821.75 563.25 2693.75 -4781.25 920.5 -683 -4781.25 920.5 -683 -4742.25 906 828.75 -4742.25 906 828.75 -2550.75 850.25 -4071 -2550.75 850.25 -4071 -980.75 832.75 -4703.25 -980.75 832.75 -4703.25 -4299.5 456.75 3443.5 -4815 563.25 2710.75 -4776.5 913.75 -678.5 -4737 906 831 -2548.75 850.25 -4066 -2548.75 850.25 -4066 -980.25 832.75 -4688.75 -4305 456.75 3456.75 -4821.75 563.25 2728 -4786.5 920.5 -670 -4786.5 920.5 -670 -4747.25 906 831 -2543.75 850.25 -4063.75 -2543.75 850.25 -4063.75 -991.25 832.75 -4713 -4299.5 456.75 3470.25 -4803.5 563.25 2730.75 -4780 913.75 -670 -4749.5 906 836 -2538.5 850.25 -4065.75 -2538.5 850.25 -4065.75 -1005.5 832.75 -4712.5 -4286.25 456.75 3475.75 -4792.25 563.25 2745 -4781.25 920.5 -657.25 -4781.25 920.5 -657.25 -4747.25 906 841 -2530.25 844 -4084.25 -2530.25 844 -4084.25 -1015.5 832.75 -4702 -4273 456.75 3470.25 -4780.75 563.25 2730.75 -4776.5 913.75 -661.75 -4742.25 906 843.25 -2524.75 844 -4070.75 -1015 832.75 -4687.75 -4267.25 456.75 3456.75 -4762.5 563.25 2728 -4768.25 920.5 -651.75 -4768.25 920.5 -651.75 -4737 906 841 -2543.5 844 -4089.75 -1004.5 832.75 -4677.75 -4911.25 563.25 2446.25 -4769.25 563.25 2710.75 -4768.25 913.75 -658.25 -4735 906 836 -2556.75 844 -4084.25 -990 832.75 -4678.25 -4929.5 563.25 2443.5 -4779.25 544.5 2698 -4779.25 544.5 2698 -4755.25 920.5 -657.25 -4755.25 920.5 -657.25 -4742.25 850.25 828.75 -4742.25 850.25 828.75 -4742.25 850.25 828.75 -4742.25 850.25 828.75 -2562.5 844 -4071 -4941 545.25 2463.25 -4792.25 544.5 2692.5 -4792.25 544.5 2692.5 -4792.25 544.5 2692.5 -4760 913.75 -661.75 -4737 850.25 831 -4737 850.25 831 -2557 844 -4057.75 -4941 563.25 2429.25 -4792.25 537.75 2699 -4792.25 537.75 2699 -4750 920.5 -670 -4750 920.5 -670 -4747.25 850.25 831 -4747.25 850.25 831 -2543.75 844 -4052.25 -4952.25 563.25 2443.5 -4783.75 537.75 2702.5 -4756.5 913.75 -670 -4749.5 850.25 836 -4749.5 850.25 836 -2530.5 844 -4057.5 -4970.5 563.25 2446.25 -4805 544.5 2698 -4805 544.5 2698 -4768.25 906 -677.25 -4768.25 906 -677.25 -4747.25 850.25 841 -4747.25 850.25 841 -2530.25 832.75 -4084.25 -2530.25 832.75 -4084.25 -4963.75 563.25 2463.25 -4800.5 537.75 2702.5 -4763.25 906 -675.25 -4742.25 850.25 843.25 -4742.25 850.25 843.25 -2524.75 832.75 -4070.75 -4970.5 563.25 2480.25 -4810.5 544.5 2710.75 -4810.5 544.5 2710.75 -4773.25 906 -675.25 -4737 850.25 841 -4737 850.25 841 -2543.5 832.75 -4089.75 -4952.25 563.25 2483 -4804 537.75 2710.75 -4775.5 906 -670 -4735 850.25 836 -4735 850.25 836 -2556.75 832.75 -4084.25 -4941 563.25 2497.5 -4805 544.5 2723.75 -4805 544.5 2723.75 -4773.25 906 -665 -4742.25 844 817.25 -4742.25 844 817.25 -2562.5 832.75 -4071 -4929.5 563.25 2483 -4800.5 537.75 2719.25 -4768.25 906 -663 -4729 844 822.75 -2557 832.75 -4057.75 -4911.25 563.25 2480.25 -4792.25 544.5 2729.25 -4792.25 544.5 2729.25 -4763.25 906 -665 -4755.5 844 822.75 -2543.75 832.75 -4052.25 -4918 563.25 2463.25 -4792.25 537.75 2722.5 -4761 906 -670 -4761 844 836 -2530.5 832.75 -4057.5 -4928 544.5 2450.25 -4928 544.5 2450.25 -4779.25 544.5 2723.75 -4779.25 544.5 2723.75 -4768.25 850.25 -677.25 -4768.25 850.25 -677.25 -4768.25 850.25 -677.25 -4768.25 850.25 -677.25 -4755.5 844 849.25 -2147 939.25 -4265.25 -4941 544.5 2445 -4941 544.5 2445 -4941 544.5 2445 -4783.75 537.75 2719.25 -4763.25 850.25 -675.25 -4763.25 850.25 -675.25 -4742.25 844 854.75 -2156.5 939.25 -4281 -4941 537.75 2451.5 -4941 537.75 2451.5 -4773.75 544.5 2710.75 -4773.75 544.5 2710.75 -4773.25 850.25 -675.25 -4773.25 850.25 -675.25 -4729 844 849.25 -2179 921.25 -4277.25 -4932.5 537.75 2455 -4780.5 537.75 2710.75 -4775.5 850.25 -670 -4775.5 850.25 -670 -4723.5 844 836 -2152.75 939.25 -4299 -4953.75 544.5 2450.25 -4953.75 544.5 2450.25 -4792.25 530 2703.75 -4792.25 530 2703.75 -4773.25 850.25 -665 -4773.25 850.25 -665 -4742.25 832.75 817.25 -4742.25 832.75 817.25 -2171 939.25 -4298.5 -4949.25 537.75 2455 -4787 530 2705.75 -4768.25 850.25 -663 -4768.25 850.25 -663 -4729 832.75 822.75 -2184.75 939.25 -4310.75 -4959.25 544.5 2463.25 -4959.25 544.5 2463.25 -4797.25 530 2705.75 -4763.25 850.25 -665 -4763.25 850.25 -665 -4755.5 832.75 822.75 -2193.5 939.25 -4294.75 -4952.75 537.75 2463.25 -4799.25 530 2710.75 -4761 850.25 -670 -4761 850.25 -670 -4761 832.75 836 -2211 939.25 -4289 -4953.75 544.5 2476.25 -4953.75 544.5 2476.25 -4797.25 530 2716 -4768.25 844 -689 -4768.25 844 -689 -4755.5 832.75 849.25 -2201.5 939.25 -4273.5 -4949.25 537.75 2471.5 -4792.25 530 2718 -4755 844 -683.5 -4742.25 832.75 854.75 -2205.5 939.25 -4255.5 -4941 544.5 2481.5 -4941 544.5 2481.5 -4787 530 2716 -4781.5 844 -683.5 -4729 832.75 849.25 -2187 939.25 -4255.75 -4941 537.75 2475 -4785 530 2710.75 -4787 844 -670 -4723.5 832.75 836 -2173.5 939.25 -4243.5 -4928 544.5 2476.25 -4928 544.5 2476.25 -4792.25 474.25 2703.75 -4792.25 474.25 2703.75 -4792.25 474.25 2703.75 -4792.25 474.25 2703.75 -4781.5 844 -656.75 -4629.25 939.25 1142 -2164.5 939.25 -4259.5 -4932.5 537.75 2471.5 -4787 474.25 2705.75 -4787 474.25 2705.75 -4768.25 844 -651.25 -4647.5 939.25 1139.25 -2161 920.5 -4275.5 -2161 920.5 -4275.5 -4922.75 544.5 2463.25 -4922.75 544.5 2463.25 -4797.25 474.25 2705.75 -4797.25 474.25 2705.75 -4755 844 -656.75 -4658.75 921.25 1159 -2165 920.5 -4288.75 -2165 920.5 -4288.75 -2165 920.5 -4288.75 -4929.25 537.75 2463.25 -4799.25 474.25 2710.75 -4799.25 474.25 2710.75 -4749.5 844 -670 -4658.75 939.25 1124.75 -2170 913.75 -4284.75 -2170 913.75 -4284.75 -4941 530 2456 -4941 530 2456 -4797.25 474.25 2716 -4797.25 474.25 2716 -4768.25 832.75 -689 -4768.25 832.75 -689 -4670.25 939.25 1139.25 -2167.5 913.75 -4276 -4935.75 530 2458.25 -4792.25 474.25 2718 -4792.25 474.25 2718 -4755 832.75 -683.5 -4688.5 939.25 1142 -2177.25 920.5 -4295.5 -2177.25 920.5 -4295.5 -4946 530 2458.25 -4787 474.25 2716 -4787 474.25 2716 -4781.5 832.75 -683.5 -4681.75 939.25 1159 -2178 913.75 -4289 -4948.25 530 2463.25 -4785 474.25 2710.75 -4785 474.25 2710.75 -4787 832.75 -670 -4688.5 939.25 1176 -2190.75 920.5 -4291.25 -2190.75 920.5 -4291.25 -4946 530 2468.5 -4792.25 468 2692 -4792.25 468 2692 -4781.5 832.75 -656.75 -4670.25 939.25 1178.75 -2186.5 913.75 -4286.25 -4941 530 2470.5 -4778.75 468 2697.5 -4768.25 832.75 -651.25 -4658.75 939.25 1193 -2197.25 920.5 -4279 -2197.25 920.5 -4279 -4935.75 530 2468.5 -4805.5 468 2697.5 -4755 832.75 -656.75 -4647.5 939.25 1178.75 -2190.75 913.75 -4278.25 -4933.75 530 2463.25 -4811 468 2710.75 -4749.5 832.75 -670 -4629.25 939.25 1176 -2193.25 920.5 -4265.5 -2193.25 920.5 -4265.5 -4941 474.25 2456 -4941 474.25 2456 -4941 474.25 2456 -4941 474.25 2456 -4805.5 468 2724.25 -4761.75 939.25 -310 -4636 939.25 1159 -2188.25 913.75 -4269.75 -4935.75 474.25 2458.25 -4935.75 474.25 2458.25 -4792.25 468 2729.75 -4780 939.25 -312.75 -4646 920.5 1146 -4646 920.5 1146 -2180.75 920.5 -4259 -2180.75 920.5 -4259 -4946 474.25 2458.25 -4946 474.25 2458.25 -4778.75 468 2724.25 -4791.25 921.25 -293 -4658.75 920.5 1140.75 -4658.75 920.5 1140.75 -4658.75 920.5 1140.75 -2180.25 913.75 -4265.5 -4948.25 474.25 2463.25 -4948.25 474.25 2463.25 -4773.25 468 2710.75 -4791.25 939.25 -327 -4658.75 913.75 1147.25 -4658.75 913.75 1147.25 -2167.5 920.5 -4263 -2167.5 920.5 -4263 -4946 474.25 2468.5 -4946 474.25 2468.5 -4792.25 456.75 2692 -4792.25 456.75 2692 -4802.75 939.25 -312.75 -4650.5 913.75 1150.75 -2171.5 913.75 -4268 -4941 474.25 2470.5 -4941 474.25 2470.5 -4778.75 456.75 2697.5 -4821 939.25 -310 -4671.75 920.5 1146 -4671.75 920.5 1146 -2173.5 906 -4281.75 -2173.5 906 -4281.75 -4935.75 474.25 2468.5 -4935.75 474.25 2468.5 -4805.5 456.75 2697.5 -4814.25 939.25 -293 -4667.25 913.75 1150.75 -2172 906 -4276.5 -4933.75 474.25 2463.25 -4933.75 474.25 2463.25 -4811 456.75 2710.75 -4821 939.25 -276 -4677.25 920.5 1159 -4677.25 920.5 1159 -2178.5 906 -4284.25 -4941 468 2444.5 -4941 468 2444.5 -4805.5 456.75 2724.25 -4802.75 939.25 -273.25 -4670.5 913.75 1159 -2183.75 906 -4282.75 -4927.5 468 2450 -4792.25 456.75 2729.75 -4791.25 939.25 -258.75 -4671.75 920.5 1172 -4671.75 920.5 1172 -2186.25 906 -4277.75 -4954.25 468 2450 -4778.75 456.75 2724.25 -4780 939.25 -273.25 -4667.25 913.75 1167.25 -2184.75 906 -4272.5 -4959.75 468 2463.25 -4773.25 456.75 2710.75 -4761.75 939.25 -276 -4658.75 920.5 1177.25 -4658.75 920.5 1177.25 -2179.75 906 -4270 -4954.25 468 2476.5 -4457.25 563.25 1969.25 -4768.5 939.25 -293 -4658.75 913.75 1170.75 -2174.5 906 -4271.5 -4941 468 2482 -4475.25 563.25 1966.5 -4778.5 920.5 -306 -4778.5 920.5 -306 -4646 920.5 1172 -4646 920.5 1172 -2173.5 850.25 -4281.75 -2173.5 850.25 -4281.75 -2173.5 850.25 -4281.75 -2173.5 850.25 -4281.75 -4927.5 468 2476.5 -4486.75 545.25 1986.25 -4791.25 920.5 -311.25 -4791.25 920.5 -311.25 -4791.25 920.5 -311.25 -4650.5 913.75 1167.25 -2172 850.25 -4276.5 -2172 850.25 -4276.5 -4922 468 2463.25 -4486.75 563.25 1952 -4791.25 913.75 -304.75 -4791.25 913.75 -304.75 -4640.5 920.5 1159 -4640.5 920.5 1159 -2178.5 850.25 -4284.25 -2178.5 850.25 -4284.25 -4941 456.75 2444.5 -4941 456.75 2444.5 -4498.25 563.25 1966.5 -4783 913.75 -301.25 -4647 913.75 1159 -2183.75 850.25 -4282.75 -2183.75 850.25 -4282.75 -4927.5 456.75 2450 -4516.25 563.25 1969.25 -4804.25 920.5 -306 -4804.25 920.5 -306 -4658.75 906 1151.75 -4658.75 906 1151.75 -2186.25 850.25 -4277.75 -2186.25 850.25 -4277.75 -4954.25 456.75 2450 -4509.5 563.25 1986.25 -4799.75 913.75 -301.25 -4653.75 906 1153.75 -2184.75 850.25 -4272.5 -2184.75 850.25 -4272.5 -4959.75 456.75 2463.25 -4516.25 563.25 2003.25 -4809.5 920.5 -293 -4809.5 920.5 -293 -4664 906 1153.75 -2179.75 850.25 -4270 -2179.75 850.25 -4270 -4954.25 456.75 2476.5 -4498.25 563.25 2006 -4803 913.75 -293 -4666 906 1159 -2174.5 850.25 -4271.5 -2174.5 850.25 -4271.5 -4941 456.75 2482 -4486.75 563.25 2020.25 -4804.25 920.5 -280 -4804.25 920.5 -280 -4664 906 1164 -2164.5 844 -4289.25 -2164.5 844 -4289.25 -4927.5 456.75 2476.5 -4475.25 563.25 2006 -4799.75 913.75 -284.75 -4658.75 906 1166.25 -2160.25 844 -4275.25 -4922 456.75 2463.25 -4457.25 563.25 2003.25 -4791.25 920.5 -274.75 -4791.25 920.5 -274.75 -4653.75 906 1164 -2177.25 844 -4296 -5014.25 563.25 2199.5 -4464 563.25 1986.25 -4791.25 913.75 -281.25 -4651.75 906 1159 -2191 844 -4291.75 -5032.5 563.25 2196.75 -4473.75 544.5 1973.25 -4473.75 544.5 1973.25 -4778.5 920.5 -280 -4778.5 920.5 -280 -4658.75 850.25 1151.75 -4658.75 850.25 1151.75 -4658.75 850.25 1151.75 -4658.75 850.25 1151.75 -2197.75 844 -4279 -5043.75 545.25 2216.5 -4486.75 544.5 1968 -4486.75 544.5 1968 -4486.75 544.5 1968 -4783 913.75 -284.75 -4653.75 850.25 1153.75 -4653.75 850.25 1153.75 -2193.5 844 -4265.25 -5043.75 563.25 2182.5 -4486.75 537.75 1974.5 -4486.75 537.75 1974.5 -4773 920.5 -293 -4773 920.5 -293 -4664 850.25 1153.75 -4664 850.25 1153.75 -2181 844 -4258.5 -5055.25 563.25 2196.75 -4478.5 537.75 1978 -4779.5 913.75 -293 -4666 850.25 1159 -4666 850.25 1159 -2167.25 844 -4262.75 -5073.5 563.25 2199.5 -4499.75 544.5 1973.25 -4499.75 544.5 1973.25 -4791.25 906 -300.25 -4791.25 906 -300.25 -4664 850.25 1164 -4664 850.25 1164 -2164.5 832.75 -4289.25 -2164.5 832.75 -4289.25 -5066.75 563.25 2216.5 -4495 537.75 1978 -4786.25 906 -298 -4658.75 850.25 1166.25 -4658.75 850.25 1166.25 -2160.25 832.75 -4275.25 -5073.5 563.25 2233.5 -4505 544.5 1986.25 -4505 544.5 1986.25 -4796.5 906 -298 -4653.75 850.25 1164 -4653.75 850.25 1164 -2177.25 832.75 -4296 -5055.25 563.25 2236.25 -4498.5 537.75 1986.25 -4798.5 906 -293 -4651.75 850.25 1159 -4651.75 850.25 1159 -2191 832.75 -4291.75 -5043.75 563.25 2250.75 -4499.75 544.5 1999.25 -4499.75 544.5 1999.25 -4796.5 906 -287.75 -4658.75 844 1140.25 -4658.75 844 1140.25 -2197.75 832.75 -4279 -5032.5 563.25 2236.25 -4495 537.75 1994.5 -4791.25 906 -285.75 -4645.5 844 1145.75 -2193.5 832.75 -4265.25 -5014.25 563.25 2233.5 -4486.75 544.5 2004.5 -4486.75 544.5 2004.5 -4786.25 906 -287.75 -4672.25 844 1145.75 -2181 832.75 -4258.5 -5021 563.25 2216.5 -4486.75 537.75 1998 -4784 906 -293 -4677.75 844 1159 -2167.25 832.75 -4262.75 -5031 544.5 2203.5 -5031 544.5 2203.5 -4473.75 544.5 1999.25 -4473.75 544.5 1999.25 -4791.25 850.25 -300.25 -4791.25 850.25 -300.25 -4791.25 850.25 -300.25 -4791.25 850.25 -300.25 -4672.25 844 1172.25 -1767.25 939.25 -4436.25 -5043.75 544.5 2198.25 -5043.75 544.5 2198.25 -5043.75 544.5 2198.25 -4478.5 537.75 1994.5 -4786.25 850.25 -298 -4786.25 850.25 -298 -4658.75 844 1177.75 -1775.25 939.25 -4452.5 -5043.75 537.75 2204.75 -5043.75 537.75 2204.75 -4468.5 544.5 1986.25 -4468.5 544.5 1986.25 -4796.5 850.25 -298 -4796.5 850.25 -298 -4645.5 844 1172.25 -1798 921.25 -4450.75 -5035.5 537.75 2208.25 -4475 537.75 1986.25 -4798.5 850.25 -293 -4798.5 850.25 -293 -4640 844 1159 -1770 939.25 -4470.25 -5056.75 544.5 2203.5 -5056.75 544.5 2203.5 -4486.75 530 1979 -4486.75 530 1979 -4796.5 850.25 -287.75 -4796.5 850.25 -287.75 -4658.75 832.75 1140.25 -4658.75 832.75 1140.25 -1788.25 939.25 -4471.5 -5052.25 537.75 2208.25 -4481.5 530 1981 -4791.25 850.25 -285.75 -4791.25 850.25 -285.75 -4645.5 832.75 1145.75 -1800.75 939.25 -4484.75 -5062 544.5 2216.5 -5062 544.5 2216.5 -4491.75 530 1981 -4786.25 850.25 -287.75 -4786.25 850.25 -287.75 -4672.25 832.75 1145.75 -1811 939.25 -4469.75 -5055.5 537.75 2216.5 -4494 530 1986.25 -4784 850.25 -293 -4784 850.25 -293 -4677.75 832.75 1159 -1828.75 939.25 -4465.5 -5056.75 544.5 2229.5 -5056.75 544.5 2229.5 -4491.75 530 1991.25 -4791.25 844 -311.75 -4791.25 844 -311.75 -4672.25 832.75 1172.25 -1820.75 939.25 -4449 -5052.25 537.75 2224.75 -4486.75 530 1993.5 -4778 844 -306.25 -4658.75 832.75 1177.75 -1826.25 939.25 -4431.5 -5043.75 544.5 2234.75 -5043.75 544.5 2234.75 -4481.5 530 1991.25 -4804.5 844 -306.25 -4645.5 832.75 1172.25 -1807.75 939.25 -4430.25 -5043.75 537.75 2228.25 -4479.5 530 1986.25 -4810.25 844 -293 -4640 832.75 1159 -1795.25 939.25 -4416.75 -5031 544.5 2229.5 -5031 544.5 2229.5 -4486.75 474.25 1979 -4486.75 474.25 1979 -4486.75 474.25 1979 -4486.75 474.25 1979 -4804.5 844 -279.75 -3178 939.25 -3564.25 -1785 939.25 -4432 -5035.5 537.75 2224.75 -4481.5 474.25 1981 -4481.5 474.25 1981 -4791.25 844 -274.25 -3191 939.25 -3576.75 -1780 920.5 -4447.5 -1780 920.5 -4447.5 -5025.5 544.5 2216.5 -5025.5 544.5 2216.5 -4491.75 474.25 1981 -4491.75 474.25 1981 -4778 844 -279.75 -3212 921.25 -3567.5 -1783 920.5 -4461.25 -1783 920.5 -4461.25 -1783 920.5 -4461.25 -5032 537.75 2216.5 -4494 474.25 1986.25 -4494 474.25 1986.25 -4772.5 844 -293 -3192 939.25 -3595.25 -1788.25 913.75 -4457.5 -1788.25 913.75 -4457.5 -5043.75 530 2209.25 -5043.75 530 2209.25 -4491.75 474.25 1991.25 -4491.75 474.25 1991.25 -4791.25 832.75 -311.75 -4791.25 832.75 -311.75 -3209.75 939.25 -3590 -1786.5 913.75 -4448.75 -5038.75 530 2211.5 -4486.75 474.25 1993.5 -4486.75 474.25 1993.5 -4778 832.75 -306.25 -3226 939.25 -3598.5 -1794.75 920.5 -4468.75 -1794.75 920.5 -4468.75 -5049 530 2211.5 -4481.5 474.25 1991.25 -4481.5 474.25 1991.25 -4804.5 832.75 -306.25 -3230.5 939.25 -3580.75 -1795.75 913.75 -4462.5 -5051 530 2216.5 -4479.5 474.25 1986.25 -4479.5 474.25 1986.25 -4810.25 832.75 -293 -3245.75 939.25 -3570.75 -1808.25 920.5 -4466 -1808.25 920.5 -4466 -5049 530 2221.5 -4486.75 468 1967.5 -4486.75 468 1967.5 -4804.5 832.75 -279.75 -3232.75 939.25 -3558 -1804.75 913.75 -4460.5 -5043.75 530 2223.75 -4473.5 468 1973 -4791.25 832.75 -274.25 -3231.75 939.25 -3539.5 -1816 920.5 -4454.25 -1816 920.5 -4454.25 -5038.75 530 2221.5 -4500 468 1973 -4778 832.75 -279.75 -3214 939.25 -3544.75 -1809.5 913.75 -4453 -5036.5 530 2216.5 -4505.5 468 1986.25 -4772.5 832.75 -293 -3197.75 939.25 -3536.25 -1813 920.5 -4440.5 -1813 920.5 -4440.5 -5043.75 474.25 2209.25 -5043.75 474.25 2209.25 -5043.75 474.25 2209.25 -5043.75 474.25 2209.25 -4500 468 1999.5 -4784.75 939.25 67 -3193.25 939.25 -3554.25 -1807.75 913.75 -4444.25 -5038.75 474.25 2211.5 -5038.75 474.25 2211.5 -4486.75 468 2005 -4803 939.25 64.25 -3193.75 920.5 -3570.5 -3193.75 920.5 -3570.5 -1801.25 920.5 -4432.75 -1801.25 920.5 -4432.75 -5049 474.25 2211.5 -5049 474.25 2211.5 -4473.5 468 1999.5 -4814.5 921.25 84 -3201.25 920.5 -3582.25 -3201.25 920.5 -3582.25 -3201.25 920.5 -3582.25 -1800.25 913.75 -4439.25 -5051 474.25 2216.5 -5051 474.25 2216.5 -4468 468 1986.25 -4814.5 939.25 49.75 -3205 913.75 -3577 -3205 913.75 -3577 -1787.75 920.5 -4435.75 -1787.75 920.5 -4435.75 -5049 474.25 2221.5 -5049 474.25 2221.5 -4486.75 456.75 1967.5 -4486.75 456.75 1967.5 -4825.75 939.25 64.25 -3200.25 913.75 -3569.25 -1791.25 913.75 -4441.25 -5043.75 474.25 2223.75 -5043.75 474.25 2223.75 -4473.5 456.75 1973 -4844 939.25 67 -3215 920.5 -3585.5 -3215 920.5 -3585.5 -1792 906 -4455 -1792 906 -4455 -5038.75 474.25 2221.5 -5038.75 474.25 2221.5 -4500 456.75 1973 -4837.25 939.25 84 -3213.75 913.75 -3579 -1791 906 -4449.5 -5036.5 474.25 2216.5 -5036.5 474.25 2216.5 -4505.5 456.75 1986.25 -4844 939.25 101 -3226.75 920.5 -3578 -3226.75 920.5 -3578 -1796.75 906 -4458 -5043.75 468 2197.75 -5043.75 468 2197.75 -4500 456.75 1999.5 -4825.75 939.25 103.75 -3221.5 913.75 -3574.25 -1802 906 -4456.75 -5030.5 468 2203.25 -4486.75 456.75 2005 -4814.5 939.25 118 -3230 920.5 -3564.5 -3230 920.5 -3564.5 -1805 906 -4452.25 -5057 468 2203.25 -4473.5 456.75 1999.5 -4803 939.25 103.75 -3223.5 913.75 -3565.5 -1804 906 -4446.75 -5062.75 468 2216.5 -4468 456.75 1986.25 -4784.75 939.25 101 -3222.5 920.5 -3552.5 -3222.5 920.5 -3552.5 -1799.25 906 -4443.75 -5057 468 2229.75 -4756.25 563.25 2090.25 -4791.5 939.25 84 -3218.75 913.75 -3557.75 -1794 906 -4444.75 -5043.75 468 2235.25 -4774.25 563.25 2087.5 -4801.5 920.5 71 -4801.5 920.5 71 -3208.75 920.5 -3549.25 -3208.75 920.5 -3549.25 -1792 850.25 -4455 -1792 850.25 -4455 -1792 850.25 -4455 -1792 850.25 -4455 -5030.5 468 2229.75 -4785.75 545.25 2107.25 -4814.5 920.5 65.75 -4814.5 920.5 65.75 -4814.5 920.5 65.75 -3210 913.75 -3555.75 -1791 850.25 -4449.5 -1791 850.25 -4449.5 -5025 468 2216.5 -4785.75 563.25 2073.25 -4814.5 913.75 72.25 -4814.5 913.75 72.25 -3197 920.5 -3556.75 -3197 920.5 -3556.75 -1796.75 850.25 -4458 -1796.75 850.25 -4458 -5043.75 456.75 2197.75 -5043.75 456.75 2197.75 -4797 563.25 2087.5 -4806 913.75 75.75 -3202.25 913.75 -3560.5 -1802 850.25 -4456.75 -1802 850.25 -4456.75 -5030.5 456.75 2203.25 -4815.25 563.25 2090.25 -4827.25 920.5 71 -4827.25 920.5 71 -3207.75 906 -3573.25 -3207.75 906 -3573.25 -1805 850.25 -4452.25 -1805 850.25 -4452.25 -5057 456.75 2203.25 -4808.5 563.25 2107.25 -4822.75 913.75 75.75 -3204.75 906 -3568.5 -1804 850.25 -4446.75 -1804 850.25 -4446.75 -5062.75 456.75 2216.5 -4815.25 563.25 2124.5 -4832.75 920.5 84 -4832.75 920.5 84 -3213 906 -3574.5 -1799.25 850.25 -4443.75 -1799.25 850.25 -4443.75 -5057 456.75 2229.75 -4797 563.25 2127.25 -4826.25 913.75 84 -3217.75 906 -3571.5 -1794 850.25 -4444.75 -1794 850.25 -4444.75</float_array>
                    <technique_common>
                        <accessor count="1848" source="#ID232" stride="3">
                            <param name="X" type="float"/>
                            <param name="Y" type="float"/>
                            <param name="Z" type="float"/>
                        </accessor>
                    </technique_common>
                </source>
                <source id="ID233">
                    <float_array id="ID234" count="3291">0.616307 -0.787504 0.00161899 0.40308 -0.884053 -0.236593 -0.00213567 -0.999997 0.000645783 0.3991 -0.88475 0.240699 0.306576 -0.785585 0.537464 -0.00482147 -0.885188 0.465208 -0.310686 -0.783941 0.537505 -0.401523 -0.884767 0.236572 -0.620481 -0.784219 0.0016845 -0.405465 -0.884059 -0.232461 -0.312131 -0.783934 -0.536676 -0.00479434 -0.883778 -0.467882 0.30809 -0.785591 -0.536588 0.388766 -0.161223 -0.907121 0.694471 -0.264929 -0.668971 0.323895 -0.541928 -0.775504 0.574997 -0.603621 -0.552286 0.288893 -0.661498 -0.69207 0.584697 -0.684885 -0.434812 0.964842 -0.262829 0.000906628 0.799701 -0.600397 0.00147506 0.720581 -0.687344 0.09122 0.674592 -0.267607 0.687977 0.553774 -0.605623 0.57145 0.434256 -0.685556 0.584324 -0.0159235 -0.262225 0.964875 -0.0101885 -0.600378 0.799651 -0.0970652 -0.687636 0.719538 -0.678682 -0.265765 0.68466 -0.565844 -0.603674 0.561604 -0.579689 -0.684533 0.442012 -0.963914 -0.265438 -0.0203181 -0.797431 -0.603231 -0.0146917 -0.717487 -0.688826 -0.103588 -0.679215 -0.263075 -0.685171 -0.560271 -0.601648 -0.569311 -0.44267 -0.683848 -0.579996 -0.381721 -0.327797 -0.864198 -0.313585 -0.600847 -0.735287 -0.296732 -0.662401 -0.687878 0 1 -0 -0.289505 0.876914 -0.383679 -0.47165 0.879223 -0.0671852 -0.570555 0.527904 -0.629114 -0.849352 0.526352 -0.0394269 -0.379894 0.878118 0.290841 -0.628091 0.529332 0.570359 -0.0684347 0.879684 0.47061 -0.0417676 0.529344 0.847378 0.288935 0.879711 0.377657 0.573997 0.526114 0.62748 0.475138 0.877437 0.065948 0.846869 0.530302 0.0399019 0.381081 0.878672 -0.287599 0.624033 0.525039 -0.57872 0.196321 0.863028 -0.465446 0.362554 0.325088 -0.873426 -0.410365 0 -0.911922 -0.79022 0 -0.612823 -0.990712 0 0.135978 -0.593984 0 0.804477 0.120861 0 0.992669 0.803842 0 0.594843 0.990536 0 -0.13725 0.613423 0 -0.789755 0.393919 -0 -0.919145 -0.296424 0.65047 -0.699301 -0.383378 0 -0.923592 -0.797001 0 -0.603978 -0.991176 0 0.132554 -0.605592 0 0.795776 0.137059 0 0.990563 0.793143 0 0.609036 0.989399 0 -0.145219 0.600033 0 -0.799976 0.383378 -0 -0.923592 -0.210085 0.859016 -0.466857 0.616308 -0.787505 -0 0.402678 -0.885278 -0.232667 -0.00266734 -0.999996 -0.000767607 0.402678 -0.885278 0.232667 0.309961 -0.785596 0.535502 -0.314622 -0.783919 0.535242 -0.405465 -0.884059 0.232461 -0.620482 -0.784221 -0 0.307493 -0.785589 -0.536934 0.57191 -0.607249 -0.551514 0.281201 -0.667431 -0.689537 0.578777 -0.692175 -0.431174 0.799451 -0.600705 0.0056753 0.718526 -0.689005 0.0948347 0.674184 -0.262044 0.690514 0.558228 -0.603061 0.569823 0.435773 -0.692611 0.574797 -0.0112573 -0.257846 0.966121 -0.0121057 -0.602558 0.797983 -0.102147 -0.691888 0.714742 -0.682266 -0.260475 0.68313 -0.570124 -0.600901 0.560247 -0.573998 -0.691243 0.438988 -0.964458 -0.2636 -0.0183051 -0.79615 -0.604975 -0.012277 -0.716448 -0.690253 -0.101256 -0.559305 -0.605315 -0.566367 -0.436357 -0.691976 -0.575118 -0.307965 -0.606844 -0.732733 -0.284358 -0.665007 -0.690584 -0.849451 0.52634 -0.0374056 -0.381306 0.876174 0.294831 -0.626794 0.525667 0.575155 -0.0695836 0.875318 0.478514 -0.0431033 0.52523 0.849868 0.288015 0.878168 0.381927 0.572323 0.52727 0.62804 0.47349 0.878495 0.063673 0.847157 0.529811 0.0403224 0.379982 0.880541 -0.283304 0.626471 0.528354 -0.57304 0.193913 0.86433 -0.464038 0.356762 0.325408 -0.875689 -0.990563 0 0.137059 -0.603978 0 0.797001 0.132554 0 0.991176 0.795776 0 0.605592 0.990563 0 -0.137059 0.600347 0 -0.79974 0.377297 -0 -0.926092 0.620482 -0.784221 -0 0.405465 -0.884059 -0.232461 0.00266734 -0.999996 -0.000767601 0.405465 -0.884059 0.232461 0.314622 -0.783919 0.535242 0.00482147 -0.885188 0.465208 -0.309961 -0.785596 0.535502 -0.402678 -0.885278 0.232667 -0.616308 -0.787505 -0 -0.402678 -0.885278 -0.232667 -0.307493 -0.785589 -0.536934 0.00479434 -0.883778 -0.467882 0.312131 -0.783934 -0.536676 0.405066 -0.160176 -0.900147 0.685171 -0.263075 -0.679215 0.33437 -0.540923 -0.77175 0.566175 -0.605303 -0.559512 0.287316 -0.667103 -0.68733 0.573998 -0.691243 -0.438988 0.963751 -0.266483 0.013043 0.79615 -0.604975 0.012277 0.716448 -0.690253 0.101256 0.679215 -0.263075 0.685171 0.559305 -0.605315 0.566367 0.436357 -0.691976 0.575118 -0.00404239 -0.266074 0.963944 -0.00848446 -0.605893 0.795501 -0.0961609 -0.691658 0.715795 -0.694471 -0.264929 0.668971 -0.57191 -0.607249 0.551514 -0.578777 -0.692175 0.431174 -0.964708 -0.263163 -0.00916256 -0.79844 -0.602023 -0.00786344 -0.718526 -0.689005 -0.0948347 -0.68466 -0.265765 -0.678682 -0.560635 -0.607328 -0.562887 -0.435773 -0.692611 -0.574797 -0.368236 -0.327434 -0.870166 -0.300964 -0.607161 -0.735375 -0.27932 -0.666033 -0.69165 -0.294831 0.876174 -0.381306 -0.473276 0.878168 -0.0695051 -0.571516 0.525689 -0.630096 -0.846483 0.53066 -0.0432142 -0.381081 0.878672 0.287599 -0.624033 0.525039 0.57872 -0.0619999 0.877955 0.474711 -0.0357415 0.52677 0.849256 0.289505 0.876914 0.383679 0.570555 0.527904 0.629114 0.471746 0.87941 0.0639866 0.849256 0.52677 0.0357415 0.383679 0.876914 -0.289505 0.629114 0.527904 -0.570555 0.199224 0.864808 -0.460888 -0.393919 0 -0.919145 -0.804477 0 -0.593984 -0.991228 0 0.132164 -0.613423 0 0.789755 0.15375 0 0.98811 0.79022 0 0.612823 0.988936 0 -0.14834 0.612823 0 -0.79022 0.410365 -0 -0.911922 -0.29326 0.650333 -0.700761 -0.790281 0 -0.612744 -0.989699 0 0.143164 -0.600033 0 0.799976 0.797001 0 0.603978 0.603978 0 -0.797001 -0.200493 0.860784 -0.467817 -0.573277 -0.695436 0.433269 -0.794634 -0.607061 -0.00576886 -0.708174 -0.699691 -0.0944562 -0.557036 -0.609951 -0.563622 -0.432637 -0.692382 -0.577436 -0.290841 0.878118 -0.379894 -0.470701 0.879851 -0.0656015 -0.570359 0.529332 -0.628091 -0.847157 0.529811 -0.0403224 -0.379982 0.880541 0.283304 -0.626471 0.528354 0.57304 -0.0603504 0.878644 0.473649 -0.0325293 0.52643 0.849596 -0.289577 0.651068 -0.701609 -0.377297 0 -0.926092 -0.795776 0 -0.605592 -0.600347 0 0.79974 0.139068 0 0.990283 0.620481 -0.784219 -0.0016845 0.401523 -0.884767 -0.236572 0.0026672 -0.999996 -0.000651823 0.312131 -0.783934 0.536676 0.00479434 -0.883778 0.467882 -0.307493 -0.785589 0.536934 -0.616307 -0.787504 -0.00167444 -0.398743 -0.885964 -0.236796 -0.306027 -0.785582 -0.537781 0.00482147 -0.885188 -0.465208 0.310686 -0.783941 -0.537505 0.36645 -0.162568 -0.916125 0.692882 -0.266665 -0.669928 0.309176 -0.543184 -0.780616 0.567825 -0.606973 -0.556021 0.280111 -0.66192 -0.695269 0.579689 -0.684533 -0.442012 0.962862 -0.269725 0.0120215 0.792916 -0.609273 0.00834402 0.717487 -0.688826 0.103588 0.686788 -0.269667 0.674983 0.560271 -0.601648 0.569311 0.44267 -0.683848 0.579996 -0.00542491 -0.603258 0.797527 -0.0974705 -0.688559 0.7186 -0.568562 -0.605521 0.556849 -0.578849 -0.683964 0.44399 -0.962771 -0.2703 0.00308028 -0.79295 -0.609286 0.000647918 -0.7186 -0.688559 -0.0974705 -0.670262 -0.271944 -0.690504 -0.54824 -0.604137 -0.578318 -0.43115 -0.685246 -0.586982 -0.336837 -0.326445 -0.883162 -0.289587 -0.601736 -0.744348 -0.288015 0.878168 -0.381927 -0.47349 0.878495 -0.063673 -0.572323 0.52727 -0.62804 0.294861 0.877317 0.378645 0.572883 0.528994 0.626076 0.47061 0.879684 0.0684347 0.847378 0.529344 0.0417676 0.379673 0.87956 -0.286746 0.626794 0.525667 -0.575155 0.192252 0.860495 -0.471792 -0.355995 0 -0.934488 -0.803842 0 -0.594843 -0.990536 0 0.13725 0.807762 0 0.589509 0.992669 0 -0.120861 0.604039 0 -0.796955 0.371391 -0 -0.928477 -0.282548 0.650456 -0.705035 -0.178973 0.864438 -0.469803 0.616307 -0.787504 0.00167444 -0.00266019 -0.999996 -0.000604677 0.40177 -0.885973 0.231586 0.305955 -0.78842 0.533653 -0.00478086 -0.885188 0.465208 -0.310582 -0.78678 0.5334 -0.404552 -0.884759 0.231384 0.350767 -0.170762 -0.920762 0.684785 -0.271561 -0.676258 0.310735 -0.550324 -0.774976 0.579218 -0.688164 -0.436964 0.795902 -0.605425 -0.000622905 0.710307 -0.697998 0.0908981 0.550152 -0.608201 0.57221 0.433274 -0.68856 0.581515 -0.00809839 -0.60542 0.795865 -0.0967837 -0.698298 0.709234 -0.692882 -0.266665 0.669928 -0.568589 -0.609548 0.55241 -0.582404 -0.684247 0.438875 -0.962862 -0.269725 -0.0120215 -0.792916 -0.609273 -0.00834402 -0.671589 -0.270609 -0.689738 -0.554535 -0.604915 -0.571462 -0.355965 -0.332773 -0.873242 -0.311799 -0.606875 -0.731084 -0.2864 0.880791 -0.377071 -0.47061 0.879684 -0.0684347 -0.572883 0.528994 -0.626076 -0.847273 0.52935 -0.0437878 -0.378245 0.881469 0.282743 -0.0437878 0.52935 0.847273 0.284865 0.88164 0.376248 0.572764 0.529769 0.625529 0.472496 0.879141 0.0621219 0.847513 0.529476 0.0371154 0.37507 0.880953 -0.288521 0.623507 0.529423 -0.575283 0.184076 0.864787 -0.467183 0.356433 0.327932 -0.874881 -0.371391 0 -0.928477 -0.8 0 -0.6 -0.992669 0 0.120861 -0.604039 0 0.796955 0.590786 0 -0.806829 0.355995 -0 -0.934488 -0.28741 0.6551 -0.698741 0.798523 0 0.601964 0.990283 0 -0.139068 -0.184616 0.867696 -0.461541 0.405921 -0.884058 -0.231668 -2.60429e-008 -1 0.000765166 0.405921 -0.884058 0.231668 0.30809 -0.785591 0.536588 0 -0.883788 0.467888 -0.30809 -0.785591 0.536588 -0.405921 -0.884058 0.231668 -0.405921 -0.884058 -0.231668 -0.310558 -0.785597 -0.535155 0 -0.885198 -0.465214 0.310558 -0.785597 -0.535155 0.351209 -0.163431 -0.921923 0.69405 -0.25665 -0.672625 0.319937 -0.534516 -0.782261 0.574177 -0.60017 -0.556882 0.284203 -0.669447 -0.686345 0.56921 -0.699102 -0.432732 0.966599 -0.256121 0.00934019 0.796751 -0.60423 0.0097054 0.713762 -0.69322 0.0999469 0.68313 -0.260475 0.682266 0.559305 -0.604474 0.567264 0.432732 -0.699102 0.56921 -0.0183051 -0.2636 0.964458 -0.0153013 -0.607554 0.794131 -0.0999469 -0.69322 0.713762 -0.685171 -0.263075 0.679215 -0.563303 -0.608855 0.558556 -0.56921 -0.699102 0.432732 -0.963944 -0.266074 -0.00404239 -0.795244 -0.606152 -0.0129316 -0.713762 -0.69322 -0.0999469 -0.668527 -0.259361 -0.696996 -0.556046 -0.60455 -0.570379 -0.432732 -0.699102 -0.56921 -0.357909 -0.318008 -0.877936 -0.305664 -0.609305 -0.731653 -0.286556 0.877006 -0.385676 -0.474711 0.877955 -0.0619999 -0.572616 0.525821 -0.628986 -0.849256 0.52677 -0.0357415 -0.383679 0.876914 0.289505 -0.629114 0.527904 0.570555 -0.0671852 0.879223 0.47165 -0.0374056 0.52634 0.849451 0.294831 0.876174 0.381306 0.575155 0.525667 0.626794 0.478514 0.875318 0.0695836 0.849979 0.525212 0.0410744 0.383353 0.876183 -0.292137 0.626723 0.523548 -0.577162 0.189407 0.858695 -0.476201 -0.789755 0 -0.613423 -0.98811 0 0.15375 -0.612823 0 0.79022 0.135978 0 0.990712 0.804477 0 0.593984 0.594843 0 -0.803842 -0.289055 0.650024 -0.702792 -0.187614 0.863023 -0.469034 -0.00211944 -0.999998 -0.000614917 0.402172 -0.884768 0.235464 0.306549 -0.78842 0.533312 0.687389 -0.265962 -0.675841 0.316805 -0.547541 -0.774489 0.573427 -0.60098 -0.55678 0.291787 -0.663711 -0.688729 0.575118 -0.691976 -0.436357 0.966014 -0.258462 -0.00387559 0.798082 -0.60254 0.00309072 0.715795 -0.691658 0.0961609 0.673103 -0.262373 0.691442 0.556898 -0.604909 0.569166 0.440227 -0.691375 0.572888 -0.0101093 -0.268043 0.963354 -0.00594557 -0.610986 0.791619 -0.101256 -0.690253 0.716448 -0.681277 -0.270068 0.680385 -0.569919 -0.605905 0.555041 -0.577436 -0.692382 0.432637 -0.795364 -0.605874 -0.0176988 -0.714742 -0.691888 -0.102147 -0.663881 -0.263892 -0.69973 -0.553765 -0.608572 -0.568317 -0.438988 -0.691243 -0.573998 -0.309416 -0.609428 -0.729972 -0.291514 -0.663514 -0.689034 -0.281047 0.880349 -0.382097 0.577592 0.526074 0.624206 0.480459 0.874738 0.0631803 0.850098 0.525364 0.0364041 0.380706 0.877474 -0.291722 0.626008 0.526939 -0.574847 0.186351 0.863578 -0.468515 0.362219 0.327617 -0.872619 -0.782081 0 -0.623177 0.79974 0 0.600347 0.682266 -0.260475 -0.68313 0.323938 -0.536524 -0.779234 0.567264 -0.604474 -0.559305 0.964458 -0.2636 0.0183051 0.794131 -0.607554 0.0153013 0.558556 -0.608855 0.563303 -0.013043 -0.266483 0.963751 -0.0639866 0.87941 0.471746 0.47165 0.879223 0.0671852 0.849451 0.52634 0.0374056 0.381306 0.876174 -0.294831 0.14834 0 0.988936 0.990712 0 -0.135978 0.593984 0 -0.804477 0.401949 -0.884768 -0.235845 -1.9537e-008 -1 -0.000672202 -0.620481 -0.784219 -0.0016845 -0.401949 -0.884768 -0.235845 -0.306576 -0.785585 -0.537464 0.306576 -0.785585 -0.537464 0.678682 -0.265765 -0.68466 0.307933 -0.548398 -0.777455 0.563622 -0.609951 -0.557036 0.279863 -0.672692 -0.684954 0.577436 -0.692382 -0.432637 0.963914 -0.265438 0.0203181 0.795364 -0.605874 0.0176988 0.714742 -0.691888 0.102147 0.663881 -0.263892 0.69973 0.553765 -0.608572 0.568317 0.438988 -0.691243 0.573998 -0.00516383 -0.270651 0.962664 -0.674983 -0.269667 0.686788 -0.566367 -0.605315 0.559305 -0.575118 -0.691976 0.436357 -0.795501 -0.605893 -0.00848446 -0.715795 -0.691658 -0.0961609 -0.668971 -0.264929 -0.694471 -0.551514 -0.607249 -0.57191 -0.433269 -0.695436 -0.573277 -0.349521 -0.326894 -0.878052 -0.296706 -0.608053 -0.736368 -0.28661 -0.677442 -0.677442 -0.283304 0.880541 -0.379982 -0.473649 0.878644 -0.0603504 -0.57304 0.528354 -0.626471 -0.849596 0.52643 -0.0325293 -0.378645 0.877317 0.294861 -0.626076 0.528994 0.572883 -0.0656015 0.879851 0.470701 -0.0403224 0.529811 0.847157 0.281047 0.880349 0.382097 0.849352 0.526352 0.0394269 0.379894 0.878118 -0.290841 0.628091 0.529332 -0.570359 0.189172 0.865276 -0.464232 -0.589509 0 0.807762 0.132164 0 0.991228 0.782081 0 0.623177 -0.79974 0 -0.600347 -0.990283 0 0.139068 0.991176 0 -0.132554 0.605592 0 -0.795776 0.963944 -0.266074 0.00404239 0.797252 -0.603565 0.00990792 0.668527 -0.259361 0.696996 0.55678 -0.60098 0.573427 0.00387559 -0.258462 0.966014 -0.00309072 -0.60254 0.798082 -0.691442 -0.262373 0.673103 -0.575651 -0.602937 0.552352 -0.965352 -0.260571 -0.0140825 -0.473178 0.877992 -0.0723361 -0.846726 0.530154 -0.0446359 -0.378754 0.87781 0.29325 -0.621756 0.522732 0.583241 -0.0647607 0.87406 0.481482 -0.0396137 0.525696 0.84975 0.286556 0.877006 0.385676 0.572616 0.525821 0.628986 0.474711 0.877955 0.0619999 -0.594843 0 0.803842 0.13725 0 0.990536 0.789755 0 0.613423 0.98811 0 -0.15375 -0.00266735 -0.999996 0.000767594 0.307493 -0.785589 0.536934 -0.00479434 -0.883778 0.467882 -0.312131 -0.783934 0.536676 -0.314622 -0.783919 -0.535242 -0.00482147 -0.885188 -0.465208 0.309961 -0.785596 -0.535502 0.691442 -0.262373 -0.673103 0.313834 -0.537354 -0.782789 0.575651 -0.602937 -0.552352 0.573277 -0.695436 -0.433269 0.965352 -0.260571 0.0140825 0.794634 -0.607061 0.00576886 0.708174 -0.699691 0.0944562 0.68466 -0.265765 0.678682 0.557036 -0.609951 0.563622 0.432637 -0.692382 0.577436 -0.0203181 -0.265438 0.963914 -0.0176988 -0.605874 0.795364 -0.69973 -0.263892 0.663881 -0.568317 -0.608572 0.553765 -0.792691 -0.609612 -0.00381395 -0.675841 -0.265962 -0.687389 -0.55678 -0.60098 -0.573427 -0.291722 0.877474 -0.380706 -0.574847 0.526939 -0.626008 -0.382097 0.880349 0.281047 -0.0394269 0.526352 0.849352 0.290841 0.878118 0.379894 0.570359 0.529332 0.628091 0.377657 0.879711 -0.288935 0.624206 0.526074 -0.577592 0.18709 0.859958 -0.474836 -0.806829 0 -0.590786 -0.623177 0 0.782081 0.00155717 -0.999999 0.000768176 0.314622 -0.783919 -0.535242 -0.0129316 -0.606152 0.795244 -0.696996 -0.259361 0.668527 -0.570379 -0.60455 0.556046 -0.966014 -0.258462 0.00387559 -0.797852 -0.602806 -0.00753803 -0.672625 -0.25665 -0.69405 -0.556882 -0.60017 -0.574177 -0.348457 -0.314052 -0.883147 -0.292137 0.876183 -0.383353 -0.481482 0.87406 -0.0647607 -0.577161 0.523548 -0.626723 -0.84975 0.525696 -0.0396137 -0.385676 0.877006 0.286556 -0.628986 0.525821 0.572616 -0.286266 0.64972 -0.704213 -0.00155721 -0.999999 0.000768137 0.696996 -0.259361 -0.668527 0.329938 -0.539086 -0.774937 0.570379 -0.60455 -0.556046 0.965923 -0.258794 0.00437108 -0.963751 -0.266483 -0.013043 -0.794131 -0.607554 -0.0153013 -0.558556 -0.608855 -0.563303 -0.471746 0.87941 -0.0639866 0.47861 0.87549 0.0667077 0.84975 0.525696 0.0396137 0.385676 0.877006 -0.286556 0.628986 0.525821 -0.572616 -0.988936 0 0.14834 0.991228 0 -0.132164 0.00266734 -0.999996 0.000767607 -0.309961 -0.785596 -0.535502 0.696379 -0.261465 -0.66835 0.572052 -0.604306 -0.55459 0.963354 -0.268043 0.0101093 0.791619 -0.610986 0.00594557 -0.964842 -0.262829 -0.000906628 -0.795653 -0.605742 -0.00357972 -0.674184 -0.262044 -0.690514 -0.554617 -0.605694 -0.570556 -0.345057 -0.31756 -0.883228 0.502901 -0.786972 0.357443 0.464332 -0.884663 0.0420485 -0.00140323 -0.999997 -0.00189688 0.187766 -0.885719 0.424553 -0.0606204 -0.785365 0.616058 -0.268276 -0.88528 0.379878 -0.564421 -0.78516 0.254858 -0.466599 -0.883251 -0.0464031 -0.505228 -0.784293 -0.360041 -0.189298 -0.883866 -0.427723 0.0602838 -0.782381 -0.619876 0.265053 -0.884918 -0.382971 0.560836 -0.786776 -0.257774 0.833573 -0.167298 -0.526467 0.952215 -0.267756 -0.146947 0.712639 -0.545263 -0.441399 0.785076 -0.607507 -0.120791 0.631559 -0.667168 -0.394995 0.719532 -0.694153 -0.0206284 0.779823 -0.267606 0.565917 0.640363 -0.607624 0.469818 0.525469 -0.690861 0.496581 0.146947 -0.267756 0.952215 0.120791 -0.607507 0.785076 0.0206284 -0.694153 0.719532 -0.565917 -0.267606 0.779823 -0.469818 -0.607624 0.640363 -0.499918 -0.688954 0.524808 -0.952215 -0.267756 0.146947 -0.785781 -0.606678 0.120372 -0.720778 -0.692908 0.0188969 -0.779823 -0.267606 -0.565917 -0.639529 -0.608249 -0.470144 -0.524815 -0.690789 -0.497372 -0.146947 -0.267756 -0.952215 -0.120791 -0.607507 -0.785076 -0.0206284 -0.694153 -0.719532 0.216101 -0.328831 -0.919331 0.178764 -0.607729 -0.773762 0.17228 -0.662615 -0.728876 -0.0128836 0.87999 -0.474818 -0.34648 0.879446 -0.326384 -0.102867 0.529169 -0.842258 -0.669094 0.528106 -0.522893 -0.474818 0.87999 0.0128836 -0.842258 0.52917 0.102867 -0.326384 0.879446 0.34648 -0.522893 0.528106 0.669094 0.0128836 0.87999 0.474818 0.102867 0.529169 0.842258 0.34648 0.879446 0.326384 0.669094 0.528106 0.522893 0.474818 0.87999 -0.0128836 0.842258 0.52917 -0.102867 0.423759 0.865261 -0.267865 0.798657 0.326872 -0.505273 0.231621 0 -0.972806 -0.299558 0 -0.954078 -0.884378 0 -0.466772 -0.954078 0 0.299558 -0.466772 0 0.884378 0.299558 0 0.954078 0.884378 0 0.466772 0.954078 0 -0.299558 0.845489 -0 -0.533993 0.17218 0.653616 -0.73698 0.22613 0 -0.974097 -0.30172 0 -0.953396 -0.8863 0 -0.463112 -0.953396 0 0.30172 -0.463112 0 0.8863 0.30172 0 0.953396 0.8863 0 0.463112 0.953396 0 -0.30172 0.845079 -0 -0.534642 0.115973 0.86562 -0.487085 0.470054 -0.786021 0.401522 0.458723 -0.884229 0.0878249 0.000394555 -1 0.000334215 0.156766 -0.885137 0.438129 -0.111027 -0.786166 0.607961 -0.303907 -0.885034 0.352641 -0.584891 -0.784492 0.206092 -0.458927 -0.88423 -0.0867326 -0.471325 -0.783506 -0.404933 -0.156835 -0.884665 -0.439056 0.113403 -0.786171 -0.607516 0.304097 -0.885033 -0.352478 0.584846 -0.785571 -0.202075 0.882197 -0.164807 -0.441098 0.962494 -0.264765 -0.0591934 0.749427 -0.545848 -0.374713 0.795097 -0.604478 -0.0492536 0.666667 -0.666667 -0.333333 0.720815 -0.691811 0.0427023 0.724621 -0.259804 0.6383 0.602908 -0.603653 0.521637 0.484621 -0.692443 0.534476 0.0638367 -0.260617 0.963329 0.0576305 -0.605931 0.793427 -0.0387721 -0.692074 0.720784 -0.6383 -0.259804 0.724621 -0.521637 -0.603653 0.602908 -0.534476 -0.692443 0.484621 -0.963329 -0.260617 0.0638367 -0.792758 -0.606567 0.0600946 -0.721261 -0.691762 -0.0353201 -0.724753 -0.26488 -0.63606 -0.59746 -0.609327 -0.521308 -0.477373 -0.693423 -0.539703 -0.0591934 -0.264765 -0.962494 -0.051719 -0.605128 -0.794447 0.0392538 -0.691509 -0.7213 0.294151 -0.32491 -0.898838 0.238065 -0.608407 -0.757077 0.223687 -0.667162 -0.710535 0.0313652 0.877541 -0.478474 -0.31666 0.877774 -0.359499 -0.0262861 0.526799 -0.849583 -0.620226 0.526127 -0.581816 -0.478474 0.877541 -0.0313652 -0.849583 0.526799 0.0262861 -0.359499 0.877774 0.31666 -0.581816 0.526127 0.620226 -0.0313652 0.877541 0.478474 0.0262861 0.526799 0.849583 0.31666 0.877774 0.359499 0.620226 0.526127 0.581816 0.478474 0.877541 0.0313652 0.849583 0.526799 -0.0262861 0.45041 0.863373 -0.227415 0.842398 0.325473 -0.429458 0.316228 0 -0.948683 -0.206652 0 -0.978414 -0.837969 0 -0.545718 -0.978414 0 0.206652 -0.545718 0 0.837969 0.206652 0 0.978414 0.837969 0 0.545718 0.978414 0 -0.206652 0.894427 -0 -0.447214 0.237168 0.650716 -0.721332 0.311039 0 -0.950397 -0.213583 0 -0.976925 -0.84133 0 -0.540522 -0.976925 0 0.213583 -0.540522 0 0.84133 0.213583 0 0.976925 0.84133 0 0.540522 0.976925 0 -0.213583 0.890906 -0 -0.454187 0.159801 0.862924 -0.479402 0.432365 -0.784943 0.443763 0.449635 -0.883965 0.128196 0.000227321 -0.999999 0.00121738 0.118586 -0.884223 0.451759 -0.161883 -0.785791 0.596931 -0.329745 -0.885454 0.327476 -0.596898 -0.787257 0.154722 -0.448647 -0.884945 -0.12485 -0.437128 -0.784943 -0.439072 -0.1209 -0.884582 -0.450442 0.162739 -0.784929 -0.597831 0.332651 -0.884458 -0.327227 0.601527 -0.784068 -0.15298 0.899215 -0.166352 -0.404647 0.963888 -0.266261 0.00505055 0.772428 -0.543673 -0.32829 0.795457 -0.605839 0.0143769 0.688711 -0.668432 -0.280848 0.717176 -0.68853 0.107635 0.66113 -0.267099 0.701117 0.5459 -0.6035 0.581189 0.429824 -0.68511 0.588112 -0.0370971 -0.263024 0.964076 -0.0235183 -0.60172 0.798361 -0.105306 -0.689961 0.716145 -0.574863 -0.606729 0.54901 -0.575257 -0.696198 0.429403 -0.794742 -0.606757 -0.0152108 -0.703269 -0.703603 -0.101763 -0.68313 -0.260475 -0.682266 -0.555796 -0.607076 -0.567935 -0.429696 -0.698827 -0.571841 0.0183051 -0.2636 -0.964458 0.0153013 -0.607554 -0.794131 0.105306 -0.689961 -0.716145 0.382102 -0.325399 -0.864936 0.310315 -0.606423 -0.73209 0.291325 -0.664063 -0.688585 0.0671852 0.879223 -0.47165 0.0374056 0.52634 -0.849451 -0.846236 0.530631 -0.0481259 -0.0743466 0.878771 0.471417 -0.0460646 0.525251 0.8497 0.282401 0.877696 0.387169 0.563836 0.525931 0.636777 0.476195 0.876968 0.0645399 0.848675 0.527021 0.0447073 0.467845 0.86074 -0.200619 0.875327 0.326541 -0.356615 -0.135978 0 -0.990712 0.107831 0 0.994169 0.786624 0 0.617432 0.911922 -0 -0.410365 0.295332 0.653342 -0.697082 -0.137059 0 -0.990563 -0.991225 0 0.132184 0.125959 0 0.992036 0.787203 0 0.616693 0.991817 0 -0.127669 0.926092 -0 -0.377297 0.204 0.867682 -0.453334 0.392295 -0.786456 0.477066 0.437421 -0.884779 0.160712 -0.00211315 -0.999996 -0.00165865 0.0742265 -0.884891 0.459846 -0.218725 -0.786719 0.577263 -0.361863 -0.885375 0.291834 -0.610993 -0.78502 0.102137 -0.438368 -0.884293 -0.160808 -0.397164 -0.783909 -0.477228 -0.0803264 -0.88373 -0.461053 0.212609 -0.783618 -0.58373 0.356968 -0.884291 -0.301003 0.610649 -0.785017 -0.10419 0.948676 -0.162931 -0.27105 0.959908 -0.262972 0.0970712 0.809577 -0.53952 -0.231308 0.793701 -0.603042 0.0798702 0.717539 -0.663865 -0.210764 0.707643 -0.687898 0.161363 0.60788 -0.268425 0.747282 0.499137 -0.60585 0.619523 0.378821 -0.688096 0.618885 -0.0970712 -0.262972 0.959908 -0.0873282 -0.601144 0.794355 -0.16577 -0.691951 0.702656 -0.750383 -0.263719 0.606117 -0.623768 -0.603318 0.496912 -0.615629 -0.692963 0.375238 -0.960399 -0.261682 -0.0956864 -0.79322 -0.602916 -0.0854015 -0.700717 -0.693532 -0.167361 -0.606117 -0.263719 -0.750383 -0.500385 -0.606617 -0.617762 -0.38346 -0.691885 -0.611762 0.0914531 -0.269049 -0.958775 0.0748454 -0.613553 -0.786099 0.168622 -0.690622 -0.703284 0.427517 -0.337972 -0.838453 0.375935 -0.607845 -0.699427 0.362927 -0.659143 -0.658646 0.108472 0.880417 -0.461628 -0.251853 0.880087 -0.402513 0.119737 0.530323 -0.839297 -0.514065 0.527076 -0.676704 -0.469251 0.876167 -0.110161 -0.841967 0.526194 -0.119208 -0.408774 0.876339 0.254821 -0.679548 0.524251 0.513201 -0.112239 0.875334 0.47031 -0.123158 0.526621 0.841132 0.254821 0.876339 0.408774 0.509435 0.524267 0.682363 0.464801 0.877988 0.114447 0.836587 0.53155 0.13258 0.47805 0.866963 -0.140868 0.904292 0.32695 -0.274517 0.447214 0 -0.894427 -0.0362599 0 -0.999342 -0.743521 0 -0.668712 -0.999342 0 0.0362599 -0.668712 0 0.743521 0.0362599 0 0.999342 0.743521 0 0.668712 0.999342 0 -0.0362599 0.961524 -0 -0.274721 0.34955 0.655209 -0.669714 0.467888 0 -0.883788 -0.0438728 0 -0.999037 -0.737118 0 -0.675764 -0.999037 0 0.0438728 -0.679948 0 0.73326 0.0413389 0 0.999145 0.72601 0 0.687684 0.999451 0 -0.0331301 0.956881 -0 -0.290482 0.225043 0.864164 -0.450085 0.353341 -0.785092 0.508705 0.423785 -0.883771 0.19838 -4.36889e-005 -0.999999 -0.00107042 0.0348306 -0.884414 0.465402 -0.267903 -0.783562 0.560588 -0.384372 -0.884834 0.263299 -0.617702 -0.785108 0.0452772 -0.422806 -0.884372 -0.19779 -0.349544 -0.787786 -0.507162 -0.0355947 -0.884416 -0.465341 0.263951 -0.786546 -0.558279 0.383348 -0.884474 -0.265989 0.6171 -0.785098 -0.0530008 0.970996 -0.161241 -0.176545 0.946079 -0.262951 0.189184 0.826551 -0.539635 -0.160021 0.78139 -0.605489 0.151041 0.7325 -0.663329 -0.153098 0.68396 -0.693968 0.224961 0.534888 -0.262072 0.803252 0.444595 -0.604083 0.661376 0.327398 -0.693067 0.642238 -0.182233 -0.261088 0.947958 -0.151854 -0.609087 0.77843 -0.230873 -0.693294 0.682673 -0.806197 -0.267034 0.527957 -0.668791 -0.603227 0.434552 -0.649111 -0.689405 0.321521 -0.943463 -0.263389 -0.201254 -0.779352 -0.607369 -0.153989 -0.68396 -0.693968 -0.224961 -0.546995 -0.266172 -0.793693 -0.448369 -0.609126 -0.654164 -0.324104 -0.68952 -0.647702 0.168574 -0.268399 -0.948444 0.15472 -0.603975 -0.781841 0.233545 -0.682629 -0.69244 0.510431 -0.329662 -0.794218 0.440256 -0.598418 -0.66938 0.402558 -0.663475 -0.630674 0.14488 0.876051 -0.45994 -0.215869 0.876507 -0.430275 0.189203 0.525582 -0.829437 -0.446735 0.528671 -0.721759 -0.448236 0.880229 -0.155826 -0.826681 0.528151 -0.194048 -0.425661 0.879664 0.212141 -0.722637 0.526365 0.448037 -0.154455 0.878308 0.452458 -0.20059 0.529395 0.824321 0.210792 0.880534 0.424531 0.450805 0.529335 0.718735 0.451703 0.879246 0.151296 0.827997 0.527689 0.189644 0.491201 0.86559 -0.0973431 0.924581 0.325419 -0.198124 0.533993 0 -0.845489 0.025341 0 -0.999679 -0.673218 0 -0.739444 -0.997535 0 -0.0701638 -0.739126 0 0.673568 -0.0567622 0 0.998388 0.675456 0 0.7374 0.998044 0 0.062518 0.98387 -0 -0.178885 0.410583 0.650143 -0.639325 0.542525 0 -0.840039 0.0466057 0 -0.998913 -0.674646 0 -0.738141 -0.999026 0 -0.0441211 -0.744154 0 0.668008 -0.0510883 0 0.998694 0.679413 0 0.733756 0.99915 0 0.0412347 0.977802 -0 -0.209529 0.271816 0.860751 -0.430376 0.305033 -0.783944 0.540727 0.401523 -0.884767 0.236572 1.20089e-006 -0.999999 0.00146125 -0.00544392 -0.883791 0.467849 -0.314631 -0.782732 0.536971 -0.405266 -0.884585 0.230799 -0.620437 -0.784238 -0.00533976 -0.401754 -0.885471 -0.233528 -0.30351 -0.786813 -0.537407 0.0054419 -0.885202 -0.465176 0.313077 -0.785595 -0.533688 0.405499 -0.885275 -0.227726 0.620471 -0.784207 0.00597655 0.977183 -0.165402 -0.133252 0.928433 -0.262648 0.262732 0.834378 -0.542034 -0.100061 0.76417 -0.606496 0.219559 0.734755 -0.672661 -0.0875316 0.657462 -0.698405 0.282798 0.456303 -0.265217 0.849381 0.37766 -0.608717 0.697737 0.264032 -0.685087 0.678928 -0.272175 -0.267213 0.924401 -0.222335 -0.605871 0.763863 -0.284952 -0.69137 0.663935 -0.838138 -0.268402 0.474852 -0.697088 -0.606504 0.382389 -0.670574 -0.694905 0.259689 -0.928433 -0.262648 -0.262732 -0.766341 -0.600614 -0.228001 -0.662468 -0.691072 -0.289061 -0.454579 -0.258395 -0.852402 -0.384567 -0.603258 -0.698705 -0.270552 -0.693932 -0.667278 0.267738 -0.262498 -0.927044 0.215492 -0.610258 -0.762331 0.289956 -0.688564 -0.664684 0.576115 -0.332056 -0.746881 0.493278 -0.604644 -0.625365 0.467773 -0.659832 -0.588057 0.194384 0.877599 -0.438219 -0.17147 0.879678 -0.443582 0.267501 0.527766 -0.806168 -0.385195 0.526791 -0.757704 -0.442975 0.876832 -0.186918 -0.809654 0.525231 -0.2619 -0.447512 0.875861 0.180553 -0.75766 0.527104 0.384854 -0.193521 0.877939 0.437918 -0.266132 0.527617 0.806718 0.17147 0.879678 0.443582 0.381436 0.526805 0.759594 0.437239 0.879448 0.188131 0.804574 0.530078 0.267726 0.49756 0.865029 -0.0644895 0.937796 0.327528 -0.115168 0.60745 0 -0.794358 0.151274 0 -0.988492 -0.600324 0 -0.799757 -0.992395 0 -0.123096 -0.78792 0 0.615778 -0.151274 0 0.988492 0.600324 0 0.799757 0.992395 0 0.123096 0.99083 -0 -0.135113 0.46621 0.650854 -0.599197 0.616308 0 -0.787505 0.133163 0 -0.991094 -0.608042 0 -0.793905 -0.991025 0 -0.133675 -0.794296 0 0.607531 -0.132245 0 0.991217 0.600497 0 0.799627 0.99065 0 0.136427 0.992543 -0 -0.121891 0.308629 0.861314 -0.403592 0.253792 -0.785157 0.564906 0.376167 -0.88495 0.274522 -0.000325551 -1 0.000746704 -0.0422168 -0.884663 0.464316 -0.358349 -0.78697 0.502258 -0.424505 -0.884458 0.193725 -0.616007 -0.785681 -0.0569278 -0.380495 -0.884132 -0.271171 -0.258002 -0.785164 -0.562985 0.0455292 -0.884665 -0.464 0.362082 -0.784293 -0.503767 0.425477 -0.88387 -0.194276 0.615685 -0.785687 0.0602307 0.984903 -0.16722 -0.0447683 0.89947 -0.268827 0.344507 0.840113 -0.541662 -0.0285017 0.742613 -0.602271 0.29291 0.754207 -0.6562 -0.0239326 0.637298 -0.688304 0.346538 0.393677 -0.267686 0.87941 0.31857 -0.606326 0.728616 0.204686 -0.696985 0.687253 -0.344507 -0.268827 0.89947 -0.285889 -0.611404 0.737871 -0.339107 -0.697185 0.631616 -0.877589 -0.270666 0.3957 -0.722827 -0.612228 0.320466 -0.687253 -0.696985 0.204686 -0.899924 -0.266201 -0.34536 -0.74168 -0.608336 -0.282557 -0.636149 -0.694111 -0.336933 -0.399234 -0.267478 -0.876965 -0.325752 -0.608618 -0.723512 -0.207614 -0.683483 -0.69982 0.34536 -0.266201 -0.899924 0.289548 -0.599109 -0.746479 0.344284 -0.685159 -0.641892 0.645854 -0.323269 -0.691643 0.542923 -0.601357 -0.586177 0.510849 -0.659723 -0.55118 0.226861 0.876692 -0.424199 -0.139033 0.876352 -0.461169 0.331648 0.525679 -0.783372 -0.314229 0.526242 -0.790146 -0.418594 0.87921 -0.227525 -0.777822 0.530369 -0.337198 -0.453636 0.880556 0.137246 -0.788285 0.529738 0.313024 -0.224686 0.881314 0.415694 -0.336699 0.531275 0.777419 0.137155 0.880479 0.453813 0.316346 0.529764 0.78694 0.421287 0.878819 0.224042 0.782967 0.526588 0.33116 0.507444 0.861446 -0.0202921 0.944984 0.32549 -0.0325857 0.683941 0 -0.729537 0.212497 0 -0.977162 -0.536445 0 -0.843935 -0.977162 0 -0.212497 -0.843935 0 0.536445 -0.212497 0 0.977162 0.536445 0 0.843935 0.977162 0 0.212497 0.998969 -0 -0.0454077 0.517641 0.650214 -0.55612 0.680451 0 -0.732794 0.218055 0 -0.975936 -0.529141 0 -0.848534 -0.97508 0 -0.221853 -0.848534 0 0.529141 -0.222261 0 0.974987 0.536375 0 0.84398 0.975845 0 0.218463 0.999406 -0 -0.0344623 0.346247 0.862385 -0.36933</float_array>
                    <technique_common>
                        <accessor count="1097" source="#ID234" stride="3">
                            <param name="X" type="float"/>
                            <param name="Y" type="float"/>
                            <param name="Z" type="float"/>
                        </accessor>
                    </technique_common>
                </source>
                <source id="ID235">
                    <float_array id="ID236" count="162">-2.45117 1.18066 -2.41797 1.09766 -2.56152 1.18066 -2.50684 1.08496 -2.56152 1.01465 -2.61719 1.08496 -2.70508 1.09766 -2.67285 1.18066 -2.61719 1.08398 -2.50684 1.08398 -1.60254 0.675781 -1.68164 0.675781 -1.60254 0.739258 -1.68164 0.739258 -1.60254 0.787109 -1.68164 0.787109 -1.76172 0.675781 -1.76172 0.739258 -1.76172 0.787109 -1.84082 0.675781 -1.84082 0.739258 -1.84082 0.787109 -1.9209 0.675781 -1.9209 0.739258 -1.9209 0.787109 -2 0.675781 -2 0.739258 -2 0.787109 -2.0791 0.675781 -2.0791 0.739258 -2.0791 0.787109 -2.15918 0.675781 -2.15918 0.739258 -2.15918 0.787109 -2.23828 0.675781 -2.23828 0.739258 -2.23828 0.787109 -1.25 0.616211 -1.28711 0.525391 -1.28711 0.707031 -1.37793 0.488281 -1.46875 0.525391 1.86426 0.197266 2.12695 0.197266 1.86426 0.128906 2.12695 0.128906 2.38867 0.197266 2.38867 0.128906 2.65137 0.197266 2.65137 0.128906 2.91309 0.197266 2.91309 0.128906 3.1748 0.197266 3.1748 0.128906 3.4375 0.197266 3.4375 0.128906 3.69922 0.197266 3.69922 0.128906 -2.23828 0.432617 -2.15918 0.432617 -2.0791 0.432617 -2 0.432617 -1.9209 0.432617 -1.84082 0.432617 -1.76172 0.432617 -1.68164 0.432617 -1.60254 0.432617 1.60254 0.128906 1.60254 0.00488281 1.86426 0.00488281 2.12695 0.00488281 2.38867 0.00488281 2.65137 0.00488281 2.91309 0.00488281 3.1748 0.00488281 3.4375 0.00488281 3.69922 0.00488281 1.60254 0.197266 -1.37793 0.744141 -1.46875 0.707031 -1.50586 0.616211</float_array>
                    <technique_common>
                        <accessor count="81" source="#ID236" stride="2">
                            <param name="S" type="float"/>
                            <param name="T" type="float"/>
                        </accessor>
                    </technique_common>
                </source>
                <vertices id="ID237">
                    <input semantic="POSITION" source="#ID231"/>
                </vertices>
                <triangles count="2156" material="Material1">
                    <input offset="0" semantic="VERTEX" source="#ID237"/>
                    <input offset="1" semantic="NORMAL" source="#ID233"/>
                    <input offset="2" semantic="TEXCOORD" source="#ID235" set="0"/>
                    <p>538 2 2 521 1 1 616 0 0 538 2 2 616 0 0 609 3 1 538 2 2 609 3 1 603 4 3 538 2 2 603 4 3 595 5 4 538 2 2 595 5 4 588 6 5 538 2 2 588 6 5 580 7 6 538 2 2 580 7 6 573 8 7 538 2 2 573 8 7 563 9 6 538 2 2 563 9 6 556 10 8 538 2 2 556 10 8 547 11 4 538 2 2 547 11 4 527 12 9 538 2 2 527 12 9 521 1 1 643 15 12 772 14 11 763 13 10 772 14 11 643 15 12 654 16 13 634 17 14 654 16 13 643 15 12 654 16 13 634 17 14 622 18 15 654 16 13 816 19 16 772 14 11 816 19 16 654 16 13 754 20 17 622 18 15 754 20 17 654 16 13 754 20 17 622 18 15 745 21 18 754 20 17 810 22 19 816 19 16 810 22 19 754 20 17 735 23 20 745 21 18 735 23 20 754 20 17 735 23 20 745 21 18 726 24 21 735 23 20 803 25 22 810 22 19 803 25 22 735 23 20 718 26 23 726 24 21 718 26 23 735 23 20 718 26 23 726 24 21 711 27 24 718 26 23 796 28 25 803 25 22 796 28 25 718 26 23 704 29 26 711 27 24 704 29 26 718 26 23 704 29 26 711 27 24 696 30 27 704 29 26 788 31 28 796 28 25 788 31 28 704 29 26 688 32 29 696 30 27 688 32 29 704 29 26 688 32 29 696 30 27 680 33 30 688 32 29 781 34 31 788 31 28 781 34 31 688 32 29 672 35 32 680 33 30 672 35 32 688 32 29 672 35 32 680 33 30 662 36 33 672 35 32 764 37 34 781 34 31 764 37 34 672 35 32 644 38 35 662 36 33 644 38 35 672 35 32 644 38 35 662 36 33 635 39 36 623 40 39 725 40 38 744 40 37 725 40 38 623 40 39 712 40 40 697 40 41 712 40 40 623 40 39 916 43 44 854 42 43 844 41 42 854 42 43 916 43 44 922 44 45 922 44 45 864 45 46 854 42 43 864 45 46 922 44 45 929 46 47 929 46 47 873 47 48 864 45 46 873 47 48 929 46 47 935 48 49 935 48 49 883 49 50 873 47 48 883 49 50 935 48 49 946 50 51 946 50 51 891 51 52 883 49 50 891 51 52 946 50 51 955 52 53 955 52 53 832 53 54 891 51 52 832 53 54 955 52 53 908 54 55 908 54 55 823 55 56 832 53 54 823 55 56 908 54 55 900 56 57 825 57 58 781 34 31 764 37 34 781 34 31 825 57 58 845 58 59 845 58 59 788 31 28 781 34 31 788 31 28 845 58 59 855 59 60 855 59 60 796 28 25 788 31 28 796 28 25 855 59 60 865 60 61 865 60 61 803 25 22 796 28 25 803 25 22 865 60 61 874 61 62 874 61 62 810 22 19 803 25 22 810 22 19 874 61 62 884 62 63 884 62 63 816 19 16 810 22 19 816 19 16 884 62 63 892 63 64 892 63 64 772 14 11 816 19 16 772 14 11 892 63 64 833 64 65 833 64 65 763 13 10 772 14 11 763 13 10 833 64 65 826 65 66 965 67 68 916 43 44 901 66 67 916 43 44 965 67 68 982 68 69 982 68 69 922 44 45 916 43 44 922 44 45 982 68 69 989 69 70 989 69 70 929 46 47 922 44 45 929 46 47 989 69 70 997 70 71 997 70 71 935 48 49 929 46 47 935 48 49 997 70 71 1004 71 72 1004 71 72 946 50 51 935 48 49 946 50 51 1004 71 72 1012 72 73 1012 72 73 955 52 53 946 50 51 955 52 53 1012 72 73 1018 73 74 1018 73 74 908 54 55 955 52 53 908 54 55 1018 73 74 972 74 75 972 74 75 900 56 57 908 54 55 900 56 57 972 74 75 964 75 76 901 66 67 844 41 42 824 76 77 844 41 42 901 66 67 916 43 44 663 40 79 623 40 39 633 40 78 623 40 39 663 40 79 681 40 80 623 40 39 681 40 80 697 40 41 1041 79 2 1025 78 1 1109 77 0 1041 79 2 1109 77 0 1103 80 1 1041 79 2 1103 80 1 1098 81 3 1041 79 2 1098 81 3 1091 5 4 1041 79 2 1091 5 4 1085 82 5 1041 79 2 1085 82 5 1078 83 6 1041 79 2 1078 83 6 1072 84 7 1041 79 2 1072 84 7 1063 9 6 1041 79 2 1063 9 6 1057 10 8 1041 79 2 1057 10 8 1049 11 4 1041 79 2 1049 11 4 1031 85 9 1041 79 2 1031 85 9 1025 78 1 1132 15 12 1237 14 11 1229 13 10 1237 14 11 1132 15 12 1140 86 13 1125 87 14 1140 86 13 1132 15 12 1140 86 13 1125 87 14 1114 88 15 1140 86 13 1274 19 16 1237 14 11 1274 19 16 1140 86 13 1222 89 17 1114 88 15 1222 89 17 1140 86 13 1222 89 17 1114 88 15 1214 90 18 1222 89 17 1269 91 19 1274 19 16 1269 91 19 1222 89 17 1206 92 20 1214 90 18 1206 92 20 1222 89 17 1206 92 20 1214 90 18 1198 93 21 1206 92 20 1263 94 22 1269 91 19 1263 94 22 1206 92 20 1192 95 23 1198 93 21 1192 95 23 1206 92 20 1192 95 23 1198 93 21 1186 96 24 1192 95 23 1257 97 25 1263 94 22 1257 97 25 1192 95 23 1181 98 26 1186 96 24 1181 98 26 1192 95 23 1181 98 26 1186 96 24 1174 99 27 1181 98 26 1250 100 28 1257 97 25 1250 100 28 1181 98 26 1168 101 29 1174 99 27 1168 101 29 1181 98 26 1168 101 29 1174 99 27 1161 102 30 1168 101 29 1244 34 31 1250 100 28 1244 34 31 1168 101 29 1155 103 32 1161 102 30 1155 103 32 1168 101 29 1155 103 32 1161 102 30 1146 104 33 1155 103 32 1230 37 34 1244 34 31 1230 37 34 1155 103 32 1133 105 35 1146 104 33 1133 105 35 1155 103 32 1133 105 35 1146 104 33 1126 106 36 1115 40 39 1197 40 38 1213 40 37 1197 40 38 1115 40 39 1187 40 40 1175 40 41 1187 40 40 1115 40 39 1352 43 44 1304 42 43 1296 41 42 1304 42 43 1352 43 44 1357 107 45 1357 107 45 1312 108 46 1304 42 43 1312 108 46 1357 107 45 1363 109 47 1363 109 47 1319 110 48 1312 108 46 1319 110 48 1363 109 47 1368 111 49 1368 111 49 1327 112 50 1319 110 48 1327 112 50 1368 111 49 1378 113 51 1378 113 51 1333 114 52 1327 112 50 1333 114 52 1378 113 51 1386 115 53 1386 115 53 1288 116 54 1333 114 52 1288 116 54 1386 115 53 1346 117 55 1346 117 55 1280 118 56 1288 116 54 1280 118 56 1346 117 55 1340 119 57 1282 57 58 1244 34 31 1230 37 34 1244 34 31 1282 57 58 1297 58 59 1297 58 59 1250 100 28 1244 34 31 1250 100 28 1297 58 59 1305 59 60 1305 59 60 1257 97 25 1250 100 28 1257 97 25 1305 59 60 1313 60 61 1313 60 61 1263 94 22 1257 97 25 1263 94 22 1313 60 61 1320 61 62 1320 61 62 1269 91 19 1263 94 22 1269 91 19 1320 61 62 1328 62 63 1328 62 63 1274 19 16 1269 91 19 1274 19 16 1328 62 63 1334 63 64 1334 63 64 1237 14 11 1274 19 16 1237 14 11 1334 63 64 1289 64 65 1289 64 65 1229 13 10 1237 14 11 1229 13 10 1289 64 65 1283 65 66 1395 67 68 1352 43 44 1341 66 67 1352 43 44 1395 67 68 1409 68 69 1409 68 69 1357 107 45 1352 43 44 1357 107 45 1409 68 69 1415 120 70 1415 120 70 1363 109 47 1357 107 45 1363 109 47 1415 120 70 1422 121 71 1422 121 71 1368 111 49 1363 109 47 1368 111 49 1422 121 71 1428 122 72 1428 122 72 1378 113 51 1368 111 49 1378 113 51 1428 122 72 1435 123 73 1435 123 73 1386 115 53 1378 113 51 1386 115 53 1435 123 73 1440 124 74 1440 124 74 1346 117 55 1386 115 53 1346 117 55 1440 124 74 1401 125 75 1401 125 75 1340 119 57 1346 117 55 1340 119 57 1401 125 75 1394 126 76 1341 66 67 1296 41 42 1281 76 77 1296 41 42 1341 66 67 1352 43 44 1147 40 79 1115 40 39 1124 40 78 1115 40 39 1147 40 79 1162 40 80 1115 40 39 1162 40 80 1175 40 41 1461 129 2 1446 128 1 1529 127 0 1461 129 2 1529 127 0 1523 130 1 1461 129 2 1523 130 1 1518 131 3 1461 129 2 1518 131 3 1511 132 4 1461 129 2 1511 132 4 1505 133 5 1461 129 2 1505 133 5 1498 134 6 1461 129 2 1498 134 6 1492 135 7 1461 129 2 1492 135 7 1483 136 6 1461 129 2 1483 136 6 1477 137 8 1461 129 2 1477 137 8 1469 138 4 1461 129 2 1469 138 4 1451 139 9 1461 129 2 1451 139 9 1446 128 1 1552 142 12 1657 141 11 1649 140 10 1657 141 11 1552 142 12 1560 143 13 1545 144 14 1560 143 13 1552 142 12 1560 143 13 1545 144 14 1534 145 15 1560 143 13 1694 146 16 1657 141 11 1694 146 16 1560 143 13 1642 147 17 1534 145 15 1642 147 17 1560 143 13 1642 147 17 1534 145 15 1634 148 18 1642 147 17 1689 149 19 1694 146 16 1689 149 19 1642 147 17 1626 150 20 1634 148 18 1626 150 20 1642 147 17 1626 150 20 1634 148 18 1618 151 21 1626 150 20 1683 152 22 1689 149 19 1683 152 22 1626 150 20 1612 153 23 1618 151 21 1612 153 23 1626 150 20 1612 153 23 1618 151 21 1606 154 24 1612 153 23 1677 155 25 1683 152 22 1677 155 25 1612 153 23 1601 156 26 1606 154 24 1601 156 26 1612 153 23 1601 156 26 1606 154 24 1594 157 27 1601 156 26 1670 158 28 1677 155 25 1670 158 28 1601 156 26 1588 159 29 1594 157 27 1588 159 29 1601 156 26 1588 159 29 1594 157 27 1581 160 30 1588 159 29 1664 161 31 1670 158 28 1664 161 31 1588 159 29 1575 162 32 1581 160 30 1575 162 32 1588 159 29 1575 162 32 1581 160 30 1566 163 33 1575 162 32 1650 164 34 1664 161 31 1650 164 34 1575 162 32 1553 165 35 1566 163 33 1553 165 35 1575 162 32 1553 165 35 1566 163 33 1546 166 36 1535 40 39 1617 40 38 1633 40 37 1617 40 38 1535 40 39 1607 40 40 1595 40 41 1607 40 40 1535 40 39 1772 169 44 1724 168 43 1716 167 42 1724 168 43 1772 169 44 1777 170 45 1777 170 45 1732 171 46 1724 168 43 1732 171 46 1777 170 45 1783 172 47 1783 172 47 1739 173 48 1732 171 46 1739 173 48 1783 172 47 1788 174 49 1788 174 49 1747 175 50 1739 173 48 1747 175 50 1788 174 49 1798 176 51 1798 176 51 1753 177 52 1747 175 50 1753 177 52 1798 176 51 1806 178 53 1806 178 53 1708 179 54 1753 177 52 1708 179 54 1806 178 53 1766 180 55 1766 180 55 1700 181 56 1708 179 54 1700 181 56 1766 180 55 1760 56 57 1702 182 58 1664 161 31 1650 164 34 1664 161 31 1702 182 58 1717 183 59 1717 183 59 1670 158 28 1664 161 31 1670 158 28 1717 183 59 1725 184 60 1725 184 60 1677 155 25 1670 158 28 1677 155 25 1725 184 60 1733 185 61 1733 185 61 1683 152 22 1677 155 25 1683 152 22 1733 185 61 1740 186 62 1740 186 62 1689 149 19 1683 152 22 1689 149 19 1740 186 62 1748 187 63 1748 187 63 1694 146 16 1689 149 19 1694 146 16 1748 187 63 1754 188 64 1754 188 64 1657 141 11 1694 146 16 1657 141 11 1754 188 64 1709 189 65 1709 189 65 1649 140 10 1657 141 11 1649 140 10 1709 189 65 1703 190 66 1815 67 68 1772 169 44 1761 191 67 1772 169 44 1815 67 68 1829 192 69 1829 192 69 1777 170 45 1772 169 44 1777 170 45 1829 192 69 1835 193 70 1835 193 70 1783 172 47 1777 170 45 1783 172 47 1835 193 70 1842 194 71 1842 194 71 1788 174 49 1783 172 47 1788 174 49 1842 194 71 0 71 72 0 71 72 1798 176 51 1788 174 49 1798 176 51 0 71 72 7 195 73 7 195 73 1806 178 53 1798 176 51 1806 178 53 7 195 73 12 124 74 12 124 74 1766 180 55 1806 178 53 1766 180 55 12 124 74 1821 196 75 1821 196 75 1760 56 57 1766 180 55 1760 56 57 1821 196 75 1814 75 76 1761 191 67 1716 167 42 1701 197 77 1716 167 42 1761 191 67 1772 169 44 1567 40 79 1535 40 39 1544 40 78 1535 40 39 1567 40 79 1582 40 80 1535 40 39 1582 40 80 1595 40 41 33 129 2 18 128 1 101 127 0 33 129 2 101 127 0 95 130 1 33 129 2 95 130 1 90 131 3 33 129 2 90 131 3 83 132 4 33 129 2 83 132 4 77 133 5 33 129 2 77 133 5 70 134 6 33 129 2 70 134 6 64 135 7 33 129 2 64 135 7 55 136 6 33 129 2 55 136 6 49 137 8 33 129 2 49 137 8 41 138 4 33 129 2 41 138 4 23 139 9 33 129 2 23 139 9 18 128 1 124 142 12 229 141 11 221 140 10 229 141 11 124 142 12 132 143 13 117 144 14 132 143 13 124 142 12 132 143 13 117 144 14 106 145 15 132 143 13 266 146 16 229 141 11 266 146 16 132 143 13 214 147 17 106 145 15 214 147 17 132 143 13 214 147 17 106 145 15 206 148 18 214 147 17 261 149 19 266 146 16 261 149 19 214 147 17 198 150 20 206 148 18 198 150 20 214 147 17 198 150 20 206 148 18 190 151 21 198 150 20 255 152 22 261 149 19 255 152 22 198 150 20 184 153 23 190 151 21 184 153 23 198 150 20 184 153 23 190 151 21 178 154 24 184 153 23 249 155 25 255 152 22 249 155 25 184 153 23 173 156 26 178 154 24 173 156 26 184 153 23 173 156 26 178 154 24 166 198 27 173 156 26 242 158 28 249 155 25 242 158 28 173 156 26 160 199 29 166 198 27 160 199 29 173 156 26 160 199 29 166 198 27 153 200 30 160 199 29 236 161 31 242 158 28 236 161 31 160 199 29 147 201 32 153 200 30 147 201 32 160 199 29 147 201 32 153 200 30 138 202 33 147 201 32 222 164 34 236 161 31 222 164 34 147 201 32 125 165 35 138 202 33 125 165 35 147 201 32 125 165 35 138 202 33 118 166 36 107 40 39 189 40 38 205 40 37 189 40 38 107 40 39 179 40 40 167 40 41 179 40 40 107 40 39 344 205 44 296 204 43 288 203 42 296 204 43 344 205 44 349 206 45 349 206 45 304 207 46 296 204 43 304 207 46 349 206 45 355 208 47 355 208 47 311 209 48 304 207 46 311 209 48 355 208 47 360 210 49 360 210 49 319 175 50 311 209 48 319 175 50 360 210 49 370 176 51 370 176 51 325 177 52 319 175 50 325 177 52 370 176 51 378 178 53 378 178 53 280 179 54 325 177 52 280 179 54 378 178 53 338 180 55 338 180 55 272 181 56 280 179 54 272 181 56 338 180 55 332 56 57 274 182 58 236 161 31 222 164 34 236 161 31 274 182 58 289 183 59 289 183 59 242 158 28 236 161 31 242 158 28 289 183 59 297 184 60 297 184 60 249 155 25 242 158 28 249 155 25 297 184 60 305 185 61 305 185 61 255 152 22 249 155 25 255 152 22 305 185 61 312 186 62 312 186 62 261 149 19 255 152 22 261 149 19 312 186 62 320 187 63 320 187 63 266 146 16 261 149 19 266 146 16 320 187 63 326 188 64 326 188 64 229 141 11 266 146 16 229 141 11 326 188 64 281 189 65 281 189 65 221 140 10 229 141 11 221 140 10 281 189 65 275 190 66 387 212 68 344 205 44 333 211 67 344 205 44 387 212 68 401 213 69 401 213 69 349 206 45 344 205 44 349 206 45 401 213 69 407 120 70 407 120 70 355 208 47 349 206 45 355 208 47 407 120 70 414 214 71 414 214 71 360 210 49 355 208 47 360 210 49 414 214 71 420 215 72 420 215 72 370 176 51 360 210 49 370 176 51 420 215 72 427 195 73 427 195 73 378 178 53 370 176 51 378 178 53 427 195 73 432 124 74 432 124 74 338 180 55 378 178 53 338 180 55 432 124 74 393 196 75 393 196 75 332 56 57 338 180 55 332 56 57 393 196 75 386 75 76 333 211 67 288 203 42 273 197 77 288 203 42 333 211 67 344 205 44 139 40 79 107 40 39 116 40 78 107 40 39 139 40 79 154 40 80 107 40 39 154 40 80 167 40 41 453 218 2 438 217 1 522 216 0 453 218 2 522 216 0 515 130 1 453 218 2 515 130 1 510 219 3 453 218 2 510 219 3 503 220 4 453 218 2 503 220 4 497 221 5 453 218 2 497 221 5 490 134 6 453 218 2 490 134 6 484 222 7 453 218 2 484 222 7 475 223 6 453 218 2 475 223 6 469 224 8 453 218 2 469 224 8 461 225 4 453 218 2 461 225 4 443 226 9 453 218 2 443 226 9 438 217 1 548 229 12 673 228 11 664 227 10 673 228 11 548 229 12 557 230 13 540 231 14 557 230 13 548 229 12 557 230 13 540 231 14 528 232 15 557 230 13 719 233 16 673 228 11 719 233 16 557 230 13 655 234 17 528 232 15 655 234 17 557 230 13 655 234 17 528 232 15 646 235 18 655 234 17 713 236 19 719 233 16 713 236 19 655 234 17 636 237 20 646 235 18 636 237 20 655 234 17 636 237 20 646 235 18 625 238 21 636 237 20 705 152 22 713 236 19 705 152 22 636 237 20 617 239 23 625 238 21 617 239 23 636 237 20 617 239 23 625 238 21 610 240 24 617 239 23 698 155 25 705 152 22 698 155 25 617 239 23 604 241 26 610 240 24 604 241 26 617 239 23 604 241 26 610 240 24 596 242 27 604 241 26 689 243 28 698 155 25 689 243 28 604 241 26 589 244 29 596 242 27 589 244 29 604 241 26 589 244 29 596 242 27 581 245 30 589 244 29 682 246 31 689 243 28 682 246 31 589 244 29 574 247 32 581 245 30 574 247 32 589 244 29 574 247 32 581 245 30 564 248 33 574 247 32 665 249 34 682 246 31 665 249 34 574 247 32 549 250 35 564 248 33 549 250 35 574 247 32 549 250 35 564 248 33 541 166 36 529 40 39 624 40 38 645 40 37 624 40 38 529 40 39 611 40 40 597 40 41 611 40 40 529 40 39 811 253 44 755 252 43 746 251 42 755 252 43 811 253 44 817 206 45 817 206 45 765 207 46 755 252 43 765 207 46 817 206 45 827 208 47 827 208 47 773 209 48 765 207 46 773 209 48 827 208 47 834 210 49 834 210 49 782 254 50 773 209 48 782 254 50 834 210 49 846 255 51 846 255 51 789 256 52 782 254 50 789 256 52 846 255 51 856 257 53 856 257 53 736 258 54 789 256 52 736 258 54 856 257 53 804 259 55 804 259 55 727 260 56 736 258 54 727 260 56 804 259 55 797 56 57 729 261 58 682 246 31 665 249 34 682 246 31 729 261 58 747 262 59 747 262 59 689 243 28 682 246 31 689 243 28 747 262 59 756 263 60 756 263 60 698 155 25 689 243 28 698 155 25 756 263 60 766 185 61 766 185 61 705 152 22 698 155 25 705 152 22 766 185 61 774 186 62 774 186 62 713 236 19 705 152 22 713 236 19 774 186 62 783 264 63 783 264 63 719 233 16 713 236 19 719 233 16 783 264 63 790 265 64 790 265 64 673 228 11 719 233 16 673 228 11 790 265 64 737 266 65 737 266 65 664 227 10 673 228 11 664 227 10 737 266 65 730 267 66 867 212 68 811 253 44 798 268 67 811 253 44 867 212 68 885 213 69 885 213 69 817 206 45 811 253 44 817 206 45 885 213 69 893 120 70 893 120 70 827 208 47 817 206 45 827 208 47 893 120 70 902 214 71 902 214 71 834 210 49 827 208 47 834 210 49 902 214 71 909 215 72 909 215 72 846 255 51 834 210 49 846 255 51 909 215 72 917 195 73 917 195 73 856 257 53 846 255 51 856 257 53 917 195 73 923 124 74 923 124 74 804 259 55 856 257 53 804 259 55 923 124 74 875 196 75 875 196 75 797 56 57 804 259 55 797 56 57 875 196 75 866 75 76 798 268 67 746 251 42 728 269 77 746 251 42 798 268 67 811 253 44 565 40 79 529 40 39 539 40 78 529 40 39 565 40 79 582 40 80 529 40 39 582 40 80 597 40 41 947 271 2 930 78 1 1026 270 0 947 271 2 1026 270 0 1019 272 1 947 271 2 1019 272 1 1013 273 3 947 271 2 1013 273 3 1005 274 4 947 271 2 1005 274 4 998 275 5 947 271 2 998 275 5 990 276 6 947 271 2 990 276 6 983 8 7 947 271 2 983 8 7 973 9 6 947 271 2 973 9 6 966 10 8 947 271 2 966 10 8 956 11 4 947 271 2 956 11 4 936 85 9 947 271 2 936 85 9 930 78 1 1050 279 12 1156 278 11 1148 277 10 1156 278 11 1050 279 12 1058 16 13 1043 17 14 1058 16 13 1050 279 12 1058 16 13 1043 17 14 1032 280 15 1058 16 13 1193 19 16 1156 278 11 1193 19 16 1058 16 13 1141 281 17 1032 280 15 1141 281 17 1058 16 13 1141 281 17 1032 280 15 1135 282 18 1141 281 17 1188 22 19 1193 19 16 1188 22 19 1141 281 17 1127 283 20 1135 282 18 1127 283 20 1141 281 17 1127 283 20 1135 282 18 1117 284 21 1127 283 20 1182 25 22 1188 22 19 1182 25 22 1127 283 20 1110 285 23 1117 284 21 1110 285 23 1127 283 20 1110 285 23 1117 284 21 1104 286 24 1110 285 23 1176 287 25 1182 25 22 1176 287 25 1110 285 23 1099 288 26 1104 286 24 1099 288 26 1110 285 23 1099 288 26 1104 286 24 1092 289 27 1099 288 26 1169 290 28 1176 287 25 1169 290 28 1099 288 26 1086 291 29 1092 289 27 1086 291 29 1099 288 26 1086 291 29 1092 289 27 1079 33 30 1086 291 29 1163 292 31 1169 290 28 1163 292 31 1086 291 29 1073 293 32 1079 33 30 1073 293 32 1086 291 29 1073 293 32 1079 33 30 1064 36 33 1073 293 32 1149 294 34 1163 292 31 1149 294 34 1073 293 32 1051 295 35 1064 36 33 1051 295 35 1073 293 32 1051 295 35 1064 36 33 1044 39 36 1033 40 39 1116 40 38 1134 40 37 1116 40 38 1033 40 39 1105 40 40 1093 40 41 1105 40 40 1033 40 39 1270 298 44 1223 297 43 1215 296 42 1223 297 43 1270 298 44 1275 299 45 1275 299 45 1231 300 46 1223 297 43 1231 300 46 1275 299 45 1284 46 47 1284 46 47 1238 47 48 1231 300 46 1238 47 48 1284 46 47 1290 301 49 1290 301 49 1245 302 50 1238 47 48 1245 302 50 1290 301 49 1298 303 51 1298 303 51 1251 304 52 1245 302 50 1251 304 52 1298 303 51 1306 305 53 1306 305 53 1207 306 54 1251 304 52 1207 306 54 1306 305 53 1264 307 55 1264 307 55 1199 308 56 1207 306 54 1199 308 56 1264 307 55 1258 309 57 1201 310 58 1163 292 31 1149 294 34 1163 292 31 1201 310 58 1216 311 59 1216 311 59 1169 290 28 1163 292 31 1169 290 28 1216 311 59 1224 312 60 1224 312 60 1176 287 25 1169 290 28 1176 287 25 1224 312 60 1232 313 61 1232 313 61 1182 25 22 1176 287 25 1182 25 22 1232 313 61 1239 61 62 1239 61 62 1188 22 19 1182 25 22 1188 22 19 1239 61 62 1246 62 63 1246 62 63 1193 19 16 1188 22 19 1193 19 16 1246 62 63 1252 63 64 1252 63 64 1156 278 11 1193 19 16 1156 278 11 1252 63 64 1208 314 65 1208 314 65 1148 277 10 1156 278 11 1148 277 10 1208 314 65 1202 315 66 1315 67 68 1270 298 44 1259 316 67 1270 298 44 1315 67 68 1329 68 69 1329 68 69 1275 299 45 1270 298 44 1275 299 45 1329 68 69 1335 69 70 1335 69 70 1284 46 47 1275 299 45 1284 46 47 1335 69 70 1342 70 71 1342 70 71 1290 301 49 1284 46 47 1290 301 49 1342 70 71 1347 122 72 1347 122 72 1298 303 51 1290 301 49 1298 303 51 1347 122 72 1353 317 73 1353 317 73 1306 305 53 1298 303 51 1306 305 53 1353 317 73 1358 318 74 1358 318 74 1264 307 55 1306 305 53 1264 307 55 1358 318 74 1321 125 75 1321 125 75 1258 309 57 1264 307 55 1258 309 57 1321 125 75 1314 126 76 1259 316 67 1215 296 42 1200 319 77 1215 296 42 1259 316 67 1270 298 44 1065 40 79 1033 40 39 1042 40 78 1033 40 39 1065 40 79 1080 40 80 1033 40 39 1080 40 80 1093 40 41 1379 321 2 1364 320 1 1447 127 0 1379 321 2 1447 127 0 1441 322 1 1379 321 2 1441 322 1 1436 323 3 1379 321 2 1436 323 3 1429 324 4 1379 321 2 1429 324 4 1423 325 5 1379 321 2 1423 325 5 1416 326 6 1379 321 2 1416 326 6 1410 84 7 1379 321 2 1410 84 7 1402 327 6 1379 321 2 1402 327 6 1396 328 8 1379 321 2 1396 328 8 1387 329 4 1379 321 2 1387 329 4 1369 330 9 1379 321 2 1369 330 9 1364 320 1 1470 333 12 1576 332 11 1568 331 10 1576 332 11 1470 333 12 1478 334 13 1463 335 14 1478 334 13 1470 333 12 1478 334 13 1463 335 14 1452 336 15 1478 334 13 1613 337 16 1576 332 11 1613 337 16 1478 334 13 1561 338 17 1452 336 15 1561 338 17 1478 334 13 1561 338 17 1452 336 15 1555 339 18 1561 338 17 1608 340 19 1613 337 16 1608 340 19 1561 338 17 1547 341 20 1555 339 18 1547 341 20 1561 338 17 1547 341 20 1555 339 18 1537 342 21 1547 341 20 1602 343 22 1608 340 19 1602 343 22 1547 341 20 1530 344 23 1537 342 21 1530 344 23 1547 341 20 1530 344 23 1537 342 21 1524 345 24 1530 344 23 1596 346 25 1602 343 22 1596 346 25 1530 344 23 1519 347 26 1524 345 24 1519 347 26 1530 344 23 1519 347 26 1524 345 24 1512 348 27 1519 347 26 1589 349 28 1596 346 25 1589 349 28 1519 347 26 1506 350 29 1512 348 27 1506 350 29 1519 347 26 1506 350 29 1512 348 27 1499 351 30 1506 350 29 1583 352 31 1589 349 28 1583 352 31 1506 350 29 1493 353 32 1499 351 30 1493 353 32 1506 350 29 1493 353 32 1499 351 30 1484 354 33 1493 353 32 1569 355 34 1583 352 31 1569 355 34 1493 353 32 1471 356 35 1484 354 33 1471 356 35 1493 353 32 1471 356 35 1484 354 33 1464 166 36 1453 40 39 1536 40 38 1554 40 37 1536 40 38 1453 40 39 1525 40 40 1513 40 41 1525 40 40 1453 40 39 1690 359 44 1643 358 43 1635 357 42 1643 358 43 1690 359 44 1695 360 45 1695 360 45 1651 361 46 1643 358 43 1651 361 46 1695 360 45 1704 362 47 1704 362 47 1658 363 48 1651 361 46 1658 363 48 1704 362 47 1710 364 49 1710 364 49 1665 365 50 1658 363 48 1665 365 50 1710 364 49 1718 366 51 1718 366 51 1671 367 52 1665 365 50 1671 367 52 1718 366 51 1726 368 53 1726 368 53 1627 369 54 1671 367 52 1627 369 54 1726 368 53 1684 370 55 1684 370 55 1619 371 56 1627 369 54 1619 371 56 1684 370 55 1678 56 57 1621 310 58 1583 352 31 1569 355 34 1583 352 31 1621 310 58 1636 372 59 1636 372 59 1589 349 28 1583 352 31 1589 349 28 1636 372 59 1644 373 60 1644 373 60 1596 346 25 1589 349 28 1596 346 25 1644 373 60 1652 374 61 1652 374 61 1602 343 22 1596 346 25 1602 343 22 1652 374 61 1659 375 62 1659 375 62 1608 340 19 1602 343 22 1608 340 19 1659 375 62 1666 376 63 1666 376 63 1613 337 16 1608 340 19 1613 337 16 1666 376 63 1672 265 64 1672 265 64 1576 332 11 1613 337 16 1576 332 11 1672 265 64 1628 377 65 1628 377 65 1568 331 10 1576 332 11 1568 331 10 1628 377 65 1622 315 66 1735 67 68 1690 359 44 1679 378 67 1690 359 44 1735 67 68 1749 68 69 1749 68 69 1695 360 45 1690 359 44 1695 360 45 1749 68 69 1755 120 70 1755 120 70 1704 362 47 1695 360 45 1704 362 47 1755 120 70 1762 121 71 1762 121 71 1710 364 49 1704 362 47 1710 364 49 1762 121 71 1767 71 72 1767 71 72 1718 366 51 1710 364 49 1718 366 51 1767 71 72 1773 195 73 1773 195 73 1726 368 53 1718 366 51 1726 368 53 1773 195 73 1778 124 74 1778 124 74 1684 370 55 1726 368 53 1684 370 55 1778 124 74 1741 196 75 1741 196 75 1678 56 57 1684 370 55 1678 56 57 1741 196 75 1734 75 76 1679 378 67 1635 357 42 1620 379 77 1635 357 42 1679 378 67 1690 359 44 1485 40 79 1453 40 39 1462 40 78 1453 40 39 1485 40 79 1500 40 80 1453 40 39 1500 40 80 1513 40 41 1799 380 2 1784 1 1 19 0 0 1799 380 2 19 0 0 13 381 1 1799 380 2 13 381 1 8 382 3 1799 380 2 8 382 3 1 274 4 1799 380 2 1 274 4 1843 275 5 1799 380 2 1843 275 5 1836 276 6 1799 380 2 1836 276 6 1830 8 7 1799 380 2 1830 8 7 1822 9 6 1799 380 2 1822 9 6 1816 10 8 1799 380 2 1816 10 8 1807 11 4 1799 380 2 1807 11 4 1789 12 9 1799 380 2 1789 12 9 1784 1 1 42 384 12 148 383 11 140 277 10 148 383 11 42 384 12 50 385 13 35 386 14 50 385 13 42 384 12 50 385 13 35 386 14 24 387 15 50 385 13 185 388 16 148 383 11 185 388 16 50 385 13 133 389 17 24 387 15 133 389 17 50 385 13 133 389 17 24 387 15 127 390 18 133 389 17 180 391 19 185 388 16 180 391 19 133 389 17 119 392 20 127 390 18 119 392 20 133 389 17 119 392 20 127 390 18 109 393 21 119 392 20 174 394 22 180 391 19 174 394 22 119 392 20 102 395 23 109 393 21 102 395 23 119 392 20 102 395 23 109 393 21 96 396 24 102 395 23 168 397 25 174 394 22 168 397 25 102 395 23 91 398 26 96 396 24 91 398 26 102 395 23 91 398 26 96 396 24 84 399 27 91 398 26 161 31 28 168 397 25 161 31 28 91 398 26 78 400 29 84 399 27 78 400 29 91 398 26 78 400 29 84 399 27 71 401 30 78 400 29 155 402 31 161 31 28 155 402 31 78 400 29 65 403 32 71 401 30 65 403 32 78 400 29 65 403 32 71 401 30 56 404 33 65 403 32 141 294 34 155 402 31 141 294 34 65 403 32 43 405 35 56 404 33 43 405 35 65 403 32 43 405 35 56 404 33 36 406 36 25 40 39 108 40 38 126 40 37 108 40 38 25 40 39 97 40 40 85 40 41 97 40 40 25 40 39 262 43 44 215 42 43 207 407 42 215 42 43 262 43 44 267 44 45 267 44 45 223 45 46 215 42 43 223 45 46 267 44 45 276 46 47 276 46 47 230 47 48 223 45 46 230 47 48 276 46 47 282 48 49 282 48 49 237 49 50 230 47 48 237 49 50 282 48 49 290 408 51 290 408 51 243 409 52 237 49 50 243 409 52 290 408 51 298 410 53 298 410 53 199 411 54 243 409 52 199 411 54 298 410 53 256 412 55 256 412 55 191 413 56 199 411 54 191 413 56 256 412 55 250 414 57 193 310 58 155 402 31 141 294 34 155 402 31 193 310 58 208 415 59 208 415 59 161 31 28 155 402 31 161 31 28 208 415 59 216 59 60 216 59 60 168 397 25 161 31 28 168 397 25 216 59 60 224 60 61 224 60 61 174 394 22 168 397 25 174 394 22 224 60 61 231 61 62 231 61 62 180 391 19 174 394 22 180 391 19 231 61 62 238 62 63 238 62 63 185 388 16 180 391 19 185 388 16 238 62 63 244 63 64 244 63 64 148 383 11 185 388 16 148 383 11 244 63 64 200 314 65 200 314 65 140 277 10 148 383 11 140 277 10 200 314 65 194 315 66 307 67 68 262 43 44 251 316 67 262 43 44 307 67 68 321 68 69 321 68 69 267 44 45 262 43 44 267 44 45 321 68 69 327 69 70 327 69 70 276 46 47 267 44 45 276 46 47 327 69 70 334 70 71 334 70 71 282 48 49 276 46 47 282 48 49 334 70 71 339 71 72 339 71 72 290 408 51 282 48 49 290 408 51 339 71 72 345 416 73 345 416 73 298 410 53 290 408 51 298 410 53 345 416 73 350 318 74 350 318 74 256 412 55 298 410 53 256 412 55 350 318 74 313 196 75 313 196 75 250 414 57 256 412 55 250 414 57 313 196 75 306 75 76 251 316 67 207 407 42 192 319 77 207 407 42 251 316 67 262 43 44 57 40 79 25 40 39 34 40 78 25 40 39 57 40 79 72 40 80 25 40 39 72 40 80 85 40 41 371 321 2 356 320 1 439 127 0 371 321 2 439 127 0 433 322 1 371 321 2 433 322 1 428 323 3 371 321 2 428 323 3 421 324 4 371 321 2 421 324 4 415 325 5 371 321 2 415 325 5 408 326 6 371 321 2 408 326 6 402 84 7 371 321 2 402 84 7 394 327 6 371 321 2 394 327 6 388 328 8 371 321 2 388 328 8 379 329 4 371 321 2 379 329 4 361 330 9 371 321 2 361 330 9 356 320 1 462 418 12 575 417 11 566 227 10 575 417 11 462 418 12 470 419 13 455 335 14 470 419 13 462 418 12 470 419 13 455 335 14 444 336 15 470 419 13 618 420 16 575 417 11 618 420 16 470 419 13 558 421 17 444 336 15 558 421 17 470 419 13 558 421 17 444 336 15 551 339 18 558 421 17 612 149 19 618 420 16 612 149 19 558 421 17 542 422 20 551 339 18 542 422 20 558 421 17 542 422 20 551 339 18 531 342 21 542 422 20 605 423 22 612 149 19 605 423 22 542 422 20 523 344 23 531 342 21 523 344 23 542 422 20 523 344 23 531 342 21 516 345 24 523 344 23 598 346 25 605 423 22 598 346 25 523 344 23 511 347 26 516 345 24 511 347 26 523 344 23 511 347 26 516 345 24 504 348 27 511 347 26 590 349 28 598 346 25 590 349 28 511 347 26 498 350 29 504 348 27 498 350 29 511 347 26 498 350 29 504 348 27 491 351 30 498 350 29 583 352 31 590 349 28 583 352 31 498 350 29 485 353 32 491 351 30 485 353 32 498 350 29 485 353 32 491 351 30 476 354 33 485 353 32 567 355 34 583 352 31 567 355 34 485 353 32 463 356 35 476 354 33 463 356 35 485 353 32 463 356 35 476 354 33 456 166 36 445 40 39 530 40 38 550 40 37 530 40 38 445 40 39 517 40 40 505 40 41 517 40 40 445 40 39 714 359 44 656 358 43 647 357 42 656 358 43 714 359 44 720 360 45 720 360 45 666 361 46 656 358 43 666 361 46 720 360 45 731 362 47 731 362 47 674 424 48 666 361 46 674 424 48 731 362 47 738 174 49 738 174 49 683 175 50 674 424 48 683 175 50 738 174 49 748 176 51 748 176 51 690 425 52 683 175 50 690 425 52 748 176 51 757 426 53 757 426 53 637 427 54 690 425 52 637 427 54 757 426 53 706 259 55 706 259 55 626 260 56 637 427 54 626 260 56 706 259 55 699 56 57 628 310 58 583 352 31 567 355 34 583 352 31 628 310 58 648 372 59 648 372 59 590 349 28 583 352 31 590 349 28 648 372 59 657 373 60 657 373 60 598 346 25 590 349 28 598 346 25 657 373 60 667 374 61 667 374 61 605 423 22 598 346 25 605 423 22 667 374 61 675 428 62 675 428 62 612 149 19 605 423 22 612 149 19 675 428 62 684 187 63 684 187 63 618 420 16 612 149 19 618 420 16 684 187 63 691 429 64 691 429 64 575 417 11 618 420 16 575 417 11 691 429 64 638 430 65 638 430 65 566 227 10 575 417 11 566 227 10 638 430 65 629 267 66 768 67 68 714 359 44 700 378 67 714 359 44 768 67 68 784 68 69 784 68 69 720 360 45 714 359 44 720 360 45 784 68 69 791 120 70 791 120 70 731 362 47 720 360 45 731 362 47 791 120 70 799 121 71 799 121 71 738 174 49 731 362 47 738 174 49 799 121 71 805 71 72 805 71 72 748 176 51 738 174 49 748 176 51 805 71 72 812 195 73 812 195 73 757 426 53 748 176 51 757 426 53 812 195 73 818 124 74 818 124 74 706 259 55 757 426 53 706 259 55 818 124 74 775 196 75 775 196 75 699 56 57 706 259 55 699 56 57 775 196 75 767 75 76 700 378 67 647 357 42 627 379 77 647 357 42 700 378 67 714 359 44 477 40 79 445 40 39 454 40 78 445 40 39 477 40 79 492 40 80 445 40 39 492 40 80 505 40 41 847 432 2 828 431 1 931 216 0 847 432 2 931 216 0 924 322 1 847 432 2 924 322 1 918 323 3 847 432 2 918 323 3 910 324 4 847 432 2 910 324 4 903 325 5 847 432 2 903 325 5 894 326 6 847 432 2 894 326 6 886 433 7 847 432 2 886 433 7 876 434 6 847 432 2 876 434 6 868 435 8 847 432 2 868 435 8 857 329 4 847 432 2 857 329 4 835 436 9 847 432 2 835 436 9 828 431 1 957 438 12 1074 437 11 1066 227 10 1074 437 11 957 438 12 967 439 13 949 440 14 967 439 13 957 438 12 967 439 13 949 440 14 937 441 15 967 439 13 1111 442 16 1074 437 11 1111 442 16 967 439 13 1059 443 17 937 441 15 1059 443 17 967 439 13 1059 443 17 937 441 15 1053 444 18 1059 443 17 1106 445 19 1111 442 16 1106 445 19 1059 443 17 1045 446 20 1053 444 18 1045 446 20 1059 443 17 1045 446 20 1053 444 18 1035 447 21 1045 446 20 1100 448 22 1106 445 19 1100 448 22 1045 446 20 1027 395 23 1035 447 21 1027 395 23 1045 446 20 1027 395 23 1035 447 21 1020 396 24 1027 395 23 1094 449 25 1100 448 22 1094 449 25 1027 395 23 1014 450 26 1020 396 24 1014 450 26 1027 395 23 1014 450 26 1020 396 24 1006 451 27 1014 450 26 1087 349 28 1094 449 25 1087 349 28 1014 450 26 999 452 29 1006 451 27 999 452 29 1014 450 26 999 452 29 1006 451 27 991 453 30 999 452 29 1081 454 31 1087 349 28 1081 454 31 999 452 29 984 455 32 991 453 30 984 455 32 999 452 29 984 455 32 991 453 30 974 456 33 984 455 32 1067 457 34 1081 454 31 1067 457 34 984 455 32 958 458 35 974 456 33 958 458 35 984 455 32 958 458 35 974 456 33 950 459 36 938 40 39 1034 40 38 1052 40 37 1034 40 38 938 40 39 1021 40 40 1007 40 41 1021 40 40 938 40 39 1189 462 44 1142 461 43 1136 460 42 1142 461 43 1189 462 44 1194 463 45 1194 463 45 1150 464 46 1142 461 43 1150 464 46 1194 463 45 1203 465 47 1203 465 47 1157 466 48 1150 464 46 1157 466 48 1203 465 47 1209 467 49 1209 467 49 1164 468 50 1157 466 48 1164 468 50 1209 467 49 1217 176 51 1217 176 51 1170 425 52 1164 468 50 1170 425 52 1217 176 51 1225 469 53 1225 469 53 1128 470 54 1170 425 52 1128 470 54 1225 469 53 1183 471 55 1183 471 55 1118 472 56 1128 470 54 1118 472 56 1183 471 55 1177 414 57 1120 310 58 1081 454 31 1067 457 34 1081 454 31 1120 310 58 1137 372 59 1137 372 59 1087 349 28 1081 454 31 1087 349 28 1137 372 59 1143 373 60 1143 373 60 1094 449 25 1087 349 28 1094 449 25 1143 373 60 1151 473 61 1151 473 61 1100 448 22 1094 449 25 1100 448 22 1151 473 61 1158 474 62 1158 474 62 1106 445 19 1100 448 22 1106 445 19 1158 474 62 1165 475 63 1165 475 63 1111 442 16 1106 445 19 1111 442 16 1165 475 63 1171 429 64 1171 429 64 1074 437 11 1111 442 16 1074 437 11 1171 429 64 1129 430 65 1129 430 65 1066 227 10 1074 437 11 1066 227 10 1129 430 65 1121 267 66 1234 67 68 1189 462 44 1178 316 67 1189 462 44 1234 67 68 1247 476 69 1247 476 69 1194 463 45 1189 462 44 1194 463 45 1247 476 69 1253 477 70 1253 477 70 1203 465 47 1194 463 45 1203 465 47 1253 477 70 1260 121 71 1260 121 71 1209 467 49 1203 465 47 1209 467 49 1260 121 71 1265 71 72 1265 71 72 1217 176 51 1209 467 49 1217 176 51 1265 71 72 1271 195 73 1271 195 73 1225 469 53 1217 176 51 1225 469 53 1271 195 73 1276 478 74 1276 478 74 1183 471 55 1225 469 53 1183 471 55 1276 478 74 1240 479 75 1240 479 75 1177 414 57 1183 471 55 1177 414 57 1240 479 75 1233 75 76 1178 316 67 1136 460 42 1119 319 77 1136 460 42 1178 316 67 1189 462 44 975 40 79 938 40 39 948 40 78 938 40 39 975 40 79 992 40 80 938 40 39 992 40 80 1007 40 41 1299 129 2 1285 128 1 1365 127 0 1299 129 2 1365 127 0 1359 130 1 1299 129 2 1359 130 1 1354 131 3 1299 129 2 1354 131 3 1348 132 4 1299 129 2 1348 132 4 1343 133 5 1299 129 2 1343 133 5 1336 134 6 1299 129 2 1336 134 6 1330 135 7 1299 129 2 1330 135 7 1322 136 6 1299 129 2 1322 136 6 1316 137 8 1299 129 2 1316 137 8 1307 138 4 1299 129 2 1307 138 4 1291 139 9 1299 129 2 1291 139 9 1285 128 1 1388 142 12 1494 141 11 1486 140 10 1494 141 11 1388 142 12 1397 143 13 1381 144 14 1397 143 13 1388 142 12 1397 143 13 1381 144 14 1370 145 15 1397 143 13 1531 480 16 1494 141 11 1531 480 16 1397 143 13 1479 481 17 1370 145 15 1479 481 17 1397 143 13 1479 481 17 1370 145 15 1473 148 18 1479 481 17 1526 482 19 1531 480 16 1526 482 19 1479 481 17 1465 483 20 1473 148 18 1465 483 20 1479 481 17 1465 483 20 1473 148 18 1455 151 21 1465 483 20 1520 484 22 1526 482 19 1520 484 22 1465 483 20 1448 485 23 1455 151 21 1448 485 23 1465 483 20 1448 485 23 1455 151 21 1442 154 24 1448 485 23 1514 486 25 1520 484 22 1514 486 25 1448 485 23 1437 487 26 1442 154 24 1437 487 26 1448 485 23 1437 487 26 1442 154 24 1430 157 27 1437 487 26 1507 488 28 1514 486 25 1507 488 28 1437 487 26 1424 159 29 1430 157 27 1424 159 29 1437 487 26 1424 159 29 1430 157 27 1417 160 30 1424 159 29 1501 161 31 1507 488 28 1501 161 31 1424 159 29 1411 162 32 1417 160 30 1411 162 32 1424 159 29 1411 162 32 1417 160 30 1403 163 33 1411 162 32 1487 164 34 1501 161 31 1487 164 34 1411 162 32 1389 165 35 1403 163 33 1389 165 35 1411 162 32 1389 165 35 1403 163 33 1382 166 36 1371 40 39 1454 40 38 1472 40 37 1454 40 38 1371 40 39 1443 40 40 1431 40 41 1443 40 40 1371 40 39 1609 169 44 1562 489 43 1556 167 42 1562 489 43 1609 169 44 1614 490 45 1614 490 45 1570 491 46 1562 489 43 1570 491 46 1614 490 45 1623 492 47 1623 492 47 1577 493 48 1570 491 46 1577 493 48 1623 492 47 1629 494 49 1629 494 49 1584 495 50 1577 493 48 1584 495 50 1629 494 49 1637 496 51 1637 496 51 1590 497 52 1584 495 50 1590 497 52 1637 496 51 1645 178 53 1645 178 53 1548 179 54 1590 497 52 1548 179 54 1645 178 53 1603 180 55 1603 180 55 1538 181 56 1548 179 54 1538 181 56 1603 180 55 1597 56 57 1540 182 58 1501 161 31 1487 164 34 1501 161 31 1540 182 58 1557 183 59 1557 183 59 1507 488 28 1501 161 31 1507 488 28 1557 183 59 1563 312 60 1563 312 60 1514 486 25 1507 488 28 1514 486 25 1563 312 60 1571 498 61 1571 498 61 1520 484 22 1514 486 25 1520 484 22 1571 498 61 1578 499 62 1578 499 62 1526 482 19 1520 484 22 1526 482 19 1578 499 62 1585 500 63 1585 500 63 1531 480 16 1526 482 19 1531 480 16 1585 500 63 1591 501 64 1591 501 64 1494 141 11 1531 480 16 1494 141 11 1591 501 64 1549 189 65 1549 189 65 1486 140 10 1494 141 11 1486 140 10 1549 189 65 1541 190 66 1654 67 68 1609 169 44 1598 191 67 1609 169 44 1654 67 68 1667 192 69 1667 192 69 1614 490 45 1609 169 44 1614 490 45 1667 192 69 1673 193 70 1673 193 70 1623 492 47 1614 490 45 1623 492 47 1673 193 70 1680 194 71 1680 194 71 1629 494 49 1623 492 47 1629 494 49 1680 194 71 1685 71 72 1685 71 72 1637 496 51 1629 494 49 1637 496 51 1685 71 72 1691 195 73 1691 195 73 1645 178 53 1637 496 51 1645 178 53 1691 195 73 1696 124 74 1696 124 74 1603 180 55 1645 178 53 1603 180 55 1696 124 74 1660 196 75 1660 196 75 1597 56 57 1603 180 55 1597 56 57 1660 196 75 1653 75 76 1598 191 67 1556 167 42 1539 197 77 1556 167 42 1598 191 67 1609 169 44 1404 40 79 1371 40 39 1380 40 78 1371 40 39 1404 40 79 1418 40 80 1371 40 39 1418 40 80 1431 40 41 1719 502 2 1705 78 1 1785 77 0 1719 502 2 1785 77 0 1779 80 1 1719 502 2 1779 80 1 1774 503 3 1719 502 2 1774 503 3 1768 504 4 1719 502 2 1768 504 4 1763 505 5 1719 502 2 1763 505 5 1756 83 6 1719 502 2 1756 83 6 1750 84 7 1719 502 2 1750 84 7 1742 9 6 1719 502 2 1742 9 6 1736 506 8 1719 502 2 1736 506 8 1727 507 4 1719 502 2 1727 507 4 1711 508 9 1719 502 2 1711 508 9 1705 78 1 1808 510 12 66 509 11 58 331 10 66 509 11 1808 510 12 1817 511 13 1801 87 14 1817 511 13 1808 510 12 1817 511 13 1801 87 14 1790 512 15 1817 511 13 103 513 16 66 509 11 103 513 16 1817 511 13 51 514 17 1790 512 15 51 514 17 1817 511 13 51 514 17 1790 512 15 45 515 18 51 514 17 98 516 19 103 513 16 98 516 19 51 514 17 37 517 20 45 515 18 37 517 20 51 514 17 37 517 20 45 515 18 27 518 21 37 517 20 92 519 22 98 516 19 92 519 22 37 517 20 20 520 23 27 518 21 20 520 23 37 517 20 20 520 23 27 518 21 14 96 24 20 520 23 86 521 25 92 519 22 86 521 25 20 520 23 9 522 26 14 96 24 9 522 26 20 520 23 9 522 26 14 96 24 2 99 27 9 522 26 79 243 28 86 521 25 79 243 28 9 522 26 1844 523 29 2 99 27 1844 523 29 9 522 26 1844 523 29 2 99 27 1837 102 30 1844 523 29 73 524 31 79 243 28 73 524 31 1844 523 29 1831 525 32 1837 102 30 1831 525 32 1844 523 29 1831 525 32 1837 102 30 1823 104 33 1831 525 32 59 355 34 73 524 31 59 355 34 1831 525 32 1809 105 35 1823 104 33 1809 105 35 1831 525 32 1809 105 35 1823 104 33 1802 106 36 1791 40 39 26 40 38 44 40 37 26 40 38 1791 40 39 15 40 40 3 40 41 15 40 40 1791 40 39 181 527 44 134 252 43 128 526 42 134 252 43 181 527 44 186 206 45 186 206 45 142 528 46 134 252 43 142 528 46 186 206 45 195 362 47 195 362 47 149 363 48 142 528 46 149 363 48 195 362 47 201 529 49 201 529 49 156 530 50 149 363 48 156 530 50 201 529 49 209 531 51 209 531 51 162 256 52 156 530 50 162 256 52 209 531 51 217 257 53 217 257 53 120 532 54 162 256 52 120 532 54 217 257 53 175 533 55 175 533 55 110 534 56 120 532 54 110 534 56 175 533 55 169 119 57 112 310 58 73 524 31 59 355 34 73 524 31 112 310 58 129 535 59 129 535 59 79 243 28 73 524 31 79 243 28 129 535 59 135 263 60 135 263 60 86 521 25 79 243 28 86 521 25 135 263 60 143 536 61 143 536 61 92 519 22 86 521 25 92 519 22 143 536 61 150 375 62 150 375 62 98 516 19 92 519 22 98 516 19 150 375 62 157 376 63 157 376 63 103 513 16 98 516 19 103 513 16 157 376 63 163 265 64 163 265 64 66 509 11 103 513 16 66 509 11 163 265 64 121 377 65 121 377 65 58 331 10 66 509 11 58 331 10 121 377 65 113 315 66 226 67 68 181 527 44 170 378 67 181 527 44 226 67 68 239 68 69 239 68 69 186 206 45 181 527 44 186 206 45 239 68 69 245 120 70 245 120 70 195 362 47 186 206 45 195 362 47 245 120 70 252 121 71 252 121 71 201 529 49 195 362 47 201 529 49 252 121 71 257 122 72 257 122 72 209 531 51 201 529 49 209 531 51 257 122 72 263 123 73 263 123 73 217 257 53 209 531 51 217 257 53 263 123 73 268 124 74 268 124 74 175 533 55 217 257 53 175 533 55 268 124 74 232 125 75 232 125 75 169 119 57 175 533 55 169 119 57 232 125 75 225 126 76 170 378 67 128 526 42 111 379 77 128 526 42 170 378 67 181 527 44 1824 40 79 1791 40 39 1800 40 78 1791 40 39 1824 40 79 1838 40 80 1791 40 39 1838 40 80 3 40 41 291 537 2 277 128 1 357 127 0 291 537 2 357 127 0 351 130 1 291 537 2 351 130 1 346 219 3 291 537 2 346 219 3 340 220 4 291 537 2 340 220 4 335 325 5 291 537 2 335 325 5 328 326 6 291 537 2 328 326 6 322 84 7 291 537 2 322 84 7 314 327 6 291 537 2 314 327 6 308 328 8 291 537 2 308 328 8 299 225 4 291 537 2 299 225 4 283 538 9 291 537 2 283 538 9 277 128 1 380 418 12 486 417 11 478 227 10 486 417 11 380 418 12 389 419 13 373 335 14 389 419 13 380 418 12 389 419 13 373 335 14 362 336 15 389 419 13 524 420 16 486 417 11 524 420 16 389 419 13 471 421 17 362 336 15 471 421 17 389 419 13 471 421 17 362 336 15 465 339 18 471 421 17 518 149 19 524 420 16 518 149 19 471 421 17 457 422 20 465 339 18 457 422 20 471 421 17 457 422 20 465 339 18 447 342 21 457 422 20 512 152 22 518 149 19 512 152 22 457 422 20 440 539 23 447 342 21 440 539 23 457 422 20 440 539 23 447 342 21 434 345 24 440 539 23 506 540 25 512 152 22 506 540 25 440 539 23 429 541 26 434 345 24 429 541 26 440 539 23 429 541 26 434 345 24 422 348 27 429 541 26 499 542 28 506 540 25 499 542 28 429 541 26 416 543 29 422 348 27 416 543 29 429 541 26 416 543 29 422 348 27 409 351 30 416 543 29 493 544 31 499 542 28 493 544 31 416 543 29 403 545 32 409 351 30 403 545 32 416 543 29 403 545 32 409 351 30 395 354 33 403 545 32 479 546 34 493 544 31 479 546 34 403 545 32 381 356 35 395 354 33 381 356 35 403 545 32 381 356 35 395 354 33 374 166 36 363 40 39 446 40 38 464 40 37 446 40 38 363 40 39 435 40 40 423 40 41 435 40 40 363 40 39 613 549 44 559 548 43 552 547 42 559 548 43 613 549 44 619 550 45 619 550 45 568 551 46 559 548 43 568 551 46 619 550 45 630 552 47 630 552 47 576 173 48 568 551 46 576 173 48 630 552 47 639 174 49 639 174 49 584 175 50 576 173 48 584 175 50 639 174 49 649 176 51 649 176 51 591 425 52 584 175 50 591 425 52 649 176 51 658 426 53 658 426 53 543 427 54 591 425 52 543 427 54 658 426 53 606 259 55 606 259 55 532 260 56 543 427 54 532 260 56 606 259 55 599 56 57 534 261 58 493 544 31 479 546 34 493 544 31 534 261 58 553 262 59 553 262 59 499 542 28 493 544 31 499 542 28 553 262 59 560 263 60 560 263 60 506 540 25 499 542 28 506 540 25 560 263 60 569 185 61 569 185 61 512 152 22 506 540 25 512 152 22 569 185 61 577 186 62 577 186 62 518 149 19 512 152 22 518 149 19 577 186 62 585 187 63 585 187 63 524 420 16 518 149 19 524 420 16 585 187 63 592 429 64 592 429 64 486 417 11 524 420 16 486 417 11 592 429 64 544 430 65 544 430 65 478 227 10 486 417 11 478 227 10 544 430 65 535 267 66 669 67 68 613 549 44 600 553 67 613 549 44 669 67 68 685 68 69 685 68 69 619 550 45 613 549 44 619 550 45 685 68 69 692 120 70 692 120 70 630 552 47 619 550 45 630 552 47 692 120 70 701 121 71 701 121 71 639 174 49 630 552 47 639 174 49 701 121 71 707 71 72 707 71 72 649 176 51 639 174 49 649 176 51 707 71 72 715 195 73 715 195 73 658 426 53 649 176 51 658 426 53 715 195 73 721 124 74 721 124 74 606 259 55 658 426 53 606 259 55 721 124 74 676 196 75 676 196 75 599 56 57 606 259 55 599 56 57 676 196 75 668 75 76 600 553 67 552 547 42 533 269 77 552 547 42 600 553 67 613 549 44 396 40 79 363 40 39 372 40 78 363 40 39 396 40 79 410 40 80 363 40 39 410 40 80 423 40 41 749 554 2 732 320 1 829 127 0 749 554 2 829 127 0 819 322 1 749 554 2 819 322 1 813 323 3 749 554 2 813 323 3 806 504 4 749 554 2 806 504 4 800 505 5 749 554 2 800 505 5 792 83 6 749 554 2 792 83 6 785 84 7 749 554 2 785 84 7 776 9 6 749 554 2 776 9 6 769 506 8 749 554 2 769 506 8 758 507 4 749 554 2 758 507 4 739 330 9 749 554 2 739 330 9 732 320 1 858 556 12 985 555 11 976 13 10 985 555 11 858 556 12 869 557 13 849 335 14 869 557 13 858 556 12 869 557 13 849 335 14 836 336 15 869 557 13 1028 558 16 985 555 11 1028 558 16 869 557 13 968 338 17 836 336 15 968 338 17 869 557 13 968 338 17 836 336 15 960 339 18 968 338 17 1022 340 19 1028 558 16 1022 340 19 968 338 17 951 341 20 960 339 18 951 341 20 968 338 17 951 341 20 960 339 18 940 342 21 951 341 20 1015 343 22 1022 340 19 1015 343 22 951 341 20 932 344 23 940 342 21 932 344 23 951 341 20 932 344 23 940 342 21 925 345 24 932 344 23 1008 346 25 1015 343 22 1008 346 25 932 344 23 919 347 26 925 345 24 919 347 26 932 344 23 919 347 26 925 345 24 911 348 27 919 347 26 1000 559 28 1008 346 25 1000 559 28 919 347 26 904 560 29 911 348 27 904 560 29 919 347 26 904 560 29 911 348 27 895 351 30 904 560 29 993 34 31 1000 559 28 993 34 31 904 560 29 887 561 32 895 351 30 887 561 32 904 560 29 887 561 32 895 351 30 877 354 33 887 561 32 977 37 34 993 34 31 977 37 34 887 561 32 859 356 35 877 354 33 859 356 35 887 561 32 859 356 35 877 354 33 850 166 36 837 40 39 939 40 38 959 40 37 939 40 38 837 40 39 926 40 40 912 40 41 926 40 40 837 40 39 1107 43 44 1060 562 43 1054 41 42 1060 562 43 1107 43 44 1112 360 45 1112 360 45 1068 361 46 1060 562 43 1068 361 46 1112 360 45 1122 362 47 1122 362 47 1075 363 48 1068 361 46 1075 363 48 1122 362 47 1130 364 49 1130 364 49 1082 365 50 1075 363 48 1082 365 50 1130 364 49 1138 366 51 1138 366 51 1088 563 52 1082 365 50 1088 563 52 1138 366 51 1144 564 53 1144 564 53 1046 565 54 1088 563 52 1046 565 54 1144 564 53 1101 566 55 1101 566 55 1036 55 56 1046 565 54 1036 55 56 1101 566 55 1095 56 57 1038 57 58 993 34 31 977 37 34 993 34 31 1038 57 58 1055 58 59 1055 58 59 1000 559 28 993 34 31 1000 559 28 1055 58 59 1061 567 60 1061 567 60 1008 346 25 1000 559 28 1008 346 25 1061 567 60 1069 374 61 1069 374 61 1015 343 22 1008 346 25 1015 343 22 1069 374 61 1076 375 62 1076 375 62 1022 340 19 1015 343 22 1022 340 19 1076 375 62 1083 376 63 1083 376 63 1028 558 16 1022 340 19 1028 558 16 1083 376 63 1089 568 64 1089 568 64 985 555 11 1028 558 16 985 555 11 1089 568 64 1047 64 65 1047 64 65 976 13 10 985 555 11 976 13 10 1047 64 65 1039 65 66 1153 67 68 1107 43 44 1096 66 67 1107 43 44 1153 67 68 1166 68 69 1166 68 69 1112 360 45 1107 43 44 1112 360 45 1166 68 69 1172 120 70 1172 120 70 1122 362 47 1112 360 45 1122 362 47 1172 120 70 1179 121 71 1179 121 71 1130 364 49 1122 362 47 1130 364 49 1179 121 71 1184 71 72 1184 71 72 1138 366 51 1130 364 49 1138 366 51 1184 71 72 1190 195 73 1190 195 73 1144 564 53 1138 366 51 1144 564 53 1190 195 73 1195 124 74 1195 124 74 1101 566 55 1144 564 53 1101 566 55 1195 124 74 1159 196 75 1159 196 75 1095 56 57 1101 566 55 1095 56 57 1159 196 75 1152 75 76 1096 66 67 1054 41 42 1037 76 77 1054 41 42 1096 66 67 1107 43 44 878 40 79 837 40 39 848 40 78 837 40 39 878 40 79 896 40 80 837 40 39 896 40 80 912 40 41 1218 569 2 1204 128 1 1286 127 0 1218 569 2 1286 127 0 1277 130 1 1218 569 2 1277 130 1 1272 219 3 1218 569 2 1272 219 3 1266 220 4 1218 569 2 1266 220 4 1261 221 5 1218 569 2 1261 221 5 1254 134 6 1218 569 2 1254 134 6 1248 135 7 1218 569 2 1248 135 7 1241 136 6 1218 569 2 1241 136 6 1235 570 8 1218 569 2 1235 570 8 1226 225 4 1218 569 2 1226 225 4 1210 538 9 1218 569 2 1210 538 9 1204 128 1 1308 418 12 1412 571 11 1405 227 10 1412 571 11 1308 418 12 1317 572 13 1301 144 14 1317 572 13 1308 418 12 1317 572 13 1301 144 14 1292 145 15 1317 572 13 1449 573 16 1412 571 11 1449 573 16 1317 572 13 1398 574 17 1292 145 15 1398 574 17 1317 572 13 1398 574 17 1292 145 15 1391 148 18 1398 574 17 1444 236 19 1449 573 16 1444 236 19 1398 574 17 1383 150 20 1391 148 18 1383 150 20 1398 574 17 1383 150 20 1391 148 18 1373 151 21 1383 150 20 1438 152 22 1444 236 19 1438 152 22 1383 150 20 1366 153 23 1373 151 21 1366 153 23 1383 150 20 1366 153 23 1373 151 21 1360 154 24 1366 153 23 1432 155 25 1438 152 22 1432 155 25 1366 153 23 1355 156 26 1360 154 24 1355 156 26 1366 153 23 1355 156 26 1360 154 24 1349 198 27 1355 156 26 1425 575 28 1432 155 25 1425 575 28 1355 156 26 1344 576 29 1349 198 27 1344 576 29 1355 156 26 1344 576 29 1349 198 27 1337 200 30 1344 576 29 1419 577 31 1425 575 28 1419 577 31 1344 576 29 1331 578 32 1337 200 30 1331 578 32 1344 576 29 1331 578 32 1337 200 30 1323 202 33 1331 578 32 1406 579 34 1419 577 31 1406 579 34 1331 578 32 1309 165 35 1323 202 33 1309 165 35 1331 578 32 1309 165 35 1323 202 33 1302 166 36 1293 40 39 1372 40 38 1390 40 37 1372 40 38 1293 40 39 1361 40 40 1350 40 41 1361 40 40 1293 40 39 1527 253 44 1480 252 43 1474 251 42 1480 252 43 1527 253 44 1532 206 45 1532 206 45 1488 207 46 1480 252 43 1488 207 46 1532 206 45 1542 208 47 1542 208 47 1495 209 48 1488 207 46 1495 209 48 1542 208 47 1550 210 49 1550 210 49 1502 254 50 1495 209 48 1502 254 50 1550 210 49 1558 255 51 1558 255 51 1508 256 52 1502 254 50 1508 256 52 1558 255 51 1564 257 53 1564 257 53 1466 258 54 1508 256 52 1466 258 54 1564 257 53 1521 259 55 1521 259 55 1456 260 56 1466 258 54 1456 260 56 1521 259 55 1515 56 57 1458 261 58 1419 577 31 1406 579 34 1419 577 31 1458 261 58 1475 262 59 1475 262 59 1425 575 28 1419 577 31 1425 575 28 1475 262 59 1481 263 60 1481 263 60 1432 155 25 1425 575 28 1432 155 25 1481 263 60 1489 185 61 1489 185 61 1438 152 22 1432 155 25 1438 152 22 1489 185 61 1496 186 62 1496 186 62 1444 236 19 1438 152 22 1444 236 19 1496 186 62 1503 264 63 1503 264 63 1449 573 16 1444 236 19 1449 573 16 1503 264 63 1509 265 64 1509 265 64 1412 571 11 1449 573 16 1412 571 11 1509 265 64 1467 266 65 1467 266 65 1405 227 10 1412 571 11 1405 227 10 1467 266 65 1459 267 66 1573 212 68 1527 253 44 1516 268 67 1527 253 44 1573 212 68 1586 213 69 1586 213 69 1532 206 45 1527 253 44 1532 206 45 1586 213 69 1592 120 70 1592 120 70 1542 208 47 1532 206 45 1542 208 47 1592 120 70 1599 214 71 1599 214 71 1550 210 49 1542 208 47 1550 210 49 1599 214 71 1604 215 72 1604 215 72 1558 255 51 1550 210 49 1558 255 51 1604 215 72 1610 195 73 1610 195 73 1564 257 53 1558 255 51 1564 257 53 1610 195 73 1615 124 74 1615 124 74 1521 259 55 1564 257 53 1521 259 55 1615 124 74 1579 196 75 1579 196 75 1515 56 57 1521 259 55 1515 56 57 1579 196 75 1572 75 76 1516 268 67 1474 251 42 1457 269 77 1474 251 42 1516 268 67 1527 253 44 1324 40 79 1293 40 39 1300 40 78 1293 40 39 1324 40 79 1338 40 80 1293 40 39 1338 40 80 1350 40 41 1638 582 2 1624 581 1 1706 580 0 1638 582 2 1706 580 0 1697 583 1 1638 582 2 1697 583 1 1692 584 3 1638 582 2 1692 584 3 1686 585 4 1638 582 2 1686 585 4 1681 586 5 1638 582 2 1681 586 5 1674 587 6 1638 582 2 1674 587 6 1668 588 7 1638 582 2 1668 588 7 1661 589 6 1638 582 2 1661 589 6 1655 590 8 1638 582 2 1655 590 8 1646 591 4 1638 582 2 1646 591 4 1630 592 9 1638 582 2 1630 592 9 1624 581 1 1728 595 12 1832 594 11 1825 593 10 1832 594 11 1728 595 12 1737 596 13 1721 597 14 1737 596 13 1728 595 12 1737 596 13 1721 597 14 1712 598 15 1737 596 13 21 599 16 1832 594 11 21 599 16 1737 596 13 1818 600 17 1712 598 15 1818 600 17 1737 596 13 1818 600 17 1712 598 15 1811 601 18 1818 600 17 16 602 19 21 599 16 16 602 19 1818 600 17 1803 603 20 1811 601 18 1803 603 20 1818 600 17 1803 603 20 1811 601 18 1793 604 21 1803 603 20 10 605 22 16 602 19 10 605 22 1803 603 20 1786 606 23 1793 604 21 1786 606 23 1803 603 20 1786 606 23 1793 604 21 1780 607 24 1786 606 23 4 608 25 10 605 22 4 608 25 1786 606 23 1775 609 26 1780 607 24 1775 609 26 1786 606 23 1775 609 26 1780 607 24 1769 610 27 1775 609 26 1845 611 28 4 608 25 1845 611 28 1775 609 26 1764 612 29 1769 610 27 1764 612 29 1775 609 26 1764 612 29 1769 610 27 1757 613 30 1764 612 29 1839 614 31 1845 611 28 1839 614 31 1764 612 29 1751 615 32 1757 613 30 1751 615 32 1764 612 29 1751 615 32 1757 613 30 1743 616 33 1751 615 32 1826 617 34 1839 614 31 1826 617 34 1751 615 32 1729 618 35 1743 616 33 1729 618 35 1751 615 32 1729 618 35 1743 616 33 1722 619 36 1713 40 39 1792 40 38 1810 40 37 1792 40 38 1713 40 39 1781 40 40 1770 40 41 1781 40 40 1713 40 39 99 622 44 52 621 43 46 620 42 52 621 43 99 622 44 104 623 45 104 623 45 60 624 46 52 621 43 60 624 46 104 623 45 114 625 47 114 625 47 67 626 48 60 624 46 67 626 48 114 625 47 122 627 49 122 627 49 74 628 50 67 626 48 74 628 50 122 627 49 130 629 51 130 629 51 80 630 52 74 628 50 80 630 52 130 629 51 136 631 53 136 631 53 38 632 54 80 630 52 38 632 54 136 631 53 93 633 55 93 633 55 28 634 56 38 632 54 28 634 56 93 633 55 87 635 57 30 636 58 1839 614 31 1826 617 34 1839 614 31 30 636 58 47 637 59 47 637 59 1845 611 28 1839 614 31 1845 611 28 47 637 59 53 638 60 53 638 60 4 608 25 1845 611 28 4 608 25 53 638 60 61 639 61 61 639 61 10 605 22 4 608 25 10 605 22 61 639 61 68 640 62 68 640 62 16 602 19 10 605 22 16 602 19 68 640 62 75 641 63 75 641 63 21 599 16 16 602 19 21 599 16 75 641 63 81 642 64 81 642 64 1832 594 11 21 599 16 1832 594 11 81 642 64 39 643 65 39 643 65 1825 593 10 1832 594 11 1825 593 10 39 643 65 31 644 66 145 646 68 99 622 44 88 645 67 99 622 44 145 646 68 158 647 69 158 647 69 104 623 45 99 622 44 104 623 45 158 647 69 164 648 70 164 648 70 114 625 47 104 623 45 114 625 47 164 648 70 171 649 71 171 649 71 122 627 49 114 625 47 122 627 49 171 649 71 176 650 72 176 650 72 130 629 51 122 627 49 130 629 51 176 650 72 182 651 73 182 651 73 136 631 53 130 629 51 136 631 53 182 651 73 187 652 74 187 652 74 93 633 55 136 631 53 93 633 55 187 652 74 151 653 75 151 653 75 87 635 57 93 633 55 87 635 57 151 653 75 144 654 76 88 645 67 46 620 42 29 655 77 46 620 42 88 645 67 99 622 44 1744 40 79 1713 40 39 1720 40 78 1713 40 39 1744 40 79 1758 40 80 1713 40 39 1758 40 80 1770 40 41 210 658 2 196 657 1 278 656 0 210 658 2 278 656 0 269 659 1 210 658 2 269 659 1 264 660 3 210 658 2 264 660 3 258 661 4 210 658 2 258 661 4 253 662 5 210 658 2 253 662 5 246 663 6 210 658 2 246 663 6 240 664 7 210 658 2 240 664 7 233 665 6 210 658 2 233 665 6 227 666 8 210 658 2 227 666 8 218 667 4 210 658 2 218 667 4 202 668 9 210 658 2 202 668 9 196 657 1 300 671 12 404 670 11 397 669 10 404 670 11 300 671 12 309 672 13 293 673 14 309 672 13 300 671 12 309 672 13 293 673 14 284 674 15 309 672 13 441 675 16 404 670 11 441 675 16 309 672 13 390 676 17 284 674 15 390 676 17 309 672 13 390 676 17 284 674 15 383 677 18 390 676 17 436 678 19 441 675 16 436 678 19 390 676 17 375 679 20 383 677 18 375 679 20 390 676 17 375 679 20 383 677 18 365 680 21 375 679 20 430 681 22 436 678 19 430 681 22 375 679 20 358 682 23 365 680 21 358 682 23 375 679 20 358 682 23 365 680 21 352 683 24 358 682 23 424 684 25 430 681 22 424 684 25 358 682 23 347 685 26 352 683 24 347 685 26 358 682 23 347 685 26 352 683 24 341 686 27 347 685 26 417 687 28 424 684 25 417 687 28 347 685 26 336 688 29 341 686 27 336 688 29 347 685 26 336 688 29 341 686 27 329 689 30 336 688 29 411 690 31 417 687 28 411 690 31 336 688 29 323 691 32 329 689 30 323 691 32 336 688 29 323 691 32 329 689 30 315 692 33 323 691 32 398 693 34 411 690 31 398 693 34 323 691 32 301 694 35 315 692 33 301 694 35 323 691 32 301 694 35 315 692 33 294 695 36 285 40 39 364 40 38 382 40 37 364 40 38 285 40 39 353 40 40 342 40 41 353 40 40 285 40 39 519 698 44 472 697 43 466 696 42 472 697 43 519 698 44 525 699 45 525 699 45 480 700 46 472 697 43 480 700 46 525 699 45 536 701 47 536 701 47 487 702 48 480 700 46 487 702 48 536 701 47 545 703 49 545 703 49 494 704 50 487 702 48 494 704 50 545 703 49 554 705 51 554 705 51 500 706 52 494 704 50 500 706 52 554 705 51 561 707 53 561 707 53 458 708 54 500 706 52 458 708 54 561 707 53 513 709 55 513 709 55 448 710 56 458 708 54 448 710 56 513 709 55 507 711 57 450 712 58 411 690 31 398 693 34 411 690 31 450 712 58 467 713 59 467 713 59 417 687 28 411 690 31 417 687 28 467 713 59 473 714 60 473 714 60 424 684 25 417 687 28 424 684 25 473 714 60 481 715 61 481 715 61 430 681 22 424 684 25 430 681 22 481 715 61 488 716 62 488 716 62 436 678 19 430 681 22 436 678 19 488 716 62 495 717 63 495 717 63 441 675 16 436 678 19 441 675 16 495 717 63 501 718 64 501 718 64 404 670 11 441 675 16 404 670 11 501 718 64 459 719 65 459 719 65 397 669 10 404 670 11 397 669 10 459 719 65 451 720 66 571 722 68 519 698 44 508 721 67 519 698 44 571 722 68 586 723 69 586 723 69 525 699 45 519 698 44 525 699 45 586 723 69 593 724 70 593 724 70 536 701 47 525 699 45 536 701 47 593 724 70 601 725 71 601 725 71 545 703 49 536 701 47 545 703 49 601 725 71 607 726 72 607 726 72 554 705 51 545 703 49 554 705 51 607 726 72 614 727 73 614 727 73 561 707 53 554 705 51 561 707 53 614 727 73 620 728 74 620 728 74 513 709 55 561 707 53 513 709 55 620 728 74 578 729 75 578 729 75 507 711 57 513 709 55 507 711 57 578 729 75 570 730 76 508 721 67 466 696 42 449 731 77 466 696 42 508 721 67 519 698 44 316 40 79 285 40 39 292 40 78 285 40 39 316 40 79 330 40 80 285 40 39 330 40 80 342 40 41 650 734 2 631 733 1 733 732 0 650 734 2 733 732 0 722 735 1 650 734 2 722 735 1 716 736 3 650 734 2 716 736 3 708 737 4 650 734 2 708 737 4 702 738 5 650 734 2 702 738 5 693 739 6 650 734 2 693 739 6 686 740 7 650 734 2 686 740 7 677 741 6 650 734 2 677 741 6 670 742 8 650 734 2 670 742 8 659 743 4 650 734 2 659 743 4 640 744 9 650 734 2 640 744 9 631 733 1 759 747 12 888 746 11 879 745 10 888 746 11 759 747 12 770 748 13 751 749 14 770 748 13 759 747 12 770 748 13 751 749 14 740 750 15 770 748 13 933 751 16 888 746 11 933 751 16 770 748 13 870 752 17 740 750 15 870 752 17 770 748 13 870 752 17 740 750 15 861 753 18 870 752 17 927 754 19 933 751 16 927 754 19 870 752 17 851 755 20 861 753 18 851 755 20 870 752 17 851 755 20 861 753 18 839 756 21 851 755 20 920 521 22 927 754 19 920 521 22 851 755 20 830 757 23 839 756 21 830 757 23 851 755 20 830 757 23 839 756 21 820 758 24 830 757 23 913 158 25 920 521 22 913 158 25 830 757 23 814 759 26 820 758 24 814 759 26 830 757 23 814 759 26 820 758 24 807 760 27 814 759 26 905 761 28 913 158 25 905 761 28 814 759 26 801 762 29 807 760 27 801 762 29 814 759 26 801 762 29 807 760 27 793 763 30 801 762 29 897 764 31 905 761 28 897 764 31 801 762 29 786 765 32 793 763 30 786 765 32 801 762 29 786 765 32 793 763 30 777 766 33 786 765 32 880 767 34 897 764 31 880 767 34 786 765 32 760 768 35 777 766 33 760 768 35 786 765 32 760 768 35 777 766 33 752 769 36 741 40 39 838 40 38 860 40 37 838 40 38 741 40 39 821 40 40 808 40 41 821 40 40 741 40 39 1023 771 44 969 167 43 961 770 42 969 167 43 1023 771 44 1029 169 45 1029 169 45 978 168 46 969 167 43 978 168 46 1029 169 45 1040 772 47 1040 772 47 986 528 48 978 168 46 986 528 48 1040 772 47 1048 362 49 1048 362 49 994 773 50 986 528 48 994 773 50 1048 362 49 1056 774 51 1056 774 51 1001 775 52 994 773 50 1001 775 52 1056 774 51 1062 776 53 1062 776 53 952 777 54 1001 775 52 952 777 54 1062 776 53 1016 778 55 1016 778 55 941 779 56 952 777 54 941 779 56 1016 778 55 1009 780 57 943 190 58 897 764 31 880 767 34 897 764 31 943 190 58 962 781 59 962 781 59 905 761 28 897 764 31 905 761 28 962 781 59 970 183 60 970 183 60 913 158 25 905 761 28 913 158 25 970 183 60 979 184 61 979 184 61 920 521 22 913 158 25 920 521 22 979 184 61 987 536 62 987 536 62 927 754 19 920 521 22 927 754 19 987 536 62 995 782 63 995 782 63 933 751 16 927 754 19 933 751 16 995 782 63 1002 783 64 1002 783 64 888 746 11 933 751 16 888 746 11 1002 783 64 953 501 65 953 501 65 879 745 10 888 746 11 879 745 10 953 501 65 944 784 66 1071 75 68 1023 771 44 1010 785 67 1023 771 44 1071 75 68 1084 786 69 1084 786 69 1029 169 45 1023 771 44 1029 169 45 1084 786 69 1090 192 70 1090 192 70 1040 772 47 1029 169 45 1040 772 47 1090 192 70 1097 787 71 1097 787 71 1048 362 49 1040 772 47 1048 362 49 1097 787 71 1102 121 72 1102 121 72 1056 774 51 1048 362 49 1056 774 51 1102 121 72 1108 788 73 1108 788 73 1062 776 53 1056 774 51 1062 776 53 1108 788 73 1113 789 74 1113 789 74 1016 778 55 1062 776 53 1016 778 55 1113 789 74 1077 790 75 1077 790 75 1009 780 57 1016 778 55 1009 780 57 1077 790 75 1070 791 76 1010 785 67 961 770 42 942 792 77 961 770 42 1010 785 67 1023 771 44 778 40 79 741 40 39 750 40 78 741 40 39 778 40 79 794 40 80 741 40 39 794 40 80 808 40 41 1139 795 2 1123 794 1 1205 793 0 1139 795 2 1205 793 0 1196 796 1 1139 795 2 1196 796 1 1191 797 3 1139 795 2 1191 797 3 1185 798 4 1139 795 2 1185 798 4 1180 799 5 1139 795 2 1180 799 5 1173 800 6 1139 795 2 1173 800 6 1167 801 7 1139 795 2 1167 801 7 1160 802 6 1139 795 2 1160 802 6 1154 803 8 1139 795 2 1154 803 8 1145 804 4 1139 795 2 1145 804 4 1131 805 9 1139 795 2 1131 805 9 1123 794 1 1227 808 12 1332 807 11 1325 806 10 1332 807 11 1227 808 12 1236 809 13 1220 810 14 1236 809 13 1227 808 12 1236 809 13 1220 810 14 1211 811 15 1236 809 13 1367 812 16 1332 807 11 1367 812 16 1236 809 13 1318 813 17 1211 811 15 1318 813 17 1236 809 13 1318 813 17 1211 811 15 1311 814 18 1318 813 17 1362 815 19 1367 812 16 1362 815 19 1318 813 17 1303 816 20 1311 814 18 1303 816 20 1318 813 17 1303 816 20 1311 814 18 1295 817 21 1303 816 20 1356 818 22 1362 815 19 1356 818 22 1303 816 20 1287 819 23 1295 817 21 1287 819 23 1303 816 20 1287 819 23 1295 817 21 1278 820 24 1287 819 23 1351 821 25 1356 818 22 1351 821 25 1287 819 23 1273 822 26 1278 820 24 1273 822 26 1287 819 23 1273 822 26 1278 820 24 1267 823 27 1273 822 26 1345 824 28 1351 821 25 1345 824 28 1273 822 26 1262 825 29 1267 823 27 1262 825 29 1273 822 26 1262 825 29 1267 823 27 1255 826 30 1262 825 29 1339 827 31 1345 824 28 1339 827 31 1262 825 29 1249 828 32 1255 826 30 1249 828 32 1262 825 29 1249 828 32 1255 826 30 1242 829 33 1249 828 32 1326 830 34 1339 827 31 1326 830 34 1249 828 32 1228 831 35 1242 829 33 1228 831 35 1249 828 32 1228 831 35 1242 829 33 1221 832 36 1212 40 39 1294 40 38 1310 40 37 1294 40 38 1212 40 39 1279 40 40 1268 40 41 1279 40 40 1212 40 39 1445 835 44 1399 834 43 1392 833 42 1399 834 43 1445 835 44 1450 836 45 1450 836 45 1407 837 46 1399 834 43 1407 837 46 1450 836 45 1460 838 47 1460 838 47 1413 839 48 1407 837 46 1413 839 48 1460 838 47 1468 840 49 1468 840 49 1420 841 50 1413 839 48 1420 841 50 1468 840 49 1476 842 51 1476 842 51 1426 843 52 1420 841 50 1426 843 52 1476 842 51 1482 844 53 1482 844 53 1384 845 54 1426 843 52 1384 845 54 1482 844 53 1439 846 55 1439 846 55 1374 847 56 1384 845 54 1374 847 56 1439 846 55 1433 848 57 1376 849 58 1339 827 31 1326 830 34 1339 827 31 1376 849 58 1393 850 59 1393 850 59 1345 824 28 1339 827 31 1345 824 28 1393 850 59 1400 851 60 1400 851 60 1351 821 25 1345 824 28 1351 821 25 1400 851 60 1408 852 61 1408 852 61 1356 818 22 1351 821 25 1356 818 22 1408 852 61 1414 853 62 1414 853 62 1362 815 19 1356 818 22 1362 815 19 1414 853 62 1421 854 63 1421 854 63 1367 812 16 1362 815 19 1367 812 16 1421 854 63 1427 855 64 1427 855 64 1332 807 11 1367 812 16 1332 807 11 1427 855 64 1385 856 65 1385 856 65 1325 806 10 1332 807 11 1325 806 10 1385 856 65 1377 857 66 1491 859 68 1445 835 44 1434 858 67 1445 835 44 1491 859 68 1504 860 69 1504 860 69 1450 836 45 1445 835 44 1450 836 45 1504 860 69 1510 861 70 1510 861 70 1460 838 47 1450 836 45 1460 838 47 1510 861 70 1517 862 71 1517 862 71 1468 840 49 1460 838 47 1468 840 49 1517 862 71 1522 863 72 1522 863 72 1476 842 51 1468 840 49 1476 842 51 1522 863 72 1528 864 73 1528 864 73 1482 844 53 1476 842 51 1482 844 53 1528 864 73 1533 865 74 1533 865 74 1439 846 55 1482 844 53 1439 846 55 1533 865 74 1497 866 75 1497 866 75 1433 848 57 1439 846 55 1433 848 57 1497 866 75 1490 867 76 1434 858 67 1392 833 42 1375 868 77 1392 833 42 1434 858 67 1445 835 44 1243 40 79 1212 40 39 1219 40 78 1212 40 39 1243 40 79 1256 40 80 1212 40 39 1256 40 80 1268 40 41 1559 871 2 1543 870 1 1625 869 0 1559 871 2 1625 869 0 1616 872 1 1559 871 2 1616 872 1 1611 873 3 1559 871 2 1611 873 3 1605 874 4 1559 871 2 1605 874 4 1600 875 5 1559 871 2 1600 875 5 1593 876 6 1559 871 2 1593 876 6 1587 877 7 1559 871 2 1587 877 7 1580 878 6 1559 871 2 1580 878 6 1574 879 8 1559 871 2 1574 879 8 1565 880 4 1559 871 2 1565 880 4 1551 881 9 1559 871 2 1551 881 9 1543 870 1 1647 884 12 1752 883 11 1745 882 10 1752 883 11 1647 884 12 1656 885 13 1640 886 14 1656 885 13 1647 884 12 1656 885 13 1640 886 14 1631 887 15 1656 885 13 1787 888 16 1752 883 11 1787 888 16 1656 885 13 1738 889 17 1631 887 15 1738 889 17 1656 885 13 1738 889 17 1631 887 15 1731 890 18 1738 889 17 1782 891 19 1787 888 16 1782 891 19 1738 889 17 1723 892 20 1731 890 18 1723 892 20 1738 889 17 1723 892 20 1731 890 18 1715 893 21 1723 892 20 1776 894 22 1782 891 19 1776 894 22 1723 892 20 1707 895 23 1715 893 21 1707 895 23 1723 892 20 1707 895 23 1715 893 21 1698 896 24 1707 895 23 1771 897 25 1776 894 22 1771 897 25 1707 895 23 1693 898 26 1698 896 24 1693 898 26 1707 895 23 1693 898 26 1698 896 24 1687 899 27 1693 898 26 1765 900 28 1771 897 25 1765 900 28 1693 898 26 1682 901 29 1687 899 27 1682 901 29 1693 898 26 1682 901 29 1687 899 27 1675 902 30 1682 901 29 1759 903 31 1765 900 28 1759 903 31 1682 901 29 1669 904 32 1675 902 30 1669 904 32 1682 901 29 1669 904 32 1675 902 30 1662 905 33 1669 904 32 1746 906 34 1759 903 31 1746 906 34 1669 904 32 1648 907 35 1662 905 33 1648 907 35 1669 904 32 1648 907 35 1662 905 33 1641 908 36 1632 40 39 1714 40 38 1730 40 37 1714 40 38 1632 40 39 1699 40 40 1688 40 41 1699 40 40 1632 40 39 17 911 44 1819 910 43 1812 909 42 1819 910 43 17 911 44 22 912 45 22 912 45 1827 913 46 1819 910 43 1827 913 46 22 912 45 32 914 47 32 914 47 1833 915 48 1827 913 46 1833 915 48 32 914 47 40 916 49 40 916 49 1840 917 50 1833 915 48 1840 917 50 40 916 49 48 918 51 48 918 51 1846 919 52 1840 917 50 1846 919 52 48 918 51 54 920 53 54 920 53 1804 921 54 1846 919 52 1804 921 54 54 920 53 11 922 55 11 922 55 1794 923 56 1804 921 54 1794 923 56 11 922 55 5 924 57 1796 925 58 1759 903 31 1746 906 34 1759 903 31 1796 925 58 1813 926 59 1813 926 59 1765 900 28 1759 903 31 1765 900 28 1813 926 59 1820 927 60 1820 927 60 1771 897 25 1765 900 28 1771 897 25 1820 927 60 1828 928 61 1828 928 61 1776 894 22 1771 897 25 1776 894 22 1828 928 61 1834 929 62 1834 929 62 1782 891 19 1776 894 22 1782 891 19 1834 929 62 1841 930 63 1841 930 63 1787 888 16 1782 891 19 1787 888 16 1841 930 63 1847 931 64 1847 931 64 1752 883 11 1787 888 16 1752 883 11 1847 931 64 1805 932 65 1805 932 65 1745 882 10 1752 883 11 1745 882 10 1805 932 65 1797 933 66 63 935 68 17 911 44 6 934 67 17 911 44 63 935 68 76 936 69 76 936 69 22 912 45 17 911 44 22 912 45 76 936 69 82 937 70 82 937 70 32 914 47 22 912 45 32 914 47 82 937 70 89 938 71 89 938 71 40 916 49 32 914 47 40 916 49 89 938 71 94 939 72 94 939 72 48 918 51 40 916 49 48 918 51 94 939 72 100 940 73 100 940 73 54 920 53 48 918 51 54 920 53 100 940 73 105 941 74 105 941 74 11 922 55 54 920 53 11 922 55 105 941 74 69 942 75 69 942 75 5 924 57 11 922 55 5 924 57 69 942 75 62 943 76 6 934 67 1812 909 42 1795 944 77 1812 909 42 6 934 67 17 911 44 1663 40 79 1632 40 39 1639 40 78 1632 40 39 1663 40 79 1676 40 80 1632 40 39 1676 40 80 1688 40 41 131 947 2 115 946 1 197 945 0 131 947 2 197 945 0 188 948 1 131 947 2 188 948 1 183 949 3 131 947 2 183 949 3 177 950 4 131 947 2 177 950 4 172 951 5 131 947 2 172 951 5 165 952 6 131 947 2 165 952 6 159 953 7 131 947 2 159 953 7 152 954 6 131 947 2 152 954 6 146 955 8 131 947 2 146 955 8 137 956 4 131 947 2 137 956 4 123 957 9 131 947 2 123 957 9 115 946 1 219 960 12 324 959 11 317 958 10 324 959 11 219 960 12 228 961 13 212 962 14 228 961 13 219 960 12 228 961 13 212 962 14 203 963 15 228 961 13 359 964 16 324 959 11 359 964 16 228 961 13 310 965 17 203 963 15 310 965 17 228 961 13 310 965 17 203 963 15 303 966 18 310 965 17 354 967 19 359 964 16 354 967 19 310 965 17 295 968 20 303 966 18 295 968 20 310 965 17 295 968 20 303 966 18 287 969 21 295 968 20 348 970 22 354 967 19 348 970 22 295 968 20 279 971 23 287 969 21 279 971 23 295 968 20 279 971 23 287 969 21 270 972 24 279 971 23 343 973 25 348 970 22 343 973 25 279 971 23 265 974 26 270 972 24 265 974 26 279 971 23 265 974 26 270 972 24 259 975 27 265 974 26 337 976 28 343 973 25 337 976 28 265 974 26 254 977 29 259 975 27 254 977 29 265 974 26 254 977 29 259 975 27 247 978 30 254 977 29 331 979 31 337 976 28 331 979 31 254 977 29 241 980 32 247 978 30 241 980 32 254 977 29 241 980 32 247 978 30 234 981 33 241 980 32 318 982 34 331 979 31 318 982 34 241 980 32 220 983 35 234 981 33 220 983 35 241 980 32 220 983 35 234 981 33 213 984 36 204 40 39 286 40 38 302 40 37 286 40 38 204 40 39 271 40 40 260 40 41 271 40 40 204 40 39 437 987 44 391 986 43 384 985 42 391 986 43 437 987 44 442 988 45 442 988 45 399 989 46 391 986 43 399 989 46 442 988 45 452 990 47 452 990 47 405 991 48 399 989 46 405 991 48 452 990 47 460 992 49 460 992 49 412 993 50 405 991 48 412 993 50 460 992 49 468 994 51 468 994 51 418 995 52 412 993 50 418 995 52 468 994 51 474 996 53 474 996 53 376 997 54 418 995 52 376 997 54 474 996 53 431 998 55 431 998 55 366 999 56 376 997 54 366 999 56 431 998 55 425 1000 57 368 1001 58 331 979 31 318 982 34 331 979 31 368 1001 58 385 1002 59 385 1002 59 337 976 28 331 979 31 337 976 28 385 1002 59 392 1003 60 392 1003 60 343 973 25 337 976 28 343 973 25 392 1003 60 400 1004 61 400 1004 61 348 970 22 343 973 25 348 970 22 400 1004 61 406 1005 62 406 1005 62 354 967 19 348 970 22 354 967 19 406 1005 62 413 1006 63 413 1006 63 359 964 16 354 967 19 359 964 16 413 1006 63 419 1007 64 419 1007 64 324 959 11 359 964 16 324 959 11 419 1007 64 377 1008 65 377 1008 65 317 958 10 324 959 11 317 958 10 377 1008 65 369 1009 66 483 1011 68 437 987 44 426 1010 67 437 987 44 483 1011 68 496 1012 69 496 1012 69 442 988 45 437 987 44 442 988 45 496 1012 69 502 1013 70 502 1013 70 452 990 47 442 988 45 452 990 47 502 1013 70 509 1014 71 509 1014 71 460 992 49 452 990 47 460 992 49 509 1014 71 514 1015 72 514 1015 72 468 994 51 460 992 49 468 994 51 514 1015 72 520 1016 73 520 1016 73 474 996 53 468 994 51 474 996 53 520 1016 73 526 1017 74 526 1017 74 431 998 55 474 996 53 431 998 55 526 1017 74 489 1018 75 489 1018 75 425 1000 57 431 998 55 425 1000 57 489 1018 75 482 1019 76 426 1010 67 384 985 42 367 1020 77 384 985 42 426 1010 67 437 987 44 235 40 79 204 40 39 211 40 78 204 40 39 235 40 79 248 40 80 204 40 39 248 40 80 260 40 41 555 1023 2 537 1022 1 632 1021 0 555 1023 2 632 1021 0 621 1024 1 555 1023 2 621 1024 1 615 1025 3 555 1023 2 615 1025 3 608 1026 4 555 1023 2 608 1026 4 602 1027 5 555 1023 2 602 1027 5 594 1028 6 555 1023 2 594 1028 6 587 1029 7 555 1023 2 587 1029 7 579 1030 6 555 1023 2 579 1030 6 572 1031 8 555 1023 2 572 1031 8 562 1032 4 555 1023 2 562 1032 4 546 1033 9 555 1023 2 546 1033 9 537 1022 1 660 1036 12 787 1035 11 779 1034 10 787 1035 11 660 1036 12 671 1037 13 652 1038 14 671 1037 13 660 1036 12 671 1037 13 652 1038 14 641 1039 15 671 1037 13 831 1040 16 787 1035 11 831 1040 16 671 1037 13 771 1041 17 641 1039 15 771 1041 17 671 1037 13 771 1041 17 641 1039 15 762 1042 18 771 1041 17 822 1043 19 831 1040 16 822 1043 19 771 1041 17 753 1044 20 762 1042 18 753 1044 20 771 1041 17 753 1044 20 762 1042 18 743 1045 21 753 1044 20 815 1046 22 822 1043 19 815 1046 22 753 1044 20 734 1047 23 743 1045 21 734 1047 23 753 1044 20 734 1047 23 743 1045 21 723 1048 24 734 1047 23 809 1049 25 815 1046 22 809 1049 25 734 1047 23 717 1050 26 723 1048 24 717 1050 26 734 1047 23 717 1050 26 723 1048 24 709 1051 27 717 1050 26 802 1052 28 809 1049 25 802 1052 28 717 1050 26 703 1053 29 709 1051 27 703 1053 29 717 1050 26 703 1053 29 709 1051 27 694 1054 30 703 1053 29 795 1055 31 802 1052 28 795 1055 31 703 1053 29 687 1056 32 694 1054 30 687 1056 32 703 1053 29 687 1056 32 694 1054 30 678 1057 33 687 1056 32 780 1058 34 795 1055 31 780 1058 34 687 1056 32 661 1059 35 678 1057 33 661 1059 35 687 1056 32 661 1059 35 678 1057 33 653 1060 36 642 40 39 742 40 38 761 40 37 742 40 38 642 40 39 724 40 40 710 40 41 724 40 40 642 40 39 928 1063 44 871 1062 43 862 1061 42 871 1062 43 928 1063 44 934 1064 45 934 1064 45 881 1065 46 871 1062 43 881 1065 46 934 1064 45 945 1066 47 945 1066 47 889 1067 48 881 1065 46 889 1067 48 945 1066 47 954 1068 49 954 1068 49 898 1069 50 889 1067 48 898 1069 50 954 1068 49 963 1070 51 963 1070 51 906 1071 52 898 1069 50 906 1071 52 963 1070 51 971 1072 53 971 1072 53 852 1073 54 906 1071 52 852 1073 54 971 1072 53 921 1074 55 921 1074 55 840 1075 56 852 1073 54 840 1075 56 921 1074 55 914 1076 57 842 1077 58 795 1055 31 780 1058 34 795 1055 31 842 1077 58 863 1078 59 863 1078 59 802 1052 28 795 1055 31 802 1052 28 863 1078 59 872 1079 60 872 1079 60 809 1049 25 802 1052 28 809 1049 25 872 1079 60 882 1080 61 882 1080 61 815 1046 22 809 1049 25 815 1046 22 882 1080 61 890 1081 62 890 1081 62 822 1043 19 815 1046 22 822 1043 19 890 1081 62 899 1082 63 899 1082 63 831 1040 16 822 1043 19 831 1040 16 899 1082 63 907 1083 64 907 1083 64 787 1035 11 831 1040 16 787 1035 11 907 1083 64 853 1084 65 853 1084 65 779 1034 10 787 1035 11 779 1034 10 853 1084 65 843 1085 66 981 1087 68 928 1063 44 915 1086 67 928 1063 44 981 1087 68 996 1088 69 996 1088 69 934 1064 45 928 1063 44 934 1064 45 996 1088 69 1003 1089 70 1003 1089 70 945 1066 47 934 1064 45 945 1066 47 1003 1089 70 1011 1090 71 1011 1090 71 954 1068 49 945 1066 47 954 1068 49 1011 1090 71 1017 1091 72 1017 1091 72 963 1070 51 954 1068 49 963 1070 51 1017 1091 72 1024 1092 73 1024 1092 73 971 1072 53 963 1070 51 971 1072 53 1024 1092 73 1030 1093 74 1030 1093 74 921 1074 55 971 1072 53 921 1074 55 1030 1093 74 988 1094 75 988 1094 75 914 1076 57 921 1074 55 914 1076 57 988 1094 75 980 1095 76 915 1086 67 862 1061 42 841 1096 77 862 1061 42 915 1086 67 928 1063 44 679 40 79 642 40 39 651 40 78 642 40 39 679 40 79 695 40 80 642 40 39 695 40 80 710 40 41</p>
                </triangles>
            </mesh>
        </geometry>
        <geometry id="ID239">
            <mesh>
                <source id="ID240">
                    <float_array id="ID241" count="759">-4297.75 663 1279.75 -4352 824.5 1125.25 -3881.25 611 1311.5 -3814.25 550.75 1452.5 -4111.25 550.75 1566.25 -4167 611 1410.25 -4241.75 571 1436.25 -4167 571 1410.25 -3881.75 644.75 1314.5 -4166.25 644.75 1411.75 -4016.25 456.75 1038.5 -3960.75 456.75 1024.25 -2775.75 456.75 717.75 -3002.25 456.75 776.25 -2719.25 456.75 703 -1949.5 -30 2658 -1949.5 -30 2658 -3185 -30 2559 -2404.75 -30 3284.5 -2404.75 -30 3284.5 -3185 156.75 2559 -3185 156.75 2559 -2107.75 -30 3500.25 -2107.75 -30 3500.25 -2107.75 -30 3500.25 -1652.75 -30 2873.75 -1652.75 -30 2873.75 -1261.25 -30 2297.5 -1261.25 -30 2297.5 -1261.25 -30 2297.5 -1261.25 156.75 2297.5 -1261.25 156.75 2297.5 -2107.75 156.75 3500.25 -2107.75 156.75 3500.25 -1652.75 156.75 2873.75 -1652.75 156.75 2873.75 -2530.75 456.75 3951 -2107.75 456.75 3500.25 -2107.75 456.75 3500.25 -2581.25 456.75 4153.75 -2581.25 456.75 4153.75 -2534.5 456.75 3742.25 -2581.25 236.75 4153.75 -2581.25 236.75 4153.75 -2582.25 156.75 4153 -2582.25 156.75 4153 -1652.75 365.5 2873.5 -1652.75 365.5 2873.5 -2107.75 365.5 3500.25 -2107.75 365.5 3500.25 -2107.75 365.5 3500.25 -2582.25 -26.75 4153 -2582.25 -26.75 4153 -4510.25 518.75 1719.25 -2879 156.75 3937.25 -4185.75 518.75 1593.5 -4185.75 518.75 1593.5 -2879 236.75 3937.25 -4128.75 446.75 1752.5 -4445.75 446.75 1887 -4653 728.75 1388.25 -4653 693 1388.25 -4653 693 1388.25 -4717.5 822.75 1219.75 -4639 738.75 1384 -4297 738.75 1281.25 -4297.75 703 1279.75 -4297.75 703 1279.75 -4639 703 1383.75 -4274.5 826.25 1105.25 -4016 832.75 1038.5 -3949 738.75 1176.5 -4221 738.75 1258.25 -4702.75 832.25 1216 -4421.25 822.75 1143.25 -4574.5 611 1551.5 -4241.75 611 1436.25 -4241.75 611 1436.25 -4185.25 550.75 1594.75 -4510.25 550.75 1719.25 -4588.75 634.75 1556.5 -4588.75 601 1556.5 -4588.75 601 1556.5 -4524.25 540.75 1724.75 -4524.25 508.75 1724.75 -4524.25 508.75 1724.75 -4524.25 231.75 1724.75 -4524.25 231.75 1724.75 -4460 156.75 1893 -4460 156.75 1893 -4460 156.75 1893 -4460 156.75 1893 -2529.75 456.75 1098.75 -2700 456.75 698.25 -2700 456.75 698.25 -2540.25 456.75 656.75 -2540.25 456.75 656.75 -2540.25 456.75 656.75 -2384.75 456.75 1035.25 -2384.75 456.75 1035.25 -2440.75 456.75 3247.5 -1949.75 456.75 2658 -1949.75 456.75 2658 -2404.75 456.75 3284.5 -2404.75 456.75 3284.5 -2404.75 456.75 3284.5 -2476.75 456.75 3210.5 -2031.5 456.75 2594 -4547.25 446.75 3243.5 -4547.25 446.75 3243.5 -4343 446.75 3506.25 -4343 446.75 3506.25 -4343 446.75 3506.25 -4344.25 156.75 3501.5 -4344.25 156.75 3501.5 -4344.25 156.75 3501.5 -4344.25 156.75 3501.5 -4547.25 162.75 3243.5 -4547.25 162.75 3243.5 -2037 456.75 1619.75 -2037 456.75 1619.75 -2037 365.5 1619.75 -1558 365.5 2081.75 -1558 365.5 2081.75 -1558 456.75 2081.75 -1558 456.75 2081.75 -1558 456.75 2081.75 -1558 456.75 2081.75 -2384.75 365.5 1035.25 -1949.5 365.5 2658 -1949.5 365.5 2658 -1562 -30 2087 -1562 -30 2087 -1562 -30 2087 -1562 -30 2087 -1557.75 156.75 2081.5 -1557.75 156.75 2081.5 -1557.75 156.75 2081.5 -2037 156.75 1619.75 -2037 156.75 1619.75 -2037 156.75 1619.75 -2037 156.75 1619.75 -2037 -30 1619.75 -2037 -30 1619.75 -2404.75 365.5 3284.5 -2404.75 365.5 3284.5 -4120.5 236.75 3770 -4120.5 446.75 3770 -4120.5 446.75 3770 -4120.5 156.75 3770 -4120.5 -26.25 3770 -4120.5 -26.25 3770 -4345.75 -29.75 3496.75 -4345.75 -29.75 3496.75 -4691.5 446.75 1983.5 -4460 436.75 1893 -4460 436.75 1893 -5136.25 446.75 2163.25 -5136.25 446.75 2163.25 -4998.75 446.75 2492 -4998.75 446.75 2492 -4998.75 162.75 2492 -4998.75 162.75 2492 -5136.25 162.75 2163.25 -5136.25 162.75 2163.25 -4989.5 456.75 2487.5 -5126.75 456.75 2159.25 -5126.75 456.75 2159.25 -4538.75 456.75 3237.5 -4334.5 456.75 3499 -2495 365.5 767 -2495 365.5 767 -5002.75 446.75 2109.25 -5002.75 446.75 2109.25 -5002.75 161.75 2109.25 -5002.75 161.75 2109.25 -5016.25 456.75 2114.5 -5016.25 456.75 2114.5 -3983.75 -23.75 3915 -3983.75 -23.75 3915 -3983.75 156.75 3915 -3457.75 156.75 4383 -3457.75 156.75 4383 -3457.75 -24 4383 -3457.75 -24 4383 -3457.75 -24 4383 -1949.5 156.75 2658 -1949.5 156.75 2658 -2384.75 156.75 1035.25 -2384.75 156.75 1035.25 -2384.75 156.75 1035.25 -4588.75 306.75 1556.5 -4588.75 306.75 1556.5 -4653 381.75 1388.25 -4653 381.75 1388.25 -4574.5 644.75 1551.5 -4241.25 644.75 1437.5 -4717.5 456.75 1219.75 -4717.5 456.75 1219.75 -2159.75 456.75 1718.75 -4080 456.75 3603 -4239.5 456.75 3415.5 -4229 446.75 3406.25 -4075.75 446.75 3586.25 -4442 456.75 3168.5 -4430.25 446.75 3160.25 -4883.25 456.75 2434.5 -4870.25 446.75 2428 -1721.75 456.75 2138 -1721.75 456.75 2138 -4117.25 456.75 3756.5 -3152 -25 4313.75 -3152 -25 4313.75 -3302 -24.5 4409 -3302 -24.5 4409 -3301 156.75 4408 -3152 156.75 4313.75 -2879 -26.75 3937.25 -2879 -26.75 3937.25 -2879 -26.75 3937.25 -2879 -26.75 3937.25 -2879 156.75 3937.25 -2648.5 456.75 3448.5 -2591.5 456.75 3541.5 -2591.5 456.75 3541.5 -2037.75 446.75 2587.75 -2483.25 446.75 3204.5 -2167.75 446.75 1725.25 -2538.5 446.75 1102.5 -2653.5 446.75 3440 -1734 446.75 2141.5 -1734 446.75 2141.5 -2709.75 456.75 700.75 -2709.75 456.75 700.75 -3983.75 236.75 3915 -3457.75 236.75 4383 -3457.75 236.75 4383 -3300.75 236.5 4407.5 -3152 236.75 4313.75 -2879 236.75 3937.25 -3814 518.75 1449.5 -3747 446.75 1590.5 -4056 446.75 1721.5 -4111.75 518.75 1564.75 -4111.75 478.75 1564.75 -4056 422.25 1721.5 -4128.75 422.25 1752.5 -4185.75 478.75 1593.5 -3948.75 703 1173.5 -4221.75 703 1256.75 -4352 784.5 1125.25 -4274.5 786.25 1105.25 -4221.75 663 1256.75</float_array>
                    <technique_common>
                        <accessor count="253" source="#ID241" stride="3">
                            <param name="X" type="float"/>
                            <param name="Y" type="float"/>
                            <param name="Z" type="float"/>
                        </accessor>
                    </technique_common>
                </source>
                <source id="ID242">
                    <float_array id="ID243" count="738">0 1 0 -0.264322 0.945349 -0.190915 -0.266399 0.944481 -0.192322 -0.403563 0.869232 -0.285608 -0.458462 0.867787 0.191724 0.27468 0.954733 -0.114172 -0.22153 0.968683 0.11215 0.314169 0.934296 -0.168489 0.24195 0.953548 -0.179462 0.473925 0.821553 -0.316931 0.44526 0.815634 -0.369439 -0.31289 0.927243 0.20572 0.23334 0.952412 -0.196124 -0.283149 0.931942 0.226519 0.153369 0.979519 -0.130466 -0.360727 0.881625 0.304326 -0.640576 0.632098 -0.436022 -0.348903 0.906631 -0.237248 -0.625437 0.648498 -0.433911 -0.607669 0.66189 -0.438907 -0.375288 -0.0201272 -0.92669 -0.375116 -0.0173542 -0.926816 -0.374966 -0.00867739 -0.926998 -0.374975 -0.00486045 -0.927022 -0.373685 -0.00140169 -0.927555 -0.37498 0 -0.927033 0.827107 0.000317439 0.562045 0.827133 0.000158719 0.562006 0.827142 0.000105813 0.561993 0.822648 0.00112063 0.56855 0.827076 0.00113287 0.562089 0.815118 0.00149419 0.579292 -0.934202 -0 0.356746 -0.934202 0 0.356746 -0.933924 0 0.357472 -0.93397 0 0.357351 -0.933893 0 0.357553 0.894571 -0 -0.446925 0.883355 0 -0.468704 0.924946 -0.00014953 -0.380099 0.90527 -0.000149889 -0.424836 0.924981 -0.000448589 -0.380012 -0.933738 -0 0.357956 -0.934016 0 0.35723 -0.934106 0 0.356995 -0.934202 -0 0.356746 -0.93403 0 0.357194 -0.933916 0 0.357493 0.810635 0 -0.585552 0.755181 0.000284479 -0.655516 0.810738 0 -0.585409 -0.264272 0.945336 0.191052 -0.278679 0.949281 0.145617 0.441794 0.814529 -0.375979 -0.754964 0 0.655767 -0.696776 0 0.717289 -0.741384 0 0.671081 -0.690465 0 0.723366 -0.707174 0 0.707039 -0.785954 -0.00673876 0.618249 -0.81225 -0.00225003 0.583306 -0.787742 -0.00336941 0.615997 -0.835964 0 0.548784 0.765554 0.643152 0.0167946 0.777503 0.554669 0.296365 0.891052 0.420921 -0.169861 0.36907 0.884967 0.283938 -0.76346 0.369398 0.529787 -0.551895 0.615827 0.562288 0.153078 0.837081 0.525227 0.159001 0.875072 0.457129 -0.352213 0.256578 0.900063 -0.686523 0.385764 0.616338 0.216442 0.730262 0.647974 0.274156 0.326487 0.904569 -0.577582 0.467744 0.66904 0.30788 0.322731 0.895016 0.147642 0.91312 0.380018 0.262714 0.699122 0.664989 0.339457 0.326032 0.882311 0.342453 0.305166 0.888594 0.241963 0.724588 0.645311 0.335284 0.359269 0.870925 0.13664 0.671317 0.728466 0.222343 0.745356 0.628497 0.109174 0.448835 0.88692 0.25681 0.451598 0.854463 -0.0317036 0.447298 0.893823 0.125328 0.86452 0.486722 -0.780098 0.385613 0.492696 -0.105469 0.851372 0.513851 0.122574 0.889357 0.440476 0.0281245 0.643417 0.764999 0.237427 0.510719 0.826314 0.197462 0.748957 0.632512 0.0777581 0.444554 0.89237 -0.0244309 0.911915 0.409652 0.149701 0.436376 0.887223 -0.369628 -0.00186894 -0.929178 -0.367139 -0.00280339 -0.930162 -0.737172 0.42984 0.521359 -0.232633 0.246795 0.940731 -0.54618 0.551096 0.630857 0.1325 0.801199 0.583544 0.120524 0.947531 0.296074 0.155255 0.917488 0.366212 0.153405 0.912645 0.378876 -0.367276 0.795647 0.481719 -0.00628757 0.488653 0.872455 -0.0235566 0.504061 0.863347 -0.0468472 0.49933 0.865145 0.110176 0.672903 0.73148 -0.0541944 0.49939 0.864681 -0.0745861 0.494188 0.86615 0.0782629 0.00364547 0.996926 0.635954 0.00123056 0.771726 0.274409 0.00391104 0.961605 0.684566 0.000290752 0.728951 -0.15846 0.00325058 0.98736 -0.154185 -0 0.988042 -0.664716 -0 0.747096 -0.664716 0 0.747096 -0.35905 0.919083 0.162384 -0.629267 0.697198 0.343422 -0.465593 0.74016 0.485167 -0.518945 0.725988 0.451262 -0.337451 0.873014 0.352099 0.809572 0 0.58702 0.809572 0 0.58702 0.941752 -0.00157803 -0.336303 0.9419 -0.000789015 -0.335893 0.941949 -0.00052601 -0.335756 0.942047 -0 -0.335482 0.941268 -0.00143888 -0.337657 0.941403 -0.000719441 -0.337283 0.941448 -0.000479627 -0.337158 0.941538 -0 -0.336908 0.729922 0 0.683531 0.809572 0 0.58702 0.200191 0.00214786 0.979755 -0.164656 0 0.986351 -0.509346 0.745612 0.429685 -0.515364 0.745219 0.423141 0.524708 0.822866 -0.218114 0.51234 0.823674 -0.24304 0.943102 0 -0.332504 0.943065 -0.00191997 -0.332604 0.942833 -0.00287996 -0.333254 0.943045 -0.00287996 -0.332653 0.303127 0.362292 0.881396 0.694219 0.000846695 -0.719764 0.694028 0.000846696 -0.719948 -0.941695 -0.000527356 0.336467 -0.941835 -0.000351571 0.336076 -0.556556 0.729121 0.39828 -0.620669 0.718391 0.314142 -0.642387 0.71774 0.268679 -0.881033 0 0.473055 -0.902872 0 0.429908 -0.922557 0 0.38586 -0.942183 0 0.335099 -0.94199 0 0.33564 -0.771523 -0.00999624 0.636123 -0.768115 -0.00345264 0.640303 -0.756102 -0.00333364 0.654445 -0.764327 -0.00726667 0.644788 -0.766283 -0.00363337 0.642493 0.80905 0.00110818 0.587739 0.809127 0 0.587634 0.693837 0 -0.720132 0.697441 -0.0184682 -0.716404 0.700789 -0.0369297 -0.712412 0.694219 0 -0.719764 0.942046 -0 -0.335482 0.943525 -0 -0.331302 -0.601416 0.670272 -0.434781 -0.364096 0 -0.931361 0.0954687 0.886157 0.453444 -0.000663364 -0.999999 0.00151766 -0.00687058 -0.999889 0.0132178 -0.000957554 -0.999991 0.00411843 -0.000908257 -0.999992 0.00391657 -0.633229 0 -0.773965 -0.63142 0.00620738 -0.775416 -0.630831 0 -0.775921 0 -1 0 -0.00341178 -0.999992 0.00220134 -0.00459156 -0.999984 -0.00329442 -0.153742 -0.791278 -0.591813 -0.153037 -0.790558 -0.592956 -0.151149 -0.833427 -0.531558 -0.148198 -0.785249 -0.601183 -0.112934 -0.922872 -0.368174 -0.155805 -0.891138 -0.426143 -0.177029 -0.873057 -0.454349 -0.629585 0.012415 -0.776833 -0.630644 0.024828 -0.775675 -0.0965493 -0.922598 -0.373486 -0.111176 -0.907779 -0.404447 -0.139917 -0.8486 -0.510197 -0.0961341 -0.922848 -0.372974 -0.0960212 -0.922957 -0.372733 -0.149064 -0.786595 -0.599206 0.00146873 -0.999994 0.00319898 -0.0158556 -0.999638 0.0217546 -0.0233447 -0.999256 0.0307 -0.00681721 -0.999975 -0.00195726 -0.0115291 -0.999833 -0.0141805 -0.00640659 -0.999976 0.00267956 -0.00707347 -0.99997 0.0031295 -0.00727189 -0.99997 0.00268859 0.00608183 -0.999951 0.00779469 -0.00384188 -0.999986 0.00378383 -0.146892 -0.923103 -0.355393 -0.0965767 -0.922528 -0.373652 0.809238 0 0.587481 0.809183 0.000351877 0.587557 0.809164 0.000234584 0.587583 0.81371 0.000175955 0.581271 0.809127 0 0.587634 0.821239 0 0.570585 0.80978 0 0.586734 0.80978 0 0.586734 0.809466 -0.00520726 0.587144 -0.588091 -0 0.808795 -0.588071 -0.000116051 0.80881 -0.588064 -7.73676e-005 0.808815 -0.58805 -7.73675e-005 0.808824 -0.58805 0 0.808825 -0.58805 0 0.808824 0.587726 -0 -0.80906 0.80887 0 0.587987 0.809092 -0.00390543 0.58767 0.808845 -0.00781091 0.58797 -0.00236867 -0.999992 0.00325796 -0.00236781 -0.999992 0.00325813 -0.00118391 -0.999998 0.00162907 -0.00118347 -0.999998 0.00162916 0.58805 -0.000968652 -0.808824 0.587827 -0.000484326 -0.808986 0.587604 0 -0.809149 0.82716 0 0.561966 0.82716 0 0.561966 0.573417 -0 -0.819264 0.581041 -0.0185934 -0.813662 0.588413 -0.0371788 -0.807705</float_array>
                    <technique_common>
                        <accessor count="246" source="#ID243" stride="3">
                            <param name="X" type="float"/>
                            <param name="Y" type="float"/>
                            <param name="Z" type="float"/>
                        </accessor>
                    </technique_common>
                </source>
                <source id="ID244">
                    <float_array id="ID245" count="472">1.61914 -8.76855 1.67578 -8.56934 2.22754 -8.76855 2.22754 -8.66895 3.24316 -8.76855 2.22754 -8.56934 3.24316 -8.56934 -5.27441 -8.75098 -5.27441 -8.56934 -4.27832 -8.75098 -4.27832 -8.56934 -3.27832 -8.56934 -3.27832 -8.54688 -2.76953 -8.54688 -3.27832 -8.75098 -2.76953 -8.56934 -2.76953 -8.75098 -2.30762 -8.56934 -2.15625 -8.75098 4.23145 -8.55273 4.23145 -8.56934 3.24316 -8.55273 2.22754 -8.55273 -1.04297 -2.25 -0.793945 -2.25 -1.07324 -2.25 -0.772461 -2.25 -1.0498 -2.77832 -0.772461 -2.77832 0.738281 -4.99707 0.233398 -4.99707 0.738281 -4.76855 0.233398 -4.77051 0.738281 -4.56055 0.233398 -4.56055 -2.27637 0.232422 -2.59473 0.232422 -2.30664 0.451172 -2.59473 0.456055 -2.59473 0.756836 -1.7373 -6.23828 -1.7373 -6 -1.44629 -5.99902 -1.7373 -5.76953 -1.36914 -5.76953 -2.27637 0.466797 -2.30664 0.791016 -2.59473 0.999023 -2.27637 0.791016 -2.30664 1 -2.59473 1.23535 -2.25977 -6.23828 -2.25977 -6 -2.25977 -5.76953 5.22754 -8.77051 5.22754 -8.56348 6.22461 -8.77051 6.22461 -8.56348 7.22461 -8.56348 -2.3252 -8.54688 -1.73145 -3.63379 -1.40723 -3.63379 -1.73145 -3.77344 -1.40723 -3.77344 -1.40723 -3.99219 1.21289 -2.77832 0.707031 -2.77832 1.21289 -2.25 0.707031 -2.25 -1.87695 0.27832 -1.86523 0.450195 -1.86523 0.458984 -1.7334 1.0127 -1.7334 0.776367 -1.84082 1.0127 -1.85254 0.776367 -1.7334 0.791016 -1.39941 0.791016 -1.39941 1 -1.39941 0.760742 -1.77148 0.458984 -1.77148 0.466797 -1.39941 0.455078 -1.39941 0.466797 -1.86426 0.466797 -2.25879 0.466797 -1.85352 0.760742 -2.25879 0.760742 -1.39941 1.02441 -1.7334 1.02441 -1.39941 1.23535 -1.74316 1.23535 -2.25879 1.23535 -1.93848 1.23535 -2.25879 1.02441 -1.83984 1.02441 -1.84082 1 -2.25879 1 -2.25879 0.234375 -2.25879 0.445313 -1.77344 -2.25 -2.28125 -2.77832 -2.27637 1.23535 -2.27637 1.02441 -1.8457 1.23535 -1.77148 0.289063 -1.39941 0.332031 -2.27637 0.445313 -2.27637 0.760742 -2.25879 0.791016 -2.27637 1 0.199219 -3.65332 0.599609 -3.65234 0.199219 -3.7998 0.599609 -3.7998 -0.256836 -3.7998 -0.256836 -3.65234 -0.256836 -3.63379 -0.256836 -3.77344 4.23145 -8.76855 7.22461 -8.54883 6.22461 -8.54883 4.23145 -8.54883 5.22754 -8.54883 4.23145 -8.56348 1 -3.65332 1 -3.7998 -1.85254 0.791016 0.599609 -4 1 -4 0.199219 -4 -0.256836 -4 -2.14355 -8.76758 -2.76953 -8.76758 4.23145 -8.77051 -5.27441 -8.54688 -4.27832 -8.54688 -3.25879 -6 -3.25879 -6.23828 -0.256836 -3.99219 -3.27832 -8.76758 -4.27832 -8.76758 -5.27441 -8.76758 -0.287109 -2.77832 -0.287109 -2.25 -2.26367 -4.00488 -2.26367 -3.77344 -1.73145 -3.99707 -2.26367 -3.25 -1.73145 -3.25 -0.287109 -4.77051 -0.287109 -4.56055 -2.29785 -6.23828 -2.29785 -6.54004 -3.25879 -6.54004 -3.25879 -5.76953 1.68066 -8.55273 -2.28125 -2.25 7.22461 -8.77051 2.96094 5.46777 2.19824 4.00781 3.12793 4.75 3.22461 4.2959 1.80762 6.72754 1.74512 5.37793 1.9873 6.72754 1.9248 5.37793 -0.753906 6.96777 -1.07031 4.9043 -0.0898438 6.96777 0.125 5.60645 0.931641 3.19922 0.773438 3.19922 0.930664 3 0.763672 3.19922 2.63672 6.7666 2.80078 6.15723 -1.21973 3 -1.21973 2.8916 0.930664 2.75293 1.85254 4.02051 1.67676 4.01855 0.474609 3.19922 -1.21973 3.10449 0.698242 3.19922 -0.47168 3.19922 -0.526367 3.19922 0.754883 3.19922 3.19629 4.17676 2.39258 4.0127 0.0195313 4.19434 0.336914 4.2334 -1.18066 4.23633 -0.835938 4.19043 -1.15918 4.36914 3.07617 4.08594 -1.21973 2.75293 -1.21973 3.19922 -2.26953 -4.55762 -1.78223 -4.55762 -2.26953 -4.77051 -1.78223 -4.77051 -2.26953 -5.00391 -1.78223 -5.00391 2.7041 -3.25 2.7041 -3.4375 1.73926 -3.25 1.73926 -3.63379 0.456055 -0.550781 0.459961 -1 0.169922 -0.550781 0.0537109 -0.750977 -0.0947266 -0.905273 -0.269531 -1 1.19922 -3.61719 1.73926 -3.62988 1.19922 -3.76758 1.73926 -3.76855 1.19922 -4 1.73926 -4 0.599609 -1 0.599609 -0.550781 2.7041 -4 2.7041 -3.77344 1.73926 -3.77344 -0.269531 -0.550781 1.19922 -1 1.19922 -0.550781 1.39941 -1 1.39941 -0.550781 1.97949 -1 1.97559 -0.550781 -1.2627 -4.77051 -1.2627 -5.00391 2.19922 -1 2.19922 -0.550781</float_array>
                    <technique_common>
                        <accessor count="236" source="#ID245" stride="2">
                            <param name="S" type="float"/>
                            <param name="T" type="float"/>
                        </accessor>
                    </technique_common>
                </source>
                <vertices id="ID246">
                    <input semantic="POSITION" source="#ID240"/>
                </vertices>
                <triangles count="261" material="Material1">
                    <input offset="0" semantic="VERTEX" source="#ID246"/>
                    <input offset="1" semantic="NORMAL" source="#ID242"/>
                    <input offset="2" semantic="TEXCOORD" source="#ID244" set="0"/>
                    <p>103 0 2 222 1 1 224 0 0 222 1 1 103 0 2 100 0 3 101 0 4 100 0 3 103 0 2 100 0 3 101 0 4 106 2 5 107 3 6 106 2 5 101 0 4 165 6 9 177 5 8 166 4 7 177 5 8 165 6 9 206 7 10 204 8 11 206 7 10 165 6 9 206 7 10 204 8 11 205 9 12 202 10 13 205 9 12 204 8 11 168 11 14 204 8 11 165 6 9 204 8 11 168 11 14 201 12 15 169 13 16 201 12 15 168 11 14 201 12 15 169 13 16 200 14 17 210 15 18 200 14 17 169 13 16 225 18 21 209 17 20 231 16 19 209 17 20 225 18 21 107 3 6 226 19 22 107 3 6 225 18 21 107 3 6 226 19 22 106 2 5 222 1 1 106 2 5 226 19 22 172 22 25 167 21 24 176 20 23 167 21 24 172 22 25 157 23 26 175 24 27 157 23 26 172 22 25 157 23 26 175 24 27 163 25 28 123 28 31 186 27 30 136 26 29 186 27 30 123 28 31 129 29 32 125 30 33 129 29 32 123 28 31 129 29 32 125 30 33 102 31 34 84 34 37 88 33 36 156 32 35 88 33 36 84 34 37 86 35 38 192 36 39 86 35 38 84 34 37 171 39 42 128 38 41 190 37 40 128 38 41 171 39 42 99 40 43 96 41 44 99 40 43 171 39 42 81 43 46 84 34 37 83 42 45 84 34 37 81 43 46 192 36 39 194 44 47 192 36 39 81 43 46 61 46 49 81 43 46 80 45 48 81 43 46 61 46 49 194 44 47 198 47 50 194 44 47 61 46 49 128 38 41 141 48 51 190 37 40 141 48 51 128 38 41 121 49 52 119 50 53 121 49 52 128 38 41 98 0 56 199 51 55 120 0 54 199 51 55 98 0 56 92 52 57 93 0 58 92 52 57 98 0 56 201 12 15 202 10 13 204 8 11 202 10 13 201 12 15 203 53 59 200 14 17 203 53 59 201 12 15 149 56 62 234 55 61 146 54 60 234 55 61 149 56 62 180 57 63 179 58 64 180 57 63 149 56 62 110 61 67 117 60 66 113 59 65 117 60 66 110 61 67 108 62 68 246 65 69 55 64 70 58 63 69 55 64 70 246 65 69 247 66 71 0 69 74 7 68 73 252 67 72 7 68 73 0 69 74 6 70 75 8 73 77 249 72 72 9 71 76 249 72 72 8 73 77 248 74 78 2 76 79 9 71 76 5 75 73 9 71 76 2 76 79 8 73 77 7 68 73 247 66 71 244 77 80 247 66 71 7 68 73 6 70 75 240 80 82 4 79 81 243 78 80 4 79 81 240 80 82 3 81 83 76 84 86 79 83 85 78 82 84 79 83 85 76 84 86 75 85 87 3 81 83 5 75 73 4 79 81 5 75 73 3 81 83 2 76 79 70 88 90 72 87 89 71 86 88 72 87 89 70 88 90 69 89 91 64 92 94 74 91 93 73 90 92 74 91 93 64 92 94 65 93 95 65 93 95 68 95 97 67 94 96 68 95 97 65 93 95 64 92 94 55 64 70 59 96 98 58 63 69 59 96 98 55 64 70 53 97 99 154 98 100 175 24 27 172 22 25 175 24 27 154 98 100 90 99 101 61 46 49 63 100 102 198 47 50 63 100 102 61 46 49 60 101 103 251 102 91 0 69 74 252 67 72 0 69 74 251 102 91 250 103 104 248 74 78 72 87 89 249 72 72 72 87 89 248 74 78 71 86 88 245 104 105 247 66 71 246 65 69 247 66 71 245 104 105 244 77 80 241 106 106 243 78 80 242 105 105 243 78 80 241 106 106 240 80 82 63 100 102 64 92 94 73 90 92 64 92 94 63 100 102 60 101 103 53 97 99 156 107 35 59 96 98 156 107 35 53 97 99 85 108 107 75 85 87 83 109 45 79 83 85 83 109 45 75 85 87 82 110 108 68 95 97 80 112 48 195 111 109 80 112 48 68 95 97 62 113 110 215 116 113 238 115 112 237 114 111 238 115 112 215 116 113 216 117 114 237 114 111 182 118 115 215 116 113 182 118 115 237 114 111 236 119 116 234 55 61 181 121 118 235 120 117 181 121 118 234 55 61 180 57 63 209 17 20 101 0 4 127 0 119 101 0 4 209 17 20 107 3 6 233 122 120 92 52 57 93 0 58 92 52 57 233 122 120 228 123 121 208 126 124 227 125 123 230 124 122 227 125 123 208 126 124 199 51 55 228 123 121 199 51 55 92 52 57 199 51 55 228 123 121 227 125 123 216 117 114 239 127 125 238 115 112 239 127 125 216 117 114 221 128 126 56 131 84 76 130 86 78 129 84 76 130 86 56 131 84 6 132 75 77 135 127 67 134 96 196 133 127 67 134 96 77 135 127 0 136 74 212 137 128 221 128 126 216 117 114 221 128 126 212 137 128 220 138 129 182 118 115 214 139 130 215 116 113 214 139 130 182 118 115 185 140 131 214 139 130 216 117 114 215 116 113 216 117 114 214 139 130 212 137 128 210 15 18 112 142 133 148 141 132 112 142 133 210 15 18 169 13 16 126 0 134 199 51 55 208 126 124 199 51 55 126 0 134 120 0 54 177 5 8 207 144 136 173 143 135 207 144 136 177 5 8 206 7 10 65 147 95 250 146 104 1 145 104 250 146 104 65 147 95 66 148 95 67 94 96 195 111 109 196 149 127 195 111 109 67 94 96 68 95 97 196 149 127 75 85 87 76 84 86 75 85 87 196 149 127 195 111 109 78 82 84 53 97 99 55 64 70 53 97 99 78 82 84 79 83 85 252 67 72 9 71 76 249 72 72 9 71 76 252 67 72 5 75 73 135 151 138 121 49 52 122 150 137 121 49 52 135 151 138 141 48 51 7 68 73 4 152 81 5 75 73 4 152 81 7 68 73 243 153 80 69 89 91 249 72 72 72 87 89 249 72 72 69 89 91 251 102 91 180 57 63 184 121 139 181 121 118 184 121 139 180 57 63 179 58 64 169 13 16 109 154 140 112 142 133 109 154 140 169 13 16 168 11 14 168 11 14 160 155 141 109 154 140 160 155 141 168 11 14 165 6 9 160 155 141 166 4 7 158 156 142 166 4 7 160 155 141 165 6 9 108 62 68 161 157 143 117 60 66 161 157 143 108 62 68 159 158 144 159 158 144 163 159 28 161 157 143 163 159 28 159 158 144 157 159 26 244 161 80 242 160 105 243 153 80 242 160 105 244 161 80 245 160 105 151 164 147 114 163 146 152 162 145 114 163 146 151 164 147 149 56 62 114 163 146 147 166 149 111 165 148 147 166 149 114 163 146 146 54 60 102 31 34 144 167 150 129 29 32 144 167 150 102 31 34 104 168 151 135 170 138 142 170 153 138 169 152 142 170 153 135 170 138 131 171 154 121 49 52 124 172 155 122 150 137 124 172 155 121 49 52 119 50 53 243 153 80 7 68 73 244 161 80 80 112 48 75 85 87 195 111 109 60 101 103 68 95 97 64 92 94 5 75 73 252 67 72 7 68 73 252 67 72 249 72 72 251 102 91 62 113 110 68 95 97 60 101 103 0 136 74 77 135 127 6 136 75 85 108 107 53 97 99 83 109 45 6 132 75 56 131 84 247 173 71 250 146 104 66 148 95 0 174 74 82 110 108 75 85 87 80 112 48 83 109 45 53 97 99 79 83 85 226 19 22 229 175 156 222 1 1 119 50 53 128 38 41 99 40 43 146 54 60 114 163 146 149 56 62 222 1 1 100 0 3 106 2 5 149 56 62 151 164 147 179 58 64 155 176 157 90 99 101 154 98 100 205 9 12 207 144 136 206 7 10 74 91 93 65 93 95 1 177 104 98 0 56 95 0 158 93 0 58 217 180 161 150 179 160 18 178 159 150 179 160 217 180 161 211 181 162 143 182 165 20 183 164 140 182 163 20 183 164 143 182 165 17 184 166 139 185 169 91 186 168 189 185 167 91 186 168 139 185 169 21 187 170 170 190 173 94 189 172 97 188 171 94 189 172 170 190 173 232 191 174 15 185 176 143 185 165 132 185 175 143 185 165 15 185 176 18 178 159 170 190 173 87 193 178 191 192 177 87 193 178 170 190 173 188 194 179 153 195 180 20 183 164 17 184 166 20 183 164 153 195 180 115 196 181 12 199 184 193 198 183 13 197 182 193 198 183 12 199 184 170 190 173 193 198 183 11 200 185 13 197 182 10 201 186 11 200 185 193 198 183 14 202 187 232 191 174 170 190 173 150 179 160 17 203 166 18 178 159 178 205 189 150 179 160 213 204 188 118 206 190 91 186 168 21 187 170 118 206 190 21 187 170 116 207 191 14 202 187 170 190 173 12 199 184 174 210 194 162 209 193 164 208 192 91 186 168 162 209 193 174 210 194 91 186 168 118 206 190 162 209 193 150 179 160 153 211 180 17 203 166 183 212 195 178 205 189 213 204 188 150 179 160 211 181 162 213 204 188 188 194 179 89 213 196 87 193 178 10 201 186 193 198 183 197 214 197 18 178 159 17 203 166 143 185 165 193 198 183 170 190 173 191 192 177 32 217 200 47 216 199 49 215 198 47 216 199 32 217 200 34 218 201 23 219 202 34 218 201 32 217 200 34 218 201 23 219 202 26 220 203 40 221 206 50 222 205 38 221 204 50 222 205 40 221 206 42 223 207 223 0 210 37 0 209 105 0 208 37 0 209 223 0 210 41 0 211 36 0 212 37 0 209 41 0 211 37 0 209 36 0 212 39 0 213 54 226 216 43 225 215 57 224 214 43 225 215 54 226 216 45 227 217 219 228 218 45 227 217 54 226 216 45 227 217 219 228 218 52 229 219 145 230 221 37 230 209 48 230 220 37 230 209 145 230 221 105 230 208 33 232 223 52 231 219 24 231 222 52 231 219 33 232 223 44 233 224 19 236 208 51 235 213 218 234 225 51 235 213 19 236 208 22 237 209 46 0 226 145 0 221 48 0 220 145 0 221 46 0 226 130 0 227 187 239 229 46 239 226 35 238 228 46 239 226 187 239 229 130 240 227 137 0 231 35 0 228 30 0 230 35 0 228 137 0 231 187 0 229 26 220 203 31 241 232 34 218 201 31 241 232 26 220 203 29 242 233 28 185 230 16 185 227 133 185 231 16 185 227 28 185 230 25 185 226 134 244 235 30 244 230 27 243 234 30 244 230 134 244 235 137 245 231 25 185 226 19 236 208 16 185 227 19 236 208 25 185 226 22 237 209 44 233 224 33 232 223 42 223 207 42 223 207 33 232 223 50 222 205</p>
                </triangles>
            </mesh>
        </geometry>
        <geometry id="ID248">
            <mesh>
                <source id="ID249">
                    <float_array id="ID250" count="228">-3863 298 4288 -3863 298 4288 -3734 298 4412.5 -3734 298 4412.5 -3734 447 4412.5 -3577.25 298 4499.25 -3577.25 298 4499.25 -3577.25 447 4499.25 -3403.5 298 4542.75 -3403.5 298 4542.75 -3403.5 447 4542.75 -3955.25 298 4134.25 -3955.25 298 4134.25 -3955.25 447 4134.25 -3224.25 298 4539.5 -3224.25 298 4539.5 -3224.25 447 4539.5 -4004.75 298 3962 -4004.75 298 3962 -4004.75 447 3962 -3052 298 4490.25 -3052 298 4490.25 -4007.75 298 3782.75 -4007.75 298 3782.75 -4007.75 447 3782.75 -2898.25 298 4397.75 -2898.25 298 4397.75 -2898.25 447 4397.75 -3964.5 298 3608.75 -3964.5 298 3608.75 -2773.75 298 4269 -2773.75 298 4269 -3877.5 298 3452 -3877.5 298 3452 -3877.5 447 3452 -2687 298 4112.25 -2687 298 4112.25 -2687 447 4112.25 -3753 298 3323.25 -3753 298 3323.25 -3753 447 3323.25 -2643.5 298 3938.25 -2643.5 298 3938.25 -2643.5 447 3938.25 -3599.5 298 3230.75 -3599.5 298 3230.75 -3599.5 447 3230.75 -2646.75 298 3759 -2646.75 298 3759 -2646.75 447 3759 -3427.25 298 3181.5 -3427.25 298 3181.5 -3427.25 298 3181.5 -3427.25 447 3181.5 -3427.25 447 3181.5 -2696 298 3586.75 -2696 298 3586.75 -2696 447 3586.75 -3248 298 3178.25 -3248 298 3178.25 -3248 447 3178.25 -2788.25 298 3433 -2788.25 298 3433 -3074 298 3221.75 -3074 298 3221.75 -3074 447 3221.75 -2917.25 298 3308.5 -2917.25 298 3308.5 -2917.25 447 3308.5 -3325.75 292 3860.5 -3325.75 292 3860.5 -3863 447 4288 -3052 447 4490.25 -3964.5 447 3608.75 -2773.75 447 4269 -2788.25 447 3433</float_array>
                    <technique_common>
                        <accessor count="76" source="#ID250" stride="3">
                            <param name="X" type="float"/>
                            <param name="Y" type="float"/>
                            <param name="Z" type="float"/>
                        </accessor>
                    </technique_common>
                </source>
                <source id="ID251">
                    <float_array id="ID252" count="246">0.0181281 0 0.999836 -0.0692917 0 0.997597 0.0181281 0 0.999836 -0.156852 0 0.987622 -0.325547 0 0.945526 -0.40672 0 0.913553 -0.558553 0 0.829469 -0.629166 0 0.777271 -0.754571 0 0.656219 -0.809339 0 0.587342 -0.898992 0 0.437965 -0.933917 0 0.357489 -0.981639 0 0.190747 -0.994524 0 0.104506 0.274905 0 0.961471 0.35808 0 0.933691 0.274905 0 0.961471 0.439116 0 0.898431 -0.997597 0 -0.0692917 -0.987622 0 -0.156852 0.588118 0 0.808775 0.656207 0 0.754581 -0.945526 0 -0.325547 -0.913553 0 -0.40672 0.776608 0 0.629984 0.828833 0 0.559496 -0.82929 0 -0.558819 -0.776862 0 -0.62967 0.913403 0 0.407057 0.945689 0 0.325073 -0.656028 0 -0.754737 -0.587729 0 -0.809058 0.987692 0 0.156413 0.997563 0 0.0697762 -0.438683 0 -0.898642 -0.357858 0 -0.933776 0.994575 0 -0.104019 0.981556 0 -0.191175 -0.190747 0 -0.981639 -0.104506 0 -0.994524 0.933596 0 -0.358327 0.898798 0 -0.438363 0.0694034 0 -0.997589 0.157076 0 -0.987587 0.809339 0 -0.587342 0.754571 0 -0.656219 0.325761 0 -0.945452 0.406822 0 -0.913508 0.558553 0 -0.829469 0.629166 0 -0.777271 -0.00771103 0.999961 -0.00426751 -0.00702324 0.999962 -0.00519692 -0.00525325 0.999964 -0.00660501 -0.00543951 0.999962 -0.00683924 -0.00348324 0.999962 -0.00801308 -0.00755638 0.999961 0.00453383 -0.00801519 0.999962 0.00347837 -0.00834832 0.999964 0.00124472 -0.00864315 0.999962 0.00129134 -0.0086814 0.999962 -0.000988923 -0.000159777 0.999961 -0.0088123 0.000990418 0.999962 -0.00868123 0.00572133 0.999973 -0.00455106 0.00320444 0.999962 -0.00813128 0.00519461 0.999962 -0.0070273 -0.00611939 0.999961 0.00634057 0.00108148 0.999973 0.00723053 -0.00519345 0.999962 0.00702581 -0.00320257 0.999962 0.00813076 -0.000988923 0.999962 0.0086814 0.00129134 0.999962 0.00864315 0.00348617 0.999962 0.0080118 0.00544328 0.999962 0.00683877 0.00702209 0.999962 0.00520277 0.00770705 0.999961 0.0042776 0.00855489 0.999961 0.00212643 0.00868452 0.999962 0.000989458 0.00864319 0.999962 -0.0012911 0.0080155 0.999962 -0.00348498 0.00683986 0.999962 -0.00543873 -0.00855048 0.999961 -0.00213762 -0.0024229 0.999961 -0.008474</float_array>
                    <technique_common>
                        <accessor count="82" source="#ID252" stride="3">
                            <param name="X" type="float"/>
                            <param name="Y" type="float"/>
                            <param name="Z" type="float"/>
                        </accessor>
                    </technique_common>
                </source>
                <source id="ID253">
                    <float_array id="ID254" count="120">3.31934 -4.56152 3.08789 -4.56152 3.31934 -5.56152 3.08789 -5.56152 2.85742 -4.56152 2.85742 -5.56152 2.62598 -4.56152 2.62598 -5.56152 2.39453 -4.56152 2.39453 -5.56152 2.16406 -4.56152 2.16406 -5.56152 1.93262 -4.56152 1.93262 -5.56152 -2.22461 -5.56152 -1.99316 -5.56152 -2.22461 -4.56152 -1.99316 -4.56152 1.70215 -4.56152 1.70215 -5.56152 -1.7627 -5.56152 -1.7627 -4.56152 1.4707 -4.56152 1.4707 -5.56152 -1.53125 -5.56152 -1.53125 -4.56152 1.24023 -4.56152 1.24023 -5.56152 -1.30078 -5.56152 -1.30078 -4.56152 1.00879 -4.56152 1.00879 -5.56152 -1.06934 -5.56152 -1.06934 -4.56152 0.777344 -4.56152 0.777344 -5.56152 -0.838867 -5.56152 -0.838867 -4.56152 0.546875 -4.56152 0.546875 -5.56152 -0.607422 -5.56152 -0.607422 -4.56152 0.31543 -4.56152 0.31543 -5.56152 -0.375977 -5.56152 -0.375977 -4.56152 0.0849609 -4.56152 0.0849609 -5.56152 -0.145508 -4.56152 -0.145508 -5.56152 0.620117 -0.790039 0.311523 -0.790039 0.015625 1.00391 0.015625 -0.790039 -0.291016 -0.790039 -0.573242 -0.790039 0.0166016 0.998047 0.00976563 -0.790039 -0.286133 -0.790039 0.317383 -0.790039</float_array>
                    <technique_common>
                        <accessor count="60" source="#ID254" stride="2">
                            <param name="S" type="float"/>
                            <param name="T" type="float"/>
                        </accessor>
                    </technique_common>
                </source>
                <vertices id="ID255">
                    <input semantic="POSITION" source="#ID249"/>
                </vertices>
                <triangles count="72" material="Material1">
                    <input offset="0" semantic="VERTEX" source="#ID255"/>
                    <input offset="1" semantic="NORMAL" source="#ID251"/>
                    <input offset="2" semantic="TEXCOORD" source="#ID253" set="0"/>
                    <p>51 2 2 60 1 1 54 0 0 60 1 1 51 2 2 58 3 3 58 3 3 65 4 4 60 1 1 65 4 4 58 3 3 63 5 5 63 5 5 68 6 6 65 4 4 68 6 6 63 5 5 66 7 7 66 7 7 75 8 8 68 6 6 75 8 8 66 7 7 61 9 9 61 9 9 57 10 10 75 8 8 57 10 10 61 9 9 55 11 11 55 11 11 49 12 12 57 10 10 49 12 12 55 11 11 47 13 13 53 16 16 44 15 15 50 14 14 44 15 15 53 16 16 46 17 17 47 13 13 43 18 18 49 12 12 43 18 18 47 13 13 41 19 19 46 17 17 38 20 20 44 15 15 38 20 20 46 17 17 40 21 21 41 19 19 37 22 22 43 18 18 37 22 22 41 19 19 35 23 23 40 21 21 32 24 24 38 20 20 32 24 24 40 21 21 34 25 25 35 23 23 74 26 26 37 22 22 74 26 26 35 23 23 30 27 27 34 25 25 28 28 28 32 24 24 28 28 28 34 25 25 73 29 29 30 27 27 27 30 30 74 26 26 27 30 30 30 27 27 25 31 31 73 29 29 22 32 32 28 28 28 22 32 32 73 29 29 24 33 33 25 31 31 72 34 34 27 30 30 72 34 34 25 31 31 20 35 35 24 33 33 17 36 36 22 32 32 17 36 36 24 33 33 19 37 37 20 35 35 16 38 38 72 34 34 16 38 38 20 35 35 14 39 39 19 37 37 11 40 40 17 36 36 11 40 40 19 37 37 13 41 41 14 39 39 10 42 42 16 38 38 10 42 42 14 39 39 8 43 43 13 41 41 0 44 44 11 40 40 0 44 44 13 41 41 71 45 45 8 43 43 7 46 46 10 42 42 7 46 46 8 43 43 5 47 47 5 47 47 4 48 48 7 46 46 4 48 48 5 47 47 2 49 49 2 49 49 71 45 45 4 48 48 71 45 45 2 49 49 0 44 44 70 52 52 31 51 51 36 50 50 31 51 51 70 52 52 26 53 53 21 54 54 26 53 53 70 52 52 69 57 56 56 56 54 62 55 55 56 56 54 69 57 56 48 58 57 42 59 51 48 58 57 69 57 56 69 62 56 9 61 54 15 60 55 9 61 54 69 62 56 6 63 57 3 64 51 6 63 57 69 62 56 67 67 58 70 66 52 62 65 55 70 66 52 67 67 58 64 68 53 59 69 59 70 66 52 64 68 53 70 66 52 59 69 59 52 70 50 45 71 51 70 66 52 52 70 50 70 66 52 45 71 51 39 72 57 33 73 58 70 66 52 39 72 57 70 66 52 33 73 58 29 74 55 23 76 54 69 62 56 29 75 55 69 62 56 23 76 54 18 77 53 12 78 51 69 62 56 18 77 53 69 62 56 12 78 51 1 79 50 36 80 50 42 59 51 69 57 56 15 81 55 21 54 54 70 52 52 1 79 50 3 64 51 69 62 56</p>
                </triangles>
            </mesh>
        </geometry>
    </library_geometries>
    <library_visual_scenes>
        <visual_scene id="ID93">
            <node id="ID94" name="n0b9">
                <translate sid="translate">0 0 -0</translate>
                <rotate sid="rotateY">0 1 0 -0</rotate>
                <rotate sid="rotateX">1 0 0 0</rotate>
                <rotate sid="rotateZ">0 0 1 -0</rotate>
                <scale sid="scale">1 1 1</scale>
                <instance_geometry url="#ID95">
                    <bind_material>
                        <technique_common>
                            <instance_material symbol="Material1" target="#ID88">
                                <bind_vertex_input semantic="UVSET0" input_semantic="TEXCOORD" input_set="0"/>
                            </instance_material>
                        </technique_common>
                    </bind_material>
                </instance_geometry>
            </node>
            <node id="ID103" name="n1b12">
                <translate sid="translate">0 0 -0</translate>
                <rotate sid="rotateY">0 1 0 -0</rotate>
                <rotate sid="rotateX">1 0 0 0</rotate>
                <rotate sid="rotateZ">0 0 1 -0</rotate>
                <scale sid="scale">1 1 1</scale>
                <instance_geometry url="#ID104">
                    <bind_material>
                        <technique_common>
                            <instance_material symbol="Material1" target="#ID83">
                                <bind_vertex_input semantic="UVSET0" input_semantic="TEXCOORD" input_set="0"/>
                            </instance_material>
                        </technique_common>
                    </bind_material>
                </instance_geometry>
            </node>
            <node id="ID112" name="n2b11">
                <translate sid="translate">0 0 -0</translate>
                <rotate sid="rotateY">0 1 0 -0</rotate>
                <rotate sid="rotateX">1 0 0 0</rotate>
                <rotate sid="rotateZ">0 0 1 -0</rotate>
                <scale sid="scale">1 1 1</scale>
                <instance_geometry url="#ID113">
                    <bind_material>
                        <technique_common>
                            <instance_material symbol="Material1" target="#ID38">
                                <bind_vertex_input semantic="UVSET0" input_semantic="TEXCOORD" input_set="0"/>
                            </instance_material>
                        </technique_common>
                    </bind_material>
                </instance_geometry>
            </node>
            <node id="ID121" name="n3b15">
                <translate sid="translate">0 0 -0</translate>
                <rotate sid="rotateY">0 1 0 -0</rotate>
                <rotate sid="rotateX">1 0 0 0</rotate>
                <rotate sid="rotateZ">0 0 1 -0</rotate>
                <scale sid="scale">1 1 1</scale>
                <instance_geometry url="#ID122">
                    <bind_material>
                        <technique_common>
                            <instance_material symbol="Material1" target="#ID33">
                                <bind_vertex_input semantic="UVSET0" input_semantic="TEXCOORD" input_set="0"/>
                            </instance_material>
                        </technique_common>
                    </bind_material>
                </instance_geometry>
            </node>
            <node id="ID130" name="n4b13">
                <translate sid="translate">0 0 -0</translate>
                <rotate sid="rotateY">0 1 0 -0</rotate>
                <rotate sid="rotateX">1 0 0 0</rotate>
                <rotate sid="rotateZ">0 0 1 -0</rotate>
                <scale sid="scale">1 1 1</scale>
                <instance_geometry url="#ID131">
                    <bind_material>
                        <technique_common>
                            <instance_material symbol="Material1" target="#ID28">
                                <bind_vertex_input semantic="UVSET0" input_semantic="TEXCOORD" input_set="0"/>
                            </instance_material>
                        </technique_common>
                    </bind_material>
                </instance_geometry>
            </node>
            <node id="ID139" name="n5b7">
                <translate sid="translate">0 0 -0</translate>
                <rotate sid="rotateY">0 1 0 -0</rotate>
                <rotate sid="rotateX">1 0 0 0</rotate>
                <rotate sid="rotateZ">0 0 1 -0</rotate>
                <scale sid="scale">1 1 1</scale>
                <instance_geometry url="#ID140">
                    <bind_material>
                        <technique_common>
                            <instance_material symbol="Material1" target="#ID23">
                                <bind_vertex_input semantic="UVSET0" input_semantic="TEXCOORD" input_set="0"/>
                            </instance_material>
                        </technique_common>
                    </bind_material>
                </instance_geometry>
            </node>
            <node id="ID148" name="n6b10">
                <translate sid="translate">0 0 -0</translate>
                <rotate sid="rotateY">0 1 0 -0</rotate>
                <rotate sid="rotateX">1 0 0 0</rotate>
                <rotate sid="rotateZ">0 0 1 -0</rotate>
                <scale sid="scale">1 1 1</scale>
                <instance_geometry url="#ID149">
                    <bind_material>
                        <technique_common>
                            <instance_material symbol="Material1" target="#ID18">
                                <bind_vertex_input semantic="UVSET0" input_semantic="TEXCOORD" input_set="0"/>
                            </instance_material>
                        </technique_common>
                    </bind_material>
                </instance_geometry>
            </node>
            <node id="ID157" name="n7b2">
                <translate sid="translate">0 0 -0</translate>
                <rotate sid="rotateY">0 1 0 -0</rotate>
                <rotate sid="rotateX">1 0 0 0</rotate>
                <rotate sid="rotateZ">0 0 1 -0</rotate>
                <scale sid="scale">1 1 1</scale>
                <instance_geometry url="#ID158">
                    <bind_material>
                        <technique_common>
                            <instance_material symbol="Material1" target="#ID13">
                                <bind_vertex_input semantic="UVSET0" input_semantic="TEXCOORD" input_set="0"/>
                            </instance_material>
                        </technique_common>
                    </bind_material>
                </instance_geometry>
            </node>
            <node id="ID166" name="n8b3">
                <translate sid="translate">0 0 -0</translate>
                <rotate sid="rotateY">0 1 0 -0</rotate>
                <rotate sid="rotateX">1 0 0 0</rotate>
                <rotate sid="rotateZ">0 0 1 -0</rotate>
                <scale sid="scale">1 1 1</scale>
                <instance_geometry url="#ID167">
                    <bind_material>
                        <technique_common>
                            <instance_material symbol="Material1" target="#ID8">
                                <bind_vertex_input semantic="UVSET0" input_semantic="TEXCOORD" input_set="0"/>
                            </instance_material>
                        </technique_common>
                    </bind_material>
                </instance_geometry>
            </node>
            <node id="ID175" name="n9b0">
                <translate sid="translate">0 0 -0</translate>
                <rotate sid="rotateY">0 1 0 -0</rotate>
                <rotate sid="rotateX">1 0 0 0</rotate>
                <rotate sid="rotateZ">0 0 1 -0</rotate>
                <scale sid="scale">1 1 1</scale>
                <instance_geometry url="#ID176">
                    <bind_material>
                        <technique_common>
                            <instance_material symbol="Material1" target="#ID3">
                                <bind_vertex_input semantic="UVSET0" input_semantic="TEXCOORD" input_set="0"/>
                            </instance_material>
                        </technique_common>
                    </bind_material>
                </instance_geometry>
            </node>
            <node id="ID184" name="n10b6">
                <translate sid="translate">0 0 -0</translate>
                <rotate sid="rotateY">0 1 0 -0</rotate>
                <rotate sid="rotateX">1 0 0 0</rotate>
                <rotate sid="rotateZ">0 0 1 -0</rotate>
                <scale sid="scale">1 1 1</scale>
                <instance_geometry url="#ID185">
                    <bind_material>
                        <technique_common>
                            <instance_material symbol="Material1" target="#ID78">
                                <bind_vertex_input semantic="UVSET0" input_semantic="TEXCOORD" input_set="0"/>
                            </instance_material>
                        </technique_common>
                    </bind_material>
                </instance_geometry>
            </node>
            <node id="ID193" name="n11b16">
                <translate sid="translate">0 0 -0</translate>
                <rotate sid="rotateY">0 1 0 -0</rotate>
                <rotate sid="rotateX">1 0 0 0</rotate>
                <rotate sid="rotateZ">0 0 1 -0</rotate>
                <scale sid="scale">1 1 1</scale>
                <instance_geometry url="#ID194">
                    <bind_material>
                        <technique_common>
                            <instance_material symbol="Material1" target="#ID73">
                                <bind_vertex_input semantic="UVSET0" input_semantic="TEXCOORD" input_set="0"/>
                            </instance_material>
                        </technique_common>
                    </bind_material>
                </instance_geometry>
            </node>
            <node id="ID202" name="n12b1">
                <translate sid="translate">0 0 -0</translate>
                <rotate sid="rotateY">0 1 0 -0</rotate>
                <rotate sid="rotateX">1 0 0 0</rotate>
                <rotate sid="rotateZ">0 0 1 -0</rotate>
                <scale sid="scale">1 1 1</scale>
                <instance_geometry url="#ID203">
                    <bind_material>
                        <technique_common>
                            <instance_material symbol="Material1" target="#ID68">
                                <bind_vertex_input semantic="UVSET0" input_semantic="TEXCOORD" input_set="0"/>
                            </instance_material>
                        </technique_common>
                    </bind_material>
                </instance_geometry>
            </node>
            <node id="ID211" name="n13b14">
                <translate sid="translate">0 0 -0</translate>
                <rotate sid="rotateY">0 1 0 -0</rotate>
                <rotate sid="rotateX">1 0 0 0</rotate>
                <rotate sid="rotateZ">0 0 1 -0</rotate>
                <scale sid="scale">1 1 1</scale>
                <instance_geometry url="#ID212">
                    <bind_material>
                        <technique_common>
                            <instance_material symbol="Material1" target="#ID63">
                                <bind_vertex_input semantic="UVSET0" input_semantic="TEXCOORD" input_set="0"/>
                            </instance_material>
                        </technique_common>
                    </bind_material>
                </instance_geometry>
            </node>
            <node id="ID220" name="n14b5">
                <translate sid="translate">0 0 -0</translate>
                <rotate sid="rotateY">0 1 0 -0</rotate>
                <rotate sid="rotateX">1 0 0 0</rotate>
                <rotate sid="rotateZ">0 0 1 -0</rotate>
                <scale sid="scale">1 1 1</scale>
                <instance_geometry url="#ID221">
                    <bind_material>
                        <technique_common>
                            <instance_material symbol="Material1" target="#ID58">
                                <bind_vertex_input semantic="UVSET0" input_semantic="TEXCOORD" input_set="0"/>
                            </instance_material>
                        </technique_common>
                    </bind_material>
                </instance_geometry>
            </node>
            <node id="ID229" name="n15b8">
                <translate sid="translate">0 0 -0</translate>
                <rotate sid="rotateY">0 1 0 -0</rotate>
                <rotate sid="rotateX">1 0 0 0</rotate>
                <rotate sid="rotateZ">0 0 1 -0</rotate>
                <scale sid="scale">1 1 1</scale>
                <instance_geometry url="#ID230">
                    <bind_material>
                        <technique_common>
                            <instance_material symbol="Material1" target="#ID53">
                                <bind_vertex_input semantic="UVSET0" input_semantic="TEXCOORD" input_set="0"/>
                            </instance_material>
                        </technique_common>
                    </bind_material>
                </instance_geometry>
            </node>
            <node id="ID238" name="n16b4">
                <translate sid="translate">0 0 -0</translate>
                <rotate sid="rotateY">0 1 0 -0</rotate>
                <rotate sid="rotateX">1 0 0 0</rotate>
                <rotate sid="rotateZ">0 0 1 -0</rotate>
                <scale sid="scale">1 1 1</scale>
                <instance_geometry url="#ID239">
                    <bind_material>
                        <technique_common>
                            <instance_material symbol="Material1" target="#ID48">
                                <bind_vertex_input semantic="UVSET0" input_semantic="TEXCOORD" input_set="0"/>
                            </instance_material>
                        </technique_common>
                    </bind_material>
                </instance_geometry>
            </node>
            <node id="ID247" name="n17b17">
                <translate sid="translate">0 0 -0</translate>
                <rotate sid="rotateY">0 1 0 -0</rotate>
                <rotate sid="rotateX">1 0 0 0</rotate>
                <rotate sid="rotateZ">0 0 1 -0</rotate>
                <scale sid="scale">1 1 1</scale>
                <instance_geometry url="#ID248">
                    <bind_material>
                        <technique_common>
                            <instance_material symbol="Material1" target="#ID43">
                                <bind_vertex_input semantic="UVSET0" input_semantic="TEXCOORD" input_set="0"/>
                            </instance_material>
                        </technique_common>
                    </bind_material>
                </instance_geometry>
            </node>
        </visual_scene>
    </library_visual_scenes>
    <scene>
        <instance_visual_scene url="#ID93"/>
    </scene>
</COLLADA>
