<?xml version="1.0"?>
<COLLADA xmlns="http://www.collada.org/2005/11/COLLADASchema" version="1.4.1">
    <asset>
        <contributor>
            <authoring_tool>CINEMA4D 15.064 COLLADA Exporter</authoring_tool>
        </contributor>
        <created>2018-04-28T03:05:22Z</created>
        <modified>2018-04-28T03:05:22Z</modified>
        <unit meter="0.01" name="centimeter"/>
        <up_axis>Y_UP</up_axis>
    </asset>
    <library_images>
        <image id="ID5">
            <init_from>coreSS02.png</init_from>
        </image>
        <image id="ID10">
            <init_from>coreMM04.png</init_from>
        </image>
        <image id="ID15">
            <init_from>coreSS00.png</init_from>
        </image>
    </library_images>
    <library_effects>
        <effect id="ID2">
            <profile_COMMON>
                <technique sid="COMMON">
                    <blinn>
                        <diffuse>
                            <color>0.8 0.8 0.8 1</color>
                        </diffuse>
                        <specular>
                            <color>0.2 0.2 0.2 1</color>
                        </specular>
                        <shininess>
                            <float>0.5</float>
                        </shininess>
                    </blinn>
                </technique>
            </profile_COMMON>
        </effect>
        <effect id="ID4">
            <profile_COMMON>
                <newparam sid="ID6">
                    <surface type="2D">
                        <init_from>ID5</init_from>
                    </surface>
                </newparam>
                <newparam sid="ID7">
                    <sampler2D>
                        <source>ID6</source>
                    </sampler2D>
                </newparam>
                <technique sid="COMMON">
                    <blinn>
                        <diffuse>
                            <texture texture="ID7" texcoord="UVSET0"/>
                        </diffuse>
                    </blinn>
                </technique>
            </profile_COMMON>
        </effect>
        <effect id="ID9">
            <profile_COMMON>
                <newparam sid="ID11">
                    <surface type="2D">
                        <init_from>ID10</init_from>
                    </surface>
                </newparam>
                <newparam sid="ID12">
                    <sampler2D>
                        <source>ID11</source>
                    </sampler2D>
                </newparam>
                <technique sid="COMMON">
                    <blinn>
                        <diffuse>
                            <texture texture="ID12" texcoord="UVSET0"/>
                        </diffuse>
                    </blinn>
                </technique>
            </profile_COMMON>
        </effect>
        <effect id="ID14">
            <profile_COMMON>
                <newparam sid="ID16">
                    <surface type="2D">
                        <init_from>ID15</init_from>
                    </surface>
                </newparam>
                <newparam sid="ID17">
                    <sampler2D>
                        <source>ID16</source>
                    </sampler2D>
                </newparam>
                <technique sid="COMMON">
                    <blinn>
                        <diffuse>
                            <texture texture="ID17" texcoord="UVSET0"/>
                        </diffuse>
                    </blinn>
                </technique>
            </profile_COMMON>
        </effect>
    </library_effects>
    <library_materials>
        <material id="ID3" name="m2">
            <instance_effect url="#ID4"/>
        </material>
        <material id="ID8" name="m1">
            <instance_effect url="#ID9"/>
        </material>
        <material id="ID13" name="m0">
            <instance_effect url="#ID14"/>
        </material>
    </library_materials>
    <library_geometries>
        <geometry id="ID20">
            <mesh>
                <source id="ID21">
                    <float_array id="ID22" count="2877">20.25 -198.75 -4.25 20.25 -198.75 -4.25 -147.75 -117.5 65.75 153.75 61.75 -111.75 -54.25 182.5 60.25 19 -198.75 -8.5 -130.75 -117.5 95 127.25 61.75 -141.25 -40.5 182.5 70.25 16.75 -198.75 -12.25 -108.25 -117.5 120 95 61.75 -164.5 -25 182.5 77.25 13.75 -198.75 -15.5 -80.75 -117.5 140 58.75 61.75 -180.75 -8.5 182.5 80.75 10.25 -198.75 -18 -50 -117.5 153.75 19.75 61.75 -189 8.5 182.5 80.75 6.25 -198.75 -19.75 -16.75 -117.5 160.75 -19.75 61.75 -189 25 182.5 77.25 2 -198.75 -20.75 16.75 -117.5 160.75 -58.75 61.75 -180.75 40.5 182.5 70.25 -2 -198.75 -20.75 50 -117.5 153.75 -95 61.75 -164.5 54.25 182.5 60.25 -6.25 -198.75 -19.75 80.75 -117.5 140 -127.25 61.75 -141.25 65.75 182.5 47.75 -10.25 -198.75 -18 108.25 -117.5 120 -153.75 61.75 -111.75 74.25 182.5 33 -13.75 -198.75 -15.5 130.75 -117.5 95 -173.75 61.75 -77.25 79.5 182.5 16.75 -16.75 -198.75 -12.25 147.75 -117.5 65.75 -186 61.75 -39.5 81.25 182.5 -0 -19 -198.75 -8.5 158.25 -117.5 33.5 -190 61.75 -0 60.25 190 -12.75 60.25 190 -12.75 -20.25 -198.75 -4.25 161.75 -117.5 -0 -186 61.75 39.5 56.25 190 -25 -20.75 -198.75 -0 169.25 -99.75 -36 169.25 -99.75 -36 -173.75 61.75 77.25 50 190 -36.25 -20.25 -198.75 4.25 158 -99.75 -70.25 -153.75 61.75 111.75 41.25 190 -45.75 -19 -198.75 8.5 140 -99.75 -101.75 -127.25 61.75 141.25 30.75 190 -53.5 -16.75 -198.75 12.25 115.75 -99.75 -128.5 -95 61.75 164.5 19 190 -58.75 -13.75 -198.75 15.5 86.5 -99.75 -150 -58.75 61.75 180.75 6.25 190 -61.25 -10.25 -198.75 18 53.5 -99.75 -164.5 -19.75 61.75 189 -6.25 190 -61.25 -6.25 -198.75 19.75 18 -99.75 -172.25 19.75 61.75 189 -19 190 -58.75 -2 -198.75 20.75 -18 -99.75 -172.25 58.75 61.75 180.75 -30.75 190 -53.5 2 -198.75 20.75 -53.5 -99.75 -164.5 95 61.75 164.5 -41.25 190 -45.75 6.25 -198.75 19.75 -86.5 -99.75 -150 127.25 61.75 141.25 -50 190 -36.25 10.25 -198.75 18 -115.75 -99.75 -128.5 153.75 61.75 111.75 -56.25 190 -25 13.75 -198.75 15.5 -140 -99.75 -101.75 173.75 61.75 77.25 -60.25 190 -12.75 16.75 -198.75 12.25 -158 -99.75 -70.25 186 61.75 39.5 -61.75 190 -0 19 -198.75 8.5 -169.25 -99.75 -36 190 61.75 -0 -60.25 190 12.75 20.25 -198.75 4.25 -173 -99.75 -0 178.5 81.25 -37.75 178.5 81.25 -37.75 -56.25 190 25 20.75 -198.75 -0 -169.25 -99.75 36 166.75 81.25 -74.25 -50 190 36.25 40.5 -195.5 -8.5 40.5 -195.5 -8.5 -158 -99.75 70.25 147.75 81.25 -107.25 -41.25 190 45.75 37.75 -195.5 -16.75 -140 -99.75 101.75 122.25 81.25 -135.75 -30.75 190 53.5 33.5 -195.5 -24.25 -115.75 -99.75 128.5 91.25 81.25 -158 -19 190 58.75 27.75 -195.5 -30.75 -86.5 -99.75 150 56.25 81.25 -173.75 -6.25 190 61.25 20.75 -195.5 -36 -53.5 -99.75 164.5 19 81.25 -181.5 6.25 190 61.25 12.75 -195.5 -39.5 -18 -99.75 172.25 -19 81.25 -181.5 19 190 58.75 4.25 -195.5 -41.25 18 -99.75 172.25 -56.25 81.25 -173.75 30.75 190 53.5 -4.25 -195.5 -41.25 53.5 -99.75 164.5 -91.25 81.25 -158 41.25 190 45.75 -12.75 -195.5 -39.5 86.5 -99.75 150 -122.25 81.25 -135.75 50 190 36.25 -20.75 -195.5 -36 115.75 -99.75 128.5 -147.75 81.25 -107.25 56.25 190 25 -27.75 -195.5 -30.75 140 -99.75 101.75 -166.75 81.25 -74.25 60.25 190 12.75 -33.5 -195.5 -24.25 158 -99.75 70.25 -178.5 81.25 -37.75 61.75 190 -0 -37.75 -195.5 -16.75 169.25 -99.75 36 -182.5 81.25 -0 40.5 195.5 -8.5 40.5 195.5 -8.5 -40.5 -195.5 -8.5 173 -99.75 -0 -178.5 81.25 37.75 37.75 195.5 -16.75 -41.5 -195.5 -0 178.5 -81.25 -37.75 178.5 -81.25 -37.75 -166.75 81.25 74.25 33.5 195.5 -24.25 -40.5 -195.5 8.5 166.75 -81.25 -74.25 -147.75 81.25 107.25 27.75 195.5 -30.75 -37.75 -195.5 16.75 147.75 -81.25 -107.25 -122.25 81.25 135.75 20.75 195.5 -36 -33.5 -195.5 24.25 122.25 -81.25 -135.75 -91.25 81.25 158 12.75 195.5 -39.5 -27.75 -195.5 30.75 91.25 -81.25 -158 -56.25 81.25 173.75 4.25 195.5 -41.25 -20.75 -195.5 36 56.25 -81.25 -173.75 -19 81.25 181.5 -4.25 195.5 -41.25 -12.75 -195.5 39.5 19 -81.25 -181.5 19 81.25 181.5 -12.75 195.5 -39.5 -4.25 -195.5 41.25 -19 -81.25 -181.5 56.25 81.25 173.75 -20.75 195.5 -36 4.25 -195.5 41.25 -56.25 -81.25 -173.75 91.25 81.25 158 -27.75 195.5 -30.75 12.75 -195.5 39.5 -91.25 -81.25 -158 122.25 81.25 135.75 -33.5 195.5 -24.25 20.75 -195.5 36 -122.25 -81.25 -135.75 147.75 81.25 107.25 -37.75 195.5 -16.75 27.75 -195.5 30.75 -147.75 -81.25 -107.25 166.75 81.25 74.25 -40.5 195.5 -8.5 33.5 -195.5 24.25 -166.75 -81.25 -74.25 178.5 81.25 37.75 -41.5 195.5 -0 37.75 -195.5 16.75 -178.5 -81.25 -37.75 182.5 81.25 -0 -40.5 195.5 8.5 40.5 -195.5 8.5 -182.5 -81.25 -0 169.25 99.75 -36 169.25 99.75 -36 -37.75 195.5 16.75 41.5 -195.5 -0 -178.5 -81.25 37.75 158 99.75 -70.25 -33.5 195.5 24.25 60.25 -190 -12.75 60.25 -190 -12.75 -166.75 -81.25 74.25 140 99.75 -101.75 -27.75 195.5 30.75 56.25 -190 -25 -147.75 -81.25 107.25 115.75 99.75 -128.5 -20.75 195.5 36 50 -190 -36.25 -122.25 -81.25 135.75 86.5 99.75 -150 -12.75 195.5 39.5 41.25 -190 -45.75 -91.25 -81.25 158 53.5 99.75 -164.5 -4.25 195.5 41.25 30.75 -190 -53.5 -56.25 -81.25 173.75 18 99.75 -172.25 4.25 195.5 41.25 19 -190 -58.75 -19 -81.25 181.5 -18 99.75 -172.25 12.75 195.5 39.5 6.25 -190 -61.25 19 -81.25 181.5 -53.5 99.75 -164.5 20.75 195.5 36 -6.25 -190 -61.25 56.25 -81.25 173.75 -86.5 99.75 -150 27.75 195.5 30.75 -19 -190 -58.75 91.25 -81.25 158 -115.75 99.75 -128.5 33.5 195.5 24.25 -30.75 -190 -53.5 122.25 -81.25 135.75 -140 99.75 -101.75 37.75 195.5 16.75 -41.25 -190 -45.75 147.75 -81.25 107.25 -158 99.75 -70.25 40.5 195.5 8.5 -50 -190 -36.25 166.75 -81.25 74.25 -169.25 99.75 -36 41.5 195.5 -0 -56.25 -190 -25 178.5 -81.25 37.75 -173 99.75 -0 20.25 198.75 -4.25 20.25 198.75 -4.25 -60.25 -190 -12.75 182.5 -81.25 -0 -169.25 99.75 36 19 198.75 -8.5 -61.75 -190 -0 186 -61.75 -39.5 186 -61.75 -39.5 -158 99.75 70.25 16.75 198.75 -12.25 -60.25 -190 12.75 173.75 -61.75 -77.25 -140 99.75 101.75 13.75 198.75 -15.5 -56.25 -190 25 153.75 -61.75 -111.75 -115.75 99.75 128.5 10.25 198.75 -18 -50 -190 36.25 127.25 -61.75 -141.25 -86.5 99.75 150 6.25 198.75 -19.75 -41.25 -190 45.75 95 -61.75 -164.5 -53.5 99.75 164.5 2 198.75 -20.75 -30.75 -190 53.5 58.75 -61.75 -180.75 -18 99.75 172.25 -2 198.75 -20.75 -19 -190 58.75 19.75 -61.75 -189 18 99.75 172.25 -6.25 198.75 -19.75 -6.25 -190 61.25 -19.75 -61.75 -189 53.5 99.75 164.5 -10.25 198.75 -18 6.25 -190 61.25 -58.75 -61.75 -180.75 86.5 99.75 150 -13.75 198.75 -15.5 19 -190 58.75 -95 -61.75 -164.5 115.75 99.75 128.5 -16.75 198.75 -12.25 30.75 -190 53.5 -127.25 -61.75 -141.25 140 99.75 101.75 -19 198.75 -8.5 41.25 -190 45.75 -153.75 -61.75 -111.75 158 99.75 70.25 -20.25 198.75 -4.25 50 -190 36.25 -173.75 -61.75 -77.25 169.25 99.75 36 -20.75 198.75 -0 56.25 -190 25 -186 -61.75 -39.5 173 99.75 -0 -20.25 198.75 4.25 60.25 -190 12.75 -190 -61.75 -0 158.25 117.5 -33.5 158.25 117.5 -33.5 -19 198.75 8.5 61.75 -190 -0 -186 -61.75 39.5 147.75 117.5 -65.75 -16.75 198.75 12.25 79.5 -182.5 -16.75 79.5 -182.5 -16.75 -173.75 -61.75 77.25 130.75 117.5 -95 -13.75 198.75 15.5 74.25 -182.5 -33 -153.75 -61.75 111.75 108.25 117.5 -120 -10.25 198.75 18 65.75 -182.5 -47.75 -127.25 -61.75 141.25 80.75 117.5 -140 -6.25 198.75 19.75 54.25 -182.5 -60.25 -95 -61.75 164.5 50 117.5 -153.75 -2 198.75 20.75 40.5 -182.5 -70.25 -58.75 -61.75 180.75 16.75 117.5 -160.75 2 198.75 20.75 25 -182.5 -77.25 -19.75 -61.75 189 -16.75 117.5 -160.75 6.25 198.75 19.75 8.5 -182.5 -80.75 19.75 -61.75 189 -50 117.5 -153.75 10.25 198.75 18 -8.5 -182.5 -80.75 58.75 -61.75 180.75 -80.75 117.5 -140 13.75 198.75 15.5 -25 -182.5 -77.25 95 -61.75 164.5 -108.25 117.5 -120 16.75 198.75 12.25 -40.5 -182.5 -70.25 127.25 -61.75 141.25 -130.75 117.5 -95 19 198.75 8.5 -54.25 -182.5 -60.25 153.75 -61.75 111.75 -147.75 117.5 -65.75 20.25 198.75 4.25 -65.75 -182.5 -47.75 173.75 -61.75 77.25 -158.25 117.5 -33.5 20.75 198.75 -0 -74.25 -182.5 -33 186 -61.75 39.5 -161.75 117.5 -0 0 -200 -0 0 -200 -0 0 -200 -0 0 -200 -0 0 -200 -0 0 -200 -0 0 -200 -0 0 -200 -0 0 -200 -0 0 -200 -0 0 -200 -0 0 -200 -0 0 -200 -0 0 -200 -0 0 -200 -0 0 -200 -0 0 -200 -0 0 -200 -0 0 -200 -0 0 -200 -0 0 -200 -0 0 -200 -0 0 -200 -0 0 -200 -0 0 -200 -0 0 -200 -0 0 -200 -0 0 -200 -0 0 -200 -0 0 -200 -0 -79.5 -182.5 -16.75 190 -61.75 -0 -158.25 117.5 33.5 0 200 -0 0 200 -0 0 200 -0 0 200 -0 0 200 -0 0 200 -0 0 200 -0 0 200 -0 0 200 -0 0 200 -0 0 200 -0 0 200 -0 0 200 -0 0 200 -0 0 200 -0 0 200 -0 0 200 -0 0 200 -0 0 200 -0 0 200 -0 0 200 -0 0 200 -0 0 200 -0 0 200 -0 0 200 -0 0 200 -0 0 200 -0 0 200 -0 0 200 -0 0 200 -0 -81.25 -182.5 -0 191.25 -41.5 -40.5 191.25 -41.5 -40.5 -147.75 117.5 65.75 -79.5 -182.5 16.75 178.5 -41.5 -79.5 -130.75 117.5 95 -74.25 -182.5 33 158.25 -41.5 -114.75 -108.25 117.5 120 -65.75 -182.5 47.75 130.75 -41.5 -145.25 -80.75 117.5 140 -54.25 -182.5 60.25 97.75 -41.5 -169.25 -50 117.5 153.75 -40.5 -182.5 70.25 60.25 -41.5 -186 -16.75 117.5 160.75 -25 -182.5 77.25 20.25 -41.5 -194.5 16.75 117.5 160.75 -8.5 -182.5 80.75 -20.25 -41.5 -194.5 50 117.5 153.75 8.5 -182.5 80.75 -60.25 -41.5 -186 80.75 117.5 140 25 -182.5 77.25 -97.75 -41.5 -169.25 108.25 117.5 120 40.5 -182.5 70.25 -130.75 -41.5 -145.25 130.75 117.5 95 54.25 -182.5 60.25 -158.25 -41.5 -114.75 147.75 117.5 65.75 65.75 -182.5 47.75 -178.5 -41.5 -79.5 158.25 117.5 33.5 74.25 -182.5 33 -191.25 -41.5 -40.5 161.75 117.5 -0 79.5 -182.5 16.75 -195.5 -41.5 -0 145.25 133.75 -30.75 145.25 133.75 -30.75 81.25 -182.5 -0 -191.25 -41.5 40.5 135.75 133.75 -60.25 97.75 -173 -20.75 97.75 -173 -20.75 -178.5 -41.5 79.5 120 133.75 -87.25 91.25 -173 -40.5 -158.25 -41.5 114.75 99.25 133.75 -110.25 80.75 -173 -58.75 -130.75 -41.5 145.25 74.25 133.75 -128.5 66.75 -173 -74.25 -97.75 -41.5 169.25 45.75 133.75 -141.25 50 -173 -86.5 -60.25 -41.5 186 15.5 133.75 -147.75 30.75 -173 -95 -20.25 -41.5 194.5 -15.5 133.75 -147.75 10.25 -173 -99.25 20.25 -41.5 194.5 -45.75 133.75 -141.25 -10.25 -173 -99.25 60.25 -41.5 186 -74.25 133.75 -128.5 -30.75 -173 -95 97.75 -41.5 169.25 -99.25 133.75 -110.25 -50 -173 -86.5 130.75 -41.5 145.25 -120 133.75 -87.25 -66.75 -173 -74.25 158.25 -41.5 114.75 -135.75 133.75 -60.25 -80.75 -173 -58.75 178.5 -41.5 79.5 -145.25 133.75 -30.75 -91.25 -173 -40.5 191.25 -41.5 40.5 -148.5 133.75 -0 -97.75 -173 -20.75 195.5 -41.5 -0 -145.25 133.75 30.75 -100 -173 -0 194.5 -20.75 -41.25 194.5 -20.75 -41.25 -135.75 133.75 60.25 -97.75 -173 20.75 181.5 -20.75 -80.75 -120 133.75 87.25 -91.25 -173 40.5 160.75 -20.75 -116.75 -99.25 133.75 110.25 -80.75 -173 58.75 133 -20.75 -147.75 -74.25 133.75 128.5 -66.75 -173 74.25 99.25 -20.75 -172.25 -45.75 133.75 141.25 -50 -173 86.5 61.25 -20.75 -189 -15.5 133.75 147.75 -30.75 -173 95 20.75 -20.75 -197.75 15.5 133.75 147.75 -10.25 -173 99.25 -20.75 -20.75 -197.75 45.75 133.75 141.25 10.25 -173 99.25 -61.25 -20.75 -189 74.25 133.75 128.5 30.75 -173 95 -99.25 -20.75 -172.25 99.25 133.75 110.25 50 -173 86.5 -133 -20.75 -147.75 120 133.75 87.25 66.75 -173 74.25 -160.75 -20.75 -116.75 135.75 133.75 60.25 80.75 -173 58.75 -181.5 -20.75 -80.75 145.25 133.75 30.75 91.25 -173 40.5 -194.5 -20.75 -41.25 148.5 133.75 -0 97.75 -173 20.75 -198.75 -20.75 -0 130.75 148.5 -27.75 130.75 148.5 -27.75 100 -173 -0 -194.5 -20.75 41.25 122.25 148.5 -54.25 114.75 -161.75 -24.25 114.75 -161.75 -24.25 -181.5 -20.75 80.75 108.25 148.5 -78.5 107.25 -161.75 -47.75 -160.75 -20.75 116.75 89.5 148.5 -99.25 95 -161.75 -69 -133 -20.75 147.75 66.75 148.5 -115.75 78.5 -161.75 -87.25 -99.25 -20.75 172.25 41.25 148.5 -127.25 58.75 -161.75 -101.75 -61.25 -20.75 189 13.75 148.5 -133 36.25 -161.75 -111.75 -20.75 -20.75 197.75 -13.75 148.5 -133 12.25 -161.75 -116.75 20.75 -20.75 197.75 -41.25 148.5 -127.25 -12.25 -161.75 -116.75 61.25 -20.75 189 -66.75 148.5 -115.75 -36.25 -161.75 -111.75 99.25 -20.75 172.25 -89.5 148.5 -99.25 -58.75 -161.75 -101.75 133 -20.75 147.75 -108.25 148.5 -78.5 -78.5 -161.75 -87.25 160.75 -20.75 116.75 -122.25 148.5 -54.25 -95 -161.75 -69 181.5 -20.75 80.75 -130.75 148.5 -27.75 -107.25 -161.75 -47.75 194.5 -20.75 41.25 -133.75 148.5 -0 -114.75 -161.75 -24.25 198.75 -20.75 -0 -130.75 148.5 27.75 -117.5 -161.75 -0 195.5 0 -41.5 195.5 0 -41.5 -122.25 148.5 54.25 -114.75 -161.75 24.25 182.5 0 -81.25 -108.25 148.5 78.5 -107.25 -161.75 47.75 161.75 0 -117.5 -89.5 148.5 99.25 -95 -161.75 69 133.75 0 -148.5 -66.75 148.5 115.75 -78.5 -161.75 87.25 100 0 -173 -41.25 148.5 127.25 -58.75 -161.75 101.75 61.75 0 -190 -13.75 148.5 133 -36.25 -161.75 111.75 20.75 0 -198.75 13.75 148.5 133 -12.25 -161.75 116.75 -20.75 0 -198.75 41.25 148.5 127.25 12.25 -161.75 116.75 -61.75 0 -190 66.75 148.5 115.75 36.25 -161.75 111.75 -100 0 -173 89.5 148.5 99.25 58.75 -161.75 101.75 -133.75 0 -148.5 108.25 148.5 78.5 78.5 -161.75 87.25 -161.75 0 -117.5 122.25 148.5 54.25 95 -161.75 69 -182.5 0 -81.25 130.75 148.5 27.75 107.25 -161.75 47.75 -195.5 0 -41.5 133.75 148.5 -0 114.75 -161.75 24.25 -200 0 -0 114.75 161.75 -24.25 114.75 161.75 -24.25 117.5 -161.75 -0 -195.5 0 41.5 107.25 161.75 -47.75 130.75 -148.5 -27.75 130.75 -148.5 -27.75 -182.5 0 81.25 95 161.75 -69 122.25 -148.5 -54.25 -161.75 0 117.5 78.5 161.75 -87.25 108.25 -148.5 -78.5 -133.75 0 148.5 58.75 161.75 -101.75 89.5 -148.5 -99.25 -100 0 173 36.25 161.75 -111.75 66.75 -148.5 -115.75 -61.75 0 190 12.25 161.75 -116.75 41.25 -148.5 -127.25 -20.75 0 198.75 -12.25 161.75 -116.75 13.75 -148.5 -133 20.75 0 198.75 -36.25 161.75 -111.75 -13.75 -148.5 -133 61.75 0 190 -58.75 161.75 -101.75 -41.25 -148.5 -127.25 100 0 173 -78.5 161.75 -87.25 -66.75 -148.5 -115.75 133.75 0 148.5 -95 161.75 -69 -89.5 -148.5 -99.25 161.75 0 117.5 -107.25 161.75 -47.75 -108.25 -148.5 -78.5 182.5 0 81.25 -114.75 161.75 -24.25 -122.25 -148.5 -54.25 195.5 0 41.5 -117.5 161.75 -0 -130.75 -148.5 -27.75 200 0 -0 -114.75 161.75 24.25 -133.75 -148.5 -0 194.5 20.75 -41.25 194.5 20.75 -41.25 -107.25 161.75 47.75 -130.75 -148.5 27.75 181.5 20.75 -80.75 -95 161.75 69 -122.25 -148.5 54.25 160.75 20.75 -116.75 -78.5 161.75 87.25 -108.25 -148.5 78.5 133 20.75 -147.75 -58.75 161.75 101.75 -89.5 -148.5 99.25 99.25 20.75 -172.25 -36.25 161.75 111.75 -66.75 -148.5 115.75 61.25 20.75 -189 -12.25 161.75 116.75 -41.25 -148.5 127.25 20.75 20.75 -197.75 12.25 161.75 116.75 -13.75 -148.5 133 -20.75 20.75 -197.75 36.25 161.75 111.75 13.75 -148.5 133 -61.25 20.75 -189 58.75 161.75 101.75 41.25 -148.5 127.25 -99.25 20.75 -172.25 78.5 161.75 87.25 66.75 -148.5 115.75 -133 20.75 -147.75 95 161.75 69 89.5 -148.5 99.25 -160.75 20.75 -116.75 107.25 161.75 47.75 108.25 -148.5 78.5 -181.5 20.75 -80.75 114.75 161.75 24.25 122.25 -148.5 54.25 -194.5 20.75 -41.25 117.5 161.75 -0 130.75 -148.5 27.75 -198.75 20.75 -0 97.75 173 -20.75 97.75 173 -20.75 133.75 -148.5 -0 -194.5 20.75 41.25 91.25 173 -40.5 145.25 -133.75 -30.75 145.25 -133.75 -30.75 -181.5 20.75 80.75 80.75 173 -58.75 135.75 -133.75 -60.25 -160.75 20.75 116.75 66.75 173 -74.25 120 -133.75 -87.25 -133 20.75 147.75 50 173 -86.5 99.25 -133.75 -110.25 -99.25 20.75 172.25 30.75 173 -95 74.25 -133.75 -128.5 -61.25 20.75 189 10.25 173 -99.25 45.75 -133.75 -141.25 -20.75 20.75 197.75 -10.25 173 -99.25 15.5 -133.75 -147.75 20.75 20.75 197.75 -30.75 173 -95 -15.5 -133.75 -147.75 61.25 20.75 189 -50 173 -86.5 -45.75 -133.75 -141.25 99.25 20.75 172.25 -66.75 173 -74.25 -74.25 -133.75 -128.5 133 20.75 147.75 -80.75 173 -58.75 -99.25 -133.75 -110.25 160.75 20.75 116.75 -91.25 173 -40.5 -120 -133.75 -87.25 181.5 20.75 80.75 -97.75 173 -20.75 -135.75 -133.75 -60.25 194.5 20.75 41.25 -100 173 -0 -145.25 -133.75 -30.75 198.75 20.75 -0 -97.75 173 20.75 -148.5 -133.75 -0 191.25 41.5 -40.5 191.25 41.5 -40.5 -91.25 173 40.5 -145.25 -133.75 30.75 178.5 41.5 -79.5 -80.75 173 58.75 -135.75 -133.75 60.25 158.25 41.5 -114.75 -66.75 173 74.25 -120 -133.75 87.25 130.75 41.5 -145.25 -50 173 86.5 -99.25 -133.75 110.25 97.75 41.5 -169.25 -30.75 173 95 -74.25 -133.75 128.5 60.25 41.5 -186 -10.25 173 99.25 -45.75 -133.75 141.25 20.25 41.5 -194.5 10.25 173 99.25 -15.5 -133.75 147.75 -20.25 41.5 -194.5 30.75 173 95 15.5 -133.75 147.75 -60.25 41.5 -186 50 173 86.5 45.75 -133.75 141.25 -97.75 41.5 -169.25 66.75 173 74.25 74.25 -133.75 128.5 -130.75 41.5 -145.25 80.75 173 58.75 99.25 -133.75 110.25 -158.25 41.5 -114.75 91.25 173 40.5 120 -133.75 87.25 -178.5 41.5 -79.5 97.75 173 20.75 135.75 -133.75 60.25 -191.25 41.5 -40.5 100 173 -0 145.25 -133.75 30.75 -195.5 41.5 -0 79.5 182.5 -16.75 79.5 182.5 -16.75 148.5 -133.75 -0 -191.25 41.5 40.5 74.25 182.5 -33 158.25 -117.5 -33.5 158.25 -117.5 -33.5 -178.5 41.5 79.5 65.75 182.5 -47.75 147.75 -117.5 -65.75 -158.25 41.5 114.75 54.25 182.5 -60.25 130.75 -117.5 -95 -130.75 41.5 145.25 40.5 182.5 -70.25 108.25 -117.5 -120 -97.75 41.5 169.25 25 182.5 -77.25 80.75 -117.5 -140 -60.25 41.5 186 8.5 182.5 -80.75 50 -117.5 -153.75 -20.25 41.5 194.5 -8.5 182.5 -80.75 16.75 -117.5 -160.75 20.25 41.5 194.5 -25 182.5 -77.25 -16.75 -117.5 -160.75 60.25 41.5 186 -40.5 182.5 -70.25 -50 -117.5 -153.75 97.75 41.5 169.25 -54.25 182.5 -60.25 -80.75 -117.5 -140 130.75 41.5 145.25 -65.75 182.5 -47.75 -108.25 -117.5 -120 158.25 41.5 114.75 -74.25 182.5 -33 -130.75 -117.5 -95 178.5 41.5 79.5 -79.5 182.5 -16.75 -147.75 -117.5 -65.75 191.25 41.5 40.5 -81.25 182.5 -0 -158.25 -117.5 -33.5 195.5 41.5 -0 -79.5 182.5 16.75 -161.75 -117.5 -0 186 61.75 -39.5 186 61.75 -39.5 -74.25 182.5 33 -158.25 -117.5 33.5 173.75 61.75 -77.25 -65.75 182.5 47.75</float_array>
                    <technique_common>
                        <accessor count="959" source="#ID22" stride="3">
                            <param name="X" type="float"/>
                            <param name="Y" type="float"/>
                            <param name="Z" type="float"/>
                        </accessor>
                    </technique_common>
                </source>
                <source id="ID23">
                    <float_array id="ID24" count="2877">0.0601305 0.998165 -0.00707417 0.123312 0.992262 -0.0145073 0.11702 0.993123 0.00364467 0.20873 0.977971 0.00210719 0.203728 0.977896 0.0470474 0.302309 0.950792 0.0678587 0.283159 0.95069 0.126528 0.370522 0.913785 0.166462 0.327429 0.91375 0.240523 0.401896 0.867207 0.293992 0.331336 0.867792 0.370342 0.392032 0.809323 0.437386 0.293782 0.809261 0.508713 0.335851 0.741274 0.581133 0.206491 0.742085 0.637708 0.229766 0.668756 0.707088 0.0766528 0.668533 0.739722 0.0832994 0.58751 0.804918 -0.0860952 0.585574 0.806034 -0.0922435 0.500739 0.860669 -0.269113 0.499449 0.823485 -0.283801 0.408297 0.867612 -0.455997 0.406143 0.791906 -0.476289 0.309167 0.823143 -0.636006 0.306503 0.708203 -0.654754 0.207332 0.72685 -0.792505 0.205008 0.574376 -0.805528 0.106601 0.582891 -0.908344 0.10317 0.405299 -0.913583 0.00170486 0.406648 -0.977722 -0.0010963 0.2099 -0.972593 -0.104304 0.207806 -0.994325 -0.10638 0.000772562 -0.978073 -0.20826 0.000631689 -0.957259 -0.205765 -0.203264 -0.929679 -0.312403 -0.195196 -0.869237 -0.307699 -0.386973 -0.832983 -0.41317 -0.368008 -0.738428 -0.410703 -0.534834 -0.701251 -0.500272 -0.507912 -0.58025 -0.501947 -0.641373 -0.542732 -0.586619 -0.601098 -0.406911 -0.587716 -0.699295 -0.373518 -0.670174 -0.641366 -0.231354 -0.669957 -0.705431 -0.208431 -0.742295 -0.636832 -0.0707979 -0.743365 -0.665129 -0.0616751 -0.810685 -0.582225 0.0583407 -0.810899 -0.58227 0.0496368 -0.867636 -0.494716 0.150555 -0.868376 -0.472499 0.124774 -0.913092 -0.388193 0.202717 -0.913621 -0.352423 0.156292 -0.950016 -0.270263 0.207177 -0.950232 -0.232673 0.140117 -0.977781 -0.155921 0.168112 -0.977919 -0.124152 0.0924917 -0.993074 -0.0724536 0.10661 -0.993032 -0.0502145 0.0517726 -0.998176 -0.0310636 0.0601305 0.998165 0.00707417 0.114652 0.993031 0.0272928 0.191005 0.977866 0.0854161 0.250049 0.950692 0.183466 0.269007 0.913943 0.303881 0.246313 0.868739 0.429676 0.177934 0.810653 0.557836 0.0674357 0.743651 0.665159 -0.0791631 0.669559 0.738529 -0.251025 0.585384 0.770916 -0.43342 0.499358 0.750193 -0.611077 0.40962 0.677345 -0.770569 0.307376 0.558339 -0.893941 0.205159 0.39847 -0.972434 0.105459 0.207968 -1 0 -1.2508e-009 -0.972434 -0.105459 -0.207968 -0.893941 -0.205159 -0.39847 -0.770569 -0.307376 -0.558339 -0.611077 -0.40962 -0.677345 -0.43342 -0.499358 -0.750193 -0.251025 -0.585384 -0.770916 -0.0791631 -0.669559 -0.738529 0.0674357 -0.743651 -0.665159 0.177934 -0.810653 -0.557836 0.246313 -0.868739 -0.429676 0.269007 -0.913943 -0.303881 0.250049 -0.950692 -0.183466 0.191005 -0.977866 -0.0854161 0.119372 -0.992158 -0.037048 0.0580331 -0.998169 -0.0170685 0.0580331 0.998169 0.0170685 0.10661 0.993032 0.0502145 0.168112 0.977919 0.124152 0.207177 0.950232 0.232673 0.202717 0.913621 0.352423 0.150555 0.868376 0.472499 0.0583407 0.810899 0.58227 -0.0707979 0.743365 0.665129 -0.231354 0.669957 0.705431 -0.406911 0.587716 0.699295 -0.58025 0.501947 0.641373 -0.738428 0.410703 0.534834 -0.869237 0.307699 0.386973 -0.957259 0.205765 0.203264 -0.994325 0.10638 -0.000772564 -0.977722 0.0010963 -0.2099 -0.908344 -0.10317 -0.405299 -0.792505 -0.205008 -0.574375 -0.636006 -0.306503 -0.708203 -0.455997 -0.406143 -0.791906 -0.269113 -0.499449 -0.823485 -0.0860952 -0.585574 -0.806034 0.0766528 -0.668533 -0.739722 0.206491 -0.742085 -0.637708 0.293782 -0.809261 -0.508713 0.331336 -0.867792 -0.370342 0.327429 -0.91375 -0.240523 0.283159 -0.95069 -0.126528 0.216565 -0.973638 -0.0716186 0.0444694 -0.998167 -0.0410487 0.0755778 -0.993125 -0.0893949 0.103218 -0.97794 -0.1816 0.0927827 -0.950454 -0.296698 0.0398966 -0.913398 -0.405108 -0.0522379 -0.867589 -0.49453 -0.181886 -0.810273 -0.557113 -0.33763 -0.741388 -0.579957 -0.497632 -0.6703 -0.550509 -0.655762 -0.586679 -0.475168 -0.79283 -0.497773 -0.351629 -0.89215 -0.410703 -0.188129 -0.95037 -0.31112 0.000469512 -0.956607 -0.20776 0.204303 -0.908028 -0.106096 0.405252 -0.809792 -0.000458765 0.586717 -0.665915 0.10691 0.738327 -0.489896 0.210457 0.845996 -0.29439 0.309505 0.90418 -0.0948538 0.404442 0.909631 0.0911491 0.496975 0.862964 0.250132 0.58644 0.770404 0.371087 0.670076 0.642878 0.4471 0.742159 0.499301 0.472922 0.810326 0.345999 0.453864 0.867421 0.203931 0.396766 0.913807 0.0867906 0.310345 0.950623 0.00104298 0.226535 0.973638 -0.0266512 0.0517726 0.998176 0.0310636 0.0924917 0.993074 0.0724536 0.140117 0.977781 0.155921 0.156292 0.950016 0.270263 0.124774 0.913092 0.388193 0.0496368 0.867636 0.494716 -0.0616751 0.810685 0.582225 -0.208431 0.742295 0.636832 -0.373518 0.670174 0.641366 -0.542732 0.586619 0.601098 -0.701251 0.500272 0.507912 -0.832983 0.41317 0.368008 -0.929679 0.312403 0.195196 -0.978073 0.20826 -0.000631689 -0.972593 0.104304 -0.207806 -0.913583 -0.00170486 -0.406648 -0.805528 -0.106601 -0.582891 -0.654754 -0.207332 -0.72685 -0.476289 -0.309167 -0.823143 -0.283801 -0.408297 -0.867612 -0.0922435 -0.500739 -0.860669 0.0832994 -0.58751 -0.804918 0.229766 -0.668756 -0.707088 0.335851 -0.741274 -0.581133 0.392032 -0.809323 -0.437386 0.401896 -0.867207 -0.293992 0.370522 -0.913785 -0.166462 0.310889 -0.945051 -0.101122 0.0351962 -0.998165 -0.0492747 0.0548142 -0.99316 -0.103097 0.0610368 -0.977933 -0.199806 0.0289072 -0.950497 -0.309387 -0.0437282 -0.913672 -0.404093 -0.153556 -0.867837 -0.472525 -0.2954 -0.809502 -0.507391 -0.450119 -0.741051 -0.498233 -0.600798 -0.669096 -0.437438 -0.741331 -0.583893 -0.330905 -0.849552 -0.495592 -0.180691 -0.91239 -0.409322 0.000232041 -0.930136 -0.309644 0.1974 -0.894454 -0.203215 0.398316 -0.805185 -0.105199 0.583618 -0.668946 -0.00158623 0.743309 -0.496412 0.103275 0.861922 -0.302271 0.207765 0.930304 -0.0995667 0.311925 0.944875 0.0941543 0.407779 0.908213 0.266623 0.499382 0.824336 0.403686 0.587646 0.70122 0.496298 0.669488 0.552697 0.541603 0.741666 0.395725 0.535275 0.810134 0.239088 0.486949 0.867007 0.105735 0.405822 0.913951 0.00120234 0.325937 0.944676 -0.0367807 0.0444694 0.998167 0.0410487 0.0755778 0.993125 0.0893949 0.103218 0.97794 0.1816 0.0927827 0.950454 0.296698 0.0398966 0.913398 0.405108 -0.0522379 0.867589 0.49453 -0.181886 0.810273 0.557113 -0.33763 0.741388 0.579957 -0.497632 0.6703 0.550509 -0.655762 0.586679 0.475168 -0.79283 0.497773 0.351629 -0.89215 0.410703 0.188129 -0.95037 0.31112 -0.000469512 -0.956607 0.20776 -0.204303 -0.908028 0.106096 -0.405252 -0.809792 0.000458765 -0.586717 -0.665915 -0.10691 -0.738327 -0.489896 -0.210457 -0.845996 -0.29439 -0.309505 -0.90418 -0.0948538 -0.404442 -0.909631 0.0911491 -0.496975 -0.862964 0.250132 -0.58644 -0.770404 0.371087 -0.670076 -0.642878 0.4471 -0.742159 -0.499301 0.472922 -0.810326 -0.345999 0.453864 -0.867421 -0.203931 0.40325 -0.905643 -0.131152 0.0242778 -0.998164 -0.0554921 0.0335472 -0.993098 -0.112385 0.0201606 -0.977714 -0.208971 -0.0325579 -0.950267 -0.309729 -0.126585 -0.913785 -0.385971 -0.250091 -0.868281 -0.428418 -0.394142 -0.809928 -0.434359 -0.542592 -0.741869 -0.393986 -0.678512 -0.66989 -0.301444 -0.793604 -0.585074 -0.166975 -0.868192 -0.496228 0.00102148 -0.891781 -0.410865 0.189518 -0.868422 -0.309995 0.38697 -0.791925 -0.205635 0.574951 -0.665817 -0.104455 0.738767 -0.499099 0.00054911 0.866545 -0.307351 0.102236 0.946088 -0.103159 0.209147 0.972428 0.0978468 0.311362 0.94524 0.280496 0.40843 0.868623 0.433398 0.498895 0.750513 0.54138 0.58729 0.601662 0.599288 0.669768 0.438479 0.611292 0.742907 0.272784 0.573709 0.809616 0.124018 0.497659 0.86737 0.00237129 0.420594 0.906155 -0.0445404 0.0351962 0.998165 0.0492747 0.0548142 0.99316 0.103097 0.0610368 0.977933 0.199806 0.0289072 0.950497 0.309387 -0.0437282 0.913672 0.404093 -0.153556 0.867837 0.472525 -0.2954 0.809502 0.507391 -0.450119 0.741051 0.498233 -0.600798 0.669096 0.437438 -0.741331 0.583893 0.330905 -0.849552 0.495592 0.180691 -0.91239 0.409322 -0.000232041 -0.930136 0.309644 -0.1974 -0.894454 0.203215 -0.398316 -0.805185 0.105199 -0.583618 -0.668946 0.00158623 -0.743309 -0.496412 -0.103275 -0.861922 -0.302271 -0.207765 -0.930304 -0.0995667 -0.311925 -0.944875 0.0941543 -0.407779 -0.908213 0.266623 -0.499382 -0.824336 0.403686 -0.587646 -0.70122 0.496298 -0.669488 -0.552697 0.541603 -0.741666 -0.395725 0.535275 -0.810134 -0.239088 0.489547 -0.857286 -0.159387 0.0138347 -0.998174 -0.0587975 0.00996181 -0.993072 -0.117087 -0.0226572 -0.977723 -0.208672 -0.0965602 -0.950156 -0.296446 -0.205452 -0.913764 -0.350464 -0.333369 -0.868123 -0.367734 -0.474764 -0.810304 -0.343519 -0.612152 -0.743296 -0.26978 -0.725469 -0.671275 -0.151938 -0.81108 -0.584935 0.00101726 -0.848836 -0.496575 0.181357 -0.832771 -0.410835 0.371089 -0.769037 -0.308826 0.55965 -0.654357 -0.20738 0.727194 -0.495839 -0.105374 0.861997 -0.309008 -8.96392e-005 0.95106 -0.105394 0.102894 0.989093 0.101644 0.209573 0.972496 0.294372 0.309498 0.904188 0.456537 0.407088 0.791109 0.578508 0.500408 0.644143 0.653198 0.587061 0.478218 0.677162 0.670455 0.303219 0.65396 0.743326 0.140721 0.587034 0.809561 0.00150271 0.512106 0.857067 -0.0564282 0.0242778 0.998164 0.0554921 0.0335472 0.993098 0.112385 0.0201606 0.977714 0.208971 -0.0325579 0.950267 0.309729 -0.126585 0.913785 0.385971 -0.250091 0.868281 0.428418 -0.394142 0.809928 0.434359 -0.542592 0.741869 0.393986 -0.678512 0.66989 0.301444 -0.793604 0.585074 0.166975 -0.868192 0.496228 -0.00102148 -0.891781 0.410865 -0.189518 -0.868422 0.309995 -0.38697 -0.791925 0.205635 -0.574951 -0.665817 0.104455 -0.738767 -0.499099 -0.00054911 -0.866545 -0.307351 -0.102236 -0.946088 -0.103159 -0.209147 -0.972428 0.0978468 -0.311362 -0.94524 0.280496 -0.40843 -0.868623 0.433398 -0.498895 -0.750513 0.54138 -0.58729 -0.601662 0.599288 -0.669768 -0.438479 0.611292 -0.742907 -0.272784 0.574843 -0.797358 -0.183782 0 -0.99819 -0.060132 -0.0161919 -0.993112 -0.116042 -0.066118 -0.977912 -0.198284 -0.158032 -0.950087 -0.268998 -0.272714 -0.913472 -0.301987 -0.402667 -0.867651 -0.291618 -0.535905 -0.810899 -0.235053 -0.654412 -0.743617 -0.137034 -0.741585 -0.670858 0.000762543 -0.792852 -0.585134 0.170308 -0.792235 -0.497683 0.353092 -0.739074 -0.40891 0.535314 -0.63616 -0.307336 0.707704 -0.488166 -0.208098 0.847578 -0.30739 -0.102669 0.946029 -0.105352 -0.000659031 0.994435 0.104903 0.101392 0.9893 0.303228 0.20705 0.930152 0.473999 0.309817 0.82422 0.608123 0.410731 0.679328 0.700384 0.500138 0.509238 0.740557 0.584857 0.330936 0.72513 0.670871 0.155302 0.669587 0.742734 0.000531662 0.60072 0.796646 -0.0670142 0.0138347 0.998174 0.0587975 0.00996181 0.993072 0.117087 -0.0226572 0.977723 0.208672 -0.0965602 0.950156 0.296446 -0.205452 0.913764 0.350464 -0.333369 0.868123 0.367734 -0.474764 0.810304 0.343519 -0.612152 0.743296 0.26978 -0.725469 0.671275 0.151938 -0.81108 0.584935 -0.00101726 -0.848836 0.496575 -0.181357 -0.832771 0.410835 -0.371089 -0.769037 0.308826 -0.55965 -0.654357 0.20738 -0.727194 -0.495839 0.105374 -0.861997 -0.309008 8.96392e-005 -0.95106 -0.105394 -0.102894 -0.989093 0.101644 -0.209573 -0.972496 0.294372 -0.309498 -0.904188 0.456537 -0.407088 -0.791109 0.578508 -0.500408 -0.644143 0.653198 -0.587061 -0.478218 0.677162 -0.670455 -0.303219 0.650454 -0.730246 -0.208924 -0.0138347 -0.998174 -0.0587975 -0.0396363 -0.993141 -0.110002 -0.106725 -0.97795 -0.179508 -0.209567 -0.950168 -0.230787 -0.329533 -0.91321 -0.2397 -0.456309 -0.866758 -0.201279 -0.574493 -0.809405 -0.121742 -0.669587 -0.742734 0.000531662 -0.72513 -0.670871 0.155302 -0.740557 -0.584857 0.330936 -0.700384 -0.500138 0.509238 -0.608123 -0.410731 0.679328 -0.473999 -0.309817 0.82422 -0.303228 -0.20705 0.930152 -0.104903 -0.101392 0.9893 0.105352 0.00065903 0.994435 0.30739 0.102669 0.946029 0.488166 0.208098 0.847578 0.63616 0.307336 0.707704 0.739074 0.40891 0.535314 0.792235 0.497683 0.353092 0.792852 0.585134 0.170307 0.741585 0.670858 0.000762543 0.679517 0.730029 -0.0728938 0 0.99819 0.060132 -0.0161919 0.993112 0.116042 -0.066118 0.977912 0.198284 -0.158032 0.950087 0.268998 -0.272714 0.913472 0.301987 -0.402667 0.867651 0.291618 -0.535905 0.810899 0.235053 -0.654412 0.743617 0.137034 -0.741585 0.670858 -0.000762543 -0.792852 0.585134 -0.170308 -0.792235 0.497683 -0.353092 -0.739074 0.40891 -0.535314 -0.63616 0.307336 -0.707704 -0.488166 0.208098 -0.847578 -0.30739 0.102669 -0.946029 -0.105352 0.000659031 -0.994435 0.104903 -0.101392 -0.9893 0.303228 -0.20705 -0.930152 0.473999 -0.309817 -0.82422 0.608123 -0.410731 -0.679328 0.700384 -0.500138 -0.509238 0.740557 -0.584857 -0.330936 0.71831 -0.655833 -0.232194 -0.0242778 -0.998164 -0.0554921 -0.0611749 -0.993132 -0.0997342 -0.141745 -0.977973 -0.15322 -0.252041 -0.950844 -0.179921 -0.372217 -0.913758 -0.162795 -0.488053 -0.86659 -0.104048 -0.587034 -0.809561 0.0015027 -0.65396 -0.743326 0.140721 -0.677162 -0.670455 0.303219 -0.653198 -0.587061 0.478218 -0.578508 -0.500408 0.644143 -0.456537 -0.407088 0.791109 -0.294372 -0.309498 0.904188 -0.101644 -0.209573 0.972496 0.105394 -0.102894 0.989093 0.309007 8.96398e-005 0.95106 0.495839 0.105374 0.861997 0.654357 0.20738 0.727194 0.769037 0.308826 0.55965 0.832771 0.410834 0.371089 0.848836 0.496575 0.181357 0.81108 0.584935 0.00101726 0.750084 0.656612 -0.0789647 -0.0138347 0.998174 0.0587975 -0.0396363 0.993141 0.110002 -0.106725 0.97795 0.179508 -0.209567 0.950168 0.230787 -0.329533 0.91321 0.2397 -0.456309 0.866758 0.201279 -0.574493 0.809405 0.121742 -0.669587 0.742734 -0.000531662 -0.72513 0.670871 -0.155302 -0.740557 0.584857 -0.330936 -0.700384 0.500138 -0.509238 -0.608123 0.410731 -0.679328 -0.473999 0.309817 -0.82422 -0.303228 0.20705 -0.930152 -0.104903 0.101392 -0.9893 0.105352 -0.00065903 -0.994435 0.30739 -0.102669 -0.946029 0.488166 -0.208098 -0.847578 0.63616 -0.307336 -0.707704 0.739074 -0.40891 -0.535314 0.792235 -0.497683 -0.353092 0.78327 -0.56662 -0.255792 -0.0351962 -0.998165 -0.0492747 -0.0806154 -0.993067 -0.0855481 -0.170673 -0.978024 -0.119745 -0.284056 -0.950959 -0.122431 -0.396577 -0.914278 -0.0826015 -0.497659 -0.86737 0.00237129 -0.573709 -0.809616 0.124018 -0.611292 -0.742907 0.272784 -0.599288 -0.669769 0.438479 -0.54138 -0.58729 0.601662 -0.433398 -0.498895 0.750513 -0.280496 -0.40843 0.868623 -0.0978468 -0.311362 0.94524 0.103159 -0.209147 0.972428 0.307351 -0.102236 0.946088 0.499099 -0.00054911 0.866545 0.665817 0.104455 0.738767 0.791925 0.205635 0.574951 0.868422 0.309995 0.38697 0.891781 0.410865 0.189518 0.868192 0.496228 0.00102148 0.819368 0.566853 -0.0855183 -0.0242778 0.998164 0.0554921 -0.0611749 0.993132 0.0997342 -0.141745 0.977973 0.15322 -0.252041 0.950844 0.179921 -0.372217 0.913758 0.162795 -0.488053 0.86659 0.104048 -0.587034 0.809561 -0.0015027 -0.65396 0.743326 -0.140721 -0.677162 0.670455 -0.303219 -0.653198 0.587061 -0.478218 -0.578508 0.500408 -0.644143 -0.456537 0.407088 -0.791109 -0.294372 0.309498 -0.904188 -0.101644 0.209573 -0.972496 0.105394 0.102894 -0.989093 0.309007 -8.96398e-005 -0.95106 0.495839 -0.105374 -0.861997 0.654357 -0.20738 -0.727194 0.769037 -0.308826 -0.55965 0.832771 -0.410834 -0.371089 0.832979 -0.481973 -0.271749 -0.0444694 -0.998167 -0.0410487 -0.096777 -0.993015 -0.0674955 -0.192146 -0.977763 -0.0840216 -0.303585 -0.950614 -0.0645686 -0.405822 -0.913951 0.00120234 -0.486949 -0.867007 0.105735 -0.535275 -0.810134 0.239088 -0.541603 -0.741666 0.395725 -0.496298 -0.669488 0.552697 -0.403686 -0.587646 0.70122 -0.266623 -0.499382 0.824336 -0.0941543 -0.407779 0.908213 0.0995667 -0.311925 0.944875 0.302271 -0.207765 0.930304 0.496412 -0.103275 0.861922 0.668946 0.00158623 0.743309 0.805185 0.105199 0.583618 0.894454 0.203215 0.398316 0.930136 0.309644 0.1974 0.91239 0.409322 0.000232042 0.872097 0.480725 -0.0913742 -0.0351962 0.998165 0.0492747 -0.0806154 0.993067 0.0855481 -0.170673 0.978024 0.119745 -0.284056 0.950959 0.122431 -0.396577 0.914278 0.0826015 -0.497659 0.86737 -0.00237129 -0.573709 0.809616 -0.124018 -0.611292 0.742907 -0.272784 -0.599288 0.669769 -0.438479 -0.54138 0.58729 -0.601662 -0.433398 0.498895 -0.750513 -0.280496 0.40843 -0.868623 -0.0978468 0.311362 -0.94524 0.103159 0.209147 -0.972428 0.307351 0.102236 -0.946088 0.499099 0.00054911 -0.866545 0.665817 -0.104455 -0.738767 0.791925 -0.205635 -0.574951 0.868422 -0.309995 -0.38697 0.874872 -0.393508 -0.282401 -0.0517726 -0.998176 -0.0310636 -0.108897 -0.993049 -0.044666 -0.205004 -0.97782 -0.0429175 -0.310345 -0.950623 0.00104298 -0.396766 -0.913807 0.0867906 -0.453864 -0.867421 0.203931 -0.472922 -0.810326 0.345999 -0.4471 -0.742159 0.499301 -0.371087 -0.670076 0.642878 -0.250132 -0.58644 0.770404 -0.0911491 -0.496975 0.862964 0.0948538 -0.404442 0.909631 0.29439 -0.309505 0.90418 0.489896 -0.210457 0.845996 0.665915 -0.10691 0.738327 0.809792 0.000458765 0.586717 0.908028 0.106096 0.405252 0.956607 0.20776 0.204303 0.95037 0.31112 0.000469514 0.915051 0.391868 -0.0955078 -0.0444694 0.998167 0.0410487 -0.096777 0.993015 0.0674955 -0.192146 0.977763 0.0840216 -0.303585 0.950614 0.0645686 -0.405822 0.913951 -0.00120234 -0.486949 0.867007 -0.105735 -0.535275 0.810134 -0.239088 -0.541603 0.741666 -0.395725 -0.496298 0.669488 -0.552697 -0.403686 0.587646 -0.70122 -0.266623 0.499382 -0.824336 -0.0941543 0.407779 -0.908213 0.0995667 0.311925 -0.944875 0.302271 0.207765 -0.930304 0.496412 0.103275 -0.861922 0.668946 -0.00158623 -0.743309 0.805185 -0.105199 -0.583618 0.894454 -0.203215 -0.398316 0.910066 -0.290045 -0.296062 -0.0580331 -0.998169 -0.0170685 -0.115515 -0.993085 -0.0209168 -0.208731 -0.977971 0.00210719 -0.302309 -0.950792 0.0678587 -0.370522 -0.913785 0.166462 -0.401896 -0.867207 0.293992 -0.392032 -0.809323 0.437386 -0.335851 -0.741274 0.581133 -0.229766 -0.668756 0.707088 -0.0832994 -0.58751 0.804918 0.0922435 -0.500739 0.860669 0.283801 -0.408297 0.867612 0.476289 -0.309167 0.823143 0.654754 -0.207332 0.72685 0.805528 -0.106601 0.582891 0.913583 -0.00170486 0.406649 0.972593 0.104304 0.207806 0.978073 0.20826 0.000631688 0.950906 0.293728 -0.0974734 -0.0517726 0.998176 0.0310636 -0.108897 0.993049 0.044666 -0.205004 0.97782 0.0429175 -0.310345 0.950623 -0.00104298 -0.396766 0.913807 -0.0867906 -0.453864 0.867421 -0.203931 -0.472922 0.810326 -0.345999 -0.4471 0.742159 -0.499301 -0.371087 0.670076 -0.642878 -0.250132 0.58644 -0.770404 -0.0911491 0.496975 -0.862964 0.0948538 0.404442 -0.909631 0.29439 0.309505 -0.90418 0.489896 0.210457 -0.845996 0.665915 0.10691 -0.738327 0.809792 -0.000458765 -0.586717 0.908028 -0.106096 -0.405252 0.933211 -0.188731 -0.305774 -0.0601305 -0.998165 -0.00707417 -0.11702 -0.993123 0.00364467 -0.203728 -0.977896 0.0470474 -0.283159 -0.95069 0.126528 -0.327429 -0.91375 0.240523 -0.331336 -0.867792 0.370342 -0.293782 -0.809261 0.508713 -0.206491 -0.742085 0.637708 -0.0766528 -0.668533 0.739722 0.0860952 -0.585574 0.806034 0.269113 -0.499449 0.823485 0.455997 -0.406143 0.791906 0.636006 -0.306503 0.708203 0.792505 -0.205008 0.574376 0.908344 -0.10317 0.405299 0.977722 0.0010963 0.2099 0.994325 0.10638 0.000772562 0.976716 0.188806 -0.101869 -0.0580331 0.998169 0.0170685 -0.115515 0.993085 0.0209168 -0.208731 0.977971 -0.00210719 -0.302309 0.950792 -0.0678587 -0.370522 0.913785 -0.166462 -0.401896 0.867207 -0.293992 -0.392032 0.809323 -0.437386 -0.335851 0.741274 -0.581133 -0.229766 0.668756 -0.707088 -0.0832994 0.58751 -0.804918 0.0922435 0.500739 -0.860669 0.283801 0.408297 -0.867612 0.476289 0.309167 -0.823143 0.654754 0.207332 -0.72685 0.805528 0.106601 -0.582891 0.913583 0.00170486 -0.406649 0.946468 -0.0870408 -0.31084 -0.0601305 -0.998165 0.00707417 -0.114652 -0.993031 0.0272928 -0.191005 -0.977866 0.0854161 -0.250049 -0.950692 0.183466 -0.269007 -0.913943 0.303881 -0.246313 -0.868739 0.429676 -0.177934 -0.810653 0.557836 -0.0674357 -0.743651 0.665159 0.0791631 -0.669559 0.738529 0.251025 -0.585384 0.770916 0.43342 -0.499358 0.750193 0.611077 -0.40962 0.677345 0.770569 -0.307376 0.558339 0.893941 -0.205159 0.39847 0.972434 -0.105459 0.207968 1 0 -1.2508e-009 0.990608 0.0889348 -0.103853 -0.0601305 0.998165 0.00707417 -0.11702 0.993123 -0.00364467 -0.203728 0.977896 -0.0470474 -0.283159 0.95069 -0.126528 -0.327429 0.91375 -0.240523 -0.331336 0.867792 -0.370342 -0.293782 0.809261 -0.508713 -0.206491 0.742085 -0.637708 -0.0766528 0.668533 -0.739722 0.0860952 0.585574 -0.806034 0.269113 0.499449 -0.823485 0.455997 0.406143 -0.791906 0.636006 0.306503 -0.708203 0.792505 0.205008 -0.574376 0.908344 0.10317 -0.405299 0.950118 0.0177579 -0.311386 -0.0580331 -0.998169 0.0170685 -0.10661 -0.993032 0.0502145 -0.168112 -0.977919 0.124152 -0.207177 -0.950232 0.232673 -0.202717 -0.913621 0.352423 -0.150555 -0.868376 0.472499 -0.0583407 -0.810899 0.58227 0.0707979 -0.743365 0.665129 0.231354 -0.669957 0.705431 0.406911 -0.587716 0.699295 0.58025 -0.501947 0.641373 0.738428 -0.410703 0.534834 0.869237 -0.307699 0.386973 0.957259 -0.205765 0.203264 0.994325 -0.10638 -0.000772564 0.994165 -0.0199394 -0.106009 -0.0601305 0.998165 -0.00707417 -0.114652 0.993031 -0.0272928 -0.191005 0.977866 -0.0854161 -0.250049 0.950692 -0.183466 -0.269007 0.913943 -0.303881 -0.246313 0.868739 -0.429676 -0.177934 0.810653 -0.557836 -0.0674357 0.743651 -0.665159 0.0791631 0.669559 -0.738529 0.251025 0.585384 -0.770916 0.43342 0.499358 -0.750193 0.611077 0.40962 -0.677345 0.770569 0.307376 -0.558339 0.893941 0.205159 -0.39847 0.943129 0.120777 -0.309711 -0.0517726 -0.998176 0.0310636 -0.0924917 -0.993074 0.0724536 -0.140117 -0.977781 0.155921 -0.156292 -0.950016 0.270263 -0.124774 -0.913092 0.388193 -0.0496368 -0.867636 0.494716 0.0616751 -0.810685 0.582225 0.208431 -0.742295 0.636832 0.373518 -0.670174 0.641366 0.542732 -0.586619 0.601098 0.701251 -0.500272 0.507912 0.832983 -0.41317 0.368008 0.929679 -0.312403 0.195196 0.978073 -0.20826 -0.000631689 0.987439 -0.120357 -0.102362 -0.0580331 0.998169 -0.0170685 -0.10661 0.993032 -0.0502145 -0.168112 0.977919 -0.124152 -0.207177 0.950232 -0.232673 -0.202717 0.913621 -0.352423 -0.150555 0.868376 -0.472499 -0.0583407 0.810899 -0.58227 0.0707979 0.743365 -0.665129 0.231354 0.669957 -0.705431 0.406911 0.587716 -0.699295 0.58025 0.501947 -0.641373 0.738428 0.410703 -0.534834 0.869237 0.307699 -0.386973 0.927326 0.220471 -0.302421 -0.0444694 -0.998167 0.0410487 -0.0755778 -0.993125 0.0893949 -0.103218 -0.97794 0.1816 -0.0927827 -0.950454 0.296698 -0.0398966 -0.913398 0.405108 0.0522379 -0.867589 0.49453 0.181886 -0.810273 0.557113 0.33763 -0.741388 0.579957 0.497632 -0.6703 0.550509 0.655762 -0.586679 0.475168 0.79283 -0.497773 0.351629 0.89215 -0.410703 0.188129 0.95037 -0.31112 -0.000469512 0.969283 -0.224462 -0.100536 -0.0517726 0.998176 -0.0310636 -0.0924917 0.993074 -0.0724536 -0.140117 0.977781 -0.155921 -0.156292 0.950016 -0.270263 -0.124774 0.913092 -0.388193 -0.0496368 0.867636 -0.494716 0.0616751 0.810685 -0.582225 0.208431 0.742295 -0.636832 0.373518 0.670174 -0.641366 0.542732 0.586619 -0.601098 0.701251 0.500272 -0.507912 0.832983 0.41317 -0.368008 0.898827 0.327847 -0.290908 -0.0351962 -0.998165 0.0492747 -0.0548142 -0.99316 0.103097 -0.0610368 -0.977933 0.199806 -0.0289072 -0.950497 0.309387 0.0437282 -0.913672 0.404093 0.153556 -0.867837 0.472525 0.2954 -0.809502 0.507391 0.450119 -0.741051 0.498233 0.600798 -0.669096 0.437438 0.741331 -0.583893 0.330905 0.849552 -0.495592 0.180691 0.91239 -0.409322 -0.000232041 0.940419 -0.325982 -0.0966832 -0.0444694 0.998167 -0.0410487 -0.0755778 0.993125 -0.0893949 -0.103218 0.97794 -0.1816 -0.0927827 0.950454 -0.296698 -0.0398966 0.913398 -0.405108 0.0522379 0.867589 -0.49453 0.181886 0.810273 -0.557113 0.33763 0.741388 -0.579957 0.497632 0.6703 -0.550509 0.655762 0.586679 -0.475168 0.79283 0.497773 -0.351629 0.860813 0.425652 -0.278965 -0.0242778 -0.998164 0.0554921 -0.0335472 -0.993098 0.112385 -0.0201606 -0.977714 0.208971 0.0325579 -0.950267 0.309729 0.126585 -0.913785 0.385971 0.250091 -0.868281 0.428418 0.394142 -0.809928 0.434359 0.542592 -0.741869 0.393986 0.678512 -0.66989 0.301444 0.793604 -0.585074 0.166975 0.868192 -0.496228 -0.00102148 0.900472 -0.424437 -0.0948834 -0.0351962 0.998165 -0.0492747 -0.0548142 0.99316 -0.103097 -0.0610368 0.977933 -0.199806 -0.0289072 0.950497 -0.309387 0.0437282 0.913672 -0.404093 0.153556 0.867837 -0.472525 0.2954 0.809502 -0.507391 0.450119 0.741051 -0.498233 0.600798 0.669096 -0.437438 0.741331 0.583893 -0.330905 0.819608 0.506144 -0.268441 -0.0138347 -0.998174 0.0587975 -0.00996181 -0.993072 0.117087 0.0226572 -0.977723 0.208672 0.0965602 -0.950156 0.296446 0.205452 -0.913764 0.350464 0.333369 -0.868123 0.367734 0.474764 -0.810304 0.343519 0.612152 -0.743296 0.26978 0.725469 -0.671275 0.151938 0.81108 -0.584935 -0.00101726 0.857363 -0.50689 -0.0893959 -0.0242778 0.998164 -0.0554921 -0.0335472 0.993098 -0.112385 -0.0201606 0.977714 -0.208971 0.0325579 0.950267 -0.309729 0.126585 0.913785 -0.385971 0.250091 0.868281 -0.428418 0.394142 0.809928 -0.434359 0.542592 0.741869 -0.393986 0.678512 0.66989 -0.301444 0.761788 0.598829 -0.24715 0 -0.99819 0.060132 0.0161919 -0.993112 0.116042 0.066118 -0.977912 0.198284 0.158032 -0.950087 0.268998 0.272714 -0.913472 0.301987 0.402667 -0.867651 0.291618 0.535905 -0.810899 0.235053 0.654412 -0.743617 0.137034 0.741585 -0.670858 -0.000762543 0.796295 -0.599116 -0.0835076 0.0138347 -0.998174 0.0587975 0.0396363 -0.993141 0.110002 0.106725 -0.97795 0.179508 0.209567 -0.950168 0.230787 0.329533 -0.91321 0.2397 0.456309 -0.866758 0.201279 0.574493 -0.809405 0.121742 0.669587 -0.742734 -0.000531662 0.727464 -0.68176 -0.0774537 -0.0138347 0.998174 -0.0587975 -0.00996181 0.993072 -0.117087 0.0226572 0.977723 -0.208672 0.0965602 0.950156 -0.296446 0.205452 0.913764 -0.350464 0.333369 0.868123 -0.367734 0.474764 0.810304 -0.343519 0.612152 0.743296 -0.26978 0.696397 0.681811 -0.223976 0.0242778 -0.998164 0.0554921 0.0611749 -0.993132 0.0997342 0.141745 -0.977973 0.15322 0.252041 -0.950844 0.179921 0.372217 -0.913758 0.162795 0.488053 -0.86659 0.104048 0.587034 -0.809561 -0.0015027 0.654304 -0.752812 -0.0718431 0 0.99819 -0.060132 0.0161919 0.993112 -0.116042 0.066118 0.977912 -0.198284 0.158032 0.950087 -0.268998 0.272714 0.913472 -0.301987 0.402667 0.867651 -0.291618 0.535905 0.810899 -0.235053 0.626082 0.75354 -0.200497 0.0351962 -0.998165 0.0492747 0.0806154 -0.993067 0.0855481 0.170673 -0.978024 0.119745 0.284056 -0.950959 0.122431 0.396577 -0.914278 0.0826015 0.497659 -0.86737 -0.00237129 0.570439 -0.818859 -0.0637894 0.0138347 0.998174 -0.0587975 0.0396363 0.993141 -0.110002 0.106725 0.97795 -0.179508 0.209567 0.950168 -0.230787 0.329533 0.91321 -0.2397 0.456309 0.866758 -0.201279 0.546058 0.819051 -0.176 0.0444694 -0.998167 0.0410487 0.096777 -0.993015 0.0674955 0.192146 -0.977763 0.0840216 0.303585 -0.950614 0.0645686 0.405822 -0.913951 -0.00120234 0.482899 -0.874145 -0.0517643 0.0242778 0.998164 -0.0554921 0.0611749 0.993132 -0.0997342 0.141745 0.977973 -0.15322 0.252041 0.950844 -0.179921 0.372217 0.913758 -0.162795 0.462566 0.873568 -0.151365 0.0517726 -0.998176 0.0310636 0.108897 -0.993049 0.044666 0.205004 -0.97782 0.0429175 0.310345 -0.950623 -0.00104298 0.389459 -0.920074 -0.0422508 0.0351962 0.998165 -0.0492747 0.0806154 0.993067 -0.0855481 0.170673 0.978024 -0.119745 0.284056 0.950959 -0.122431 0.37173 0.920488 -0.12049 0.0580331 -0.998169 0.0170685 0.115515 -0.993085 0.0209168 0.208731 -0.977971 -0.00210719 0.293362 -0.955378 -0.0345132 0.0444694 0.998167 -0.0410487 0.096777 0.993015 -0.0674955 0.192146 0.977763 -0.0840216 0.280838 0.955309 -0.0922712 0.0601305 -0.998165 0.00707417 0.11702 -0.993123 -0.00364467 0.19073 -0.981386 -0.0224388 0.0517726 0.998176 -0.0310636 0.108897 0.993049 -0.044666 0.183319 0.981272 -0.0591517 0.0601305 -0.998165 -0.00707417 0.107546 -0.99412 -0.0126525 0.0580331 0.998169 -0.0170685 0.103796 0.99413 -0.0305282</float_array>
                    <technique_common>
                        <accessor count="959" source="#ID24" stride="3">
                            <param name="X" type="float"/>
                            <param name="Y" type="float"/>
                            <param name="Z" type="float"/>
                        </accessor>
                    </technique_common>
                </source>
                <source id="ID25">
                    <float_array id="ID26" count="1918">1.46045 1 1.49646 0.966675 1.42969 0.966675 1.42969 0.93335 1.36304 0.93335 1.36304 0.900024 1.29639 0.900024 1.29639 0.866699 1.22974 0.866699 1.22974 0.833374 1.16309 0.833374 1.16309 0.800049 1.09644 0.800049 1.09644 0.766724 1.02979 0.766724 1.02979 0.733398 0.963135 0.733398 0.963135 0.700073 0.896362 0.700073 0.896362 0.666748 0.829712 0.666748 0.829712 0.633423 0.763062 0.633423 0.763062 0.600098 0.696411 0.600098 0.696411 0.566772 0.629761 0.566772 0.629761 0.533447 0.56311 0.533447 0.56311 0.5 0.49646 0.5 0.49646 0.466675 0.429688 0.466675 0.429688 0.43335 0.363037 0.43335 0.363037 0.400024 0.296387 0.400024 0.296387 0.366699 0.229736 0.366699 0.229736 0.333374 0.163086 0.333374 0.163086 0.300049 0.0964355 0.300049 0.0964355 0.266724 0.0297852 0.266724 0.0297852 0.233398 -0.0367432 0.233398 -0.0367432 0.200073 -0.103516 0.200073 -0.103516 0.166748 -0.170166 0.166748 -0.170166 0.133423 -0.236816 0.133423 -0.236816 0.100098 -0.303467 0.100098 -0.303467 0.0667725 -0.370117 0.0667725 -0.370117 0.0334473 -0.436768 0.0334473 -0.403931 0 1.39917 1 1.36304 0.966675 1.29639 0.93335 1.22974 0.900024 1.16309 0.866699 1.09644 0.833374 1.02979 0.800049 0.963135 0.766724 0.896362 0.733398 0.829712 0.700073 0.763062 0.666748 0.696411 0.633423 0.629761 0.600098 0.56311 0.566772 0.49646 0.533447 0.429688 0.5 0.363037 0.466675 0.296387 0.43335 0.229736 0.400024 0.163086 0.366699 0.0964355 0.333374 0.0297852 0.300049 -0.0367432 0.266724 -0.103516 0.233398 -0.170166 0.200073 -0.236816 0.166748 -0.303467 0.133423 -0.370117 0.100098 -0.436768 0.0667725 -0.503418 0.0334473 -0.469727 0 1.32886 1 1.29639 0.966675 1.22974 0.93335 1.16309 0.900024 1.09644 0.866699 1.02979 0.833374 0.963135 0.800049 0.896362 0.766724 0.829712 0.733398 0.763062 0.700073 0.696411 0.666748 0.629761 0.633423 0.56311 0.600098 0.49646 0.566772 0.429688 0.533447 0.363037 0.5 0.296387 0.466675 0.229736 0.43335 0.163086 0.400024 0.0964355 0.366699 0.0297852 0.333374 -0.0367432 0.300049 -0.103516 0.266724 -0.170166 0.233398 -0.236816 0.200073 -0.303467 0.166748 -0.370117 0.133423 -0.436768 0.100098 -0.503418 0.0667725 -0.335938 0 -0.303467 0.0334473 -0.236816 0.0667725 -0.170166 0.100098 -0.103516 0.133423 -0.0367432 0.166748 0.0297852 0.200073 0.0964355 0.233398 0.163086 0.266724 0.229736 0.300049 0.296387 0.333374 0.363037 0.366699 0.429688 0.400024 0.49646 0.43335 0.56311 0.466675 0.629761 0.5 0.696411 0.533447 0.763062 0.566772 0.829712 0.600098 0.896362 0.633423 0.963135 0.666748 1.02979 0.700073 1.09644 0.733398 1.16309 0.766724 1.22974 0.800049 1.29639 0.833374 1.36304 0.866699 1.42969 0.900024 1.49646 0.93335 1.26086 1 1.22974 0.966675 1.16309 0.93335 1.09644 0.900024 1.02979 0.866699 0.963135 0.833374 0.896362 0.800049 0.829712 0.766724 0.763062 0.733398 0.696411 0.700073 0.629761 0.666748 0.56311 0.633423 0.49646 0.600098 0.429688 0.566772 0.363037 0.533447 0.296387 0.5 0.229736 0.466675 0.163086 0.43335 0.0964355 0.400024 0.0297852 0.366699 -0.0367432 0.333374 -0.103516 0.300049 -0.170166 0.266724 -0.236816 0.233398 -0.303467 0.200073 -0.370117 0.166748 -0.436768 0.133423 -0.503418 0.100098 -0.267822 0 -0.236816 0.0334473 -0.170166 0.0667725 -0.103516 0.100098 -0.0367432 0.133423 0.0297852 0.166748 0.0964355 0.200073 0.163086 0.233398 0.229736 0.266724 0.296387 0.300049 0.363037 0.333374 0.429688 0.366699 0.49646 0.400024 0.56311 0.43335 0.629761 0.466675 0.696411 0.5 0.763062 0.533447 0.829712 0.566772 0.896362 0.600098 0.963135 0.633423 1.02979 0.666748 1.09644 0.700073 1.16309 0.733398 1.22974 0.766724 1.29639 0.800049 1.36304 0.833374 1.42969 0.866699 1.49646 0.900024 1.19727 1 1.16309 0.966675 1.09644 0.93335 1.02979 0.900024 0.963135 0.866699 0.896362 0.833374 0.829712 0.800049 0.763062 0.766724 0.696411 0.733398 0.629761 0.700073 0.56311 0.666748 0.49646 0.633423 0.429688 0.600098 0.363037 0.566772 0.296387 0.533447 0.229736 0.5 0.163086 0.466675 0.0964355 0.43335 0.0297852 0.400024 -0.0367432 0.366699 -0.103516 0.333374 -0.170166 0.300049 -0.236816 0.266724 -0.303467 0.233398 -0.370117 0.200073 -0.436768 0.166748 -0.503418 0.133423 -0.202026 0 -0.170166 0.0334473 -0.103516 0.0667725 -0.0367432 0.100098 0.0297852 0.133423 0.0964355 0.166748 0.163086 0.200073 0.229736 0.233398 0.296387 0.266724 0.363037 0.300049 0.429688 0.333374 0.49646 0.366699 0.56311 0.400024 0.629761 0.43335 0.696411 0.466675 0.763062 0.5 0.829712 0.533447 0.896362 0.566772 0.963135 0.600098 1.02979 0.633423 1.09644 0.666748 1.16309 0.700073 1.22974 0.733398 1.29639 0.766724 1.36304 0.800049 1.42969 0.833374 1.49646 0.866699 1.12927 1 1.09644 0.966675 1.02979 0.93335 0.963135 0.900024 0.896362 0.866699 0.829712 0.833374 0.763062 0.800049 0.696411 0.766724 0.629761 0.733398 0.56311 0.700073 0.49646 0.666748 0.429688 0.633423 0.363037 0.600098 0.296387 0.566772 0.229736 0.533447 0.163086 0.5 0.0964355 0.466675 0.0297852 0.43335 -0.0367432 0.400024 -0.103516 0.366699 -0.170166 0.333374 -0.236816 0.300049 -0.303467 0.266724 -0.370117 0.233398 -0.436768 0.200073 -0.503418 0.166748 -0.136353 0 -0.103516 0.0334473 -0.0367432 0.0667725 0.0297852 0.100098 0.0964355 0.133423 0.163086 0.166748 0.229736 0.200073 0.296387 0.233398 0.363037 0.266724 0.429688 0.300049 0.49646 0.333374 0.56311 0.366699 0.629761 0.400024 0.696411 0.43335 0.763062 0.466675 0.829712 0.5 0.896362 0.533447 0.963135 0.566772 1.02979 0.600098 1.09644 0.633423 1.16309 0.666748 1.22974 0.700073 1.29639 0.733398 1.36304 0.766724 1.42969 0.800049 1.49646 0.833374 1.06348 1 1.02979 0.966675 0.963135 0.93335 0.896362 0.900024 0.829712 0.866699 0.763062 0.833374 0.696411 0.800049 0.629761 0.766724 0.56311 0.733398 0.49646 0.700073 0.429688 0.666748 0.363037 0.633423 0.296387 0.600098 0.229736 0.566772 0.163086 0.533447 0.0964355 0.5 0.0297852 0.466675 -0.0367432 0.43335 -0.103516 0.400024 -0.170166 0.366699 -0.236816 0.333374 -0.303467 0.300049 -0.370117 0.266724 -0.436768 0.233398 -0.503418 0.200073 -0.0682373 0 -0.0367432 0.0334473 0.0297852 0.0667725 0.0964355 0.100098 0.163086 0.133423 0.229736 0.166748 0.296387 0.200073 0.363037 0.233398 0.429688 0.266724 0.49646 0.300049 0.56311 0.333374 0.629761 0.366699 0.696411 0.400024 0.763062 0.43335 0.829712 0.466675 0.896362 0.5 0.963135 0.533447 1.02979 0.566772 1.09644 0.600098 1.16309 0.633423 1.22974 0.666748 1.29639 0.700073 1.36304 0.733398 1.42969 0.766724 1.49646 0.800049 0.995483 1 0.963135 0.966675 0.896362 0.93335 0.829712 0.900024 0.763062 0.866699 0.696411 0.833374 0.629761 0.800049 0.56311 0.766724 0.49646 0.733398 0.429688 0.700073 0.363037 0.666748 0.296387 0.633423 0.229736 0.600098 0.163086 0.566772 0.0964355 0.533447 0.0297852 0.5 -0.0367432 0.466675 -0.103516 0.43335 -0.170166 0.400024 -0.236816 0.366699 -0.303467 0.333374 -0.370117 0.300049 -0.436768 0.266724 -0.503418 0.233398 -0.00244141 0 0.0297852 0.0334473 0.0964355 0.0667725 0.163086 0.100098 0.229736 0.133423 0.296387 0.166748 0.363037 0.200073 0.429688 0.233398 0.49646 0.266724 0.56311 0.300049 0.629761 0.333374 0.696411 0.366699 0.763062 0.400024 0.829712 0.43335 0.896362 0.466675 0.963135 0.5 1.02979 0.533447 1.09644 0.566772 1.16309 0.600098 1.22974 0.633423 1.29639 0.666748 1.36304 0.700073 1.42969 0.733398 1.49646 0.766724 0.929688 1 0.896362 0.966675 0.829712 0.93335 0.763062 0.900024 0.696411 0.866699 0.629761 0.833374 0.56311 0.800049 0.49646 0.766724 0.429688 0.733398 0.363037 0.700073 0.296387 0.666748 0.229736 0.633423 0.163086 0.600098 0.0964355 0.566772 0.0297852 0.533447 -0.0367432 0.5 -0.103516 0.466675 -0.170166 0.43335 -0.236816 0.400024 -0.303467 0.366699 -0.370117 0.333374 -0.436768 0.300049 -0.503418 0.266724 0.0632324 0 0.0964355 0.0334473 0.163086 0.0667725 0.229736 0.100098 0.296387 0.133423 0.363037 0.166748 0.429688 0.200073 0.49646 0.233398 0.56311 0.266724 0.629761 0.300049 0.696411 0.333374 0.763062 0.366699 0.829712 0.400024 0.896362 0.43335 0.963135 0.466675 1.02979 0.5 1.09644 0.533447 1.16309 0.566772 1.22974 0.600098 1.29639 0.633423 1.36304 0.666748 1.42969 0.700073 1.49646 0.733398 0.863892 1 0.829712 0.966675 0.763062 0.93335 0.696411 0.900024 0.629761 0.866699 0.56311 0.833374 0.49646 0.800049 0.429688 0.766724 0.363037 0.733398 0.296387 0.700073 0.229736 0.666748 0.163086 0.633423 0.0964355 0.600098 0.0297852 0.566772 -0.0367432 0.533447 -0.103516 0.5 -0.170166 0.466675 -0.236816 0.43335 -0.303467 0.400024 -0.370117 0.366699 -0.436768 0.333374 -0.503418 0.300049 0.131226 0 0.163086 0.0334473 0.229736 0.0667725 0.296387 0.100098 0.363037 0.133423 0.429688 0.166748 0.49646 0.200073 0.56311 0.233398 0.629761 0.266724 0.696411 0.300049 0.763062 0.333374 0.829712 0.366699 0.896362 0.400024 0.963135 0.43335 1.02979 0.466675 1.09644 0.5 1.16309 0.533447 1.22974 0.566772 1.29639 0.600098 1.36304 0.633423 1.42969 0.666748 1.49646 0.700073 0.795776 1 0.763062 0.966675 0.696411 0.93335 0.629761 0.900024 0.56311 0.866699 0.49646 0.833374 0.429688 0.800049 0.363037 0.766724 0.296387 0.733398 0.229736 0.700073 0.163086 0.666748 0.0964355 0.633423 0.0297852 0.600098 -0.0367432 0.566772 -0.103516 0.533447 -0.170166 0.5 -0.236816 0.466675 -0.303467 0.43335 -0.370117 0.400024 -0.436768 0.366699 -0.503418 0.333374 0.197021 0 0.229736 0.0334473 0.296387 0.0667725 0.363037 0.100098 0.429688 0.133423 0.49646 0.166748 0.56311 0.200073 0.629761 0.233398 0.696411 0.266724 0.763062 0.300049 0.829712 0.333374 0.896362 0.366699 0.963135 0.400024 1.02979 0.43335 1.09644 0.466675 1.16309 0.5 1.22974 0.533447 1.29639 0.566772 1.36304 0.600098 1.42969 0.633423 1.49646 0.666748 0.72998 1 0.696411 0.966675 0.629761 0.93335 0.56311 0.900024 0.49646 0.866699 0.429688 0.833374 0.363037 0.800049 0.296387 0.766724 0.229736 0.733398 0.163086 0.700073 0.0964355 0.666748 0.0297852 0.633423 -0.0367432 0.600098 -0.103516 0.566772 -0.170166 0.533447 -0.236816 0.5 -0.303467 0.466675 -0.370117 0.43335 -0.436768 0.400024 -0.503418 0.366699 0.265015 0 0.296387 0.0334473 0.363037 0.0667725 0.429688 0.100098 0.49646 0.133423 0.56311 0.166748 0.629761 0.200073 0.696411 0.233398 0.763062 0.266724 0.829712 0.300049 0.896362 0.333374 0.963135 0.366699 1.02979 0.400024 1.09644 0.43335 1.16309 0.466675 1.22974 0.5 1.29639 0.533447 1.36304 0.566772 1.42969 0.600098 1.49646 0.633423 0.661987 1 0.629761 0.966675 0.56311 0.93335 0.49646 0.900024 0.429688 0.866699 0.363037 0.833374 0.296387 0.800049 0.229736 0.766724 0.163086 0.733398 0.0964355 0.700073 0.0297852 0.666748 -0.0367432 0.633423 -0.103516 0.600098 -0.170166 0.566772 -0.236816 0.533447 -0.303467 0.5 -0.370117 0.466675 -0.436768 0.43335 -0.503418 0.400024 0.330811 0 0.363037 0.0334473 0.429688 0.0667725 0.49646 0.100098 0.56311 0.133423 0.629761 0.166748 0.696411 0.200073 0.763062 0.233398 0.829712 0.266724 0.896362 0.300049 0.963135 0.333374 1.02979 0.366699 1.09644 0.400024 1.16309 0.43335 1.22974 0.466675 1.29639 0.5 1.36304 0.533447 1.42969 0.566772 1.49646 0.600098 0.596191 1 0.56311 0.966675 0.49646 0.93335 0.429688 0.900024 0.363037 0.866699 0.296387 0.833374 0.229736 0.800049 0.163086 0.766724 0.0964355 0.733398 0.0297852 0.700073 -0.0367432 0.666748 -0.103516 0.633423 -0.170166 0.600098 -0.236816 0.566772 -0.303467 0.533447 -0.370117 0.5 -0.436768 0.466675 -0.503418 0.43335 0.396606 0 0.429688 0.0334473 0.49646 0.0667725 0.56311 0.100098 0.629761 0.133423 0.696411 0.166748 0.763062 0.200073 0.829712 0.233398 0.896362 0.266724 0.963135 0.300049 1.02979 0.333374 1.09644 0.366699 1.16309 0.400024 1.22974 0.43335 1.29639 0.466675 1.36304 0.5 1.42969 0.533447 1.49646 0.566772 0.530396 1 0.49646 0.966675 0.429688 0.93335 0.363037 0.900024 0.296387 0.866699 0.229736 0.833374 0.163086 0.800049 0.0964355 0.766724 0.0297852 0.733398 -0.0367432 0.700073 -0.103516 0.666748 -0.170166 0.633423 -0.236816 0.600098 -0.303467 0.566772 -0.370117 0.533447 -0.436768 0.5 -0.503418 0.466675 0.4646 0 0.49646 0.0334473 0.56311 0.0667725 0.629761 0.100098 0.696411 0.133423 0.763062 0.166748 0.829712 0.200073 0.896362 0.233398 0.963135 0.266724 1.02979 0.300049 1.09644 0.333374 1.16309 0.366699 1.22974 0.400024 1.29639 0.43335 1.36304 0.466675 1.42969 0.5 1.49646 0.533447 0.4646 1 0.429688 0.966675 0.363037 0.93335 0.296387 0.900024 0.229736 0.866699 0.163086 0.833374 0.0964355 0.800049 0.0297852 0.766724 -0.0367432 0.733398 -0.103516 0.700073 -0.170166 0.666748 -0.236816 0.633423 -0.303467 0.600098 -0.370117 0.566772 -0.436768 0.533447 -0.503418 0.5 0.530396 0 0.56311 0.0334473 0.629761 0.0667725 0.696411 0.100098 0.763062 0.133423 0.829712 0.166748 0.896362 0.200073 0.963135 0.233398 1.02979 0.266724 1.09644 0.300049 1.16309 0.333374 1.22974 0.366699 1.29639 0.400024 1.36304 0.43335 1.42969 0.466675 1.49646 0.5 0.396606 1 0.363037 0.966675 0.296387 0.93335 0.229736 0.900024 0.163086 0.866699 0.0964355 0.833374 0.0297852 0.800049 -0.0367432 0.766724 -0.103516 0.733398 -0.170166 0.700073 -0.236816 0.666748 -0.303467 0.633423 -0.370117 0.600098 -0.436768 0.566772 -0.503418 0.533447 0.598511 0 0.629761 0.0334473 0.696411 0.0667725 0.763062 0.100098 0.829712 0.133423 0.896362 0.166748 0.963135 0.200073 1.02979 0.233398 1.09644 0.266724 1.16309 0.300049 1.22974 0.333374 1.29639 0.366699 1.36304 0.400024 1.42969 0.43335 1.49646 0.466675 0.330811 1 0.296387 0.966675 0.229736 0.93335 0.163086 0.900024 0.0964355 0.866699 0.0297852 0.833374 -0.0367432 0.800049 -0.103516 0.766724 -0.170166 0.733398 -0.236816 0.700073 -0.303467 0.666748 -0.370117 0.633423 -0.436768 0.600098 -0.503418 0.566772 0.664307 0 0.696411 0.0334473 0.763062 0.0667725 0.829712 0.100098 0.896362 0.133423 0.963135 0.166748 1.02979 0.200073 1.09644 0.233398 1.16309 0.266724 1.22974 0.300049 1.29639 0.333374 1.36304 0.366699 1.42969 0.400024 1.49646 0.43335 0.265015 1 0.229736 0.966675 0.163086 0.93335 0.0964355 0.900024 0.0297852 0.866699 -0.0367432 0.833374 -0.103516 0.800049 -0.170166 0.766724 -0.236816 0.733398 -0.303467 0.700073 -0.370117 0.666748 -0.436768 0.633423 -0.503418 0.600098 0.72998 0 0.763062 0.0334473 0.829712 0.0667725 0.896362 0.100098 0.963135 0.133423 1.02979 0.166748 1.09644 0.200073 1.16309 0.233398 1.22974 0.266724 1.29639 0.300049 1.36304 0.333374 1.42969 0.366699 1.49646 0.400024 0.197021 1 0.163086 0.966675 0.0964355 0.93335 0.0297852 0.900024 -0.0367432 0.866699 -0.103516 0.833374 -0.170166 0.800049 -0.236816 0.766724 -0.303467 0.733398 -0.370117 0.700073 -0.436768 0.666748 -0.503418 0.633423 0.798096 0 0.829712 0.0334473 0.896362 0.0667725 0.963135 0.100098 1.02979 0.133423 1.09644 0.166748 1.16309 0.200073 1.22974 0.233398 1.29639 0.266724 1.36304 0.300049 1.42969 0.333374 1.49646 0.366699 0.128906 1 0.0964355 0.966675 0.0297852 0.93335 -0.0367432 0.900024 -0.103516 0.866699 -0.170166 0.833374 -0.236816 0.800049 -0.303467 0.766724 -0.370117 0.733398 -0.436768 0.700073 -0.503418 0.666748 0.863892 0 0.896362 0.0334473 0.963135 0.0667725 1.02979 0.100098 1.09644 0.133423 1.16309 0.166748 1.22974 0.200073 1.29639 0.233398 1.36304 0.266724 1.42969 0.300049 1.49646 0.333374 0.0654297 1 0.0297852 0.966675 -0.0367432 0.93335 -0.103516 0.900024 -0.170166 0.866699 -0.236816 0.833374 -0.303467 0.800049 -0.370117 0.766724 -0.436768 0.733398 -0.503418 0.700073 0.931885 0 0.963135 0.0334473 1.02979 0.0667725 1.09644 0.100098 1.16309 0.133423 1.22974 0.166748 1.29639 0.200073 1.36304 0.233398 1.42969 0.266724 1.49646 0.300049 0.995483 0 1.02979 0.0334473 1.09644 0.0667725 1.16309 0.100098 1.22974 0.133423 1.29639 0.166748 1.36304 0.200073 1.42969 0.233398 1.49646 0.266724 -0.00244141 1 -0.0367432 0.966675 -0.103516 0.93335 -0.170166 0.900024 -0.236816 0.866699 -0.303467 0.833374 -0.370117 0.800049 -0.436768 0.766724 -0.503418 0.733398 1.06348 0 1.09644 0.0334473 1.16309 0.0667725 1.22974 0.100098 1.29639 0.133423 1.36304 0.166748 1.42969 0.200073 1.49646 0.233398 -0.0682373 1 -0.103516 0.966675 -0.170166 0.93335 -0.236816 0.900024 -0.303467 0.866699 -0.370117 0.833374 -0.436768 0.800049 -0.503418 0.766724 1.13147 0 1.16309 0.0334473 1.22974 0.0667725 1.29639 0.100098 1.36304 0.133423 1.42969 0.166748 1.49646 0.200073 -0.135376 1 -0.170166 0.966675 -0.236816 0.93335 -0.303467 0.900024 -0.370117 0.866699 -0.436768 0.833374 -0.503418 0.800049 1.19958 0 1.22974 0.0334473 1.29639 0.0667725 1.36304 0.100098 1.42969 0.133423 1.49646 0.166748 -0.203491 1 -0.236816 0.966675 -0.303467 0.93335 -0.370117 0.900024 -0.436768 0.866699 -0.503418 0.833374 1.26538 0 1.29639 0.0334473 1.36304 0.0667725 1.42969 0.100098 1.49646 0.133423 -0.269409 1 -0.303467 0.966675 -0.370117 0.93335 -0.436768 0.900024 -0.503418 0.866699 1.33118 0 1.36304 0.0334473 1.42969 0.0667725 1.49646 0.100098 -0.333008 1 -0.370117 0.966675 -0.436768 0.93335 -0.503418 0.900024 1.39917 0 1.42969 0.0334473 1.49646 0.0667725 -0.403442 1 -0.436768 0.966675 -0.503418 0.93335 1.46497 0 1.49646 0.0334473 -0.467163 1 -0.503418 0.966675</float_array>
                    <technique_common>
                        <accessor count="959" source="#ID26" stride="2">
                            <param name="S" type="float"/>
                            <param name="T" type="float"/>
                        </accessor>
                    </technique_common>
                </source>
                <vertices id="ID27">
                    <input semantic="POSITION" source="#ID21"/>
                </vertices>
                <triangles count="1740" material="Material1">
                    <input offset="0" semantic="VERTEX" source="#ID27"/>
                    <input offset="1" semantic="NORMAL" source="#ID23"/>
                    <input offset="2" semantic="TEXCOORD" source="#ID25" set="0"/>
                    <p>420 2 2 301 1 1 486 0 0 301 1 1 420 2 2 296 3 3 292 4 4 296 3 3 420 2 2 296 3 3 292 4 4 168 5 5 164 6 6 168 5 5 292 4 4 168 5 5 164 6 6 40 7 7 36 8 8 40 7 7 164 6 6 40 7 7 36 8 8 892 9 9 889 10 10 892 9 9 36 8 8 892 9 9 889 10 10 796 11 11 793 12 12 796 11 11 889 10 10 796 11 11 793 12 12 700 13 13 697 14 14 700 13 13 793 12 12 700 13 13 697 14 14 604 15 15 601 16 16 604 15 15 697 14 14 604 15 15 601 16 16 508 17 17 505 18 18 508 17 17 601 16 16 508 17 17 505 18 18 329 19 19 325 20 20 329 19 19 505 18 18 329 19 19 325 20 20 201 21 21 197 22 22 201 21 21 325 20 20 201 21 21 197 22 22 73 23 23 69 24 24 73 23 23 197 22 22 73 23 23 69 24 24 917 25 25 914 26 26 917 25 25 69 24 24 917 25 25 914 26 26 821 27 27 818 28 28 821 27 27 914 26 26 821 27 27 818 28 28 725 29 29 721 30 30 725 29 29 818 28 28 725 29 29 721 30 30 628 31 31 624 32 32 628 31 31 721 30 30 628 31 31 624 32 32 531 33 33 528 34 34 531 33 33 624 32 32 531 33 33 528 34 34 360 35 35 356 36 36 360 35 35 528 34 34 360 35 35 356 36 36 232 37 37 228 38 38 232 37 37 356 36 36 232 37 37 228 38 38 104 39 39 100 40 40 104 39 39 228 38 38 104 39 39 100 40 40 940 41 41 937 42 42 940 41 41 100 40 40 940 41 41 937 42 42 844 43 43 841 44 44 844 43 43 937 42 42 844 43 43 841 44 44 748 45 45 745 46 46 748 45 45 841 44 44 748 45 45 745 46 46 652 47 47 649 48 48 652 47 47 745 46 46 652 47 47 649 48 48 556 49 49 553 50 50 556 49 49 649 48 48 556 49 49 553 50 50 393 51 51 389 52 52 393 51 51 553 50 50 393 51 51 389 52 52 265 53 53 261 54 54 265 53 53 389 52 52 265 53 53 261 54 54 137 55 55 133 56 56 137 55 55 261 54 54 137 55 55 133 56 56 9 57 57 5 58 58 9 57 57 133 56 56 9 57 57 5 58 58 425 59 59 416 61 61 420 2 2 485 60 60 420 2 2 416 61 61 292 4 4 288 62 62 292 4 4 416 61 61 292 4 4 288 62 62 164 6 6 160 63 63 164 6 6 288 62 62 164 6 6 160 63 63 36 8 8 32 64 64 36 8 8 160 63 63 36 8 8 32 64 64 889 10 10 886 65 65 889 10 10 32 64 64 889 10 10 886 65 65 793 12 12 790 66 66 793 12 12 886 65 65 793 12 12 790 66 66 697 14 14 694 67 67 697 14 14 790 66 66 697 14 14 694 67 67 601 16 16 598 68 68 601 16 16 694 67 67 601 16 16 598 68 68 505 18 18 502 69 69 505 18 18 598 68 68 505 18 18 502 69 69 325 20 20 321 70 70 325 20 20 502 69 69 325 20 20 321 70 70 197 22 22 193 71 71 197 22 22 321 70 70 197 22 22 193 71 71 69 24 24 65 72 72 69 24 24 193 71 71 69 24 24 65 72 72 914 26 26 911 73 73 914 26 26 65 72 72 914 26 26 911 73 73 818 28 28 814 74 74 818 28 28 911 73 73 818 28 28 814 74 74 721 30 30 717 75 75 721 30 30 814 74 74 721 30 30 717 75 75 624 32 32 621 76 76 624 32 32 717 75 75 624 32 32 621 76 76 528 34 34 525 77 77 528 34 34 621 76 76 528 34 34 525 77 77 356 36 36 352 78 78 356 36 36 525 77 77 356 36 36 352 78 78 228 38 38 224 79 79 228 38 38 352 78 78 228 38 38 224 79 79 100 40 40 96 80 80 100 40 40 224 79 79 100 40 40 96 80 80 937 42 42 934 81 81 937 42 42 96 80 80 937 42 42 934 81 81 841 44 44 838 82 82 841 44 44 934 81 81 841 44 44 838 82 82 745 46 46 742 83 83 745 46 46 838 82 82 745 46 46 742 83 83 649 48 48 646 84 84 649 48 48 742 83 83 649 48 48 646 84 84 553 50 50 550 85 85 553 50 50 646 84 84 553 50 50 550 85 85 389 52 52 385 86 86 389 52 52 550 85 85 389 52 52 385 86 86 261 54 54 257 87 87 261 54 54 385 86 86 261 54 54 257 87 87 133 56 56 129 88 88 133 56 56 257 87 87 133 56 56 129 88 88 5 58 58 0 89 89 5 58 58 129 88 88 5 58 58 0 89 89 424 90 90 412 92 92 416 61 61 484 91 91 416 61 61 412 92 92 288 62 62 284 93 93 288 62 62 412 92 92 288 62 62 284 93 93 160 63 63 156 94 94 160 63 63 284 93 93 160 63 63 156 94 94 32 64 64 28 95 95 32 64 64 156 94 94 32 64 64 28 95 95 886 65 65 883 96 96 886 65 65 28 95 95 886 65 65 883 96 96 790 66 66 787 97 97 790 66 66 883 96 96 790 66 66 787 97 97 694 67 67 691 98 98 694 67 67 787 97 97 694 67 67 691 98 98 598 68 68 595 99 99 598 68 68 691 98 98 598 68 68 595 99 99 502 69 69 499 100 100 502 69 69 595 99 99 502 69 69 499 100 100 321 70 70 317 101 101 321 70 70 499 100 100 321 70 70 317 101 101 193 71 71 189 102 102 193 71 71 317 101 101 193 71 71 189 102 102 65 72 72 61 103 103 65 72 72 189 102 102 65 72 72 61 103 103 911 73 73 907 104 104 911 73 73 61 103 103 911 73 73 907 104 104 814 74 74 810 105 105 814 74 74 907 104 104 814 74 74 810 105 105 717 75 75 714 106 106 717 75 75 810 105 105 717 75 75 714 106 106 621 76 76 618 107 107 621 76 76 714 106 106 621 76 76 618 107 107 525 77 77 522 108 108 525 77 77 618 107 107 525 77 77 522 108 108 352 78 78 348 109 109 352 78 78 522 108 108 352 78 78 348 109 109 224 79 79 220 110 110 224 79 79 348 109 109 224 79 79 220 110 110 96 80 80 92 111 111 96 80 80 220 110 110 96 80 80 92 111 111 934 81 81 931 112 112 934 81 81 92 111 111 934 81 81 931 112 112 838 82 82 835 113 113 838 82 82 931 112 112 838 82 82 835 113 113 742 83 83 739 114 114 742 83 83 835 113 113 742 83 83 739 114 114 646 84 84 643 115 115 646 84 84 739 114 114 646 84 84 643 115 115 550 85 85 547 116 116 550 85 85 643 115 115 550 85 85 547 116 116 385 86 86 381 117 117 385 86 86 547 116 116 385 86 86 381 117 117 257 87 87 253 118 118 257 87 87 381 117 117 257 87 87 253 118 118 129 88 88 124 119 119 129 88 88 253 118 118 129 88 88 124 119 119 0 89 89 13 121 121 9 57 57 426 120 120 9 57 57 13 121 121 137 55 55 141 122 122 137 55 55 13 121 121 137 55 55 141 122 122 265 53 53 269 123 123 265 53 53 141 122 122 265 53 53 269 123 123 393 51 51 397 124 124 393 51 51 269 123 123 393 51 51 397 124 124 556 49 49 559 125 125 556 49 49 397 124 124 556 49 49 559 125 125 652 47 47 655 126 126 652 47 47 559 125 125 652 47 47 655 126 126 748 45 45 751 127 127 748 45 45 655 126 126 748 45 45 751 127 127 844 43 43 847 128 128 844 43 43 751 127 127 844 43 43 847 128 128 940 41 41 943 129 129 940 41 41 847 128 128 940 41 41 943 129 129 104 39 39 108 130 130 104 39 39 943 129 129 104 39 39 108 130 130 232 37 37 236 131 131 232 37 37 108 130 130 232 37 37 236 131 131 360 35 35 364 132 132 360 35 35 236 131 131 360 35 35 364 132 132 531 33 33 535 133 133 531 33 33 364 132 132 531 33 33 535 133 133 628 31 31 632 134 134 628 31 31 535 133 133 628 31 31 632 134 134 725 29 29 728 135 135 725 29 29 632 134 134 725 29 29 728 135 135 821 27 27 824 136 136 821 27 27 728 135 135 821 27 27 824 136 136 917 25 25 920 137 137 917 25 25 824 136 136 917 25 25 920 137 137 73 23 23 77 138 138 73 23 23 920 137 137 73 23 23 77 138 138 201 21 21 205 139 139 201 21 21 77 138 138 201 21 21 205 139 139 329 19 19 333 140 140 329 19 19 205 139 139 329 19 19 333 140 140 508 17 17 511 141 141 508 17 17 333 140 140 508 17 17 511 141 141 604 15 15 607 142 142 604 15 15 511 141 141 604 15 15 607 142 142 700 13 13 703 143 143 700 13 13 607 142 142 700 13 13 703 143 143 796 11 11 799 144 144 796 11 11 703 143 143 796 11 11 799 144 144 892 9 9 895 145 145 892 9 9 799 144 144 892 9 9 895 145 145 40 7 7 44 146 146 40 7 7 895 145 145 40 7 7 44 146 146 168 5 5 172 147 147 168 5 5 44 146 146 168 5 5 172 147 147 296 3 3 177 148 148 296 3 3 172 147 147 296 3 3 177 148 148 301 1 1 408 150 150 412 92 92 483 149 149 412 92 92 408 150 150 284 93 93 280 151 151 284 93 93 408 150 150 284 93 93 280 151 151 156 94 94 152 152 152 156 94 94 280 151 151 156 94 94 152 152 152 28 95 95 24 153 153 28 95 95 152 152 152 28 95 95 24 153 153 883 96 96 880 154 154 883 96 96 24 153 153 883 96 96 880 154 154 787 97 97 784 155 155 787 97 97 880 154 154 787 97 97 784 155 155 691 98 98 688 156 156 691 98 98 784 155 155 691 98 98 688 156 156 595 99 99 592 157 157 595 99 99 688 156 156 595 99 99 592 157 157 499 100 100 496 158 158 499 100 100 592 157 157 499 100 100 496 158 158 317 101 101 313 159 159 317 101 101 496 158 158 317 101 101 313 159 159 189 102 102 185 160 160 189 102 102 313 159 159 189 102 102 185 160 160 61 103 103 56 161 161 61 103 103 185 160 160 61 103 103 56 161 161 907 104 104 903 162 162 907 104 104 56 161 161 907 104 104 903 162 162 810 105 105 807 163 163 810 105 105 903 162 162 810 105 105 807 163 163 714 106 106 711 164 164 714 106 106 807 163 163 714 106 106 711 164 164 618 107 107 615 165 165 618 107 107 711 164 164 618 107 107 615 165 165 522 108 108 519 166 166 522 108 108 615 165 165 522 108 108 519 166 166 348 109 109 344 167 167 348 109 109 519 166 166 348 109 109 344 167 167 220 110 110 216 168 168 220 110 110 344 167 167 220 110 110 216 168 168 92 111 111 88 169 169 92 111 111 216 168 168 92 111 111 88 169 169 931 112 112 928 170 170 931 112 112 88 169 169 931 112 112 928 170 170 835 113 113 832 171 171 835 113 113 928 170 170 835 113 113 832 171 171 739 114 114 736 172 172 739 114 114 832 171 171 739 114 114 736 172 172 643 115 115 640 173 173 643 115 115 736 172 172 643 115 115 640 173 173 547 116 116 544 174 174 547 116 116 640 173 173 547 116 116 544 174 174 381 117 117 377 175 175 381 117 117 544 174 174 381 117 117 377 175 175 253 118 118 248 176 176 253 118 118 377 175 175 253 118 118 248 176 176 124 119 119 17 178 178 13 121 121 427 177 177 13 121 121 17 178 178 141 122 122 145 179 179 141 122 122 17 178 178 141 122 122 145 179 179 269 123 123 273 180 180 269 123 123 145 179 179 269 123 123 273 180 180 397 124 124 401 181 181 397 124 124 273 180 180 397 124 124 401 181 181 559 125 125 562 182 182 559 125 125 401 181 181 559 125 125 562 182 182 655 126 126 658 183 183 655 126 126 562 182 182 655 126 126 658 183 183 751 127 127 754 184 184 751 127 127 658 183 183 751 127 127 754 184 184 847 128 128 850 185 185 847 128 128 754 184 184 847 128 128 850 185 185 943 129 129 946 186 186 943 129 129 850 185 185 943 129 129 946 186 186 108 130 130 112 187 187 108 130 130 946 186 186 108 130 130 112 187 187 236 131 131 240 188 188 236 131 131 112 187 187 236 131 131 240 188 188 364 132 132 369 189 189 364 132 132 240 188 188 364 132 132 369 189 189 535 133 133 539 190 190 535 133 133 369 189 189 535 133 133 539 190 190 632 134 134 635 191 191 632 134 134 539 190 190 632 134 134 635 191 191 728 135 135 731 192 192 728 135 135 635 191 191 728 135 135 731 192 192 824 136 136 827 193 193 824 136 136 731 192 192 824 136 136 827 193 193 920 137 137 923 194 194 920 137 137 827 193 193 920 137 137 923 194 194 77 138 138 81 195 195 77 138 138 923 194 194 77 138 138 81 195 195 205 139 139 209 196 196 205 139 139 81 195 195 205 139 139 209 196 196 333 140 140 337 197 197 333 140 140 209 196 196 333 140 140 337 197 197 511 141 141 514 198 198 511 141 141 337 197 197 511 141 141 514 198 198 607 142 142 610 199 199 607 142 142 514 198 198 607 142 142 610 199 199 703 143 143 706 200 200 703 143 143 610 199 199 703 143 143 706 200 200 799 144 144 802 201 201 799 144 144 706 200 200 799 144 144 802 201 201 895 145 145 898 202 202 895 145 145 802 201 201 895 145 145 898 202 202 44 146 146 48 203 203 44 146 146 898 202 202 44 146 146 48 203 203 172 147 147 53 204 204 172 147 147 48 203 203 172 147 147 53 204 204 177 148 148 404 206 206 408 150 150 482 205 205 408 150 150 404 206 206 280 151 151 276 207 207 280 151 151 404 206 206 280 151 151 276 207 207 152 152 152 148 208 208 152 152 152 276 207 207 152 152 152 148 208 208 24 153 153 20 209 209 24 153 153 148 208 208 24 153 153 20 209 209 880 154 154 877 210 210 880 154 154 20 209 209 880 154 154 877 210 210 784 155 155 781 211 211 784 155 155 877 210 210 784 155 155 781 211 211 688 156 156 685 212 212 688 156 156 781 211 211 688 156 156 685 212 212 592 157 157 589 213 213 592 157 157 685 212 212 592 157 157 589 213 213 496 158 158 493 214 214 496 158 158 589 213 213 496 158 158 493 214 214 313 159 159 309 215 215 313 159 159 493 214 214 313 159 159 309 215 215 185 160 160 180 216 216 185 160 160 309 215 215 185 160 160 180 216 216 56 161 161 51 217 217 56 161 161 180 216 216 56 161 161 51 217 217 903 162 162 900 218 218 903 162 162 51 217 217 903 162 162 900 218 218 807 163 163 804 219 219 807 163 163 900 218 218 807 163 163 804 219 219 711 164 164 708 220 220 711 164 164 804 219 219 711 164 164 708 220 220 615 165 165 612 221 221 615 165 165 708 220 220 615 165 165 612 221 221 519 166 166 516 222 222 519 166 166 612 221 221 519 166 166 516 222 222 344 167 167 340 223 223 344 167 167 516 222 222 344 167 167 340 223 223 216 168 168 212 224 224 216 168 168 340 223 223 216 168 168 212 224 224 88 169 169 84 225 225 88 169 169 212 224 224 88 169 169 84 225 225 928 170 170 925 226 226 928 170 170 84 225 225 928 170 170 925 226 226 832 171 171 829 227 227 832 171 171 925 226 226 832 171 171 829 227 227 736 172 172 733 228 228 736 172 172 829 227 227 736 172 172 733 228 228 640 173 173 637 229 229 640 173 173 733 228 228 640 173 173 637 229 229 544 174 174 541 230 230 544 174 174 637 229 229 544 174 174 541 230 230 377 175 175 372 231 231 377 175 175 541 230 230 377 175 175 372 231 231 248 176 176 21 233 233 17 178 178 428 232 232 17 178 178 21 233 233 145 179 179 149 234 234 145 179 179 21 233 233 145 179 179 149 234 234 273 180 180 277 235 235 273 180 180 149 234 234 273 180 180 277 235 235 401 181 181 405 236 236 401 181 181 277 235 235 401 181 181 405 236 236 562 182 182 565 237 237 562 182 182 405 236 236 562 182 182 565 237 237 658 183 183 661 238 238 658 183 183 565 237 237 658 183 183 661 238 238 754 184 184 757 239 239 754 184 184 661 238 238 754 184 184 757 239 239 850 185 185 853 240 240 850 185 185 757 239 239 850 185 185 853 240 240 946 186 186 949 241 241 946 186 186 853 240 240 946 186 186 949 241 241 112 187 187 116 242 242 112 187 187 949 241 241 112 187 187 116 242 242 240 188 188 245 243 243 240 188 188 116 242 242 240 188 188 245 243 243 369 189 189 374 244 244 369 189 189 245 243 243 369 189 189 374 244 244 539 190 190 542 245 245 539 190 190 374 244 244 539 190 190 542 245 245 635 191 191 638 246 246 635 191 191 542 245 245 635 191 191 638 246 246 731 192 192 734 247 247 731 192 192 638 246 246 731 192 192 734 247 247 827 193 193 830 248 248 827 193 193 734 247 247 827 193 193 830 248 248 923 194 194 926 249 249 923 194 194 830 248 248 923 194 194 926 249 249 81 195 195 85 250 250 81 195 195 926 249 249 81 195 195 85 250 250 209 196 196 213 251 251 209 196 196 85 250 250 209 196 196 213 251 251 337 197 197 341 252 252 337 197 197 213 251 251 337 197 197 341 252 252 514 198 198 517 253 253 514 198 198 341 252 252 514 198 198 517 253 253 610 199 199 613 254 254 610 199 199 517 253 253 610 199 199 613 254 254 706 200 200 709 255 255 706 200 200 613 254 254 706 200 200 709 255 255 802 201 201 805 256 256 802 201 201 709 255 255 802 201 201 805 256 256 898 202 202 901 257 257 898 202 202 805 256 256 898 202 202 901 257 257 48 203 203 905 258 258 48 203 203 901 257 257 48 203 203 905 258 258 53 204 204 400 260 260 404 206 206 481 259 259 404 206 206 400 260 260 276 207 207 272 261 261 276 207 207 400 260 260 276 207 207 272 261 261 148 208 208 144 262 262 148 208 208 272 261 261 148 208 208 144 262 262 20 209 209 16 263 263 20 209 209 144 262 262 20 209 209 16 263 263 877 210 210 874 264 264 877 210 210 16 263 263 877 210 210 874 264 264 781 211 211 778 265 265 781 211 211 874 264 264 781 211 211 778 265 265 685 212 212 682 266 266 685 212 212 778 265 265 685 212 212 682 266 266 589 213 213 586 267 267 589 213 213 682 266 266 589 213 213 586 267 267 493 214 214 490 268 268 493 214 214 586 267 267 493 214 214 490 268 268 309 215 215 304 269 269 309 215 215 490 268 268 309 215 215 304 269 269 180 216 216 175 270 270 180 216 216 304 269 269 180 216 216 175 270 270 51 217 217 47 271 271 51 217 217 175 270 270 51 217 217 47 271 271 900 218 218 897 272 272 900 218 218 47 271 271 900 218 218 897 272 272 804 219 219 801 273 273 804 219 219 897 272 272 804 219 219 801 273 273 708 220 220 705 274 274 708 220 220 801 273 273 708 220 220 705 274 274 612 221 221 609 275 275 612 221 221 705 274 274 612 221 221 609 275 275 516 222 222 513 276 276 516 222 222 609 275 275 516 222 222 513 276 276 340 223 223 336 277 277 340 223 223 513 276 276 340 223 223 336 277 277 212 224 224 208 278 278 212 224 224 336 277 277 212 224 224 208 278 278 84 225 225 80 279 279 84 225 225 208 278 278 84 225 225 80 279 279 925 226 226 922 280 280 925 226 226 80 279 279 925 226 226 922 280 280 829 227 227 826 281 281 829 227 227 922 280 280 829 227 227 826 281 281 733 228 228 730 282 282 733 228 228 826 281 281 733 228 228 730 282 282 637 229 229 634 283 283 637 229 229 730 282 282 637 229 229 634 283 283 541 230 230 537 284 284 541 230 230 634 283 283 541 230 230 537 284 284 372 231 231 25 286 286 21 233 233 429 285 285 21 233 233 25 286 286 149 234 234 153 287 287 149 234 234 25 286 286 149 234 234 153 287 287 277 235 235 281 288 288 277 235 235 153 287 287 277 235 235 281 288 288 405 236 236 409 289 289 405 236 236 281 288 288 405 236 236 409 289 289 565 237 237 568 290 290 565 237 237 409 289 289 565 237 237 568 290 290 661 238 238 664 291 291 661 238 238 568 290 290 661 238 238 664 291 291 757 239 239 760 292 292 757 239 239 664 291 291 757 239 239 760 292 292 853 240 240 856 293 293 853 240 240 760 292 292 853 240 240 856 293 293 949 241 241 952 294 294 949 241 241 856 293 293 949 241 241 952 294 294 116 242 242 121 295 295 116 242 242 952 294 294 116 242 242 121 295 295 245 243 243 250 296 296 245 243 243 121 295 295 245 243 243 250 296 296 374 244 244 378 297 297 374 244 244 250 296 296 374 244 244 378 297 297 542 245 245 545 298 298 542 245 245 378 297 297 542 245 245 545 298 298 638 246 246 641 299 299 638 246 246 545 298 298 638 246 246 641 299 299 734 247 247 737 300 300 734 247 247 641 299 299 734 247 247 737 300 300 830 248 248 833 301 301 830 248 248 737 300 300 830 248 248 833 301 301 926 249 249 929 302 302 926 249 249 833 301 301 926 249 249 929 302 302 85 250 250 89 303 303 85 250 250 929 302 302 85 250 250 89 303 303 213 251 251 217 304 304 213 251 251 89 303 303 213 251 251 217 304 304 341 252 252 345 305 305 341 252 252 217 304 304 341 252 252 345 305 305 517 253 253 520 306 306 517 253 253 345 305 305 517 253 253 520 306 306 613 254 254 616 307 307 613 254 254 520 306 306 613 254 254 616 307 307 709 255 255 712 308 308 709 255 255 616 307 307 709 255 255 712 308 308 805 256 256 808 309 309 805 256 256 712 308 308 805 256 256 808 309 309 901 257 257 811 310 310 901 257 257 808 309 309 901 257 257 811 310 310 905 258 258 396 312 312 400 260 260 480 311 311 400 260 260 396 312 312 272 261 261 268 313 313 272 261 261 396 312 312 272 261 261 268 313 313 144 262 262 140 314 314 144 262 262 268 313 313 144 262 262 140 314 314 16 263 263 12 315 315 16 263 263 140 314 314 16 263 263 12 315 315 874 264 264 871 316 316 874 264 264 12 315 315 874 264 264 871 316 316 778 265 265 775 317 317 778 265 265 871 316 316 778 265 265 775 317 317 682 266 266 679 318 318 682 266 266 775 317 317 682 266 266 679 318 318 586 267 267 583 319 319 586 267 267 679 318 318 586 267 267 583 319 319 490 268 268 456 320 320 490 268 268 583 319 319 490 268 268 456 320 320 304 269 269 299 321 321 304 269 269 456 320 320 304 269 269 299 321 321 175 270 270 171 322 322 175 270 270 299 321 321 175 270 270 171 322 322 47 271 271 43 323 323 47 271 271 171 322 322 47 271 271 43 323 323 897 272 272 894 324 324 897 272 272 43 323 323 897 272 272 894 324 324 801 273 273 798 325 325 801 273 273 894 324 324 801 273 273 798 325 325 705 274 274 702 326 326 705 274 274 798 325 325 705 274 274 702 326 326 609 275 275 606 327 327 609 275 275 702 326 326 609 275 275 606 327 327 513 276 276 510 328 328 513 276 276 606 327 327 513 276 276 510 328 328 336 277 277 332 329 329 336 277 277 510 328 328 336 277 277 332 329 329 208 278 278 204 330 330 208 278 278 332 329 329 208 278 278 204 330 330 80 279 279 76 331 331 80 279 279 204 330 330 80 279 279 76 331 331 922 280 280 919 332 332 922 280 280 76 331 331 922 280 280 919 332 332 826 281 281 823 333 333 826 281 281 919 332 332 826 281 281 823 333 333 730 282 282 727 334 334 730 282 282 823 333 333 730 282 282 727 334 334 634 283 283 630 335 335 634 283 283 727 334 334 634 283 283 630 335 335 537 284 284 29 337 337 25 286 286 430 336 336 25 286 286 29 337 337 153 287 287 157 338 338 153 287 287 29 337 337 153 287 287 157 338 338 281 288 288 285 339 339 281 288 288 157 338 338 281 288 288 285 339 339 409 289 289 413 340 340 409 289 289 285 339 339 409 289 289 413 340 340 568 290 290 571 341 341 568 290 290 413 340 340 568 290 290 571 341 341 664 291 291 667 342 342 664 291 291 571 341 341 664 291 291 667 342 342 760 292 292 763 343 343 760 292 292 667 342 342 760 292 292 763 343 343 856 293 293 859 344 344 856 293 293 763 343 343 856 293 293 859 344 344 952 294 294 956 345 345 952 294 294 859 344 344 952 294 294 956 345 345 121 295 295 126 346 346 121 295 295 956 345 345 121 295 295 126 346 346 250 296 296 254 347 347 250 296 296 126 346 346 250 296 296 254 347 347 378 297 297 382 348 348 378 297 297 254 347 347 378 297 297 382 348 348 545 298 298 548 349 349 545 298 298 382 348 348 545 298 298 548 349 349 641 299 299 644 350 350 641 299 299 548 349 349 641 299 299 644 350 350 737 300 300 740 351 351 737 300 300 644 350 350 737 300 300 740 351 351 833 301 301 836 352 352 833 301 301 740 351 351 833 301 301 836 352 352 929 302 302 932 353 353 929 302 302 836 352 352 929 302 302 932 353 353 89 303 303 93 354 354 89 303 303 932 353 353 89 303 303 93 354 354 217 304 304 221 355 355 217 304 304 93 354 354 217 304 304 221 355 355 345 305 305 349 356 356 345 305 305 221 355 355 345 305 305 349 356 356 520 306 306 523 357 357 520 306 306 349 356 356 520 306 306 523 357 357 616 307 307 619 358 358 616 307 307 523 357 357 616 307 307 619 358 358 712 308 308 715 359 359 712 308 308 619 358 358 712 308 308 715 359 359 808 309 309 719 360 360 808 309 309 715 359 359 808 309 309 719 360 360 811 310 310 392 362 362 396 312 312 479 361 361 396 312 312 392 362 362 268 313 313 264 363 363 268 313 313 392 362 362 268 313 313 264 363 363 140 314 314 136 364 364 140 314 314 264 363 363 140 314 314 136 364 364 12 315 315 8 365 365 12 315 315 136 364 364 12 315 315 8 365 365 871 316 316 868 366 366 871 316 316 8 365 365 871 316 316 868 366 366 775 317 317 772 367 367 775 317 317 868 366 366 775 317 317 772 367 367 679 318 318 676 368 368 679 318 318 772 367 367 679 318 318 676 368 368 583 319 319 579 369 369 583 319 319 676 368 368 583 319 319 579 369 369 456 320 320 423 370 370 456 320 320 579 369 369 456 320 320 423 370 370 299 321 321 295 371 371 299 321 321 423 370 370 299 321 321 295 371 371 171 322 322 167 372 372 171 322 322 295 371 371 171 322 322 167 372 372 43 323 323 39 373 373 43 323 323 167 372 372 43 323 323 39 373 373 894 324 324 891 374 374 894 324 324 39 373 373 894 324 324 891 374 374 798 325 325 795 375 375 798 325 325 891 374 374 798 325 325 795 375 375 702 326 326 699 376 376 702 326 326 795 375 375 702 326 326 699 376 376 606 327 327 603 377 377 606 327 327 699 376 376 606 327 327 603 377 377 510 328 328 507 378 378 510 328 328 603 377 377 510 328 328 507 378 378 332 329 329 328 379 379 332 329 329 507 378 378 332 329 329 328 379 379 204 330 330 200 380 380 204 330 330 328 379 379 204 330 330 200 380 380 76 331 331 72 381 381 76 331 331 200 380 380 76 331 331 72 381 381 919 332 332 916 382 382 919 332 332 72 381 381 919 332 332 916 382 382 823 333 333 820 383 383 823 333 333 916 382 382 823 333 333 820 383 383 727 334 334 723 384 384 727 334 334 820 383 383 727 334 334 723 384 384 630 335 335 33 386 386 29 337 337 431 385 385 29 337 337 33 386 386 157 338 338 161 387 387 157 338 338 33 386 386 157 338 338 161 387 387 285 339 339 289 388 388 285 339 339 161 387 387 285 339 339 289 388 388 413 340 340 417 389 389 413 340 340 289 388 388 413 340 340 417 389 389 571 341 341 574 390 390 571 341 341 417 389 389 571 341 341 574 390 390 667 342 342 670 391 391 667 342 342 574 390 390 667 342 342 670 391 391 763 343 343 766 392 392 763 343 343 670 391 391 763 343 343 766 392 392 859 344 344 863 393 393 859 344 344 766 392 392 859 344 344 863 393 393 956 345 345 2 394 394 956 345 345 863 393 393 956 345 345 2 394 394 126 346 346 130 395 395 126 346 346 2 394 394 126 346 346 130 395 395 254 347 347 258 396 396 254 347 347 130 395 395 254 347 347 258 396 396 382 348 348 386 397 397 382 348 348 258 396 396 382 348 348 386 397 397 548 349 349 551 398 398 548 349 349 386 397 397 548 349 349 551 398 398 644 350 350 647 399 399 644 350 350 551 398 398 644 350 350 647 399 399 740 351 351 743 400 400 740 351 351 647 399 399 740 351 351 743 400 400 836 352 352 839 401 401 836 352 352 743 400 400 836 352 352 839 401 401 932 353 353 935 402 402 932 353 353 839 401 401 932 353 353 935 402 402 93 354 354 97 403 403 93 354 354 935 402 402 93 354 354 97 403 403 221 355 355 225 404 404 221 355 355 97 403 403 221 355 355 225 404 404 349 356 356 353 405 405 349 356 356 225 404 404 349 356 356 353 405 405 523 357 357 526 406 406 523 357 357 353 405 405 523 357 357 526 406 406 619 358 358 622 407 407 619 358 358 526 406 406 619 358 358 622 407 407 715 359 359 626 408 408 715 359 359 622 407 407 715 359 359 626 408 408 719 360 360 388 410 410 392 362 362 478 409 409 392 362 362 388 410 410 264 363 363 260 411 411 264 363 363 388 410 410 264 363 363 260 411 411 136 364 364 132 412 412 136 364 364 260 411 411 136 364 364 132 412 412 8 365 365 4 413 413 8 365 365 132 412 412 8 365 365 4 413 413 868 366 366 865 414 414 868 366 366 4 413 413 868 366 366 865 414 414 772 367 367 769 415 415 772 367 367 865 414 414 772 367 367 769 415 415 676 368 368 672 416 416 676 368 368 769 415 415 676 368 368 672 416 416 579 369 369 576 417 417 579 369 369 672 416 416 579 369 369 576 417 417 423 370 370 419 418 418 423 370 370 576 417 417 423 370 370 419 418 418 295 371 371 291 419 419 295 371 371 419 418 418 295 371 371 291 419 419 167 372 372 163 420 420 167 372 372 291 419 419 167 372 372 163 420 420 39 373 373 35 421 421 39 373 373 163 420 420 39 373 373 35 421 421 891 374 374 888 422 422 891 374 374 35 421 421 891 374 374 888 422 422 795 375 375 792 423 423 795 375 375 888 422 422 795 375 375 792 423 423 699 376 376 696 424 424 699 376 376 792 423 423 699 376 376 696 424 424 603 377 377 600 425 425 603 377 377 696 424 424 603 377 377 600 425 425 507 378 378 504 426 426 507 378 378 600 425 425 507 378 378 504 426 426 328 379 379 324 427 427 328 379 379 504 426 426 328 379 379 324 427 427 200 380 380 196 428 428 200 380 380 324 427 427 200 380 380 196 428 428 72 381 381 68 429 429 72 381 381 196 428 428 72 381 381 68 429 429 916 382 382 913 430 430 916 382 382 68 429 429 916 382 382 913 430 430 820 383 383 816 431 431 820 383 383 913 430 430 820 383 383 816 431 431 723 384 384 37 433 433 33 386 386 432 432 432 33 386 386 37 433 433 161 387 387 165 434 434 161 387 387 37 433 433 161 387 387 165 434 434 289 388 388 293 435 435 289 388 388 165 434 434 289 388 388 293 435 435 417 389 389 421 436 436 417 389 389 293 435 435 417 389 389 421 436 436 574 390 390 577 437 437 574 390 390 421 436 436 574 390 390 577 437 437 670 391 391 673 438 438 670 391 391 577 437 437 670 391 391 673 438 438 766 392 392 770 439 439 766 392 392 673 438 438 766 392 392 770 439 439 863 393 393 866 440 440 863 393 393 770 439 439 863 393 393 866 440 440 2 394 394 6 441 441 2 394 394 866 440 440 2 394 394 6 441 441 130 395 395 134 442 442 130 395 395 6 441 441 130 395 395 134 442 442 258 396 396 262 443 443 258 396 396 134 442 442 258 396 396 262 443 443 386 397 397 390 444 444 386 397 397 262 443 443 386 397 397 390 444 444 551 398 398 554 445 445 551 398 398 390 444 444 551 398 398 554 445 445 647 399 399 650 446 446 647 399 399 554 445 445 647 399 399 650 446 446 743 400 400 746 447 447 743 400 400 650 446 446 743 400 400 746 447 447 839 401 401 842 448 448 839 401 401 746 447 447 839 401 401 842 448 448 935 402 402 938 449 449 935 402 402 842 448 448 935 402 402 938 449 449 97 403 403 101 450 450 97 403 403 938 449 449 97 403 403 101 450 450 225 404 404 229 451 451 225 404 404 101 450 450 225 404 404 229 451 451 353 405 405 357 452 452 353 405 405 229 451 451 353 405 405 357 452 452 526 406 406 529 453 453 526 406 406 357 452 452 526 406 406 529 453 453 622 407 407 533 454 454 622 407 407 529 453 453 622 407 407 533 454 454 626 408 408 384 456 456 388 410 410 477 455 455 388 410 410 384 456 456 260 411 411 256 457 457 260 411 411 384 456 456 260 411 411 256 457 457 132 412 412 128 458 458 132 412 412 256 457 457 132 412 412 128 458 458 4 413 413 958 459 459 4 413 413 128 458 458 4 413 413 958 459 459 865 414 414 862 460 460 865 414 414 958 459 459 865 414 414 862 460 460 769 415 415 765 461 461 769 415 415 862 460 460 769 415 415 765 461 461 672 416 416 669 462 462 672 416 416 765 461 461 672 416 416 669 462 462 576 417 417 573 463 463 576 417 417 669 462 462 576 417 417 573 463 463 419 418 418 415 464 464 419 418 418 573 463 463 419 418 418 415 464 464 291 419 419 287 465 465 291 419 419 415 464 464 291 419 419 287 465 465 163 420 420 159 466 466 163 420 420 287 465 465 163 420 420 159 466 466 35 421 421 31 467 467 35 421 421 159 466 466 35 421 421 31 467 467 888 422 422 885 468 468 888 422 422 31 467 467 888 422 422 885 468 468 792 423 423 789 469 469 792 423 423 885 468 468 792 423 423 789 469 469 696 424 424 693 470 470 696 424 424 789 469 469 696 424 424 693 470 470 600 425 425 597 471 471 600 425 425 693 470 470 600 425 425 597 471 471 504 426 426 501 472 472 504 426 426 597 471 471 504 426 426 501 472 472 324 427 427 320 473 473 324 427 427 501 472 472 324 427 427 320 473 473 196 428 428 192 474 474 196 428 428 320 473 473 196 428 428 192 474 474 68 429 429 64 475 475 68 429 429 192 474 474 68 429 429 64 475 475 913 430 430 910 476 476 913 430 430 64 475 475 913 430 430 910 476 476 816 431 431 41 478 478 37 433 433 433 477 477 37 433 433 41 478 478 165 434 434 169 479 479 165 434 434 41 478 478 165 434 434 169 479 479 293 435 435 297 480 480 293 435 435 169 479 479 293 435 435 297 480 480 421 436 436 454 481 481 421 436 436 297 480 480 421 436 436 454 481 481 577 437 437 580 482 482 577 437 437 454 481 481 577 437 437 580 482 482 673 438 438 677 483 483 673 438 438 580 482 482 673 438 438 677 483 483 770 439 439 773 484 484 770 439 439 677 483 483 770 439 439 773 484 484 866 440 440 869 485 485 866 440 440 773 484 484 866 440 440 869 485 485 6 441 441 10 486 486 6 441 441 869 485 485 6 441 441 10 486 486 134 442 442 138 487 487 134 442 442 10 486 486 134 442 442 138 487 487 262 443 443 266 488 488 262 443 443 138 487 487 262 443 443 266 488 488 390 444 444 394 489 489 390 444 444 266 488 488 390 444 444 394 489 489 554 445 445 557 490 490 554 445 445 394 489 489 554 445 445 557 490 490 650 446 446 653 491 491 650 446 446 557 490 490 650 446 446 653 491 491 746 447 447 749 492 492 746 447 447 653 491 491 746 447 447 749 492 492 842 448 448 845 493 493 842 448 448 749 492 492 842 448 448 845 493 493 938 449 449 941 494 494 938 449 449 845 493 493 938 449 449 941 494 494 101 450 450 105 495 495 101 450 450 941 494 494 101 450 450 105 495 495 229 451 451 233 496 496 229 451 451 105 495 495 229 451 451 233 496 496 357 452 452 361 497 497 357 452 452 233 496 496 357 452 452 361 497 497 529 453 453 366 498 498 529 453 453 361 497 497 529 453 453 366 498 498 533 454 454 380 500 500 384 456 456 476 499 499 384 456 456 380 500 500 256 457 457 252 501 501 256 457 457 380 500 500 256 457 457 252 501 501 128 458 458 123 502 502 128 458 458 252 501 501 128 458 458 123 502 502 958 459 459 955 503 503 958 459 459 123 502 502 958 459 459 955 503 503 862 460 460 858 504 504 862 460 460 955 503 503 862 460 460 858 504 504 765 461 461 762 505 505 765 461 461 858 504 504 765 461 461 762 505 505 669 462 462 666 506 506 669 462 462 762 505 505 669 462 462 666 506 506 573 463 463 570 507 507 573 463 463 666 506 506 573 463 463 570 507 507 415 464 464 411 508 508 415 464 464 570 507 507 415 464 464 411 508 508 287 465 465 283 509 509 287 465 465 411 508 508 287 465 465 283 509 509 159 466 466 155 510 510 159 466 466 283 509 509 159 466 466 155 510 510 31 467 467 27 511 511 31 467 467 155 510 510 31 467 467 27 511 511 885 468 468 882 512 512 885 468 468 27 511 511 885 468 468 882 512 512 789 469 469 786 513 513 789 469 469 882 512 512 789 469 469 786 513 513 693 470 470 690 514 514 693 470 470 786 513 513 693 470 470 690 514 514 597 471 471 594 515 515 597 471 471 690 514 514 597 471 471 594 515 515 501 472 472 498 516 516 501 472 472 594 515 515 501 472 472 498 516 516 320 473 473 316 517 517 320 473 473 498 516 516 320 473 473 316 517 517 192 474 474 188 518 518 192 474 474 316 517 517 192 474 474 188 518 518 64 475 475 59 519 519 64 475 475 188 518 518 64 475 475 59 519 519 910 476 476 45 521 521 41 478 478 434 520 520 41 478 478 45 521 521 169 479 479 173 522 522 169 479 479 45 521 521 169 479 479 173 522 522 297 480 480 302 523 523 297 480 480 173 522 522 297 480 480 302 523 523 454 481 481 487 524 524 454 481 481 302 523 523 454 481 481 487 524 524 580 482 482 584 525 525 580 482 482 487 524 524 580 482 482 584 525 525 677 483 483 680 526 526 677 483 483 584 525 525 677 483 483 680 526 526 773 484 484 776 527 527 773 484 484 680 526 526 773 484 484 776 527 527 869 485 485 872 528 528 869 485 485 776 527 527 869 485 485 872 528 528 10 486 486 14 529 529 10 486 486 872 528 528 10 486 486 14 529 529 138 487 487 142 530 530 138 487 487 14 529 529 138 487 487 142 530 530 266 488 488 270 531 531 266 488 488 142 530 530 266 488 488 270 531 531 394 489 489 398 532 532 394 489 489 270 531 531 394 489 489 398 532 532 557 490 490 560 533 533 557 490 490 398 532 532 557 490 490 560 533 533 653 491 491 656 534 534 653 491 491 560 533 533 653 491 491 656 534 534 749 492 492 752 535 535 749 492 492 656 534 534 749 492 492 752 535 535 845 493 493 848 536 536 845 493 493 752 535 535 845 493 493 848 536 536 941 494 494 944 537 537 941 494 494 848 536 536 941 494 494 944 537 537 105 495 495 109 538 538 105 495 495 944 537 537 105 495 495 109 538 538 233 496 496 237 539 539 233 496 496 109 538 538 233 496 496 237 539 539 361 497 497 242 540 540 361 497 497 237 539 539 361 497 497 242 540 540 366 498 498 376 542 542 380 500 500 475 541 541 380 500 500 376 542 542 252 501 501 247 543 543 252 501 501 376 542 542 252 501 501 247 543 543 123 502 502 119 544 544 123 502 502 247 543 543 123 502 502 119 544 544 955 503 503 951 545 545 955 503 503 119 544 544 955 503 503 951 545 545 858 504 504 855 546 546 858 504 504 951 545 545 858 504 504 855 546 546 762 505 505 759 547 547 762 505 505 855 546 546 762 505 505 759 547 547 666 506 506 663 548 548 666 506 506 759 547 547 666 506 506 663 548 548 570 507 507 567 549 549 570 507 507 663 548 548 570 507 507 567 549 549 411 508 508 407 550 550 411 508 508 567 549 549 411 508 508 407 550 550 283 509 509 279 551 551 283 509 509 407 550 550 283 509 509 279 551 551 155 510 510 151 552 552 155 510 510 279 551 551 155 510 510 151 552 552 27 511 511 23 553 553 27 511 511 151 552 552 27 511 511 23 553 553 882 512 512 879 554 554 882 512 512 23 553 553 882 512 512 879 554 554 786 513 513 783 555 555 786 513 513 879 554 554 786 513 513 783 555 555 690 514 514 687 556 556 690 514 514 783 555 555 690 514 514 687 556 556 594 515 515 591 557 557 594 515 515 687 556 556 594 515 515 591 557 557 498 516 516 495 558 558 498 516 516 591 557 557 498 516 516 495 558 558 316 517 517 312 559 559 316 517 517 495 558 558 316 517 517 312 559 559 188 518 518 183 560 560 188 518 518 312 559 559 188 518 518 183 560 560 59 519 519 49 562 562 45 521 521 435 561 561 45 521 521 49 562 562 173 522 522 178 563 563 173 522 522 49 562 562 173 522 522 178 563 563 302 523 523 306 564 564 302 523 523 178 563 563 302 523 523 306 564 564 487 524 524 491 565 565 487 524 524 306 564 564 487 524 524 491 565 565 584 525 525 587 566 566 584 525 525 491 565 565 584 525 525 587 566 566 680 526 526 683 567 567 680 526 526 587 566 566 680 526 526 683 567 567 776 527 527 779 568 568 776 527 527 683 567 567 776 527 527 779 568 568 872 528 528 875 569 569 872 528 528 779 568 568 872 528 528 875 569 569 14 529 529 18 570 570 14 529 529 875 569 569 14 529 529 18 570 570 142 530 530 146 571 571 142 530 530 18 570 570 142 530 530 146 571 571 270 531 531 274 572 572 270 531 531 146 571 571 270 531 531 274 572 572 398 532 532 402 573 573 398 532 532 274 572 572 398 532 532 402 573 573 560 533 533 563 574 574 560 533 533 402 573 573 560 533 533 563 574 574 656 534 534 659 575 575 656 534 534 563 574 574 656 534 534 659 575 575 752 535 535 755 576 576 752 535 535 659 575 575 752 535 535 755 576 576 848 536 536 851 577 577 848 536 536 755 576 576 848 536 536 851 577 577 944 537 537 947 578 578 944 537 537 851 577 577 944 537 537 947 578 578 109 538 538 113 579 579 109 538 538 947 578 578 109 538 538 113 579 579 237 539 539 118 580 580 237 539 539 113 579 579 237 539 539 118 580 580 242 540 540 371 582 582 376 542 542 474 581 581 376 542 542 371 582 582 247 543 543 243 583 583 247 543 543 371 582 582 247 543 543 243 583 583 119 544 544 114 584 584 119 544 544 243 583 583 119 544 544 114 584 584 951 545 545 948 585 585 951 545 545 114 584 584 951 545 545 948 585 585 855 546 546 852 586 586 855 546 546 948 585 585 855 546 546 852 586 586 759 547 547 756 587 587 759 547 547 852 586 586 759 547 547 756 587 587 663 548 548 660 588 588 663 548 548 756 587 587 663 548 548 660 588 588 567 549 549 564 589 589 567 549 549 660 588 588 567 549 549 564 589 589 407 550 550 403 590 590 407 550 550 564 589 589 407 550 550 403 590 590 279 551 551 275 591 591 279 551 551 403 590 590 279 551 551 275 591 591 151 552 552 147 592 592 151 552 552 275 591 591 151 552 552 147 592 592 23 553 553 19 593 593 23 553 553 147 592 592 23 553 553 19 593 593 879 554 554 876 594 594 879 554 554 19 593 593 879 554 554 876 594 594 783 555 555 780 595 595 783 555 555 876 594 594 783 555 555 780 595 595 687 556 556 684 596 596 687 556 556 780 595 595 687 556 556 684 596 596 591 557 557 588 597 597 591 557 557 684 596 596 591 557 557 588 597 597 495 558 558 492 598 598 495 558 558 588 597 597 495 558 558 492 598 598 312 559 559 307 599 599 312 559 559 492 598 598 312 559 559 307 599 599 183 560 560 54 601 601 49 562 562 436 600 600 49 562 562 54 601 601 178 563 563 182 602 602 178 563 563 54 601 601 178 563 563 182 602 602 306 564 564 311 603 603 306 564 564 182 602 602 306 564 564 311 603 603 491 565 565 494 604 604 491 565 565 311 603 603 491 565 565 494 604 604 587 566 566 590 605 605 587 566 566 494 604 604 587 566 566 590 605 605 683 567 567 686 606 606 683 567 567 590 605 605 683 567 567 686 606 606 779 568 568 782 607 607 779 568 568 686 606 606 779 568 568 782 607 607 875 569 569 878 608 608 875 569 569 782 607 607 875 569 569 878 608 608 18 570 570 22 609 609 18 570 570 878 608 608 18 570 570 22 609 609 146 571 571 150 610 610 146 571 571 22 609 609 146 571 571 150 610 610 274 572 572 278 611 611 274 572 572 150 610 610 274 572 572 278 611 611 402 573 573 406 612 612 402 573 573 278 611 611 402 573 573 406 612 612 563 574 574 566 613 613 563 574 574 406 612 612 563 574 574 566 613 613 659 575 575 662 614 614 659 575 575 566 613 613 659 575 575 662 614 614 755 576 576 758 615 615 755 576 576 662 614 614 755 576 576 758 615 615 851 577 577 854 616 616 851 577 577 758 615 615 851 577 577 854 616 616 947 578 578 950 617 617 947 578 578 854 616 616 947 578 578 950 617 617 113 579 579 954 618 618 113 579 579 950 617 617 113 579 579 954 618 618 118 580 580 367 620 620 371 582 582 473 619 619 371 582 582 367 620 620 243 583 583 238 621 621 243 583 583 367 620 620 243 583 583 238 621 621 114 584 584 110 622 622 114 584 584 238 621 621 114 584 584 110 622 622 948 585 585 945 623 623 948 585 585 110 622 622 948 585 585 945 623 623 852 586 586 849 624 624 852 586 586 945 623 623 852 586 586 849 624 624 756 587 587 753 625 625 756 587 587 849 624 624 756 587 587 753 625 625 660 588 588 657 626 626 660 588 588 753 625 625 660 588 588 657 626 626 564 589 589 561 627 627 564 589 589 657 626 626 564 589 589 561 627 627 403 590 590 399 628 628 403 590 590 561 627 627 403 590 590 399 628 628 275 591 591 271 629 629 275 591 591 399 628 628 275 591 591 271 629 629 147 592 592 143 630 630 147 592 592 271 629 629 147 592 592 143 630 630 19 593 593 15 631 631 19 593 593 143 630 630 19 593 593 15 631 631 876 594 594 873 632 632 876 594 594 15 631 631 876 594 594 873 632 632 780 595 595 777 633 633 780 595 595 873 632 632 780 595 595 777 633 633 684 596 596 681 634 634 684 596 596 777 633 633 684 596 596 681 634 634 588 597 597 585 635 635 588 597 597 681 634 634 588 597 597 585 635 635 492 598 598 488 636 636 492 598 598 585 635 635 492 598 598 488 636 636 307 599 599 58 638 638 54 601 601 437 637 637 54 601 601 58 638 638 182 602 602 187 639 639 182 602 602 58 638 638 182 602 602 187 639 639 311 603 603 315 640 640 311 603 603 187 639 639 311 603 603 315 640 640 494 604 604 497 641 641 494 604 604 315 640 640 494 604 604 497 641 641 590 605 605 593 642 642 590 605 605 497 641 641 590 605 605 593 642 642 686 606 606 689 643 643 686 606 606 593 642 642 686 606 606 689 643 643 782 607 607 785 644 644 782 607 607 689 643 643 782 607 607 785 644 644 878 608 608 881 645 645 878 608 608 785 644 644 878 608 608 881 645 645 22 609 609 26 646 646 22 609 609 881 645 645 22 609 609 26 646 646 150 610 610 154 647 647 150 610 610 26 646 646 150 610 610 154 647 647 278 611 611 282 648 648 278 611 611 154 647 647 278 611 611 282 648 648 406 612 612 410 649 649 406 612 612 282 648 648 406 612 612 410 649 649 566 613 613 569 650 650 566 613 613 410 649 649 566 613 613 569 650 650 662 614 614 665 651 651 662 614 614 569 650 650 662 614 614 665 651 651 758 615 615 761 652 652 758 615 615 665 651 651 758 615 615 761 652 652 854 616 616 857 653 653 854 616 616 761 652 652 854 616 616 857 653 653 950 617 617 860 654 654 950 617 617 857 653 653 950 617 617 860 654 654 954 618 618 362 656 656 367 620 620 472 655 655 367 620 620 362 656 656 238 621 621 234 657 657 238 621 621 362 656 656 238 621 621 234 657 657 110 622 622 106 658 658 110 622 622 234 657 657 110 622 622 106 658 658 945 623 623 942 659 659 945 623 623 106 658 658 945 623 623 942 659 659 849 624 624 846 660 660 849 624 624 942 659 659 849 624 624 846 660 660 753 625 625 750 661 661 753 625 625 846 660 660 753 625 625 750 661 661 657 626 626 654 662 662 657 626 626 750 661 661 657 626 626 654 662 662 561 627 627 558 663 663 561 627 627 654 662 662 561 627 627 558 663 663 399 628 628 395 664 664 399 628 628 558 663 663 399 628 628 395 664 664 271 629 629 267 665 665 271 629 629 395 664 664 271 629 629 267 665 665 143 630 630 139 666 666 143 630 630 267 665 665 143 630 630 139 666 666 15 631 631 11 667 667 15 631 631 139 666 666 15 631 631 11 667 667 873 632 632 870 668 668 873 632 632 11 667 667 873 632 632 870 668 668 777 633 633 774 669 669 777 633 633 870 668 668 777 633 633 774 669 669 681 634 634 678 670 670 681 634 634 774 669 669 681 634 634 678 670 670 585 635 635 581 671 671 585 635 635 678 670 670 585 635 635 581 671 671 488 636 636 63 673 673 58 638 638 438 672 672 58 638 638 63 673 673 187 639 639 191 674 674 187 639 639 63 673 673 187 639 639 191 674 674 315 640 640 319 675 675 315 640 640 191 674 674 315 640 640 319 675 675 497 641 641 500 676 676 497 641 641 319 675 675 497 641 641 500 676 676 593 642 642 596 677 677 593 642 642 500 676 676 593 642 642 596 677 677 689 643 643 692 678 678 689 643 643 596 677 677 689 643 643 692 678 678 785 644 644 788 679 679 785 644 644 692 678 678 785 644 644 788 679 679 881 645 645 884 680 680 881 645 645 788 679 679 881 645 645 884 680 680 26 646 646 30 681 681 26 646 646 884 680 680 26 646 646 30 681 681 154 647 647 158 682 682 154 647 647 30 681 681 154 647 647 158 682 682 282 648 648 286 683 683 282 648 648 158 682 682 282 648 648 286 683 683 410 649 649 414 684 684 410 649 649 286 683 683 410 649 649 414 684 684 569 650 650 572 685 685 569 650 650 414 684 684 569 650 650 572 685 685 665 651 651 668 686 686 665 651 651 572 685 685 665 651 651 668 686 686 761 652 652 764 687 687 761 652 652 668 686 686 761 652 652 764 687 687 857 653 653 768 688 688 857 653 653 764 687 687 857 653 653 768 688 688 860 654 654 358 690 690 362 656 656 471 689 689 362 656 656 358 690 690 234 657 657 230 691 691 234 657 657 358 690 690 234 657 657 230 691 691 106 658 658 102 692 692 106 658 658 230 691 691 106 658 658 102 692 692 942 659 659 939 693 693 942 659 659 102 692 692 942 659 659 939 693 693 846 660 660 843 694 694 846 660 660 939 693 693 846 660 660 843 694 694 750 661 661 747 695 695 750 661 661 843 694 694 750 661 661 747 695 695 654 662 662 651 696 696 654 662 662 747 695 695 654 662 662 651 696 696 558 663 663 555 697 697 558 663 663 651 696 696 558 663 663 555 697 697 395 664 664 391 698 698 395 664 664 555 697 697 395 664 664 391 698 698 267 665 665 263 699 699 267 665 665 391 698 698 267 665 665 263 699 699 139 666 666 135 700 700 139 666 666 263 699 699 139 666 666 135 700 700 11 667 667 7 701 701 11 667 667 135 700 700 11 667 667 7 701 701 870 668 668 867 702 702 870 668 668 7 701 701 870 668 668 867 702 702 774 669 669 771 703 703 774 669 669 867 702 702 774 669 669 771 703 703 678 670 670 674 704 704 678 670 670 771 703 703 678 670 670 674 704 704 581 671 671 67 706 706 63 673 673 439 705 705 63 673 673 67 706 706 191 674 674 195 707 707 191 674 674 67 706 706 191 674 674 195 707 707 319 675 675 323 708 708 319 675 675 195 707 707 319 675 675 323 708 708 500 676 676 503 709 709 500 676 676 323 708 708 500 676 676 503 709 709 596 677 677 599 710 710 596 677 677 503 709 709 596 677 677 599 710 710 692 678 678 695 711 711 692 678 678 599 710 710 692 678 678 695 711 711 788 679 679 791 712 712 788 679 679 695 711 711 788 679 679 791 712 712 884 680 680 887 713 713 884 680 680 791 712 712 884 680 680 887 713 713 30 681 681 34 714 714 30 681 681 887 713 713 30 681 681 34 714 714 158 682 682 162 715 715 158 682 682 34 714 714 158 682 682 162 715 715 286 683 683 290 716 716 286 683 683 162 715 715 286 683 683 290 716 716 414 684 684 418 717 717 414 684 684 290 716 716 414 684 684 418 717 717 572 685 685 575 718 718 572 685 685 418 717 717 572 685 685 575 718 718 668 686 686 671 719 719 668 686 686 575 718 718 668 686 686 671 719 719 764 687 687 675 720 720 764 687 687 671 719 719 764 687 687 675 720 720 768 688 688 354 722 722 358 690 690 470 721 721 358 690 690 354 722 722 230 691 691 226 723 723 230 691 691 354 722 722 230 691 691 226 723 723 102 692 692 98 724 724 102 692 692 226 723 723 102 692 692 98 724 724 939 693 693 936 725 725 939 693 693 98 724 724 939 693 693 936 725 725 843 694 694 840 726 726 843 694 694 936 725 725 843 694 694 840 726 726 747 695 695 744 727 727 747 695 695 840 726 726 747 695 695 744 727 727 651 696 696 648 728 728 651 696 696 744 727 727 651 696 696 648 728 728 555 697 697 552 729 729 555 697 697 648 728 728 555 697 697 552 729 729 391 698 698 387 730 730 391 698 698 552 729 729 391 698 698 387 730 730 263 699 699 259 731 731 263 699 699 387 730 730 263 699 699 259 731 731 135 700 700 131 732 732 135 700 700 259 731 731 135 700 700 131 732 732 7 701 701 3 733 733 7 701 701 131 732 732 7 701 701 3 733 733 867 702 702 864 734 734 867 702 702 3 733 733 867 702 702 864 734 734 771 703 703 767 735 735 771 703 703 864 734 734 771 703 703 767 735 735 674 704 704 71 737 737 67 706 706 440 736 736 67 706 706 71 737 737 195 707 707 199 738 738 195 707 707 71 737 737 195 707 707 199 738 738 323 708 708 327 739 739 323 708 708 199 738 738 323 708 708 327 739 739 503 709 709 506 740 740 503 709 709 327 739 739 503 709 709 506 740 740 599 710 710 602 741 741 599 710 710 506 740 740 599 710 710 602 741 741 695 711 711 698 742 742 695 711 711 602 741 741 695 711 711 698 742 742 791 712 712 794 743 743 791 712 712 698 742 742 791 712 712 794 743 743 887 713 713 890 744 744 887 713 713 794 743 743 887 713 713 890 744 744 34 714 714 38 745 745 34 714 714 890 744 744 34 714 714 38 745 745 162 715 715 166 746 746 162 715 715 38 745 745 162 715 715 166 746 746 290 716 716 294 747 747 290 716 716 166 746 746 290 716 716 294 747 747 418 717 717 422 748 748 418 717 717 294 747 747 418 717 717 422 748 748 575 718 718 578 749 749 575 718 718 422 748 748 575 718 718 578 749 749 671 719 719 582 750 750 671 719 719 578 749 749 671 719 719 582 750 750 675 720 720 350 752 752 354 722 722 469 751 751 354 722 722 350 752 752 226 723 723 222 753 753 226 723 723 350 752 752 226 723 723 222 753 753 98 724 724 94 754 754 98 724 724 222 753 753 98 724 724 94 754 754 936 725 725 933 755 755 936 725 725 94 754 754 936 725 725 933 755 755 840 726 726 837 756 756 840 726 726 933 755 755 840 726 726 837 756 756 744 727 727 741 757 757 744 727 727 837 756 756 744 727 727 741 757 757 648 728 728 645 758 758 648 728 728 741 757 757 648 728 728 645 758 758 552 729 729 549 759 759 552 729 729 645 758 758 552 729 729 549 759 759 387 730 730 383 760 760 387 730 730 549 759 759 387 730 730 383 760 760 259 731 731 255 761 761 259 731 731 383 760 760 259 731 731 255 761 761 131 732 732 127 762 762 131 732 732 255 761 761 131 732 732 127 762 762 3 733 733 957 763 763 3 733 733 127 762 762 3 733 733 957 763 763 864 734 734 861 764 764 864 734 734 957 763 763 864 734 734 861 764 764 767 735 735 75 766 766 71 737 737 441 765 765 71 737 737 75 766 766 199 738 738 203 767 767 199 738 738 75 766 766 199 738 738 203 767 767 327 739 739 331 768 768 327 739 739 203 767 767 327 739 739 331 768 768 506 740 740 509 769 769 506 740 740 331 768 768 506 740 740 509 769 769 602 741 741 605 770 770 602 741 741 509 769 769 602 741 741 605 770 770 698 742 742 701 771 771 698 742 742 605 770 770 698 742 742 701 771 771 794 743 743 797 772 772 794 743 743 701 771 771 794 743 743 797 772 772 890 744 744 893 773 773 890 744 744 797 772 772 890 744 744 893 773 773 38 745 745 42 774 774 38 745 745 893 773 773 38 745 745 42 774 774 166 746 746 170 775 775 166 746 746 42 774 774 166 746 746 170 775 775 294 747 747 298 776 776 294 747 747 170 775 775 294 747 747 298 776 776 422 748 748 455 777 777 422 748 748 298 776 776 422 748 748 455 777 777 578 749 749 489 778 778 578 749 749 455 777 777 578 749 749 489 778 778 582 750 750 346 780 780 350 752 752 468 779 779 350 752 752 346 780 780 222 753 753 218 781 781 222 753 753 346 780 780 222 753 753 218 781 781 94 754 754 90 782 782 94 754 754 218 781 781 94 754 754 90 782 782 933 755 755 930 783 783 933 755 755 90 782 782 933 755 755 930 783 783 837 756 756 834 784 784 837 756 756 930 783 783 837 756 756 834 784 784 741 757 757 738 785 785 741 757 757 834 784 784 741 757 757 738 785 785 645 758 758 642 786 786 645 758 758 738 785 785 645 758 758 642 786 786 549 759 759 546 787 787 549 759 759 642 786 786 549 759 759 546 787 787 383 760 760 379 788 788 383 760 760 546 787 787 383 760 760 379 788 788 255 761 761 251 789 789 255 761 761 379 788 788 255 761 761 251 789 789 127 762 762 122 790 790 127 762 762 251 789 789 127 762 762 122 790 790 957 763 763 953 791 791 957 763 763 122 790 790 957 763 763 953 791 791 861 764 764 79 793 793 75 766 766 442 792 792 75 766 766 79 793 793 203 767 767 207 794 794 203 767 767 79 793 793 203 767 767 207 794 794 331 768 768 335 795 795 331 768 768 207 794 794 331 768 768 335 795 795 509 769 769 512 796 796 509 769 769 335 795 795 509 769 769 512 796 796 605 770 770 608 797 797 605 770 770 512 796 796 605 770 770 608 797 797 701 771 771 704 798 798 701 771 771 608 797 797 701 771 771 704 798 798 797 772 772 800 799 799 797 772 772 704 798 798 797 772 772 800 799 799 893 773 773 896 800 800 893 773 773 800 799 799 893 773 773 896 800 800 42 774 774 46 801 801 42 774 774 896 800 800 42 774 774 46 801 801 170 775 775 174 802 802 170 775 775 46 801 801 170 775 775 174 802 802 298 776 776 303 803 803 298 776 776 174 802 802 298 776 776 303 803 803 455 777 777 308 804 804 455 777 777 303 803 803 455 777 777 308 804 804 489 778 778 342 806 806 346 780 780 467 805 805 346 780 780 342 806 806 218 781 781 214 807 807 218 781 781 342 806 806 218 781 781 214 807 807 90 782 782 86 808 808 90 782 782 214 807 807 90 782 782 86 808 808 930 783 783 927 809 809 930 783 783 86 808 808 930 783 783 927 809 809 834 784 784 831 810 810 834 784 784 927 809 809 834 784 784 831 810 810 738 785 785 735 811 811 738 785 785 831 810 810 738 785 785 735 811 811 642 786 786 639 812 812 642 786 786 735 811 811 642 786 786 639 812 812 546 787 787 543 813 813 546 787 787 639 812 812 546 787 787 543 813 813 379 788 788 375 814 814 379 788 788 543 813 813 379 788 788 375 814 814 251 789 789 246 815 815 251 789 789 375 814 814 251 789 789 246 815 815 122 790 790 117 816 816 122 790 790 246 815 815 122 790 790 117 816 816 953 791 791 83 818 818 79 793 793 443 817 817 79 793 793 83 818 818 207 794 794 211 819 819 207 794 794 83 818 818 207 794 794 211 819 819 335 795 795 339 820 820 335 795 795 211 819 819 335 795 795 339 820 820 512 796 796 515 821 821 512 796 796 339 820 820 512 796 796 515 821 821 608 797 797 611 822 822 608 797 797 515 821 821 608 797 797 611 822 822 704 798 798 707 823 823 704 798 798 611 822 822 704 798 798 707 823 823 800 799 799 803 824 824 800 799 799 707 823 823 800 799 799 803 824 824 896 800 800 899 825 825 896 800 800 803 824 824 896 800 800 899 825 825 46 801 801 50 826 826 46 801 801 899 825 825 46 801 801 50 826 826 174 802 802 179 827 827 174 802 802 50 826 826 174 802 802 179 827 827 303 803 803 184 828 828 303 803 803 179 827 827 303 803 803 184 828 828 308 804 804 338 830 830 342 806 806 466 829 829 342 806 806 338 830 830 214 807 807 210 831 831 214 807 807 338 830 830 214 807 807 210 831 831 86 808 808 82 832 832 86 808 808 210 831 831 86 808 808 82 832 832 927 809 809 924 833 833 927 809 809 82 832 832 927 809 809 924 833 833 831 810 810 828 834 834 831 810 810 924 833 833 831 810 810 828 834 834 735 811 811 732 835 835 735 811 811 828 834 834 735 811 811 732 835 835 639 812 812 636 836 836 639 812 812 732 835 835 639 812 812 636 836 836 543 813 813 540 837 837 543 813 813 636 836 836 543 813 813 540 837 837 375 814 814 370 838 838 375 814 814 540 837 837 375 814 814 370 838 838 246 815 815 241 839 839 246 815 815 370 838 838 246 815 815 241 839 839 117 816 816 87 841 841 83 818 818 444 840 840 83 818 818 87 841 841 211 819 819 215 842 842 211 819 819 87 841 841 211 819 819 215 842 842 339 820 820 343 843 843 339 820 820 215 842 842 339 820 820 343 843 843 515 821 821 518 844 844 515 821 821 343 843 843 515 821 821 518 844 844 611 822 822 614 845 845 611 822 822 518 844 844 611 822 822 614 845 845 707 823 823 710 846 846 707 823 823 614 845 845 707 823 823 710 846 846 803 824 824 806 847 847 803 824 824 710 846 846 803 824 824 806 847 847 899 825 825 902 848 848 899 825 825 806 847 847 899 825 825 902 848 848 50 826 826 55 849 849 50 826 826 902 848 848 50 826 826 55 849 849 179 827 827 60 850 850 179 827 827 55 849 849 179 827 827 60 850 850 184 828 828 334 852 852 338 830 830 465 851 851 338 830 830 334 852 852 210 831 831 206 853 853 210 831 831 334 852 852 210 831 831 206 853 853 82 832 832 78 854 854 82 832 832 206 853 853 82 832 832 78 854 854 924 833 833 921 855 855 924 833 833 78 854 854 924 833 833 921 855 855 828 834 834 825 856 856 828 834 834 921 855 855 828 834 834 825 856 856 732 835 835 729 857 857 732 835 835 825 856 856 732 835 835 729 857 857 636 836 836 633 858 858 636 836 836 729 857 857 636 836 836 633 858 858 540 837 837 536 859 859 540 837 837 633 858 858 540 837 837 536 859 859 370 838 838 365 860 860 370 838 838 536 859 859 370 838 838 365 860 860 241 839 839 91 862 862 87 841 841 445 861 861 87 841 841 91 862 862 215 842 842 219 863 863 215 842 842 91 862 862 215 842 842 219 863 863 343 843 843 347 864 864 343 843 843 219 863 863 343 843 843 347 864 864 518 844 844 521 865 865 518 844 844 347 864 864 518 844 844 521 865 865 614 845 845 617 866 866 614 845 845 521 865 865 614 845 845 617 866 866 710 846 846 713 867 867 710 846 846 617 866 866 710 846 846 713 867 867 806 847 847 809 868 868 806 847 847 713 867 867 806 847 847 809 868 868 902 848 848 906 869 869 902 848 848 809 868 868 902 848 848 906 869 869 55 849 849 909 870 870 55 849 849 906 869 869 55 849 849 909 870 870 60 850 850 95 872 872 91 862 862 446 871 871 91 862 862 95 872 872 219 863 863 223 873 873 219 863 863 95 872 872 219 863 863 223 873 873 347 864 864 351 874 874 347 864 864 223 873 873 347 864 864 351 874 874 521 865 865 524 875 875 521 865 865 351 874 874 521 865 865 524 875 875 617 866 866 620 876 876 617 866 866 524 875 875 617 866 866 620 876 876 713 867 867 716 877 877 713 867 867 620 876 876 713 867 867 716 877 877 809 868 868 813 878 878 809 868 868 716 877 877 809 868 868 813 878 878 906 869 869 817 879 879 906 869 869 813 878 878 906 869 869 817 879 879 909 870 870 330 881 881 334 852 852 464 880 880 334 852 852 330 881 881 206 853 853 202 882 882 206 853 853 330 881 881 206 853 853 202 882 882 78 854 854 74 883 883 78 854 854 202 882 882 78 854 854 74 883 883 921 855 855 918 884 884 921 855 855 74 883 883 921 855 855 918 884 884 825 856 856 822 885 885 825 856 856 918 884 884 825 856 856 822 885 885 729 857 857 726 886 886 729 857 857 822 885 885 729 857 857 726 886 886 633 858 858 629 887 887 633 858 858 726 886 886 633 858 858 629 887 887 536 859 859 532 888 888 536 859 859 629 887 887 536 859 859 532 888 888 365 860 860 99 890 890 95 872 872 447 889 889 95 872 872 99 890 890 223 873 873 227 891 891 223 873 873 99 890 890 223 873 873 227 891 891 351 874 874 355 892 892 351 874 874 227 891 891 351 874 874 355 892 892 524 875 875 527 893 893 524 875 875 355 892 892 524 875 875 527 893 893 620 876 876 623 894 894 620 876 876 527 893 893 620 876 876 623 894 894 716 877 877 720 895 895 716 877 877 623 894 894 716 877 877 720 895 895 813 878 878 724 896 896 813 878 878 720 895 895 813 878 878 724 896 896 817 879 879 326 898 898 330 881 881 463 897 897 330 881 881 326 898 898 202 882 882 198 899 899 202 882 882 326 898 898 202 882 882 198 899 899 74 883 883 70 900 900 74 883 883 198 899 899 74 883 883 70 900 900 918 884 884 915 901 901 918 884 884 70 900 900 918 884 884 915 901 901 822 885 885 819 902 902 822 885 885 915 901 901 822 885 885 819 902 902 726 886 886 722 903 903 726 886 886 819 902 902 726 886 886 722 903 903 629 887 887 625 904 904 629 887 887 722 903 903 629 887 887 625 904 904 532 888 888 103 906 906 99 890 890 448 905 905 99 890 890 103 906 906 227 891 891 231 907 907 227 891 891 103 906 906 227 891 891 231 907 907 355 892 892 359 908 908 355 892 892 231 907 907 355 892 892 359 908 908 527 893 893 530 909 909 527 893 893 359 908 908 527 893 893 530 909 909 623 894 894 627 910 910 623 894 894 530 909 909 623 894 894 627 910 910 720 895 895 631 911 911 720 895 895 627 910 910 720 895 895 631 911 911 724 896 896 322 913 913 326 898 898 462 912 912 326 898 898 322 913 913 198 899 899 194 914 914 198 899 899 322 913 913 198 899 899 194 914 914 70 900 900 66 915 915 70 900 900 194 914 914 70 900 900 66 915 915 915 901 901 912 916 916 915 901 901 66 915 915 915 901 901 912 916 916 819 902 902 815 917 917 819 902 902 912 916 916 819 902 902 815 917 917 722 903 903 718 918 918 722 903 903 815 917 917 722 903 903 718 918 918 625 904 904 107 920 920 103 906 906 449 919 919 103 906 906 107 920 920 231 907 907 235 921 921 231 907 907 107 920 920 231 907 907 235 921 921 359 908 908 363 922 922 359 908 908 235 921 921 359 908 908 363 922 922 530 909 909 534 923 923 530 909 909 363 922 922 530 909 909 534 923 923 627 910 910 538 924 924 627 910 910 534 923 923 627 910 910 538 924 924 631 911 911 318 926 926 322 913 913 461 925 925 322 913 913 318 926 926 194 914 914 190 927 927 194 914 914 318 926 926 194 914 914 190 927 927 66 915 915 62 928 928 66 915 915 190 927 927 66 915 915 62 928 928 912 916 916 908 929 929 912 916 916 62 928 928 912 916 916 908 929 929 815 917 917 812 930 930 815 917 917 908 929 929 815 917 917 812 930 930 718 918 918 111 932 932 107 920 920 450 931 931 107 920 920 111 932 932 235 921 921 239 933 933 235 921 921 111 932 932 235 921 921 239 933 933 363 922 922 368 934 934 363 922 922 239 933 933 363 922 922 368 934 934 534 923 923 373 935 935 534 923 923 368 934 934 534 923 923 373 935 935 538 924 924 314 937 937 318 926 926 460 936 936 318 926 926 314 937 937 190 927 927 186 938 938 190 927 927 314 937 937 190 927 927 186 938 938 62 928 928 57 939 939 62 928 928 186 938 938 62 928 928 57 939 939 908 929 929 904 940 940 908 929 929 57 939 939 908 929 929 904 940 940 812 930 930 115 942 942 111 932 932 451 941 941 111 932 932 115 942 942 239 933 933 244 943 943 239 933 933 115 942 942 239 933 933 244 943 943 368 934 934 249 944 944 368 934 934 244 943 943 368 934 934 249 944 944 373 935 935 310 946 946 314 937 937 459 945 945 314 937 937 310 946 946 186 938 938 181 947 947 186 938 938 310 946 946 186 938 938 181 947 947 57 939 939 52 948 948 57 939 939 181 947 947 57 939 939 52 948 948 904 940 940 120 950 950 115 942 942 452 949 949 115 942 942 120 950 950 244 943 943 125 951 951 244 943 943 120 950 950 244 943 943 125 951 951 249 944 944 305 953 953 310 946 946 458 952 952 310 946 946 305 953 953 181 947 947 176 954 954 181 947 947 305 953 953 181 947 947 176 954 954 52 948 948 1 956 956 120 950 950 453 955 955 120 950 950 1 956 956 125 951 951 300 958 958 305 953 953 457 957 957 305 953 953 300 958 958 176 954 954</p>
                </triangles>
            </mesh>
        </geometry>
        <geometry id="ID29">
            <mesh>
                <source id="ID30">
                    <float_array id="ID31" count="33">-4871 -83.75 -0 4871 -83.75 -0 -4871 83.75 -0 4871 83.75 -0 -3342.75 -83.75 -0 -3342.75 83.75 -0 3342.75 -83.75 -0 3342.75 83.75 -0 0 0 -0 0 -518 -0 0 518 -0</float_array>
                    <technique_common>
                        <accessor count="11" source="#ID31" stride="3">
                            <param name="X" type="float"/>
                            <param name="Y" type="float"/>
                            <param name="Z" type="float"/>
                        </accessor>
                    </technique_common>
                </source>
                <source id="ID32">
                    <float_array id="ID33" count="3">-0 -0 1</float_array>
                    <technique_common>
                        <accessor count="1" source="#ID33" stride="3">
                            <param name="X" type="float"/>
                            <param name="Y" type="float"/>
                            <param name="Z" type="float"/>
                        </accessor>
                    </technique_common>
                </source>
                <source id="ID34">
                    <float_array id="ID35" count="22">1.01245 1 1.01245 0 0.759338 1 0.759338 0 0.506226 0.5 0.506226 0 0.253113 0 0.253113 1 0 0 0 1 0.506226 1</float_array>
                    <technique_common>
                        <accessor count="11" source="#ID35" stride="2">
                            <param name="S" type="float"/>
                            <param name="T" type="float"/>
                        </accessor>
                    </technique_common>
                </source>
                <vertices id="ID36">
                    <input semantic="POSITION" source="#ID30"/>
                </vertices>
                <triangles count="10" material="Material1">
                    <input offset="0" semantic="VERTEX" source="#ID36"/>
                    <input offset="1" semantic="NORMAL" source="#ID32"/>
                    <input offset="2" semantic="TEXCOORD" source="#ID34" set="0"/>
                    <p>7 0 2 1 0 1 3 0 0 1 0 1 7 0 2 6 0 3 8 0 4 6 0 3 7 0 2 6 0 3 8 0 4 9 0 5 4 0 6 9 0 5 8 0 4 5 0 7 4 0 6 8 0 4 4 0 6 5 0 7 0 0 8 2 0 9 0 0 8 5 0 7 10 0 10 8 0 4 7 0 2 8 0 4 10 0 10 5 0 7</p>
                </triangles>
            </mesh>
        </geometry>
        <geometry id="ID38">
            <mesh>
                <source id="ID39">
                    <float_array id="ID40" count="150">-1449.75 -388.25 -0 -1449.75 -388.25 -0 -1299.75 -750.5 -0 -1061.25 -1061.25 -0 -750.5 -1299.75 -0 -388.25 -1449.75 -0 0 -1501 -0 388.25 -1449.75 -0 750.5 -1299.75 -0 1061.25 -1061.25 -0 1299.75 -750.5 -0 1449.75 -388.25 -0 1501 0 -0 1449.75 388.25 -0 1299.75 750.5 -0 1061.25 1061.25 -0 750.5 1299.75 -0 388.25 1449.75 -0 0 1501 -0 -388.25 1449.75 -0 -750.5 1299.75 -0 -1061.25 1061.25 -0 -1299.75 750.5 -0 -1449.75 388.25 -0 -1501 0 -0 -724.75 -194 -0 -724.75 -194 -0 -649.75 -375.25 -0 -530.5 -530.5 -0 -375.25 -649.75 -0 -194 -724.75 -0 0 -750.5 -0 194 -724.75 -0 375.25 -649.75 -0 530.5 -530.5 -0 649.75 -375.25 -0 724.75 -194 -0 750.5 0 -0 724.75 194 -0 649.75 375.25 -0 530.5 530.5 -0 375.25 649.75 -0 194 724.75 -0 0 750.5 -0 -194 724.75 -0 -375.25 649.75 -0 -530.5 530.5 -0 -649.75 375.25 -0 -724.75 194 -0 -750.5 0 -0</float_array>
                    <technique_common>
                        <accessor count="50" source="#ID40" stride="3">
                            <param name="X" type="float"/>
                            <param name="Y" type="float"/>
                            <param name="Z" type="float"/>
                        </accessor>
                    </technique_common>
                </source>
                <source id="ID41">
                    <float_array id="ID42" count="3">0 0 1</float_array>
                    <technique_common>
                        <accessor count="1" source="#ID42" stride="3">
                            <param name="X" type="float"/>
                            <param name="Y" type="float"/>
                            <param name="Z" type="float"/>
                        </accessor>
                    </technique_common>
                </source>
                <source id="ID43">
                    <float_array id="ID44" count="100">1 -0.020752 0.958252 -0.020752 1 0.458984 0.958252 0.458984 0.916626 -0.020752 0.916626 0.458984 0.875 -0.020752 0.875 0.458984 0.833252 -0.020752 0.833252 0.458984 0.791626 -0.020752 0.791626 0.458984 0.75 -0.020752 0.75 0.458984 0.708252 -0.020752 0.708252 0.458984 0.666626 -0.020752 0.666626 0.458984 0.625 -0.020752 0.625 0.458984 0.583252 -0.020752 0.583252 0.458984 0.541626 -0.020752 0.541626 0.458984 0.5 -0.020752 0.5 0.458984 0.458252 -0.020752 0.458252 0.458984 0.416626 -0.020752 0.416626 0.458984 0.375 -0.020752 0.375 0.458984 0.333252 -0.020752 0.333252 0.458984 0.291626 -0.020752 0.291626 0.458984 0.25 -0.020752 0.25 0.458984 0.208252 -0.020752 0.208252 0.458984 0.166626 -0.020752 0.166626 0.458984 0.125 -0.020752 0.125 0.458984 0.083252 -0.020752 0.083252 0.458984 0.041626 -0.020752 0.041626 0.458984 0 -0.020752 0 0.458984</float_array>
                    <technique_common>
                        <accessor count="50" source="#ID44" stride="2">
                            <param name="S" type="float"/>
                            <param name="T" type="float"/>
                        </accessor>
                    </technique_common>
                </source>
                <vertices id="ID45">
                    <input semantic="POSITION" source="#ID39"/>
                </vertices>
                <triangles count="48" material="Material1">
                    <input offset="0" semantic="VERTEX" source="#ID45"/>
                    <input offset="1" semantic="NORMAL" source="#ID41"/>
                    <input offset="2" semantic="TEXCOORD" source="#ID43" set="0"/>
                    <p>26 0 2 24 0 1 1 0 0 24 0 1 26 0 2 49 0 3 49 0 3 23 0 4 24 0 1 23 0 4 49 0 3 48 0 5 48 0 5 22 0 6 23 0 4 22 0 6 48 0 5 47 0 7 47 0 7 21 0 8 22 0 6 21 0 8 47 0 7 46 0 9 46 0 9 20 0 10 21 0 8 20 0 10 46 0 9 45 0 11 45 0 11 19 0 12 20 0 10 19 0 12 45 0 11 44 0 13 44 0 13 18 0 14 19 0 12 18 0 14 44 0 13 43 0 15 43 0 15 17 0 16 18 0 14 17 0 16 43 0 15 42 0 17 42 0 17 16 0 18 17 0 16 16 0 18 42 0 17 41 0 19 41 0 19 15 0 20 16 0 18 15 0 20 41 0 19 40 0 21 40 0 21 14 0 22 15 0 20 14 0 22 40 0 21 39 0 23 39 0 23 13 0 24 14 0 22 13 0 24 39 0 23 38 0 25 38 0 25 12 0 26 13 0 24 12 0 26 38 0 25 37 0 27 37 0 27 11 0 28 12 0 26 11 0 28 37 0 27 36 0 29 36 0 29 10 0 30 11 0 28 10 0 30 36 0 29 35 0 31 35 0 31 9 0 32 10 0 30 9 0 32 35 0 31 34 0 33 34 0 33 8 0 34 9 0 32 8 0 34 34 0 33 33 0 35 33 0 35 7 0 36 8 0 34 7 0 36 33 0 35 32 0 37 32 0 37 6 0 38 7 0 36 6 0 38 32 0 37 31 0 39 31 0 39 5 0 40 6 0 38 5 0 40 31 0 39 30 0 41 30 0 41 4 0 42 5 0 40 4 0 42 30 0 41 29 0 43 29 0 43 3 0 44 4 0 42 3 0 44 29 0 43 28 0 45 28 0 45 2 0 46 3 0 44 2 0 46 28 0 45 27 0 47 27 0 47 0 0 48 2 0 46 0 0 48 27 0 47 25 0 49</p>
                </triangles>
            </mesh>
        </geometry>
    </library_geometries>
    <library_visual_scenes>
        <visual_scene id="ID18">
            <node id="ID19" name="n0b0">
                <translate sid="translate">0 0 -0</translate>
                <rotate sid="rotateY">0 1 0 -0</rotate>
                <rotate sid="rotateX">1 0 0 0</rotate>
                <rotate sid="rotateZ">0 0 1 -0</rotate>
                <scale sid="scale">1 1 1</scale>
                <instance_geometry url="#ID20">
                    <bind_material>
                        <technique_common>
                            <instance_material symbol="Material1" target="#ID13">
                                <bind_vertex_input semantic="UVSET0" input_semantic="TEXCOORD" input_set="0"/>
                            </instance_material>
                        </technique_common>
                    </bind_material>
                </instance_geometry>
            </node>
            <node id="ID28" name="n2b2">
                <translate sid="translate">0 0 -0</translate>
                <rotate sid="rotateY">0 1 0 -0</rotate>
                <rotate sid="rotateX">1 0 0 0</rotate>
                <rotate sid="rotateZ">0 0 1 -0</rotate>
                <scale sid="scale">1 1 1</scale>
                <instance_geometry url="#ID29">
                    <bind_material>
                        <technique_common>
                            <instance_material symbol="Material1" target="#ID8">
                                <bind_vertex_input semantic="UVSET0" input_semantic="TEXCOORD" input_set="0"/>
                            </instance_material>
                        </technique_common>
                    </bind_material>
                </instance_geometry>
            </node>
            <node id="ID37" name="n1b1">
                <translate sid="translate">0 0 -0</translate>
                <rotate sid="rotateY">0 1 0 -0</rotate>
                <rotate sid="rotateX">1 0 0 0</rotate>
                <rotate sid="rotateZ">0 0 1 -0</rotate>
                <scale sid="scale">1 1 1</scale>
                <instance_geometry url="#ID38">
                    <bind_material>
                        <technique_common>
                            <instance_material symbol="Material1" target="#ID3">
                                <bind_vertex_input semantic="UVSET0" input_semantic="TEXCOORD" input_set="0"/>
                            </instance_material>
                        </technique_common>
                    </bind_material>
                </instance_geometry>
            </node>
        </visual_scene>
    </library_visual_scenes>
    <scene>
        <instance_visual_scene url="#ID18"/>
    </scene>
</COLLADA>
