<?xml version="1.0"?>
<COLLADA xmlns="http://www.collada.org/2005/11/COLLADASchema" version="1.4.1">
    <asset>
        <contributor>
            <authoring_tool>CINEMA4D 15.064 COLLADA Exporter</authoring_tool>
        </contributor>
        <created>2018-04-28T04:53:36Z</created>
        <modified>2018-04-28T04:53:36Z</modified>
        <unit meter="0.01" name="centimeter"/>
        <up_axis>Y_UP</up_axis>
    </asset>
    <library_images>
        <image id="ID5">
            <init_from>IP2_glow1_i.png</init_from>
        </image>
        <image id="ID10">
            <init_from>PlateMetalBase_64.png</init_from>
        </image>
        <image id="ID15">
            <init_from>golddoorwakuMM2.png</init_from>
        </image>
        <image id="ID22">
            <init_from>mablesidelozet_64.png</init_from>
        </image>
    </library_images>
    <library_effects>
        <effect id="ID2">
            <profile_COMMON>
                <technique sid="COMMON">
                    <blinn>
                        <diffuse>
                            <color>0.8 0.8 0.8 1</color>
                        </diffuse>
                        <specular>
                            <color>0.2 0.2 0.2 1</color>
                        </specular>
                        <shininess>
                            <float>0.5</float>
                        </shininess>
                    </blinn>
                </technique>
            </profile_COMMON>
        </effect>
        <effect id="ID4">
            <profile_COMMON>
                <newparam sid="ID6">
                    <surface type="2D">
                        <init_from>ID5</init_from>
                    </surface>
                </newparam>
                <newparam sid="ID7">
                    <sampler2D>
                        <source>ID6</source>
                    </sampler2D>
                </newparam>
                <technique sid="COMMON">
                    <blinn>
                        <diffuse>
                            <texture texture="ID7" texcoord="UVSET0"/>
                        </diffuse>
                    </blinn>
                </technique>
            </profile_COMMON>
        </effect>
        <effect id="ID9">
            <profile_COMMON>
                <newparam sid="ID11">
                    <surface type="2D">
                        <init_from>ID10</init_from>
                    </surface>
                </newparam>
                <newparam sid="ID12">
                    <sampler2D>
                        <source>ID11</source>
                    </sampler2D>
                </newparam>
                <technique sid="COMMON">
                    <blinn>
                        <diffuse>
                            <texture texture="ID12" texcoord="UVSET0"/>
                        </diffuse>
                    </blinn>
                </technique>
            </profile_COMMON>
        </effect>
        <effect id="ID14">
            <profile_COMMON>
                <newparam sid="ID16">
                    <surface type="2D">
                        <init_from>ID15</init_from>
                    </surface>
                </newparam>
                <newparam sid="ID17">
                    <sampler2D>
                        <source>ID16</source>
                    </sampler2D>
                </newparam>
                <technique sid="COMMON">
                    <blinn>
                        <diffuse>
                            <texture texture="ID17" texcoord="UVSET0"/>
                        </diffuse>
                    </blinn>
                </technique>
            </profile_COMMON>
        </effect>
        <effect id="ID19">
            <profile_COMMON>
                <technique sid="COMMON">
                    <blinn>
                        <diffuse>
                            <color>0.588235 0.588235 0.588235 1</color>
                        </diffuse>
                    </blinn>
                </technique>
            </profile_COMMON>
        </effect>
        <effect id="ID21">
            <profile_COMMON>
                <newparam sid="ID23">
                    <surface type="2D">
                        <init_from>ID22</init_from>
                    </surface>
                </newparam>
                <newparam sid="ID24">
                    <sampler2D>
                        <source>ID23</source>
                    </sampler2D>
                </newparam>
                <technique sid="COMMON">
                    <blinn>
                        <diffuse>
                            <texture texture="ID24" texcoord="UVSET0"/>
                        </diffuse>
                    </blinn>
                </technique>
            </profile_COMMON>
        </effect>
    </library_effects>
    <library_materials>
        <material id="ID3" name="m4">
            <instance_effect url="#ID4"/>
        </material>
        <material id="ID8" name="m3">
            <instance_effect url="#ID9"/>
        </material>
        <material id="ID13" name="m2">
            <instance_effect url="#ID14"/>
        </material>
        <material id="ID18" name="m1">
            <instance_effect url="#ID19"/>
        </material>
        <material id="ID20" name="m0">
            <instance_effect url="#ID21"/>
        </material>
    </library_materials>
    <library_geometries>
        <geometry id="ID27">
            <mesh>
                <source id="ID28">
                    <float_array id="ID29" count="633">1633.22 760 -2501.02 1831.12 695 -2723.77 1831.12 695 -2723.77 1831.12 695 -2723.77 1598.19 760 -2521.21 1569.47 760 -2549.95 1549.48 760 -2584.6 1539.08 760 -2623.62 1539.12 760 -2664.06 1549.56 760 -2702.99 1569.75 760 -2738.02 1598.27 760 -2766.61 1633.13 760 -2786.73 1672.16 760 -2797.14 1712.6 760 -2797.09 1751.53 760 -2786.66 1751.53 760 -2786.66 1786.56 760 -2766.47 1815.15 760 -2737.94 1835.15 760 -2703.29 1845.67 760 -2664.05 1845.63 760 -2623.61 1835.19 760 -2584.68 1815 760 -2549.65 1786.35 760 -2521.28 1751.49 760 -2501.16 1712.59 760 -2490.54 1672.15 760 -2490.58 1861.55 675 -2621.54 1861.66 675 -2666.35 1850.13 675 -2709.34 1827.88 675 -2747.88 1796.43 675 -2779.38 1757.57 675 -2801.69 1757.57 675 -2801.69 1714.54 675 -2813.23 1670.08 675 -2813.25 1626.74 675 -2801.81 1588.2 675 -2779.56 1556.83 675 -2747.89 1534.4 675 -2709.25 1522.86 675 -2666.22 1522.96 675 -2621.54 1534.5 675 -2578.55 1556.74 675 -2540.01 1588.2 675 -2508.51 1626.84 675 -2486.07 1669.87 675 -2474.54 1714.67 675 -2474.42 1757.66 675 -2485.96 1796.21 675 -2508.2 1827.92 675 -2539.78 1850.01 675 -2578.52 1861.55 765 -2621.54 1861.55 765 -2621.54 1861.66 765 -2666.35 1861.66 765 -2666.35 1850.13 765 -2709.34 1850.13 765 -2709.34 1827.88 765 -2747.88 1827.88 765 -2747.88 1796.43 765 -2779.38 1796.43 765 -2779.38 1757.57 765 -2801.69 1757.57 765 -2801.69 1757.57 765 -2801.69 1757.57 765 -2801.69 1714.54 765 -2813.23 1714.54 765 -2813.23 1670.08 765 -2813.25 1670.08 765 -2813.25 1626.74 765 -2801.81 1626.74 765 -2801.81 1588.2 765 -2779.56 1588.2 765 -2779.56 1556.83 765 -2747.89 1556.83 765 -2747.89 1534.4 765 -2709.25 1534.4 765 -2709.25 1522.86 765 -2666.22 1522.86 765 -2666.22 1522.96 765 -2621.54 1522.96 765 -2621.54 1534.5 765 -2578.55 1534.5 765 -2578.55 1556.74 765 -2540.01 1556.74 765 -2540.01 1588.2 765 -2508.51 1588.2 765 -2508.51 1626.84 765 -2486.07 1626.84 765 -2486.07 1669.87 765 -2474.54 1669.87 765 -2474.54 1714.67 765 -2474.42 1714.67 765 -2474.42 1757.66 765 -2485.96 1757.66 765 -2485.96 1796.21 765 -2508.2 1796.21 765 -2508.2 1827.92 765 -2539.78 1827.92 765 -2539.78 1850.01 765 -2578.52 1850.01 765 -2578.52 1633.22 765 -2501.02 1598.19 765 -2521.21 1569.47 765 -2549.95 1549.48 765 -2584.6 1539.08 765 -2623.62 1539.12 765 -2664.06 1549.56 765 -2702.99 1569.75 765 -2738.02 1598.27 765 -2766.61 1633.13 765 -2786.73 1672.16 765 -2797.14 1712.6 765 -2797.09 1751.53 765 -2786.66 1751.53 765 -2786.66 1786.56 765 -2766.47 1815.15 765 -2737.94 1835.15 765 -2703.29 1845.67 765 -2664.05 1845.63 765 -2623.61 1835.19 765 -2584.68 1815 765 -2549.65 1786.35 765 -2521.28 1751.49 765 -2501.16 1712.59 765 -2490.54 1672.15 765 -2490.58 1850.13 750 -2709.34 1827.88 750 -2747.88 1796.43 750 -2779.38 1757.57 750 -2801.69 1757.57 750 -2801.69 1714.54 750 -2813.23 1670.08 750 -2813.25 1626.74 750 -2801.81 1588.2 750 -2779.56 1556.83 750 -2747.89 1534.4 750 -2709.25 1522.86 750 -2666.22 1522.96 750 -2621.54 1534.5 750 -2578.55 1556.74 750 -2540.01 1588.2 750 -2508.51 1626.84 750 -2486.07 1669.87 750 -2474.54 1714.67 750 -2474.42 1757.66 750 -2485.96 1796.21 750 -2508.2 1827.92 750 -2539.78 1850.01 750 -2578.52 1861.55 750 -2621.54 1861.66 750 -2666.35 1861.66 690 -2666.35 1861.55 690 -2621.54 1850.01 690 -2578.52 1827.92 690 -2539.78 1796.21 690 -2508.2 1757.66 690 -2485.96 1714.67 690 -2474.42 1669.87 690 -2474.54 1626.84 690 -2486.07 1588.2 690 -2508.51 1556.74 690 -2540.01 1534.5 690 -2578.55 1522.96 690 -2621.54 1522.86 690 -2666.22 1534.4 690 -2709.25 1556.83 690 -2747.89 1588.2 690 -2779.56 1626.74 690 -2801.81 1670.08 690 -2813.25 1714.54 690 -2813.23 1757.57 690 -2801.69 1757.57 690 -2801.69 1796.43 690 -2779.38 1827.88 690 -2747.88 1850.13 690 -2709.34 1852.37 695 -2643.95 1852.37 695 -2643.95 1852.37 695 -2643.95 1830.85 695 -2563.7 1830.85 695 -2563.7 1830.85 695 -2563.7 1772.4 695 -2505.43 1772.4 695 -2505.43 1772.4 695 -2505.43 1692.28 695 -2483.72 1692.28 695 -2483.72 1692.28 695 -2483.72 1612.24 695 -2505.36 1612.24 695 -2505.36 1612.24 695 -2505.36 1553.75 695 -2563.68 1553.75 695 -2563.68 1553.75 695 -2563.68 1532.26 695 -2643.93 1532.26 695 -2643.93 1532.26 695 -2643.93 1553.68 695 -2723.84 1553.68 695 -2723.84 1553.68 695 -2723.84 1612.44 695 -2782.58 1612.44 695 -2782.58 1612.44 695 -2782.58 1692.26 695 -2803.83 1692.26 695 -2803.83 1692.26 695 -2803.83 1772.38 695 -2782.53 1772.38 695 -2782.53 1772.38 695 -2782.53</float_array>
                    <technique_common>
                        <accessor count="211" source="#ID29" stride="3">
                            <param name="X" type="float"/>
                            <param name="Y" type="float"/>
                            <param name="Z" type="float"/>
                        </accessor>
                    </technique_common>
                </source>
                <source id="ID30">
                    <float_array id="ID31" count="480">-0.698306 0.436859 -0.56703 -0.486084 0.564089 -0.667478 -0.226321 0.947648 -0.22526 -0.223584 0.948677 -0.223657 -0.337844 0.562524 0.754604 -0.144542 0.436095 0.888217 -0.342669 0 0.939456 -0.0887055 0 0.996058 0.0848018 0.562766 0.822255 0.17325 0 0.984878 0.319236 0.439104 0.839807 0.422847 0 0.906201 0.484532 0.564068 0.668622 0.641878 0 0.766807 0.697479 0.437436 0.567603 0.820867 0 0.571119 0.756754 0.561678 0.334426 0.940321 0 0.340288 0.888217 0.436095 0.144542 0.996058 0 0.0887065 0.497972 -0 -0.867193 0.572274 0 -0.820063 0.469245 0.334737 -0.817166 0.567971 0.436567 -0.697724 0.766188 0 -0.642617 0.669555 0.561982 -0.485667 0.906201 0 -0.422847 0.841127 0.436046 -0.319951 0.984878 0 -0.173251 0.823107 0.561506 -0.0848876 0.226797 0.947209 -0.226624 0.22694 0.947116 -0.226867 0.143863 0.438006 -0.887386 0.169261 0.7559 -0.632429 0.0826425 0.947271 -0.309594 0.0826528 0.946824 -0.310954 -0.31719 0.439024 -0.840624 -0.0846244 0.563544 -0.82174 -0.0816632 0.947874 -0.308003 -0.0822657 0.947475 -0.30907 -0.339507 0 -0.940603 -0.574628 0 -0.818415 -0.421664 0 -0.906752 -0.64539 0 -0.763853 -0.887754 0.437593 -0.142845 -0.754231 0.563127 -0.337674 -0.308229 0.947717 -0.0826321 -0.308231 0.947716 -0.0826321 -0.840923 0.436449 0.31994 -0.822138 0.562555 0.0873027 -0.309843 0.947153 0.0830638 -0.309596 0.947246 0.0829243 -0.569176 0.437301 0.69628 -0.669606 0.561712 0.485908 -0.227314 0.946876 0.227498 -0.227971 0.946449 0.228613 0.311418 0.946622 -0.0832264 0.310292 0.947047 -0.0825907 -0.0835098 0.947001 0.310185 -0.0834948 0.94745 0.308814 0.0827695 0.948119 0.306953 0.0835418 0.947611 0.308309 0.225087 0.947792 0.22589 0.225374 0.947683 0.22606 0.311557 0.94655 0.0835239 0.311557 0.946549 0.0835239 0.642675 0 -0.766139 0.819443 0 -0.573161 0.939704 0 -0.34199 0.25894 0 -0.965894 0.174132 0 -0.984722 0.25894 0 -0.965894 0.0873482 0 -0.996178 -0.0853747 0 -0.996349 -0.171314 0 -0.985217 -0.767439 0 -0.641122 -0.819236 0 -0.573457 -0.905488 0 -0.424372 -0.939456 0 -0.342668 -0.984883 0 -0.173223 -0.99634 0 -0.0854812 -0.996072 0 0.088543 -0.984599 0 0.174826 -0.939704 0 0.34199 -0.9062 0 0.422848 -0.819442 0 0.573162 -0.766187 0 0.642618 -0.6439 0 0.76511 -0.574927 0 0.818205 -0.424374 0 0.905487 -0.174798 0 0.984604 0.0853179 0 0.996354 0.341988 0 0.939704 0.572771 0 0.819716 0.766117 0 0.642701 0.907649 0 0.41973 0.984604 0 0.174797 0.996354 0 -0.0853172 -0.499315 -0 0.866421 -0.572671 0 0.819785 -0.642212 0 0.766527 -0.76547 0 0.643472 -0.819127 0 0.573613 -0.906211 0 0.422827 -0.93972 0 0.341946 -0.984797 0 0.173711 -0.996267 0 0.086329 -0.996149 0 -0.0876717 -0.984694 0 -0.174291 -0.939829 0 -0.341646 -0.906418 0 -0.422381 -0.818648 0 -0.574295 -0.763948 0 -0.645278 -0.640401 0 -0.76804 -0.57199 0 -0.82026 -0.42414 0 -0.905597 -0.344701 0 -0.938713 -0.176599 0 -0.984283 -0.0877729 0 -0.99614 0.0876708 0 -0.996149 0.174289 0 -0.984694 0.341644 0 -0.939829 0.42238 0 -0.906419 -0.258944 0 0.965892 -0.174293 0 0.984694 -0.0876727 0 0.996149 0.0858024 0 0.996312 0.172657 0 0.984982 0.340939 0 0.940085 0.422344 0 0.906435 0.573612 0 0.819127 0.643473 0 0.765468 0.766529 0 0.642209 0.819785 0 0.572671 0.906418 0 0.422381 0.939828 0 0.341648 0.984694 0 0.174293 0.996149 0 0.0876712 0.996312 0 -0.0858032 0.984982 0 -0.172656 0.940086 0 -0.340939 0.906434 0 -0.422346 0.819429 0 -0.57318 0.766157 0 -0.642654 0.643031 0 -0.76584 0.573107 0 -0.819481 0 1 0 -0.421664 0 -0.906752 0.411839 0.879707 -0.237705 -0.00123421 0.879506 0.475885 0.236977 0.879508 -0.412683 -0.411843 0.879704 0.237709 0.000262744 0.883108 -0.469169 0.411181 0.880854 0.234578 -0.232824 0.884916 -0.403381 0.232823 0.884917 0.403379 -0.407833 0.881809 -0.236821 0.475883 0.879508 0.0012355 -0.471599 0.881813 0.00105774 -0.236823 0.881809 0.407833</float_array>
                    <technique_common>
                        <accessor count="160" source="#ID31" stride="3">
                            <param name="X" type="float"/>
                            <param name="Y" type="float"/>
                            <param name="Z" type="float"/>
                        </accessor>
                    </technique_common>
                </source>
                <source id="ID32">
                    <float_array id="ID33" count="422">-1.24902 -2.85156 -1.49902 -2.85156 -1.24902 -2.7959 -1.49902 -2.7959 0.5 -2.85156 0.75 -2.85156 0.5 -2.99805 0.75 -2.99805 1 -2.85156 1 -2.99805 1.25 -2.85156 1.25 -2.99805 1.5 -2.85156 1.5 -2.99805 1.75 -2.85156 1.75 -2.99805 2 -2.85156 2 -2.99805 2.25 -2.85156 2.25 -2.99805 3.5 -2.99805 3.25 -2.99805 3.5 -2.85156 3.25 -2.85156 3 -2.99805 3 -2.85156 2.75 -2.99805 2.75 -2.85156 2.5 -2.99805 2.5 -2.85156 3.25 -2.7959 3 -2.7959 -2.24902 -2.85156 -2.49902 -2.85156 -2.24902 -2.7959 -2.49902 -2.7959 -1.74902 -2.85156 -1.99902 -2.85156 -1.74902 -2.7959 -1.99902 -2.7959 -1.74902 -1.99805 -1.49902 -1.99805 -1.74902 -2.21973 -1.49902 -2.21973 -0.749023 -2.85156 -0.999023 -2.85156 -0.749023 -2.7959 -0.999023 -2.7959 -0.249023 -2.85156 -0.499023 -2.85156 -0.249023 -2.7959 -0.499023 -2.7959 0.25 -2.85156 0 -2.85156 0.25 -2.7959 0 -2.7959 2.75 -2.7959 2.5 -2.7959 0.75 -2.7959 0.5 -2.7959 1.25 -2.7959 1 -2.7959 1.75 -2.7959 1.5 -2.7959 2.25 -2.7959 2 -2.7959 3.5 -2.21973 3.25 -2.21973 3.5 -1.99805 3.25 -1.99805 3 -2.21973 3 -1.99805 2.75 -2.21973 2.75 -1.99805 -2.49902 -1.99805 -2.24902 -1.99805 -2.49902 -2.21973 -2.24902 -2.21973 -1.99902 -1.99805 -1.99902 -2.21973 -1.24902 -1.99805 -1.24902 -2.21973 -0.999023 -1.99805 -0.999023 -2.21973 -0.749023 -1.99805 -0.749023 -2.21973 -0.499023 -1.99805 -0.499023 -2.21973 -0.249023 -1.99805 -0.249023 -2.21973 0 -1.99805 0 -2.21973 0.25 -1.99805 0.25 -2.21973 0.5 -1.99805 0.5 -2.21973 0.75 -1.99805 0.75 -2.21973 1 -1.99805 1 -2.21973 1.25 -1.99805 1.25 -2.21973 1.5 -1.99805 1.5 -2.21973 1.75 -1.99805 1.75 -2.21973 2 -1.99805 2 -2.21973 2.25 -1.99805 2.25 -2.21973 2.5 -1.99805 2.5 -2.21973 1.99707 -1 1.83008 -1 1.99707 -1.28125 1.83008 -1.28125 1.66406 -1 1.66406 -1.28125 1.49707 -1 1.49707 -1.28125 1.33105 -1 1.33105 -1.28125 1.16504 -1 1.16504 -1.28125 0.998047 -1 0.998047 -1.28125 0.832031 -1 0.832031 -1.28125 0.665039 -1 0.665039 -1.28125 0.499023 -1 0.499023 -1.28125 0.332031 -1 0.332031 -1.28125 0.166016 -1 0.166016 -1.28125 0 -1 0 -1.28125 -1.99609 -1.28125 -1.83008 -1.28125 -1.99609 -1 -1.83008 -1 -1.66406 -1.28125 -1.66406 -1 -1.49707 -1.28125 -1.49707 -1 -1.33105 -1.28125 -1.33105 -1 -1.16406 -1.28125 -1.16406 -1 -0.998047 -1.28125 -0.998047 -1 -0.831055 -1.28125 -0.831055 -1 -0.665039 -1.28125 -0.665039 -1 -0.499023 -1.28125 -0.499023 -1 -0.332031 -1.28125 -0.332031 -1 -0.166016 -1.28125 -0.166016 -1 -1.99609 -1.22754 -1.83008 -1.22754 -1.66406 -1.22754 -1.49707 -1.22754 -1.33105 -1.22754 -1.16406 -1.22754 -0.998047 -1.22754 -0.831055 -1.22754 -0.665039 -1.22754 -0.499023 -1.22754 -0.332031 -1.22754 -0.166016 -1.22754 0 -1.22754 0.166016 -1.22754 0.332031 -1.22754 0.499023 -1.22754 0.665039 -1.22754 0.832031 -1.22754 0.998047 -1.22754 1.16504 -1.22754 1.99707 -1.22754 1.83008 -1.22754 1.66406 -1.22754 1.49707 -1.22754 1.33105 -1.22754 -2.49902 -2.99805 -2.24902 -2.99805 -1.99902 -2.99805 -1.74902 -2.99805 -1.49902 -2.99805 -1.24902 -2.99805 -0.999023 -2.99805 -0.749023 -2.99805 -0.499023 -2.99805 -0.249023 -2.99805 0 -2.99805 0.25 -2.99805 2.875 -2.7959 0.875 -2.7959 3.375 -2.7959 -0.124023 -2.7959 -2.12402 -2.7959 1.875 -2.7959 -1.62402 -2.7959 1.375 -2.7959 -1.12402 -2.7959 2.375 -2.7959 -0.624023 -2.7959 0.375 -2.7959</float_array>
                    <technique_common>
                        <accessor count="211" source="#ID33" stride="2">
                            <param name="S" type="float"/>
                            <param name="T" type="float"/>
                        </accessor>
                    </technique_common>
                </source>
                <vertices id="ID34">
                    <input semantic="POSITION" source="#ID28"/>
                </vertices>
                <triangles count="228" material="Material1">
                    <input offset="0" semantic="VERTEX" source="#ID34"/>
                    <input offset="1" semantic="NORMAL" source="#ID30"/>
                    <input offset="2" semantic="TEXCOORD" source="#ID32" set="0"/>
                    <p>201 2 2 169 1 1 168 0 0 169 1 1 201 2 2 202 3 3 46 6 6 160 5 5 161 4 4 160 5 5 46 6 6 47 7 7 47 7 7 159 8 8 160 5 5 159 8 8 47 7 7 48 9 9 48 9 9 158 10 10 159 8 8 158 10 10 48 9 9 49 11 11 49 11 11 157 12 12 158 10 10 157 12 12 49 11 11 50 13 13 50 13 13 156 14 14 157 12 12 156 14 14 50 13 13 51 15 15 51 15 15 155 16 16 156 14 14 155 16 16 51 15 15 52 17 17 52 17 17 154 18 18 155 16 16 154 18 18 52 17 17 28 19 19 173 22 22 32 21 21 33 20 20 32 21 21 173 22 22 175 23 23 175 23 23 31 24 24 32 21 21 31 24 24 175 23 23 176 25 25 176 25 25 30 26 26 31 24 24 30 26 26 176 25 25 177 27 27 177 27 27 29 28 28 30 26 26 29 28 28 177 27 27 153 29 29 210 30 30 176 25 25 175 23 23 176 25 25 210 30 30 1 31 31 207 34 34 174 33 33 172 32 32 174 33 33 207 34 34 208 35 35 204 38 38 171 37 37 170 36 36 171 37 37 204 38 38 205 39 39 135 42 42 73 41 41 71 40 40 73 41 41 135 42 42 136 43 43 198 46 46 167 45 45 166 44 44 167 45 45 198 46 46 199 47 47 195 50 50 165 49 49 164 48 48 165 49 49 195 50 50 196 51 51 192 54 54 163 53 53 162 52 52 163 53 53 192 54 54 193 55 55 3 56 56 153 29 29 177 27 27 153 29 29 3 56 56 180 57 57 189 58 58 161 4 4 160 5 5 161 4 4 189 58 58 190 59 59 186 60 60 159 8 8 158 10 10 159 8 8 186 60 60 187 61 61 183 62 62 157 12 12 156 14 14 157 12 12 183 62 62 184 63 63 179 64 64 155 16 16 154 18 18 155 16 16 179 64 64 181 65 65 64 20 68 130 21 67 132 20 66 130 21 67 64 20 68 61 66 69 61 66 69 129 24 70 130 21 67 129 24 70 61 66 69 59 67 71 59 67 71 128 26 72 129 24 70 128 26 72 59 67 71 58 68 73 131 71 76 67 70 75 63 69 74 67 70 75 131 71 76 133 72 77 133 72 77 69 73 78 67 70 75 69 73 78 133 72 77 134 74 79 134 74 79 71 40 40 69 73 78 71 40 40 134 74 79 135 42 42 153 29 29 28 19 19 29 28 28 28 19 19 153 29 29 154 18 18 136 43 43 75 75 80 73 41 41 75 75 80 136 43 43 137 76 81 137 76 81 77 77 82 75 75 80 77 77 82 137 76 81 138 78 83 138 78 83 79 79 84 77 77 82 79 79 84 138 78 83 139 80 85 139 80 85 81 81 86 79 79 84 81 81 86 139 80 85 140 82 87 140 82 87 83 83 88 81 81 86 83 83 88 140 82 87 141 84 89 141 84 89 85 85 90 83 83 88 85 85 90 141 84 89 142 86 91 142 86 91 87 87 92 85 85 90 87 87 92 142 86 91 143 88 93 143 88 93 89 89 94 87 87 92 89 89 94 143 88 93 144 6 95 144 6 95 92 90 96 89 89 94 92 90 96 144 6 95 145 7 97 145 7 97 94 91 98 92 90 96 94 91 98 145 7 97 146 9 99 146 9 99 96 92 100 94 91 98 96 92 100 146 9 99 147 11 101 147 11 101 98 93 102 96 92 100 98 93 102 147 11 101 148 13 103 148 13 103 100 94 104 98 93 102 100 94 104 148 13 103 149 15 105 149 15 105 102 95 106 100 94 104 102 95 106 149 15 105 150 17 107 150 17 107 54 96 108 102 95 106 54 96 108 150 17 107 151 19 109 151 19 109 56 97 110 54 96 108 56 97 110 151 19 109 152 28 111 58 68 73 152 28 111 128 26 72 152 28 111 58 68 73 56 97 110 16 98 114 117 99 113 115 98 112 117 99 113 16 98 114 17 100 115 17 100 115 118 101 116 117 99 113 118 101 116 17 100 115 18 102 117 18 102 117 119 103 118 118 101 116 119 103 118 18 102 117 19 104 119 19 104 119 120 105 120 119 103 118 120 105 120 19 104 119 20 106 121 20 106 121 121 107 122 120 105 120 121 107 122 20 106 121 21 108 123 21 108 123 122 109 124 121 107 122 122 109 124 21 108 123 22 110 125 22 110 125 123 111 126 122 109 124 123 111 126 22 110 125 23 112 127 23 112 127 124 113 128 123 111 126 124 113 128 23 112 127 24 114 129 24 114 129 125 115 130 124 113 128 125 115 130 24 114 129 25 116 131 25 116 131 126 117 132 125 115 130 126 117 132 25 116 131 26 118 133 26 118 133 127 119 134 126 117 132 127 119 134 26 118 133 27 120 135 27 120 135 103 121 136 127 119 134 103 121 136 27 120 135 0 122 137 116 123 140 14 124 139 15 123 138 14 124 139 116 123 140 114 125 141 114 125 141 13 126 142 14 124 139 13 126 142 114 125 141 113 127 143 113 127 143 12 128 144 13 126 142 12 128 144 113 127 143 112 129 145 112 129 145 11 130 146 12 128 144 11 130 146 112 129 145 111 131 147 111 131 147 10 132 148 11 130 146 10 132 148 111 131 147 110 133 149 110 133 149 9 134 150 10 132 148 9 134 150 110 133 149 109 135 151 109 135 151 8 136 152 9 134 150 8 136 152 109 135 151 108 137 153 108 137 153 7 138 154 8 136 152 7 138 154 108 137 153 107 139 155 107 139 155 6 140 156 7 138 154 6 140 156 107 139 155 106 141 157 106 141 157 5 142 158 6 140 156 5 142 158 106 141 157 105 143 159 105 143 159 4 144 160 5 142 158 4 144 160 105 143 159 104 145 161 0 122 137 104 145 161 103 121 136 104 145 161 0 122 137 4 144 160 66 146 162 114 146 141 116 146 140 114 146 141 66 146 162 68 146 163 68 146 163 113 146 143 114 146 141 113 146 143 68 146 163 70 146 164 70 146 164 112 146 145 113 146 143 112 146 145 70 146 164 72 146 165 72 146 165 111 146 147 112 146 145 111 146 147 72 146 165 74 146 166 74 146 166 110 146 149 111 146 147 110 146 149 74 146 166 76 146 167 76 146 167 109 146 151 110 146 149 109 146 151 76 146 167 78 146 168 78 146 168 108 146 153 109 146 151 108 146 153 78 146 168 80 146 169 80 146 169 107 146 155 108 146 153 107 146 155 80 146 169 82 146 170 82 146 170 106 146 157 107 146 155 106 146 157 82 146 170 84 146 171 84 146 171 105 146 159 106 146 157 105 146 159 84 146 171 86 146 172 86 146 172 104 146 161 105 146 159 104 146 161 86 146 172 88 146 173 88 146 173 103 146 136 104 146 161 103 146 136 88 146 173 90 146 174 90 146 174 127 146 134 103 146 136 127 146 134 90 146 174 91 146 175 91 146 175 126 146 132 127 146 134 126 146 132 91 146 175 93 146 176 93 146 176 125 146 130 126 146 132 125 146 130 93 146 176 95 146 177 95 146 177 124 146 128 125 146 130 124 146 128 95 146 177 97 146 178 97 146 178 123 146 126 124 146 128 123 146 126 97 146 178 99 146 179 99 146 179 122 146 124 123 146 126 122 146 124 99 146 179 101 146 180 101 146 180 121 146 122 122 146 124 121 146 122 101 146 180 53 146 181 115 146 112 62 146 183 65 146 182 62 146 183 115 146 112 117 146 113 117 146 113 60 146 184 62 146 183 60 146 184 117 146 113 118 146 116 118 146 116 57 146 185 60 146 184 57 146 185 118 146 116 119 146 118 119 146 118 55 146 186 57 146 185 55 146 186 119 146 118 120 146 120 120 146 120 53 146 181 55 146 186 53 146 181 120 146 120 121 146 122 34 71 187 172 32 32 174 33 33 172 32 32 34 71 187 35 72 188 35 72 188 171 37 37 172 32 32 171 37 37 35 72 188 36 74 189 36 74 189 170 36 36 171 37 37 170 36 36 36 74 189 37 147 190 37 147 190 169 1 1 170 36 36 169 1 1 37 147 190 38 43 191 38 43 191 168 0 0 169 1 1 168 0 0 38 43 191 39 76 192 39 76 192 167 45 45 168 0 0 167 45 45 39 76 192 40 78 193 40 78 193 166 44 44 167 45 45 166 44 44 40 78 193 41 80 194 41 80 194 165 49 49 166 44 44 165 49 49 41 80 194 42 82 195 42 82 195 164 48 48 165 49 49 164 48 48 42 82 195 43 84 196 43 84 196 163 53 53 164 48 48 163 53 53 43 84 196 44 86 197 44 86 197 162 52 52 163 53 53 162 52 52 44 86 197 45 88 198 45 88 198 161 4 4 162 52 52 161 4 4 45 88 198 46 6 6 177 27 27 176 25 25 2 148 199 160 5 5 159 8 8 188 149 200 175 23 23 173 22 22 209 150 201 164 48 48 163 53 53 194 151 202 172 32 32 171 37 37 206 152 203 156 14 14 155 16 16 182 153 204 170 36 36 169 1 1 203 154 205 158 10 10 157 12 12 185 155 206 168 0 0 167 45 45 200 156 207 154 18 18 153 29 29 178 157 208 166 44 44 165 49 49 197 158 209 162 52 52 161 4 4 191 159 210</p>
                </triangles>
            </mesh>
        </geometry>
        <geometry id="ID36">
            <mesh>
                <source id="ID37">
                    <float_array id="ID38" count="144">1633.22 760.75 -2501.02 1598.19 760.75 -2521.21 1569.47 760.75 -2549.95 1549.48 760.75 -2584.6 1539.08 760.75 -2623.62 1539.12 760.75 -2664.06 1549.56 760.75 -2702.99 1569.75 760.75 -2738.02 1598.27 760.75 -2766.61 1633.13 760.75 -2786.73 1672.16 760.75 -2797.14 1712.6 760.75 -2797.09 1751.53 760.75 -2786.66 1786.56 760.75 -2766.47 1815.15 760.75 -2737.94 1835.15 760.75 -2703.29 1845.67 760.75 -2664.05 1845.63 760.75 -2623.61 1835.19 760.75 -2584.68 1815 760.75 -2549.65 1786.35 760.75 -2521.28 1751.49 760.75 -2501.16 1712.59 760.75 -2490.54 1672.15 760.75 -2490.58 1735.67 760.75 -2539.07 1707.11 760.75 -2531.54 1677.43 760.75 -2531.44 1648.75 760.75 -2539.13 1623.23 760.75 -2553.84 1602.14 760.75 -2574.87 1587.4 760.75 -2600.42 1579.86 760.75 -2628.98 1579.76 760.75 -2658.65 1587.45 760.75 -2687.34 1602.38 760.75 -2712.98 1623.19 760.75 -2733.94 1648.74 760.75 -2748.69 1677.52 760.75 -2756.35 1706.97 760.75 -2756.32 1735.66 760.75 -2748.63 1761.52 760.75 -2733.83 1782.27 760.75 -2712.89 1797.01 760.75 -2687.34 1804.89 760.75 -2658.7 1804.64 760.75 -2629.11 1796.95 760.75 -2600.43 1782.24 760.75 -2574.9 1761.22 760.75 -2553.82</float_array>
                    <technique_common>
                        <accessor count="48" source="#ID38" stride="3">
                            <param name="X" type="float"/>
                            <param name="Y" type="float"/>
                            <param name="Z" type="float"/>
                        </accessor>
                    </technique_common>
                </source>
                <source id="ID39">
                    <float_array id="ID40" count="3">0 1 -0</float_array>
                    <technique_common>
                        <accessor count="1" source="#ID40" stride="3">
                            <param name="X" type="float"/>
                            <param name="Y" type="float"/>
                            <param name="Z" type="float"/>
                        </accessor>
                    </technique_common>
                </source>
                <source id="ID41">
                    <float_array id="ID42" count="96">1.82813 0.306152 1.68311 0.236328 1.80859 0.397949 1.64648 0.361816 1.80176 0.496582 1.63379 0.496582 1.80859 0.595215 1.64648 0.631348 1.82813 0.687012 1.68311 0.756836 1.85986 0.765625 1.74072 0.864746 1.90039 0.826172 1.81641 0.947754 1.94775 0.864258 1.9043 0.999512 1.99902 0.876953 1.99902 1.01709 2.0498 0.864258 2.09326 0.999512 2.09717 0.826172 2.18115 0.947754 2.13818 0.765625 2.25684 0.864746 2.16943 0.686523 2.31494 0.756836 2.18896 0.594727 2.35156 0.631348 2.1958 0.496582 2.36377 0.496582 2.18896 0.397949 2.35156 0.361816 2.16943 0.306152 2.31494 0.23584 2.13818 0.227539 2.25684 0.12793 2.09717 0.166992 2.18115 0.0454102 2.0498 0.128906 2.09326 -0.00683594 1.99902 0.115723 1.99902 -0.0244141 1.9043 -0.00683594 1.81641 0.0454102 1.74072 0.128418 1.85938 0.227539 1.94775 0.128906 1.90039 0.166992</float_array>
                    <technique_common>
                        <accessor count="48" source="#ID42" stride="2">
                            <param name="S" type="float"/>
                            <param name="T" type="float"/>
                        </accessor>
                    </technique_common>
                </source>
                <vertices id="ID43">
                    <input semantic="POSITION" source="#ID37"/>
                </vertices>
                <triangles count="48" material="Material1">
                    <input offset="0" semantic="VERTEX" source="#ID43"/>
                    <input offset="1" semantic="NORMAL" source="#ID39"/>
                    <input offset="2" semantic="TEXCOORD" source="#ID41" set="0"/>
                    <p>28 0 2 0 0 1 27 0 0 0 0 1 28 0 2 1 0 3 29 0 4 1 0 3 28 0 2 1 0 3 29 0 4 2 0 5 30 0 6 2 0 5 29 0 4 2 0 5 30 0 6 3 0 7 31 0 8 3 0 7 30 0 6 3 0 7 31 0 8 4 0 9 32 0 10 4 0 9 31 0 8 4 0 9 32 0 10 5 0 11 33 0 12 5 0 11 32 0 10 5 0 11 33 0 12 6 0 13 34 0 14 6 0 13 33 0 12 6 0 13 34 0 14 7 0 15 35 0 16 7 0 15 34 0 14 7 0 15 35 0 16 8 0 17 36 0 18 8 0 17 35 0 16 8 0 17 36 0 18 9 0 19 37 0 20 9 0 19 36 0 18 9 0 19 37 0 20 10 0 21 38 0 22 10 0 21 37 0 20 10 0 21 38 0 22 11 0 23 39 0 24 11 0 23 38 0 22 11 0 23 39 0 24 12 0 25 40 0 26 12 0 25 39 0 24 12 0 25 40 0 26 13 0 27 41 0 28 13 0 27 40 0 26 13 0 27 41 0 28 14 0 29 42 0 30 14 0 29 41 0 28 14 0 29 42 0 30 15 0 31 43 0 32 15 0 31 42 0 30 15 0 31 43 0 32 16 0 33 44 0 34 16 0 33 43 0 32 16 0 33 44 0 34 17 0 35 45 0 36 17 0 35 44 0 34 17 0 35 45 0 36 18 0 37 46 0 38 18 0 37 45 0 36 18 0 37 46 0 38 19 0 39 47 0 40 19 0 39 46 0 38 19 0 39 47 0 40 20 0 41 21 0 42 20 0 41 47 0 40 26 0 45 23 0 44 22 0 43 23 0 44 26 0 45 0 0 1 27 0 0 0 0 1 26 0 45 24 0 46 21 0 42 47 0 40 21 0 42 24 0 46 25 0 47 25 0 47 22 0 43 21 0 42 22 0 43 25 0 47 26 0 45</p>
                </triangles>
            </mesh>
        </geometry>
        <geometry id="ID45">
            <mesh>
                <source id="ID46">
                    <float_array id="ID47" count="459">1633.22 760 -2501.02 1831.12 695 -2723.77 1831.12 695 -2723.77 1598.19 760 -2521.21 1702.22 763.25 -2751.56 1693.7 760 -2643.3 1654.46 763.25 -2709.27 1569.47 760 -2549.95 1592.39 763.25 -2685.28 1549.48 760 -2584.6 1764.68 763.25 -2613.84 1539.08 760 -2623.62 1797.72 763.25 -2668.12 1539.12 760 -2664.06 1744.33 763.25 -2701.1 1549.56 760 -2702.99 1745.26 763.25 -2621.97 1569.75 760 -2738.02 1775.45 763.25 -2662.2 1598.27 760 -2766.61 1730.83 763.25 -2683.49 1633.13 760 -2786.73 1701.33 763.25 -2727.09 1672.16 760 -2797.14 1667.2 763.25 -2689.2 1712.6 760 -2797.09 1615.82 763.25 -2675.71 1751.53 760 -2786.66 1623.04 763.25 -2560.67 1786.56 760 -2766.47 1619.11 763.25 -2624.5 1815.15 760 -2737.94 1749.66 763.25 -2552.34 1835.15 760 -2703.29 1688.66 763.25 -2566.5 1845.67 760 -2664.05 1738.07 763.25 -2571.92 1845.63 760 -2623.61 1691.48 763.25 -2588.62 1835.19 760 -2584.68 1639.77 763.25 -2578.69 1815 760 -2549.65 1642.56 763.25 -2629.37 1786.35 760 -2521.28 1751.49 760 -2501.16 1712.59 760 -2490.54 1672.15 760 -2490.58 1573.79 759.5 -2693.02 1703.1 759.5 -2778.04 1649 759.5 -2718.24 1751.8 759.5 -2709.17 1822.53 759.5 -2674.65 1775.24 759.5 -2609.54 1605.05 759.5 -2541.33 1762.65 759.5 -2529.83 1687.97 759.5 -2555.71 1609.29 759.5 -2622 1631.1 760 -2669.23 1649.69 760 -2594.52 1651.72 760 -2633.51 1725.5 760 -2589.2 1689.78 760 -2602.07 1731.25 760 -2627.74 1754.25 760 -2658.91 1697.04 760 -2709.02 1720.01 760 -2675.23 1670.9 760 -2679.79 1579.87 750 -2690.47 1579.87 750 -2690.47 1628.68 750 -2670.43 1628.68 750 -2670.43 1613.72 750 -2622.83 1613.72 750 -2622.83 1609.8 750 -2546.1 1609.8 750 -2546.1 1648.21 750 -2591.07 1648.21 750 -2591.07 1650.55 750 -2632.54 1650.55 750 -2632.54 1728.61 750 -2585.8 1728.61 750 -2585.8 1690.63 750 -2599.1 1690.63 750 -2599.1 1688.85 750 -2559.68 1688.85 750 -2559.68 1759.87 750 -2535.15 1759.87 750 -2535.15 1734.36 750 -2626.36 1734.36 750 -2626.36 1771.57 750 -2610.89 1771.57 750 -2610.89 1759.15 750 -2659.43 1759.15 750 -2659.43 1698.51 750 -2712.47 1698.51 750 -2712.47 1722.61 750 -2676.73 1722.61 750 -2676.73 1816.92 750 -2672.86 1816.92 750 -2672.86 1749.3 750 -2705.99 1749.3 750 -2705.99 1703.16 750 -2771.44 1703.16 750 -2771.44 1670.8 750 -2681.47 1670.8 750 -2681.47 1651.46 750 -2714.47 1651.46 750 -2714.47 1852.37 695 -2643.95 1852.37 695 -2643.95 1852.37 750 -2643.95 1852.37 750 -2643.95 1830.85 750 -2563.7 1830.85 750 -2563.7 1830.85 695 -2563.7 1830.85 695 -2563.7 1772.4 750 -2505.43 1772.4 750 -2505.43 1772.4 695 -2505.43 1772.4 695 -2505.43 1692.28 750 -2483.72 1692.28 750 -2483.72 1692.28 695 -2483.72 1692.28 695 -2483.72 1612.24 750 -2505.36 1612.24 750 -2505.36 1612.24 695 -2505.36 1612.24 695 -2505.36 1553.75 750 -2563.68 1553.75 750 -2563.68 1553.75 695 -2563.68 1553.75 695 -2563.68 1532.26 750 -2643.93 1532.26 750 -2643.93 1532.26 695 -2643.93 1532.26 695 -2643.93 1553.68 750 -2723.84 1553.68 750 -2723.84 1553.68 695 -2723.84 1553.68 695 -2723.84 1612.44 750 -2782.58 1612.44 750 -2782.58 1612.44 695 -2782.58 1612.44 695 -2782.58 1692.26 750 -2803.83 1692.26 750 -2803.83 1692.26 695 -2803.83 1692.26 695 -2803.83 1772.38 750 -2782.53 1772.38 750 -2782.53 1772.38 695 -2782.53 1772.38 695 -2782.53 1831.12 750 -2723.77 1831.12 750 -2723.77</float_array>
                    <technique_common>
                        <accessor count="153" source="#ID47" stride="3">
                            <param name="X" type="float"/>
                            <param name="Y" type="float"/>
                            <param name="Z" type="float"/>
                        </accessor>
                    </technique_common>
                </source>
                <source id="ID48">
                    <float_array id="ID49" count="369">-0.330138 0.652387 -0.682202 -0.59909 0.138339 -0.788641 -0.214729 0.787871 -0.577192 -0.740284 0.119083 -0.661663 0.791553 0.293904 -0.535784 0.503435 0.711548 -0.490156 0.558606 0.266143 -0.785574 0.459387 0.81838 -0.34528 0.414507 0.248282 -0.875523 0.757995 0.328117 0.563723 0.605577 0.731811 0.312618 0.899563 0.328635 0.287725 0.445712 0.826066 0.3449 0.932717 0.335507 0.132186 -0.325948 0.227104 0.917705 -0.120702 0.698641 0.705218 0.0117395 0.286925 0.957881 -0.190568 0.815067 0.547129 0.177572 0.297321 0.93812 -0.991365 0.119621 -0.0537283 -0.761221 0.640141 0.103735 -0.935911 0.141078 0.322749 -0.622319 0.782675 0.0117533 -0.856505 0.148352 0.49436 -0.251275 0.16879 -0.953085 0.095298 0.96356 -0.249942 -0.00880183 0.622298 -0.782731 0.0874781 0.853458 -0.513767 -0.0874358 0.745477 -0.660772 -0.201888 0.966453 -0.158777 -0.714866 0.661418 -0.22692 -0.433456 0.872694 -0.224769 -0.636767 0.767726 -0.0715839 -0.255744 0.946232 0.198093 -0.457131 0.610522 0.646757 -0.307163 0.903202 0.299795 -0.275198 0.739064 0.614857 0.128899 0.937806 0.322343 0.513748 0.529308 0.675201 0.205534 0.881331 0.425456 0.498027 0.692278 0.522226 0.285542 0.958358 -0.00406883 0.794157 0.543609 -0.271668 0.566403 0.820701 -0.075077 0.665487 0.690511 -0.283411 0.327589 0.847474 0.4177 0.427122 0.427036 0.796999 0.257338 0.936401 0.2386 0.838683 0.544221 0.0208273 0.38822 0.91455 -0.113501 0.895912 0.431139 -0.107059 0.375987 0.908575 -0.182003 0.902349 0.428539 0.0460535 -0.157776 0.373444 -0.914137 -0.00171945 0.882433 -0.470436 0.151393 0.395502 -0.905902 -0.0766882 0.904281 -0.419994 0.299497 0.397997 -0.867122 -0.920567 0.363151 -0.143801 -0.3956 0.909496 -0.12774 -0.82711 0.369463 -0.423541 -0.360623 0.931484 -0.0478281 -0.758144 0.342655 -0.554802 -0.40476 0.388766 0.827666 -0.273757 0.882939 0.381414 -0.656334 0.385463 0.648571 -0.154371 0.936639 0.314447 -0.759992 0.367784 0.535861 0.67196 0.421688 0.608809 0.368789 0.921547 0.12143 0.367171 0.925655 -0.0913657 0.267329 0.912861 -0.308577 0.0245757 0.924159 -0.381217 -0.221753 0.904526 -0.364224 -0.334365 0.883958 -0.326831 -0.418923 0.898079 0.134009 0.00399332 0.999907 -0.0130108 0.0341278 0.999394 -0.00691021 0.00388742 0.999989 -0.00247815 0.00477022 0.999988 -0.000986373 -0 1 0 0.00844807 0.999928 0.00847827 0.0054078 0.999963 0.00667202 0.0031799 0.999914 0.0127508 -0.00495891 0.99991 0.0124779 -0.00981544 0.999923 -0.00762756 -0.00460863 0.999987 -0.00229366 -0.0073048 0.999973 -0.00100972 -0.0159769 0.999871 -0.0017251 -0.020882 0.999748 0.0082502 -0.00654742 0.999959 0.0061859 -0.0022285 0.999988 0.00430938 0.0546395 0.913193 0.403849 0.00178927 0.916296 0.400497 -0.381446 0.907968 0.173476 -0.00217852 0.999932 -0.0114474 0.00029158 0.999987 -0.00504745 0.0397552 0.832329 -0.552855 0.528996 0.586207 -0.613616 0.540361 0.830821 -0.133216 0.748092 0.56649 0.345611 -0.445566 0.529868 -0.721603 0.966354 -0 -0.257215 0.707221 -0 -0.706992 0.256884 -0 -0.966442 0.256884 0 -0.966442 -0.257216 0 -0.966354 -0.706992 0 -0.707221 0.0119589 0.999928 -3.24614e-005 -0.965893 0 -0.258942 -0.96595 0 0.258727 -0.706112 0 0.7081 -0.706112 0 0.7081 -0.261001 0 0.965339 0.261537 0 0.965194 0.706032 0 0.70818 0.965893 0 0.258942 0.519369 0.760937 0.388883 -0.208606 0.750948 0.626547 -0.0976805 0.547413 0.831142 -0.769641 0.638184 -0.0193475 -0.852337 0.501333 0.148952 0.0176287 0.999818 0.00729594</float_array>
                    <technique_common>
                        <accessor count="123" source="#ID49" stride="3">
                            <param name="X" type="float"/>
                            <param name="Y" type="float"/>
                            <param name="Z" type="float"/>
                        </accessor>
                    </technique_common>
                </source>
                <source id="ID50">
                    <float_array id="ID51" count="306">0.333008 0.624023 0.329102 0.631836 0.398438 0.807617 0.397461 0.826172 0.567383 0.697266 0.576172 0.708984 0.755859 0.686523 0.776367 0.697266 0.708008 0.5 0.726563 0.5 0.755859 0.314453 0.776367 0.303711 0.567383 0.303711 0.576172 0.291992 0.398438 0.193359 0.397461 0.174805 0.333008 0.376953 0.329102 0.369141 0.171875 0.5 0.158203 0.5 -2.32129 0.170898 -2.14746 0.328125 -2.12598 0.289063 -1.96875 0.336914 -1.90723 0.300781 -2.01367 0.5 -1.96191 0.5 -1.96875 0.664063 -1.90723 0.700195 -2.14746 0.672852 -2.12598 0.711914 -2.30762 0.769531 -2.32129 0.830078 -2.36914 0.609375 -2.39648 0.632813 -2.52148 0.5 -2.58301 0.5 -2.36914 0.391602 -2.39648 0.368164 -2.30762 0.231445 0.160156 0.757813 0.178711 0.746094 -0.135742 0.5 -0.102539 0.5 0.160156 0.243164 0.178711 0.254883 0.295898 -0.133789 0.307617 -0.103516 0.647461 0.0888672 0.642578 0.108398 1.03809 0.113281 1.01465 0.131836 0.944336 0.5 0.925781 0.5 1.03809 0.887695 1.01465 0.869141 0.647461 0.912109 0.642578 0.892578 0.295898 1.13379 0.307617 1.10352 -1.86914 0.5 -1.82617 0.756836 -2.10059 0.798828 -2.3584 0.923828 -2.4834 0.688477 -2.69531 0.5 -2.4834 0.3125 0.5 -0.265625 0.301758 -0.239258 0.116211 -0.163086 -0.163086 0.117188 -0.0410156 -0.0410156 -0.239258 0.698242 -0.163086 0.883789 -0.0410156 1.04102 0.301758 1.23926 0.116211 1.16309 1.23926 0.302734 1.16309 0.117188 1.26563 0.5 1.23926 0.698242 1.16309 0.883789 1.04102 1.04102 0.882813 1.16309 0.5 1.26563 -1.82617 0.244141 -2.10059 0.202148 -2.3584 0.0771484 1.04102 -0.0410156 0.697266 -0.239258 0.506836 0.5 -2.3877 1 -2.08887 0.825195 -1.75586 0.805664 -1.83594 0.5 -2.50293 0.703125 2.5 -3.99512 2.5 -3.47559 2.75 -3.99512 2.75 -3.47559 3 -3.99512 3 -3.47559 3.25 -3.99512 3.25 -3.47559 -2.49902 -3.99512 -2.49902 -3.47559 -2.24902 -3.99512 -2.24902 -3.47559 -1.99902 -3.99512 -1.99902 -3.47559 -1.74902 -3.99512 -1.74902 -3.47559 -1.49902 -3.99512 -1.49902 -3.47559 -1.24902 -3.99512 -1.24902 -3.47559 -0.239258 0.302734 -0.999023 -3.99512 -0.999023 -3.47559 -0.749023 -3.99512 -0.749023 -3.47559 -0.499023 -3.99512 -0.499023 -3.47559 -0.249023 -3.99512 -0.249023 -3.47559 0 -3.99512 0 -3.47559 0.25 -3.99512 0.25 -3.47559 0.5 -3.99512 0.5 -3.47559 0.75 -3.99512 0.75 -3.47559 1 -3.99512 1 -3.47559 1.25 -3.99512 1.25 -3.47559 1.5 -3.99512 1.5 -3.47559 1.75 -3.99512 1.75 -3.47559 2 -3.99512 2 -3.47559 2.25 -3.99512 2.25 -3.47559 -1.75586 0.195313 -2.3877 0 -2.08887 0.175781 -2.75586 0.5 -2.50293 0.297852 0.882813 -0.163086 -0.265625 0.5 0.697266 1.23926</float_array>
                    <technique_common>
                        <accessor count="153" source="#ID51" stride="2">
                            <param name="S" type="float"/>
                            <param name="T" type="float"/>
                        </accessor>
                    </technique_common>
                </source>
                <vertices id="ID52">
                    <input semantic="POSITION" source="#ID46"/>
                </vertices>
                <triangles count="168" material="Material1">
                    <input offset="0" semantic="VERTEX" source="#ID52"/>
                    <input offset="1" semantic="NORMAL" source="#ID48"/>
                    <input offset="2" semantic="TEXCOORD" source="#ID50" set="0"/>
                    <p>64 2 2 103 1 1 66 0 0 103 1 1 64 2 2 93 3 3 65 5 4 93 4 3 64 2 2 93 4 3 65 5 4 95 6 5 63 7 6 95 6 5 65 5 4 95 6 5 63 7 6 91 8 7 62 10 8 91 9 7 63 7 6 91 9 7 62 10 8 87 11 9 60 12 10 87 11 9 62 10 8 87 11 9 60 12 10 79 13 11 61 15 12 79 14 11 60 12 10 79 14 11 61 15 12 81 16 13 58 17 14 81 16 13 61 15 12 81 16 13 58 17 14 75 18 15 59 20 16 75 19 15 58 17 14 75 19 15 59 20 16 77 21 17 57 22 18 77 21 17 59 20 16 77 21 17 57 22 18 69 23 19 66 0 0 69 24 19 57 22 18 69 24 19 66 0 0 103 1 1 38 27 22 82 26 21 40 25 20 82 26 21 38 27 22 80 28 23 36 29 24 80 28 23 38 27 22 80 28 23 36 29 24 88 30 25 16 31 26 88 30 25 36 29 24 88 30 25 16 31 26 92 32 27 18 33 28 92 32 27 16 31 26 92 32 27 18 33 28 96 34 29 20 35 30 96 34 29 18 33 28 96 34 29 20 35 30 94 36 31 22 37 32 94 36 31 20 35 30 94 36 31 22 37 32 104 38 33 24 39 34 104 38 33 22 37 32 104 38 33 24 39 34 70 40 35 26 41 36 70 40 35 24 39 34 70 40 35 26 41 36 78 42 37 42 43 38 78 42 37 26 41 36 78 42 37 42 43 38 76 44 39 40 25 20 76 44 39 42 43 38 76 44 39 40 25 20 82 26 21 47 47 42 105 46 41 49 45 40 105 46 41 47 47 42 67 48 43 56 49 44 67 48 43 47 47 42 67 48 43 56 49 44 71 50 45 53 51 46 71 50 45 56 49 44 71 50 45 53 51 46 73 52 47 55 54 48 73 53 47 53 51 46 73 53 47 55 54 48 83 55 49 54 56 50 83 55 49 55 54 48 83 55 49 54 56 50 85 57 51 52 59 52 85 58 51 54 56 50 85 58 51 52 59 52 89 60 53 51 61 54 89 60 53 52 59 52 89 60 53 51 61 54 97 62 55 50 64 56 97 63 55 51 61 54 97 63 55 50 64 56 99 65 57 48 66 58 99 65 57 50 64 56 99 65 57 48 66 58 101 67 59 49 45 40 101 68 59 48 66 58 101 68 59 49 45 40 105 46 41 10 69 60 16 31 26 36 29 24 16 31 26 10 69 60 18 33 28 12 70 61 18 33 28 10 69 60 18 33 28 12 70 61 20 35 30 14 71 62 20 35 30 12 70 61 20 35 30 14 71 62 22 37 32 4 72 63 22 37 32 14 71 62 22 37 32 4 72 63 24 39 34 6 73 64 24 39 34 4 72 63 24 39 34 6 73 64 26 41 36 8 74 65 26 41 36 6 73 64 26 41 36 8 74 65 30 75 66 53 51 46 0 76 67 55 54 48 0 76 67 53 51 46 3 77 68 56 49 44 3 77 68 53 51 46 3 77 68 56 49 44 7 78 69 11 79 70 7 78 69 56 49 44 7 78 69 11 79 70 9 80 71 49 45 40 17 81 72 47 47 42 17 81 72 49 45 40 19 82 73 48 66 58 19 82 73 49 45 40 19 82 73 48 66 58 21 83 74 25 84 75 21 83 74 48 66 58 21 83 74 25 84 75 23 80 76 39 86 79 43 85 78 41 80 77 43 85 78 39 86 79 52 59 52 37 87 80 52 59 52 39 86 79 52 59 52 37 87 80 35 88 81 31 90 83 51 61 54 33 89 82 51 61 54 31 90 83 50 64 56 27 91 84 50 64 56 31 90 83 50 64 56 27 91 84 25 84 75 36 29 24 32 92 85 10 69 60 32 92 85 36 29 24 34 93 86 38 27 22 34 93 86 36 29 24 34 93 86 38 27 22 40 25 20 30 75 66 42 43 38 26 41 36 42 43 38 30 75 66 40 25 20 28 94 87 40 25 20 30 75 66 40 25 20 28 94 87 34 93 86 55 54 48 44 95 88 54 56 50 44 95 88 55 54 48 46 96 89 0 76 67 46 96 89 55 54 48 5 80 90 58 17 14 61 15 12 58 17 14 5 80 90 59 20 16 57 22 18 59 20 16 5 80 90 4 72 63 100 98 92 102 97 91 100 98 92 4 72 63 14 71 62 100 98 92 12 70 61 98 99 93 12 70 61 100 98 92 14 71 62 90 100 94 12 70 61 10 69 60 12 70 61 90 100 94 98 99 93 106 101 95 4 72 63 102 97 91 4 72 63 106 101 95 6 73 64 2 102 98 110 102 97 108 102 96 110 102 97 2 102 98 152 102 99 150 103 102 151 103 101 1 103 100 151 103 101 150 103 102 148 103 103 146 105 106 147 105 105 149 104 104 147 105 105 146 105 106 144 104 107 142 106 110 143 106 109 145 106 108 143 106 109 142 106 110 140 106 111 138 107 114 139 107 113 141 107 112 139 107 113 138 107 114 136 107 115 13 108 116 56 49 44 47 47 42 56 49 44 13 108 116 11 79 70 134 109 119 135 109 118 137 109 117 135 109 118 134 109 119 132 109 120 130 110 123 131 110 122 133 110 121 131 110 122 130 110 123 128 110 124 126 112 127 127 112 126 129 111 125 127 112 126 126 112 127 124 111 128 122 113 131 123 113 130 125 113 129 123 113 130 122 113 131 120 113 132 118 114 135 119 114 134 121 114 133 119 114 134 118 114 135 116 114 136 114 115 139 115 115 138 117 115 137 115 115 138 114 115 139 112 115 140 107 116 143 111 116 142 113 116 141 111 116 142 107 116 143 109 116 144 86 117 145 10 69 60 32 92 85 10 69 60 86 117 145 90 100 94 60 12 10 5 80 90 61 15 12 5 80 90 60 12 10 62 10 8 63 7 6 5 80 90 62 10 8 5 80 90 63 7 6 65 5 4 64 2 2 5 80 90 65 5 4 5 80 90 64 2 2 66 0 0 74 118 146 34 93 86 28 94 87 34 93 86 74 118 146 84 119 147 32 92 85 84 119 147 86 117 145 84 119 147 32 92 85 34 93 86 8 74 65 106 101 95 68 120 148 106 101 95 8 74 65 6 73 64 68 120 148 30 75 66 8 74 65 30 75 66 68 120 148 72 121 149 28 94 87 72 121 149 74 118 146 72 121 149 28 94 87 30 75 66 44 95 88 46 96 89 45 80 150 13 108 116 47 47 42 15 122 151 51 61 54 35 88 81 33 89 82 25 84 75 48 66 58 50 64 56 43 85 78 52 59 52 54 56 50 52 59 52 35 88 81 51 61 54 54 56 50 44 95 88 43 85 78 27 91 84 31 90 83 29 80 152 47 47 42 17 81 72 15 122 151 57 22 18 5 80 90 66 0 0</p>
                </triangles>
            </mesh>
        </geometry>
        <geometry id="ID54">
            <mesh>
                <source id="ID55">
                    <float_array id="ID56" count="615">92.076 720 -3363.14 92.076 720 -3363.14 88.5806 750 -3354.19 88.5806 750 -3354.19 77.6031 760.25 -3326.2 77.6031 760.25 -3326.2 66.5006 750.5 -3298.43 66.5006 750.5 -3298.43 62.8221 720.75 -3288.8 62.8221 720.75 -3288.8 44.122 720.75 -3296.19 44.122 720.75 -3296.19 47.9255 750.75 -3305.6 47.9255 750.75 -3305.6 73.5925 720 -3370.65 73.5925 720 -3370.65 70.0055 750 -3361.36 70.0055 750 -3361.36 59.1195 760.25 -3333.72 59.1195 760.25 -3333.72 77.3866 720.25 -3326.08 58.8115 720.5 -3333.25 -158.741 793.25 -3444.08 -158.741 793.25 -3444.08 -161.862 823.25 -3434.48 -161.862 823.25 -3434.48 -171.132 833.25 -3406.04 -171.132 833.25 -3406.04 -180.402 823.25 -3377.59 -180.402 823.25 -3377.59 -183.522 793.25 -3368 -183.522 793.25 -3368 -202.713 793.25 -3374.24 -202.713 793.25 -3374.24 -199.593 823.25 -3383.83 -199.593 823.25 -3383.83 -177.933 793.25 -3450.32 -177.933 793.25 -3450.32 -180.837 823.25 -3440.85 -180.837 823.25 -3440.85 -190.323 833.25 -3412.28 -190.323 833.25 -3412.28 -171.132 793.25 -3406.04 -190.323 793.25 -3412.28 250.178 693.75 -3225.78 269.809 693.75 -3281.28 260.381 702.75 -3253.61 246.716 663.75 -3216.28 272.747 663.75 -3290.2 279.364 703 -3245.23 268.82 693.75 -3217.49 265.141 663.75 -3207.86 292.413 664 -3281.63 289.259 694 -3272.59 279.056 663.75 -3244.76 279.056 663.75 -3244.76 259.948 663.75 -3253.36 259.948 663.75 -3253.36 1358.15 720.25 -2758.66 1358.15 720.25 -2758.66 1358.15 720.25 -2758.66 1358.15 720.25 -2758.66 1358.15 720.25 -2758.66 1358.15 720.25 -2758.66 1358.15 720.25 -2758.66 1512.63 720.25 -2612.58 1512.63 720.25 -2612.58 1512.63 720.25 -2612.58 1512.63 720.25 -2612.58 1512.63 720.25 -2612.58 1512.63 720.25 -2612.58 1512.63 720.25 -2612.58 1512.9 699.25 -2593.11 1538.96 699 -2597.47 1511.26 690.5 -2612.95 1535.99 690.25 -2617.12 1510.15 699.25 -2633.38 1533.42 699 -2637.57 1510.77 720.5 -2639.8 1533.48 720.25 -2643.96 1512.48 741.5 -2631.84 1535.75 741.25 -2636.03 1514.06 750 -2611.1 1539.13 749.75 -2615.18 1515.11 741.25 -2591.78 1541.51 741 -2596.06 1514.36 720 -2585.58 1514.36 720 -2585.58 1541.19 719.75 -2590.1 1541.19 719.75 -2590.1 1339.58 741.25 -2750.83 1331.4 741.25 -2769.49 1358.02 750 -2758.88 1350.19 750 -2777.45 1376.81 699.25 -2766.84 1383.25 720.25 -2769.69 1368.76 699.25 -2785.28 1375.2 720.25 -2788.13 1376.81 741.25 -2766.84 1368.76 741.25 -2785.28 1358.15 690.5 -2758.66 1350.19 690.5 -2777.45 1339.58 699.25 -2750.83 1331.4 699.25 -2769.49 1333.14 720.25 -2747.98 1333.14 720.25 -2747.98 1324.96 720.25 -2766.64 1324.96 720.25 -2766.64 1120.84 754.5 -2765.71 1127.69 724.75 -2772.84 1099.85 764.5 -2744.06 1078.98 754.5 -2722.2 1071.91 724.75 -2714.95 1082.54 758 -2758.03 1103.53 748 -2779.68 1110.6 715.75 -2786.93 1054.82 715.75 -2729.04 1061.68 748 -2736.17 1082.67 715.75 -2757.82 -4059.28 447.25 1737.16 -4114.09 447.25 1760.72 -4439.52 822.75 -564.573 -4384.25 826.25 -556.352 -4087.01 457.25 1749.12 -3260.4 456.75 2156.4 -3279.86 446.75 2132.7 -3241.7 446.75 2178.8 -4412.61 832.75 -560.475 -4376.19 832.75 853.188 -4347.13 822.75 846.516 -4405.59 822.75 859.768 -4050.21 417.25 1733.36 -4123.38 417.25 1764.63 -3286.37 416.75 2124.92 -3235.65 416.75 2186.28 -4448.36 792.75 -566.395 -4372.96 792.75 -554.79 -4337.41 792.75 844.365 -4415.32 792.75 861.919 -1429.9 822.75 -3423.82 -1427.1 792.75 -3414.47 -1449.97 792.75 -3489.6 -1447.17 822.75 -3480.24 -1438.33 832.75 -3452.44 -1467.12 832.75 -3446.79 -1476.17 822.75 -3474.47 -1479.19 792.75 -3483.7 -1455.44 792.75 -3409.07 -1458.25 822.75 -3418.42 -2604.82 822.75 -2986.86 -2598.3 792.75 -2979.07 -2646.15 792.75 -3042.96 -2640.29 822.75 -3034.8 -2622.81 832.75 -3010.53 -2651.77 832.75 -2994.68 -2669.62 822.75 -3019.6 -2675.73 792.75 -3028.19 -2628.71 792.75 -2963.25 -2634.89 822.75 -2970.94 -3720.18 792.75 -1997.7 -3728.48 822.75 -2003.59 -3752.72 832.75 -2021.06 -3776.39 822.75 -2038.57 -3784.36 792.75 -2044.37 -3771.69 792.75 -2062.93 -3763.95 822.75 -2057.01 -3740.49 832.75 -2039.38 -3716.35 822.75 -2021.56 -3708.38 792.75 -2015.77 -4413.49 832.75 -541.494 -4385.13 826.25 -537.371 -4373.84 792.75 -535.808 -4449.55 792.75 -546.947 -4440.48 822.75 -545.25 -4348.89 822.75 820.973 -4378.2 832.75 827.211 -4407.38 822.75 833.666 -4417.32 792.75 835.943 -4339.16 792.75 818.821 -4073.69 456.75 1773.19 -4100.74 446.75 1785.34 -4109.9 416.75 1789.47 -4037.14 416.75 1757 -4046.3 446.75 1761.13 -3277.02 456.75 2170.61 -3295.83 446.75 2146.54 -3302.13 416.75 2138.63 -3253.13 416.75 2200.99 -3258.97 446.75 2193.39 -1438.42 792.75 -3452.09 -1467.21 792.75 -3446.45 -2621.73 792.75 -3011.16 -3740.15 792.75 -2039.29 -2650.56 792.75 -2995.09 -3752.38 792.75 -2020.97 -3752.38 792.75 -2020.97 -4412.61 792.75 -560.475 -4413.49 792.75 -541.494 -4378.2 792.75 827.211 -4086.79 417.25 1749 -4376.41 792.75 853.313 -4073.69 416.75 1773.19 -4073.69 416.75 1773.19 -3277.4 412.5 2169.96 -3277.4 412.5 2169.96</float_array>
                    <technique_common>
                        <accessor count="205" source="#ID56" stride="3">
                            <param name="X" type="float"/>
                            <param name="Y" type="float"/>
                            <param name="Z" type="float"/>
                        </accessor>
                    </technique_common>
                </source>
                <source id="ID57">
                    <float_array id="ID58" count="711">0.000174701 -1 9.8537e-005 0.674142 -0.677463 -0.294237 0.675221 -0.676743 -0.293421 0.916507 -7.85809e-009 -0.400018 0.916508 0 -0.400016 0.675209 0.676835 -0.293235 0.673988 0.677646 -0.29417 0.18821 0.87907 0.437966 0.0020493 0.999998 -0.000864525 -0.674938 0.676743 0.294072 -0.460025 0.886628 0.0476247 -0.773572 0.484854 -0.408048 -0.118254 0.70191 -0.702381 -0.595852 0.0596606 -0.800875 -0.17966 0.0427893 -0.982798 -0.139082 -0.663551 -0.735089 -0.810426 -0.398149 -0.429753 -0.274392 -0.961266 0.0260288 -0.00877726 -0.99993 0.00789861 0.114214 -0.685013 0.719523 -0.210138 0.00198491 -0.97767 -0.209166 0.000992457 -0.97788 -0.21303 2.85415e-005 -0.977046 -0.154322 0.68779 -0.709316 -0.693125 0.590409 -0.413515 -0.180983 0.8912 -0.415943 -0.161541 0.636058 0.754542 -0.711408 0.579543 0.397528 -0.543592 0.275308 0.792914 -0.831016 0.316895 0.457155 -0.957515 0.217639 0.189206 -0.786727 0.310198 -0.533703 -0.794373 0.605789 0.0446298 -0.590529 0.701756 -0.398514 0.276313 0.884802 -0.375203 0.121657 0.457778 -0.880704 0.627123 0.706333 -0.328345 0.296677 0.681537 0.668947 0.460846 0.700009 0.545535 0.461187 0.699514 0.545881 0.00403088 0.999972 0.00632812 -0.363545 0.884352 0.292841 -0.760367 0.649339 0.0142057 0.21597 -8.8068e-007 0.9764 0.216888 0.000935631 0.976196 0.220443 0.00157625 0.975399 0.103611 0.884571 0.454751 0.74447 0.440152 0.502027 -0.951986 0.00159925 0.306138 -0.951479 0.00320681 0.307697 -0.952698 0.00391867 0.303893 -0.690792 0.689233 0.218551 -0.337251 0.594117 0.730265 -0.950818 0.00572708 -0.309696 -0.949942 0.00286357 -0.312412 -0.950378 0.0013923 -0.311095 -0.949922 0 -0.312489 -0.950809 -7.89647e-005 -0.309776 0.950834 0.000157567 0.309701 0.950809 7.87836e-005 0.309777 0.95081 6.29301e-007 0.309776 0.950785 0 0.30985 0.95081 -7.7525e-005 0.309775 -0.795936 -0.0111137 0.605279 -0.801418 -0.0207505 0.597745 -0.812094 -0.0241795 0.583025 -0.813753 -0.0304958 0.58041 -0.107711 0.583393 0.805016 -0.929989 0.00259877 -0.367578 -0.930042 0.00274753 -0.367443 -0.929774 0.00265161 -0.368122 -0.929741 0.00288305 -0.368203 -0.929505 0.00255568 -0.368801 -0.891339 0.24479 0.381567 -0.558459 0.622767 0.547982 -0.143291 -0.0031043 0.989676 -0.052189 0.823068 0.56554 -0.14289 -0.000838135 0.989738 0.931433 0.00261188 0.363903 0.93023 -0.000630082 0.366977 0.930137 -0.0016807 0.367208 0.929735 -0.00388169 0.36821 0.930044 -0.0027313 0.367439 -0.421939 0.328111 -0.845169 -0.0274711 0.273486 -0.961484 -0.322685 0.709049 -0.626996 0.355184 0.456646 -0.815671 0.372755 0.887502 -0.270913 0.332256 0.703974 0.627716 0.441728 0.310572 0.841678 -0.258661 0.18968 0.947162 -0.188358 0.305983 -0.933218 0.250624 0.265713 -0.930905 -0.139892 0.699846 -0.700461 0.59674 0.449849 -0.664483 0.44639 0.883826 -0.139958 0.13302 0.702911 0.698729 0.177921 0.307975 0.93461 -0.520258 0.209518 0.82791 -0.707797 0.704746 0.0485404 0.583336 0.81119 -0.0411009 -0.303336 0.397477 -0.866025 0.287243 0.674009 -0.680591 -0.465465 0.764597 -0.445796 -0.204036 0.959596 -0.193765 -0.530816 0.797662 0.286302 0.280414 0.708107 -0.648038 0.69275 0.606096 -0.390826 -0.441109 0.883669 -0.156689 -0.0116771 0.999926 -0.00337763 -0.23366 0.824276 0.515724 -0.868454 -0.317858 0.380466 -0.598664 -0.285114 0.74854 -0.674795 -0.676834 0.294188 -0.401823 -0.592687 0.698041 -0.218473 0.707771 0.671811 -0.218473 0.707771 0.671811 0.000593553 1 0.000683378 -0.000287534 1 0.00088416 0.221796 0.707113 -0.671415 0.16267 0.264015 0.950702 0.159452 0.267904 0.950159 0.129333 0.649807 0.749015 0.127235 0.651157 0.748202 -0.244061 0.713489 0.656786 -0.251292 0.714203 0.653274 0.00676971 0.999941 -0.00846064 0.00527187 0.999902 -0.0129658 0.262535 0.701697 -0.662342 0.956584 0.21618 -0.19548 0.880516 0.460916 -0.110675 0.59736 0.0030692 -0.801968 0.80192 0.0237529 -0.596959 0.807383 0.0223366 -0.589605 0.80469 0.0266812 -0.593095 0.957533 -0.000478879 -0.288324 0.958135 -0.00255037 -0.286307 0.956401 -0.00184009 -0.292051 -0.979007 0.202007 -0.0271802 -0.720377 -0.00371026 -0.693573 -0.901693 0.432374 -0.00169037 0.613376 0.30397 0.728953 0.613952 0.304595 0.728206 -0.621943 0.32049 -0.714474 -0.531741 0.584943 -0.612449 -0.890868 0.28168 -0.356386 0.832883 0.316846 -0.453778 0.553331 0.270204 -0.787918 -0.430057 0.686546 0.586264 0.481381 0.814313 0.324294 0.790285 0.316416 0.524719 0.405067 -0.00229606 0.914284 0.405943 -0.000765356 0.913898 0.404015 -0.00114803 0.914752 0.00365928 0.999971 0.00668482 -0.787923 0.00286215 0.615768 -0.786038 0.000199904 0.618178 -0.784141 -0.00246235 0.620578 -0.786239 -0.000482768 0.617922 0.130419 0.251666 -0.958987 -0.772133 0.21043 -0.599608 -0.946449 0.315395 0.0689977 0.772694 0.207509 0.599903 0.947845 0.311999 -0.0651726 0.946072 0.320992 0.0437335 0.793765 0.607118 0.0366816 0.87808 0.277866 -0.38957 0.491151 0.666091 -0.561333 -0.956577 0.285592 -0.0582891 -0.829562 0.556568 -0.0453854 -0.908007 0.218107 0.357705 -0.942443 0.00629419 -0.334309 -0.800656 0.464108 0.378886 -0.680455 0.307682 0.665066 0.502906 0.309306 -0.807103 -0.392995 0.00156921 -0.919539 -0.393946 0.000117819 -0.919134 -0.39338 0.00115499 -0.919376 -0.0501691 0.817489 -0.573755 0.152821 -0.34535 0.925948 0.15225 -0.345946 0.925819 0.113881 -0.685237 0.719362 0.906747 0.206144 -0.367851 0.381755 0.300257 -0.874133 -0.389066 0.321571 0.863261 -0.868454 0.317858 0.380466 -0.598663 0.285114 0.74854 -0.16316 0.458385 0.873649 0.00204834 -0.999997 -0.000867795 -0.293123 0.318795 0.901359 -0.293122 0.318795 0.901359 0.149942 0.00335142 -0.988689 0.224705 0.707761 -0.669763 0.297579 0.316142 -0.900834 -0.99627 0.0442982 0.0740571 -0.996832 0.0447383 0.0657669 -0.585749 -0.00314618 0.810486 -0.588409 -0.00317356 0.808557 -0.585749 -0.00314637 0.810486 0.938462 -0.0034044 0.345365 0.937586 -0.00322421 0.34774 0.0132701 0.999706 0.0202768 0.163358 0.0117267 -0.986497 0.156985 0.00586358 -0.987584 0.393377 0.00834481 0.919339 0.395026 0.00834658 0.918632 -0.348151 0.320536 0.880936 -0.342379 0.323966 0.881943 0.599735 0.00301355 -0.800193 0.599846 0.00315084 -0.80011 0.257135 0.700447 -0.665774 0.350324 0.309934 -0.883863 0.935681 -0.00147746 0.352843 0.935078 -0.00312502 0.354429 -0.950834 -0.000157929 -0.309701 0.950834 -0.00015505 0.309701 -0.929623 0.00224157 -0.368504 0.929626 -0.00157125 0.368501 0.392885 0.00438138 0.919577 0.392885 -0.00438137 0.919577 0.402199 -0.000969268 0.915552 0.388687 0 0.92137 0.401284 0 0.915954 0.402199 0.000969268 0.915552 -0.996128 0.0551429 0.0684629 -0.996286 0.04484 0.0735119 -0.996468 0.0538746 0.0644106 -0.996408 0.0498834 0.0684337 -0.14192 -0.00167627 0.989877 -0.590409 0.000841086 0.807104 0.293668 0.3135 -0.903038 0.410175 0.000415361 0.912007 -0.997031 0.0450099 0.062479 -0.944585 0.00502241 -0.328228 -0.945687 0.00841749 -0.324969 -0.99683 0.046764 0.0643679 0.357488 0.31493 -0.879217</float_array>
                    <technique_common>
                        <accessor count="237" source="#ID58" stride="3">
                            <param name="X" type="float"/>
                            <param name="Y" type="float"/>
                            <param name="Z" type="float"/>
                        </accessor>
                    </technique_common>
                </source>
                <source id="ID59">
                    <float_array id="ID60" count="348">0.399414 2.39941 0.199219 2.39941 0.199219 2.59961 0 2.39941 0 2.59961 -0.199219 2.59961 -0.199219 2.39941 -0.399414 2.39941 -0.399414 2.59961 -0.599609 2.59961 -0.399414 -0.399414 -0.199219 -0.399414 -0.199219 -0.599609 0 -0.399414 0 -0.599609 0.199219 -0.599609 0.199219 -0.399414 0.399414 -0.399414 0.399414 -0.599609 0.599609 -0.599609 1 -13.0791 1.12402 -13.0791 1.49902 -13.0967 1.49902 -13.0791 1.87402 -13.0791 1.50293 -15.4248 1.875 -15.4795 1.875 -15.4248 2 -15.4795 2 -15.4248 2 -5.9873 2 -5.92676 1.87598 -5.9873 1.87598 -5.92676 1.50391 -5.92773 1.125 -15.4248 1.125 -15.4795 1.50293 -15.4795 1.87793 -17.7998 1.87793 -17.7715 1.5127 -17.7998 1.5127 -17.7715 1.12793 -17.7715 2 -13.1992 1.87402 -13.1992 1.69922 -13.1992 1.49805 -13.1992 1.12402 -13.1992 2 -2.5625 1.87598 -2.5625 1.70117 -2.55469 1.50586 -2.5625 1.12598 -2.5625 1.67383 0.5 1.72168 0.643555 1.86426 0.5 1.86426 0.691406 2.00781 0.643555 2.05566 0.5 2 -6.94238 1.875 -6.93848 1.7002 -6.92969 1.50098 -6.92676 1.125 -6.94238 2 -9.44824 1.88281 -9.4502 1.50781 -9.35449 1.53223 -9.45801 1.14355 -9.28906 2 -7.12109 1.875 -7.11719 1.50098 -7.10547 1.125 -7.12109 1 -7.12598 1 -6.94824 2 -2.47461 1.87598 -2.47461 1.50586 -2.47363 1.12598 -2.47461 1 -2.47461 1 -2.5625 -0.105469 -0.0595703 -0.124023 0 -0.499023 -0.0595703 -0.499023 0 -0.874023 0 11.0508 -8.47461 11.0508 -8.58691 10.6035 -8.47656 10.6035 -8.58887 10.1504 -8.58691 0.998047 2.59961 0.998047 2.39941 0.599609 2.59961 0.599609 2.39941 0.25 2 0.75 2 0.25 1.5 0.75 1.5 0.75 1 -0.799805 -0.599609 -0.799805 -0.399414 -0.599609 -0.599609 -0.599609 -0.399414 1 -5.92676 1.12598 -5.92676 1.30078 -5.93652 1.5 -7.14355 1.50098 -2.47461 -1 -0.0595703 -0.893555 -0.0595703 2 -17.7715 2 -17.7998 1 -17.7998 1.12793 -17.7998 1 -17.7715 1 -15.4795 1 -15.4248 1.50391 -5.9873 1.12598 -5.9873 1 -5.9873 1.50098 -15.4795 1.95898 -17.7715 1.04199 -17.7715 0 -0.0595703 2 -13.0791 1 -13.1992 1 -9.32715 1 -9.27441 1.14453 -9.23535 2 -9.39941 1.88281 -9.40234 10 -8.47461 10.6016 -8.47559 10.1504 -8.47461 -1 0 0 0 1.30078 -15.4199 1.5332 -9.40918 0.998047 -0.599609 0.998047 -0.399414 0.599609 -0.399414 11.1992 -8.58691 11.1992 -8.47461 10 -8.58691 -0.799805 2.59961 -0.799805 2.39941 -0.599609 2.39941 0.399414 2.59961 0.75 2.5 0.25 2.5 1.3125 -9.30371 0.25 1 0.25 0.5 1.50195 -5.9873 10.6016 -8.58789 -0.399414 -0.599609 10 -8.64355 -0.699219 2.39941 0.798828 2.39941 -0.0996094 2.39941 0.5 2.39941 0.299805 2.39941 0.0996094 2.39941 -0.0996094 -0.399414 0.299805 -0.399414 -0.699219 -0.399414 0.0996094 -0.399414 2 -6.00781 0.75 0.5 2 -15.4697 0.5 -0.399414 11.1992 -8.53711 0.798828 -0.399414</float_array>
                    <technique_common>
                        <accessor count="174" source="#ID60" stride="2">
                            <param name="S" type="float"/>
                            <param name="T" type="float"/>
                        </accessor>
                    </technique_common>
                </source>
                <vertices id="ID61">
                    <input semantic="POSITION" source="#ID55"/>
                </vertices>
                <triangles count="216" material="Material1">
                    <input offset="0" semantic="VERTEX" source="#ID61"/>
                    <input offset="1" semantic="NORMAL" source="#ID57"/>
                    <input offset="2" semantic="TEXCOORD" source="#ID59" set="0"/>
                    <p>96 2 2 94 1 1 100 0 0 94 1 1 96 2 2 95 3 3 97 4 4 95 3 3 96 2 2 95 3 3 97 4 4 99 5 5 99 5 5 98 6 6 95 3 3 98 6 6 99 5 5 92 7 7 93 8 8 92 7 7 99 5 5 92 7 7 93 8 8 91 9 9 81 12 12 80 11 11 82 10 10 80 11 11 81 12 12 78 13 13 79 14 14 78 13 13 81 12 12 78 13 13 79 14 14 77 15 15 77 15 15 76 16 16 78 13 13 76 16 16 77 15 15 74 17 17 75 18 18 74 17 17 77 15 15 74 17 17 75 18 18 73 19 19 198 22 22 174 21 21 178 20 20 174 21 21 198 22 22 175 23 23 176 24 24 175 23 23 198 22 22 120 27 27 180 26 26 123 25 25 180 26 26 120 27 27 181 28 28 132 29 29 181 28 28 120 27 27 162 32 32 164 31 31 163 30 30 164 31 31 162 32 32 165 33 33 166 34 34 165 33 33 162 32 32 123 25 25 183 36 36 119 35 35 183 36 36 123 25 25 179 37 37 180 26 26 179 37 37 123 25 25 124 40 40 188 39 39 126 38 38 188 39 39 124 40 40 184 41 41 185 42 42 184 41 41 124 40 40 200 45 45 130 44 44 138 43 43 130 44 44 200 45 45 128 46 46 129 47 47 128 46 46 200 45 45 190 50 50 145 49 49 146 48 48 145 49 49 190 50 50 144 51 51 148 52 52 144 51 51 190 50 50 43 55 55 38 54 54 36 53 53 38 54 54 43 55 55 41 56 56 35 57 57 41 56 56 43 55 55 42 60 55 29 59 57 31 58 58 29 59 57 42 60 55 27 61 56 24 62 54 27 61 56 42 60 55 193 65 61 155 64 60 156 63 59 155 64 60 193 65 61 154 66 62 158 67 63 154 66 62 193 65 61 21 70 55 16 69 54 14 68 53 16 69 54 21 70 55 19 71 56 13 72 57 19 71 56 21 70 55 197 75 66 173 74 65 172 73 64 173 74 65 197 75 66 169 76 67 170 77 68 169 76 67 197 75 66 20 80 55 7 79 57 9 78 58 7 79 57 20 80 55 5 81 56 2 82 54 5 81 56 20 80 55 155 85 60 151 84 69 156 83 59 151 84 69 155 85 60 152 86 70 153 87 71 152 86 70 155 85 60 158 67 63 149 88 72 153 87 71 149 88 72 158 67 63 150 89 73 157 90 74 150 89 73 158 67 63 145 93 49 141 92 75 146 91 48 141 92 75 145 93 49 142 94 76 143 95 77 142 94 76 145 93 49 148 52 52 139 96 78 143 95 77 139 96 78 148 52 52 140 97 79 147 98 80 140 97 79 148 52 52 128 46 46 176 24 24 130 99 44 176 24 24 128 46 46 175 23 23 174 100 21 175 23 23 128 46 46 113 103 83 108 102 82 114 101 81 108 102 82 113 103 83 110 104 84 111 105 85 110 104 84 113 103 83 46 108 88 53 107 87 45 106 86 53 107 87 46 108 88 49 109 89 50 110 90 49 109 89 46 108 88 103 113 93 104 112 92 106 111 91 104 112 92 103 113 93 102 114 94 100 0 0 102 114 94 103 113 93 26 117 97 34 116 96 28 115 95 34 116 96 26 117 97 40 118 98 39 119 99 40 118 98 26 117 97 85 122 102 86 121 101 88 120 100 86 121 101 85 122 102 84 123 103 82 10 10 84 123 103 85 122 102 4 126 97 12 125 96 6 124 95 12 125 96 4 126 97 18 127 98 17 128 99 18 127 98 4 126 97 192 131 106 167 130 105 168 129 104 167 130 105 192 131 106 166 34 34 152 86 70 191 132 107 151 84 69 191 132 107 152 86 70 153 87 71 191 132 107 149 134 72 150 133 73 149 134 72 191 132 107 153 87 71 189 137 108 139 136 78 140 135 79 139 136 78 189 137 108 143 95 77 117 140 110 118 139 83 116 138 109 118 139 83 117 140 110 113 103 83 134 142 112 188 39 39 187 141 111 188 39 39 134 142 112 126 38 38 186 145 115 125 144 114 133 143 113 125 144 114 186 145 115 185 42 42 131 147 117 183 36 36 182 146 116 183 36 36 131 147 117 119 35 35 161 148 118 166 34 34 162 32 32 166 34 34 161 148 118 160 149 119 160 149 119 167 130 105 166 34 34 167 130 105 160 149 119 159 150 120 183 153 36 201 152 121 182 151 116 201 152 121 183 153 36 179 37 37 154 154 62 153 87 71 155 85 60 153 87 71 154 154 62 158 67 63 188 156 39 204 156 122 187 155 111 204 156 122 188 156 39 184 157 41 203 158 123 185 42 42 186 145 115 185 42 42 203 158 123 184 41 41 144 51 51 143 95 77 145 93 49 143 95 77 144 51 51 148 52 52 114 101 81 118 139 83 113 103 83 118 139 83 114 101 81 115 159 124 138 161 43 176 24 24 177 160 125 176 24 24 138 161 43 130 99 44 178 163 20 129 47 47 137 162 126 129 47 47 178 163 20 174 100 21 136 166 128 170 165 68 171 164 127 170 165 68 136 166 128 122 167 129 172 73 64 121 169 131 135 168 130 121 169 131 172 73 64 173 74 65 44 172 134 56 171 133 47 170 132 56 171 133 44 172 134 46 108 88 112 173 135 117 140 110 116 138 109 117 140 110 112 173 135 111 105 85 115 159 124 108 102 82 109 174 136 108 102 82 115 159 124 114 101 81 120 177 27 199 176 137 132 175 29 199 176 137 120 177 27 123 25 25 122 167 129 169 76 67 170 165 68 169 76 67 122 167 129 127 178 138 127 178 138 173 74 65 169 76 67 173 74 65 127 178 138 121 169 131 87 180 140 73 19 19 89 179 139 73 19 19 87 180 140 72 181 141 48 183 143 53 107 87 52 182 142 53 107 87 48 183 143 45 106 86 199 176 137 119 35 35 131 147 117 119 35 35 199 176 137 123 25 25 51 184 144 44 172 134 47 170 132 44 172 134 51 184 144 50 110 90 105 186 146 91 9 9 107 185 145 91 9 9 105 186 146 90 187 147 142 94 76 189 137 108 141 92 75 189 137 108 142 94 76 143 95 77 101 188 148 100 0 0 103 113 93 100 0 0 101 188 148 96 2 2 30 190 150 34 116 96 32 189 149 34 116 96 30 190 150 28 115 95 196 191 151 122 167 129 136 166 128 122 167 129 196 191 151 127 178 138 25 192 152 39 119 99 26 117 97 39 119 99 25 192 152 23 193 153 82 10 10 65 195 10 84 194 103 65 195 10 82 10 10 80 11 11 160 198 119 194 197 154 159 196 120 194 197 154 160 198 119 161 148 118 53 107 87 54 199 155 52 182 142 54 199 155 53 107 87 49 200 89 83 201 156 82 10 10 85 122 102 82 10 10 83 201 156 81 12 12 121 203 131 196 191 151 135 202 130 196 191 151 121 203 131 127 178 138 92 7 7 58 205 7 98 204 6 58 205 7 92 7 7 90 187 147 8 207 150 12 125 96 10 206 149 12 125 96 8 207 150 6 124 95 165 209 33 192 131 106 164 208 31 192 131 106 165 209 33 166 34 34 3 210 152 17 128 99 4 126 97 17 128 99 3 210 152 1 211 153 50 212 90 51 212 144 55 212 157 49 200 89 50 213 90 54 199 155 35 57 57 43 55 55 33 214 58 24 62 54 42 60 55 22 215 53 13 72 57 21 70 55 11 216 58 2 82 54 20 80 55 0 217 53 64 218 158 90 187 147 105 186 146 63 219 159 104 112 92 102 114 94 62 220 160 95 220 3 98 220 6 61 221 161 102 221 94 100 221 0 60 222 162 100 222 0 94 222 1 59 223 163 94 223 1 95 223 3 174 100 21 128 46 46 129 47 47 70 224 164 80 11 11 78 13 13 69 225 165 76 16 16 74 17 17 68 226 166 86 226 101 84 226 103 67 227 167 78 13 13 76 16 16 50 110 90 46 108 88 44 172 134 179 37 37 180 26 26 201 152 121 137 162 126 129 47 47 200 45 45 177 160 125 176 24 24 198 22 22 185 42 42 124 40 40 125 144 114 171 228 127 170 77 68 197 75 66 162 32 32 163 30 30 195 229 168 39 119 99 23 193 153 37 230 169 161 148 118 162 32 32 194 197 154 157 90 74 158 67 63 193 65 61 147 98 80 148 52 52 190 50 50 180 26 26 181 28 28 202 231 170 167 130 105 159 150 120 168 129 104 66 232 171 74 232 17 72 232 141 113 103 83 117 140 110 111 105 85 91 9 9 90 187 147 92 7 7 45 233 86 48 233 143 57 233 172 46 108 88 45 234 86 56 171 133 71 235 173 72 235 141 87 235 140 17 128 99 1 211 153 15 236 169 73 19 19 72 181 141 74 17 17</p>
                </triangles>
            </mesh>
        </geometry>
        <geometry id="ID63">
            <mesh>
                <source id="ID64">
                    <float_array id="ID65" count="60">1858.53 775 -2681.29 1708.47 775 -2811.74 1538.08 775 -2709.36 1582.61 775 -2515.68 1780.68 775 -2498.09 1679.78 775 -2512.88 1563.4 775 -2613.99 1623.65 775 -2756.15 1777.45 775 -2742.74 1812.12 775 -2592.15 1767.72 775 -2520.05 1688.82 775 -2580.73 1599.28 775 -2534.83 1633.54 775 -2628.5 1561.42 775 -2699.44 1662.21 775 -2695.85 1706.29 775 -2786.52 1734.95 775 -2689.34 1833.78 775 -2675.66 1751.2 775 -2618.18</float_array>
                    <technique_common>
                        <accessor count="20" source="#ID65" stride="3">
                            <param name="X" type="float"/>
                            <param name="Y" type="float"/>
                            <param name="Z" type="float"/>
                        </accessor>
                    </technique_common>
                </source>
                <source id="ID66">
                    <float_array id="ID67" count="3">0 1 -0</float_array>
                    <technique_common>
                        <accessor count="1" source="#ID67" stride="3">
                            <param name="X" type="float"/>
                            <param name="Y" type="float"/>
                            <param name="Z" type="float"/>
                        </accessor>
                    </technique_common>
                </source>
                <source id="ID68">
                    <float_array id="ID69" count="40">0.648438 0.611328 0.992188 0.5 0.919922 0.5 0.648438 0.389648 0.625977 0.40625 0.625 0.0957031 0.446289 0.347656 0.438477 0.321289 0.149414 0.25 0.0917969 0.208008 0.308594 0.5 0.334961 0.5 0.149414 0.750977 0.446289 0.65332 0.438477 0.679688 0.625 0.905273 0.647461 0.973633 0.625977 0.594727 0.647461 0.0273438 0.0917969 0.792969</float_array>
                    <technique_common>
                        <accessor count="20" source="#ID69" stride="2">
                            <param name="S" type="float"/>
                            <param name="T" type="float"/>
                        </accessor>
                    </technique_common>
                </source>
                <vertices id="ID70">
                    <input semantic="POSITION" source="#ID64"/>
                </vertices>
                <triangles count="28" material="Material1">
                    <input offset="0" semantic="VERTEX" source="#ID70"/>
                    <input offset="1" semantic="NORMAL" source="#ID66"/>
                    <input offset="2" semantic="TEXCOORD" source="#ID68" set="0"/>
                    <p>10 0 2 4 0 1 9 0 0 4 0 1 10 0 2 5 0 3 11 0 4 5 0 3 10 0 2 5 0 3 11 0 4 12 0 5 13 0 6 12 0 5 11 0 4 12 0 5 13 0 6 6 0 7 14 0 8 6 0 7 13 0 6 6 0 7 14 0 8 2 0 9 7 0 10 2 0 9 14 0 8 15 0 11 7 0 10 14 0 8 7 0 10 15 0 11 16 0 12 17 0 13 16 0 12 15 0 11 16 0 12 17 0 13 8 0 14 18 0 15 8 0 14 17 0 13 8 0 14 18 0 15 0 0 16 9 0 0 0 0 16 18 0 15 13 0 6 15 0 11 14 0 8 15 0 11 13 0 6 17 0 13 11 0 4 17 0 13 13 0 6 17 0 13 11 0 4 19 0 17 10 0 2 19 0 17 11 0 4 19 0 17 10 0 2 9 0 0 3 0 18 12 0 5 6 0 7 12 0 5 3 0 18 5 0 3 1 0 19 16 0 12 8 0 14 16 0 12 1 0 19 7 0 10 18 0 15 19 0 17 9 0 0 19 0 17 18 0 15 17 0 13</p>
                </triangles>
            </mesh>
        </geometry>
        <geometry id="ID72">
            <mesh>
                <source id="ID73">
                    <float_array id="ID74" count="984">267.227 662.75 -3283.26 267.227 662.75 -3283.26 260.506 699.5 -3253.4 260.506 699.5 -3253.4 206.198 719 -3241.96 206.198 719 -3241.96 232.817 719.5 -3238.85 232.817 719.5 -3238.85 248.111 719.5 -3258.36 248.111 719.5 -3258.36 250.328 719.5 -3283.03 250.328 719.5 -3283.03 228.644 719 -3299.09 228.644 719 -3299.09 175.911 719.75 -3253.92 175.911 719.75 -3253.92 198.516 719.75 -3310.27 198.516 719.75 -3310.27 263.139 662.75 -3218.83 263.139 662.75 -3218.83 265.561 686.5 -3225.14 265.561 686.5 -3225.14 274.425 693.25 -3247.29 274.425 693.25 -3247.29 283.414 686.5 -3269.22 283.414 686.5 -3269.22 286.052 663 -3275.65 286.052 663 -3275.65 -602.917 822.75 -3493.93 -605.826 815.5 -3471.47 -1166.34 822.75 -3505.83 -1161.31 815.5 -3483.62 -606.757 792.75 -3464.58 -1159.58 792.75 -3477.11 -598.737 792.75 -3523.19 -1172.89 792.75 -3534.67 -1450.64 792.75 -3480.26 -599.884 815.75 -3516.18 -1171.24 815.75 -3527.82 -1440.91 823.25 -3452.39 -1434.08 816.5 -3430.07 -1448.26 816.5 -3474.13 -1432 792.75 -3423.47 -1739.13 822.75 -3391.94 -1730.39 815.5 -3371.3 -1456.94 816.5 -3424.66 -1464.33 823.25 -3446.96 -2332.16 820.25 -3163.6 -2318.53 814.75 -3145.49 -1727.66 792.75 -3365.08 -1454.65 792.75 -3418.19 -2314.41 792.75 -3140.36 -1750.48 792.75 -3418.59 -2349.58 787.75 -3188.77 -2647.13 792.75 -3033.15 -1472.33 816.5 -3468.32 -1747.62 815.75 -3412.15 -2345.3 811.75 -3182.87 -2628.35 823.25 -3007.62 -2612.31 816.5 -2990.33 -2642.52 816.5 -3027.16 -1474.71 792.75 -3474.45 -2607.79 792.75 -2986.01 -3741.63 823.25 -2037.86 -3722.74 816.5 -2023.64 -2941.02 822.75 -2840.68 -2927.06 815.75 -2824.5 -2634.27 816.5 -2977.36 -2650.28 823.25 -2994.1 -3422.81 814.5 -2434.66 -3437.48 820.25 -2449.57 -3717.24 792.75 -2019.61 -3458.88 787.75 -2470.13 -2923.23 792.75 -2820.36 -2630.12 792.75 -2973.69 -3418.3 792.75 -2430.34 -2962 792.75 -2865.52 -3453.86 811.75 -2464.94 -3760.05 816.5 -2051.76 -2664.6 816.5 -3014.41 -2956.7 815.75 -2859.34 -3765.34 792.75 -2055.92 -2669.47 792.75 -3020.84 -4179.71 822.75 -1291.61 -4160.8 815.25 -1278.86 -3751.3 823.25 -2023.61 -3732.63 816.5 -2009.28 -4411.17 823.25 -556.977 -4389.05 819.5 -554.16 -4155.3 792.75 -1274.82 -4204.91 792.75 -1310.26 -3727.22 792.75 -2004.9 -3774.79 792.75 -2041.8 -4381.94 792.75 -553.354 -4438.72 792.75 -560.701 -4199.03 816 -1305.57 -3769.51 816.5 -2037.64 -4432.73 816.5 -559.828 -4477.36 792.75 77.9142 -4421.33 815.25 76.4571 -4445.83 822.75 77.0306 -4469.98 815.75 77.6955 -4414.17 792.75 76.3635 -4389.82 819.25 -538.993 -4411.69 823.25 -541.378 -4382.59 792.75 -537.971 -4438.54 792.75 -546.375 -4432.51 816.5 -544.945 -4378.92 823.25 831.959 -4355.97 816.5 826.214 -4401.97 816.5 838.045 -4408.69 792.75 839.904 -4349.25 792.75 824.354 -4086.57 446.75 1750.89 -4149.79 509.5 1576.37 -4064.47 439.75 1742.17 -4128.27 502.25 1569.14 -4206.06 602.25 1418.91 -4184.04 594.5 1412.55 -4354.24 816.5 845.711 -4377.13 823.25 850.556 -4314.39 816.75 1112.24 -4291.62 809.5 1107.18 -4057.46 415.75 1741.3 -4120.64 478.75 1569.36 -4175.9 478.75 1591.15 -4112.98 415.75 1766.14 -4342.69 785 1122.23 -4288.05 662.75 1276.88 -4230.91 663 1260.34 -4284.52 786.25 1107.99 -4176.34 571 1413.88 -4232.54 571 1433.04 -4347.49 792.75 844.409 -4170.62 502 1585.8 -4107.67 439.75 1761.34 -4336.63 808.75 1118.73 -4282.9 686.75 1271.3 -4261.07 694.5 1263.61 -4238.64 686.75 1258.46 -4227.38 594.5 1427.47 -4400.34 816.5 855.868 -4407.09 792.75 857.169 -3515.28 446.75 2285.94 -3691.56 446.75 2252.6 -3518.14 439.5 2264.49 -3679.49 439.5 2233.51 -3833.87 446.75 2152.61 -3959.01 446 1985.84 -3815.07 439.5 2139.16 -3939.72 439 1973.26 -3379 446.75 2257.49 -3390.71 439.25 2237.69 -4058.02 440.5 1756.34 -4079.87 447.25 1765.5 -3364.28 416.75 2282.48 -3255.25 416.75 2191.82 -3518.97 416.75 2258.04 -3675.58 416.75 2227.79 -3706.4 416.75 2275.9 -3511.82 416.75 2311.94 -3809.39 416.75 2135.01 -3933.78 416.25 1969.54 -3983.81 416.25 2001.89 -3857.7 416.75 2169.83 -3394.09 416.75 2231.85 -4051.67 416.75 1753.84 -4107.38 416.75 1777.34 -3273 447.25 2168.58 -3287.81 440.5 2149.42 -3259.15 440.5 2186.57 -3367.91 440 2276.2 -3702.83 440.25 2270.08 -3512.65 440.25 2305.49 -3978 439.25 1997.95 -3852.01 440 2165.68 -4101.16 440.5 1774.61 -3292.18 416.75 2143.86 517.736 692.75 -3145.85 985.723 692.75 -2837.24 508.464 685.5 -3124.91 969.079 685.5 -2821.56 505.484 662.75 -3118.57 962.833 662.75 -2817.38 1006.25 662.75 -2859.19 529.646 662.75 -3173.22 1060.78 718 -2736.23 1001.78 686 -2853.43 526.916 686 -3166.45 1067.06 741.75 -2739.85 1084.57 748.75 -2756.03 1100.99 742 -2773.59 1104.65 718 -2779.74 1342.64 738.25 -2752.02 1373.53 738.25 -2765.52 1471.47 702.25 -2594.88 1512.14 702.25 -2596.42 1479.04 702.25 -2627.25 1510.69 702.25 -2629.94 1441.04 738.25 -2639.09 1441.04 738.25 -2639.09 1441.04 738.25 -2639.09 1461.95 738.25 -2628.36 1461.95 738.25 -2628.36 1461.95 738.25 -2628.36 1480.69 738.25 -2625.9 1512.9 738.25 -2628.61 1416.01 738.25 -2617.42 1416.01 738.25 -2617.42 1416.01 738.25 -2617.42 1445.64 738.25 -2599.6 1445.64 738.25 -2599.6 1445.64 738.25 -2599.6 1473.11 738.25 -2593.52 1514.57 738.25 -2595.22 1358.02 745.5 -2758.88 1378.88 720.25 -2767.75 1337.5 720.25 -2749.92 1416.74 720.25 -2683.66 1411.39 738.25 -2681.44 1432.71 720.25 -2656.51 1427.64 738.25 -2653.29 1445.27 720.25 -2643.26 1445.27 720.25 -2643.26 1464.19 720.25 -2633.98 1464.19 720.25 -2633.98 1481.32 720.25 -2632.32 1511.51 720.25 -2635.02 1395.79 745.5 -2674.45 36.888 756.5 -3312.22 36.888 756.5 -3312.22 1380.75 738.25 -2667.5 53.2561 756.5 -3362.38 53.2561 756.5 -3362.38 1412.61 745.5 -2644.32 -28.1828 818.5 -3336.43 1398.88 738.25 -2636.11 28.0559 811.75 -3325.02 1427.85 745.5 -2627.43 38.5491 811.75 -3357.35 1453.37 745.5 -2612.72 -13.529 818.5 -3381.55 1477.02 745.5 -2608.76 5.51212 718.75 -3318.07 1514.06 745.5 -2611.1 37.9304 718 -3307.92 37.9304 718 -3307.92 1375.86 720.25 -2664.97 5.51212 758.75 -3318.07 1394.33 720.25 -2633.48 15.5231 825.75 -3347.23 1411.84 720.25 -2614.15 1411.84 720.25 -2614.15 8.15046 818.75 -3324.5 1442.62 720.25 -2595.84 1442.62 720.25 -2595.84 39.8703 818.75 -3339.06 1471.15 720.25 -2588.92 1471.15 720.25 -2588.92 23.0208 818.75 -3369.75 1513.63 720.25 -2590.35 1513.63 720.25 -2590.35 -20.8101 823.5 -3359.16 -172.265 792.75 -3438 24.6346 718.75 -3376.45 -174.221 816.5 -3431.39 24.6346 758.75 -3376.45 -180.602 823.25 -3408.94 56.7784 718 -3365.27 56.7784 718 -3365.27 -186.984 816.25 -3386.49 51.9814 763.75 -3335.08 51.9814 763.75 -3335.08 -188.939 792.75 -3379.88 5.51212 792.75 -3318.07 5.51212 792.75 -3318.07 32.7141 793.5 -3316.45 32.7141 793.5 -3316.45 46.6089 793 -3336.89 46.6089 793 -3336.89 47.493 793.5 -3361.36 47.493 793.5 -3361.36 24.6346 792.75 -3376.45 24.6346 792.75 -3376.45 -30.2631 792.75 -3330.04 -11.2321 792.75 -3388.08 -68.4289 792.75 -3342.64 -68.4289 792.75 -3342.64 -66.3486 816.5 -3349.04 -66.3486 816.5 -3349.04 -58.8509 823.5 -3371.55 -58.8509 823.5 -3371.55 -51.3532 816.75 -3394.07 -51.3532 816.75 -3394.07 -49.2729 792.75 -3400.47 -49.2729 792.75 -3400.47 57.28 719.75 -3300.9 57.28 719.75 -3300.9 59.9183 743.5 -3307.33 59.9183 743.5 -3307.33 68.4405 750.25 -3329.57 68.4405 750.25 -3329.57 76.9627 743.5 -3351.81 76.9627 743.5 -3351.81 79.3845 719.75 -3358.12 79.3845 719.75 -3358.12 244.013 692.25 -3231.46 244.013 692.25 -3231.46 263.58 692.25 -3280.57 263.58 692.25 -3280.57 178.549 743.5 -3260.35 178.549 743.5 -3260.35 229.15 738.25 -3247.71 241.601 738.25 -3279.14 196.094 743.5 -3303.97 196.094 743.5 -3303.97 207.655 662.75 -3241.94 245.055 662.75 -3227.16 245.055 662.75 -3227.16 206.972 694.5 -3242.12 217.825 750.75 -3270.32 209.177 743.5 -3248.3 241.806 745.25 -3260.79 226.688 743.5 -3292.47 187.322 750.25 -3282.16 187.322 750.25 -3282.16 229.827 662.75 -3298.04 229.144 694.5 -3298.22</float_array>
                    <technique_common>
                        <accessor count="328" source="#ID74" stride="3">
                            <param name="X" type="float"/>
                            <param name="Y" type="float"/>
                            <param name="Z" type="float"/>
                        </accessor>
                    </technique_common>
                </source>
                <source id="ID75">
                    <float_array id="ID76" count="975">-0.0203094 0.137656 -0.990272 -0.0602431 0.686715 -0.724426 0.0163814 0.687908 -0.725614 -0.00873806 0.999727 0.0216507 0.0958716 0.924434 -0.369095 -0.0151754 0.999592 0.0241772 0.21641 0.924261 -0.314496 -0.0148168 0.999767 0.0157063 0.588094 0.680664 -0.436855 -0.0132683 0.999867 0.00950928 -0.00804728 0.999958 0.00433096 -0.607958 0.657486 0.445082 -0.669296 0.6662 0.328969 -0.843582 0.288421 0.452971 -0.871402 0.293312 0.393225 -0.842341 0.273893 0.46416 -0.718751 0.569493 0.398842 -0.816575 0.285967 0.501426 -0.586083 0.70975 0.390847 -0.701507 0.288532 0.651642 -0.477978 0.706936 0.521324 -0.434372 0.277 0.857084 -0.250911 0.699191 0.669459 -0.0555072 0.264638 0.962749 0.0279269 0.693965 0.719467 0.338622 0.288281 0.895673 0.330911 0.707322 0.624655 0.611875 0.279567 0.7399 0.366982 0.815013 0.448417 -0.626401 0.285072 -0.725504 -0.537532 0.573443 -0.618241 -0.49633 0.288112 -0.818931 -0.251596 0.758334 -0.601356 -0.0717587 0.274414 -0.95893 0.0430881 0.691803 -0.720799 0.308702 0.27909 -0.909292 0.321707 0.700877 -0.636613 0.625246 0.292287 -0.723627 0.516213 0.706443 -0.484214 0.790422 0.294849 -0.536933 0.664065 0.626878 -0.407482 0.842105 0.284039 -0.458455 0.504237 0.820254 -0.270054 -0.0865673 0.994817 0.0533501 0.0382817 0.999052 -0.0207417 0.00237359 0.999985 -0.00503488 0.00141606 0.999995 -0.00288497 -0.00034202 0.999991 -0.00414455 0.0337347 0.998538 0.0422438 -0.0713855 0.994626 -0.0749943 -0.30178 0.272518 0.913599 -0.236236 0.713435 0.659699 -0.306798 0.258944 0.915873 -0.235056 0.723995 0.648521 -0.0385962 0.689676 0.723089 -0.026786 0.999605 -0.00853871 0.0988154 0.994605 0.0315522 0.401106 0.688523 -0.604194 0.669876 0.70976 0.217962 0.722475 0.568928 -0.392875 0.815483 0.385349 -0.431848 0.416934 0.251157 -0.873548 0.296045 0.261011 -0.91882 -0.185468 0.262959 -0.946813 -0.11638 0.281094 -0.952597 -0.134653 0.702285 -0.699046 -0.0429402 0.626348 -0.77836 -0.00715956 0.999217 -0.038923 0.0611171 0.819701 -0.569521 -0.0131271 0.997995 0.0619115 0.00569568 0.999183 -0.0400165 -0.15449 0.774976 0.612817 -0.211136 0.704095 0.677991 -0.237892 0.281908 0.929481 -0.284045 0.272493 0.919275 0.935814 0.278014 -0.216702 0.945116 0.287006 -0.156149 0.694744 0.703846 -0.148093 0.740739 0.670446 0.0425119 0.082801 0.942173 0.324737 0.707635 0.669928 0.22461 0.156268 0.835602 0.52664 0.15747 0.873613 0.460438 -0.449877 0.6541 0.608083 -0.601426 0.576356 0.553264 -0.833777 0.291949 0.468596 -0.842004 0.294262 0.452149 -0.966704 0.248736 -0.0601173 -0.711665 0.701244 -0.0422923 -0.958495 0.28479 0.0134938 -0.69643 0.717552 0.0102032 -0.6992 0.712221 0.062127 -0.0554088 0.998459 0.0031584 0.101278 0.99481 -0.00983043 0.705487 0.708718 -0.00270715 0.814873 0.575189 -0.0716889 0.95474 0.294845 -0.0392218 0.957167 0.27736 -0.0830767 0.248992 0.706174 -0.662813 0.417616 0.68849 -0.592941 -0.00833008 0.999962 -0.0026868 0.0900334 0.995253 0.036939 -0.0958027 0.688625 0.718761 0.637645 0.727173 0.254221 0.272578 0.576361 0.770396 0.3378 0.376843 0.862485 -0.233703 0.270097 0.93404 -0.349364 0.27756 0.894933 0.371953 0.283624 -0.88386 0.450395 0.295065 -0.842663 0.273856 0.711256 -0.647393 0.299888 0.781773 -0.546716 -0.000540364 0.999986 0.00517648 -0.152356 0.978325 -0.140245 -0.351748 0.703555 0.617482 -0.535006 0.703641 0.467608 -0.619813 0.296838 0.726443 -0.657263 0.680584 0.323744 -0.701771 0.285165 0.652839 0.922789 0.253814 0.289896 0.773775 0.586007 0.240557 0.878832 0.276 0.389204 0.566756 0.786634 0.244937 0.613376 0.70281 0.360317 0.0645953 0.997259 0.0360905 -0.0837332 0.99531 -0.0484503 -0.647635 0.706134 -0.286258 -0.614395 0.70208 -0.360004 -0.825852 0.287711 -0.484964 0.944857 0.298651 -0.134357 0.813595 0.578821 0.0550388 0.940709 0.300792 -0.156814 0.749362 0.658848 0.0661519 0.932411 0.294235 -0.209847 0.733775 0.678957 -0.0243384 0.929761 0.279999 -0.23905 -0.444628 0.317772 -0.837453 -0.323804 0.725166 -0.607689 -0.520685 0.317371 -0.792567 -0.348808 0.78325 -0.514639 -0.502169 0.69859 -0.509705 -0.0192248 0.999684 -0.0162104 -0.0154749 0.999684 -0.0198254 0.528433 0.711813 0.462689 0.572352 0.707698 0.414219 0.777297 0.275094 0.565803 -0.438257 0.299146 -0.84761 -0.408772 0.289876 -0.865377 -0.323373 0.700856 -0.635791 -0.313763 0.608933 -0.728528 -0.029802 0.997384 -0.0658576 -0.189196 0.766276 -0.614024 -0.00315727 0.999995 0.000940732 -0.143771 0.698518 -0.701001 -0.0026256 0.999989 -0.00402681 0.916269 0.265107 0.300282 0.398283 0.385538 0.832305 0.346118 0.571419 0.744098 0.185578 0.277964 0.942495 0.160244 0.569081 0.806516 0.0826018 0.282785 0.95562 0.0621515 0.773944 0.630196 -0.0806617 0.644011 0.760752 0.452923 0.212804 0.86578 0.503184 0.227665 0.833651 0.340571 0.675887 0.653597 0.410091 0.689052 0.597522 0.00658626 0.999845 0.0163471 -0.817874 0.287858 0.498216 -0.731796 0.534654 0.422633 -0.559391 0.813774 0.157651 0.0074532 0.999707 0.0230446 0.451772 0.242122 0.85865 0.389603 0.556778 0.733626 0.397813 0.271347 0.876422 0.25961 0.790111 0.555272 0.212935 0.704692 0.676807 0.137702 0.92661 0.349903 0.127019 0.947158 0.294546 0.0324534 0.259577 0.965177 -0.0920362 0.25264 0.963173 0.0320914 0.639063 0.768485 -0.0669416 0.642292 0.763531 -0.129383 0.903065 0.409554 0.460171 0.265426 -0.847226 0.838302 0.375076 -0.395686 0.728244 0.576232 -0.370968 0.899242 0.253719 0.356357 -0.364811 0.12183 0.923077 -0.321655 0.060892 0.944897 -0.073839 0.199174 0.977178 -0.220322 0.0466067 0.974313 0.271153 0.326212 0.905572 -0.115746 -0.0100826 0.993228 -0.295317 0.0982853 0.95033 -0.239942 0.0492865 0.969535 0.0416285 0.0987761 0.994239 -0.139853 0.030808 0.989693 0.402838 0.126146 0.906537 -0.0593105 -0 0.99824 0.281066 0.269839 -0.920972 0.205056 0.706581 -0.677271 0.249519 0.275777 -0.928271 0.177935 0.628719 -0.757001 0.103617 0.288362 -0.951899 0.758186 0.315565 -0.57059 0.837831 0.309387 -0.449798 0.663133 0.674006 -0.325531 0.867936 0.306515 -0.390815 0.674475 0.672939 -0.303704 0.499588 0.285985 -0.817694 0.21239 0.658061 -0.722389 0.505401 0.293874 -0.8113 0.358073 0.612558 -0.704668 -0.430231 0.790236 0.436381 -0.547018 0.658056 0.51743 0.298207 0.269881 -0.915553 0.202868 0.715458 -0.668554 0.196465 0.725387 -0.659708 -0.717766 0.283171 -0.636102 -0.65861 0.567363 -0.4943 -0.771872 0.272593 -0.574375 -0.0654972 0.997849 -0.00280862 0.545272 0.837667 0.0315076 0.662895 0.26375 0.700718 -0.268979 0.705825 0.655333 0.00208068 0.999998 -6.16653e-005 0.00507185 0.999904 0.0128707 0.0221704 0.994677 0.100631 0.358487 0.273524 -0.892565 0.358487 0.273524 -0.892565 0.263478 0.706801 -0.656515 0.26388 0.706191 -0.65701 0.000321845 1 0.000130025 -0.259704 0.708886 0.65577 -0.259654 0.709496 0.65513 -4.53028e-007 1 1.13064e-006 0.237157 0.280954 0.929958 0.135312 0.699949 0.701258 0.183616 0.274858 0.943789 -0.0815469 -0.260388 -0.962054 -0.0838045 -0.263919 -0.960897 -0.0892487 0.038169 -0.995278 -0.707079 0.281852 0.648536 -0.709928 0.278018 0.647076 -0.774202 0.278441 0.568403 0.595329 -0.0162449 -0.803318 0.506181 0.044437 -0.861281 0.818655 0.323276 -0.474655 0.614723 0.201404 -0.762596 0.79877 0.511359 0.316982 -0.402221 0.273024 0.873886 -0.326574 0.203538 0.922996 -0.0822589 0.645746 0.759108 -0.070103 0.607458 0.791252 0.309965 0.942659 0.123755 0.046575 0.996342 0.0716437 -0.0228387 0.999698 -0.00908203 -0.00267646 0.999996 0.00126163 0.551014 0 -0.834496 0.480483 0.0313683 -0.876443 0.863262 0.125259 -0.488967 0.626173 0.0990088 -0.773372 0.935558 0.176535 0.305888 -0.349488 0.280849 0.893858 -0.25173 0.195316 0.947884 0.0991619 0.572046 0.814206 0.11539 0.522285 0.844928 0.526044 0.829327 0.188396 -0.367732 0.27347 0.888812 -0.420716 0.287388 0.860468 -0.872727 0.298631 -0.386222 -0.919918 0.266413 -0.287706 -0.694151 0.686027 -0.217996 -0.932373 0.275262 0.234333 -0.882706 0.280826 0.376785 0.364481 0.128935 -0.922241 0.411674 0.0670188 -0.908864 0.32883 0.100799 -0.938994 0.386253 0.0505546 -0.921006 0.0918659 0.307289 -0.947172 0.107222 0.322346 -0.94053 -0.866111 0.282887 0.4121 -0.00329071 0.999986 0.00402965 -0.25263 0.902966 0.347607 0.432829 0.317392 -0.843754 0.426634 0.307497 -0.850546 0.420362 0.297545 -0.857183 0.356028 0.283624 -0.890394 0.491523 0.643824 -0.586426 0.441984 0.213695 -0.871197 0.52027 0.605654 -0.602082 0.0360304 -0.313323 0.948963 0.0339245 -0.317563 0.94763 0.0318178 -0.321796 0.946274 -0.218704 0.249711 0.943299 -0.22886 0.235987 0.944422 -0.498156 0.256882 0.828162 -0.49561 0.260951 0.828417 -0.493053 0.265014 0.828653 0.690845 0.313421 -0.651537 0.690316 0.312287 -0.652642 -0.67832 0.668073 0.305877 0.773218 0.555274 0.306275 -0.2896 0.915613 -0.278899 0.352617 0.924817 0.142739 -0.353384 0.280866 0.89232 -0.353385 0.280861 0.892321 -0.186808 0.253686 0.949077 0.001155 0.999831 0.0183304 0.271108 0.272722 -0.923105 0.559224 0.583709 -0.588687 0.365114 0.191905 -0.910969 0.571002 0.536166 -0.621678 0.95758 0.2838 0.0499874 -0.00150506 0.999988 0.00462074 -0.269316 0.281894 -0.920872 0.932939 0.190232 0.305674 -0.19152 0.263235 -0.94553 0.574052 0.789093 0.218625 0.339623 0.271905 -0.900402 -0.106247 0.292125 0.95046 -0.258249 0.708882 0.656349 0.828521 0.278481 0.485799 -0.956843 0.277515 0.0862342</float_array>
                    <technique_common>
                        <accessor count="325" source="#ID76" stride="3">
                            <param name="X" type="float"/>
                            <param name="Y" type="float"/>
                            <param name="Z" type="float"/>
                        </accessor>
                    </technique_common>
                </source>
                <source id="ID77">
                    <float_array id="ID78" count="576">0 0 -0.199219 -0.399414 -0.199219 0 -0.399414 0 -0.199219 0.300781 -0.399414 0.300781 -0.199219 0.700195 -0.399414 0.700195 -0.199219 1 -0.399414 1 -0.399414 1.39941 -0.599609 1 -0.599609 1.39941 -0.799805 1.39941 -0.799805 2.39941 2 -15.4795 1.875 -15.4795 2 -15.9746 1.875 -15.9746 2 -16.3994 1.87695 -16.3994 2 -16.7998 1.87891 -16.7998 2 -17.1992 1.87988 -17.1992 2 -17.5996 1.87793 -17.5996 2 -17.7715 1.87793 -17.7715 1 -17.7715 1.12793 -17.7715 1 -17.5996 1.12793 -17.5996 1 -17.1992 1.12988 -17.1992 1 -16.7998 1.12891 -16.7998 1 -16.3994 1.12695 -16.3994 1 -15.9746 1.125 -15.9746 1 -15.4795 1.125 -15.4795 1.50293 -15.4795 1.50293 -15.9746 1.50879 -16.3994 1.51855 -16.7988 1.52051 -17.1992 1.5127 -17.5996 1.5127 -17.7715 -0.00195313 5.24902 0.12207 5.24902 -0.00195313 5.41504 0.12207 5.41504 0.12207 5.58203 0.49707 5.41504 0.49707 5.58203 0.87207 5.58203 0.49707 5.70703 0.775391 5.6748 0.87207 5.70703 0.99707 5.58203 0.99707 5.41504 2 -2.47461 2 -2 1.87598 -2.47461 1.87598 -1.99902 1.50391 -1.99902 1.87598 -1 1.50391 -1 1.50684 -0.629883 1.12598 -0.629883 1.12695 -0.519531 1 -0.629883 1 -0.519531 1 -13.1992 1 -13.7998 1.12402 -13.1992 1.125 -13.7998 1.50098 -13.7998 1.125 -14.1992 1.5 -14.1992 1.50098 -14.5996 1.875 -14.1992 1.875 -14.5996 2 -14.5996 2 -15 2 -9.44824 1.88281 -9.4502 2 -11.0244 1.875 -11.0244 1.87402 -13.0791 1.50195 -11.0244 1.49902 -13.0791 1.125 -11.0244 1.12402 -13.0791 1 -11.0244 1 -13.0791 0.87207 5.41504 0.219727 5.6748 0.12207 5.70703 -0.00195313 5.58203 0 -2.54688 0 -1.89941 -0.124023 -2.54688 -0.124023 -1.89941 -0.496094 -1.89941 -0.5 -0.399414 -0.874023 -1.89941 -1 -0.399414 -0.893555 -0.0595703 -1 -0.0595703 1 -9.27441 1.14453 -9.23535 1 -7.97461 1.12402 -7.97168 1.12598 -5.9873 1.49707 -7.96289 1.50391 -5.9873 1.87402 -7.95313 1.87598 -5.9873 2 -5.9873 1 -14.1992 1.125 -14.5996 1 -14.5996 1.125 -15 1 -15 1.125 -15.4248 1 -15.4248 2 -6.94238 1.875 -6.93848 2 -4.8877 1.875 -4.88574 1.875 -4.99902 1.50195 -4.99902 1.50391 -5.92773 1.125 -4.99902 1.12598 -5.92676 1 -5.92676 2 -7.12109 2 -8.45117 1.875 -7.11719 1.875 -8.45117 1.50098 -8.45215 1.875 -3.7627 1.50293 -3.76367 1.87598 -2.5625 1.50586 -2.5625 0.49707 5.74902 1 -2.47461 1.12598 -2.47461 1 -2 1.12598 -1.99902 1.12598 -1 1 -6.94824 1 -4.88867 1.125 -6.94238 1.125 -4.88672 1.50098 -4.88184 2 -14.1992 1.875 -13.7998 1.87402 -13.1992 1.49805 -13.1992 1 -7.12598 1.125 -7.12109 1 -8.45996 1.125 -8.45801 1.125 -3.76367 1.50098 -15 1.50293 -15.4248 -0.799805 -0.399414 -0.799805 0 -0.599609 -0.399414 -0.599609 0 -0.599609 0.300781 0 4.04395 0.0791016 4.16895 0 4.16895 0.125 4.29395 0 4.29395 2 -0.519531 1.87695 -0.519531 2 -0.629883 1.87598 -0.629883 2 -1 0 1 0 1.39941 -0.199219 1.39941 0 2.39941 -0.199219 2.39941 0 -0.0595703 -0.105469 -0.0595703 0 -0.399414 1.875 -15.4248 1.875 -15 0.99707 5.24902 0.87207 5.24902 2 -5 1.87598 -5.92676 2 -5.92676 1.53223 -9.45801 1.14355 -9.28906 1 -5 -0.874023 -2.54688 -0.499023 -2.54688 1.50098 -6.92676 1.50586 -2.47363 4 -11.2998 4 -11.6992 3.875 -11.2998 3.875 -11.6992 3.50098 -11.6992 3.125 -11.6992 3.125 -11.2998 3.50098 -11.2988 1 -3.76367 1.12598 -2.5625 1 -2.5625 0.199219 0 0.199219 -0.399414 -0.599609 0.800781 -0.799805 0.800781 -0.799805 1 1 4.29395 1 4.16895 0.875 4.29395 0.919922 4.16895 0.5 4.2002 -0.000976563 3.93457 -0.000976563 4.00879 0.0976563 3.93457 0.078125 4.00879 0.498047 3.96777 1.50098 -7.10547 1.5332 -9.40918 -0.399414 2.39941 -0.000976563 3.92578 0.100586 3.92578 -1 -2.54688 -1 -1.89941 2 -7.94922 2 -9.39941 1.88281 -9.40234 2 -13.1992 2 -13.7998 1 4.04395 0 0.200195 -0.199219 0.200195 2 -15.4248 1.50781 -0.519531 -0.599609 0.700195 -0.199219 0.400391 -0.199219 0.600586 0 0.400391 0 0.600586 0.998047 3.93457 0.897461 3.93457 0.998047 4.00879 0.917969 4.00879 0.599609 0 0.998047 0 0.599609 -0.399414 0.998047 -0.399414 -0.599609 0.200195 -0.799805 0.200195 -0.599609 0.400391 -0.799805 0.400391 -0.599609 0.600586 -0.799805 0.600586 -0.199219 0.800781 0 0.800781 -0.599609 2.39941 0.5 4.29395 -0.499023 -0.0595703 0.498047 3.91113 3 -11.2998 3 -11.6992 -0.399414 -0.399414 0.998047 3.92578 0.895508 3.92578 1 -9.32715 0.49707 5.24902 2 -3.7627 2 -2.5625 0.498047 3.90527 1 -1 1 -5.9873 2 -13.0791</float_array>
                    <technique_common>
                        <accessor count="288" source="#ID78" stride="2">
                            <param name="S" type="float"/>
                            <param name="T" type="float"/>
                        </accessor>
                    </technique_common>
                </source>
                <vertices id="ID79">
                    <input semantic="POSITION" source="#ID73"/>
                </vertices>
                <triangles count="372" material="Material1">
                    <input offset="0" semantic="VERTEX" source="#ID79"/>
                    <input offset="1" semantic="NORMAL" source="#ID75"/>
                    <input offset="2" semantic="TEXCOORD" source="#ID77" set="0"/>
                    <p>205 2 2 206 1 1 226 0 0 206 1 1 205 2 2 242 3 3 204 4 4 242 3 3 205 2 2 242 3 3 204 4 4 240 5 5 201 6 6 240 5 5 204 4 4 240 5 5 201 6 6 238 7 7 221 8 8 238 7 7 201 6 6 238 7 7 221 8 8 234 9 9 228 10 10 234 9 9 221 8 8 234 9 9 228 10 10 236 11 11 231 12 12 236 11 11 228 10 10 236 11 11 231 12 12 247 13 13 217 14 14 247 13 13 231 12 12 163 17 17 176 16 16 167 15 15 176 16 16 163 17 17 174 18 18 164 19 19 174 18 18 163 17 17 174 18 18 164 19 19 175 20 20 159 21 21 175 20 20 164 19 19 175 20 20 159 21 21 172 22 22 160 23 23 172 22 22 159 21 21 172 22 22 160 23 23 173 24 24 155 25 25 173 24 24 160 23 23 173 24 24 155 25 25 171 26 26 156 27 27 171 26 26 155 25 25 171 26 26 156 27 27 170 28 28 165 31 31 169 30 30 177 29 29 169 30 30 165 31 31 152 32 32 157 33 33 152 32 32 165 31 31 152 32 32 157 33 33 145 34 34 158 35 35 145 34 34 157 33 33 145 34 34 158 35 35 146 36 36 161 37 37 146 36 36 158 35 35 146 36 36 161 37 37 149 38 38 162 39 39 149 38 38 161 37 37 149 38 38 162 39 39 150 40 40 166 41 41 150 40 40 162 39 39 150 40 40 166 41 41 153 42 42 174 18 18 154 43 43 176 16 16 154 43 43 174 18 18 148 44 44 175 20 20 148 44 44 174 18 18 148 44 44 175 20 20 147 45 45 172 22 22 147 45 45 175 20 20 147 45 45 172 22 22 144 46 46 173 24 24 144 46 46 172 22 22 144 46 46 173 24 24 143 47 47 171 26 26 143 47 47 173 24 24 143 47 47 171 26 26 151 48 48 170 28 28 151 48 48 171 26 26 151 48 48 170 28 28 168 49 49 284 52 52 288 51 51 286 50 50 288 51 51 284 52 52 235 53 53 253 54 54 235 53 53 284 52 52 235 53 53 253 54 54 262 55 55 250 56 56 262 55 55 253 54 54 262 55 55 250 56 56 259 57 57 256 58 58 259 57 57 250 56 56 259 57 57 256 58 58 239 59 59 281 60 60 239 59 59 256 58 58 239 59 59 281 60 60 259 57 57 283 61 61 259 57 57 281 60 60 259 57 57 283 61 61 285 62 62 41 65 65 35 64 64 36 63 63 35 64 64 41 65 65 38 66 66 30 67 67 38 66 66 41 65 65 38 66 66 30 67 67 37 68 68 28 69 69 37 68 68 30 67 67 37 68 68 28 69 69 267 70 70 270 71 71 267 70 70 28 69 69 267 70 70 270 71 71 289 72 72 273 73 73 289 72 72 270 71 71 289 72 72 273 73 73 287 74 74 119 77 77 130 76 76 133 75 75 130 76 76 119 77 77 122 78 78 121 79 79 122 78 78 119 77 77 122 78 78 121 79 79 139 80 80 138 81 81 139 80 80 121 79 79 139 80 80 138 81 81 117 82 82 137 83 83 117 82 82 138 81 81 117 82 82 137 83 83 140 84 84 132 85 85 140 84 84 137 83 83 140 84 84 132 85 85 125 86 86 98 89 89 107 88 88 106 87 87 107 88 88 98 89 89 101 90 90 110 91 91 101 90 90 98 89 89 101 90 90 110 91 91 100 92 92 108 93 93 100 92 92 110 91 91 100 92 92 108 93 93 99 94 94 109 95 95 99 94 94 108 93 93 99 94 94 109 95 95 102 96 96 112 97 97 102 96 96 109 95 95 324 100 55 323 99 57 314 98 98 323 99 57 324 100 55 320 101 56 321 102 54 320 101 56 324 100 55 320 101 56 321 102 54 322 103 58 312 104 99 322 103 58 321 102 54 322 103 58 312 104 99 7 105 100 321 102 54 7 105 100 312 104 99 7 105 100 321 102 54 5 106 101 14 107 52 5 106 101 321 102 54 25 110 104 185 109 103 26 108 102 185 109 103 25 110 104 188 111 105 178 112 106 188 111 105 25 110 104 188 111 105 178 112 106 179 113 107 180 114 108 179 113 107 178 112 106 179 113 107 180 114 108 181 115 109 183 116 109 181 115 109 180 114 108 181 115 109 183 116 109 189 117 110 186 118 111 189 117 110 183 116 109 89 121 114 88 120 113 93 119 112 88 120 113 89 121 114 84 122 115 86 123 116 84 122 115 89 121 114 84 122 115 86 123 116 83 124 117 85 125 118 83 124 117 86 123 116 83 124 117 85 125 118 95 126 119 96 127 120 95 126 119 85 125 118 95 126 119 96 127 120 92 128 121 139 80 80 130 76 76 122 78 78 130 76 76 139 80 80 129 129 122 118 130 123 129 129 122 139 80 80 129 129 122 118 130 123 131 131 124 116 132 125 131 131 124 118 130 123 131 131 124 116 132 125 124 133 126 115 134 127 124 133 126 116 132 125 124 133 126 115 134 127 123 135 128 76 138 131 79 137 130 82 136 129 79 137 130 76 138 131 80 139 132 77 140 133 80 139 132 76 138 131 80 139 132 77 140 133 70 141 134 63 142 135 70 141 134 77 140 133 70 141 134 63 142 135 69 143 136 64 144 137 69 143 136 63 142 135 69 143 136 64 144 137 71 145 138 60 148 141 53 147 140 54 146 139 53 147 140 60 148 141 57 149 142 47 150 143 57 149 142 60 148 141 57 149 142 47 150 143 56 151 144 43 152 145 56 151 144 47 150 143 56 151 144 43 152 145 55 153 146 46 154 147 55 153 146 43 152 145 145 34 34 143 47 47 152 32 32 143 47 47 145 34 34 144 46 46 146 36 36 144 46 46 145 34 34 144 46 46 146 36 36 147 45 45 149 38 38 147 45 45 146 36 36 147 45 45 149 38 38 148 44 44 256 58 58 279 155 148 281 60 60 279 155 148 256 58 58 277 156 100 237 157 99 277 156 100 256 58 58 277 156 100 237 157 99 253 54 54 256 58 58 253 54 54 237 157 99 253 54 54 256 58 58 250 56 56 33 160 151 40 159 150 42 158 149 40 159 150 33 160 151 31 161 152 29 162 153 31 161 152 33 160 151 31 161 152 29 162 153 30 67 67 28 69 69 30 67 67 29 162 153 67 165 156 73 164 155 74 163 154 73 164 155 67 165 156 66 166 157 65 167 158 66 166 157 67 165 156 66 166 157 65 167 158 70 141 134 80 139 132 70 141 134 65 167 158 137 83 83 128 168 159 132 85 85 128 168 159 137 83 83 136 169 160 121 79 79 136 169 160 137 83 83 136 169 160 121 79 79 141 170 161 120 171 162 141 170 161 121 79 79 51 174 165 59 173 164 62 172 163 59 173 164 51 174 165 48 175 166 44 176 167 48 175 166 51 174 165 48 175 166 44 176 167 47 150 143 43 152 145 47 150 143 44 176 167 117 82 82 118 130 123 139 80 80 118 130 123 117 82 82 116 132 125 114 177 168 116 132 125 117 82 82 116 132 125 114 177 168 115 134 127 113 178 169 115 134 127 114 177 168 214 181 172 257 180 171 260 179 170 257 180 171 214 181 172 213 182 173 242 3 3 213 182 173 214 181 172 213 182 173 242 3 3 210 183 174 240 5 5 210 183 174 242 3 3 323 99 57 11 185 60 13 184 61 11 185 60 323 99 57 313 186 59 322 103 58 313 186 59 323 99 57 313 186 59 322 103 58 11 185 60 9 187 148 11 185 60 322 103 58 307 190 176 316 189 175 318 188 175 316 189 175 307 190 176 319 191 177 6 192 178 319 191 177 307 190 176 319 191 177 6 192 178 4 193 179 230 196 176 243 195 175 246 194 175 243 195 175 230 196 176 248 197 177 276 198 178 248 197 177 230 196 176 248 197 177 276 198 178 274 199 179 263 202 182 293 201 181 295 200 180 293 201 181 263 202 182 265 203 183 34 204 184 265 203 183 263 202 182 265 203 183 34 204 184 37 68 68 218 206 186 221 8 8 220 205 185 221 8 8 218 206 186 219 207 187 216 208 188 219 207 187 218 206 186 219 207 187 216 208 188 194 209 189 184 212 192 191 211 191 192 210 190 191 211 191 184 212 192 187 213 192 185 109 103 187 213 192 184 212 192 187 213 192 185 109 103 188 111 105 114 177 168 135 214 193 113 178 169 135 214 193 114 177 168 134 215 194 117 82 82 134 215 194 114 177 168 134 215 194 117 82 82 140 84 84 292 217 196 285 62 62 294 216 195 285 62 62 292 217 196 241 218 98 262 55 55 241 218 98 292 217 196 241 218 98 262 55 55 259 57 57 72 219 197 77 140 133 76 138 131 77 140 133 72 219 197 78 220 198 81 221 199 78 220 198 72 219 197 100 92 92 107 88 88 101 90 90 107 88 88 100 92 92 104 222 200 103 223 201 104 222 200 100 92 92 66 166 157 75 224 202 73 164 155 75 224 202 66 166 157 69 143 136 70 141 134 69 143 136 66 166 157 178 112 106 20 225 203 180 114 108 20 225 203 178 112 106 23 226 204 25 110 104 23 226 204 178 112 106 65 167 158 79 137 130 80 139 132 79 137 130 65 167 158 68 227 205 67 165 156 68 227 205 65 167 158 152 32 32 168 49 49 169 30 30 168 49 49 152 32 32 151 48 48 143 47 47 151 48 48 152 32 32 39 228 206 30 67 67 41 65 65 30 67 67 39 228 206 31 161 152 40 159 150 31 161 152 39 228 206 303 231 209 17 230 208 305 229 207 17 230 208 303 231 209 315 232 210 325 233 211 315 232 210 303 231 209 325 233 211 299 235 213 311 234 212 299 235 213 325 233 211 301 236 214 303 231 209 301 236 214 325 233 211 49 237 215 44 176 167 51 174 165 44 176 167 49 237 215 45 238 216 50 239 217 45 238 216 49 237 215 226 0 0 198 241 219 197 240 218 198 241 219 226 0 0 227 242 192 206 1 1 227 242 192 226 0 0 236 11 11 251 244 221 208 243 220 251 244 221 236 11 11 249 245 222 247 13 13 249 245 222 236 11 11 10 248 225 327 247 224 12 246 223 327 247 224 10 248 225 309 249 226 3 250 227 309 249 226 10 248 225 21 253 230 317 252 229 19 251 228 317 252 229 21 253 230 306 254 231 2 255 232 306 254 231 21 253 230 58 256 233 47 150 143 60 148 141 47 150 143 58 256 233 48 175 166 59 173 164 48 175 166 58 256 233 87 257 234 83 124 117 95 126 119 83 124 117 87 257 234 84 122 115 88 120 113 84 122 115 87 257 234 219 207 187 228 10 10 221 8 8 228 10 10 219 207 187 215 258 235 194 209 189 215 258 235 219 207 187 280 261 225 266 260 224 282 259 223 266 260 224 280 261 225 233 262 226 272 263 227 233 262 226 280 261 225 298 266 237 245 265 229 296 264 236 245 265 229 298 266 237 229 267 231 271 268 232 229 267 231 298 266 237 182 270 239 20 225 203 18 269 238 20 225 203 182 270 239 180 114 108 183 116 109 180 114 108 182 270 239 148 44 44 153 42 42 154 43 43 153 42 42 148 44 44 150 40 40 149 38 38 150 40 40 148 44 44 90 271 240 95 126 119 92 128 121 95 126 119 90 271 240 94 272 241 97 273 242 95 126 119 94 272 241 95 126 119 97 273 242 87 257 234 142 274 243 136 169 160 141 170 161 136 169 160 142 274 243 127 275 244 45 238 216 43 152 145 44 176 167 43 152 145 45 238 216 46 154 147 326 277 245 309 249 226 0 276 245 309 249 226 326 277 245 327 247 224 264 279 245 233 262 226 268 278 245 233 262 226 264 279 245 266 260 224 203 281 247 226 0 0 225 280 246 226 0 0 203 281 247 205 2 2 125 86 86 134 215 194 140 84 84 134 215 194 125 86 86 126 282 248 291 283 249 267 70 70 289 72 72 267 70 70 291 283 249 293 201 181 265 203 183 267 70 70 293 201 181 267 70 70 265 203 183 37 68 68 236 11 11 238 7 7 234 9 9 238 7 7 236 11 11 207 284 250 207 284 250 240 5 5 238 7 7 240 5 5 207 284 250 210 183 174 270 71 71 29 162 153 273 73 73 29 162 153 270 71 71 28 69 69 224 286 253 200 286 252 202 285 251 200 286 252 224 286 253 223 287 254 1 290 257 24 289 256 27 288 255 24 289 256 1 290 257 308 291 258 196 293 261 258 293 260 195 292 259 258 293 260 196 293 261 261 294 262 212 295 263 257 180 171 213 182 173 257 180 171 212 295 263 255 296 264 209 298 267 254 298 266 211 297 265 254 298 266 209 298 267 252 299 268 222 301 270 221 8 8 199 300 269 221 8 8 222 301 270 220 205 185 215 258 235 231 12 12 228 10 10 231 12 12 215 258 235 193 302 271 8 303 272 3 250 227 10 248 225 3 250 227 8 303 272 6 192 178 189 117 110 179 113 107 181 115 109 179 113 107 189 117 110 190 304 273 22 305 274 2 255 232 21 253 230 2 255 232 22 305 274 24 289 256 191 211 191 179 113 107 190 304 273 179 113 107 191 211 191 187 213 192 15 307 276 299 235 213 297 306 275 299 235 213 15 307 276 311 234 212 253 54 54 275 308 101 277 156 100 275 308 101 253 54 54 284 52 52 242 3 3 244 309 277 206 1 1 244 309 277 242 3 3 214 181 172 269 312 257 302 311 279 304 310 278 302 311 279 269 312 257 232 313 258 105 314 280 99 94 94 102 96 96 99 94 94 105 314 280 103 223 201 290 315 281 262 55 55 292 217 196 262 55 55 290 315 281 288 51 51 57 149 142 52 316 282 53 147 140 52 316 282 57 149 142 56 151 144 278 317 272 272 263 227 280 261 225 272 263 227 278 317 272 276 198 178 55 153 146 52 316 282 56 151 144 52 316 282 55 153 146 61 318 283 300 319 284 271 268 232 298 266 237 271 268 232 300 319 284 302 311 279 38 66 66 34 204 184 35 64 64 34 204 184 38 66 66 37 68 68 16 320 62 323 99 57 13 184 61 323 99 57 16 320 62 314 98 98 32 321 285 29 162 153 33 160 151 29 162 153 32 321 285 273 73 73 321 102 54 310 322 53 14 107 52 310 322 53 321 102 54 324 100 55 231 12 12 193 302 271 217 14 14 128 168 159 136 169 160 127 275 244 63 142 135 77 140 133 78 220 198 179 113 107 187 213 192 188 111 105 119 77 77 120 171 162 121 79 79 285 62 62 241 218 98 259 57 57 288 51 51 235 53 53 262 55 55 86 123 116 89 121 114 91 323 286 6 192 178 307 190 176 3 250 227 276 198 178 230 196 176 272 263 227 98 89 89 111 324 287 110 91 91 121 79 79 137 83 83 138 81 81 302 311 279 232 313 258 271 268 232 24 289 256 308 291 258 2 255 232 71 145 138 75 224 202 69 143 136 100 92 92 99 94 94 103 223 201 126 282 248 135 214 193 134 215 194 322 103 58 323 99 57 320 101 56 322 103 58 7 105 100 9 187 148</p>
                </triangles>
            </mesh>
        </geometry>
    </library_geometries>
    <library_visual_scenes>
        <visual_scene id="ID25">
            <node id="ID26" name="n0b2">
                <translate sid="translate">0 0 -0</translate>
                <rotate sid="rotateY">0 1 0 -0</rotate>
                <rotate sid="rotateX">1 0 0 0</rotate>
                <rotate sid="rotateZ">0 0 1 -0</rotate>
                <scale sid="scale">1 1 1</scale>
                <instance_geometry url="#ID27">
                    <bind_material>
                        <technique_common>
                            <instance_material symbol="Material1" target="#ID20">
                                <bind_vertex_input semantic="UVSET0" input_semantic="TEXCOORD" input_set="0"/>
                            </instance_material>
                        </technique_common>
                    </bind_material>
                </instance_geometry>
            </node>
            <node id="ID35" name="n1b1">
                <translate sid="translate">0 0 -0</translate>
                <rotate sid="rotateY">0 1 0 -0</rotate>
                <rotate sid="rotateX">1 0 0 0</rotate>
                <rotate sid="rotateZ">0 0 1 -0</rotate>
                <scale sid="scale">1 1 1</scale>
                <instance_geometry url="#ID36">
                    <bind_material>
                        <technique_common>
                            <instance_material symbol="Material1" target="#ID13">
                                <bind_vertex_input semantic="UVSET0" input_semantic="TEXCOORD" input_set="0"/>
                            </instance_material>
                        </technique_common>
                    </bind_material>
                </instance_geometry>
            </node>
            <node id="ID44" name="n2b0">
                <translate sid="translate">0 0 -0</translate>
                <rotate sid="rotateY">0 1 0 -0</rotate>
                <rotate sid="rotateX">1 0 0 0</rotate>
                <rotate sid="rotateZ">0 0 1 -0</rotate>
                <scale sid="scale">1 1 1</scale>
                <instance_geometry url="#ID45">
                    <bind_material>
                        <technique_common>
                            <instance_material symbol="Material1" target="#ID8">
                                <bind_vertex_input semantic="UVSET0" input_semantic="TEXCOORD" input_set="0"/>
                            </instance_material>
                        </technique_common>
                    </bind_material>
                </instance_geometry>
            </node>
            <node id="ID53" name="n3b3">
                <translate sid="translate">0 0 -0</translate>
                <rotate sid="rotateY">0 1 0 -0</rotate>
                <rotate sid="rotateX">1 0 0 0</rotate>
                <rotate sid="rotateZ">0 0 1 -0</rotate>
                <scale sid="scale">1 1 1</scale>
                <instance_geometry url="#ID54">
                    <bind_material>
                        <technique_common>
                            <instance_material symbol="Material1" target="#ID3">
                                <bind_vertex_input semantic="UVSET0" input_semantic="TEXCOORD" input_set="0"/>
                            </instance_material>
                        </technique_common>
                    </bind_material>
                </instance_geometry>
            </node>
            <node id="ID62" name="n4b4">
                <translate sid="translate">0 0 -0</translate>
                <rotate sid="rotateY">0 1 0 -0</rotate>
                <rotate sid="rotateX">1 0 0 0</rotate>
                <rotate sid="rotateZ">0 0 1 -0</rotate>
                <scale sid="scale">1 1 1</scale>
                <instance_geometry url="#ID63">
                    <bind_material>
                        <technique_common>
                            <instance_material symbol="Material1" target="#ID18">
                                <bind_vertex_input semantic="UVSET0" input_semantic="TEXCOORD" input_set="0"/>
                            </instance_material>
                        </technique_common>
                    </bind_material>
                </instance_geometry>
            </node>
            <node id="ID71" name="n5b5">
                <translate sid="translate">0 0 -0</translate>
                <rotate sid="rotateY">0 1 0 -0</rotate>
                <rotate sid="rotateX">1 0 0 0</rotate>
                <rotate sid="rotateZ">0 0 1 -0</rotate>
                <scale sid="scale">1 1 1</scale>
                <instance_geometry url="#ID72">
                    <bind_material>
                        <technique_common>
                            <instance_material symbol="Material1" target="#ID18">
                                <bind_vertex_input semantic="UVSET0" input_semantic="TEXCOORD" input_set="0"/>
                            </instance_material>
                        </technique_common>
                    </bind_material>
                </instance_geometry>
            </node>
        </visual_scene>
    </library_visual_scenes>
    <scene>
        <instance_visual_scene url="#ID25"/>
    </scene>
</COLLADA>
