<?xml version="1.0"?>
<COLLADA xmlns="http://www.collada.org/2005/11/COLLADASchema" version="1.4.1">
    <asset>
        <contributor>
            <authoring_tool>CINEMA4D 15.064 COLLADA Exporter</authoring_tool>
        </contributor>
        <created>2018-04-28T03:34:05Z</created>
        <modified>2018-04-28T03:34:05Z</modified>
        <unit meter="0.01" name="centimeter"/>
        <up_axis>Y_UP</up_axis>
    </asset>
    <library_images>
        <image id="ID5">
            <init_from>IP2_glow1_i.png</init_from>
        </image>
        <image id="ID10">
            <init_from>golddoorwakuMM.png</init_from>
        </image>
        <image id="ID15">
            <init_from>BellMetalBase64.png</init_from>
        </image>
        <image id="ID20">
            <init_from>mado.png</init_from>
        </image>
        <image id="ID25">
            <init_from>squeartilemip.png</init_from>
        </image>
        <image id="ID30">
            <init_from>bulefortilemip.png</init_from>
        </image>
        <image id="ID35">
            <init_from>yellowfortilemip.png</init_from>
        </image>
        <image id="ID40">
            <init_from>whitepla.png</init_from>
        </image>
        <image id="ID45">
            <init_from>tilehouseline.png</init_from>
        </image>
        <image id="ID50">
            <init_from>tilehousetop.png</init_from>
        </image>
        <image id="ID55">
            <init_from>starpole00.png</init_from>
        </image>
        <image id="ID60">
            <init_from>LightTest.png</init_from>
        </image>
        <image id="ID65">
            <init_from>DisappearDoor.png</init_from>
        </image>
    </library_images>
    <library_effects>
        <effect id="ID2">
            <profile_COMMON>
                <technique sid="COMMON">
                    <blinn>
                        <diffuse>
                            <color>0.8 0.8 0.8 1</color>
                        </diffuse>
                        <specular>
                            <color>0.2 0.2 0.2 1</color>
                        </specular>
                        <shininess>
                            <float>0.5</float>
                        </shininess>
                    </blinn>
                </technique>
            </profile_COMMON>
        </effect>
        <effect id="ID4">
            <profile_COMMON>
                <newparam sid="ID6">
                    <surface type="2D">
                        <init_from>ID5</init_from>
                    </surface>
                </newparam>
                <newparam sid="ID7">
                    <sampler2D>
                        <source>ID6</source>
                    </sampler2D>
                </newparam>
                <technique sid="COMMON">
                    <blinn>
                        <diffuse>
                            <texture texture="ID7" texcoord="UVSET0"/>
                        </diffuse>
                    </blinn>
                </technique>
            </profile_COMMON>
        </effect>
        <effect id="ID9">
            <profile_COMMON>
                <newparam sid="ID11">
                    <surface type="2D">
                        <init_from>ID10</init_from>
                    </surface>
                </newparam>
                <newparam sid="ID12">
                    <sampler2D>
                        <source>ID11</source>
                    </sampler2D>
                </newparam>
                <technique sid="COMMON">
                    <blinn>
                        <diffuse>
                            <texture texture="ID12" texcoord="UVSET0"/>
                        </diffuse>
                    </blinn>
                </technique>
            </profile_COMMON>
        </effect>
        <effect id="ID14">
            <profile_COMMON>
                <newparam sid="ID16">
                    <surface type="2D">
                        <init_from>ID15</init_from>
                    </surface>
                </newparam>
                <newparam sid="ID17">
                    <sampler2D>
                        <source>ID16</source>
                    </sampler2D>
                </newparam>
                <technique sid="COMMON">
                    <blinn>
                        <diffuse>
                            <texture texture="ID17" texcoord="UVSET0"/>
                        </diffuse>
                    </blinn>
                </technique>
            </profile_COMMON>
        </effect>
        <effect id="ID19">
            <profile_COMMON>
                <newparam sid="ID21">
                    <surface type="2D">
                        <init_from>ID20</init_from>
                    </surface>
                </newparam>
                <newparam sid="ID22">
                    <sampler2D>
                        <source>ID21</source>
                    </sampler2D>
                </newparam>
                <technique sid="COMMON">
                    <blinn>
                        <diffuse>
                            <texture texture="ID22" texcoord="UVSET0"/>
                        </diffuse>
                    </blinn>
                </technique>
            </profile_COMMON>
        </effect>
        <effect id="ID24">
            <profile_COMMON>
                <newparam sid="ID26">
                    <surface type="2D">
                        <init_from>ID25</init_from>
                    </surface>
                </newparam>
                <newparam sid="ID27">
                    <sampler2D>
                        <source>ID26</source>
                    </sampler2D>
                </newparam>
                <technique sid="COMMON">
                    <blinn>
                        <diffuse>
                            <texture texture="ID27" texcoord="UVSET0"/>
                        </diffuse>
                    </blinn>
                </technique>
            </profile_COMMON>
        </effect>
        <effect id="ID29">
            <profile_COMMON>
                <newparam sid="ID31">
                    <surface type="2D">
                        <init_from>ID30</init_from>
                    </surface>
                </newparam>
                <newparam sid="ID32">
                    <sampler2D>
                        <source>ID31</source>
                    </sampler2D>
                </newparam>
                <technique sid="COMMON">
                    <blinn>
                        <diffuse>
                            <texture texture="ID32" texcoord="UVSET0"/>
                        </diffuse>
                    </blinn>
                </technique>
            </profile_COMMON>
        </effect>
        <effect id="ID34">
            <profile_COMMON>
                <newparam sid="ID36">
                    <surface type="2D">
                        <init_from>ID35</init_from>
                    </surface>
                </newparam>
                <newparam sid="ID37">
                    <sampler2D>
                        <source>ID36</source>
                    </sampler2D>
                </newparam>
                <technique sid="COMMON">
                    <blinn>
                        <diffuse>
                            <texture texture="ID37" texcoord="UVSET0"/>
                        </diffuse>
                    </blinn>
                </technique>
            </profile_COMMON>
        </effect>
        <effect id="ID39">
            <profile_COMMON>
                <newparam sid="ID41">
                    <surface type="2D">
                        <init_from>ID40</init_from>
                    </surface>
                </newparam>
                <newparam sid="ID42">
                    <sampler2D>
                        <source>ID41</source>
                    </sampler2D>
                </newparam>
                <technique sid="COMMON">
                    <blinn>
                        <diffuse>
                            <texture texture="ID42" texcoord="UVSET0"/>
                        </diffuse>
                    </blinn>
                </technique>
            </profile_COMMON>
        </effect>
        <effect id="ID44">
            <profile_COMMON>
                <newparam sid="ID46">
                    <surface type="2D">
                        <init_from>ID45</init_from>
                    </surface>
                </newparam>
                <newparam sid="ID47">
                    <sampler2D>
                        <source>ID46</source>
                    </sampler2D>
                </newparam>
                <technique sid="COMMON">
                    <blinn>
                        <diffuse>
                            <texture texture="ID47" texcoord="UVSET0"/>
                        </diffuse>
                    </blinn>
                </technique>
            </profile_COMMON>
        </effect>
        <effect id="ID49">
            <profile_COMMON>
                <newparam sid="ID51">
                    <surface type="2D">
                        <init_from>ID50</init_from>
                    </surface>
                </newparam>
                <newparam sid="ID52">
                    <sampler2D>
                        <source>ID51</source>
                    </sampler2D>
                </newparam>
                <technique sid="COMMON">
                    <blinn>
                        <diffuse>
                            <texture texture="ID52" texcoord="UVSET0"/>
                        </diffuse>
                    </blinn>
                </technique>
            </profile_COMMON>
        </effect>
        <effect id="ID54">
            <profile_COMMON>
                <newparam sid="ID56">
                    <surface type="2D">
                        <init_from>ID55</init_from>
                    </surface>
                </newparam>
                <newparam sid="ID57">
                    <sampler2D>
                        <source>ID56</source>
                    </sampler2D>
                </newparam>
                <technique sid="COMMON">
                    <blinn>
                        <diffuse>
                            <texture texture="ID57" texcoord="UVSET0"/>
                        </diffuse>
                    </blinn>
                </technique>
            </profile_COMMON>
        </effect>
        <effect id="ID59">
            <profile_COMMON>
                <newparam sid="ID61">
                    <surface type="2D">
                        <init_from>ID60</init_from>
                    </surface>
                </newparam>
                <newparam sid="ID62">
                    <sampler2D>
                        <source>ID61</source>
                    </sampler2D>
                </newparam>
                <technique sid="COMMON">
                    <blinn>
                        <diffuse>
                            <texture texture="ID62" texcoord="UVSET0"/>
                        </diffuse>
                    </blinn>
                </technique>
            </profile_COMMON>
        </effect>
        <effect id="ID64">
            <profile_COMMON>
                <newparam sid="ID66">
                    <surface type="2D">
                        <init_from>ID65</init_from>
                    </surface>
                </newparam>
                <newparam sid="ID67">
                    <sampler2D>
                        <source>ID66</source>
                    </sampler2D>
                </newparam>
                <technique sid="COMMON">
                    <blinn>
                        <diffuse>
                            <texture texture="ID67" texcoord="UVSET0"/>
                        </diffuse>
                    </blinn>
                </technique>
            </profile_COMMON>
        </effect>
    </library_effects>
    <library_materials>
        <material id="ID3" name="m8">
            <instance_effect url="#ID4"/>
        </material>
        <material id="ID8" name="m7">
            <instance_effect url="#ID9"/>
        </material>
        <material id="ID13" name="m6">
            <instance_effect url="#ID14"/>
        </material>
        <material id="ID18" name="m5">
            <instance_effect url="#ID19"/>
        </material>
        <material id="ID23" name="m3">
            <instance_effect url="#ID24"/>
        </material>
        <material id="ID28" name="m2">
            <instance_effect url="#ID29"/>
        </material>
        <material id="ID33" name="m14">
            <instance_effect url="#ID34"/>
        </material>
        <material id="ID38" name="m13">
            <instance_effect url="#ID39"/>
        </material>
        <material id="ID43" name="m12">
            <instance_effect url="#ID44"/>
        </material>
        <material id="ID48" name="m11">
            <instance_effect url="#ID49"/>
        </material>
        <material id="ID53" name="m10">
            <instance_effect url="#ID54"/>
        </material>
        <material id="ID58" name="m1">
            <instance_effect url="#ID59"/>
        </material>
        <material id="ID63" name="m0">
            <instance_effect url="#ID64"/>
        </material>
    </library_materials>
    <library_geometries>
        <geometry id="ID70">
            <mesh>
                <source id="ID71">
                    <float_array id="ID72" count="96">-143.781 171.969 -500.063 -0.09375 173.063 -530.375 -154.719 130.75 -490.781 -0.09375 131.531 -523.156 -156.844 76.8438 -478.563 -0.125 77.1563 -509.75 -148.031 39.7188 -472.688 -0.125 39.75 -499.063 -129.094 16.875 -472.563 27.8125 287.844 -528.75 56.2188 277.625 -526.813 88.5625 255.5 -525.125 106.719 236.938 -519.656 128.438 205.875 -509.125 143.469 171.969 -499.938 154.406 130.75 -490.656 156.5 76.8438 -478.438 147.688 39.7188 -472.563 80.75 16.875 -484.781 -0.15625 16.875 -491.031 128.75 16.875 -472.469 -81.0938 16.875 -484.844 -0.09375 257.281 -535 -88.8438 255.5 -525.219 -107 236.938 -519.75 -0.09375 238.563 -534.813 -0.125 290.438 -531.031 -28.0938 287.844 -528.781 -0.09375 279.594 -534.031 -56.5 277.625 -526.844 -128.75 205.875 -509.25 -0.09375 207.25 -534.313</float_array>
                    <technique_common>
                        <accessor count="32" source="#ID72" stride="3">
                            <param name="X" type="float"/>
                            <param name="Y" type="float"/>
                            <param name="Z" type="float"/>
                        </accessor>
                    </technique_common>
                </source>
                <source id="ID73">
                    <float_array id="ID74" count="96">-0.123246 0.103578 -0.986956 -0.11919 -0.0255654 -0.992542 0.00150192 -0.00495354 -0.999987 -0.0485564 -0.0743477 -0.996049 0.1437 -0.102135 -0.984337 0.0278866 -0.0921222 -0.995357 0.193322 -0.159932 -0.968013 0.000520327 -0.153602 -0.988133 0.202875 -0.167537 -0.964766 0.000471786 -0.192772 -0.981243 0.197596 -0.202876 -0.959061 0.00043514 -0.242729 -0.970094 0.184312 -0.224673 -0.956844 0.000421563 -0.141108 -0.989994 -0.116229 0.221639 -0.968177 0.0167462 0.157407 -0.987392 0.116581 -0.00894645 -0.993141 -0.179189 -0.133684 -0.974689 -0.13395 -0.194571 -0.971699 -0.211013 0.0593966 -0.975677 -0.163487 -0.034172 -0.985953 0.000374026 -0.331269 -0.943536 0.164195 -0.0349441 -0.985809 0.211777 0.0589986 -0.975536 0.173824 -0.171311 -0.969762 0.130836 0.147768 -0.98033 0.117216 0.223009 -0.967743 0.00060916 0.266643 -0.963795 -0.172917 -0.171504 -0.96989 -0.183456 -0.224615 -0.957023 -0.196714 -0.202896 -0.959238 -0.201914 -0.167798 -0.964922</float_array>
                    <technique_common>
                        <accessor count="32" source="#ID74" stride="3">
                            <param name="X" type="float"/>
                            <param name="Y" type="float"/>
                            <param name="Z" type="float"/>
                        </accessor>
                    </technique_common>
                </source>
                <source id="ID75">
                    <float_array id="ID76" count="64">0.277344 0.630859 0.199219 0.577148 0.414063 0.581055 0.414063 0.536133 0.673828 0.532227 0.414063 0.459961 0.726563 0.456055 0.414063 0.376953 0.762695 0.374023 0.414063 0.276367 0.789063 0.274414 0.414063 0.143555 0.794922 0.143555 0.414063 0.0527344 0.34668 0.655273 0.414063 0.635742 0.629883 0.577148 0.101563 0.456055 0.154297 0.532227 0.100586 -0.00292969 0.217773 -0.00292969 0.414063 -0.00292969 0.610352 -0.00292969 0.727539 -0.00292969 0.773438 0.0527344 0.550781 0.630859 0.482422 0.655273 0.414063 0.662109 0.0546875 0.0527344 0.0332031 0.143555 0.0390625 0.274414 0.0654297 0.374023</float_array>
                    <technique_common>
                        <accessor count="32" source="#ID76" stride="2">
                            <param name="S" type="float"/>
                            <param name="T" type="float"/>
                        </accessor>
                    </technique_common>
                </source>
                <vertices id="ID77">
                    <input semantic="POSITION" source="#ID71"/>
                </vertices>
                <triangles count="38" material="Material1">
                    <input offset="0" semantic="VERTEX" source="#ID77"/>
                    <input offset="1" semantic="NORMAL" source="#ID73"/>
                    <input offset="2" semantic="TEXCOORD" source="#ID75" set="0"/>
                    <p>22 2 2 23 1 1 29 0 0 23 1 1 22 2 2 25 3 3 12 4 4 25 3 3 22 2 2 25 3 3 12 4 4 31 5 5 13 6 6 31 5 5 12 4 4 31 5 5 13 6 6 1 7 7 14 8 8 1 7 7 13 6 6 1 7 7 14 8 8 3 9 9 15 10 10 3 9 9 14 8 8 3 9 9 15 10 10 5 11 11 16 12 12 5 11 11 15 10 10 5 11 11 16 12 12 7 13 13 28 15 15 29 0 0 27 14 14 29 0 0 28 15 15 22 2 2 11 16 16 22 2 2 28 15 15 22 2 2 11 16 16 12 4 4 30 17 17 31 5 5 1 7 7 31 5 5 30 17 17 25 3 3 24 18 18 25 3 3 30 17 17 25 3 3 24 18 18 23 1 1 7 13 13 21 20 20 8 19 19 21 20 20 7 13 13 19 21 21 18 22 22 19 21 21 7 13 13 7 13 13 20 23 23 18 22 22 20 23 23 7 13 13 17 24 24 16 12 12 17 24 24 7 13 13 28 15 15 9 26 26 10 25 25 9 26 26 28 15 15 26 27 27 27 14 14 26 27 27 28 15 15 6 28 28 7 13 13 8 19 19 7 13 13 6 28 28 4 29 29 4 29 29 5 11 11 7 13 13 5 11 11 4 29 29 2 30 30 2 30 30 3 9 9 5 11 11 3 9 9 2 30 30 0 31 31 0 31 31 1 7 7 3 9 9 1 7 7 0 31 31 30 17 17 11 16 16 28 15 15 10 25 25</p>
                </triangles>
            </mesh>
        </geometry>
        <geometry id="ID79">
            <mesh>
                <source id="ID80">
                    <float_array id="ID81" count="705">309.781 316.688 -740.75 309.781 316.688 -740.75 230.531 316.688 -740.75 247.281 289.875 -727.75 293.031 289.875 -727.75 293.031 289.875 -727.75 190.906 316.688 -710 224.406 289.875 -710 230.531 316.688 -679.219 247.281 289.875 -692.219 309.781 316.688 -679.219 293.031 289.875 -692.219 349.406 316.688 -710 315.906 289.875 -710 315.906 353.281 -745.5 315.906 353.281 -745.5 224.406 353.281 -745.5 178.656 353.281 -710 224.406 353.281 -674.469 315.906 353.281 -674.469 361.656 353.281 -710 309.781 389.875 -740.75 309.781 389.875 -740.75 230.531 389.875 -740.75 190.906 389.875 -710 230.531 389.875 -679.219 309.781 389.875 -679.219 349.406 389.875 -710 293.031 416.656 -727.75 293.031 416.656 -727.75 247.281 416.656 -727.75 224.406 416.656 -710 247.281 416.656 -692.219 293.031 416.656 -692.219 315.906 416.656 -710 270.156 280.063 -710 270.156 280.063 -710 270.156 280.063 -710 270.156 280.063 -710 270.156 280.063 -710 270.156 280.063 -710 270.156 426.469 -710 270.156 426.469 -710 270.156 426.469 -710 270.156 426.469 -710 270.156 426.469 -710 270.156 426.469 -710 -230.531 316.688 -740.75 -230.531 316.688 -740.75 -309.781 316.688 -740.75 -293.031 289.875 -727.75 -247.281 289.875 -727.75 -247.281 289.875 -727.75 -349.406 316.688 -710 -315.906 289.875 -710 -309.781 316.688 -679.219 -293.031 289.875 -692.219 -230.531 316.688 -679.219 -247.281 289.875 -692.219 -190.906 316.688 -710 -224.406 289.875 -710 -224.406 353.281 -745.5 -224.406 353.281 -745.5 -315.906 353.281 -745.5 -361.656 353.281 -710 -315.906 353.281 -674.469 -224.406 353.281 -674.469 -178.656 353.281 -710 -230.531 389.875 -740.75 -230.531 389.875 -740.75 -309.781 389.875 -740.75 -349.406 389.875 -710 -309.781 389.875 -679.219 -230.531 389.875 -679.219 -190.906 389.875 -710 -247.281 416.656 -727.75 -247.281 416.656 -727.75 -293.031 416.656 -727.75 -315.906 416.656 -710 -293.031 416.656 -692.219 -247.281 416.656 -692.219 -224.406 416.656 -710 -270.156 280.063 -710 -270.156 280.063 -710 -270.156 280.063 -710 -270.156 280.063 -710 -270.156 280.063 -710 -270.156 280.063 -710 -270.156 426.469 -710 -270.156 426.469 -710 -270.156 426.469 -710 -270.156 426.469 -710 -270.156 426.469 -710 -270.156 426.469 -710 46.75 344.594 -596.219 46.75 344.594 -596.219 -46.75 344.594 -596.219 -26.9688 295.813 -585 26.9688 295.813 -585 26.9688 295.813 -585 -93.5 344.594 -569.719 -53.9688 295.813 -569.719 -46.75 344.594 -543.219 -26.9688 295.813 -554.406 46.75 344.594 -543.219 26.9688 295.813 -554.406 93.5 344.594 -569.719 53.9688 295.813 -569.719 53.9688 411.219 -600.313 53.9688 411.219 -600.313 -53.9688 411.219 -600.313 -107.969 411.219 -569.719 -53.9688 411.219 -539.094 53.9688 411.219 -539.094 107.969 411.219 -569.719 46.75 477.844 -596.219 46.75 477.844 -596.219 -46.75 477.844 -596.219 -93.5 477.844 -569.719 -46.75 477.844 -543.219 46.75 477.844 -543.219 93.5 477.844 -569.719 26.9688 526.594 -585 26.9688 526.594 -585 -26.9688 526.594 -585 -53.9688 526.594 -569.719 -26.9688 526.594 -554.406 26.9688 526.594 -554.406 53.9688 526.594 -569.719 0 277.969 -569.719 0 277.969 -569.719 0 277.969 -569.719 0 277.969 -569.719 0 277.969 -569.719 0 277.969 -569.719 0 544.469 -569.719 0 544.469 -569.719 0 544.469 -569.719 0 544.469 -569.719 0 544.469 -569.719 0 544.469 -569.719 137.344 374.625 -590.875 137.344 374.625 -590.875 74.5 374.625 -590.875 87.7813 347.813 -581.938 124.063 347.813 -581.938 124.063 347.813 -581.938 43.0625 374.625 -569.719 69.625 347.813 -569.719 74.5 374.625 -548.563 87.7813 347.813 -557.5 137.344 374.625 -548.563 124.063 347.813 -557.5 168.781 374.625 -569.719 142.219 347.813 -569.719 142.219 411.219 -594.125 142.219 411.219 -594.125 69.625 411.219 -594.125 33.3438 411.219 -569.719 69.625 411.219 -545.281 142.219 411.219 -545.281 178.5 411.219 -569.719 137.344 447.813 -590.875 137.344 447.813 -590.875 74.5 447.813 -590.875 43.0625 447.813 -569.719 74.5 447.813 -548.563 137.344 447.813 -548.563 168.781 447.813 -569.719 124.063 474.625 -581.938 124.063 474.625 -581.938 87.7813 474.625 -581.938 69.625 474.625 -569.719 87.7813 474.625 -557.5 124.063 474.625 -557.5 142.219 474.625 -569.719 105.906 338.031 -569.719 105.906 338.031 -569.719 105.906 338.031 -569.719 105.906 338.031 -569.719 105.906 338.031 -569.719 105.906 338.031 -569.719 105.906 484.406 -569.719 105.906 484.406 -569.719 105.906 484.406 -569.719 105.906 484.406 -569.719 105.906 484.406 -569.719 105.906 484.406 -569.719 -74.5 374.625 -590.875 -74.5 374.625 -590.875 -137.344 374.625 -590.875 -124.063 347.813 -581.938 -87.7813 347.813 -581.938 -87.7813 347.813 -581.938 -168.781 374.625 -569.719 -142.219 347.813 -569.719 -137.344 374.625 -548.563 -124.063 347.813 -557.5 -74.5 374.625 -548.563 -87.7813 347.813 -557.5 -43.0625 374.625 -569.719 -69.625 347.813 -569.719 -69.625 411.219 -594.125 -69.625 411.219 -594.125 -142.219 411.219 -594.125 -178.5 411.219 -569.719 -142.219 411.219 -545.281 -69.625 411.219 -545.281 -33.3438 411.219 -569.719 -74.5 447.813 -590.875 -74.5 447.813 -590.875 -137.344 447.813 -590.875 -168.781 447.813 -569.719 -137.344 447.813 -548.563 -74.5 447.813 -548.563 -43.0625 447.813 -569.719 -87.7813 474.625 -581.938 -87.7813 474.625 -581.938 -124.063 474.625 -581.938 -142.219 474.625 -569.719 -124.063 474.625 -557.5 -87.7813 474.625 -557.5 -69.625 474.625 -569.719 -105.906 338.031 -569.719 -105.906 338.031 -569.719 -105.906 338.031 -569.719 -105.906 338.031 -569.719 -105.906 338.031 -569.719 -105.906 338.031 -569.719 -105.906 484.406 -569.719 -105.906 484.406 -569.719 -105.906 484.406 -569.719 -105.906 484.406 -569.719 -105.906 484.406 -569.719 -105.906 484.406 -569.719</float_array>
                    <technique_common>
                        <accessor count="235" source="#ID81" stride="3">
                            <param name="X" type="float"/>
                            <param name="Y" type="float"/>
                            <param name="Z" type="float"/>
                        </accessor>
                    </technique_common>
                </source>
                <source id="ID82">
                    <float_array id="ID83" count="561">0.202448 0.943899 -0.260902 0.406867 0.748026 -0.524324 0.443773 0.883689 0.148857 0.801538 0.596866 0.0358875 0.282595 0.379147 0.881129 0.3222 0.0129438 0.946583 -0.3222 -0.0129438 0.946583 -0.282656 -0.378894 0.881218 -0.801753 -0.596581 0.0358237 -0.444014 -0.883552 0.148952 -0.251616 -0.742879 -0.620338 -0.202448 -0.943899 -0.260902 0.202472 0.944012 0.260474 0.148962 0.713359 0.684784 -0.300609 0.358346 0.883868 -0.611979 0.0682458 0.787924 -0.611626 -0.068232 -0.788199 -0.300441 -0.358048 -0.884045 0 -0.607792 -0.794096 0 -0.875173 -0.48381 0 0.875533 0.483159 -0.251664 0.743357 0.619746 -0.801505 0.596877 -0.0364286 -0.321991 0.0129233 -0.946654 0 -0.233934 -0.972252 -0.202472 -0.944012 0.260474 -0.149021 -0.713149 0.68499 0.300636 -0.358107 0.883955 0.611979 -0.0682458 0.787924 0.611626 0.068232 -0.788199 0.575507 0.344634 -0.741632 -0.202472 0.944012 0.260474 -0.443659 0.883653 -0.149413 -0.282374 0.379045 -0.881244 0 0.0432274 -0.999065 0 -0.875533 0.483159 0.251776 -0.743143 0.619958 0.80172 -0.596592 -0.0363649 0.611625 -0.0682475 -0.788198 -0.202448 0.943899 -0.260902 -0.148831 0.713149 -0.685031 0 0.337933 -0.94117 0.202472 -0.944012 0.260474 0.443901 -0.883516 -0.149508 0.536723 -0.483269 -0.69165 0 0.875173 -0.48381 0 0.688089 -0.725626 0.202448 -0.943899 -0.260902 0.359601 -0.809889 -0.46343 0.27485 0.829835 -0.485624 0.412962 0.545622 -0.729218 0.383181 0.628331 -0.677032 0.472443 0.285381 -0.83388 0.413297 0.545804 0.728892 0.483582 0.196462 0.852966 0.244334 0.207882 0.947146 0.254571 0.00773644 0.967023 -0.254571 -0.00773644 0.967023 -0.244345 -0.207784 0.947165 -0.483589 -0.196391 0.852978 -0.413267 -0.545895 0.728841 -0.472464 -0.285239 -0.833916 -0.38309 -0.62856 -0.676871 -0.253031 -0.520385 -0.815582 -0.274519 -0.830287 -0.485039 0.274982 0.830235 0.484866 0.156875 0.492076 0.856301 -0.249125 0.189346 0.949782 -0.49294 0.0357319 0.869329 -0.492688 -0.0356151 -0.869477 -0.249057 -0.189393 -0.94979 0 -0.375887 -0.926666 0 -0.650463 -0.759538 0 0.650573 0.759444 -0.253276 0.520429 0.815478 -0.472679 0.285398 0.83374 -0.483471 0.196303 -0.853066 -0.25443 0.00780727 -0.967059 0 -0.115945 -0.993256 -0.274651 -0.830685 0.484282 -0.156833 -0.492274 0.856195 0.24913 -0.189262 0.949797 0.49294 -0.0357319 0.869329 0.492688 0.0356151 -0.869477 0.483458 0.19643 -0.853044 -0.274982 0.830235 0.484866 -0.383581 0.628816 0.676355 -0.412938 0.545698 -0.729175 -0.244206 0.207802 -0.947197 0 0.0204773 -0.99979 0 -0.651229 0.758881 0.253253 -0.520611 0.815369 0.4727 -0.285256 0.833777 0.483478 -0.196232 -0.853078 0.492687 -0.0356647 -0.869475 -0.27485 0.829835 -0.485624 -0.156642 0.492009 -0.856382 0 0.170468 -0.985363 0.274651 -0.830685 0.484282 0.383489 -0.629045 0.676194 0.412908 -0.545789 -0.729124 0.472461 -0.285259 -0.833911 0 0.649806 -0.7601 0 0.449995 -0.893031 0.274519 -0.830287 -0.485039 0.382993 -0.628804 -0.676699 0.242604 0.900659 -0.360494 0.424279 0.650009 -0.630456 0.383641 0.726529 -0.570065 0.517138 0.37691 -0.768445 0.42428 0.650008 0.630457 0.538765 0.263032 0.800342 0.269896 0.284126 0.920016 0.290968 0.0100822 0.95668 -0.290968 -0.0100822 0.95668 -0.269896 -0.284126 0.920016 -0.538765 -0.263032 0.800342 -0.424319 -0.649927 0.630515 -0.517138 -0.37691 -0.768445 -0.38371 -0.726414 -0.570167 -0.261579 -0.635866 -0.72612 -0.242774 -0.900513 -0.360746 0.242604 0.900659 0.360494 0.15811 0.604999 0.78037 -0.279676 0.263213 0.92331 -0.557852 0.0495053 0.828462 -0.557531 -0.0493037 -0.828691 -0.279604 -0.262942 -0.923408 0 -0.488772 -0.872412 0 -0.780674 -0.624939 0 0.780674 0.624939 -0.261579 0.635866 0.72612 -0.517138 0.37691 0.768445 -0.538641 0.262766 -0.800512 -0.290779 0.0102129 -0.956736 0 -0.165383 -0.986229 -0.242774 -0.900513 0.360746 -0.158142 -0.60495 0.780401 0.279676 -0.263213 0.92331 0.557852 -0.0495053 0.828462 0.557531 0.0493037 -0.828691 0.53864 0.262773 -0.800511 -0.242774 0.900513 0.360746 -0.38371 0.726414 0.570167 -0.424319 0.649927 -0.630515 -0.269927 0.283729 -0.920129 0 0.0295914 -0.999562 0 -0.780674 0.624939 0.26155 -0.635916 0.726087 0.517138 -0.37691 0.768445 0.538641 -0.262766 -0.800512 0.557529 -0.0493554 -0.828689 -0.242774 0.900513 -0.360746 -0.158142 0.60495 -0.780401 0 0.241765 -0.970335 0.242604 -0.900659 0.360494 0.383641 -0.726529 0.570065 0.42428 -0.650008 -0.630457 0.517153 -0.376843 -0.768467 0 0.780674 -0.624939 0 0.57184 -0.820365 0.242604 -0.900659 -0.360494 0.383644 -0.726526 -0.570069 0.242774 0.900513 -0.360746 0.424318 0.649928 -0.630514 0.38371 0.726414 -0.570167 0.424319 0.649927 0.630515 -0.42428 -0.650008 0.630457 -0.383641 -0.726529 -0.570065 -0.26155 -0.635916 -0.726087 -0.242604 -0.900659 -0.360494 0.242774 0.900513 0.360746 0.158142 0.60495 0.780401 -0.26155 0.635916 0.726087 -0.242604 -0.900659 0.360494 -0.15811 -0.604999 0.78037 -0.242604 0.900659 0.360494 -0.383641 0.726529 0.570065 -0.42428 0.650008 -0.630457 0.261579 -0.635866 0.72612 -0.242604 0.900659 -0.360494 -0.15811 0.604999 -0.78037 0.242774 -0.900513 0.360746 0.38371 -0.726414 0.570167 0.424319 -0.649927 -0.630515 0.242774 -0.900513 -0.360746 0.383712 -0.72641 -0.57017</float_array>
                    <technique_common>
                        <accessor count="187" source="#ID83" stride="3">
                            <param name="X" type="float"/>
                            <param name="Y" type="float"/>
                            <param name="Z" type="float"/>
                        </accessor>
                    </technique_common>
                </source>
                <source id="ID84">
                    <float_array id="ID85" count="94">0.916016 1 1 0.833984 0.833008 0.833984 0.833008 0.666992 0.666016 0.666992 0.666016 0.5 0.5 0.5 0.5 0.333984 0.333008 0.333984 0.333008 0.166992 0.166016 0.166992 0.25 0 0.75 1 0.666016 0.833984 0.5 0.666992 0.333008 0.5 0.166016 0.333984 0 0.166992 0.0830078 0 0.583008 1 0.5 0.833984 0.333008 0.666992 0.166016 0.5 0 0.333984 0.416016 0 0.5 0.166992 0.666016 0.333984 0.833008 0.5 1 0.666992 0.416016 1 0.333008 0.833984 0.166016 0.666992 0 0.5 0.583008 0 0.666016 0.166992 0.833008 0.333984 1 0.5 0.25 1 0.166016 0.833984 0 0.666992 0.75 0 0.833008 0.166992 1 0.333984 0.0830078 1 0 0.833984 0.916016 0 1 0.166992</float_array>
                    <technique_common>
                        <accessor count="47" source="#ID85" stride="2">
                            <param name="S" type="float"/>
                            <param name="T" type="float"/>
                        </accessor>
                    </technique_common>
                </source>
                <vertices id="ID86">
                    <input semantic="POSITION" source="#ID80"/>
                </vertices>
                <triangles count="300" material="Material1">
                    <input offset="0" semantic="VERTEX" source="#ID86"/>
                    <input offset="1" semantic="NORMAL" source="#ID82"/>
                    <input offset="2" semantic="TEXCOORD" source="#ID84" set="0"/>
                    <p>34 2 2 29 1 1 46 0 0 29 1 1 34 2 2 27 3 3 26 4 4 27 3 3 34 2 2 27 3 3 26 4 4 19 5 5 18 6 6 19 5 5 26 4 4 19 5 5 18 6 6 8 7 7 6 8 8 8 7 7 18 6 6 8 7 7 6 8 8 7 9 9 3 10 10 7 9 9 6 8 8 7 9 9 3 10 10 36 11 11 33 13 13 34 2 2 45 12 12 34 2 2 33 13 13 26 4 4 25 14 14 26 4 4 33 13 13 26 4 4 25 14 14 18 6 6 17 15 15 18 6 6 25 14 14 18 6 6 17 15 15 6 8 8 2 17 16 6 8 8 17 16 15 6 8 8 2 17 16 3 10 10 4 18 17 3 10 10 2 17 16 3 10 10 4 18 17 35 19 18 32 21 20 33 13 13 44 20 19 33 13 13 32 21 20 25 14 14 24 22 21 25 14 14 32 21 20 25 14 14 24 22 21 17 15 15 16 23 22 17 16 15 24 22 21 17 16 15 16 23 22 2 17 16 0 24 23 2 17 16 16 23 22 2 17 16 0 24 23 4 18 17 9 26 25 7 9 9 37 25 24 7 9 9 9 26 25 8 7 7 10 27 26 8 7 7 9 26 25 8 7 7 10 27 26 19 5 5 20 28 27 19 5 5 10 27 26 19 5 5 20 28 27 27 3 3 22 30 28 27 3 3 20 29 27 27 3 3 22 30 28 29 1 1 31 32 30 32 21 20 43 31 29 32 21 20 31 32 30 24 22 21 23 33 31 24 22 21 31 32 30 24 22 21 23 33 31 16 23 22 14 34 32 16 23 22 23 33 31 16 23 22 14 34 32 0 24 23 11 36 34 9 26 25 38 35 33 9 26 25 11 36 34 10 27 26 12 37 35 10 27 26 11 36 34 10 27 26 12 37 35 20 28 27 15 38 36 20 29 27 12 37 35 20 29 27 15 38 36 22 30 28 30 40 38 31 32 30 42 39 37 31 32 30 30 40 38 23 33 31 21 41 39 23 33 31 30 40 38 23 33 31 21 41 39 14 34 32 13 43 41 11 36 34 39 42 40 11 36 34 13 43 41 12 37 35 1 44 42 12 37 35 13 43 41 12 37 35 1 44 42 15 38 36 28 46 44 30 40 38 41 45 43 30 40 38 28 46 44 21 41 39 5 48 46 13 43 41 40 47 45 13 43 41 5 48 46 1 44 42 81 2 2 76 1 1 93 0 0 76 1 1 81 2 2 74 3 3 73 4 4 74 3 3 81 2 2 74 3 3 73 4 4 66 5 5 65 6 6 66 5 5 73 4 4 66 5 5 65 6 6 55 7 7 53 8 8 55 7 7 65 6 6 55 7 7 53 8 8 54 9 9 50 10 10 54 9 9 53 8 8 54 9 9 50 10 10 83 11 11 80 13 13 81 2 2 92 12 12 81 2 2 80 13 13 73 4 4 72 14 14 73 4 4 80 13 13 73 4 4 72 14 14 65 6 6 64 15 15 65 6 6 72 14 14 65 6 6 64 15 15 53 8 8 49 17 16 53 8 8 64 16 15 53 8 8 49 17 16 50 10 10 51 18 17 50 10 10 49 17 16 50 10 10 51 18 17 82 19 18 79 21 20 80 13 13 91 20 19 80 13 13 79 21 20 72 14 14 71 22 21 72 14 14 79 21 20 72 14 14 71 22 21 64 15 15 63 23 22 64 16 15 71 22 21 64 16 15 63 23 22 49 17 16 47 24 23 49 17 16 63 23 22 49 17 16 47 24 23 51 18 17 56 26 25 54 9 9 84 25 24 54 9 9 56 26 25 55 7 7 57 27 26 55 7 7 56 26 25 55 7 7 57 27 26 66 5 5 67 28 27 66 5 5 57 27 26 66 5 5 67 28 27 74 3 3 69 30 28 74 3 3 67 29 27 74 3 3 69 30 28 76 1 1 78 32 30 79 21 20 90 31 29 79 21 20 78 32 30 71 22 21 70 33 31 71 22 21 78 32 30 71 22 21 70 33 31 63 23 22 61 34 32 63 23 22 70 33 31 63 23 22 61 34 32 47 24 23 58 36 34 56 26 25 85 35 33 56 26 25 58 36 34 57 27 26 59 37 35 57 27 26 58 36 34 57 27 26 59 37 35 67 28 27 62 38 36 67 29 27 59 37 35 67 29 27 62 38 36 69 30 28 77 40 38 78 32 30 89 39 37 78 32 30 77 40 38 70 33 31 68 41 39 70 33 31 77 40 38 70 33 31 68 41 39 61 34 32 60 43 41 58 36 34 86 42 40 58 36 34 60 43 41 59 37 35 48 44 42 59 37 35 60 43 41 59 37 35 48 44 42 62 38 36 75 46 44 77 40 38 88 45 43 77 40 38 75 46 44 68 41 39 52 48 46 60 43 41 87 47 45 60 43 41 52 48 46 48 44 42 128 51 2 123 50 1 140 49 0 123 50 1 128 51 2 121 52 3 120 55 4 121 54 3 128 53 2 121 54 3 120 55 4 113 56 5 112 57 6 113 56 5 120 55 4 113 56 5 112 57 6 102 58 7 100 59 8 102 58 7 112 57 6 102 58 7 100 59 8 101 60 9 97 63 10 101 62 9 100 61 8 101 62 9 97 63 10 130 64 11 127 66 13 128 53 2 139 65 12 128 53 2 127 66 13 120 55 4 119 67 14 120 55 4 127 66 13 120 55 4 119 67 14 112 57 6 111 68 15 112 57 6 119 67 14 112 57 6 111 68 15 100 59 8 96 70 16 100 61 8 111 69 15 100 61 8 96 70 16 97 63 10 98 71 17 97 63 10 96 70 16 97 63 10 98 71 17 129 72 18 126 74 20 127 66 13 138 73 19 127 66 13 126 74 20 119 67 14 118 75 21 119 67 14 126 74 20 119 67 14 118 75 21 111 68 15 110 77 22 111 69 15 118 76 21 111 69 15 110 77 22 96 70 16 94 78 23 96 70 16 110 77 22 96 70 16 94 78 23 98 71 17 103 80 25 101 60 9 131 79 24 101 60 9 103 80 25 102 58 7 104 81 26 102 58 7 103 80 25 102 58 7 104 81 26 113 56 5 114 82 27 113 56 5 104 81 26 113 56 5 114 82 27 121 54 3 116 84 28 121 52 3 114 83 27 121 52 3 116 84 28 123 50 1 125 86 30 126 74 20 137 85 29 126 74 20 125 86 30 118 75 21 117 88 31 118 76 21 125 87 30 118 76 21 117 88 31 110 77 22 108 89 32 110 77 22 117 88 31 110 77 22 108 89 32 94 78 23 105 91 34 103 80 25 132 90 33 103 80 25 105 91 34 104 81 26 106 92 35 104 81 26 105 91 34 104 81 26 106 92 35 114 82 27 109 94 36 114 83 27 106 93 35 114 83 27 109 94 36 116 84 28 124 96 38 125 87 30 136 95 37 125 87 30 124 96 38 117 88 31 115 97 39 117 88 31 124 96 38 117 88 31 115 97 39 108 89 32 107 99 41 105 91 34 133 98 40 105 91 34 107 99 41 106 92 35 95 101 42 106 93 35 107 100 41 106 93 35 95 101 42 109 94 36 122 103 44 124 96 38 135 102 43 124 96 38 122 103 44 115 97 39 99 105 46 107 100 41 134 104 45 107 100 41 99 105 46 95 101 42 175 108 2 170 107 1 187 106 0 170 107 1 175 108 2 168 109 3 167 112 4 168 111 3 175 110 2 168 111 3 167 112 4 160 113 5 159 114 6 160 113 5 167 112 4 160 113 5 159 114 6 149 115 7 147 116 8 149 115 7 159 114 6 149 115 7 147 116 8 148 117 9 144 120 10 148 119 9 147 118 8 148 119 9 144 120 10 177 121 11 174 123 13 175 110 2 186 122 12 175 110 2 174 123 13 167 112 4 166 124 14 167 112 4 174 123 13 167 112 4 166 124 14 159 114 6 158 125 15 159 114 6 166 124 14 159 114 6 158 125 15 147 116 8 143 127 16 147 118 8 158 126 15 147 118 8 143 127 16 144 120 10 145 128 17 144 120 10 143 127 16 144 120 10 145 128 17 176 129 18 173 131 20 174 123 13 185 130 19 174 123 13 173 131 20 166 124 14 165 132 21 166 124 14 173 131 20 166 124 14 165 132 21 158 125 15 157 134 22 158 126 15 165 133 21 158 126 15 157 134 22 143 127 16 141 135 23 143 127 16 157 134 22 143 127 16 141 135 23 145 128 17 150 137 25 148 117 9 178 136 24 148 117 9 150 137 25 149 115 7 151 138 26 149 115 7 150 137 25 149 115 7 151 138 26 160 113 5 161 139 27 160 113 5 151 138 26 160 113 5 161 139 27 168 111 3 163 141 28 168 109 3 161 140 27 168 109 3 163 141 28 170 107 1 172 143 30 173 131 20 184 142 29 173 131 20 172 143 30 165 132 21 164 145 31 165 133 21 172 144 30 165 133 21 164 145 31 157 134 22 155 146 32 157 134 22 164 145 31 157 134 22 155 146 32 141 135 23 152 148 34 150 137 25 179 147 33 150 137 25 152 148 34 151 138 26 153 149 35 151 138 26 152 148 34 151 138 26 153 149 35 161 139 27 156 151 36 161 140 27 153 150 35 161 140 27 156 151 36 163 141 28 171 153 38 172 144 30 183 152 37 172 144 30 171 153 38 164 145 31 162 154 39 164 145 31 171 153 38 164 145 31 162 154 39 155 146 32 154 156 41 152 148 34 180 155 40 152 148 34 154 156 41 153 149 35 142 158 42 153 150 35 154 157 41 153 150 35 142 158 42 156 151 36 169 160 44 171 153 38 182 159 43 171 153 38 169 160 44 162 154 39 146 162 46 154 157 41 181 161 45 154 157 41 146 162 46 142 158 42 222 165 2 217 164 1 234 163 0 217 164 1 222 165 2 215 109 3 214 112 4 215 111 3 222 166 2 215 111 3 214 112 4 207 113 5 206 114 6 207 113 5 214 112 4 207 113 5 206 114 6 196 115 7 194 116 8 196 115 7 206 114 6 196 115 7 194 116 8 195 167 9 191 169 10 195 168 9 194 118 8 195 168 9 191 169 10 224 170 11 221 172 13 222 166 2 233 171 12 222 166 2 221 172 13 214 112 4 213 124 14 214 112 4 221 172 13 214 112 4 213 124 14 206 114 6 205 125 15 206 114 6 213 124 14 206 114 6 205 125 15 194 116 8 190 127 16 194 118 8 205 126 15 194 118 8 190 127 16 191 169 10 192 128 17 191 169 10 190 127 16 191 169 10 192 128 17 223 129 18 220 173 20 221 172 13 232 130 19 221 172 13 220 173 20 213 124 14 212 132 21 213 124 14 220 173 20 213 124 14 212 132 21 205 125 15 204 134 22 205 126 15 212 133 21 205 126 15 204 134 22 190 127 16 188 135 23 190 127 16 204 134 22 190 127 16 188 135 23 192 128 17 197 175 25 195 167 9 225 174 24 195 167 9 197 175 25 196 115 7 198 138 26 196 115 7 197 175 25 196 115 7 198 138 26 207 113 5 208 139 27 207 113 5 198 138 26 207 113 5 208 139 27 215 111 3 210 141 28 215 109 3 208 140 27 215 109 3 210 141 28 217 164 1 219 177 30 220 173 20 231 176 29 220 173 20 219 177 30 212 132 21 211 145 31 212 133 21 219 178 30 212 133 21 211 145 31 204 134 22 202 146 32 204 134 22 211 145 31 204 134 22 202 146 32 188 135 23 199 179 34 197 175 25 226 147 33 197 175 25 199 179 34 198 138 26 200 149 35 198 138 26 199 179 34 198 138 26 200 149 35 208 139 27 203 151 36 208 140 27 200 150 35 208 140 27 203 151 36 210 141 28 218 181 38 219 178 30 230 180 37 219 178 30 218 181 38 211 145 31 209 154 39 211 145 31 218 181 38 211 145 31 209 154 39 202 146 32 201 183 41 199 179 34 227 182 40 199 179 34 201 183 41 200 149 35 189 158 42 200 150 35 201 184 41 200 150 35 189 158 42 203 151 36 216 160 44 218 181 38 229 159 43 218 181 38 216 160 44 209 154 39 193 186 46 201 184 41 228 185 45 201 184 41 193 186 46 189 158 42</p>
                </triangles>
            </mesh>
        </geometry>
        <geometry id="ID88">
            <mesh>
                <source id="ID89">
                    <float_array id="ID90" count="525">-253.688 788.813 -107.906 -236.313 808.063 -55.25 -281.219 830.375 -49.7188 -296.219 813.406 -99.2813 -324.563 784.219 -133.813 -355.094 752.813 -156.156 -320.406 723.344 -173.219 -285.188 759.688 -147.375 -497.406 590.281 -49.6563 -504.094 586.281 1.3125 -486.313 549.344 1.125 -478.688 553.781 -54.125 -460.719 635.25 -134.156 -482.5 607.844 -99.4063 -462.469 573.5 -106.188 -437.813 604.563 -145.531 -253.281 788.344 112.406 -284.844 759.219 151.875 -324.313 783.844 138.5 -295.906 813.031 103.969 -236.188 807.906 59.75 -281.125 830.219 54.4063 -319.719 722.531 177.844 -363.594 683.813 185.563 -394.625 713.281 168.688 -354.781 752.375 160.813 -497.313 590.156 54.1875 -478.563 553.563 58.5 -482.188 607.5 103.906 -462 572.906 110.563 -460.469 634.906 138.656 -437.375 603.969 149.969 -395.719 714.219 -161.031 -427.281 677.281 -156.281 -401.375 643.063 -172.094 -364.719 684.938 -179.906 -299.406 813.688 1.75 -299.406 813.688 1.75 -302.125 807.781 -39.625 -277.875 837.656 1.40625 -277.875 837.656 1.40625 -314.25 794.063 -79.75 -337.188 770.438 -107.719 -361.906 745.031 -125.781 -394.813 713.781 -129.75 -465.031 627.656 -79.8438 -477.125 613.438 -39.5938 -482.531 610.219 1.65625 -447.406 649.844 -108 -302.031 807.688 44.6563 -447.219 649.563 112.844 -420.156 683.594 130.844 444.344 62.0938 -295.5 -427.063 676.938 160.875 378.281 62.0938 -379.594 -361.656 744.656 130.781 367.125 -2.4375 -368.406 -337 770.156 112.719 431.188 -2.4375 -286.688 -314 793.75 84.75 -291.125 19.1563 -434.844 -393.906 713 137.156 -366.813 -2.4375 -368.719 -477.031 613.344 44.4688 -275.594 -2.15625 -437.688 -464.813 627.375 84.7188 -444.094 62.0938 -295.844 -420.344 683.875 -125.906 -430.969 -2.4375 -287.031 -252.125 760.125 -0.15625 -252.125 760.125 -0.15625 -377.969 62.0938 -379.875 -254.844 754.219 -39.125 -489.031 62.0938 -202 -267.25 741.188 -75.2813 -473.719 -2.4375 -196.469 -286.719 719.781 -103.344 473.875 -2.4375 -196.063 -311.438 694.375 -121.406 489.219 62.0938 -201.625 -340.656 666.156 -126.813 515.188 62.0938 -101.469 -407.438 586.344 -75.3438 498.688 -2.4375 -99.4375 -418.688 572.156 -39.1563 506.219 -2.4375 -1.375 -424.125 568.906 -0.21875 522.688 62.0938 -1.375 -389.844 608.531 -103.469 366.813 -2.4375 365.5 -254.719 754.125 40.2813 378 62.0938 376.688 -389.625 608.25 104.5 444.094 62.0938 292.656 -365.969 636.594 122.5 430.969 -2.4375 283.844 -311.188 694 122.5 -0.1875 -2.4375 504.625 -286.5 719.5 104.438 -0.1875 62.0938 521.094 -267 740.875 76.4063 99.8438 62.0938 513.594 -340.031 665.75 128.594 97.8125 -2.4375 497.094 -418.625 572 40.1875 -367.094 -2.4375 365.219 -407.219 586.063 76.3438 -378.281 62.0938 376.375 -366.156 636.906 -121.438 -294.25 62.0938 442.5 -232.5 816.625 1.15625 -232.5 816.625 1.15625 -285.438 -2.4375 429.375 -401.031 642.563 176.531 -431.188 -2.4375 283.5 -337.594 664.5 0.4375 -444.344 62.0938 292.281 -473.875 -2.4375 192.875 -489.219 62.0938 198.406 285.094 -2.4375 429.594 293.906 62.0938 442.75 194.469 -2.4375 472.281 200.031 62.0938 487.594 473.719 -2.4375 193.25 489.031 62.0938 198.813 498.625 -2.4375 96.625 515.094 62.0938 98.6875 -194.844 -2.4375 472.125 -200.406 62.0938 487.438 -98.2188 -2.4375 497 -100.281 62.0938 513.5 290.563 19.25 -435.375 275.406 -2.15625 -435.938 294.406 62.0938 -443.031 -294.063 62.0938 -446.188 426.188 70.25 -281.875 362.844 70.25 -362.563 -362.563 70.25 -362.844 -425.969 70.25 -282.219 -469.063 70.25 -192.219 469.219 70.25 -191.844 501.344 70.25 0.1875 494.156 70.25 -95.7813 362.563 70.25 362.844 425.969 70.25 282.219 -0.1875 70.25 501.344 95.7813 70.25 494.156 -362.844 70.25 362.563 -282.219 70.25 425.969 -426.188 70.25 281.875 -469.219 70.25 191.844 281.875 70.25 426.188 191.844 70.25 469.219 469.063 70.25 192.219 494.063 70.25 96.1875 -192.219 70.25 469.063 -96.1875 70.25 494.063 -264.344 -2.21875 -418.281 -279.219 29.0625 -415.563 278.688 29.125 -416.063 264.156 -2.21875 -416.625 282.406 70.25 -423.406 -282.031 70.25 -426.438 -506.219 -2.4375 -1.78125 -498.625 -2.4375 -99.8125 -515.094 62.0938 -101.875 -522.688 62.0938 -1.78125 -515.188 62.0938 98.25 -515.188 62.0938 98.25 -498.688 -2.4375 96.2188 -498.688 -2.4375 96.2188 -501.344 70.25 -0.1875 -494.063 70.25 -96.1875 -494.156 70.25 95.7813 -494.156 70.25 95.7813</float_array>
                    <technique_common>
                        <accessor count="175" source="#ID90" stride="3">
                            <param name="X" type="float"/>
                            <param name="Y" type="float"/>
                            <param name="Z" type="float"/>
                        </accessor>
                    </technique_common>
                </source>
                <source id="ID91">
                    <float_array id="ID92" count="549">-0.55336 0.185972 -0.811916 -0.648207 0.623782 -0.436718 -0.379391 0.36836 -0.848748 -0.46281 0.592726 -0.659152 -0.300734 0.597849 -0.743058 -0.358842 0.733645 -0.577059 -0.172236 0.770327 -0.613947 -0.242703 0.878893 -0.410661 -0.0501508 0.903813 -0.42498 -0.153788 0.967244 -0.201959 0.0356171 0.982639 -0.182079 -0.115483 0.992524 -0.0394972 0.0616167 0.997331 0.0391771 -0.131266 0.979686 0.151607 0.0249988 0.964487 0.262946 -0.199549 0.90788 0.368693 -0.0713557 0.858775 0.507361 -0.310569 0.776325 0.548513 -0.193701 0.696135 0.691286 -0.41899 0.62456 0.659069 -0.320873 0.518162 0.79281 -0.391419 0.424616 0.81639 -0.433555 0.382685 0.815832 -0.662237 0.478503 0.576609 -0.614563 0.214896 0.759034 -0.699179 -0.00883114 0.714892 -0.804158 0.21387 0.554608 -0.857251 -0.0205935 0.514486 -0.753104 0.408655 0.515592 -0.593816 -0.129803 0.794062 -0.86466 0.265002 0.426775 -0.746638 -0.323837 0.581086 -0.942046 0.178386 0.284128 -0.854633 -0.409652 0.319041 -0.978029 0.147789 0.147027 -0.898767 -0.435865 0.0473151 -0.989328 0.14387 -0.0230596 -0.876873 -0.417264 -0.238714 -0.965635 0.156593 -0.207432 -0.795392 -0.357715 -0.489276 -0.918095 0.203822 -0.339938 -0.650265 -0.215259 -0.728573 -0.830327 0.315807 -0.459155 -0.481189 0.0166481 -0.876459 -0.723332 0.455489 -0.518961 -0.281388 0.26248 -0.922998 -0.68526 0.647619 -0.333179 -0.338039 0.638892 -0.691047 -0.424898 0.818988 -0.385642 -0.922873 0.109432 0.369229 -0.938784 -0.247346 0.2398 -0.744377 -0.651942 -0.144479 -0.957283 -0.27137 -0.099843 -0.973633 -0.140769 -0.17951 -0.979133 0.0496646 -0.197058 -0.91002 -0.0495492 -0.411592 -0.896455 0.151885 -0.416293 -0.717223 0.016818 -0.696641 -0.814058 0.454279 -0.361856 -0.541874 0.706196 0.455696 -0.57248 0.487341 0.659367 -0.437601 0.0759961 0.895952 -0.230574 0.283522 0.930833 -0.0136008 0.483516 0.87523 -0.282563 0.765574 0.577975 0.162277 0.634078 0.75605 -0.282854 0.88181 0.377365 0.341219 0.78582 0.515807 -0.109501 0.97013 0.216467 0.396474 0.869237 0.295357 0.420077 0.894094 0.155346 -0.0551671 0.450883 -0.890876 0.102971 0.602701 -0.791295 0.275734 0.732977 -0.621864 -0.254925 0.910045 -0.326852 0.395462 0.856252 -0.332327 -0.0675143 0.979341 -0.190614 -0.955089 0.288942 0.0657066 -0.955109 -0.276635 0.106023 -0.946185 0.309151 0.0957088 -0.430989 0.89685 -0.0995383 0.41873 0.89402 -0.159356 -0.429693 0.897476 0.0995042 -0.740741 0.671789 0.00185855 -0.67101 0.37994 -0.636703 -0.350552 0.932117 0.0909469 -0.339543 0.932379 0.124016 -0.834183 0.460761 0.303049 -0.315238 0.931746 0.180208 -0.668293 0.608678 0.427663 -0.26902 0.930526 0.248494 -0.657221 0.347877 0.668612 -0.20719 0.928672 0.307636 -0.411766 0.603926 0.682438 -0.14023 0.926629 0.348846 -0.315104 0.340058 0.886042 -0.0735332 0.925051 0.372657 -0.123226 0.595448 0.793887 -0.00977426 0.924235 0.381699 0.00498484 0.334865 0.942253 0.0509442 0.924685 0.377309 0.140138 0.595909 0.79073 0.117783 0.926025 0.358616 0.327166 0.340616 0.881444 0.184349 0.928157 0.323327 0.428974 0.60494 0.670843 0.248899 0.9301 0.270115 0.668334 0.348355 0.65725 0.301853 0.931341 0.203689 0.678804 0.609193 0.410011 0.33603 0.932075 0.135356 0.883804 0.346159 0.314745 0.353438 0.93284 0.069943 0.784544 0.6079 0.122266 0.35756 0.933844 0.00927464 0.938742 0.34459 -0.0046453 0.350054 0.935543 -0.0471249 0.778463 0.612484 -0.137329 0.329745 0.937853 -0.108168 0.87758 0.352259 -0.325218 0.295797 0.940248 -0.168635 0.659224 0.623102 -0.420914 0.245131 0.942116 -0.228753 0.628805 0.47744 -0.613722 0.202454 0.942002 -0.267664 0.598314 0.219294 -0.770669 0.787981 0.41429 -0.455466 0.780488 0.297522 -0.549836 0.694855 0.46779 -0.546214 0.812749 0.128967 -0.568161 -0.57167 -0.31554 -0.757383 -0.591637 -0.264764 -0.761489 -0.650094 -0.264346 -0.71239 -0.665784 0.359276 -0.653952 -0.82513 -0.239498 -0.511665 -0.670147 0.622 -0.404993 -0.92173 0.194974 -0.335259 -0.325142 0.938199 -0.118598 -0.778306 0.612523 -0.138042 -0.349987 0.935554 -0.0474228 -0.938733 0.344603 -0.00541182 -0.357571 0.933843 0.00894253 -0.720066 0.691803 0.0539755 -0.358704 0.933065 0.0268648 0.864767 -0.0721491 -0.496964 0.86475 -0.0721413 -0.496994 -0.438158 0.707494 -0.554499 -0.227441 0.942391 -0.245295 -0.281222 0.94078 -0.189331 0.550134 -0.369837 -0.748714 0.63414 -0.260514 -0.72801 0.58511 -0.282126 -0.760297 -0.791669 0.294462 -0.535306 -0.855566 -0.0153768 -0.517465 -0.822395 0.105404 -0.559067 -0.855805 -0.0149494 -0.517082 0.825456 -0.239899 -0.510951 -0.51166 -0.239619 0.825098 -0.329218 -0.244779 0.911975 -0.159151 -0.247679 0.955681 -0.000448926 -0.24728 0.968944 0.15838 -0.247648 0.955817 0.328587 -0.244779 0.912203 0.510941 -0.239888 0.825465 0.686476 -0.238123 0.687057 0.82511 -0.239706 0.511599 0.911925 -0.244779 0.329356 0.955733 -0.247468 0.159168 0.968944 -0.24728 0.000330854 0.955799 -0.247757 -0.158318 0.912091 -0.245194 -0.328587 -0.966005 -0.247904 0.0733326 -0.968944 -0.24728 -0.000295358 -0.955745 -0.247439 -0.15914 -0.912139 -0.245044 0.328565 -0.938602 -0.245738 0.242154 -0.860846 0.457301 0.223202 -0.825456 -0.239756 0.511018 -0.911952 -0.244629 -0.329395 -0.729513 0.439821 -0.523802 -0.733287 0.530368 -0.425441 -0.687111 -0.23781 0.686531 -0.207486 0.942292 -0.262747</float_array>
                    <technique_common>
                        <accessor count="183" source="#ID92" stride="3">
                            <param name="X" type="float"/>
                            <param name="Y" type="float"/>
                            <param name="Z" type="float"/>
                        </accessor>
                    </technique_common>
                </source>
                <source id="ID93">
                    <float_array id="ID94" count="338">-0.543945 0.000976563 -0.331055 0.000976563 -0.331055 0.0703125 -0.224609 0.000976563 -0.224609 0.0703125 -0.118164 0.000976563 -0.118164 0.0703125 -0.0117188 0.000976563 -0.0117188 0.0703125 0.0947266 0.000976563 0.0947266 0.0703125 0.201172 0.000976563 0.201172 0.0703125 0.307617 0.000976563 0.307617 0.0703125 0.414063 0.000976563 0.414063 0.0703125 0.520508 0.000976563 0.520508 0.0703125 0.626953 0.000976563 0.626953 0.0703125 0.734375 0.000976563 0.734375 0.0703125 0.84082 0.000976563 0.84082 0.0703125 0.947266 0.000976563 0.947266 0.0703125 1.16016 0.0703125 -0.224609 0.265625 -0.118164 0.154297 -0.118164 0.265625 -0.0117188 0.154297 -0.0117188 0.265625 0.0947266 0.154297 0.0947266 0.265625 0.201172 0.154297 0.201172 0.265625 0.307617 0.154297 0.307617 0.265625 0.414063 0.154297 0.414063 0.265625 0.520508 0.154297 0.520508 0.265625 0.626953 0.154297 0.626953 0.265625 0.734375 0.154297 0.734375 0.265625 0.84082 0.265625 0.947266 0.265625 1.16016 0.000976563 1.37402 0.0703125 -1.18359 0.0703125 -1.18359 0.000976563 -1.07715 0.0703125 -1.07715 0.000976563 -0.864258 0.0703125 -0.864258 0.000976563 -0.651367 0.0703125 -0.651367 0.000976563 -0.543945 0.265625 -0.331055 0.265625 -0.224609 0.154297 -0.331055 0.154297 -0.543945 0.154297 -0.651367 0.265625 -0.651367 0.154297 -0.864258 0.265625 -0.864258 0.154297 -1.07715 0.265625 -1.07715 0.154297 -1.18359 0.154297 0.84082 0.154297 0.947266 0.154297 1.16016 0.154297 1.16016 0.265625 1.37402 0.154297 1.37402 0.265625 1.48047 0.0703125 1.48047 0.000976563 1.37402 0.000976563 1.48047 0.265625 1.48047 0.154297 -1.18359 0.265625 -0.543945 0.0703125 -1.79004 1.94824 -1.54297 1.94824 -1.54297 1.87109 -1.29297 1.94824 -1.29297 1.87109 -1.03418 1.94824 -1.03418 1.87109 -0.773438 1.94824 -0.773438 1.87109 -0.515625 1.94824 -0.515625 1.87109 -0.254883 1.94824 -0.254883 1.87109 0 1.94824 0 1.87109 0.254883 1.94824 0.254883 1.87109 0.515625 1.94824 0.515625 1.87109 0.773438 1.94824 0.773438 1.87109 1.03516 1.94824 1.03516 1.87109 1.29395 1.94824 1.29395 1.87109 1.54395 1.94824 1.54395 1.87109 1.79102 1.94824 1.79102 1.87109 2.02832 1.94824 2.02832 1.87109 2.26074 1.94824 2.26074 1.87109 2.49707 1.94824 2.49707 1.87109 2.72852 1.94824 2.72852 1.87109 2.96484 1.94824 2.96484 1.87109 3.19434 1.94824 3.19434 1.87109 -3.22266 1.73242 -3.19043 1.7998 -3.19043 1.77832 -2.96582 1.73242 -2.96387 1.87109 -2.73047 1.73242 -2.72852 1.87109 -2.49609 1.87109 -2.49609 1.94824 -2.26074 1.87109 -2.26074 1.94824 -2.02734 1.87109 -2.02734 1.94824 -1.79004 1.87109 -3.19727 1.94824 -3.19727 1.87109 -2.96387 1.94824 -2.72852 1.94824 3.22266 1.73242 2.96582 1.73242 3.19336 1.7793 3.19336 1.7998 2.73047 1.73242 -0.774414 1.73242 -0.518555 1.73242 -0.257813 1.73242 0 1.73242 0.258789 1.73242 0.518555 1.73242 0.775391 1.73242 1.03711 1.73242 1.2959 1.73242 1.54492 1.73242 1.79102 1.73242 2.03125 1.73242 2.2666 1.73242 2.50098 1.73242 -1.79004 1.73242 -2.03027 1.73242 -2.2666 1.73242 -1.54395 1.73242 -1.2959 1.73242 -2.5 1.73242 -1.03613 1.73242</float_array>
                    <technique_common>
                        <accessor count="169" source="#ID94" stride="2">
                            <param name="S" type="float"/>
                            <param name="T" type="float"/>
                        </accessor>
                    </technique_common>
                </source>
                <vertices id="ID95">
                    <input semantic="POSITION" source="#ID89"/>
                </vertices>
                <triangles count="254" material="Material1">
                    <input offset="0" semantic="VERTEX" source="#ID95"/>
                    <input offset="1" semantic="NORMAL" source="#ID91"/>
                    <input offset="2" semantic="TEXCOORD" source="#ID93" set="0"/>
                    <p>102 2 2 61 1 1 55 0 0 61 1 1 102 2 2 51 3 3 94 4 4 51 3 3 102 2 2 51 3 3 94 4 4 50 5 5 92 6 6 50 5 5 94 4 4 50 5 5 92 6 6 65 7 7 106 8 8 65 7 7 92 6 6 65 7 7 106 8 8 63 9 9 104 10 10 63 9 9 106 8 8 63 9 9 104 10 10 47 11 11 86 12 12 47 11 11 104 10 10 47 11 11 86 12 12 46 13 13 84 14 14 46 13 13 86 12 12 46 13 13 84 14 14 45 15 15 82 16 16 45 15 15 84 14 14 45 15 15 82 16 16 48 17 17 88 18 18 48 17 17 82 16 16 48 17 17 88 18 18 67 19 19 108 20 20 67 19 19 88 18 18 67 19 19 108 20 20 44 21 21 80 22 22 44 21 21 108 20 20 44 21 21 80 22 22 43 23 23 78 24 24 43 23 23 80 22 22 43 23 23 78 24 24 42 25 25 76 26 26 42 25 25 78 24 24 42 25 25 76 26 26 74 27 27 30 30 30 31 29 29 53 28 28 31 29 29 30 30 30 29 31 31 28 32 32 29 31 31 30 30 30 29 31 31 28 32 32 27 33 33 26 34 34 27 33 33 28 32 32 27 33 33 26 34 34 10 35 35 9 36 36 10 35 35 26 34 34 10 35 35 9 36 36 11 37 37 8 38 38 11 37 37 9 36 36 11 37 37 8 38 38 14 39 39 13 40 40 14 39 39 8 38 38 14 39 39 13 40 40 15 41 41 12 42 42 15 41 41 13 40 40 15 41 41 12 42 42 34 43 43 33 44 44 34 43 43 12 42 42 34 43 43 33 44 44 35 45 45 32 46 46 35 45 45 33 44 44 35 45 45 32 46 46 5 47 47 43 23 23 5 47 47 32 46 46 5 47 47 43 23 23 4 48 48 42 25 25 4 48 48 43 23 23 4 48 48 42 25 25 41 49 49 74 27 27 41 49 49 42 25 25 41 49 49 74 27 27 72 50 50 51 3 3 53 28 28 61 1 1 53 28 28 51 3 3 30 30 30 50 5 5 30 30 30 51 3 3 30 30 30 50 5 5 28 32 32 65 7 7 28 32 32 50 5 5 28 32 32 65 7 7 26 34 34 63 9 9 26 34 34 65 7 7 26 34 34 63 9 9 9 36 36 47 11 11 9 36 36 63 9 9 9 36 36 47 11 11 8 38 38 46 13 13 8 38 38 47 11 11 8 38 38 46 13 13 13 40 40 45 15 15 13 40 40 46 13 13 13 40 40 45 15 15 12 42 42 48 17 17 12 42 42 45 15 15 12 42 42 48 17 17 33 44 44 67 19 19 33 44 44 48 17 17 33 44 44 67 19 19 32 46 46 44 21 21 32 46 46 67 19 19 32 46 46 44 21 21 43 23 23 90 53 53 37 52 52 70 51 51 37 52 52 90 53 53 49 54 54 100 55 55 49 54 54 90 53 53 49 54 54 100 55 55 59 56 56 98 57 57 59 56 56 100 55 55 59 56 56 98 57 57 57 58 58 55 0 0 57 58 58 98 57 57 57 58 58 55 0 0 25 59 59 61 1 1 25 59 59 55 0 0 25 59 59 61 1 1 24 60 60 53 28 28 24 60 60 61 1 1 24 60 60 53 28 28 113 61 61 31 29 29 113 61 61 53 28 28 23 62 62 24 60 60 113 61 61 24 60 60 23 62 62 25 59 59 22 63 63 25 59 59 23 62 62 25 59 59 22 63 63 18 64 64 17 65 65 18 64 64 22 63 63 18 64 64 17 65 65 19 66 66 16 67 67 19 66 66 17 65 65 19 66 66 16 67 67 21 68 68 20 69 69 21 68 68 16 67 67 21 68 68 20 69 69 111 70 70 5 47 47 6 71 71 35 45 45 6 71 71 5 47 47 7 72 72 4 48 48 7 72 72 5 47 47 7 72 72 4 48 48 0 73 73 3 74 74 0 73 73 4 48 48 0 73 73 3 74 74 1 75 75 2 76 76 1 75 75 3 74 74 36 78 78 72 50 50 69 77 77 72 50 50 36 78 78 38 79 79 39 80 80 38 79 79 36 78 78 38 79 79 39 80 80 2 76 76 110 81 81 2 76 76 39 80 80 2 76 76 110 81 81 1 75 75 59 56 56 21 68 68 49 54 54 21 68 68 59 56 56 19 66 66 57 58 58 19 66 66 59 56 56 19 66 66 57 58 58 18 64 64 25 59 59 18 64 64 57 58 58 40 82 82 21 68 68 111 70 70 21 68 68 40 82 82 49 54 54 37 52 52 49 54 54 40 82 82 38 79 79 41 49 49 72 50 50 41 49 49 38 79 79 3 74 74 2 76 76 3 74 74 38 79 79 115 83 12 69 77 77 72 50 50 69 77 77 115 83 12 90 53 53 100 55 55 90 53 53 115 83 12 115 83 12 98 57 57 100 55 55 98 57 57 115 83 12 96 84 83 102 2 2 96 84 83 115 83 12 115 83 12 94 4 4 102 2 2 94 4 4 115 83 12 92 6 6 106 8 8 92 6 6 115 83 12 115 83 12 104 10 10 106 8 8 104 10 10 115 83 12 86 12 12 84 14 14 86 12 12 115 83 12 115 83 12 82 16 16 84 14 14 82 16 16 115 83 12 88 18 18 108 20 20 88 18 18 115 83 12 115 83 12 80 22 22 108 20 20 80 22 22 115 83 12 78 24 24 76 26 26 78 24 24 115 83 12 96 84 83 55 0 0 98 57 57 55 0 0 96 84 83 102 2 2 115 83 12 74 27 27 76 26 26 74 27 27 115 83 12 72 50 50 41 49 49 3 74 74 4 48 48 118 87 86 150 86 85 174 85 84 150 86 85 118 87 86 149 88 87 116 89 88 149 88 87 118 87 86 149 88 87 116 89 88 147 90 89 107 91 90 147 90 89 116 89 88 147 90 89 107 91 90 148 92 91 109 93 92 148 92 91 107 91 90 148 92 91 109 93 92 155 94 93 128 95 94 155 94 93 109 93 92 155 94 93 128 95 94 156 96 95 130 97 96 156 96 95 128 95 94 156 96 95 130 97 96 145 98 97 99 99 98 145 98 97 130 97 96 145 98 97 99 99 98 146 100 99 101 101 100 146 100 99 99 99 98 146 100 99 101 101 100 152 102 101 122 103 102 152 102 101 101 101 100 152 102 101 122 103 102 151 104 103 120 105 104 151 104 103 122 103 102 151 104 103 120 105 104 143 106 105 91 107 106 143 106 105 120 105 104 143 106 105 91 107 106 144 108 107 93 109 108 144 108 107 91 107 106 144 108 107 93 109 108 153 110 109 124 111 110 153 110 109 93 109 108 153 110 109 124 111 110 154 112 111 126 113 112 154 112 111 124 111 110 154 112 111 126 113 112 141 114 113 87 115 114 141 114 113 126 113 112 141 114 113 87 115 114 142 116 115 81 117 116 142 116 115 87 115 114 142 116 115 81 117 116 140 118 117 79 119 118 140 118 117 81 117 116 140 118 117 79 119 118 135 120 119 52 121 120 135 120 119 79 119 118 135 120 119 52 121 120 136 122 121 54 123 122 136 122 121 52 121 120 136 122 121 54 123 122 161 124 123 133 125 124 161 124 123 54 123 122 64 128 125 158 127 126 157 126 125 158 127 126 64 128 125 60 129 127 62 132 128 60 131 127 64 130 125 60 131 127 62 132 128 71 133 129 68 134 130 71 133 129 62 132 128 71 133 129 68 134 130 66 135 131 73 136 132 66 135 131 68 134 130 66 135 131 73 136 132 139 137 133 165 138 134 139 137 133 73 136 132 139 137 133 165 138 134 172 139 135 166 140 136 172 139 135 165 138 134 172 139 135 166 140 136 171 141 137 167 142 138 171 141 137 166 140 136 171 141 137 167 142 138 173 143 84 60 129 127 162 144 139 158 127 126 162 144 139 60 129 127 134 145 140 71 133 129 134 146 140 60 131 127 134 146 140 71 133 129 137 147 141 138 148 142 137 147 141 71 133 129 131 151 145 56 150 144 132 149 143 56 150 144 131 151 145 133 125 124 159 154 146 133 153 124 131 152 145 133 153 124 159 154 146 161 155 123 54 123 122 56 150 144 133 125 124 56 150 144 54 123 122 58 156 147 52 121 120 58 156 147 54 123 122 58 156 147 52 121 120 79 119 118 112 157 148 109 93 92 107 91 90 109 93 92 112 157 148 128 95 94 127 158 149 128 95 94 112 157 148 128 95 94 127 158 149 129 159 150 129 159 150 130 97 96 128 95 94 130 97 96 129 159 150 99 99 98 97 160 151 99 99 98 129 159 150 99 99 98 97 160 151 103 161 152 103 161 152 101 101 100 99 99 98 101 101 100 103 161 152 122 103 102 121 162 153 122 103 102 103 161 152 122 103 102 121 162 153 119 163 154 119 163 154 120 105 104 122 103 102 120 105 104 119 163 154 91 107 106 89 164 155 91 107 106 119 163 154 91 107 106 89 164 155 95 165 156 95 165 156 93 109 108 91 107 106 93 109 108 95 165 156 124 111 110 123 166 157 124 111 110 95 165 156 124 111 110 123 166 157 125 167 158 125 167 158 126 113 112 124 111 110 126 113 112 125 167 158 87 115 114 85 168 159 87 115 114 125 167 158 87 115 114 85 168 159 83 169 160 83 169 160 81 117 116 87 115 114 81 117 116 83 169 160 79 119 118 77 170 161 79 119 118 83 169 160 79 119 118 77 170 161 58 156 147 166 140 136 169 171 162 167 142 138 169 171 162 166 140 136 163 172 163 164 173 164 163 172 163 166 140 136 118 87 86 170 175 162 117 174 165 170 175 162 118 87 86 168 176 138 174 85 84 168 176 138 118 87 86 114 177 166 118 87 86 117 174 165 118 87 86 114 177 166 116 89 88 107 91 90 116 89 88 114 177 166 165 138 134 164 173 164 166 140 136 164 173 164 165 138 134 73 136 132 73 136 132 75 178 167 164 173 164 75 178 167 73 136 132 68 134 130 138 148 142 66 135 131 139 137 133 66 135 131 138 148 142 71 133 129 131 152 145 160 179 143 159 154 146 160 179 143 131 152 145 132 180 143 105 181 168 107 91 90 114 177 166 107 91 90 105 181 168 112 157 148 137 147 141 162 182 139 134 146 140</p>
                </triangles>
            </mesh>
        </geometry>
        <geometry id="ID97">
            <mesh>
                <source id="ID98">
                    <float_array id="ID99" count="981">-143.781 171.969 -500.063 194.656 297.844 -493 264.156 -2.21875 -416.594 -258.156 158.938 -444.063 278.688 29.125 -416.031 -154.719 130.75 -490.781 -91.0313 390.063 -515.094 263.25 33 -413.063 -194.219 299.156 -493.094 249.531 3.34375 -413.594 -156.844 76.8438 -478.563 -249.688 3.34375 -415.156 244.438 206.906 -458.75 -209.781 274.25 -486.906 185.313 313.313 -494.813 224.344 251.719 -476.094 0.1875 411 -519.656 0.1875 411 -519.656 -224.719 251.719 -475.875 27.8125 287.844 -528.75 -185.656 313.313 -494.781 56.2188 277.625 -526.813 509.969 151.813 -97.7188 88.5625 255.5 -525.125 529.031 284.531 -103.625 106.719 236.938 -519.656 517.313 284.531 -147.938 128.438 205.875 -509.125 499.5 444.844 -165.313 143.469 171.969 -499.938 511.906 301.875 165.719 154.406 130.75 -490.656 501.25 462.719 147.844 -507.313 399.094 165.313 -499.281 444.844 165.313 -514.406 462.719 99.7813 -503.125 525.594 92.75 362.844 70.25 -362.563 426.188 70.25 -281.875 469.219 70.25 -191.844 494.156 70.25 -95.7813 501.344 70.25 0.1875 494.063 70.25 96.1875 469.063 70.25 192.219 425.969 70.25 282.219 362.563 70.25 362.844 281.875 70.25 426.188 191.844 70.25 469.219 95.7813 70.25 494.156 -0.1875 70.25 501.344 -96.1875 70.25 494.063 -192.219 70.25 469.063 -282.219 70.25 425.969 -362.844 70.25 362.563 -426.188 70.25 281.875 -469.219 70.25 191.844 -469.063 70.25 -192.219 -425.969 70.25 -282.219 -362.563 70.25 -362.844 -511.906 301.875 -165.719 -507.188 399.094 -165.719 -517.313 284.531 147.938 -529.031 284.531 103.625 -509.969 151.813 97.7188 -517.156 151.813 -0.1875 -537.281 284.531 -0.1875 -517.188 284.531 -148.344 -528.938 284.531 -104.031 -509.875 151.813 -98.1563 -512.031 301.875 165.313 -494.063 70.25 -96.1875 -501.344 70.25 -0.1875 -494.156 70.25 95.7813 -501.375 462.719 147.438 501.375 462.719 -147.438 450.344 394.094 -297.969 454.844 284.531 -302.875 501.813 284.531 -206.531 497.313 397.844 -202.625 -438.563 151.813 -290.688 -454.594 284.531 -303.25 -501.656 284.531 -206.938 -483.781 151.813 -197.563 0.1875 429.313 -528.906 0.1875 429.313 -528.906 50.375 424.156 -525.313 99.3125 525.594 -502.438 0.1875 525.594 -512.75 0.1875 525.594 -512.75 290.688 151.813 -438.563 303.25 284.531 -454.594 258.75 213.25 -464.438 277.781 132.844 -440.375 502.5 525.594 -98.9063 514.406 462.719 -99.7813 523.313 462.719 0.1875 512.75 525.594 0.1875 -96.375 407.156 -524.063 -50.7188 424.188 -525.281 -98.9063 525.594 -502.5 -427.469 525.594 -283.531 -450.094 394.094 -298.313 -382.969 393.125 -383.25 -362.906 525.594 -363.219 283.531 525.594 -427.469 298.313 394.094 -450.094 383.25 393.125 -382.969 363.219 525.594 -362.906 388.125 284.531 -387.813 473.219 525.594 -195.563 427.688 525.594 -283.188 -373.25 151.813 -373.563 -387.813 284.531 -388.125 -297.969 394.094 -450.344 -302.875 284.531 -454.844 -195.563 525.594 -473.219 -283.188 525.594 -427.688 -202.625 397.844 -497.313 -499.375 444.844 -165.719 239.875 206.875 -488.656 -473.063 525.594 -195.969 220.156 250.813 -505.594 -501.25 462.719 -147.844 184.375 250.813 -523.094 373.563 151.813 -373.25 181.469 209.813 -517.563 512.031 301.875 -165.281 84.0938 9.96875 -504.969 507.313 399.094 -165.313 -0.125 9.96875 -511.5 -156.625 370.75 -511.125 -0.125 3.34375 -508.719 438.813 151.813 -290.313 83.75 3.34375 -502.188 483.938 151.813 -197.156 89.7813 355.031 -543.563 -497.156 397.844 -203.031 89.375 387.281 -538.188 195.969 525.594 -473.063 46.875 403.125 -539.344 203.031 397.844 -497.156 -0.125 358.906 -550.969 -290.313 151.813 -438.813 145.188 353.156 -528.656 -282.031 70.25 -426.438 92.2188 262.281 -547.031 -273.313 162.469 -448.875 262.063 72.6563 -448.906 501.656 284.531 206.938 257.313 132.375 -467.656 454.594 284.531 303.25 251.594 72.625 -456.5 450.094 394.094 298.313 176 132.375 -507.125 497.156 397.844 203.031 171.594 72.75 -495 -501.813 284.531 206.531 182.281 311.5 -520.688 -454.844 284.531 302.875 58.5625 285.313 -548.75 -438.813 151.813 290.313 111.156 242.938 -541.313 -483.938 151.813 197.156 133.75 210.594 -530.344 -206.938 284.531 501.656 160.813 132.375 -511.125 -303.25 284.531 454.594 162.969 76.2188 -498.375 -298.313 394.094 450.094 166.469 3.34375 -480.875 -203.031 397.844 497.156 134.094 9.96875 -492.156 100.563 401.281 524.688 153.813 34.875 -492.25 -0.1875 405.625 532.875 244.438 206.906 -458.75 -0.1875 525.594 512.75 224.344 251.719 -476.094 98.9063 525.594 502.5 252.938 159.813 -474.406 206.531 284.531 501.813 257.75 158.969 -444.219 302.875 284.531 454.844 262.406 130.938 -436.031 290.313 151.813 438.813 80.75 16.875 -484.781 197.156 151.813 483.938 -0.15625 16.875 -491.031 502.438 525.594 99.3125 -0.125 407.938 -542.75 514.344 462.719 100.188 47.5938 406.156 -516.25 -99.3125 525.594 502.438 -0.125 411.031 -519.656 -100.969 401.281 524.594 90.7188 390.063 -515.094 517.188 284.531 148.344 185.313 313.313 -494.813 483.781 151.813 197.563 147.625 355.656 -502.938 -427.688 525.594 283.188 258.625 36 -442.063 -363.219 525.594 362.906 263.25 33 -413.063 -383.25 393.125 382.969 266.75 70.3125 -420.031 -450.344 394.094 297.969 245 3.34375 -443.531 283.188 525.594 427.688 249.531 3.34375 -413.594 362.906 525.594 363.219 28.9688 295.969 -550.781 382.969 393.125 383.281 -0.125 298.656 -553.156 297.969 394.094 450.344 -0.125 290.438 -531.031 103.625 284.531 529.031 149.406 175.281 -520.781 202.625 397.844 497.313 128.75 16.875 -472.469 -104.031 284.531 528.938 147.688 39.7188 -472.563 -98.1563 151.813 509.875 156.5 76.8438 -478.438 -197.563 151.813 483.781 248.125 36.125 -449.656 387.813 284.531 388.125 168.938 36.4688 -487.625 473.063 525.594 195.969 178.625 169.813 -512.188 427.469 525.594 283.531 -184.656 250.813 -523.25 -388.125 284.531 387.813 -220.469 250.813 -505.781 -373.563 151.813 373.25 -240.219 206.875 -488.844 -195.969 525.594 473.063 -181.781 209.813 -517.719 -283.531 525.594 427.469 -84.4063 9.96875 -505.063 373.25 151.813 373.563 -84.0625 3.34375 -502.281 499.156 444.844 165.719 -47.1875 403.125 -539.375 507.188 399.094 165.719 -89.6563 387.281 -538.25 -0.1875 284.531 537.281 -90.0625 355.031 -543.656 438.563 151.813 290.688 -145.469 353.156 -528.781 517.156 151.813 0.1875 -92.5 262.281 -547.094 509.875 151.813 98.1563 -257.656 132.375 -467.875 528.938 284.531 104.031 -262.438 72.6563 -449.094 537.281 284.531 0.1875 -251.969 72.625 -456.688 -497.313 397.844 202.625 -176.313 132.375 -507.281 -473.219 525.594 195.563 -171.906 72.75 -495.125 195.563 525.594 473.219 -182.563 311.5 -520.813 97.7188 151.813 509.969 -58.8438 285.313 -548.813 -0.1875 151.813 517.156 -134.063 210.594 -530.469 -290.688 151.813 438.563 -111.438 242.938 -541.406 96.0313 407.125 -524.063 -163.313 76.2188 -498.5 156.25 370.719 -511.219 -161.125 132.375 -511.25 282.406 70.25 -423.406 -166.813 3.34375 -481.031 -259.219 213.25 -464.25 -134.406 9.96875 -492.281 237.469 260.688 -482.781 -154.125 37.5938 -492.375 196.188 325.875 -502.625 -224.719 251.719 -475.875 -196.563 325.906 -502.563 -244.844 206.906 -458.594 -237.906 260.688 -482.563 -81.0938 16.875 -484.844 -523.313 462.719 -0.1875 -47.9063 406.156 -516.219 -514.344 462.719 -100.188 -147.969 355.688 -502.875 -501.938 525.594 -100.938 -185.656 313.313 -494.781 -512.75 525.594 -0.1875 -88.8438 255.5 -525.219 -91.0313 390.063 -515.094 -262.844 130.938 -435.875 -47.9063 406.156 -516.219 -267.25 70.25 -419.563 -147.969 355.688 -502.875 -259 36 -442.25 -267.25 70.25 -419.563 -263.75 32.9375 -412.594 -258.156 158.938 -444.063 -29.25 295.969 -550.813 90.7188 390.063 -515.094 -149.688 175.281 -520.906 147.625 355.656 -502.938 -107 236.938 -519.75 -129.094 16.875 -472.563 -279.219 29.0625 -415.563 -148.031 39.7188 -472.688 -263.75 32.9375 -412.594 -245.344 3.34375 -443.75 262.406 130.938 -436.031 -28.0938 287.844 -528.781 -248.469 36.125 -449.875 266.75 70.3125 -420 -169.25 36.4688 -487.75 47.5938 406.156 -516.25 -56.5 277.625 -526.844 -178.938 169.813 -512.313 -244.844 206.906 -458.563 -128.75 205.875 -509.25 -253.281 159.813 -474.594 -264.344 -2.21875 -418.281 209.406 274.25 -487.125 -249.688 3.34375 -415.156</float_array>
                    <technique_common>
                        <accessor count="327" source="#ID99" stride="3">
                            <param name="X" type="float"/>
                            <param name="Y" type="float"/>
                            <param name="Z" type="float"/>
                        </accessor>
                    </technique_common>
                </source>
                <source id="ID100">
                    <float_array id="ID101" count="990">-0.854887 0.500507 -0.136609 -0.720631 0.387469 -0.574942 -0.789552 0.598441 -0.135923 -0.538773 0.412272 -0.73468 -0.612258 0.779074 -0.134848 -0.37814 0.63156 -0.676861 -0.412619 0.901175 -0.132775 -0.241594 0.778097 -0.579825 -0.191232 0.972478 -0.133103 -0.0269436 0.811678 -0.583484 0.0370435 0.990432 -0.132938 0.183399 0.793231 -0.580646 0.27156 0.953136 -0.133365 0.384378 0.700856 -0.600877 0.443854 0.88624 -0.132559 0.612324 0.779213 -0.133741 -0.855067 0.50015 -0.136786 -0.891441 0.43105 -0.139745 -0.807245 0.244577 -0.537157 -0.938181 0.314789 -0.143959 -0.798441 0.0686385 -0.598147 -0.970602 0.188552 -0.149601 -0.803702 0.00235078 -0.595027 -0.983831 0.0891497 -0.155334 -0.772101 -0.0949623 -0.628365 -0.986451 -0.0217811 -0.162603 -0.883249 -0.134328 -0.449252 -0.959269 -0.220616 -0.176442 -0.811152 -0.272885 -0.517268 -0.905191 -0.392793 -0.162309 -0.629188 -0.268725 -0.729321 0.854984 0.500733 -0.135162 0.721202 0.387486 -0.574215 0.855131 0.500225 -0.136107 0.768122 0.216584 -0.602561 0.902494 0.407201 -0.140328 0.794612 0.0954052 -0.599575 0.952103 0.268897 -0.145583 0.803204 0.0219146 -0.595301 0.976499 0.153555 -0.151229 0.816845 -0.0667414 -0.572983 0.985103 0.0738273 -0.155312 0.985373 -0.0472395 -0.163732 -0.0427572 0.947565 -0.316689 0.000184292 0.94752 -0.319697 0.000163291 0.947496 -0.319767 0.0430632 0.947488 -0.316879 0.0613693 0.94747 -0.313903 0.0438526 0.363256 -0.930657 -0.497551 0.772872 -0.393843 -0.350871 0.160838 -0.922508 -0.884085 0.315956 -0.344333 -0.577708 -0.099771 -0.810123 -0.950321 0.0340646 -0.309401 -0.935875 -0.173888 -0.306432 -0.330664 -0.14898 -0.931915 -0.358923 -0.174273 -0.916953 0.32835 -0.274205 -0.903879 -0.35973 -0.20859 -0.909442 0.583772 -0.0980848 -0.805971 -0.348853 -0.210659 -0.913195 0.38156 0.164393 -0.909608 -0.302525 -0.256408 -0.918005 -0.0371529 0.360485 -0.932025 -0.149915 -0.39021 -0.908439 -0.149745 -0.389316 -0.908851 0.000537004 -0.388647 -0.921387 -0.344316 -0.149043 -0.926948 -0.515925 -0.204556 -0.831853 -0.483985 -0.206126 -0.850453 -0.327813 -0.274202 -0.904075 -0.409206 -0.351906 -0.841851 -0.870774 -0.382424 -0.309037 -0.356278 -0.428049 -0.830566 -0.763741 -0.56258 -0.316548 -0.125566 -0.344193 -0.930465 -0.659989 -0.678339 -0.32291 -0.307247 -0.53776 -0.78512 -0.575204 -0.749379 -0.32798 -0.412273 -0.845212 -0.340069 0.31039 -0.262142 -0.91375 0.360421 -0.209613 -0.908933 0.709333 -0.30902 -0.633524 0.484329 -0.206229 -0.850233 0.82419 -0.22038 -0.521674 0.516141 -0.204596 -0.831708 0.844541 -0.135313 -0.518112 0.360205 -0.208522 -0.909269 0.360028 -0.174558 -0.916466 0.331389 -0.148921 -0.931667 0.000470265 0.113938 -0.993488 -0.142318 0.0809947 -0.986502 0.30764 -0.537593 -0.78508 0.126108 -0.343951 -0.930481 0.138946 -0.926804 -0.348896 0.000161244 -0.937413 -0.34822 0.0003569 -0.735317 -0.677723 -0.138737 -0.926833 -0.348902 -0.0835615 -0.541987 -0.836222 -0.207192 -0.503349 -0.838875 0.207751 -0.503497 -0.838648 0.0843815 -0.541956 -0.83616 -0.343449 -0.0501958 -0.937829 0.344327 -0.0505667 -0.937487 0.345001 -0.149011 -0.926698 0.935813 -0.174242 -0.306421 0.871016 -0.382354 -0.308442 0.409908 -0.352058 -0.841445 0.35673 -0.428031 -0.830381 0.000538911 -0.387085 -0.922044 0.150727 -0.390509 -0.908176 0.150541 -0.389304 -0.908724 0.659942 -0.678318 -0.32305 0.57528 -0.749143 -0.328388 0.412488 -0.845152 -0.339958 0.143045 0.0807838 -0.986414 0.539362 0.412469 -0.734138 0.789605 0.598659 -0.134656 0.937859 -0.305643 -0.164327 0.900061 -0.413921 -0.136231 0.950333 0.0337935 -0.309396 0.892127 0.327058 -0.311676 0.519589 0.771724 -0.3667 -0.0610968 0.947586 -0.313604 0.763606 -0.562756 -0.316562 -0.981721 -0.190326 -0.000464846 -0.984875 -0.172866 -0.0117407 -0.972775 -0.191123 0.131079 -0.972117 -0.169452 0.162094 -0.922119 -0.187448 0.338468 -0.93038 -0.160123 0.329779 -0.846957 -0.171193 0.503346 -0.845988 -0.0470972 0.531118 -0.709412 -0.165826 0.685008 -0.706666 -0.0453653 0.706092 -0.531846 -0.0470649 0.845532 -0.691329 0.124261 0.711774 -0.532235 0.13036 0.8365 -0.532215 0.200523 0.822519 -0.367567 0.112218 0.923202 -0.335019 0.185451 0.92378 -0.181338 0.132042 0.974516 -0.195026 0.174614 0.96513 -0.0295299 0.16915 0.985148 -0.939856 0.199896 0.276971 -0.965795 0.192691 0.173521 -0.964837 0.190781 0.180808 -0.984453 0.172387 0.0336942 -0.984183 0.174499 -0.0305486 -0.971796 0.180662 -0.151569 -0.9568 0.19311 -0.217352 -0.94039 0.193753 -0.27951 -0.9223 0.195406 -0.333434 -0.940979 0.18351 -0.284397 -0.918616 0.129339 -0.373384 -0.961549 0.0856569 -0.260934 -0.947314 -0.0192423 -0.319728 -0.965274 0.0422264 -0.257805 -0.963067 -0.0855561 -0.255308 0.367867 -0.186183 0.911049 0.503346 -0.171193 0.846957 0.549292 -0.182599 0.815436 0.685008 -0.165826 0.709412 0.72191 -0.182741 0.667422 0.823711 -0.169912 0.540954 0.852123 -0.184703 0.489664 0.92528 -0.162908 0.342518 0.932312 -0.189274 0.308172 0.971986 -0.169477 0.162855 0.972657 -0.191153 0.131902 0.984886 -0.172864 -0.0108421 0.981721 -0.190326 0.000464846 0.968431 -0.190495 -0.160792 -0.116497 -0.433857 -0.893418 -0.126364 -0.421082 -0.898177 0.053639 -0.159652 -0.985715 -0.00211898 -0.224359 -0.974504 0.353287 0.120175 -0.927764 0.142808 -0.151582 -0.978074 0.500694 -0.0577514 -0.863696 0.0212082 -0.317102 -0.948154 0.13111 -0.279923 -0.951028 -0.193992 -0.374152 -0.90685 0.0513927 -0.25588 -0.965342 -0.225604 -0.295636 -0.928279 -0.216289 -0.231645 -0.948451 -0.839721 0.197486 -0.505834 -0.822345 0.146164 -0.549895 -0.691778 0.205368 -0.692292 -0.702486 0.111232 -0.702952 -0.549208 0.146166 -0.822804 -0.50747 -0.0572087 -0.859768 -0.352937 0.120285 -0.927883 -0.0406844 -0.224357 -0.973657 -0.0287084 -0.239478 -0.970477 0.172692 -0.394802 -0.902391 0.0965785 -0.438706 -0.893426 -0.965418 0.042491 0.257221 -0.947545 -0.0191548 0.319048 -0.963221 -0.085395 0.25478 -0.969763 -0.147307 0.194578 -0.988632 -0.148439 0.0239244 -0.975138 -0.147983 -0.164944 -0.972074 -0.169501 -0.162303 -0.928529 -0.166025 -0.33207 -0.968292 -0.190543 -0.161566 -0.922316 -0.188541 -0.33732 0.927254 0.196145 0.318948 0.918828 0.129988 0.372636 0.822537 0.200558 0.532174 0.836547 0.130359 0.53216 0.711767 0.12425 0.691339 0.845543 -0.0470872 0.531826 0.706088 -0.0454666 0.706662 0.531094 -0.0471256 0.846002 0.32891 -0.166353 0.929594 0.190243 -0.190387 0.9631 0.178916 -0.212792 -0.960577 0.501818 -0.178586 -0.846336 0.695409 -0.170851 -0.698009 0.706666 -0.0453653 -0.706092 0.845988 -0.0470972 -0.531118 0.702952 0.111232 -0.702486 0.822804 0.146166 -0.549208 0.692291 0.205368 -0.691778 0.84017 0.197621 -0.505035 0.969625 -0.147274 0.195289 0.98861 -0.148443 0.0247983 0.975262 -0.148009 -0.164187 0.972203 -0.169485 -0.16154 0.928777 -0.166009 -0.331381 0.922573 -0.188417 -0.336688 -0.348852 -0.0502488 0.93583 -0.355038 -0.16512 0.920154 -0.168601 -0.0534837 0.984232 -0.179507 -0.173291 0.968374 -0.0110142 -0.166205 0.98603 -0.131902 -0.191153 0.972657 0.0237009 -0.190833 0.981336 -0.833732 -0.184174 -0.520549 -0.835524 -0.166876 -0.5235 -0.845532 -0.0470649 -0.531846 -0.697051 -0.167649 -0.697147 -0.706092 -0.0453653 -0.706666 0.9643 0.190167 0.184291 0.937754 0.206896 0.278948 0.940952 0.183266 0.284646 0.961412 0.087142 0.260947 0.947314 -0.0192423 0.319728 0.965274 0.0422264 0.257805 0.963067 -0.0855561 0.255308 0.143931 -0.173687 0.974226 0.167872 -0.0534936 0.984356 -0.000435974 -0.0570317 0.998372 0.0142488 0.0943293 0.995439 -0.0335924 -0.44494 -0.89493 0.00496159 -0.140072 -0.990129 0.184211 0.177661 -0.966697 0.370934 0.191873 -0.908621 0.505834 0.197486 -0.839721 0.963234 -0.0852428 -0.254783 0.947558 -0.0190911 -0.319013 0.918948 0.129348 -0.372563 0.940652 0.193504 -0.2788 0.922529 0.19541 -0.332799 0.941167 0.183443 -0.283819 0.961767 0.0856386 -0.260136 0.965439 0.0426807 -0.257111 0.348158 -0.0502486 0.936088 0.351866 0.0973306 0.930976 0.533397 0.153719 0.83178 0.957571 0.191338 -0.215517 0.972418 0.178797 -0.149781 0.984291 0.176552 0.00029139 0.986181 0.165671 0.000292182 -0.961608 0.0871506 0.26022 -0.926283 0.118121 0.357836 -0.831743 0.153692 0.533462 0.158799 0.171672 0.972272 0.36098 0.189678 0.91308 0.196495 0.125435 0.972448 0.664365 0.206661 0.718269 0.536473 0.201496 0.81951 -0.718235 0.206557 0.664434 -0.81951 0.201496 0.536473 -0.91473 0.197556 0.352479 0.834161 -0.184203 -0.519851 0.835982 -0.166925 -0.522753 -0.308172 -0.189274 0.932312 -0.489664 -0.184703 0.852123 -0.540954 -0.169912 0.82371 0.0180645 -0.450792 -0.892446 0.0428473 -0.257387 -0.965358 0.094616 0.168326 -0.98118 -0.505035 0.197621 -0.84017 -0.370141 0.19189 -0.908941 -0.183817 0.178015 -0.966707 -0.0437327 -0.156573 -0.986698 -0.0317836 -0.143723 -0.989107 -0.0939621 0.168424 -0.981226 -0.0551344 -0.150524 -0.987068 0.549895 0.146164 -0.822345 -0.127498 -0.263112 -0.956303 -0.0674808 -0.31178 -0.947755 0.177242 -0.407208 -0.895973 0.1984 -0.364809 -0.909699 -0.185141 -0.226706 -0.956204 -0.520448 -0.165184 -0.837763 -0.0333962 -0.257181 -0.965786 0.688959 -0.182457 -0.701459 -0.941139 0.183199 0.284068 -0.695932 -0.182466 -0.694539 0.0846809 -0.436467 -0.895726 -0.815436 -0.182599 0.549292 -0.667422 -0.182741 0.72191 -0.18604 0.0120546 -0.982468 -0.201169 -0.0732097 -0.976817 0.14921 0.155457 -0.976509 0.176039 0.0513987 -0.98304 0.148845 0.155472 -0.976562 0.267148 -0.0711397 -0.961026 0.320733 -0.22575 -0.919873 -0.205498 -0.381899 -0.901068 0.963247 0.185113 0.19465 -0.178423 -0.4069 -0.895878 0.203141 -0.381304 -0.901854 -0.16549 0.0943404 -0.981689 -0.165347 0.0941748 -0.981729 -0.0182433 -0.451033 -0.892321 0.221731 -0.308824 -0.924913</float_array>
                    <technique_common>
                        <accessor count="330" source="#ID101" stride="3">
                            <param name="X" type="float"/>
                            <param name="Y" type="float"/>
                            <param name="Z" type="float"/>
                        </accessor>
                    </technique_common>
                </source>
                <source id="ID102">
                    <float_array id="ID103" count="654">-1.64648 0.887695 -1.68066 0.923828 -1.67188 0.928711 -1.78906 1.04492 -1.78223 1.05273 -1.95313 1.14551 -1.94922 1.15332 -2.07813 1.19141 -2.07617 1.20117 -2.21582 1.20605 -2.21582 1.21484 -2.35449 1.19141 -2.35645 1.20117 -2.47949 1.14551 -2.4834 1.15332 -2.65039 1.05273 -1.60059 0.814453 -1.55664 0.748047 -1.56934 0.746094 -1.49805 0.617188 -1.51172 0.616211 -1.45898 0.475586 -1.47266 0.478516 -1.44531 0.393555 -1.45996 0.397461 -1.43164 0.21582 -1.44629 0.222656 -1.44238 0.105469 -1.45605 0.115234 -1.4834 0.0185547 -1.49609 0.0185547 -2.78809 0.883789 -2.75195 0.923828 -2.83203 0.814453 -2.86328 0.746094 -2.87598 0.748047 -2.9209 0.616211 -2.93457 0.617188 -2.95996 0.478516 -2.97363 0.475586 -2.97266 0.397461 -2.9873 0.393555 -3 0.21582 -1.96875 0.0498047 -2.21582 0.0498047 -2.21582 0.0703125 -2.46387 0.0498047 -2.4502 0.0703125 -2.61035 0.0498047 -2.58789 0.0703125 -2.66797 0.119141 -2.64258 0.135742 -2.69531 0.233398 -2.66797 0.243164 -2.66211 0.398438 -1.69141 0.507813 -1.69922 0.397461 -1.74316 0.397461 -1.71191 0.222656 -1.7373 0.233398 -1.71973 0.116211 -1.76367 0.119141 -1.72656 0.0185547 -1.82227 0.0498047 -1.96973 0.0185547 -1.68262 0.625 -1.47656 0.222656 -1.4873 0.115234 -2.68848 0.397461 -2.65527 0.523438 -2.63086 0.517578 -2.60938 0.62793 -2.58691 0.615234 -2.54297 0.722656 -2.52441 0.705078 -2.4873 0.779297 -2.47266 0.758789 -2.37891 0.822266 -2.70605 0.0185547 -2.71289 0.116211 -2.93652 0.0185547 -2.94531 0.115234 -2.97656 0.115234 -2.95605 0.222656 -2.98633 0.222656 -2.7207 0.222656 -2.7334 0.397461 -2.74121 0.507813 -2.21582 1.0625 -1.95215 1.05078 -1.94531 0.779297 -1.88965 0.722656 -2.13574 0.851563 -2.21582 0.859375 -2.21582 0.885742 -2.29688 0.851563 -2.30176 0.87793 -2.38867 0.84668 -2.04395 0.84668 -2.13086 0.87793 -1.6748 0.746094 -2.75781 0.746094 -2.75 0.625 -1.77051 0.398438 -1.80176 0.517578 -1.77734 0.523438 -1.82324 0.62793 -2.21582 0.0185547 -2.46289 0.0185547 -1.9082 0.705078 -1.95996 0.758789 -2.05371 0.822266 -2.48047 1.05078 -2.64258 1.04492 -2.76074 0.928711 -2.99023 0.106445 -2.94922 0.0185547 -1.76465 0.243164 -1.79004 0.135742 -1.84473 0.0703125 -1.98242 0.0703125 -1.8457 0.615234 5.62891 0.21582 5.62891 0.431641 5.88477 0.21582 5.88281 0.431641 6.14941 0.21582 6.14844 0.431641 6.41504 0.431641 6.41895 0.783203 6.68555 0.431641 6.68555 0.783203 6.95215 0.783203 6.68555 1.07031 6.95605 1.07227 6.95605 1.4209 7.22363 1.08203 7.2168 1.4209 7.49023 1.0918 7.4834 1.4209 7.74707 1.4209 6.0127 1.25391 5.88574 1.25391 5.87402 1.4209 5.62891 1.25391 5.62891 1.4209 5.37109 1.25391 5.36328 1.4209 5.24512 1.25391 5.10254 1.4209 5.2002 1.20703 5.11035 1.08203 5.20605 1.08594 5.10547 0.783203 5.20996 0.829102 5.25488 0.783203 8.27344 0.21582 8.53906 0.431641 8.53906 0.21582 8.80957 0.431641 8.80957 0.21582 9.08008 0.431641 9.08008 0.21582 9.34668 0.431641 9.34473 0.21582 9.6123 0.431641 9.60938 0.21582 9.86719 0.431641 9.86719 0.21582 10.125 0.21582 11.7334 1.06152 11.5859 0.97168 11.7246 1.10742 11.5703 1.01074 11.4492 1.08203 11.4697 0.892578 11.1816 0.783203 11.3564 0.720703 11.2881 0.594727 11.3135 0.578125 11.2158 0.381836 11.2441 0.376953 11.2119 0.21582 4.84473 1.4209 4.8457 1.07227 4.57813 1.4209 4.57813 1.07031 4.31055 1.07227 4.31445 0.783203 4.04688 1.08203 4.02832 0.892578 3.92773 1.01074 3.91309 0.97168 3.76465 1.06152 6.04883 0.829102 6.15332 0.783203 6.00293 0.783203 5.88867 0.783203 5.62891 0.783203 5.36914 0.783203 5.37402 0.431641 5.11035 0.431641 5.37109 0.21582 5.1084 0.21582 9.33984 1.4209 9.3457 1.08203 9.08008 1.4209 9.08008 1.07227 8.80957 1.07031 9.0752 0.783203 8.80957 0.783203 8.54199 0.783203 8.27148 0.431641 8.00684 0.21582 11.1826 0.21582 11.1855 0.431641 10.918 0.431641 10.918 0.783203 10.6543 0.783203 10.918 1.07031 10.6504 1.07227 10.9189 1.4209 10.6514 1.4209 9.60645 0.783203 9.86719 0.783203 10.127 0.783203 10.1221 0.431641 10.3857 0.431641 10.3877 0.21582 7.21875 0.783203 7.22363 0.431641 7.48535 0.783203 7.49023 0.431641 7.74707 0.431641 7.4873 0.21582 7.74707 0.21582 4.8457 0.21582 4.8457 0.431641 4.8418 0.783203 4.57813 0.431641 4.57813 0.783203 9.60938 1.25391 9.48242 1.25391 9.43652 1.20703 9.44336 1.08594 9.34082 0.783203 9.44629 0.829102 9.49219 0.783203 8.00391 0.431641 8.00977 0.783203 7.74707 0.783203 7.74707 1.10254 11.8438 1.10449 11.8389 1.15234 11.7061 1.4209 11.4424 1.4209 11.1855 1.4209 10.2412 0.783203 10.3906 0.783203 10.3857 1.08203 10.251 1.25391 10.3936 1.4209 10.2959 1.20703 10.29 1.08594 10.2861 0.829102 8.27637 0.783203 8.27148 1.08203 8.53809 1.07227 10.1289 1.4209 10.125 1.25391 9.86719 1.4209 9.86719 1.25391 6.05176 1.08594 6.14844 1.08203 6.41504 1.07227 8.01074 1.4209 8.27832 1.4209 8.00391 1.0918 8.80957 1.4209 8.53906 1.4209 6.68555 1.4209 6.41504 1.4209 6.15527 1.4209 10.6504 0.21582 10.6504 0.431641 7.22168 0.21582 6.95605 0.21582 6.95605 0.431641 11.9648 1.11719 11.9648 1.16602 11.9648 1.4209 4.31055 1.4209 4.05371 1.4209 3.79004 1.4209 3.77344 1.10742 3.65918 1.15234 3.53125 1.4209 3.53125 1.16602 11.1855 1.07227 4.1416 0.720703 4.20996 0.594727 4.11914 0.696289 4.18457 0.578125 4.30957 0.21582 4.31055 0.431641 4.25977 0.459961 10.9189 0.21582 6.05859 1.20703 4.57813 0.21582 3.6543 1.10449 6.41406 0.21582 6.68555 0.21582 11.1797 0.107422 11.21 0.117188 4.25293 0.0390625 4.28906 0.117188 4.28223 0.0244141 4.31934 0.107422 4.28711 0.21582 11.4883 0.859375 9.60547 1.4209 11.3789 0.696289 4.00977 0.859375 11.2129 0.0244141 11.2432 0.0390625 3.53125 1.11719 4.2334 0.451172</float_array>
                    <technique_common>
                        <accessor count="327" source="#ID103" stride="2">
                            <param name="S" type="float"/>
                            <param name="T" type="float"/>
                        </accessor>
                    </technique_common>
                </source>
                <vertices id="ID104">
                    <input semantic="POSITION" source="#ID98"/>
                </vertices>
                <triangles count="478" material="Material1">
                    <input offset="0" semantic="VERTEX" source="#ID104"/>
                    <input offset="1" semantic="NORMAL" source="#ID100"/>
                    <input offset="2" semantic="TEXCOORD" source="#ID102" set="0"/>
                    <p>291 2 2 263 1 1 8 0 0 263 1 1 291 2 2 249 3 3 289 4 4 249 3 3 291 2 2 249 3 3 289 4 4 245 5 5 6 6 6 245 5 5 289 4 4 245 5 5 6 6 6 243 7 7 287 8 8 243 7 7 6 6 6 243 7 7 287 8 8 189 9 9 193 10 10 189 9 9 287 8 8 189 9 9 193 10 10 139 11 11 191 12 12 139 11 11 193 10 10 139 11 11 191 12 12 137 13 13 195 14 14 137 13 13 191 12 12 137 13 13 195 14 14 199 15 15 233 18 18 281 17 17 13 16 16 281 17 17 233 18 18 283 19 19 235 20 20 283 19 19 233 18 18 283 19 19 235 20 20 3 21 21 323 22 22 3 21 21 235 20 20 3 21 21 323 22 22 295 23 23 253 24 24 295 23 23 323 22 22 295 23 23 253 24 24 297 25 25 255 26 26 297 25 25 253 24 24 297 25 25 255 26 26 301 27 27 299 28 28 301 27 27 255 26 26 301 27 27 299 28 28 11 29 29 312 30 30 11 29 29 299 28 28 325 33 33 157 32 32 1 31 31 157 32 32 325 33 33 121 34 34 177 35 35 121 34 34 325 33 33 121 34 34 177 35 35 119 36 36 175 37 37 119 36 36 177 35 35 119 36 36 175 37 37 179 38 38 181 39 39 179 38 38 175 37 37 179 38 38 181 39 39 149 40 40 183 41 41 149 40 40 181 39 39 149 40 40 183 41 41 205 42 42 187 45 45 129 44 44 239 43 43 129 44 44 187 45 45 127 46 46 185 47 47 127 46 46 187 45 45 127 46 46 185 47 47 171 48 48 219 49 49 171 48 48 185 47 47 171 48 48 219 49 49 173 50 50 221 51 51 173 50 50 219 49 49 173 50 50 221 51 51 167 52 52 223 53 53 167 52 52 221 51 51 167 52 52 223 53 53 31 54 54 273 57 57 259 56 56 320 55 55 259 56 56 273 57 57 261 58 58 271 59 59 261 58 58 273 57 57 261 58 58 271 59 59 317 60 60 279 61 61 317 60 60 271 59 59 317 60 60 279 61 61 275 62 62 277 63 63 275 62 62 279 61 61 275 62 62 277 63 63 241 64 64 239 65 43 241 64 64 277 63 63 241 64 64 239 65 43 129 66 44 320 55 55 235 20 20 237 67 65 235 20 20 320 55 55 323 22 22 259 56 56 323 22 22 320 55 55 323 22 22 259 56 56 253 24 24 261 58 58 253 24 24 259 56 56 253 24 24 261 58 58 257 68 66 315 69 67 257 68 66 261 58 58 257 68 66 315 69 67 299 28 28 312 30 30 299 28 28 315 69 67 29 72 70 217 71 69 165 70 68 217 71 69 29 72 70 163 73 71 27 74 72 163 73 71 29 72 70 163 73 71 27 74 72 161 75 73 25 76 74 161 75 73 27 74 72 161 75 73 25 76 74 145 77 75 23 78 76 145 77 75 25 76 74 145 77 75 23 78 76 21 79 77 227 81 79 169 80 78 173 50 50 169 80 78 227 81 79 207 82 80 225 83 81 207 82 80 227 81 79 207 82 80 225 83 81 201 84 82 151 85 83 201 84 82 225 83 81 201 84 82 151 85 83 147 86 84 149 40 40 147 86 84 151 85 83 167 52 52 227 81 79 173 50 50 227 81 79 167 52 52 155 87 85 165 70 68 155 87 85 167 52 52 155 87 85 165 70 68 153 88 86 229 89 87 153 88 86 165 70 68 153 88 86 229 89 87 179 38 38 119 36 36 179 38 38 229 89 87 141 90 88 243 7 7 189 9 9 243 7 7 141 90 88 245 5 5 247 91 89 245 5 5 141 90 88 245 5 5 247 91 89 249 3 3 251 92 90 249 3 3 247 91 89 249 3 3 251 92 90 269 93 91 213 96 94 215 95 93 314 94 92 215 95 93 213 96 94 19 97 95 211 98 96 19 97 95 213 96 94 19 97 95 211 98 96 21 79 77 159 99 97 21 79 77 211 98 96 21 79 77 159 99 97 145 77 75 247 91 89 265 100 98 251 92 90 265 100 98 247 91 89 303 101 99 141 90 88 303 101 99 247 91 89 303 101 99 141 90 88 213 96 94 211 98 96 213 96 94 141 90 88 269 93 91 263 1 1 249 3 3 263 1 1 269 93 91 231 102 100 237 67 65 231 102 100 269 93 91 231 102 100 237 67 65 233 18 18 235 20 20 233 18 18 237 67 65 123 103 101 161 75 73 157 32 32 161 75 73 123 103 101 125 104 102 121 34 34 125 104 102 123 103 101 125 104 102 121 34 34 119 36 36 273 57 57 5 105 103 271 59 59 5 105 103 273 57 57 0 106 104 305 107 105 0 106 104 273 57 57 0 106 104 305 107 105 267 108 106 267 108 106 237 67 65 269 93 91 237 67 65 267 108 106 320 55 55 305 107 105 320 55 55 267 108 106 320 55 55 305 107 105 273 57 57 129 66 44 131 109 107 241 64 64 131 109 107 129 66 44 133 110 108 127 111 46 133 110 108 129 66 44 133 110 108 127 111 46 171 48 48 251 92 90 293 113 110 307 112 109 293 113 110 251 92 90 319 114 111 265 100 98 319 114 111 251 92 90 319 114 111 265 100 98 303 101 99 149 40 40 153 88 86 179 38 38 153 88 86 149 40 40 155 87 85 151 85 83 155 87 85 149 40 40 155 87 85 151 85 83 225 83 81 135 115 112 145 77 75 159 99 97 145 77 75 135 115 112 143 116 113 137 13 13 143 116 113 135 115 112 317 60 60 315 69 67 261 58 58 315 69 67 317 60 60 312 30 30 275 62 62 312 30 30 317 60 60 157 32 32 197 117 114 1 31 31 197 117 114 157 32 32 143 116 113 13 16 16 263 1 1 233 18 18 263 1 1 13 16 16 8 0 0 201 84 82 205 42 42 203 118 115 205 42 42 201 84 82 147 86 84 143 116 113 199 15 15 197 117 114 199 15 15 143 116 113 137 13 13 207 82 80 203 118 115 209 119 116 203 118 115 207 82 80 201 84 82 139 11 11 141 90 88 189 9 9 141 90 88 139 11 11 137 13 13 211 98 96 135 115 112 159 99 97 135 115 112 211 98 96 141 90 88 143 116 113 161 75 73 145 77 75 161 75 73 143 116 113 157 32 32 229 89 87 125 104 102 119 36 36 125 104 102 229 89 87 163 73 71 10 120 117 271 59 59 5 105 103 271 59 59 10 120 117 310 121 118 171 48 48 169 80 78 133 110 108 169 80 78 171 48 48 173 50 50 308 122 119 277 63 63 279 61 61 277 63 63 308 122 119 285 123 120 285 123 120 239 43 43 277 63 63 239 43 43 285 123 120 187 45 45 267 108 106 322 124 121 0 106 104 322 124 121 267 108 106 269 93 91 269 93 91 307 112 109 322 124 121 307 112 109 269 93 91 251 92 90 217 71 69 229 89 87 165 70 68 229 89 87 217 71 69 163 73 71 303 101 99 314 94 92 319 114 111 314 94 92 303 101 99 213 96 94 257 68 66 255 26 26 253 24 24 255 26 26 257 68 66 299 28 28 31 54 54 165 70 68 167 52 52 165 70 68 31 54 54 29 72 70 310 121 118 279 61 61 271 59 59 279 61 61 310 121 118 308 122 119 149 40 40 205 42 42 147 86 84 231 102 100 233 18 18 263 1 1 141 90 88 137 13 13 135 115 112 225 83 81 227 81 79 155 87 85 123 103 101 157 32 32 121 34 34 125 104 102 163 73 71 161 75 73 72 127 124 64 126 123 71 125 122 64 126 123 72 127 124 63 128 125 55 129 126 63 128 125 72 127 124 63 128 125 55 129 126 162 130 127 160 131 128 162 130 127 55 129 126 162 130 127 160 131 128 158 132 129 234 133 130 158 132 129 160 131 128 158 132 129 234 133 130 232 134 131 166 135 132 232 134 131 234 133 130 232 134 131 166 135 132 204 136 133 168 137 134 204 136 133 166 135 132 204 136 133 168 137 134 238 138 135 170 139 136 238 138 135 168 137 134 238 138 135 170 139 136 236 140 137 194 141 138 236 140 137 170 139 136 236 140 137 194 141 138 192 142 139 176 143 140 192 142 139 194 141 138 36 146 143 35 145 142 73 144 141 35 145 142 36 146 143 286 147 144 292 148 145 286 147 144 36 146 143 286 147 144 292 148 145 288 149 146 290 150 147 288 149 146 292 148 145 288 149 146 290 150 147 122 151 148 120 152 149 122 151 148 290 150 147 122 151 148 120 152 149 118 153 150 136 154 151 118 153 150 120 152 149 118 153 150 136 154 151 60 155 152 81 156 153 60 155 152 136 154 151 60 155 152 81 156 153 59 157 154 66 158 155 59 157 154 81 156 153 46 161 158 184 160 157 47 159 156 184 160 157 46 161 158 240 162 159 45 163 160 240 162 159 46 161 158 240 162 159 45 163 160 248 164 161 44 165 162 248 164 161 45 163 160 248 164 161 44 165 162 198 166 163 43 167 164 198 166 163 44 165 162 198 166 163 43 167 164 252 168 165 42 169 166 252 168 165 43 167 164 252 168 165 42 169 166 250 170 167 41 171 168 250 170 167 42 169 166 250 170 167 41 171 168 40 172 169 270 175 172 306 174 171 304 173 170 306 174 171 270 175 172 272 176 173 140 177 174 272 176 173 270 175 172 272 176 173 140 177 174 280 178 175 90 179 176 280 178 175 140 177 174 280 178 175 90 179 176 278 180 177 91 181 178 278 180 177 90 179 176 278 180 177 91 181 178 12 182 179 92 183 180 12 182 179 91 181 178 12 182 179 92 183 180 313 184 181 316 185 182 313 184 181 92 183 180 100 186 183 136 154 151 120 152 149 136 154 151 100 186 183 101 187 184 103 188 185 101 187 184 100 186 183 101 187 184 103 188 185 102 189 186 113 190 187 102 189 186 103 188 185 102 189 186 113 190 187 114 191 188 117 192 189 114 191 188 113 190 187 114 191 188 117 192 189 282 193 190 130 194 191 282 193 190 117 192 189 282 193 190 130 194 191 298 195 192 294 196 193 298 195 192 130 194 191 61 199 196 156 198 195 69 197 194 156 198 195 61 199 196 162 130 127 62 200 197 162 130 127 61 199 196 162 130 127 62 200 197 63 128 125 65 201 198 63 128 125 62 200 197 63 128 125 65 201 198 64 126 123 67 202 199 64 126 123 65 201 198 64 126 123 67 202 199 68 203 200 82 204 201 68 203 200 67 202 199 68 203 200 82 204 201 70 205 202 56 206 203 70 205 202 82 204 201 230 209 206 154 208 205 228 207 204 154 208 205 230 209 206 152 210 207 212 211 208 152 210 207 230 209 206 152 210 207 212 211 208 150 212 209 226 213 210 150 212 209 212 211 208 150 212 209 226 213 210 240 162 159 182 214 211 240 162 159 226 213 210 240 162 159 182 214 211 184 160 157 186 215 212 184 160 157 182 214 211 184 160 157 186 215 212 47 159 156 48 216 213 47 159 156 186 215 212 92 183 180 274 217 214 316 185 182 274 217 214 92 183 180 89 218 215 90 179 176 89 218 215 92 183 180 89 218 215 90 179 176 124 219 216 108 220 217 124 219 216 90 179 176 124 219 216 108 220 217 76 221 218 106 222 219 76 221 218 108 220 217 76 221 218 106 222 219 75 223 220 107 224 221 75 223 220 106 222 219 75 223 220 107 224 221 110 225 222 252 168 165 254 226 223 198 166 163 254 226 223 252 168 165 256 227 224 250 170 167 256 227 224 252 168 165 256 227 224 250 170 167 24 228 225 22 229 226 24 228 225 250 170 167 24 228 225 22 229 226 134 230 227 40 172 169 134 230 227 22 229 226 134 230 227 40 172 169 39 231 228 166 135 132 170 139 136 168 137 134 170 139 136 166 135 132 164 232 229 224 233 230 164 232 229 166 135 132 164 232 229 224 233 230 220 234 231 222 235 232 220 234 231 224 233 230 220 234 231 222 235 232 266 236 233 50 237 234 266 236 233 222 235 232 266 236 233 50 237 234 49 238 235 82 204 201 57 239 236 56 206 203 57 239 236 82 204 201 79 240 237 80 241 238 79 240 237 82 204 201 79 240 237 80 241 238 111 242 239 112 243 240 111 242 239 80 241 238 111 242 239 112 243 240 114 191 188 102 189 186 114 191 188 112 243 240 228 207 204 32 245 242 190 244 241 32 245 242 228 207 204 242 246 243 154 208 205 242 246 243 228 207 204 242 246 243 154 208 205 244 247 244 148 248 245 244 247 244 154 208 205 244 247 244 148 248 245 30 249 246 196 250 247 30 249 246 148 248 245 264 251 248 49 238 235 48 216 213 49 238 235 264 251 248 266 236 233 216 252 249 266 236 233 264 251 248 266 236 233 216 252 249 246 253 250 174 254 251 246 253 250 216 252 249 246 253 250 174 254 251 220 234 231 85 256 253 304 173 170 318 255 252 304 173 170 85 256 253 270 175 172 86 257 254 270 175 172 85 256 253 270 175 172 86 257 254 140 177 174 138 258 255 140 177 174 86 257 254 140 177 174 138 258 255 104 259 256 134 230 227 26 260 257 24 228 225 26 260 257 134 230 227 77 261 258 76 221 218 77 261 258 134 230 227 77 261 258 76 221 218 78 262 259 75 223 220 78 262 259 76 221 218 78 262 259 75 223 220 110 225 222 28 265 262 109 264 261 74 263 260 109 264 261 28 265 262 78 262 259 128 266 263 78 262 259 28 265 262 78 262 259 128 266 263 77 261 258 126 267 264 77 261 258 128 266 263 77 261 258 126 267 264 26 260 257 186 215 212 264 251 248 48 216 213 264 251 248 186 215 212 216 252 249 180 268 265 216 252 249 186 215 212 216 252 249 180 268 265 218 269 266 182 214 211 218 269 266 180 268 265 218 269 266 182 214 211 214 270 267 93 271 268 74 263 260 109 264 261 74 263 260 93 271 268 94 272 269 96 273 270 94 272 269 93 271 268 94 272 269 96 273 270 95 274 271 190 244 241 95 274 271 96 273 270 150 212 209 154 208 205 152 210 207 154 208 205 150 212 209 148 248 245 198 166 163 148 248 245 150 212 209 148 248 245 198 166 163 196 250 247 254 226 223 196 250 247 198 166 163 156 198 195 33 275 272 69 197 194 33 275 272 156 198 195 258 276 273 158 132 129 258 276 273 156 198 195 258 276 273 158 132 129 206 277 274 204 136 133 206 277 274 158 132 129 220 234 231 170 139 136 164 232 229 170 139 136 220 234 231 194 141 138 174 254 251 194 141 138 220 234 231 194 141 138 174 254 251 176 143 140 178 278 275 176 143 140 174 254 251 262 279 276 218 269 266 214 270 267 218 269 266 262 279 276 172 280 277 178 278 275 172 280 277 262 279 276 172 280 277 178 278 275 174 254 251 210 281 278 212 211 208 230 209 206 212 211 208 210 281 278 214 270 267 208 282 279 214 270 267 210 281 278 214 270 267 208 282 279 262 279 276 202 283 280 204 136 133 238 138 135 204 136 133 202 283 280 206 277 274 200 284 281 206 277 274 202 283 280 206 277 274 200 284 281 260 285 282 38 286 283 134 230 227 39 231 228 134 230 227 38 286 283 132 287 284 124 219 216 132 287 284 38 286 283 132 287 284 124 219 216 76 221 218 224 233 230 52 289 286 51 288 285 52 289 286 224 233 230 268 290 287 166 135 132 268 290 287 224 233 230 268 290 287 166 135 132 234 133 130 84 292 289 318 255 252 16 291 288 318 255 252 84 292 289 85 256 253 88 293 290 85 256 253 84 292 289 85 256 253 88 293 290 86 257 254 116 294 291 113 190 187 103 188 185 113 190 187 116 294 291 117 192 189 115 295 292 117 192 189 116 294 291 117 192 189 115 295 292 99 296 293 99 296 293 97 297 294 117 192 189 97 297 294 99 296 293 98 298 295 87 299 296 98 298 295 99 296 293 98 298 295 87 299 296 83 300 297 90 179 176 106 222 219 108 220 217 106 222 219 90 179 176 105 301 298 140 177 174 105 301 298 90 179 176 105 301 298 140 177 174 104 259 256 284 302 299 114 191 188 282 193 190 114 191 188 284 302 299 276 303 300 18 304 301 276 303 300 284 302 299 276 303 300 18 304 301 321 305 302 142 307 304 144 306 303 111 242 239 144 306 303 142 307 304 146 308 305 114 191 188 146 308 305 142 307 304 146 308 305 114 191 188 276 303 300 80 241 238 102 189 186 112 243 240 102 189 186 80 241 238 101 187 184 136 154 151 101 187 184 80 241 238 124 219 216 274 217 214 89 218 215 274 217 214 124 219 216 37 309 306 38 286 283 37 309 306 124 219 216 258 276 273 34 310 307 33 275 272 34 310 307 258 276 273 260 285 282 206 277 274 260 285 282 258 276 273 111 242 239 57 239 236 79 240 237 57 239 236 111 242 239 58 311 308 144 306 303 58 311 308 111 242 239 97 297 294 130 194 191 117 192 189 130 194 191 97 297 294 294 196 193 296 312 309 294 196 193 97 297 294 54 313 310 160 131 128 55 129 126 160 131 128 54 313 310 234 133 130 53 314 311 234 133 130 54 313 310 7 316 313 274 217 214 4 315 312 274 217 214 7 316 313 316 185 182 324 319 316 311 318 315 326 317 314 311 318 315 324 319 316 309 320 317 309 320 317 300 321 318 311 318 315 300 321 318 309 320 317 144 306 303 272 176 173 14 322 319 306 174 171 14 322 319 272 176 173 280 178 175 188 323 320 190 244 241 96 273 270 190 244 241 188 323 320 228 207 204 105 301 298 107 224 221 106 222 219 107 224 221 105 301 298 104 259 256 216 252 249 172 280 277 174 254 251 172 280 277 216 252 249 218 269 266 15 324 321 278 180 177 12 182 179 278 180 177 15 324 321 14 322 319 222 235 232 51 288 285 50 237 234 51 288 285 222 235 232 224 233 230 268 290 287 53 314 311 52 289 286 53 314 311 268 290 287 234 133 130 260 285 282 73 144 141 34 310 307 73 144 141 260 285 282 36 146 143 20 325 322 282 193 190 298 195 192 282 193 190 20 325 322 18 304 301 248 164 161 150 212 209 240 162 159 150 212 209 248 164 161 198 166 163 9 327 324 4 315 312 2 326 323 4 315 312 9 327 324 7 316 313 80 241 238 81 156 153 136 154 151 81 156 153 80 241 238 82 204 201 70 205 202 64 126 123 68 203 200 64 126 123 70 205 202 71 125 122 17 328 325 98 298 295 83 300 297 98 298 295 17 328 325 296 312 309 66 158 155 82 204 201 67 202 199 82 204 201 66 158 155 81 156 153 321 305 302 146 308 305 276 303 300 146 308 305 321 305 302 302 329 326 300 321 318 146 308 305 302 329 326 146 308 305 300 321 318 144 306 303 212 211 208 182 214 211 226 213 210 182 214 211 212 211 208 214 270 267 278 180 177 14 322 319 280 178 175 92 183 180 91 181 178 90 179 176 250 170 167 40 172 169 22 229 226 76 221 218 134 230 227 132 287 284 162 130 127 158 132 129 156 198 195 111 242 239 114 191 188 142 307 304 296 312 309 97 297 294 98 298 295 204 136 133 158 132 129 232 134 131 220 234 231 266 236 233 246 253 250 78 262 259 110 225 222 109 264 261 282 193 190 18 304 301 284 302 299 186 215 212 182 214 211 180 268 265</p>
                </triangles>
            </mesh>
        </geometry>
        <geometry id="ID106">
            <mesh>
                <source id="ID107">
                    <float_array id="ID108" count="231">-143.781 171.969 -500.063 -154.719 130.75 -490.781 -156.844 76.8438 -478.563 -0.4375 130.75 224.188 106.406 236.938 224.219 106.406 236.938 224.219 88.25 255.5 224.219 88.25 255.5 224.219 27.8125 287.844 -528.75 55.9063 277.625 224.219 55.9063 277.625 224.219 56.2188 277.625 -526.813 27.5 287.844 224.188 27.5 287.844 224.188 88.5625 255.5 -525.125 -0.4375 290.438 224.188 -0.4375 290.438 224.188 106.719 236.938 -519.656 154.125 130.75 224.25 154.125 130.75 224.25 128.438 205.875 -509.125 143.156 171.969 224.25 143.156 171.969 224.25 143.469 171.969 -499.938 128.156 205.875 224.25 128.156 205.875 224.25 154.406 130.75 -490.656 80.4688 16.875 224.219 80.4688 16.875 224.219 128.469 16.875 224.25 128.469 16.875 224.25 128.469 16.875 224.25 147.406 39.7188 224.25 147.406 39.7188 224.25 156.219 76.8438 224.25 156.219 76.8438 224.25 -0.4375 16.875 224.188 -0.4375 16.875 224.188 -107.313 236.938 224.156 -107.313 236.938 224.156 -89.1563 255.5 224.156 -89.1563 255.5 224.156 -28.4063 287.844 224.188 -28.4063 287.844 224.188 -56.8125 277.625 224.156 -56.8125 277.625 224.156 -129.031 205.875 224.125 -129.031 205.875 224.125 -144.063 171.969 224.125 -144.063 171.969 224.125 -155.031 130.75 224.125 -155.031 130.75 224.125 -157.125 76.8438 224.125 -157.125 76.8438 224.125 -148.313 39.7188 224.125 -148.313 39.7188 224.125 -129.375 16.875 224.125 -129.375 16.875 224.125 -129.375 16.875 224.125 -81.375 16.875 224.156 -81.375 16.875 224.156 80.75 16.875 -484.781 -0.15625 16.875 -491.031 -0.125 290.438 -531.031 128.75 16.875 -472.469 128.75 16.875 -472.469 147.688 39.7188 -472.563 156.5 76.8438 -478.438 -81.0938 16.875 -484.844 -88.8438 255.5 -525.219 -107 236.938 -519.75 -129.094 16.875 -472.563 -129.094 16.875 -472.563 -148.031 39.7188 -472.688 -28.0938 287.844 -528.781 -56.5 277.625 -526.844 -128.75 205.875 -509.25</float_array>
                    <technique_common>
                        <accessor count="77" source="#ID108" stride="3">
                            <param name="X" type="float"/>
                            <param name="Y" type="float"/>
                            <param name="Z" type="float"/>
                        </accessor>
                    </technique_common>
                </source>
                <source id="ID109">
                    <float_array id="ID110" count="192">-0.9433 -0.331941 -0.000386803 -0.886394 -0.462931 -0.000354626 -0.854623 -0.51925 -0.000337783 -0.786841 -0.617156 -0.000320523 -0.751859 -0.659324 -0.000315121 -0.642829 -0.76601 -0.000268498 -0.642843 -0.765998 -0.000268086 -0.455229 -0.890374 -0.000189462 -0.995287 0.096967 -0.000398363 -0.995291 0.0969298 -0.000397468 -0.993682 -0.112234 -0.000393214 -0.982699 -0.185211 -0.000398947 -0.943279 -0.332 -0.000407042 -0.455225 -0.890377 -0.000189416 -0.258307 -0.966063 -0.000107328 -0.175706 -0.984443 -7.28864e-005 -0.0309643 -0.99952 -1.28514e-005 0.0308646 -0.999524 1.28096e-005 -0 0 -1 0.000202143 -4.1246e-006 -1 0.000351776 -3.24076e-005 -1 0.000417493 -4.41225e-006 -1 0.000518571 -9.41545e-005 -1 0.000386175 0 -1 0.000480553 -4.46029e-005 -1 0.000364944 -6.55054e-006 -1 0.000395289 0.000139232 -1 0.000574124 -0.000150799 -1 0.000455174 -0.000163696 -1 0.0001318 0.000156801 -1 0.000574626 -7.67034e-006 -1 0.000516981 -9.19397e-005 -1 0.000217014 -4.88936e-005 -1 0 1 0 0.769859 0.638214 0.000310789 0.857526 0.51444 0.000346137 0.769858 0.638215 0.000310761 0.926835 0.37547 0.000372972 0.989835 0.142219 0.000397284 0.998678 0.0513929 0.000412103 0.993667 -0.112363 0.000422004 0.982685 -0.185282 0.000413758 0.951669 -0.307126 0.000385344 0.934252 -0.356613 0.000361345 0.886317 -0.463079 0.000341392 0.854536 -0.519392 0.000337746 0.786891 -0.617091 0.000320535 0.751908 -0.659268 0.000315129 0.667668 -0.744459 0.000279161 0.617359 -0.786681 0.000257277 0.492778 -0.870155 0.000205222 0.416869 -0.908967 0.00017334 0.258281 -0.96607 0.000107316 0.175643 -0.984454 7.28579e-005 -0.76986 0.638213 -0.000310775 -0.857537 0.514422 -0.000346136 -0.769859 0.638214 -0.000310754 -0.92685 0.375432 -0.000372978 0.000395165 -0.000139363 -1 0.0005742 0.00015093 -1 0.000455322 0.000163979 -1 0.000131782 -0.000156781 -1 0.000574584 7.77671e-006 -1 0.000516946 9.20363e-005 -1</float_array>
                    <technique_common>
                        <accessor count="64" source="#ID110" stride="3">
                            <param name="X" type="float"/>
                            <param name="Y" type="float"/>
                            <param name="Z" type="float"/>
                        </accessor>
                    </technique_common>
                </source>
                <source id="ID111">
                    <float_array id="ID112" count="114">-6.12012 0.510742 -3.77832 0.621094 -6.12012 0.621094 -3.74414 0.763672 -6.12012 0.763672 -3.72461 0.823242 -6.12012 0.823242 -6.12012 0.931641 -6.12012 0.204102 -3.88086 0.204102 -6.12012 0.37793 -3.83984 0.37793 -3.80762 0.510742 -3.70801 0.931641 -3.70215 1.09668 -6.12012 1.09668 -3.69531 1.14941 -6.12012 1.14941 -1.76465 0.243164 -1.79004 0.135742 -1.77051 0.398438 -1.84473 0.0703125 -2.21582 0.398438 -1.98242 0.0703125 -2.21582 0.0703125 -2.4502 0.0703125 -2.66211 0.398438 -2.63086 0.517578 -2.58691 0.615234 -2.52441 0.705078 -2.47266 0.758789 -2.37891 0.822266 -2.29688 0.851563 -2.21582 0.859375 -2.64258 0.135742 -2.66797 0.243164 -2.58789 0.0703125 -2.58789 -1.6582 -2.4502 -1.6582 -1.84473 -1.6582 -1.98242 -1.6582 -2.21582 -1.6582 -6.12012 0.00976563 -6.12012 0.0839844 -3.90039 0.00976563 -3.90039 0.0839844 -3.84082 0.37793 -3.80859 0.510742 -3.70898 0.931641 -3.89941 0.00976563 -3.89941 0.0839844 -1.80176 0.517578 -1.8457 0.615234 -1.9082 0.705078 -1.95996 0.758789 -2.05371 0.822266 -2.13574 0.851563</float_array>
                    <technique_common>
                        <accessor count="57" source="#ID112" stride="2">
                            <param name="S" type="float"/>
                            <param name="T" type="float"/>
                        </accessor>
                    </technique_common>
                </source>
                <vertices id="ID113">
                    <input semantic="POSITION" source="#ID107"/>
                </vertices>
                <triangles count="72" material="Material1">
                    <input offset="0" semantic="VERTEX" source="#ID113"/>
                    <input offset="1" semantic="NORMAL" source="#ID109"/>
                    <input offset="2" semantic="TEXCOORD" source="#ID111" set="0"/>
                    <p>24 2 2 20 1 1 21 0 0 20 1 1 24 2 2 17 3 3 4 4 4 17 3 3 24 2 2 17 3 3 4 4 4 14 5 5 6 6 6 14 5 5 4 4 4 14 5 5 6 6 6 9 7 7 18 10 10 67 9 9 34 8 8 67 9 9 18 10 10 26 11 11 21 0 0 26 11 11 18 10 10 26 11 11 21 0 0 23 12 12 20 1 1 23 12 12 21 0 0 9 7 7 11 13 13 14 5 5 11 13 13 9 7 7 8 14 14 12 15 15 8 14 14 9 7 7 8 14 14 12 15 15 63 16 16 15 17 17 63 16 16 12 15 15 50 19 20 54 18 19 52 18 18 54 18 19 50 19 20 56 20 21 3 21 22 56 20 21 50 19 20 56 20 21 3 21 22 59 22 23 37 23 24 59 22 23 3 21 22 3 21 22 28 24 25 37 23 24 28 24 25 3 21 22 19 25 26 22 26 27 19 25 26 3 21 22 3 21 22 25 27 28 22 26 27 25 27 28 3 21 22 5 28 29 7 29 30 5 28 29 3 21 22 3 21 22 10 30 31 7 29 30 10 30 31 3 21 22 13 31 32 16 18 33 13 31 32 3 21 22 31 32 36 35 18 35 33 18 34 35 18 35 31 32 36 19 25 26 28 24 25 19 25 26 31 32 36 65 33 36 27 33 38 30 33 37 27 33 38 65 33 36 61 33 25 58 33 39 68 33 23 71 33 21 68 33 23 58 33 39 60 33 40 60 33 40 62 33 24 68 33 23 62 33 24 60 33 40 36 33 41 72 36 44 55 35 43 57 34 42 55 35 43 72 36 44 73 37 45 73 37 45 53 38 8 55 35 43 53 38 8 73 37 45 2 39 9 2 39 9 51 40 10 53 38 8 51 40 10 2 39 9 1 41 46 1 41 46 49 42 0 51 40 10 49 42 0 1 41 46 0 43 47 0 43 47 47 44 2 49 42 0 47 44 2 0 43 47 76 45 1 76 45 1 39 46 4 47 44 2 39 46 4 76 45 1 70 47 3 70 47 3 41 48 6 39 46 4 41 48 6 70 47 3 69 49 5 69 49 5 45 50 7 41 48 6 45 50 7 69 49 5 75 51 48 75 51 48 43 52 15 45 50 7 43 52 15 75 51 48 74 53 14 74 53 14 15 17 17 43 52 15 15 17 17 74 53 14 63 16 16 36 33 41 61 33 25 62 33 24 61 33 25 36 33 41 27 33 38 29 56 42 66 55 50 64 54 49 66 55 50 29 56 42 32 57 43 32 57 43 67 9 9 66 55 50 67 9 9 32 57 43 34 8 8 48 58 51 3 21 22 50 19 20 3 21 22 48 58 51 46 59 52 38 60 53 3 21 22 46 59 52 3 21 22 38 60 53 40 61 54 44 62 55 3 21 22 40 61 54 3 21 22 44 62 55 42 63 56 3 21 22 42 63 56 16 18 33</p>
                </triangles>
            </mesh>
        </geometry>
        <geometry id="ID115">
            <mesh>
                <source id="ID116">
                    <float_array id="ID117" count="93">-326.594 791.938 1.625 -292.031 805.031 -40.7813 -289.031 811.469 1.65625 -392.938 739.844 1.625 -388.219 734.469 -67.75 -322.094 786.25 -67.3438 -385.469 709.125 -136.281 -353.656 739.844 -130.375 -305.531 790.844 -80.125 -302.5 796.344 -67.8125 -448.219 673.688 1.59375 -442.781 668.063 -69.4063 -476.375 603.188 1.59375 -470.469 606.719 -40.8125 -458.219 622.188 -80.2188 -439.031 646.344 -110.844 -322.125 786.25 70.6563 -291.875 804.938 45.7188 -301.781 796.75 71.1563 -388.25 734.469 71 -326.5 767.219 115.625 -353.344 739.438 135.281 -305.25 790.5 85.0625 -438.813 646.031 115.656 -442.844 668.031 72.625 -413.031 676.906 135.281 -457.969 621.875 85 -470.406 606.563 45.625 -326.719 767.531 -110.688 -413.25 677.25 -130.438 -384.781 708.688 141.906</float_array>
                    <technique_common>
                        <accessor count="31" source="#ID117" stride="3">
                            <param name="X" type="float"/>
                            <param name="Y" type="float"/>
                            <param name="Z" type="float"/>
                        </accessor>
                    </technique_common>
                </source>
                <source id="ID118">
                    <float_array id="ID119" count="93">-0.82873 0.512361 -0.22515 -0.670934 0.717289 -0.188001 -0.876438 0.481514 0.000131668 -0.696272 0.717778 -0.00015549 -0.680473 0.705776 0.197072 -0.526056 0.85045 -0.00017237 -0.520023 0.827671 0.211037 -0.45701 0.874985 0.159821 -0.458037 0.840823 0.288477 -0.856458 0.42129 -0.298319 -0.785777 0.541612 -0.298682 -0.711669 0.646878 -0.274 -0.614725 0.738934 -0.275843 -0.552459 0.785533 -0.278797 -0.917722 0.379757 0.116491 -0.91614 0.363825 0.16828 -0.843341 0.492202 0.215668 -0.856578 0.422503 0.296253 -0.771356 0.570167 0.282702 -0.519345 0.827883 -0.211873 -0.456508 0.875227 -0.159933 -0.456834 0.841058 -0.289698 -0.928675 0.370894 -0.000494912 -0.918635 0.378011 -0.114967 -0.91614 0.364065 -0.167764 -0.553597 0.784934 0.278223 -0.69465 0.664467 0.27558 -0.615748 0.737514 0.277358 -0.460343 0.881805 0.102488 -0.461329 0.887229 -0.000126952 -0.460287 0.881789 -0.10288</float_array>
                    <technique_common>
                        <accessor count="31" source="#ID119" stride="3">
                            <param name="X" type="float"/>
                            <param name="Y" type="float"/>
                            <param name="Z" type="float"/>
                        </accessor>
                    </technique_common>
                </source>
                <source id="ID120">
                    <float_array id="ID121" count="62">0.782227 0.358398 0.753906 0.598633 0.529297 0.378906 0.506836 0.618164 0.255859 0.598633 0.479492 0.806641 0.230469 0.786133 0.219727 0.824219 0.171875 0.800781 0.929688 0.280273 0.989258 0.391602 1 0.506836 0.96582 0.618164 0.883789 0.717773 0.379883 0.135742 0.233398 0.191406 0.272461 0.358398 0.115234 0.279297 0.0351563 0.390625 0.726563 0.786133 0.719727 0.822266 0.765625 0.802734 0.541016 0.124023 0.69043 0.136719 0.827148 0.192383 0.0703125 0.716797 0 0.505859 0.0107422 0.616211 0.307617 0.853516 0.464844 0.876953 0.618164 0.853516</float_array>
                    <technique_common>
                        <accessor count="31" source="#ID121" stride="2">
                            <param name="S" type="float"/>
                            <param name="T" type="float"/>
                        </accessor>
                    </technique_common>
                </source>
                <vertices id="ID122">
                    <input semantic="POSITION" source="#ID116"/>
                </vertices>
                <triangles count="38" material="Material1">
                    <input offset="0" semantic="VERTEX" source="#ID122"/>
                    <input offset="1" semantic="NORMAL" source="#ID118"/>
                    <input offset="2" semantic="TEXCOORD" source="#ID120" set="0"/>
                    <p>10 2 2 4 1 1 11 0 0 4 1 1 10 2 2 3 3 3 19 4 4 3 3 3 10 2 2 3 3 3 19 4 4 0 5 5 16 6 6 0 5 5 19 4 4 0 5 5 16 6 6 18 7 7 22 8 8 18 7 7 16 6 6 11 0 0 29 10 10 15 9 9 29 10 10 11 0 0 6 11 11 4 1 1 6 11 11 11 0 0 6 11 11 4 1 1 7 12 12 28 13 13 7 12 12 4 1 1 26 15 15 10 2 2 27 14 14 10 2 2 26 15 15 24 16 16 23 17 17 24 16 16 26 15 15 24 16 16 23 17 17 25 18 18 0 5 5 4 1 1 3 3 3 4 1 1 0 5 5 5 19 19 9 20 20 5 19 19 0 5 5 5 19 19 9 20 20 8 21 21 10 2 2 12 22 22 27 14 14 12 22 22 10 2 2 13 23 23 14 24 24 13 23 23 10 2 2 14 24 24 11 0 0 15 9 9 11 0 0 14 24 24 10 2 2 16 6 6 20 25 25 22 8 8 20 25 25 16 6 6 19 4 4 24 16 16 19 4 4 10 2 2 19 4 4 24 16 16 25 18 18 30 26 26 19 4 4 25 18 18 19 4 4 30 26 26 21 27 27 17 28 28 0 5 5 18 7 7 0 5 5 17 28 28 2 29 29 1 30 30 0 5 5 2 29 29 0 5 5 1 30 30 9 20 20 28 13 13 5 19 19 8 21 21 5 19 19 28 13 13 4 1 1 19 4 4 21 27 27 20 25 25</p>
                </triangles>
            </mesh>
        </geometry>
        <geometry id="ID124">
            <mesh>
                <source id="ID125">
                    <float_array id="ID126" count="762">156.25 75.9063 -481.531 169.469 31.3438 -504.969 177.563 70.75 -514.219 175 128.688 -528.375 162.781 178.531 -540.594 146.688 216 -549.625 121.906 254.125 -558.688 100.281 277.5 -564.469 63.4688 303.094 -570.469 32.2188 314.938 -573.5 -142.125 411.219 -566.125 0 318.063 -574.344 156.969 7.375 -498.656 176.219 31.5 -467.125 184.625 70.75 -473.5 181.969 128.938 -487.594 169.25 178.313 -499.438 152.531 215.969 -510.531 126.75 253.969 -522.5 104.281 277.594 -528.75 98 401.063 -566.125 65.9688 303.125 -531.875 105.906 364.656 -575.344 33.4375 314.938 -533.844 98.0313 401.063 -575.375 0 318.031 -536.438 105.906 411.219 -589.375 163.219 7.375 -467.938 98 421.375 -566.125 0 -3.3125 -523.406 98.0313 421.375 -575.375 86.5313 -3.3125 -516.656 105.906 457.781 -575.344 171.313 -3.3125 -494.75 69.6875 411.219 -575.406 226.375 251.844 -516.375 113.813 401.063 -566.125 246.563 205.25 -505.156 113.813 401.063 -575.344 254 205.344 -449.406 113.813 421.375 -575.344 233.188 251.75 -467.313 113.813 421.375 -566.125 264.406 126.469 -485.938 142.156 411.219 -575.281 272.375 126.656 -427.219 0 326.313 -575.438 0 417.656 -556.531 0 326.313 -566.156 48.7813 412.531 -555.375 18.4688 392.719 -566.125 50.1875 415.125 -503.063 18.4688 392.719 -575.406 -270.156 353.281 -738.625 0 420.188 -506.688 0 411.219 -595.188 -245.5 316.375 -718.813 92.3125 395.813 -551.406 18.4688 429.719 -575.406 -248.406 339.75 -718.813 95.0625 398.375 -501.813 18.4688 429.719 -566.125 -228.594 353.281 -718.813 149.531 359.813 -542.625 0 496.125 -566.156 -256.313 365.281 -718.813 151.563 363.563 -491.719 0 496.125 -575.438 -270.156 389.406 -718.813 187.531 315.813 -531.938 64.7188 411.219 -575.344 -270.156 326.406 -718.813 193.156 315.844 -483.281 -105.906 364.656 -575.344 -294.844 316.375 -718.813 269.281 63.5313 -470.719 -98 401.063 -566.125 -291.906 339.75 -718.813 277.406 63.5938 -407.406 -98.0313 401.063 -575.375 -311.75 353.281 -718.813 -311.75 353.281 -718.813 265.75 24.75 -461.313 -105.906 411.219 -589.375 -284 365.281 -718.813 273.781 24.875 -400.156 -98.0313 421.375 -575.375 251.781 -3.3125 -453.031 -98 421.375 -566.125 259.375 -5.09375 -401.75 -105.906 457.781 -575.344 254.938 24.75 -467.031 -69.6875 411.219 -575.406 244.375 7 -463.031 -113.813 401.063 -566.125 259.563 63.5313 -476.438 -113.813 401.063 -575.344 255 126.469 -491.656 -113.813 421.375 -566.125 217.656 251.844 -522.094 -113.813 421.375 -575.344 237.719 205.25 -510.875 -142.156 411.219 -575.281 180.375 313.375 -537.656 -18.4688 392.719 -566.125 144.5 354.875 -548.375 -18.4688 392.719 -575.406 89.5313 388.156 -557.156 -18.4688 429.719 -566.125 48 404.125 -561.094 -18.4688 429.719 -575.406 0 409.344 -562.281 -64.7188 411.219 -575.344 247.813 24.875 -436.313 237.563 7.03125 -432.313 252.344 63.6563 -445.781 247.906 126.375 -461.094 211.563 251.75 -491.313 231.094 205.219 -480.031 175.344 313.375 -506.094 140.438 353.156 -516.188 87.0313 385.063 -524.625 45.6875 401.063 -528.906 0 406.063 -530.313 -79.875 16.3125 -487.906 -85.8438 7.375 -519.531 -87.6563 253.531 -528.031 -93.75 274.031 -571.531 -114.844 250.906 -565.75 -105.719 235.094 -522.563 -55.5 275.563 -529.719 -60.3438 297.438 -577.531 -27.2813 285.719 -531.656 -30.625 307.75 -580.563 -153.094 129.531 -493.719 -142.219 170.5 -502.938 -152.781 178.531 -547.656 -164.469 128.688 -535.438 -127.313 204.219 -512.094 -136.75 216 -556.688 -127.594 16.3125 -475.625 -137.063 7.375 -506.344 -146.438 39.0313 -475.719 -157.281 31.3438 -512.031 -155.188 75.9063 -481.531 -166.688 70.75 -521.281 -176.5 70.75 -514.219 -168.406 31.3438 -504.969 -173.938 128.688 -528.375 -161.719 178.531 -540.594 -145.625 216 -549.625 -120.844 254.125 -558.688 -99.2188 277.5 -564.469 -62.4063 303.094 -570.469 -31.1563 314.938 -573.5 -155.906 7.375 -498.656 -183.563 70.75 -473.5 -175.156 31.5 -467.125 -180.906 128.938 -487.594 -151.469 215.969 -510.531 -168.188 178.313 -499.438 -125.688 253.969 -522.5 -103.219 277.594 -528.75 -64.9063 303.125 -531.875 -32.375 314.938 -533.844 -162.156 7.375 -467.938 -85.4688 -3.3125 -516.656 -170.25 -3.3125 -494.75 -252.938 205.344 -449.406 -245.5 205.25 -505.156 -225.313 251.844 -516.375 -232.125 251.75 -467.313 -266.719 155.625 -434.344 -258.875 155.688 -493 270.156 353.281 -738.625 -49.125 415.125 -503.063 294.844 316.375 -718.813 -47.7188 412.531 -555.375 291.906 339.75 -718.813 -94 398.375 -501.813 311.75 353.281 -718.844 -91.25 395.813 -551.406 284 365.281 -718.813 -150.5 363.563 -491.719 270.156 389.406 -718.813 -148.469 359.813 -542.625 270.156 326.406 -718.813 -192.094 315.844 -483.281 245.5 316.375 -718.813 -186.469 315.813 -531.938 248.406 339.75 -718.813 -276.344 63.5938 -407.406 228.594 353.281 -718.813 228.594 353.281 -718.813 -268.219 63.5313 -470.719 256.313 365.281 -718.813 -272.719 24.875 -400.156 -264.688 24.75 -461.313 -258.5 63.5313 -476.438 -253.875 24.75 -467.031 -250.125 155.688 -498.75 -216.594 251.844 -522.094 -236.656 205.25 -510.875 -179.313 313.375 -537.656 -143.438 354.875 -548.375 -88.4688 388.156 -557.156 -46.9375 404.125 -561.094 -243.313 7 -463.031 -250.719 -3.3125 -453.031 -258.313 -5.09375 -401.75 -236.5 7.03125 -432.313 -246.75 24.875 -436.313 -251.281 63.6563 -445.781 -243.094 155.531 -467.813 -230.031 205.219 -480.031 -210.5 251.75 -491.313 -174.281 313.375 -506.094 -139.375 353.156 -516.188 -85.9688 385.063 -524.625 -44.625 401.063 -528.906 64.7188 411.219 -566.125 69.6875 411.219 -566.125 105.906 364.656 -566.125 105.906 457.781 -566.125 142.125 411.219 -566.125 0 7.375 -526.25 86.9063 7.375 -519.531 80.9375 16.3125 -487.906 0 16.3125 -494.156 115.906 250.906 -565.75 94.8125 274.031 -571.531 88.7188 253.531 -528.031 106.781 235.094 -522.563 61.4063 297.438 -577.531 56.5625 275.563 -529.719 -64.7188 411.219 -566.125 31.6875 307.75 -580.563 -69.6875 411.219 -566.125 28.3438 285.719 -531.656 0 311.281 -581.406 0 288.281 -533.938 -105.906 364.656 -566.125 153.844 178.531 -547.656 143.281 170.5 -502.938 154.156 129.531 -493.719 165.531 128.688 -535.438 137.813 216 -556.688 128.375 204.219 -512.094 138.125 7.375 -506.344 128.656 16.3125 -475.625 158.344 31.3438 -512.031 -105.906 457.781 -566.125 147.5 39.0313 -475.719 167.75 70.75 -521.281</float_array>
                    <technique_common>
                        <accessor count="254" source="#ID126" stride="3">
                            <param name="X" type="float"/>
                            <param name="Y" type="float"/>
                            <param name="Z" type="float"/>
                        </accessor>
                    </technique_common>
                </source>
                <source id="ID127">
                    <float_array id="ID128" count="966">-0.284158 -0.299166 -0.910908 0.000144396 -0.593391 -0.804915 -0.000179293 0.0142511 -0.999898 0 0.48087 -0.876792 -0.487836 0.552734 -0.675649 -0.305191 0.704959 -0.640227 -0.364067 -0.533068 -0.763737 -0.568741 -0.238433 -0.7872 0.284561 -0.298675 -0.910944 0.487475 0.553094 -0.675614 0.4269 0.109576 -0.897636 0.568627 -0.238642 -0.787219 -0.284561 -0.298675 -0.910944 -0.000144396 -0.593391 -0.804915 6.57872e-006 0.0143048 -0.999898 -0.487719 0.55285 -0.675638 -0.304926 0.705142 -0.640153 -0.363744 -0.533436 -0.763634 -0.568876 -0.238183 -0.787178 0.284158 -0.299166 -0.910908 0.487836 0.552734 -0.675649 0.427698 0.109849 -0.897222 0.568741 -0.238433 -0.7872 -0.868932 -0.462279 -0.176792 -0.658142 -0.108044 -0.745101 -0.902273 -0.397401 -0.167259 -0.780284 -0.363233 -0.509134 -0.973027 -0.155913 -0.170026 -0.840513 -0.15658 -0.518672 -0.982952 0.0718381 -0.169247 -0.855101 0.02672 -0.517773 -0.953525 0.259159 -0.153709 -0.843931 0.188665 -0.502181 -0.896785 0.421199 -0.135529 -0.81022 0.350329 -0.469907 -0.808972 0.57731 -0.1108 -0.747446 0.517253 -0.416863 -0.681999 0.72673 -0.0820984 -0.622103 0.683964 -0.381025 -0.494946 0.867903 -0.0420982 -0.429685 0.826977 -0.3626 -0.266394 0.963785 -0.0123584 -0.191234 0.904397 -0.381438 -0.00157485 0.999998 -0.00103677 -0.001686 0.927808 -0.373055 0.189006 0.904814 -0.381562 -0.612501 -0.498374 -0.613568 -0.206891 0.340958 -0.91703 -0.804705 -0.361109 -0.471221 -0.456695 -0.314625 -0.83213 -0.826928 -0.121945 -0.548926 -0.512015 -0.188965 -0.837934 -0.84061 0.0303856 -0.540788 -0.544972 -0.0884681 -0.833774 -0.826647 0.164103 -0.538262 -0.544824 0.00336687 -0.838544 -0.75728 0.234681 -0.609469 -0.559807 0.10553 -0.821876 -0.764245 0.404687 -0.502154 -0.568378 0.243176 -0.78601 -0.660375 0.582743 -0.47362 -0.467592 0.412022 -0.782045 -0.453373 0.786103 -0.420113 -0.317346 0.49719 -0.807523 -0.225437 0.8434 -0.487703 -0.147621 0.550851 -0.821445 -0.00108392 0.779945 -0.625847 -0.000923952 0.568888 -0.822414 0.146441 0.550986 -0.821565 0.189074 -0.976186 -0.106356 0.00124438 -0.994773 -0.102103 0.00121165 -0.994762 -0.102212 -0.187482 -0.976496 -0.106332 -0.26865 -0.956832 -0.110908 -0.397996 -0.909953 -0.116554 -0.449451 -0.885858 -0.115108 -0.581179 -0.804852 -0.120183 -0.662343 -0.739636 -0.119333 -0.771204 -0.623822 -0.126847 -0.802803 -0.579779 -0.139156 -0.853726 -0.4958 -0.159166 -0.868487 -0.462644 -0.178022 -0.910681 -0.366176 -0.191245 -0.927173 -0.313508 -0.205094 -0.953122 -0.21167 -0.216229 -0.959694 -0.16966 -0.22406 -0.971633 -0.0637463 -0.22774 -0.973634 -0.00203626 -0.228108 -0.955152 0.19425 -0.223497 -0.918501 0.334458 -0.210934 -0.660178 0.735761 -0.151064 0.115453 0.539572 -0.833986 0.306098 -0.214419 -0.927539 0.658142 -0.108044 -0.745101 0.443018 -0.413319 -0.795551 0.780284 -0.363233 -0.509135 0.548885 -0.260565 -0.794249 0.840513 -0.15658 -0.518672 0.58813 -0.132375 -0.797859 0.855101 0.02672 -0.517773 0.612664 -0.00687982 -0.790313 0.843931 0.188665 -0.502181 0.617789 0.11313 -0.778163 0.81022 0.350329 -0.469907 0.633299 0.280682 -0.721215 0.747446 0.517253 -0.416863 0.580099 0.4482 -0.680149 0.622103 0.683964 -0.381025 0.444953 0.617298 -0.648814 0.429685 0.826977 -0.3626 0.240917 0.685286 -0.687271 -0.00157397 0.709353 -0.704852 0.26543 0.964051 -0.0123295 0.494946 0.867903 -0.0420982 0.681999 0.72673 -0.0820984 0.808972 0.57731 -0.1108 0.896785 0.421199 -0.135529 0.953525 0.259159 -0.153709 0.982952 0.0718381 -0.169247 0.973027 -0.155913 -0.170026 0.902273 -0.397401 -0.167259 0.2243 0.843659 -0.48778 0.317346 0.49719 -0.807523 0.453373 0.786103 -0.420113 0.467592 0.412022 -0.782045 0.660375 0.582743 -0.473619 0.568378 0.243176 -0.78601 0.764245 0.404687 -0.502154 0.559807 0.10553 -0.821876 0.75728 0.234681 -0.609469 0.538358 -0.0270033 -0.842284 0.894565 0.195381 -0.401969 0.798994 -0.0378804 -0.600145 -0.953515 -0.274353 -0.124658 -0.990141 -0.056997 -0.127955 -0.984092 0.121385 -0.129729 -0.952951 0.275012 -0.127486 -0.892407 0.435666 -0.117495 0.515059 -0.130423 -0.847174 0.50117 -0.198069 -0.842376 0.763559 -0.167583 -0.623614 0.45349 -0.349642 -0.819816 0.834444 -0.313751 -0.45306 0.661164 -0.487887 -0.569937 -0.888423 -0.368407 -0.273826 -0.823245 -0.4839 -0.296831 -0.771552 -0.545011 -0.328131 -0.701232 -0.61804 -0.355388 -0.640482 -0.662512 -0.388409 -0.549726 -0.729467 -0.407038 -0.542504 -0.728043 -0.419098 -0.380853 -0.824142 -0.419214 -0.79493 0.600154 -0.0888919 -0.616215 0.78362 -0.0788581 -0.443878 0.893288 -0.0707693 -0.275086 0.959608 -0.0589921 -0.00114393 0.998671 -0.0515361 0.274374 0.959812 -0.0589837 0.443878 0.893288 -0.0707693 0.616215 0.78362 -0.0788581 0.142389 -0.895256 -0.422188 0.000898935 -0.899926 -0.436041 0.00122196 -0.904707 -0.426032 -0.140771 -0.895493 -0.422227 -0.21145 -0.883752 -0.417459 -0.368879 -0.830513 -0.417344 -0.958458 0.0397655 -0.282448 -0.957855 0.0325849 -0.285398 -0.951683 -0.166727 -0.257881 -0.938541 -0.228291 -0.258888 -0.891835 -0.359068 -0.275137 0.660178 0.735761 -0.151064 0.918501 0.334458 -0.210934 0.955152 0.19425 -0.223497 0.973165 -0.0408018 -0.22646 0.972578 -0.0414917 -0.228848 0.951146 -0.220872 -0.215724 0.990805 -0.0386032 -0.129675 0.981378 0.138806 -0.132781 0.951679 0.279408 -0.127431 0.892407 0.435666 -0.117495 0.227667 0.913911 -0.336059 0.517517 0.774067 -0.364686 0.823939 0.440584 -0.356384 0.890866 0.317153 -0.325225 0.957855 0.0325849 -0.285398 0.958458 0.0397655 -0.282448 0.951683 -0.166727 -0.257881 -0.0515709 0.96353 -0.262584 -0.0362861 0.963448 -0.265426 -0.000132096 0.963338 -0.268291 -0.000128297 0.963343 -0.268273 0.0361101 0.96345 -0.265443 -0.363852 -0.104319 -0.925597 -0.306098 -0.214419 -0.927539 -0.158933 -0.261337 -0.952073 -0.158598 -0.261669 -0.952038 -0.000462339 -0.259682 -0.965694 0.640482 -0.662512 -0.388409 0.542504 -0.728043 -0.419098 0.549726 -0.729467 -0.407038 0.380853 -0.824142 -0.419214 0.368879 -0.830513 -0.417344 0.212453 -0.883527 -0.417425 -0.000465882 -0.257135 -0.966375 0.158477 -0.261348 -0.952146 0.158146 -0.261673 -0.952112 0.938541 -0.228291 -0.258888 0.888423 -0.368407 -0.273826 0.891835 -0.359068 -0.275137 0.823245 -0.4839 -0.296831 0.363852 -0.104319 -0.925597 0.905091 -0.380374 -0.190067 0.917543 -0.342677 -0.20171 0.868487 -0.462644 -0.178022 0.853726 -0.4958 -0.159166 0.802803 -0.579779 -0.139156 0.771204 -0.623822 -0.126847 0.662343 -0.739636 -0.119333 0.581179 -0.804852 -0.120183 0.449451 -0.885858 -0.115108 0.397996 -0.909953 -0.116554 0.269401 -0.956616 -0.110942 -0.883215 -0.450277 -0.13108 -0.443018 -0.413319 -0.795551 -0.548885 -0.260565 -0.794249 0.771552 -0.545011 -0.328131 0.701232 -0.61804 -0.355388 0.00464921 0.999989 -0.000472239 -0.00464921 0.999989 -0.000472239 0.894499 -0.42217 -0.147122 0.930906 -0.340625 -0.131865 -0.241985 0.685058 -0.687124 0.79493 0.600154 -0.088892 0.950231 -0.223457 -0.21709 0.868932 -0.462279 -0.176792 -0.444953 0.617298 -0.648814 -0.580099 0.4482 -0.680149 -0.227667 0.913911 -0.336059 -0.823939 0.440584 -0.356384 -0.517517 0.774067 -0.364686 -0.890866 0.317153 -0.325225 -0.633299 0.280682 -0.721215 0.0514804 0.96353 -0.262601 -0.617789 0.11313 -0.778163 -0.612664 -0.00687983 -0.790313 -0.58813 -0.132375 -0.797859 -0.661054 -0.386557 -0.643103 -0.618912 0.694482 -0.366938 -0.371391 0.928477 -0 -0.843355 0.537357 -0 0.61926 -0.785185 -0.00166454 0.793415 -0.533255 -0.293483 0.977307 -0.21182 -0.00165071 0.93178 -0.201811 -0.30176 -0.760782 -0.535456 -0.36674 -0.626102 -0.779741 -0 -0.371391 -0.928477 -0 0 0.686006 -0.727596 -0.963433 0.267948 -0 0 -0.506693 -0.862127 -0.963433 -0.267948 -0 -0.79374 -0.533326 -0.292473 -0.328708 -0.915553 -0.231763 -0.619262 -0.785185 0.000431931 -0.337652 -0.94127 0.0011524 -0.316622 0.881463 -0.35039 -0.643195 0.707537 -0.29273 -0.337486 0.94133 0.000575632 -0.859067 0.511863 -0 -0.957434 0.207924 -0.200218 -0.977222 0.212221 -0 -0.931594 -0.202312 -0.301997 -0.977222 -0.212221 -0 0.337652 -0.941271 -0 0.32796 -0.915609 -0.232601 0.859214 0.511613 -0.00166527 0.642788 0.707389 -0.29398 0.337487 0.94133 -0.000570358 0.315512 0.881602 -0.35104 0.977222 0.212221 0 0.957319 0.207541 -0.201165 0.963433 0.267948 0 0.843355 0.537357 -0 0.618912 0.694482 -0.366938 0.371391 0.928477 -0 0.661054 -0.386557 -0.643103 0.619262 -0.785185 0.000431931 0.79374 -0.533326 -0.292473 0.977222 -0.212221 -0 0.931594 -0.202312 -0.301997 0.371391 -0.928477 -0 0.626102 -0.779741 -0 0.760782 -0.535456 -0.36674 0.337652 -0.94127 0.0011524 0.328708 -0.915553 -0.231763 -0.793415 -0.533255 -0.293483 -0.32796 -0.915609 -0.232601 -0.61926 -0.785185 -0.00166454 -0.337652 -0.941271 -0 -0.315512 0.881602 -0.35104 -0.642788 0.707389 -0.29398 -0.337487 0.94133 -0.000570358 -0.859214 0.511613 -0.00166527 0.859067 0.511863 -0 0.643195 0.707537 -0.29273 0.337486 0.94133 0.000575632 0.316622 0.881463 -0.35039 -0.957319 0.207541 -0.201165 0.963433 -0.267948 -0 0.957434 0.207924 -0.200218 -0.93178 -0.201811 -0.30176 -0.977307 -0.21182 -0.00165071 -0.570318 -0.478315 -0.667796 0.570318 -0.478315 -0.667796 9.75924e-009 9.75924e-009 -1 0.570939 -0.477854 -0.667595 0.570939 0.477854 -0.667595 -0.570939 -0.477854 -0.667595 -0.570939 0.477854 -0.667595 -0.570318 0.478315 -0.667796 0.570318 0.478315 -0.667796</float_array>
                    <technique_common>
                        <accessor count="322" source="#ID128" stride="3">
                            <param name="X" type="float"/>
                            <param name="Y" type="float"/>
                            <param name="Z" type="float"/>
                        </accessor>
                    </technique_common>
                </source>
                <source id="ID129">
                    <float_array id="ID130" count="206">0.915039 -0.139648 0.5 0.0136719 0.5 0.546875 0.5 1.15723 0.742188 0.756836 1.2041 0.591797 1.18066 0.456055 0.880859 0.30957 0.0839844 -0.139648 0.256836 0.756836 -0.196289 0.546875 0.118164 0.30957 -0.330078 -0.514648 -0.396484 -0.391602 -0.439453 -0.191406 -0.425781 0.105469 -0.361328 0.357422 -0.275391 0.549805 -0.143555 0.744141 -0.0292969 0.864258 0.165039 0.995117 0.331055 1.05371 0.5 1.07031 -0.782227 -0.569336 -0.709961 -0.516602 -0.853516 -0.398438 -0.762695 -0.397461 -0.87207 -0.207031 -0.785156 -0.204102 -0.824219 0.249023 -0.743164 0.225586 -0.755859 0.495117 -0.676758 0.467773 -0.652344 0.725586 -0.577148 0.69043 -0.454102 1.04199 -0.391602 0.983398 -0.259766 1.25977 -0.213867 1.18066 0.03125 1.43848 0.0576172 1.34961 0.25293 1.52148 0.268555 1.42773 0.5 1.54688 0.5 1.45117 -0.762695 0.105469 -0.202148 -0.514648 -0.305664 -0.390625 -0.353516 -0.188477 -0.341797 0.105469 -0.282227 0.330078 -0.200195 0.514648 -0.0820313 0.68457 0.015625 0.785156 0.192383 0.90625 0.34668 0.961914 0.5 0.975586 -0.84668 0.105469 -0.895508 -0.425781 -0.913086 -0.228516 -0.864258 0.242188 -0.793945 0.495117 -0.6875 0.732422 -0.228516 0.317383 -0.152344 0.490234 -0.0419922 0.647461 0.0488281 0.741211 0.213867 0.853516 -0.483398 1.05859 -0.283203 1.2832 0.0166016 1.46777 0.246094 1.55273 0.5 1.5791 0.357422 0.90625 0.5 0.918945 -0.294922 -0.165039 -0.28418 0.108398 -0.887695 0.09375 -0.154297 -0.469727 -0.25 -0.353516 0.0888672 -0.469727 0.0585938 -0.514648 0.5 -0.469727 0.5 -0.514648 -0.371094 -0.569336 0.0605469 -0.569336 0.5 -0.569336 -0.821289 -0.579102 -0.22168 0.5 0.341797 0.658203 -0.674805 0.388672 -0.787109 -0.0126953 0.341797 0.342773 0.5 1.22168 0.5 -0.22168 -0.898438 0.388672 -1.2998 0.5 -0.898438 0.612305 -0.787109 1.0127 -0.274414 0.5 -0.674805 0.612305 -0.787109 0.5 0.5 0.5</float_array>
                    <technique_common>
                        <accessor count="103" source="#ID130" stride="2">
                            <param name="S" type="float"/>
                            <param name="T" type="float"/>
                        </accessor>
                    </technique_common>
                </source>
                <vertices id="ID131">
                    <input semantic="POSITION" source="#ID125"/>
                </vertices>
                <triangles count="358" material="Material1">
                    <input offset="0" semantic="VERTEX" source="#ID131"/>
                    <input offset="1" semantic="NORMAL" source="#ID127"/>
                    <input offset="2" semantic="TEXCOORD" source="#ID129" set="0"/>
                    <p>174 2 2 186 1 1 188 0 0 195 4 4 184 3 3 174 2 2 174 2 2 193 5 5 195 4 4 174 2 2 190 7 7 192 6 6 190 7 7 174 2 2 188 0 0 174 2 2 176 8 8 186 1 1 182 9 9 174 2 2 184 3 3 174 2 2 182 9 9 180 10 10 174 2 2 180 10 10 178 11 11 178 11 11 176 8 8 174 2 2 53 14 2 71 13 1 74 12 0 84 15 4 68 3 3 53 14 2 53 14 2 81 16 5 84 15 4 53 14 2 77 18 7 80 17 6 77 18 7 53 14 2 74 12 0 53 14 2 56 19 8 71 13 1 65 20 9 53 14 2 68 3 3 53 14 2 65 20 9 62 21 10 53 14 2 62 21 10 59 22 11 59 22 11 56 19 8 53 14 2 157 25 13 155 24 12 165 23 12 155 24 12 157 25 13 147 26 13 156 27 14 147 26 13 157 25 13 147 26 13 156 27 14 146 28 14 158 29 15 146 28 14 156 27 14 146 28 14 158 29 15 148 30 15 160 31 16 148 30 15 158 29 15 148 30 15 160 31 16 149 32 16 159 33 17 149 32 16 160 31 16 149 32 16 159 33 17 150 34 17 161 35 18 150 34 17 159 33 17 150 34 17 161 35 18 151 36 18 162 37 19 151 36 18 161 35 18 151 36 18 162 37 19 152 38 19 163 39 20 152 38 19 162 37 19 152 38 19 163 39 20 153 40 20 164 41 21 153 40 20 163 39 20 153 40 20 164 41 21 154 42 21 25 43 22 154 42 21 164 41 21 154 42 21 25 43 22 11 44 22 9 45 21 11 44 22 25 43 22 197 48 25 207 47 24 208 46 23 207 47 24 197 48 25 199 49 26 194 50 27 199 49 26 197 48 25 199 49 26 194 50 27 198 51 28 173 52 29 198 51 28 194 50 27 198 51 28 173 52 29 200 53 30 169 54 31 200 53 30 173 52 29 200 53 30 169 54 31 202 55 32 170 56 33 202 55 32 169 54 31 202 55 32 170 56 33 201 57 34 189 58 35 201 57 34 170 56 33 201 57 34 189 58 35 203 59 36 185 60 37 203 59 36 189 58 35 203 59 36 185 60 37 204 61 38 181 62 39 204 61 38 185 60 37 204 61 38 181 62 39 205 63 40 177 64 41 205 63 40 181 62 39 205 63 40 177 64 41 206 65 42 47 66 43 206 65 42 177 64 41 206 65 42 47 66 43 111 67 44 109 68 42 111 67 44 47 66 43 111 71 44 123 70 44 219 69 42 123 70 44 111 71 44 122 72 42 109 73 42 122 72 42 111 71 44 122 72 42 109 73 42 121 74 40 107 75 40 121 74 40 109 73 42 121 74 40 107 75 40 120 76 38 105 77 38 120 76 38 107 75 40 120 76 38 105 77 38 119 78 36 103 79 36 119 78 36 105 77 38 119 78 36 103 79 36 117 80 34 99 81 34 117 80 34 103 79 36 117 80 34 99 81 34 118 82 32 101 83 32 118 82 32 99 81 34 118 82 32 101 83 32 116 84 45 97 85 45 116 84 45 101 83 32 116 84 45 97 85 45 115 86 28 95 87 28 115 86 28 97 85 45 115 86 28 95 87 28 113 88 26 91 89 26 113 88 26 95 87 28 113 88 26 91 89 26 114 90 24 93 91 24 114 90 24 91 89 26 250 94 47 12 93 12 248 92 46 12 93 12 250 94 47 1 95 13 253 96 48 1 95 13 250 94 47 1 95 13 253 96 48 2 97 14 245 98 49 2 97 14 253 96 48 2 97 14 245 98 49 3 99 15 242 100 50 3 99 15 245 98 49 3 99 15 242 100 50 4 101 16 246 102 51 4 101 16 242 100 50 4 101 16 246 102 51 5 103 17 229 104 52 5 103 17 246 102 51 5 103 17 229 104 52 6 105 18 230 106 53 6 105 18 229 104 52 6 105 18 230 106 53 7 107 19 233 108 54 7 107 19 230 106 53 7 107 19 233 108 54 8 109 20 236 110 55 8 109 20 233 108 54 8 109 20 236 110 55 9 45 21 239 111 56 9 45 21 236 110 55 9 45 21 239 111 56 11 44 22 23 112 21 9 45 21 25 43 22 9 45 21 23 112 21 8 109 20 21 113 20 8 109 20 23 112 21 8 109 20 21 113 20 7 107 19 19 114 19 7 107 19 21 113 20 7 107 19 19 114 19 6 105 18 18 115 18 6 105 18 19 114 19 6 105 18 18 115 18 5 103 17 17 116 17 5 103 17 18 115 18 5 103 17 17 116 17 4 101 16 16 117 16 4 101 16 17 116 17 4 101 16 16 117 16 3 99 15 15 118 15 3 99 15 16 117 16 3 99 15 15 118 15 2 97 14 14 119 14 2 97 14 15 118 15 2 97 14 14 119 14 1 95 13 13 120 13 1 95 13 14 119 14 49 121 41 109 68 42 47 66 43 109 68 42 49 121 41 107 122 40 57 123 39 107 122 40 49 121 41 107 122 40 57 123 39 105 124 38 63 125 37 105 124 38 57 123 39 105 124 38 63 125 37 103 126 36 69 127 35 103 126 36 63 125 37 103 126 36 69 127 35 99 128 34 35 129 33 99 128 34 69 127 35 99 128 34 35 129 33 101 130 32 37 131 31 101 130 32 35 129 33 101 130 32 37 131 31 43 132 57 191 134 59 197 48 25 196 133 58 197 48 25 191 134 59 194 50 27 172 135 60 194 50 27 191 134 59 194 50 27 172 135 60 173 52 29 168 136 61 173 52 29 172 135 60 173 52 29 168 136 61 169 54 31 171 137 62 169 54 31 168 136 61 169 54 31 171 137 62 170 56 33 189 58 35 170 56 33 171 137 62 43 132 57 97 138 45 101 130 32 97 138 45 43 132 57 95 139 28 75 140 27 95 139 28 43 132 57 95 139 28 75 140 27 91 141 26 82 142 25 91 141 26 75 140 27 91 141 26 82 142 25 87 143 23 247 146 64 246 145 51 243 144 63 246 145 51 247 146 64 229 147 52 232 148 65 229 147 52 247 146 64 229 147 52 232 148 65 230 149 53 231 150 66 230 149 53 232 148 65 230 149 53 231 150 66 234 151 67 187 152 68 189 58 35 171 137 62 189 58 35 187 152 68 185 60 37 183 153 69 185 60 37 187 152 68 185 60 37 183 153 69 181 62 39 179 154 70 181 62 39 183 153 69 181 62 39 179 154 70 175 155 71 54 156 72 47 66 43 177 64 41 47 66 43 54 156 72 49 121 41 51 157 71 49 121 41 54 156 72 49 121 41 51 157 71 57 123 39 60 158 70 57 123 39 51 157 71 57 123 39 60 158 70 66 159 69 239 162 56 240 161 74 132 160 73 240 161 74 239 162 56 238 163 73 236 164 55 238 163 73 239 162 56 238 163 73 236 164 55 234 151 67 233 165 54 234 151 67 236 164 55 234 151 67 233 165 54 230 149 53 244 168 76 253 167 48 0 166 75 253 167 48 244 168 76 245 169 49 243 144 63 245 169 49 244 168 76 245 169 49 243 144 63 242 170 50 246 145 51 242 170 50 243 144 63 199 172 26 210 171 24 207 47 24 210 171 24 199 172 26 211 173 26 198 174 28 211 173 26 199 172 26 211 173 26 198 174 28 212 175 28 213 176 30 212 175 28 198 174 28 43 132 57 78 177 59 75 140 27 78 177 59 43 132 57 45 178 77 37 131 31 45 178 77 43 132 57 45 178 77 37 131 31 39 179 61 41 180 62 39 179 61 37 131 31 143 183 47 140 182 78 141 181 46 140 182 78 143 183 47 142 184 79 145 185 48 142 184 79 143 183 47 142 184 79 145 185 48 144 186 75 134 187 76 144 186 75 145 185 48 124 188 80 141 181 46 140 182 78 141 181 46 124 188 80 125 189 81 228 190 82 125 189 81 124 188 80 125 189 81 228 190 82 225 191 83 226 192 81 225 191 83 228 190 82 141 194 46 167 193 84 155 24 12 167 193 84 141 194 46 166 195 85 125 196 81 166 195 85 141 194 46 166 195 85 125 196 81 225 197 83 127 200 53 126 199 66 129 198 65 126 199 66 127 200 53 130 201 67 131 202 54 130 201 67 127 200 53 130 201 67 131 202 54 133 203 55 225 197 83 29 204 86 166 195 85 29 204 86 225 197 83 31 205 85 226 206 81 31 205 85 225 197 83 31 205 85 226 206 81 248 92 46 137 207 49 134 187 76 145 185 48 134 187 76 137 207 49 135 208 63 136 209 50 135 208 63 137 207 49 135 208 63 136 209 50 139 210 51 33 211 84 12 93 12 93 91 24 12 93 12 33 211 84 248 92 46 31 205 85 248 92 46 33 211 84 202 213 32 214 212 32 213 176 30 214 212 32 202 213 32 201 214 34 201 214 34 215 215 34 214 212 32 215 215 34 201 214 34 203 216 36 203 216 36 216 217 36 215 215 34 216 217 36 203 216 36 204 218 38 204 218 38 217 219 38 216 217 36 217 219 38 204 218 38 205 220 40 205 220 40 218 221 40 217 219 38 218 221 40 205 220 40 206 222 42 209 223 87 197 48 25 208 46 23 197 48 25 209 223 87 196 133 58 175 155 71 177 64 41 181 62 39 177 64 41 175 155 71 54 156 72 206 222 42 219 69 42 218 221 40 219 69 42 206 222 42 111 71 44 155 24 12 143 224 47 141 194 46 143 224 47 155 24 12 147 26 13 147 26 13 145 225 48 143 224 47 145 225 48 147 26 13 146 28 14 139 210 51 138 226 64 135 208 63 138 226 64 139 210 51 128 227 52 27 228 12 93 91 24 12 93 12 93 91 24 27 228 12 114 90 24 165 229 12 207 47 24 210 171 24 207 47 24 165 229 12 155 24 12 87 143 23 85 231 58 89 230 87 85 231 58 87 143 23 82 142 25 82 142 25 78 177 59 85 231 58 78 177 59 82 142 25 75 140 27 154 42 21 239 111 56 133 232 55 239 111 56 154 42 21 11 44 22 66 159 69 63 125 37 57 123 39 63 125 37 66 159 69 72 233 68 200 234 30 213 176 30 198 174 28 213 176 30 200 234 30 202 213 32 41 180 62 35 129 33 69 127 35 35 129 33 41 180 62 37 131 31 12 93 12 13 120 13 27 235 12 13 120 13 12 93 12 1 95 13 153 40 20 133 232 55 131 236 54 133 232 55 153 40 20 154 42 21 152 38 19 131 236 54 127 237 53 131 236 54 152 38 19 153 40 20 249 240 78 250 239 47 248 238 46 250 239 47 249 240 78 252 241 79 252 241 79 253 167 48 250 239 47 253 167 48 252 241 79 0 166 75 151 36 18 127 237 53 128 242 52 127 237 53 151 36 18 152 38 19 248 238 46 227 243 80 249 240 78 227 243 80 248 238 46 226 192 81 150 34 17 128 242 52 139 244 51 128 242 52 150 34 17 151 36 18 128 227 52 129 198 65 138 226 64 129 198 65 128 227 52 127 200 53 167 193 84 207 47 24 155 24 12 207 47 24 167 193 84 208 46 23 149 32 16 139 244 51 136 245 50 139 244 51 149 32 16 150 34 17 133 203 55 132 160 73 130 201 67 132 160 73 133 203 55 239 162 56 148 30 15 136 245 50 137 246 49 136 245 50 148 30 15 149 32 16 146 28 14 137 246 49 145 225 48 137 246 49 146 28 14 148 30 15 87 143 23 93 91 24 91 141 26 93 91 24 87 143 23 33 211 84 72 233 68 69 127 35 63 125 37 69 127 35 72 233 68 41 180 62 228 190 82 227 243 80 226 192 81 235 249 88 110 248 89 112 247 88 110 248 89 235 249 88 108 250 89 241 253 91 79 252 90 76 251 90 79 252 90 241 253 91 73 254 91 104 256 92 112 247 88 106 255 92 112 247 88 104 256 92 235 257 88 108 250 89 67 258 93 110 248 89 67 258 93 108 250 89 64 259 93 48 261 94 106 255 92 46 260 94 106 255 92 48 261 94 104 256 92 94 264 95 102 263 96 96 262 95 102 263 96 94 264 95 10 265 96 10 268 96 100 267 97 102 266 96 100 267 97 10 268 96 98 269 97 98 269 97 90 270 98 100 267 97 90 270 98 98 269 97 251 271 98 241 273 91 96 262 95 73 272 91 96 262 95 241 273 91 94 264 95 76 251 90 92 275 99 237 274 99 92 275 99 76 251 90 79 252 90 237 278 99 86 277 100 88 276 100 86 277 100 237 278 99 92 279 99 88 276 100 90 281 98 251 280 98 90 281 98 88 276 100 86 277 100 61 283 89 67 258 93 64 282 93 67 258 93 61 283 89 58 284 89 220 285 88 58 284 89 61 283 89 58 284 89 220 285 88 70 286 88 222 289 91 38 288 95 36 287 95 38 288 95 222 289 91 22 290 91 50 292 92 70 286 88 220 291 88 70 286 88 50 292 92 52 293 92 36 287 95 44 295 96 224 294 96 44 295 96 36 287 95 38 288 95 20 298 90 34 297 99 24 296 90 34 297 99 20 298 90 221 299 99 221 302 99 30 301 100 34 300 99 30 301 100 221 302 99 28 303 100 224 306 96 40 305 97 42 304 97 40 305 97 224 306 96 44 307 96 28 303 100 32 308 98 30 301 100 32 308 98 28 303 100 223 271 98 48 309 94 52 293 92 50 292 92 52 293 92 48 309 94 46 260 94 42 304 97 32 310 98 223 280 98 32 310 98 42 304 97 40 305 97 222 312 91 24 296 90 22 311 91 24 296 90 222 312 91 20 298 90 22 311 91 24 296 90 26 313 101 73 254 91 83 314 101 79 252 90 70 286 88 55 315 102 58 284 89 58 284 89 55 315 102 67 258 93 46 260 94 55 315 102 52 293 92 106 255 92 112 247 88 55 315 102 52 293 92 55 315 102 70 286 88 112 247 88 110 248 89 55 315 102 38 288 95 26 316 101 44 295 96 44 307 96 26 317 101 40 305 97 110 248 89 67 258 93 55 315 102 46 260 94 106 255 92 55 315 102 40 305 97 26 317 101 32 310 98 96 262 95 102 263 96 83 318 101 102 266 96 100 267 97 83 319 101 100 267 97 90 270 98 83 319 101 22 290 91 26 316 101 38 288 95 30 301 100 32 308 98 26 320 101 24 296 90 34 297 99 26 313 101 73 272 91 96 262 95 83 318 101 34 300 99 30 301 100 26 320 101 79 252 90 83 314 101 92 275 99 92 279 99 83 321 101 86 277 100 86 277 100 83 321 101 90 281 98</p>
                </triangles>
            </mesh>
        </geometry>
        <geometry id="ID133">
            <mesh>
                <source id="ID134">
                    <float_array id="ID135" count="204">246.563 205.281 -493.469 226.344 250.344 -510.844 189.656 250.344 -528.813 186.688 208.313 -523.156 92.75 357.156 -549.875 92.3125 390.219 -544.344 48.75 406.469 -545.563 0.5625 361.125 -557.5 0.5625 361.125 -557.5 149.531 355.25 -534.563 95.25 262.063 -553.406 269.281 67.7188 -452.688 264.406 128.938 -471.938 258.563 67.6875 -460.5 181.094 128.938 -512.469 176.563 67.8125 -500.031 187.531 312.531 -526.344 60.7188 285.688 -555.188 114.625 242.281 -547.531 137.813 209.094 -536.281 165.5 128.938 -516.563 167.75 71.375 -503.5 138.125 7.375 -497.125 171.313 -3.3125 -485.563 158.344 31.75 -497.219 251.75 -3.3125 -447.219 265.75 30.1563 -445.688 254.969 30.25 -453.5 173.813 30.625 -492.469 259.938 157.031 -478.844 183.781 167.313 -517.625 153.844 172.906 -526.469 30.4063 296.625 -557.281 0.5625 299.375 -559.75 0.5625 299.375 -559.75 0.53125 411.406 -549.063 0.53125 411.406 -549.063 -188.594 250.344 -529.219 -225.313 250.344 -511.313 -245.563 205.281 -494 -185.625 208.313 -523.531 -47.6563 406.469 -545.656 -91.2188 390.219 -544.531 -91.625 357.156 -550.063 -148.438 355.25 -534.875 -94.125 262.063 -553.594 -263.438 128.938 -472.5 -268.375 67.7188 -453.281 -257.625 67.6875 -461.031 -180.031 128.938 -512.844 -175.563 67.8125 -500.406 -186.438 312.531 -526.719 -59.5938 285.688 -555.344 -136.719 209.094 -536.563 -113.5 242.281 -547.781 -166.719 71.375 -503.844 -164.469 128.938 -516.906 -170.344 -3.3125 -485.906 -137.094 7.375 -497.438 -157.313 31.75 -497.563 -264.844 30.1563 -446.25 -250.844 -3.3125 -447.75 -254.063 30.25 -454.031 -172.813 30.625 -492.813 -182.75 167.313 -518 -258.969 157.031 -479.406 -152.75 172.906 -526.781 -29.2813 296.625 -557.344</float_array>
                    <technique_common>
                        <accessor count="68" source="#ID135" stride="3">
                            <param name="X" type="float"/>
                            <param name="Y" type="float"/>
                            <param name="Z" type="float"/>
                        </accessor>
                    </technique_common>
                </source>
                <source id="ID136">
                    <float_array id="ID137" count="204">0.0839362 0.0363015 -0.99581 0.0801544 0.0381158 -0.996053 0.143457 0.0808521 -0.986348 0.215752 0.0325009 -0.975907 0.26952 0.0638837 -0.960873 0.260738 -0.0394771 -0.964602 0.309693 0.0441201 -0.949812 0.34487 -0.0504024 -0.937296 0.437759 -0.0830207 -0.895251 0.345611 -0.148864 -0.926495 0.432951 -0.149515 -0.888931 0.331973 -0.148818 -0.931476 0.257909 -0.217553 -0.941357 0.318121 -0.213732 -0.923644 0.267787 -0.214032 -0.939404 0.350097 -0.211065 -0.912625 0.28091 -0.208636 -0.936782 0.360898 -0.208574 -0.908983 0.260493 -0.176611 -0.949185 0.360212 -0.174268 -0.916449 0.432548 -0.149701 -0.889096 -0.25661 -0.217684 -0.941682 -0.267033 -0.213963 -0.939635 -0.316875 -0.213575 -0.924108 -0.348213 -0.21119 -0.913316 -0.472072 -0.207222 -0.856859 -0.483335 -0.206529 -0.850725 -0.572256 -0.203041 -0.794542 -0.514708 -0.204595 -0.832597 -0.573039 -0.202784 -0.794043 -0.464516 -0.192835 -0.864315 -0.0863414 0.164822 -0.982537 -0.0865274 0.164628 -0.982553 -0.0851635 0.113517 -0.989879 -0.144835 0.164666 -0.975658 -0.141464 0.0809427 -0.986629 -0.26743 0.0638816 -0.961458 -0.213866 0.0325706 -0.97632 -0.258698 -0.0395184 -0.96515 0.467024 -0.192689 -0.862995 0.517381 -0.204508 -0.830959 0.485088 -0.206517 -0.84973 0.574657 -0.202891 -0.792846 0.473902 -0.207314 -0.855826 -0.3585 -0.208741 -0.909893 -0.358438 -0.174339 -0.91713 -0.430484 -0.149998 -0.890047 -0.329927 -0.148821 -0.932202 -0.430797 -0.14937 -0.890001 -0.343642 -0.149013 -0.927203 -0.307927 0.0444993 -0.950369 -0.343058 -0.0504236 -0.93796 -0.435992 -0.0829836 -0.896117 -0.0836361 0.0362855 -0.995835 -0.0816522 0.0365888 -0.995989 -0.0783124 0.0385155 -0.996185 0.0857065 0.0362791 -0.99566 0.0871626 0.113512 -0.989706 0.146885 0.164704 -0.975345 -0.252535 -0.146663 -0.956408 -0.252514 -0.147052 -0.956354 -0.258248 -0.176611 -0.949798 -0.278006 -0.208977 -0.937572 0.0881909 0.164901 -0.982359 0.0884814 0.164598 -0.982384 0.254867 -0.146992 -0.955739 0.254588 -0.146502 -0.955888 0.577224 -0.202252 -0.791142</float_array>
                    <technique_common>
                        <accessor count="68" source="#ID137" stride="3">
                            <param name="X" type="float"/>
                            <param name="Y" type="float"/>
                            <param name="Z" type="float"/>
                        </accessor>
                    </technique_common>
                </source>
                <source id="ID138">
                    <float_array id="ID139" count="136">0.0507813 0.866211 0.0864258 0.853516 0.124023 0.937012 0.126953 0.825684 0.19043 0.935059 0.149414 0.802734 0.234863 0.884766 0.237305 0.812012 0.280273 0.812012 0.233887 0.762695 0.304199 0.759277 0.230469 0.714844 0.177246 0.526855 0.21582 0.514648 0.200684 0.555664 0.21875 0.554199 0.211914 0.602051 0.222168 0.598145 0.208984 0.669434 0.227539 0.669434 0.319824 0.702637 0.178223 0.526855 0.20166 0.555664 0.217285 0.514648 0.220215 0.554199 0.311523 0.514648 0.314941 0.553711 0.327637 0.553711 0.319336 0.597656 0.332031 0.597656 0.326172 0.669434 0.00585938 1.00049 0.0732422 0.995117 0.00585938 0.941895 0.124512 0.976074 0.125 0.937012 0.191406 0.935059 0.12793 0.825684 0.150391 0.802734 0.325195 0.669434 0.318359 0.597656 0.313965 0.553711 0.32666 0.553711 0.310547 0.514648 0.223145 0.598145 0.228516 0.669434 0.320801 0.702637 0.231445 0.714844 0.305176 0.759277 0.234863 0.762695 0.23584 0.884766 0.238281 0.812012 0.281738 0.812012 0.00585938 0.869629 0.0517578 0.866211 0.0874023 0.853516 0.00488281 0.869629 0.00488281 0.941895 0.123047 0.976074 0.177734 0.763672 0.196289 0.721191 0.209961 0.669434 0.212891 0.602051 0.00488281 1.00049 0.0722656 0.995117 0.195313 0.721191 0.176758 0.763672 0.331055 0.597656</float_array>
                    <technique_common>
                        <accessor count="68" source="#ID139" stride="2">
                            <param name="S" type="float"/>
                            <param name="T" type="float"/>
                        </accessor>
                    </technique_common>
                </source>
                <vertices id="ID140">
                    <input semantic="POSITION" source="#ID134"/>
                </vertices>
                <triangles count="82" material="Material1">
                    <input offset="0" semantic="VERTEX" source="#ID140"/>
                    <input offset="1" semantic="NORMAL" source="#ID136"/>
                    <input offset="2" semantic="TEXCOORD" source="#ID138" set="0"/>
                    <p>4 2 2 17 1 1 32 0 0 17 1 1 4 2 2 10 3 3 9 4 4 10 3 3 4 2 2 10 3 3 9 4 4 18 5 5 16 6 6 18 5 5 9 4 4 18 5 5 16 6 6 2 7 7 1 8 8 2 7 7 16 6 6 2 7 7 1 8 8 3 9 9 0 10 10 3 9 9 1 8 8 3 9 9 0 10 10 30 11 11 24 14 14 23 13 13 22 12 12 23 13 13 24 14 14 28 15 15 21 16 16 28 15 15 24 14 14 28 15 15 21 16 16 15 17 17 20 18 18 15 17 17 21 16 16 15 17 17 20 18 18 14 19 19 30 11 11 14 19 19 20 18 18 14 19 19 30 11 11 29 20 20 0 10 10 29 20 20 30 11 11 57 23 23 59 22 22 58 21 21 59 22 22 57 23 23 63 24 24 61 25 25 63 24 24 57 23 23 63 24 24 61 25 25 62 26 26 60 27 27 62 26 26 61 25 25 62 26 26 60 27 27 48 28 28 47 29 29 48 28 28 60 27 27 48 28 28 47 29 29 46 30 30 8 33 33 41 32 32 36 31 31 41 32 32 8 33 33 42 34 34 43 35 35 42 34 34 8 33 33 42 34 34 43 35 35 44 36 36 45 37 37 44 36 36 43 35 35 44 36 36 45 37 37 54 38 38 12 39 39 14 19 19 29 20 20 14 19 19 12 39 39 15 17 17 13 40 40 15 17 17 12 39 39 15 17 17 13 40 40 27 41 41 26 42 42 27 41 41 13 40 40 27 41 41 26 42 42 25 43 43 46 30 30 50 44 44 48 28 28 50 44 44 46 30 30 49 45 45 65 46 46 49 45 45 46 30 30 49 45 45 65 46 46 64 47 47 39 48 48 64 47 47 65 46 46 64 47 47 39 48 48 40 49 49 54 38 38 51 50 50 44 36 36 51 50 50 54 38 38 37 51 51 40 49 49 37 51 51 54 38 38 37 51 51 40 49 49 38 52 52 39 48 48 38 52 52 40 49 49 67 54 54 8 33 33 34 53 53 8 33 33 67 54 54 43 35 35 52 55 55 43 35 35 67 54 54 43 35 35 52 55 55 45 37 37 7 57 57 32 0 0 33 56 56 32 0 0 7 57 57 4 2 2 5 58 58 4 2 2 7 57 57 4 2 2 5 58 58 9 4 4 53 59 59 40 49 49 54 38 38 40 49 49 53 59 59 64 47 47 66 60 60 64 47 47 53 59 59 64 47 47 66 60 60 56 61 61 63 24 24 55 62 62 59 22 22 55 62 62 63 24 24 50 44 44 62 26 26 50 44 44 63 24 24 50 44 44 62 26 26 48 28 28 56 61 61 49 45 45 64 47 47 49 45 45 56 61 61 50 44 44 55 62 62 50 44 44 56 61 61 6 64 64 7 57 57 35 63 63 7 57 57 6 64 64 5 58 58 31 65 65 30 11 11 20 18 18 30 11 11 31 65 65 19 66 66 19 66 66 3 9 9 30 11 11 3 9 9 19 66 66 18 5 5 11 67 67 13 40 40 12 39 39 13 40 40 11 67 67 26 42 42 27 41 41 28 15 15 15 17 17 28 15 15 27 41 41 25 43 43 37 51 51 38 52 52 51 50 50 3 9 9 18 5 5 2 7 7 25 43 43 23 13 13 28 15 15</p>
                </triangles>
            </mesh>
        </geometry>
        <geometry id="ID142">
            <mesh>
                <source id="ID143">
                    <float_array id="ID144" count="240">80.6875 332.781 -543.563 70.0625 332.781 -556.156 73.5938 341.375 -555.719 73.5938 341.375 -555.719 73.5938 324.188 -555.719 82.125 320.625 -554.625 90.6563 324.188 -553.5 94.1875 332.781 -553.063 90.6563 341.375 -553.5 82.125 344.906 -554.625 74.8438 332.781 -558.719 77.0938 338.25 -558.406 77.0938 338.25 -558.406 77.0938 327.281 -558.406 82.5313 325.031 -557.719 87.9688 327.281 -557 90.2188 332.781 -556.719 87.9688 338.25 -557 82.5313 340.531 -557.719 82.875 332.781 -560.625 205.375 158.719 -496.469 197.5 158.875 -510.938 202.125 166.906 -510.406 202.125 166.906 -510.406 199.5 149.969 -509.156 207 145.438 -506.094 215.625 147.906 -503.531 220.25 155.938 -503 218.25 164.813 -504.813 210.75 169.375 -507.875 202.594 157.969 -512.469 205.563 163.094 -512.125 205.563 163.094 -512.125 203.875 152.281 -511.313 208.656 149.406 -509.344 214.156 150.969 -507.719 217.125 156.094 -507.406 215.844 161.75 -508.531 211.031 164.656 -510.5 211.125 157.031 -513.875 -89.3438 333.156 -546.406 -102.844 332.5 -555.875 -99.3125 341.031 -556.969 -99.3125 341.031 -556.969 -99.3125 323.875 -555.719 -90.7813 320.25 -556.563 -82.2813 323.719 -557.938 -78.75 332.25 -559 -82.2813 340.875 -559.156 -90.7813 344.5 -558.313 -98.875 332.219 -559.531 -96.625 337.656 -560.219 -96.625 337.656 -560.219 -96.625 326.75 -559.438 -91.1875 324.438 -560 -85.75 326.625 -560.844 -83.5 332.094 -561.531 -85.75 337.563 -561.656 -91.1875 339.875 -561.094 -91.1875 332.156 -562.531 -204.594 158.719 -501 -220.031 158.875 -506.75 -216.156 166.906 -509.406 -216.156 166.906 -509.406 -217.344 149.969 -506.719 -209.656 145.438 -509.313 -201.5 147.906 -513.031 -197.625 155.938 -515.688 -200.313 164.813 -515.719 -208 169.375 -513.094 -217.156 157.969 -511.25 -214.688 163.094 -512.938 -214.688 163.094 -512.938 -215.438 152.281 -511.219 -210.531 149.406 -512.875 -205.344 150.969 -515.25 -202.875 156.094 -516.938 -204.594 161.75 -516.938 -209.5 164.656 -515.281 -212.094 156.188 -519.469</float_array>
                    <technique_common>
                        <accessor count="80" source="#ID144" stride="3">
                            <param name="X" type="float"/>
                            <param name="Y" type="float"/>
                            <param name="Z" type="float"/>
                        </accessor>
                    </technique_common>
                </source>
                <source id="ID145">
                    <float_array id="ID146" count="348">0.184471 0.57787 -0.795007 -0.129889 0.561404 -0.817285 0.0644742 0.490809 -0.868879 -0.0801959 0.457968 -0.885344 0.563667 0.352094 -0.747201 0.422942 0.381493 -0.821939 0.675748 -0.079774 -0.732804 0.59751 0.0486049 -0.800387 0.453512 -0.465046 -0.760303 0.489338 -0.313893 -0.813646 0.0256972 -0.57622 -0.81689 0.159499 -0.490967 -0.856453 -0.356276 -0.351553 -0.865724 -0.198805 -0.381532 -0.902723 -0.469143 0.0806057 -0.879436 -0.376156 -0.0469492 -0.925366 -0.454665 0.230622 -0.860287 -0.383631 0.207379 -0.899901 0.127796 0.00019401 -0.991801 -0.128347 0.000442788 0.991729 -0.35587 0.65255 0.668981 -0.0949519 0.677073 0.729764 0.377901 0.478311 0.792723 0.575493 0 0.817806 0.3787 -0.477504 0.792828 -0.0950641 -0.676129 0.730625 -0.567742 -0.478697 0.669715 -0.764321 0 0.644836 -0.735776 0.270735 0.620754 0.416739 0.461112 -0.783393 0.114825 0.490511 -0.863837 0.299981 0.443338 -0.844667 0.134693 0.44784 -0.88391 0.744705 0.193141 -0.638836 0.651748 0.268646 -0.709263 0.785342 -0.246559 -0.567845 0.772817 -0.11786 -0.623589 0.51298 -0.596497 -0.617286 0.595383 -0.486261 -0.639585 0.093568 -0.654943 -0.749863 0.230611 -0.626093 -0.744867 -0.236117 -0.387087 -0.891298 -0.1161 -0.462215 -0.879135 -0.278145 0.0537576 -0.959033 -0.248247 -0.0799841 -0.965389 -0.246618 0.20468 -0.947252 -0.213386 0.187348 -0.958836 0.312732 -0.104889 -0.944032 -0.312935 0.118838 0.94231 -0.373711 0.759073 0.533056 -0.125628 0.753775 0.645012 0.291095 0.500959 0.815049 0.403081 0.00676769 0.915139 0.144147 -0.441735 0.88549 -0.334091 -0.579554 0.743304 -0.752223 -0.325575 0.572854 -0.8649 0.169187 0.472572 -0.792141 0.42735 0.435759 -0.0255764 0.518054 -0.854965 -0.332511 0.505001 -0.796499 -0.16336 0.387543 -0.907262 -0.285246 0.346661 -0.893566 0.360146 0.290196 -0.886612 0.170905 0.288478 -0.94211 0.469206 -0.141915 -0.871611 0.338063 -0.0195819 -0.94092 0.244407 -0.524695 -0.815451 0.2373 -0.350289 -0.906083 -0.184262 -0.633333 -0.751623 -0.0673046 -0.512264 -0.856187 -0.564671 -0.403688 -0.719849 -0.395966 -0.410468 -0.821418 -0.676017 0.0261566 -0.736422 -0.559467 -0.107037 -0.821912 -0.658816 0.179018 -0.730694 -0.570028 0.132949 -0.810797 -0.125218 -0.068592 -0.989755 0.129459 0.071004 0.989039 -0.176688 0.70187 0.690043 0.0946121 0.726435 0.680692 0.569495 0.524448 0.632953 0.766074 0.0451589 0.641165 0.569999 -0.429382 0.700523 0.0959101 -0.622134 0.777014 -0.379179 -0.420016 0.824506 -0.575145 0.0596679 0.815873 -0.553225 0.327206 0.766079 -0.197285 0.462385 -0.864453 -0.477552 0.49053 -0.72892 -0.31116 0.486679 -0.816286 -0.477161 0.496889 -0.724858 0.139494 0.193754 -0.971082 0.0737046 0.300986 -0.950776 0.218032 -0.246038 -0.944419 0.239706 -0.119643 -0.963445 -0.0162514 -0.599025 -0.800565 0.0843164 -0.530685 -0.843364 -0.420289 -0.656137 -0.626771 -0.301224 -0.684012 -0.664373 -0.761165 -0.386765 -0.520616 -0.687547 -0.4934 -0.532761 -0.836591 0.0530746 -0.54525 -0.850318 -0.0723496 -0.521273 -0.805517 0.204736 -0.556081 -0.80742 0.206962 -0.552485 -0.375484 -0.123549 -0.918557 0.38108 0.118543 0.916911 0.0643082 0.757652 0.649483 0.326575 0.752885 0.571414 0.754274 0.499447 0.426173 0.903809 0.00485313 0.427909 0.689382 -0.441658 0.574188 0.235791 -0.578571 0.780806 -0.192155 -0.325163 0.925929 -0.342407 0.170649 0.923925 -0.311232 0.430397 0.847286</float_array>
                    <technique_common>
                        <accessor count="116" source="#ID146" stride="3">
                            <param name="X" type="float"/>
                            <param name="Y" type="float"/>
                            <param name="Z" type="float"/>
                        </accessor>
                    </technique_common>
                </source>
                <source id="ID147">
                    <float_array id="ID148" count="40">0.875 0.15918 1 0.15918 0.6875 0.0800781 0.75 0.0800781 0.75 0.15918 0.625 0.0800781 0.625 0.15918 0.5625 0.0800781 0.5 0.15918 0.5 0.0800781 0.375 0.15918 0.4375 0.0800781 0.25 0.15918 0.375 0.0800781 0.125 0.15918 0.3125 0.0800781 0 0.15918 0.25 0.0800781 0.5 0 0.5 0.494141</float_array>
                    <technique_common>
                        <accessor count="20" source="#ID148" stride="2">
                            <param name="S" type="float"/>
                            <param name="T" type="float"/>
                        </accessor>
                    </technique_common>
                </source>
                <vertices id="ID149">
                    <input semantic="POSITION" source="#ID143"/>
                </vertices>
                <triangles count="128" material="Material1">
                    <input offset="0" semantic="VERTEX" source="#ID149"/>
                    <input offset="1" semantic="NORMAL" source="#ID145"/>
                    <input offset="2" semantic="TEXCOORD" source="#ID147" set="0"/>
                    <p>18 2 2 3 1 1 9 0 0 3 1 1 18 2 2 12 3 3 17 5 5 9 0 0 8 4 4 9 0 0 17 5 5 18 2 2 16 7 7 8 4 4 7 6 6 8 4 4 16 7 7 17 5 5 15 9 9 7 6 6 6 8 8 7 6 6 15 9 9 16 7 7 14 11 11 6 8 8 5 10 10 6 8 8 14 11 11 15 9 9 13 13 13 5 10 10 4 12 12 5 10 10 13 13 13 14 11 11 10 15 15 4 12 12 1 14 14 4 12 12 10 15 15 13 13 13 11 17 17 1 14 14 2 16 16 1 14 14 11 17 17 10 15 15 16 7 7 15 9 9 19 18 18 15 9 9 14 11 11 19 18 18 14 11 11 13 13 13 19 18 18 13 13 13 10 15 15 19 18 18 10 15 15 11 17 17 19 18 18 12 3 3 18 2 2 19 18 18 18 2 2 17 5 5 19 18 18 17 5 5 16 7 7 19 18 18 9 21 0 3 20 1 0 19 19 8 22 4 9 21 0 0 19 19 7 23 6 8 22 4 0 19 19 6 24 8 7 23 6 0 19 19 5 25 10 6 24 8 0 19 19 4 26 12 5 25 10 0 19 19 1 27 14 4 26 12 0 19 19 2 28 16 1 27 14 0 19 19 38 31 2 23 30 1 29 29 0 23 30 1 38 31 2 32 32 3 37 34 5 29 29 0 28 33 4 29 29 0 37 34 5 38 31 2 36 36 7 28 33 4 27 35 6 28 33 4 36 36 7 37 34 5 35 38 9 27 35 6 26 37 8 27 35 6 35 38 9 36 36 7 34 40 11 26 37 8 25 39 10 26 37 8 34 40 11 35 38 9 33 42 13 25 39 10 24 41 12 25 39 10 33 42 13 34 40 11 30 44 15 24 41 12 21 43 14 24 41 12 30 44 15 33 42 13 31 46 17 21 43 14 22 45 16 21 43 14 31 46 17 30 44 15 36 36 7 35 38 9 39 47 18 35 38 9 34 40 11 39 47 18 34 40 11 33 42 13 39 47 18 33 42 13 30 44 15 39 47 18 30 44 15 31 46 17 39 47 18 32 32 3 38 31 2 39 47 18 38 31 2 37 34 5 39 47 18 37 34 5 36 36 7 39 47 18 29 50 0 23 49 1 20 48 19 28 51 4 29 50 0 20 48 19 27 52 6 28 51 4 20 48 19 26 53 8 27 52 6 20 48 19 25 54 10 26 53 8 20 48 19 24 55 12 25 54 10 20 48 19 21 56 14 24 55 12 20 48 19 22 57 16 21 56 14 20 48 19 58 60 2 43 59 1 49 58 0 43 59 1 58 60 2 52 61 3 57 63 5 49 58 0 48 62 4 49 58 0 57 63 5 58 60 2 56 65 7 48 62 4 47 64 6 48 62 4 56 65 7 57 63 5 55 67 9 47 64 6 46 66 8 47 64 6 55 67 9 56 65 7 54 69 11 46 66 8 45 68 10 46 66 8 54 69 11 55 67 9 53 71 13 45 68 10 44 70 12 45 68 10 53 71 13 54 69 11 50 73 15 44 70 12 41 72 14 44 70 12 50 73 15 53 71 13 51 75 17 41 72 14 42 74 16 41 72 14 51 75 17 50 73 15 56 65 7 55 67 9 59 76 18 55 67 9 54 69 11 59 76 18 54 69 11 53 71 13 59 76 18 53 71 13 50 73 15 59 76 18 50 73 15 51 75 17 59 76 18 52 61 3 58 60 2 59 76 18 58 60 2 57 63 5 59 76 18 57 63 5 56 65 7 59 76 18 49 79 0 43 78 1 40 77 19 48 80 4 49 79 0 40 77 19 47 81 6 48 80 4 40 77 19 46 82 8 47 81 6 40 77 19 45 83 10 46 82 8 40 77 19 44 84 12 45 83 10 40 77 19 41 85 14 44 84 12 40 77 19 42 86 16 41 85 14 40 77 19 78 89 2 63 88 1 69 87 0 63 88 1 78 89 2 72 90 3 77 92 5 69 87 0 68 91 4 69 87 0 77 92 5 78 89 2 76 94 7 68 91 4 67 93 6 68 91 4 76 94 7 77 92 5 75 96 9 67 93 6 66 95 8 67 93 6 75 96 9 76 94 7 74 98 11 66 95 8 65 97 10 66 95 8 74 98 11 75 96 9 73 100 13 65 97 10 64 99 12 65 97 10 73 100 13 74 98 11 70 102 15 64 99 12 61 101 14 64 99 12 70 102 15 73 100 13 71 104 17 61 101 14 62 103 16 61 101 14 71 104 17 70 102 15 76 94 7 75 96 9 79 105 18 75 96 9 74 98 11 79 105 18 74 98 11 73 100 13 79 105 18 73 100 13 70 102 15 79 105 18 70 102 15 71 104 17 79 105 18 72 90 3 78 89 2 79 105 18 78 89 2 77 92 5 79 105 18 77 92 5 76 94 7 79 105 18 69 108 0 63 107 1 60 106 19 68 109 4 69 108 0 60 106 19 67 110 6 68 109 4 60 106 19 66 111 8 67 110 6 60 106 19 65 112 10 66 111 8 60 106 19 64 113 12 65 112 10 60 106 19 61 114 14 64 113 12 60 106 19 62 115 16 61 114 14 60 106 19</p>
                </triangles>
            </mesh>
        </geometry>
        <geometry id="ID151">
            <mesh>
                <source id="ID152">
                    <float_array id="ID153" count="240">159.813 259.469 -526.938 150.906 259.469 -540.844 154.375 268.031 -539.938 154.375 268.031 -539.938 154.375 250.875 -539.938 162.656 247.313 -537.719 170.969 250.875 -535.531 174.406 259.469 -534.625 170.969 268.031 -535.531 162.656 271.594 -537.719 155.969 259.469 -542.75 158.156 264.938 -542.156 158.156 264.938 -542.156 158.156 253.969 -542.156 163.469 251.719 -540.75 168.75 253.969 -539.344 170.969 259.469 -538.781 168.75 264.938 -539.344 163.469 267.219 -540.75 164.563 259.469 -544.219 211.031 59.9375 -471.406 205.688 59.9688 -487 210.813 67.6563 -485.969 210.813 67.6563 -485.969 206.625 51.0625 -484.563 213.125 46.125 -480.125 221.375 48.0625 -476.25 226.5 55.75 -475.219 225.531 64.6563 -477.625 219.031 69.5938 -482.094 210.875 58.625 -487.594 214.156 63.5313 -486.938 214.156 63.5313 -486.938 211.469 52.9375 -486.031 215.625 49.7813 -483.219 220.875 51.0313 -480.719 224.156 55.9063 -480.063 223.531 61.625 -481.625 219.375 64.7813 -484.469 219.719 57.2813 -487.313 -155.344 259.469 -528.75 -170.156 259.469 -536 -166.75 268.031 -537 -166.75 268.031 -537 -166.75 250.875 -537 -158.5 247.313 -539.438 -150.281 250.875 -541.875 -146.875 259.469 -542.875 -150.281 268.031 -541.875 -158.5 271.594 -539.438 -166.844 259.469 -540.25 -164.656 264.938 -540.906 -164.656 264.938 -540.906 -164.656 253.969 -540.906 -159.406 251.719 -542.438 -154.156 253.969 -544 -151.969 259.469 -544.625 -154.156 264.938 -544 -159.406 267.219 -542.438 -160.469 259.469 -547.688 -206.469 59.9375 -477.75 -221.844 59.9688 -483.719 -217.75 67.6563 -486.969 -217.75 67.6563 -486.969 -219.375 51.0625 -482.906 -211.781 46.125 -485 -203.5 48.0625 -488.781 -199.406 55.75 -492.031 -201.875 64.6563 -492.875 -209.469 69.5938 -490.75 -218.938 58.625 -488.063 -216.313 63.5313 -490.156 -216.313 63.5313 -490.156 -217.375 52.9375 -487.531 -212.531 49.7813 -488.875 -207.25 51.0313 -491.313 -204.625 55.9063 -493.375 -206.219 61.625 -493.906 -211.063 64.7813 -492.563 -212.938 57.2813 -494.75</float_array>
                    <technique_common>
                        <accessor count="80" source="#ID153" stride="3">
                            <param name="X" type="float"/>
                            <param name="Y" type="float"/>
                            <param name="Z" type="float"/>
                        </accessor>
                    </technique_common>
                </source>
                <source id="ID154">
                    <float_array id="ID155" count="348">0.285795 0.579947 -0.762878 -0.0232058 0.565023 -0.824749 0.17369 0.519926 -0.836367 0.0194034 0.491517 -0.870652 0.65596 0.354068 -0.666598 0.540873 0.403892 -0.737786 0.767065 -0.0807851 -0.636463 0.721553 0.0482282 -0.690677 0.547549 -0.465032 -0.695655 0.60637 -0.335605 -0.720892 0.131647 -0.578512 -0.80498 0.265947 -0.518678 -0.812555 -0.241533 -0.353159 -0.903848 -0.0997872 -0.400071 -0.911035 -0.350999 0.0807673 -0.932886 -0.279054 -0.0476078 -0.959095 -0.341839 0.234791 -0.909956 -0.28465 0.21504 -0.934201 0.261071 0.000224012 -0.965319 -0.255947 0.000620129 0.966691 -0.44486 0.651119 0.614933 -0.189151 0.676891 0.711365 0.274925 0.478676 0.833838 0.466059 0.000473278 0.884754 0.274709 -0.477794 0.834415 -0.189374 -0.675947 0.712204 -0.651213 -0.478726 0.588848 -0.842099 0.00047804 0.539322 -0.810052 0.27325 0.518797 0.577931 0.394473 -0.714413 0.296107 0.439405 -0.848083 0.471821 0.383651 -0.793849 0.31423 0.393973 -0.863739 0.85364 0.108473 -0.509444 0.78397 0.190644 -0.590801 0.844794 -0.330161 -0.421091 0.855099 -0.2033 -0.476944 0.558794 -0.661764 -0.499817 0.653811 -0.554375 -0.514976 0.157583 -0.697519 -0.699025 0.3029 -0.669565 -0.678185 -0.114784 -0.412299 -0.903789 0.000999768 -0.48911 -0.872222 -0.107182 0.0256933 -0.993907 -0.0796099 -0.111525 -0.990568 -0.0669437 0.176367 -0.982045 -0.0289707 0.15161 -0.988016 0.465561 -0.164739 -0.869548 -0.4545 0.187419 0.870806 -0.39568 0.808976 0.434736 -0.171452 0.791428 0.586724 0.18996 0.516582 0.8349 0.24423 0.0194939 0.969521 -0.0408783 -0.407691 0.912205 -0.498206 -0.515562 0.697128 -0.860675 -0.239078 0.449533 -0.914068 0.25698 0.313753 -0.815588 0.506097 0.280504 -0.153113 0.580307 -0.799875 -0.448515 0.567437 -0.690543 -0.275896 0.576109 -0.769402 -0.446121 0.555884 -0.701405 0.217043 0.352443 -0.910316 0.132817 0.444186 -0.886035 0.324595 -0.0786466 -0.942578 0.330646 0.0485749 -0.942504 0.107727 -0.466134 -0.878131 0.196605 -0.375714 -0.905641 -0.305744 -0.579201 -0.755676 -0.183588 -0.574738 -0.797479 -0.677942 -0.35413 -0.644194 -0.583919 -0.437252 -0.683995 -0.786211 0.0806125 -0.612677 -0.77638 -0.0476794 -0.628459 -0.766739 0.235259 -0.597297 -0.758204 0.230156 -0.610045 -0.26757 0.000260971 -0.963538 0.284021 0.000618204 0.958818 -0.0579079 0.651603 0.756347 0.209386 0.676688 0.705869 0.667973 0.478598 0.569874 0.85766 0.000473836 0.514217 0.668087 -0.477715 0.570481 0.209632 -0.675744 0.7067 -0.249675 -0.477389 0.842474 -0.439618 0.000471876 0.898185 -0.42336 0.269435 0.864969 -0.173912 0.396189 -0.901548 -0.457379 0.439846 -0.772877 -0.301345 0.387212 -0.871354 -0.458837 0.395573 -0.795607 0.159157 0.107203 -0.981416 0.0566184 0.193486 -0.979468 0.225574 -0.330732 -0.916369 0.191619 -0.203116 -0.960222 -0.0206398 -0.663194 -0.748163 0.0306248 -0.556935 -0.829991 -0.431059 -0.696102 -0.574135 -0.322497 -0.671012 -0.667637 -0.764407 -0.410303 -0.497326 -0.665243 -0.488109 -0.564979 -0.82725 0.0255347 -0.561253 -0.808055 -0.109536 -0.578834 -0.792576 0.175134 -0.584081 -0.773247 0.151004 -0.615863 -0.361978 -0.163464 -0.917743 0.372344 0.186417 0.90918 0.0769742 0.80881 0.583011 0.338983 0.791002 0.50932 0.761105 0.516537 0.392313 0.898548 0.020298 0.438407 0.670066 -0.408336 0.619898 0.209582 -0.516419 0.830293 -0.212162 -0.241603 0.946898 -0.34951 0.254719 0.901643 -0.311282 0.505872 0.804486</float_array>
                    <technique_common>
                        <accessor count="116" source="#ID155" stride="3">
                            <param name="X" type="float"/>
                            <param name="Y" type="float"/>
                            <param name="Z" type="float"/>
                        </accessor>
                    </technique_common>
                </source>
                <source id="ID156">
                    <float_array id="ID157" count="40">0.875 0.15918 1 0.15918 0.6875 0.0800781 0.75 0.0800781 0.75 0.15918 0.625 0.0800781 0.625 0.15918 0.5625 0.0800781 0.5 0.15918 0.5 0.0800781 0.375 0.15918 0.4375 0.0800781 0.25 0.15918 0.375 0.0800781 0.125 0.15918 0.3125 0.0800781 0 0.15918 0.25 0.0800781 0.5 0 0.5 0.494141</float_array>
                    <technique_common>
                        <accessor count="20" source="#ID157" stride="2">
                            <param name="S" type="float"/>
                            <param name="T" type="float"/>
                        </accessor>
                    </technique_common>
                </source>
                <vertices id="ID158">
                    <input semantic="POSITION" source="#ID152"/>
                </vertices>
                <triangles count="128" material="Material1">
                    <input offset="0" semantic="VERTEX" source="#ID158"/>
                    <input offset="1" semantic="NORMAL" source="#ID154"/>
                    <input offset="2" semantic="TEXCOORD" source="#ID156" set="0"/>
                    <p>18 2 2 3 1 1 9 0 0 3 1 1 18 2 2 12 3 3 17 5 5 9 0 0 8 4 4 9 0 0 17 5 5 18 2 2 16 7 7 8 4 4 7 6 6 8 4 4 16 7 7 17 5 5 15 9 9 7 6 6 6 8 8 7 6 6 15 9 9 16 7 7 14 11 11 6 8 8 5 10 10 6 8 8 14 11 11 15 9 9 13 13 13 5 10 10 4 12 12 5 10 10 13 13 13 14 11 11 10 15 15 4 12 12 1 14 14 4 12 12 10 15 15 13 13 13 11 17 17 1 14 14 2 16 16 1 14 14 11 17 17 10 15 15 16 7 7 15 9 9 19 18 18 15 9 9 14 11 11 19 18 18 14 11 11 13 13 13 19 18 18 13 13 13 10 15 15 19 18 18 10 15 15 11 17 17 19 18 18 12 3 3 18 2 2 19 18 18 18 2 2 17 5 5 19 18 18 17 5 5 16 7 7 19 18 18 9 21 0 3 20 1 0 19 19 8 22 4 9 21 0 0 19 19 7 23 6 8 22 4 0 19 19 6 24 8 7 23 6 0 19 19 5 25 10 6 24 8 0 19 19 4 26 12 5 25 10 0 19 19 1 27 14 4 26 12 0 19 19 2 28 16 1 27 14 0 19 19 38 31 2 23 30 1 29 29 0 23 30 1 38 31 2 32 32 3 37 34 5 29 29 0 28 33 4 29 29 0 37 34 5 38 31 2 36 36 7 28 33 4 27 35 6 28 33 4 36 36 7 37 34 5 35 38 9 27 35 6 26 37 8 27 35 6 35 38 9 36 36 7 34 40 11 26 37 8 25 39 10 26 37 8 34 40 11 35 38 9 33 42 13 25 39 10 24 41 12 25 39 10 33 42 13 34 40 11 30 44 15 24 41 12 21 43 14 24 41 12 30 44 15 33 42 13 31 46 17 21 43 14 22 45 16 21 43 14 31 46 17 30 44 15 36 36 7 35 38 9 39 47 18 35 38 9 34 40 11 39 47 18 34 40 11 33 42 13 39 47 18 33 42 13 30 44 15 39 47 18 30 44 15 31 46 17 39 47 18 32 32 3 38 31 2 39 47 18 38 31 2 37 34 5 39 47 18 37 34 5 36 36 7 39 47 18 29 50 0 23 49 1 20 48 19 28 51 4 29 50 0 20 48 19 27 52 6 28 51 4 20 48 19 26 53 8 27 52 6 20 48 19 25 54 10 26 53 8 20 48 19 24 55 12 25 54 10 20 48 19 21 56 14 24 55 12 20 48 19 22 57 16 21 56 14 20 48 19 58 60 2 43 59 1 49 58 0 43 59 1 58 60 2 52 61 3 57 63 5 49 58 0 48 62 4 49 58 0 57 63 5 58 60 2 56 65 7 48 62 4 47 64 6 48 62 4 56 65 7 57 63 5 55 67 9 47 64 6 46 66 8 47 64 6 55 67 9 56 65 7 54 69 11 46 66 8 45 68 10 46 66 8 54 69 11 55 67 9 53 71 13 45 68 10 44 70 12 45 68 10 53 71 13 54 69 11 50 73 15 44 70 12 41 72 14 44 70 12 50 73 15 53 71 13 51 75 17 41 72 14 42 74 16 41 72 14 51 75 17 50 73 15 56 65 7 55 67 9 59 76 18 55 67 9 54 69 11 59 76 18 54 69 11 53 71 13 59 76 18 53 71 13 50 73 15 59 76 18 50 73 15 51 75 17 59 76 18 52 61 3 58 60 2 59 76 18 58 60 2 57 63 5 59 76 18 57 63 5 56 65 7 59 76 18 49 79 0 43 78 1 40 77 19 48 80 4 49 79 0 40 77 19 47 81 6 48 80 4 40 77 19 46 82 8 47 81 6 40 77 19 45 83 10 46 82 8 40 77 19 44 84 12 45 83 10 40 77 19 41 85 14 44 84 12 40 77 19 42 86 16 41 85 14 40 77 19 78 89 2 63 88 1 69 87 0 63 88 1 78 89 2 72 90 3 77 92 5 69 87 0 68 91 4 69 87 0 77 92 5 78 89 2 76 94 7 68 91 4 67 93 6 68 91 4 76 94 7 77 92 5 75 96 9 67 93 6 66 95 8 67 93 6 75 96 9 76 94 7 74 98 11 66 95 8 65 97 10 66 95 8 74 98 11 75 96 9 73 100 13 65 97 10 64 99 12 65 97 10 73 100 13 74 98 11 70 102 15 64 99 12 61 101 14 64 99 12 70 102 15 73 100 13 71 104 17 61 101 14 62 103 16 61 101 14 71 104 17 70 102 15 76 94 7 75 96 9 79 105 18 75 96 9 74 98 11 79 105 18 74 98 11 73 100 13 79 105 18 73 100 13 70 102 15 79 105 18 70 102 15 71 104 17 79 105 18 72 90 3 78 89 2 79 105 18 78 89 2 77 92 5 79 105 18 77 92 5 76 94 7 79 105 18 69 108 0 63 107 1 60 106 19 68 109 4 69 108 0 60 106 19 67 110 6 68 109 4 60 106 19 66 111 8 67 110 6 60 106 19 65 112 10 66 111 8 60 106 19 64 113 12 65 112 10 60 106 19 61 114 14 64 113 12 60 106 19 62 115 16 61 114 14 60 106 19</p>
                </triangles>
            </mesh>
        </geometry>
        <geometry id="ID160">
            <mesh>
                <source id="ID161">
                    <float_array id="ID162" count="1080">215.75 15.9063 -727.656 -226.531 294.438 -724.156 211.531 5.875 -729.031 -253.281 281.094 -733.219 -253.281 281.094 -733.219 233.938 5.875 -759.875 -243.188 294.438 -747.094 236.531 15.9063 -756.281 -270.156 281.094 -738.719 -270.156 281.094 -738.719 215.75 15.9063 -692.313 215.75 15.9063 -692.313 -270.156 294.438 -755.844 211.531 5.875 -690.938 211.531 5.875 -690.938 -245.125 301.875 -744.438 -245.125 301.875 -744.438 236.531 15.9063 -663.688 -245.125 301.875 -675.531 -245.125 301.875 -675.531 233.938 5.875 -660.094 -270.156 301.875 -667.406 -270.156 301.875 -667.406 270.156 15.9063 -652.781 -270.156 301.875 -752.563 -270.156 301.875 -752.563 270.156 5.875 -648.344 -291.344 257.656 -716.875 303.813 15.9063 -663.688 -283.25 257.656 -728 306.406 5.875 -660.125 -291.344 257.656 -703.094 324.594 15.9063 -692.313 -283.25 257.656 -691.969 328.813 5.875 -690.938 -270.156 257.656 -687.688 324.594 15.9063 -727.656 -257.063 257.656 -691.969 328.781 5.875 -729.031 -248.969 257.656 -703.094 303.781 15.9063 -756.281 -248.969 257.656 -716.875 306.406 5.875 -759.875 -257.063 257.656 -728 270.156 15.9063 -767.188 -270.156 257.656 -732.281 270.156 5.875 -771.625 -279.563 194.625 -722.906 -279.563 194.625 -722.906 247.469 23.8438 -741.219 247.469 23.8438 -741.219 -285.375 194.625 -714.938 -285.375 194.625 -714.938 233.469 23.8438 -721.906 233.469 23.8438 -721.906 -270.156 194.625 -725.969 -270.156 194.625 -725.969 233.469 23.8438 -698.063 233.469 23.8438 -698.063 233.469 23.8438 -698.063 -285.375 194.625 -705.031 -285.375 194.625 -705.031 -285.375 194.625 -705.031 247.469 23.8438 -678.75 247.469 23.8438 -678.75 -279.563 194.625 -697.063 -279.563 194.625 -697.063 270.156 23.8438 -671.406 270.156 23.8438 -671.406 -270.156 194.625 -694 -270.156 194.625 -694 292.844 23.8438 -678.75 292.844 23.8438 -678.75 -260.781 194.625 -697.063 -260.781 194.625 -697.063 306.875 23.8438 -698.063 306.875 23.8438 -698.063 -254.969 194.625 -705.031 -254.969 194.625 -705.031 306.875 23.8438 -721.906 306.875 23.8438 -721.906 -254.969 194.625 -714.938 -254.969 194.625 -714.938 292.844 23.8438 -741.219 292.844 23.8438 -741.219 -260.781 194.625 -722.906 -260.781 194.625 -722.906 270.156 23.8438 -748.594 270.156 23.8438 -748.594 -295.188 301.875 -744.438 -295.188 301.875 -744.438 252.563 49.3125 -734.219 -310.656 301.875 -723.125 -310.656 301.875 -723.125 241.688 49.3125 -719.25 -310.656 301.875 -696.813 -310.656 301.875 -696.813 -310.656 301.875 -696.813 241.688 49.3125 -700.719 -295.188 301.875 -675.531 -295.188 301.875 -675.531 252.563 49.3125 -685.75 -229.656 301.875 -696.844 -229.656 301.875 -696.844 270.156 49.3125 -680.031 -229.656 301.875 -723.156 -229.656 301.875 -723.156 287.781 49.3125 -685.75 298.656 49.3125 -700.719 298.656 49.3125 -719.25 287.781 49.3125 -734.219 270.156 49.3125 -739.938 260.781 157.406 -722.906 260.781 157.406 -722.906 254.969 157.406 -714.938 254.969 157.406 -714.938 254.969 157.406 -705.063 254.969 157.406 -705.063 254.969 157.406 -705.063 260.781 157.406 -697.063 260.781 157.406 -697.063 270.156 157.406 -694 270.156 157.406 -694 279.563 157.406 -697.063 279.563 157.406 -697.063 285.375 157.406 -705.063 285.375 157.406 -705.063 285.375 157.406 -714.938 285.375 157.406 -714.938 279.563 157.406 -722.906 279.563 157.406 -722.906 270.156 157.406 -725.969 270.156 157.406 -725.969 252.813 176 -733.875 242.063 176 -719.125 242.094 176 -700.875 242.094 176 -700.875 252.813 176 -686.094 270.156 176 -680.469 287.531 176 -686.094 298.25 176 -700.875 298.25 176 -719.125 287.531 176 -733.875 270.156 176 -739.531 236.531 -4.09375 -756.281 270.156 -4.09375 -767.188 215.75 -4.09375 -727.656 215.75 -4.09375 -692.313 215.75 -4.09375 -692.313 236.531 -4.09375 -663.688 270.156 -4.09375 -652.781 303.813 -4.09375 -663.688 324.594 -4.09375 -692.313 324.594 -4.09375 -727.656 303.781 -4.09375 -756.281 242.844 281.094 -718.875 242.844 281.094 -718.875 253.281 281.094 -733.219 253.281 281.094 -733.219 243.188 294.438 -747.094 226.531 294.438 -724.156 242.844 281.094 -701.125 242.844 281.094 -701.125 242.844 281.094 -701.125 226.531 294.438 -695.813 226.531 294.438 -695.813 253.281 281.094 -686.75 253.281 281.094 -686.75 243.219 294.438 -672.875 270.156 281.094 -681.281 270.156 281.094 -681.281 270.156 294.438 -664.125 287.031 281.094 -686.75 287.031 281.094 -686.75 297.125 294.438 -672.875 297.469 281.094 -701.125 297.469 281.094 -701.125 313.781 294.438 -695.813 297.469 281.094 -718.875 297.469 281.094 -718.875 313.781 294.438 -724.156 287.031 281.094 -733.219 287.031 281.094 -733.219 297.125 294.438 -747.094 270.156 281.094 -738.719 270.156 281.094 -738.719 270.156 294.438 -755.844 295.188 301.875 -744.438 295.188 301.875 -744.438 295.188 301.875 -675.531 295.188 301.875 -675.531 270.156 301.875 -667.406 270.156 301.875 -667.406 270.156 301.875 -752.563 270.156 301.875 -752.563 248.969 257.656 -716.875 257.063 257.656 -728.031 248.969 257.656 -703.094 257.063 257.656 -691.969 270.156 257.656 -687.688 283.25 257.656 -691.969 291.375 257.656 -703.094 291.375 257.656 -716.875 283.25 257.656 -728.031 270.156 257.656 -732.281 260.781 194.625 -722.906 260.781 194.625 -722.906 254.969 194.625 -714.938 254.969 194.625 -714.938 270.156 194.625 -725.969 270.156 194.625 -725.969 254.969 194.625 -705.063 254.969 194.625 -705.063 254.969 194.625 -705.063 260.781 194.625 -697.063 260.781 194.625 -697.063 270.156 194.625 -694 270.156 194.625 -694 279.563 194.625 -697.063 279.563 194.625 -697.063 285.375 194.625 -705.063 285.375 194.625 -705.063 285.375 194.625 -714.938 285.375 194.625 -714.938 279.563 194.625 -722.906 279.563 194.625 -722.906 245.125 301.875 -744.438 245.125 301.875 -744.438 229.688 301.875 -723.125 229.688 301.875 -723.125 229.688 301.875 -696.844 229.688 301.875 -696.844 229.688 301.875 -696.844 245.156 301.875 -675.531 245.156 301.875 -675.531 310.656 301.875 -696.844 310.656 301.875 -696.844 310.656 301.875 -723.156 310.656 301.875 -723.156 -324.563 15.9063 -727.656 -328.781 5.875 -729.031 -306.406 5.875 -759.844 -303.781 15.9063 -756.281 -324.563 15.9063 -692.313 -324.563 15.9063 -692.313 -328.781 5.875 -690.938 -328.781 5.875 -690.938 -303.781 15.9063 -663.688 -306.406 5.875 -660.094 -270.156 15.9063 -652.781 -270.156 5.875 -648.344 -236.531 15.9063 -663.688 -233.906 5.875 -660.125 -215.75 15.9063 -692.313 -211.531 5.875 -690.938 -215.75 15.9063 -727.656 -211.531 5.875 -729.031 -236.531 15.9063 -756.281 -233.938 5.875 -759.875 -270.156 15.9063 -767.188 -270.156 5.875 -771.625 -292.844 23.8438 -741.219 -292.844 23.8438 -741.219 -306.875 23.8438 -721.906 -306.875 23.8438 -721.906 -306.875 23.8438 -698.063 -306.875 23.8438 -698.063 -306.875 23.8438 -698.063 -292.844 23.8438 -678.75 -292.844 23.8438 -678.75 -270.156 23.8438 -671.375 -270.156 23.8438 -671.375 -247.469 23.8438 -678.75 -247.469 23.8438 -678.75 -233.438 23.8438 -698.063 -233.438 23.8438 -698.063 -233.469 23.8438 -721.906 -233.469 23.8438 -721.906 -247.469 23.8438 -741.219 -247.469 23.8438 -741.219 -270.156 23.8438 -748.594 -270.156 23.8438 -748.594 -287.781 49.3125 -734.219 -298.656 49.3125 -719.25 -298.656 49.3125 -700.719 -287.75 49.3125 -685.75 -270.156 49.3125 -680.031 -252.563 49.3125 -685.75 -241.688 49.3125 -700.719 -241.688 49.3125 -719.25 -252.563 49.3125 -734.219 -270.156 49.3125 -739.938 -279.563 157.406 -722.906 -279.563 157.406 -722.906 -285.375 157.406 -714.938 -285.375 157.406 -714.938 -285.375 157.406 -705.031 -285.375 157.406 -705.031 -285.375 157.406 -705.031 -279.563 157.406 -697.063 -279.563 157.406 -697.063 -270.156 157.406 -694 -270.156 157.406 -694 -260.781 157.406 -697.063 -260.781 157.406 -697.063 -254.969 157.406 -705.063 -254.969 157.406 -705.063 -254.969 157.406 -714.938 -254.969 157.406 -714.938 -260.781 157.406 -722.906 -260.781 157.406 -722.906 -270.156 157.406 -725.969 -270.156 157.406 -725.969 -287.531 176 -733.875 -298.25 176 -719.094 -298.25 176 -700.844 -298.25 176 -700.844 -287.531 176 -686.094 -270.156 176 -680.438 -252.813 176 -686.094 -242.063 176 -700.875 -242.063 176 -719.125 -252.813 176 -733.875 -270.156 176 -739.531 -303.781 -4.09375 -756.281 -270.156 -4.09375 -767.188 -324.563 -4.09375 -727.656 -324.563 -4.09375 -692.313 -324.563 -4.09375 -692.313 -303.781 -4.09375 -663.688 -270.156 -4.09375 -652.781 -236.531 -4.09375 -663.688 -215.75 -4.09375 -692.313 -215.75 -4.09375 -727.656 -236.531 -4.09375 -756.281 -297.469 281.094 -718.844 -297.469 281.094 -718.844 -287.031 281.094 -733.219 -287.031 281.094 -733.219 -297.125 294.438 -747.094 -313.781 294.438 -724.156 -297.469 281.094 -701.094 -297.469 281.094 -701.094 -297.469 281.094 -701.094 -313.781 294.438 -695.813 -313.781 294.438 -695.813 -287.031 281.094 -686.75 -287.031 281.094 -686.75 -297.125 294.438 -672.875 -270.156 281.094 -681.25 -270.156 281.094 -681.25 -270.156 294.438 -664.125 -253.281 281.094 -686.75 -253.281 281.094 -686.75 -243.188 294.438 -672.875 -242.844 281.094 -701.125 -242.844 281.094 -701.125 -226.531 294.438 -695.813 -242.844 281.094 -718.875 -242.844 281.094 -718.875</float_array>
                    <technique_common>
                        <accessor count="360" source="#ID162" stride="3">
                            <param name="X" type="float"/>
                            <param name="Y" type="float"/>
                            <param name="Z" type="float"/>
                        </accessor>
                    </technique_common>
                </source>
                <source id="ID163">
                    <float_array id="ID164" count="957">-0.809549 -0.0003929 0.587052 -0.665492 0.569015 0.483054 -0.671591 -0.000410857 0.740922 -0.403169 0.585908 0.70297 -0.108353 -0.00041062 0.994112 0.0866635 0.585858 0.805766 0.497351 -0.00041088 0.867549 0.54439 0.586088 0.600117 0.912391 -0.000410715 0.40932 0.793326 0.585729 0.165999 0.978796 -0.000410666 -0.204837 0.73897 0.58605 -0.33237 0.671132 -0.000410749 -0.741337 0.402681 0.586265 -0.702952 0.107717 -0.000410966 -0.994182 -0.0877913 0.586471 -0.805198 -0.497627 -0.000410794 -0.867391 -0.543615 0.586233 -0.600677 -0.912004 -0.000411116 -0.410181 -0.79293 0.586291 -0.165907 -1 -0.000392976 0.000855904 -0.822589 0.568636 -0 -0.745164 -0.389969 0.540976 -0.801129 -0.140149 0.581852 -0.614102 -0.404465 0.677707 -0.587726 -0.00117556 0.809059 -0.0984027 -0.404633 0.909169 0.000136226 -0.000760189 1 0.455003 -0.403181 0.793988 0.587583 -0.00118179 0.809163 0.834502 -0.403899 0.374796 0.951107 -0.00111173 0.30886 0.895658 -0.403138 -0.18782 0.951064 -0.00142738 -0.30899 0.614066 -0.404668 -0.677618 0.587729 -0.00152275 -0.809056 0.0982078 -0.404898 -0.909072 -5.1902e-005 -0.00104416 -0.999999 -0.454641 -0.404444 -0.793553 -0.587644 -0.00117745 -0.809119 -0.83438 -0.404399 -0.374528 -0.951064 -0.00129105 -0.308991 -0.920927 -0.389734 -0 -0.990412 0.138148 -0 -0.408825 0.912613 -0 -0.617985 0.78619 -0 -0.38561 0.919139 -0.0805474 -0.672113 0.716284 -0.187622 -0.264743 0.919089 -0.291868 -0.433408 0.716152 -0.547069 -0.0423646 0.918939 -0.392117 -0.0289986 0.716114 -0.697381 0.196011 0.918974 -0.342151 0.385843 0.716535 -0.581123 0.359425 0.919097 -0.161476 0.654428 0.715957 -0.243165 0.385566 0.919145 0.0806903 0.672388 0.716042 0.187559 0.264393 0.919162 0.291954 0.433412 0.715842 0.54747 0.0423327 0.919087 0.391775 0.0291799 0.715962 0.697529 -0.195899 0.919093 0.341893 -0.38629 0.716219 0.581214 -0.331111 0.912506 0.240205 -0.647606 0.599541 0.470273 0.667566 -0.0989999 -0.73794 0.488794 -0.18177 -0.853252 0.106747 -0.0991486 -0.98933 -0.106298 -0.181889 -0.977557 -0.494659 -0.0992437 -0.863402 -0.660041 -0.181911 -0.728872 -0.907596 -0.0991299 -0.407975 -0.962493 -0.182032 -0.201176 -0.973984 -0.0990803 0.203807 -0.896947 -0.182001 0.402942 -0.668381 -0.0990562 0.737194 -0.489446 -0.181782 0.852876 -0.108118 -0.0990456 0.989192 0.105884 -0.181673 0.977642 0.495543 -0.0988228 0.862944 0.660173 -0.181649 0.728817 0.907429 -0.0989479 0.40839 0.962406 -0.181377 0.202182 0.973872 -0.0989864 -0.20439 0.896758 -0.181557 -0.403563 -0.47974 -0.262915 -0.837093 0.103811 -0.263203 -0.959139 0.647639 -0.262709 -0.715226 0.944449 -0.262439 -0.197841 0.879951 -0.262591 0.395893 0.48009 -0.263261 0.836784 -0.104462 -0.2627 0.959206 -0.647502 -0.263498 0.715059 -0.944263 -0.263358 0.197511 -0.880025 -0.26342 -0.395179 -0.49318 0.127471 -0.860537 -0.105367 0.22507 -0.968628 0.106365 0.127494 -0.98612 0.484521 0.224913 -0.845372 0.66568 0.127452 -0.735272 0.888792 0.224711 -0.399441 0.970704 0.127396 -0.203725 0.953757 0.224763 0.199572 0.90481 0.1275 0.40628 0.654211 0.224787 0.722135 0.493248 0.127498 0.860494 0.104667 0.224649 0.968802 -0.107177 0.127509 0.98603 -0.484615 0.224912 0.845318 -0.666367 0.127547 0.734634 -0.888958 0.224899 0.398967 -0.970819 0.127446 0.203145 -0.953763 0.224735 -0.199575 -0.904553 0.127484 -0.406856 -0.654199 0.224953 -0.722094 -0.471431 0.320145 -0.821742 0.101893 0.320007 -0.94192 0.636341 0.319473 -0.702145 0.927483 0.31954 -0.194087 0.864455 0.319439 0.388171 0.470781 0.31944 0.822388 -0.102036 0.319346 0.942129 -0.6362 0.319947 0.702056 -0.927552 0.31953 0.193771 -0.864528 0.31968 -0.387809 0 1 -0 -0.744854 0.391053 0.54062 -0.61426 0.40356 0.678103 -0.808885 0.00193415 0.587964 -0.552686 -0.252762 0.794134 -0.512303 -0.77389 0.372344 -0.306433 -0.787467 0.534785 -0.0986706 0.401831 0.910383 0.0193764 -0.253067 0.967255 0.0662734 -0.787558 0.612666 0.455173 0.402137 0.79442 0.584244 -0.252746 0.771219 0.413643 -0.787676 0.456581 0.835169 0.402588 0.374719 0.926048 -0.252777 0.280249 0.60317 -0.787578 0.126124 0.896281 0.401822 -0.18767 0.913934 -0.252946 -0.3174 0.562116 -0.787568 -0.252512 0.614809 0.401938 -0.678569 0.552624 -0.252933 -0.794123 0.306423 -0.787386 -0.534909 0.0984518 0.401812 -0.910414 -0.0192622 -0.252764 -0.967336 -0.0662409 -0.787307 -0.612993 -0.455419 0.402148 -0.794274 -0.584574 -0.25217 -0.771157 -0.413937 -0.787487 -0.45664 -0.834453 0.404553 -0.3742 -0.926417 -0.25098 -0.280643 -0.603235 -0.78748 -0.126424 -0.92054 0.390649 -0 -0.883846 -0.467778 -0 -0.633157 -0.774023 -0 -0.66513 -0.569661 0.482792 -0.402936 -0.586554 0.702564 0.0866134 -0.586504 0.805302 0.544076 -0.586734 0.59977 0.792869 -0.586375 0.165904 0.738543 -0.586696 -0.332178 0.402449 -0.586911 -0.702546 -0.0877406 -0.587117 -0.804733 -0.543301 -0.586879 -0.60033 -0.822142 -0.569282 -0 -0.792472 -0.586937 -0.165811 -0.808958 -0.000392895 0.587866 -0.664769 0.569069 0.483986 -0.671132 -0.000410749 0.741337 -0.402681 0.586265 0.702952 -0.107717 -0.000410966 0.994182 0.0877913 0.586471 0.805198 0.497918 -0.000410814 0.867224 0.543942 0.586034 0.600575 0.912034 -0.00057715 0.410114 0.792699 0.586448 0.166454 0.978697 -0.000411082 -0.20531 0.738431 0.586589 -0.332616 0.670887 -0.000410779 -0.741559 0.403063 0.586204 -0.702784 0.108408 -0.000411043 -0.994106 -0.0871197 0.586424 -0.805305 -0.497868 -0.000410913 -0.867253 -0.544189 0.585774 -0.600605 -0.912111 -0.000410652 -0.409943 -0.793322 0.585574 -0.166567 -1 -0.000392839 -0 -0.82259 0.568636 -0 -0.801307 -0.140836 0.58144 -0.613971 -0.40539 0.677273 -0.587788 -0.00116125 0.809014 -0.0982078 -0.404898 0.909072 0.000266544 -0.00076625 1 0.454792 -0.404096 0.793644 0.58775 -0.00120582 0.809042 0.834334 -0.404587 0.374427 0.951087 -0.00119562 0.308921 0.895119 -0.40463 -0.18718 0.951096 -0.00106226 -0.308894 0.614102 -0.404465 -0.677707 0.587726 -0.00117556 -0.809059 0.098322 -0.404637 -0.909176 -0.000163598 -0.000898971 -1 -0.454792 -0.404096 -0.793644 -0.58775 -0.00120582 -0.809042 -0.834334 -0.404587 -0.374427 -0.951087 -0.00119562 -0.308921 -0.409426 0.912343 -0 -0.618342 0.785909 -0 -0.386109 0.918909 -0.0807879 -0.672228 0.716144 -0.187741 -0.26482 0.918992 -0.292103 -0.43347 0.716025 -0.547186 -0.0291263 0.71592 -0.697575 0.196134 0.918979 -0.342065 0.38629 0.716219 -0.581214 0.359511 0.919066 -0.161458 0.654197 0.716172 -0.243152 0.385862 0.919028 0.0806087 0.672228 0.716144 0.187741 0.26482 0.918992 0.292103 0.43347 0.716025 0.547186 0.0423646 0.918939 0.392117 0.0291263 0.71592 0.697575 -0.196011 0.918974 0.342151 -0.38602 0.716504 0.581043 -0.331133 0.912423 0.240489 -0.647443 0.600021 0.469886 0.667923 -0.0989233 -0.737626 0.489677 -0.181997 -0.852698 0.108118 -0.0990456 -0.989192 -0.106164 -0.182067 -0.977538 -0.495031 -0.0988166 -0.863238 -0.660375 -0.18176 -0.728607 -0.907459 -0.0985791 -0.408411 -0.962468 -0.181679 -0.201612 -0.973918 -0.0985082 0.204399 -0.896774 -0.181851 0.403394 -0.667717 -0.0985986 0.737857 -0.489542 -0.181905 0.852795 -0.10748 -0.0989789 0.989268 0.106329 -0.182094 0.977515 0.495307 -0.0989896 0.86306 0.660353 -0.181921 0.728586 0.907418 -0.0990246 0.408394 0.962425 -0.181915 0.201604 0.896737 -0.182071 -0.403378 -0.480541 -0.263585 -0.836423 0.104487 -0.263581 -0.958962 0.647591 -0.263683 -0.71491 0.944135 -0.263611 -0.197784 0.879997 -0.263362 0.395279 0.480541 -0.263585 0.836423 -0.104487 -0.263581 0.958962 -0.647591 -0.263683 0.71491 -0.944135 -0.263611 0.197784 -0.879997 -0.263362 -0.395279 -0.492738 0.12749 -0.860788 -0.104873 0.224995 -0.968699 0.107177 0.127509 -0.98603 0.48478 0.225102 -0.845173 0.665911 0.127447 -0.735065 0.888834 0.224872 -0.399258 0.953728 0.225092 0.19934 0.654267 0.225145 0.721972 0.49369 0.127479 0.860244 0.105205 0.225074 0.968645 -0.106541 0.127461 0.986105 -0.484274 0.225038 0.84548 -0.665347 0.127348 0.735592 -0.888576 0.224876 0.399829 -0.970704 0.127396 0.203725 -0.904553 0.127484 -0.406856 -0.653982 0.224756 -0.722352 -0.471101 0.319723 -0.822096 0.10205 0.320114 -0.941867 0.636485 0.319935 -0.701804 0.927363 0.319827 -0.194186 0.864317 0.320404 0.387681 0.471152 0.320134 0.821907 -0.10205 0.320114 0.941867 -0.635913 0.319894 0.702341 -0.927483 0.31954 0.194087 -0.864455 0.319439 -0.388171 -0.746069 0.386388 0.542297 -0.614809 0.401938 0.678569 -0.809063 0.000115781 0.587722 -0.552624 -0.252933 0.794123 -0.512116 -0.774053 0.372263 -0.306423 -0.787386 0.534909 -0.0984518 0.401812 0.910414 0.0192622 -0.252764 0.967336 0.0662409 -0.787307 0.612993 0.58441 -0.252622 0.771133 0.413924 -0.787657 0.456359 -0.455173 0.402137 -0.79442 -0.58441 -0.252622 -0.771133 -0.413924 -0.787657 -0.456359 -0.835169 0.402588 -0.374719 -0.926048 -0.252777 -0.280249 -0.60317 -0.787578 -0.126124 -0.921927 0.387364 -0 -0.88342 -0.468582 -0 -0.664407 -0.569715 0.483723 -0.402449 -0.586911 0.702546 0.0877406 -0.587117 0.804733 0.543829 -0.586994 0.59974 0.792245 -0.587249 0.165791 0.738004 -0.587235 -0.332424 0.40283 -0.58685 -0.702378 -0.0870693 -0.58707 -0.80484 -0.543875 -0.58642 -0.600259 -0.822142 -0.569282 -0 -0.792864 -0.58622 -0.166471</float_array>
                    <technique_common>
                        <accessor count="319" source="#ID164" stride="3">
                            <param name="X" type="float"/>
                            <param name="Y" type="float"/>
                            <param name="Z" type="float"/>
                        </accessor>
                    </technique_common>
                </source>
                <source id="ID165">
                    <float_array id="ID166" count="308">-3.99316 0.220703 -3.99316 -0.00195313 -3.79297 0.220703 -3.79297 -0.00195313 -3.59277 0.220703 -3.59277 -0.00195313 -3.39355 0.220703 -3.39355 -0.00195313 -3.19336 0.220703 -3.19336 -0.00195313 -2.99316 0.220703 -2.99316 -0.00195313 -2.79297 0.220703 -2.79297 -0.00195313 -2.59277 0.220703 -2.59277 -0.00195313 -2.39355 0.220703 -2.39355 -0.00195313 -2.19336 0.220703 -2.19336 -0.00195313 -1.99316 0.220703 -1.99316 -0.00195313 1.2627 0.00976563 1.2627 0.0800781 1.49512 0.00976563 1.49512 0.0800781 1.72754 0.00976563 1.72754 0.0800781 1.95996 0.00976563 1.95996 0.0800781 2.19141 0.00976563 2.19141 0.0800781 2.42383 0.00976563 2.42383 0.0800781 2.65625 0.00976563 2.65625 0.0800781 2.88867 0.00976563 2.88867 0.0800781 3.12012 0.00976563 3.12012 0.0800781 3.35254 0.00976563 3.35254 0.0800781 3.58496 0.00976563 3.58496 0.0800781 3.58496 0.207031 3.58496 0.150391 3.35254 0.207031 3.35254 0.150391 3.12012 0.207031 3.12012 0.150391 2.88867 0.207031 2.88867 0.150391 2.65625 0.207031 2.65625 0.150391 2.42383 0.207031 2.42383 0.150391 2.19141 0.207031 2.19141 0.150391 1.95996 0.207031 1.95996 0.150391 1.72754 0.207031 1.72754 0.150391 1.49512 0.207031 1.49512 0.150391 1.2627 0.207031 1.2627 0.150391 -0.799805 0.208984 -0.799805 0.777344 -0.599609 0.208984 -0.599609 0.777344 -0.399414 0.208984 -0.399414 0.777344 -0.199219 0.208984 -0.199219 0.777344 0 0.208984 0 0.777344 -1 0.208984 -1 0.777344 -0.399414 1 -0.599609 1 -0.799805 1 -1 1 -0.199219 1 0 1 0.599609 0.99707 0.399414 0.359375 0.399414 0.99707 0.199219 0.359375 0.199219 0.99707 0 0.359375 0 0.99707 0.599609 0.359375 0.799805 0.359375 0.799805 0.99707 1 0.359375 1 0.99707 0.599609 0.205078 0.399414 0.205078 0.199219 0.205078 0 0.205078 0.799805 0.205078 1 0.205078 -2.03418 1.03516 -2.12207 1.03516 -1.96387 1.08691 -2.19238 1.08691 -1.93652 1.16992 -2.21973 1.16992 -0.981445 2.20215 -0.712891 2.20215 -0.981445 2.13184 -0.712891 2.13184 -0.981445 2.00488 -0.712891 2.00488 -0.444336 2.20215 -0.444336 2.13184 -0.444336 2.00488 -0.176758 2.20215 -0.176758 2.13184 -0.176758 2.00488 0.0908203 2.20215 0.0908203 2.13184 0.0908203 2.00488 0.359375 2.20215 0.359375 2.13184 0.359375 2.00488 0.62793 2.20215 0.62793 2.13184 0.62793 2.00488 0.896484 2.20215 0.896484 2.13184 0.896484 2.00488 1.16504 2.20215 1.16504 2.13184 1.16504 2.00488 1.43359 2.20215 1.43359 2.13184 1.43359 2.00488 1.70215 2.20215 1.70215 2.13184 1.70215 2.00488 -2.12207 1.03711 -2.03418 1.03711 -3.99316 0 -3.79297 0 -3.59277 0 -3.39355 0 -3.19336 0 -2.99316 0 -2.79297 0 -2.59277 0 -2.39355 0 -1.99316 0 -2.19336 0</float_array>
                    <technique_common>
                        <accessor count="154" source="#ID166" stride="2">
                            <param name="S" type="float"/>
                            <param name="T" type="float"/>
                        </accessor>
                    </technique_common>
                </source>
                <vertices id="ID167">
                    <input semantic="POSITION" source="#ID161"/>
                </vertices>
                <triangles count="456" material="Material1">
                    <input offset="0" semantic="VERTEX" source="#ID167"/>
                    <input offset="1" semantic="NORMAL" source="#ID163"/>
                    <input offset="2" semantic="TEXCOORD" source="#ID165" set="0"/>
                    <p>137 2 2 213 1 1 136 0 0 213 1 1 137 2 2 215 3 3 138 4 4 215 3 3 137 2 2 215 3 3 138 4 4 217 5 5 139 6 6 217 5 5 138 4 4 217 5 5 139 6 6 219 7 7 140 8 8 219 7 7 139 6 6 219 7 7 140 8 8 221 9 9 141 10 10 221 9 9 140 8 8 221 9 9 141 10 10 223 11 11 142 12 12 223 11 11 141 10 10 223 11 11 142 12 12 225 13 13 143 14 14 225 13 13 142 12 12 225 13 13 143 14 14 210 15 15 133 16 16 210 15 15 143 14 14 210 15 15 133 16 16 206 17 17 134 18 18 206 17 17 133 16 16 206 17 17 134 18 18 208 19 19 135 20 20 208 19 19 134 18 18 208 19 19 135 20 20 212 21 21 149 24 24 14 23 23 148 22 22 14 23 23 149 24 24 20 25 25 150 26 26 20 25 25 149 24 24 20 25 25 150 26 26 26 27 27 151 28 28 26 27 27 150 26 26 26 27 27 151 28 28 30 29 29 152 30 30 30 29 29 151 28 28 30 29 29 152 30 30 34 31 31 153 32 32 34 31 31 152 30 30 34 31 31 153 32 32 38 33 33 154 34 34 38 33 33 153 32 32 38 33 33 154 34 34 42 35 35 145 36 36 42 35 35 154 34 34 42 35 35 145 36 36 46 37 37 144 38 38 46 37 37 145 36 36 46 37 37 144 38 38 5 39 39 146 40 40 5 39 39 144 38 38 5 39 39 146 40 40 2 41 41 147 42 42 2 41 41 146 40 40 2 41 41 147 42 42 13 43 43 53 46 46 10 45 45 57 44 44 10 45 45 53 46 46 0 47 47 49 48 48 0 47 47 53 46 46 0 47 47 49 48 48 7 49 49 87 50 50 7 49 49 49 48 48 7 49 49 87 50 50 44 51 51 83 52 52 44 51 51 87 50 50 44 51 51 83 52 52 40 53 53 79 54 54 40 53 53 83 52 52 40 53 53 79 54 54 36 55 55 75 56 56 36 55 55 79 54 54 36 55 55 75 56 56 32 57 57 71 58 58 32 57 57 75 56 56 32 57 57 71 58 58 28 59 59 67 60 60 28 59 59 71 58 58 28 59 59 67 60 60 23 61 61 63 62 62 23 61 61 67 60 60 23 61 61 63 62 62 17 63 63 58 64 64 17 63 63 63 62 62 17 63 63 58 64 64 11 65 65 20 25 25 11 65 65 14 23 23 11 65 65 20 25 25 17 63 63 26 27 27 17 63 63 20 25 25 17 63 63 26 27 27 23 61 61 30 29 29 23 61 61 26 27 27 23 61 61 30 29 29 28 59 59 34 31 31 28 59 59 30 29 29 28 59 59 34 31 31 32 57 57 38 33 33 32 57 57 34 31 31 32 57 57 38 33 33 36 55 55 42 35 35 36 55 55 38 33 33 36 55 55 42 35 35 40 53 53 46 37 37 40 53 53 42 35 35 40 53 53 46 37 37 44 51 51 5 39 39 44 51 51 46 37 37 44 51 51 5 39 39 7 49 49 2 41 41 7 49 49 5 39 39 7 49 49 2 41 41 0 47 47 13 43 43 0 47 47 2 41 41 0 47 47 13 43 43 10 45 45 209 68 68 203 67 67 224 66 66 203 67 67 209 68 68 204 69 69 205 70 70 204 69 69 209 68 68 204 69 69 205 70 70 196 71 71 207 72 72 196 71 71 205 70 70 196 71 71 207 72 72 195 73 73 211 74 74 195 73 73 207 72 72 195 73 73 211 74 74 197 75 75 214 76 72 197 75 75 211 74 74 197 75 75 214 76 72 198 77 73 216 78 70 198 77 73 214 76 72 198 77 73 216 78 70 199 79 71 218 80 68 199 79 71 216 78 70 199 79 71 218 80 68 200 81 69 220 82 66 200 81 69 218 80 68 200 81 69 220 82 66 201 83 67 222 84 76 201 83 67 220 82 66 201 83 67 222 84 76 202 85 77 224 66 66 202 85 77 222 84 76 202 85 77 224 66 66 203 67 67 185 87 79 204 69 69 158 86 78 204 69 69 185 87 79 203 67 67 182 88 80 203 67 67 185 87 79 203 67 67 182 88 80 202 85 77 179 89 81 202 85 77 182 88 80 202 85 77 179 89 81 201 83 67 176 90 80 201 83 67 179 89 81 201 83 67 176 90 80 200 81 69 173 91 79 200 81 69 176 90 80 200 81 69 173 91 79 199 79 71 170 92 78 199 79 71 173 91 79 199 79 71 170 92 78 198 77 73 167 93 82 198 77 73 170 92 78 198 77 73 167 93 82 197 75 75 163 94 83 197 75 75 167 93 82 197 75 75 163 94 83 195 73 73 156 95 82 195 73 73 163 94 83 195 73 73 156 95 82 196 71 71 158 86 78 196 71 71 156 95 82 196 71 71 158 86 78 204 69 69 131 98 86 111 97 85 112 96 84 111 97 85 131 98 86 110 99 87 129 100 88 110 99 87 131 98 86 110 99 87 129 100 88 109 101 89 127 102 90 109 101 89 129 100 88 109 101 89 127 102 90 108 103 87 125 104 88 108 103 87 127 102 90 108 103 87 125 104 88 107 105 85 123 106 86 107 105 85 125 104 88 107 105 85 123 106 86 104 107 91 121 108 84 104 107 91 123 106 86 104 107 91 121 108 84 101 109 92 119 110 93 101 109 92 121 108 84 101 109 92 119 110 93 98 111 94 116 112 95 98 111 94 119 110 93 98 111 94 116 112 95 94 113 92 114 114 93 94 113 92 116 112 95 94 113 92 114 114 93 91 115 91 112 96 84 91 115 91 114 114 93 91 115 91 112 96 84 111 97 85 111 97 85 50 116 96 91 115 91 50 116 96 111 97 85 88 117 97 110 99 87 88 117 97 111 97 85 88 117 97 110 99 87 84 118 98 109 101 89 84 118 98 110 99 87 84 118 98 109 101 89 80 119 99 108 103 87 80 119 99 109 101 89 80 119 99 108 103 87 76 120 98 107 105 85 76 120 98 108 103 87 76 120 98 107 105 85 72 121 97 104 107 91 72 121 97 107 105 85 72 121 97 104 107 91 68 122 96 101 109 92 68 122 96 104 107 91 68 122 96 101 109 92 64 123 100 98 111 94 64 123 100 101 109 92 64 123 100 98 111 94 59 124 101 94 113 92 59 124 101 98 111 94 59 124 101 94 113 92 54 125 100 91 115 91 54 125 100 94 113 92 54 125 100 91 115 91 50 116 96 187 126 104 236 126 103 238 126 102 236 126 103 187 126 104 189 126 105 193 126 106 189 126 105 187 126 104 189 126 105 193 126 106 191 126 107 234 126 105 191 126 107 193 126 106 165 129 110 233 128 109 231 127 108 233 128 109 165 129 110 168 130 111 162 131 112 168 130 111 165 129 110 168 130 111 162 131 112 166 132 113 168 130 111 192 133 114 233 128 109 192 133 114 168 130 111 171 134 115 166 132 113 171 134 115 168 130 111 171 134 115 166 132 113 169 135 116 171 134 115 190 136 117 192 133 114 190 136 117 171 134 115 174 137 118 169 135 116 174 137 118 171 134 115 174 137 118 169 135 116 172 138 119 174 137 118 235 139 120 190 136 117 235 139 120 174 137 118 177 140 121 172 138 119 177 140 121 174 137 118 177 140 121 172 138 119 175 141 122 177 140 121 237 142 123 235 139 120 237 142 123 177 140 121 180 143 124 175 141 122 180 143 124 177 140 121 180 143 124 175 141 122 178 144 125 180 143 124 188 145 126 237 142 123 188 145 126 180 143 124 183 146 127 178 144 125 183 146 127 180 143 124 183 146 127 178 144 125 181 147 128 183 146 127 194 148 129 188 145 126 194 148 129 183 146 127 186 149 130 181 147 128 186 149 130 183 146 127 186 149 130 181 147 128 184 150 131 186 149 130 226 151 132 194 148 129 226 151 132 186 149 130 159 152 133 184 150 131 159 152 133 186 149 130 159 152 133 184 150 131 157 153 134 159 152 133 228 154 135 226 151 132 228 154 135 159 152 133 160 155 136 157 153 134 160 155 136 159 152 133 160 155 136 157 153 134 155 156 137 160 155 136 230 157 138 228 154 135 230 157 138 160 155 136 164 158 139 155 156 137 164 158 139 160 155 136 164 158 139 155 156 137 161 159 140 234 126 105 229 126 142 232 126 141 229 126 142 234 126 105 227 126 104 193 126 106 227 126 104 234 126 105 118 160 143 137 2 2 136 0 0 137 2 2 118 160 143 120 161 144 120 161 144 138 4 4 137 2 2 138 4 4 120 161 144 122 162 145 122 162 145 139 6 6 138 4 4 139 6 6 122 162 145 124 163 146 124 163 146 140 8 8 139 6 6 140 8 8 124 163 146 126 164 147 126 164 147 141 10 10 140 8 8 141 10 10 126 164 147 128 165 148 128 165 148 142 12 12 141 10 10 142 12 12 128 165 148 130 166 149 130 166 149 143 14 14 142 12 12 143 14 14 130 166 149 132 167 150 132 167 150 133 16 16 143 14 14 133 16 16 132 167 150 113 168 151 135 20 20 115 170 153 117 169 152 115 170 153 135 20 20 134 18 18 113 168 151 134 18 18 133 16 16 134 18 18 113 168 151 115 170 153 317 173 2 62 172 1 316 171 0 62 172 1 317 173 2 66 174 3 318 175 4 66 174 3 317 173 2 66 174 3 318 175 4 70 176 5 319 177 6 70 176 5 318 175 4 70 176 5 319 177 6 74 178 7 320 179 8 74 178 7 319 177 6 74 178 7 320 179 8 78 180 9 321 181 10 78 180 9 320 179 8 78 180 9 321 181 10 82 182 11 322 183 12 82 182 11 321 181 10 82 182 11 322 183 12 86 184 13 323 185 14 86 184 13 322 183 12 86 184 13 323 185 14 56 186 15 313 187 16 56 186 15 323 185 14 56 186 15 313 187 16 48 188 17 314 189 18 48 188 17 313 187 16 48 188 17 314 189 18 52 190 19 315 191 20 52 190 19 314 189 18 52 190 19 315 191 20 61 192 21 329 194 24 246 193 23 328 22 22 246 193 23 329 194 24 248 195 25 330 196 26 248 195 25 329 194 24 248 195 25 330 196 26 250 197 27 331 198 28 250 197 27 330 196 26 250 197 27 331 198 28 252 199 29 332 200 30 252 199 29 331 198 28 252 199 29 332 200 30 254 201 31 333 202 32 254 201 31 332 200 30 254 201 31 333 202 32 256 203 33 334 204 34 256 203 33 333 202 32 256 203 33 334 204 34 258 205 35 325 206 36 258 205 35 334 204 34 258 205 35 325 206 36 260 207 37 324 208 38 260 207 37 325 206 36 260 207 37 324 208 38 241 209 39 326 210 40 241 209 39 324 208 38 241 209 39 326 210 40 240 211 41 327 42 42 240 211 41 326 210 40 240 211 41 327 42 42 245 43 43 263 214 46 243 213 45 265 212 44 243 213 45 263 214 46 239 215 47 261 216 48 239 215 47 263 214 46 239 215 47 261 216 48 242 217 49 280 50 50 242 217 49 261 216 48 242 217 49 280 50 50 259 218 51 278 219 52 259 218 51 280 50 50 259 218 51 278 219 52 257 220 53 276 221 54 257 220 53 278 219 52 257 220 53 276 221 54 255 222 55 274 223 56 255 222 55 276 221 54 255 222 55 274 223 56 253 224 57 272 225 58 253 224 57 274 223 56 253 224 57 272 225 58 251 226 59 270 227 60 251 226 59 272 225 58 251 226 59 270 227 60 249 228 61 268 229 62 249 228 61 270 227 60 249 228 61 268 229 62 247 230 63 266 231 64 247 230 63 268 229 62 247 230 63 266 231 64 244 232 65 248 195 25 244 232 65 246 193 23 244 232 65 248 195 25 247 230 63 250 197 27 247 230 63 248 195 25 247 230 63 250 197 27 249 228 61 252 199 29 249 228 61 250 197 27 249 228 61 252 199 29 251 226 59 254 201 31 251 226 59 252 199 29 251 226 59 254 201 31 253 224 57 256 203 33 253 224 57 254 201 31 253 224 57 256 203 33 255 222 55 258 205 35 255 222 55 256 203 33 255 222 55 258 205 35 257 220 53 260 207 37 257 220 53 258 205 35 257 220 53 260 207 37 259 218 51 241 209 39 259 218 51 260 207 37 259 218 51 241 209 39 242 217 49 240 211 41 242 217 49 241 209 39 242 217 49 240 211 41 239 215 47 245 43 43 239 215 47 240 211 41 239 215 47 245 43 43 243 213 45 55 235 68 43 234 67 85 233 66 43 234 67 55 235 68 45 236 69 47 237 70 45 236 69 55 235 68 45 236 69 47 237 70 29 238 71 51 239 72 29 238 71 47 237 70 29 238 71 51 239 72 27 240 73 60 241 74 27 240 73 51 239 72 27 240 73 60 241 74 31 242 75 65 243 72 31 242 75 60 241 74 31 242 75 65 243 72 33 244 73 69 245 70 33 244 73 65 243 72 33 244 73 69 245 70 35 246 71 73 247 68 35 246 71 69 245 70 35 246 71 73 247 68 37 248 69 77 249 66 37 248 69 73 247 68 37 248 69 77 249 66 39 250 67 81 84 76 39 250 67 77 249 66 39 250 67 81 84 76 41 251 77 85 233 66 41 251 77 81 84 76 41 251 77 85 233 66 43 234 67 9 253 79 45 236 69 338 252 78 45 236 69 9 253 79 43 234 67 4 254 80 43 234 67 9 253 79 43 234 67 4 254 80 41 251 77 359 255 81 41 251 77 4 254 80 41 251 77 359 255 81 39 250 67 356 256 80 39 250 67 359 255 81 39 250 67 356 256 80 37 248 69 353 257 79 37 248 69 356 256 80 37 248 69 353 257 79 35 246 71 350 258 78 35 246 71 353 257 79 35 246 71 350 258 78 33 244 73 347 259 82 33 244 73 350 258 78 33 244 73 347 259 82 31 242 75 343 260 83 31 242 75 347 259 82 31 242 75 343 260 83 27 240 73 336 261 82 27 240 73 343 260 83 27 240 73 336 261 82 29 238 71 338 252 78 29 238 71 336 261 82 29 238 71 338 252 78 45 236 69 311 264 86 291 263 85 292 262 84 291 263 85 311 264 86 290 265 87 309 266 88 290 265 87 311 264 86 290 265 87 309 266 88 289 267 89 307 102 90 289 267 89 309 266 88 289 267 89 307 102 90 288 268 87 305 104 88 288 268 87 307 102 90 288 268 87 305 104 88 287 269 85 303 270 86 287 269 85 305 104 88 287 269 85 303 270 86 286 271 91 301 272 84 286 271 91 303 270 86 286 271 91 301 272 84 285 273 92 299 274 93 285 273 92 301 272 84 285 273 92 299 274 93 284 275 94 296 276 95 284 275 94 299 274 93 284 275 94 296 276 95 283 113 92 294 277 93 283 113 92 296 276 95 283 113 92 294 277 93 282 278 91 292 262 84 282 278 91 294 277 93 282 278 91 292 262 84 291 263 85 291 263 85 262 279 96 282 278 91 262 279 96 291 263 85 281 280 97 290 265 87 281 280 97 291 263 85 281 280 97 290 265 87 279 281 98 289 267 89 279 281 98 290 265 87 279 281 98 289 267 89 277 282 99 288 268 87 277 282 99 289 267 89 277 282 99 288 268 87 275 283 98 287 269 85 275 283 98 288 268 87 275 283 98 287 269 85 273 284 97 286 271 91 273 284 97 287 269 85 273 284 97 286 271 91 271 285 96 285 273 92 271 285 96 286 271 91 271 285 96 285 273 92 269 286 100 284 275 94 269 286 100 285 273 92 269 286 100 284 275 94 267 287 101 283 113 92 267 287 101 284 275 94 267 287 101 283 113 92 264 288 100 282 278 91 264 288 100 283 113 92 264 288 100 282 278 91 262 279 96 15 126 104 103 126 103 106 126 102 103 126 103 15 126 104 18 126 105 24 126 106 18 126 105 15 126 104 18 126 105 24 126 106 21 126 107 100 126 105 21 126 107 24 126 106 345 291 110 99 290 109 96 289 108 99 290 109 345 291 110 348 292 111 342 293 112 348 292 111 345 291 110 348 292 111 342 293 112 346 294 113 348 292 111 22 295 114 99 290 109 22 295 114 348 292 111 351 296 115 346 294 113 351 296 115 348 292 111 351 296 115 346 294 113 349 297 116 351 296 115 19 136 117 22 295 114 19 136 117 351 296 115 354 298 118 349 297 116 354 298 118 351 296 115 354 298 118 349 297 116 352 299 119 354 298 118 102 139 120 19 136 117 102 139 120 354 298 118 357 140 121 352 299 119 357 140 121 354 298 118 357 140 121 352 299 119 355 141 122 357 140 121 105 142 123 102 139 120 105 142 123 357 140 121 1 143 124 355 141 122 1 143 124 357 140 121 1 143 124 355 141 122 358 144 125 1 143 124 16 145 126 105 142 123 16 145 126 1 143 124 6 146 127 358 144 125 6 146 127 1 143 124 6 146 127 358 144 125 3 147 128 6 146 127 25 148 129 16 145 126 25 148 129 6 146 127 12 149 130 3 147 128 12 149 130 6 146 127 12 149 130 3 147 128 8 150 131 12 149 130 89 300 132 25 148 129 89 300 132 12 149 130 339 301 133 8 150 131 339 301 133 12 149 130 339 301 133 8 150 131 337 302 134 339 301 133 92 303 135 89 300 132 92 303 135 339 301 133 340 304 136 337 302 134 340 304 136 339 301 133 340 304 136 337 302 134 335 305 137 340 304 136 95 306 138 92 303 135 95 306 138 340 304 136 344 307 139 335 305 137 344 307 139 340 304 136 344 307 139 335 305 137 341 159 140 100 126 105 93 126 142 97 126 141 93 126 142 100 126 105 90 126 104 24 126 106 90 126 104 100 126 105 298 308 143 317 173 2 316 171 0 317 173 2 298 308 143 300 309 144 300 309 144 318 175 4 317 173 2 318 175 4 300 309 144 302 310 145 302 310 145 319 177 6 318 175 4 319 177 6 302 310 145 304 311 146 304 311 146 320 179 8 319 177 6 320 179 8 304 311 146 306 312 147 306 312 147 321 181 10 320 179 8 321 181 10 306 312 147 308 313 148 308 313 148 322 183 12 321 181 10 322 183 12 308 313 148 310 314 149 310 314 149 323 185 14 322 183 12 323 185 14 310 314 149 312 315 150 312 315 150 313 187 16 323 185 14 313 187 16 312 315 150 293 316 151 315 191 20 295 318 153 297 317 152 295 318 153 315 191 20 314 189 18 293 316 151 314 189 18 313 187 16 314 189 18 293 316 151 295 318 153</p>
                </triangles>
            </mesh>
        </geometry>
        <geometry id="ID169">
            <mesh>
                <source id="ID170">
                    <float_array id="ID171" count="417">373.938 637.938 -266.625 326.531 637.938 -326.281 -266.625 637.938 -373.938 -326.281 637.938 -326.531 -96.25 637.938 -454.281 -187.813 637.938 -420.406 266.938 637.938 -373.719 188.125 637.938 -420.25 420.406 637.938 -187.813 0.1875 637.938 -467.906 326.281 637.938 326.531 373.719 637.938 266.938 -326.531 637.938 326.281 -266.938 637.938 373.719 187.813 637.938 420.406 266.625 637.938 373.938 420.25 637.938 188.156 -188.125 637.938 420.25 -96.625 637.938 454.219 -0.1875 637.938 467.906 -0.1875 637.938 467.906 -373.719 637.938 -266.938 -424.594 637.938 -174.5 -373.938 637.938 266.625 -406.219 637.938 -168.563 -405.406 637.938 173.344 -423.688 637.938 177.125 454.281 637.938 -96.25 96.625 637.938 -454.219 467.906 637.938 0.1875 454.219 637.938 96.625 96.25 637.938 454.281 -93.75 791.063 -296.344 0.09375 798.813 -302.375 0.0625 849.938 -204.125 -96 841.094 -199.406 296.344 791.063 -93.75 302.375 798.813 0.09375 204.125 849.938 0.0625 199.406 841.094 -96 386.438 720.469 -94.25 370.156 702.156 -184.313 -266.375 736.563 -266.563 -263.531 676.031 -346.656 -184.313 702.156 -370.156 -184.781 769.094 -283.844 -98.375 871 -98.4375 -101.906 880.688 -0.03125 -101.906 880.688 -0.03125 -204.125 849.938 -0.0625 -204.125 849.938 -0.0625 -199.344 841.094 -96.1563 266.563 736.563 -266.375 346.656 676.031 -263.531 283.844 769.094 -184.781 94 791.063 -296.25 94.5625 720.469 -386.344 184.625 702.156 -370.031 185.031 769.094 -283.688 98.4375 871 -98.375 0.03125 880.688 -101.906 96.1563 841.094 -199.344 -94.25 720.469 -386.438 0.15625 727.813 -392.781 -191.781 814.281 -191.938 392.781 727.813 0.15625 191.938 814.281 -191.781 322.125 649.125 -321.844 -346.438 676.031 -263.813 -321.844 649.125 -322.125 -283.688 769.094 -185.031 0 891.469 -0 263.813 676.031 -346.438 101.906 880.688 0.03125 -0.0625 849.938 204.125 -0.0625 849.938 204.125 -0.09375 798.813 302.375 -0.09375 798.813 302.375 -94 791.063 296.25 -96.1563 841.094 199.344 296.25 791.063 94 199.344 841.094 96.1563 370.031 702.156 184.625 386.344 720.469 94.5625 -184.625 702.156 370.031 -263.813 676.031 346.438 -266.594 736.563 266.375 -185.031 769.094 283.688 -98.4375 871 98.375 -199.406 841.094 96 -94.5625 720.469 386.344 346.438 676.031 263.813 266.375 736.563 266.563 283.688 769.094 185.031 184.313 702.156 370.156 94.25 720.469 386.438 93.75 791.063 296.344 184.781 769.094 283.844 -0.03125 880.688 101.906 -0.03125 880.688 101.906 98.375 871 98.4375 96 841.094 199.406 -0.15625 727.813 392.781 -0.15625 727.813 392.781 -191.938 814.281 191.781 191.781 814.281 191.938 321.844 649.125 322.125 -322.125 649.125 321.844 -346.656 676.031 263.531 -325.938 735 187.031 -283.844 769.094 184.781 -237.5 825.344 62.0313 -233.625 834.594 -0 -233.625 834.594 -0 -255.594 804.625 117.781 263.531 676.031 346.656 -237.656 825.531 -59.7188 -289 773.813 159.563 -412.031 650.313 185.656 -289.406 774.281 -157.25 -326.688 735.813 -184.594 -373.563 695.188 -191.656 -256.031 805.156 -115.469 -372.406 694 195.219 -363.594 683.813 185.563 -319.719 722.531 177.844 -236.188 807.906 59.75 -232.531 816.625 1.1875 -232.531 816.625 1.1875 -253.281 788.344 112.406 -284.844 759.219 151.906 -412.375 650.844 -183.406 -364.719 684.938 -179.875 -401.375 643.063 -172.094 -236.313 808.063 -55.25 -253.688 788.813 -107.906 -401.031 642.563 176.531 -285.188 759.688 -147.375 -320.438 723.344 -173.219</float_array>
                    <technique_common>
                        <accessor count="139" source="#ID171" stride="3">
                            <param name="X" type="float"/>
                            <param name="Y" type="float"/>
                            <param name="Z" type="float"/>
                        </accessor>
                    </technique_common>
                </source>
                <source id="ID172">
                    <float_array id="ID173" count="420">-0.223338 0.687315 0.691171 -0.514356 0.760285 0.396742 -0.323736 0.602569 0.729456 -0.686925 0.7014 0.19019 -0.697096 0.684536 0.213231 -0.725812 0.519169 -0.451287 -0.615622 0.624712 -0.480359 -0.641808 0.499647 -0.581752 -0.580078 0.543733 -0.606518 -0.498413 0.520574 -0.693244 -0.462776 0.637575 -0.615903 -0.368518 0.577778 -0.728263 -0.32358 0.661249 -0.676791 -0.215742 0.618945 -0.755223 -0.173221 0.716888 -0.675327 0.00030559 0.639028 -0.769184 0.000342194 0.717804 -0.696246 0.18658 0.703529 -0.685737 0.000225675 0.84078 -0.541376 0.186472 0.826056 -0.531845 0.190588 0.909421 -0.369635 0.342091 0.791023 -0.507204 0.357448 0.86296 -0.357116 0.507502 0.791007 -0.341687 0.369767 0.909425 -0.190313 0.53194 0.826085 -0.186073 0.541376 0.840781 0.000225674 0.675327 0.716888 -0.173221 0.696246 0.717804 0.00034219 0.769184 0.639028 0.000305586 0.68573 0.703538 0.18657 0.75558 0.626205 0.192266 0.733015 0.588417 0.341255 -0.153077 0.654861 -0.740084 -0.245538 0.572455 -0.782309 -0.472455 0.756717 -0.451847 -0.708759 0.701783 -0.0718389 -0.727002 0.505195 0.465022 -0.629174 0.616711 0.473082 -0.61016 0.506118 0.609549 -0.59102 0.54965 0.590407 -0.47221 0.619148 0.627434 -0.496076 0.733846 0.46409 -0.733298 0.634463 -0.244399 -0.491451 0.795691 0.35405 -0.734486 0.667533 -0.122189 -0.388213 0.862058 0.325801 -0.815534 0.555315 -0.162876 -0.376365 0.909493 0.176555 -0.94742 0.303334 -0.101898 -0.746062 0.663787 0.0527072 -0.995264 -0.0654206 -0.0719027 0.755223 0.618945 -0.215742 0.676791 0.661249 -0.32358 0.728263 0.577778 -0.368518 0.615903 0.637575 -0.462776 0.693244 0.520574 -0.498413 0.606518 0.543733 -0.580078 0.581752 0.499647 -0.641808 0.478444 0.625438 -0.616376 0.45035 0.55149 -0.70217 0.351864 0.649149 -0.674386 0.317591 0.599254 -0.734868 0.19231 0.626201 -0.755572 -0.995619 -0.0556367 0.0751464 -0.980547 -0.0249006 0.194697 -0.869195 0.494183 -0.0168133 -0.862931 0.503778 0.0394652 -0.376027 0.909749 -0.175955 -0.85172 0.49276 0.178215 -0.388028 0.861981 -0.326226 -0.753884 0.620565 0.215771 -0.489846 0.796531 -0.354386 -0.697613 0.70663 0.118365 -0.495725 0.733822 -0.464502 0.531845 0.826056 0.186472 0.369635 0.909421 0.190588 0.507204 0.791023 0.342091 0.357116 0.86296 0.357448 0.341687 0.791007 0.507502 0.190313 0.909425 0.369767 0.186073 0.826085 0.53194 0.103532 0.83625 0.538486 0.186084 0.703498 0.685903 0.102086 0.714025 0.692638 0.104623 0.635453 0.765018 -0.104663 0.988992 0.104599 -0.10337 0.975333 0.195038 -0.195108 0.975331 0.103256 -0.193766 0.961752 0.193619 -0.190588 0.909421 0.369635 -0.342057 0.791038 0.507205 -0.468658 0.461472 0.753262 -0.652077 0.305693 0.693792 -0.790045 0.17049 0.588864 -0.896313 0.0737829 0.43724 -0.335193 0.672118 0.660229 -0.341237 0.588369 0.733062 -0.186581 0.703529 0.685737 -0.19231 0.626201 0.755572 -0.105231 0.635547 0.764857 0.694626 0.536754 0.478946 0.609549 0.506118 0.61016 0.627385 0.619181 0.472232 0.590407 0.54965 0.59102 0.471684 0.619146 0.627832 0.478434 0.536637 0.695069 0.340679 0.588457 0.73325 0.33469 0.672209 0.660391 -0.186073 0.826085 -0.53194 -0.341687 0.791007 -0.507502 -0.190313 0.909425 -0.369767 0.193766 0.961752 -0.193619 5.74207e-005 0.980579 -0.196123 0.196123 0.980579 5.74207e-005 0.0352323 0.998759 -0.0352107 0.193619 0.961752 0.193766 0.103256 0.975331 0.195108 -0.195038 0.975333 -0.10337 -0.193619 0.961752 -0.193766 0.660183 0.672163 0.335194 -0.186472 0.826056 0.531845 -0.103981 0.836235 0.538422 0.000104107 0.926424 -0.376483 -0.754091 0.123746 -0.645007 -0.587338 0.269413 -0.763184 -0.42168 0.404295 -0.811623 0.478789 0.73613 -0.478409 0.376483 0.926424 0.000104107 -0.618953 0.668076 -0.413004 0.478409 0.73613 0.478789 -0.103435 0.921466 0.374436 0.103228 0.921463 0.374499 -0.979265 -0.0479588 -0.196824 -0.910945 0.00670519 -0.412473 0.191679 0.626013 0.755888 -0.374312 0.921539 0.103226 -0.102767 0.714032 0.692529 -0.47888 0.536772 0.694658 -0.374457 0.921457 -0.103436</float_array>
                    <technique_common>
                        <accessor count="140" source="#ID173" stride="3">
                            <param name="X" type="float"/>
                            <param name="Y" type="float"/>
                            <param name="Z" type="float"/>
                        </accessor>
                    </technique_common>
                </source>
                <source id="ID174">
                    <float_array id="ID175" count="246">0.358398 0.140625 0.371094 0.101563 0.366211 0.151367 0.389648 0.12793 0.407227 0.209961 0.567383 0.208984 0.560547 0.267578 0.693359 0.30957 0.683594 0.319336 0.793945 0.436523 0.736328 0.443359 0.892578 0.603516 0.786133 0.610352 0.963867 0.796875 0.820313 0.801758 0.993164 0.995117 0.833984 0.995117 0.820313 0.800781 0.642578 0.995117 0.629883 0.801758 0.423828 0.796875 0.602539 0.609375 0.408203 0.594727 0.393555 0.399414 0.205078 0.578125 0.200195 0.373047 0.00292969 0.360352 0.201172 0.181641 0.00292969 0.167969 0.00292969 0.00878906 0.202148 0.181641 0.207031 0.0380859 0.400391 0.110352 0.370117 0.140625 0.376953 0.149414 0.37793 0.101563 0.396484 0.125977 0.567383 0.207031 0.561523 0.264648 0.694336 0.307617 0.68457 0.317383 0.736328 0.44043 0.567383 0.43457 0.398438 0.308594 0.394531 0.398438 0.34082 0.386719 0.40918 0.592773 0.251953 0.458008 0.206055 0.577148 0.133789 0.496094 0.00292969 0.503906 0.00292969 0.506836 0.206055 0.0380859 0.392578 0.216797 0.560547 0.266602 0.683594 0.318359 0.736328 0.442383 0.793945 0.435547 0.892578 0.602539 0.00292969 0.508789 0.118164 0.500977 0.12793 0.498047 0.205078 0.579102 0.246094 0.458984 0.334961 0.388672 0.393555 0.400391 0.392578 0.30957 0.566406 0.436523 0.201172 0.373047 0.206055 0.578125 0.394531 0.399414 0.40918 0.594727 0.603516 0.609375 0.424805 0.796875 0.630859 0.801758 0.643555 0.995117 0.821289 0.800781 0.834961 0.995117 0.994141 0.995117 0.00292969 0.995117 0.217773 0.995117 0.00292969 0.783203 0.210938 0.791016 0.424805 0.795898 0.603516 0.607422 0.382813 0.228516 0.368164 0.322266 0.313477 0.397461 0.230469 0.463867 0.786133 0.608398 0.893555 0.601563 0.821289 0.799805 0.964844 0.794922 0.694336 0.30957 0.561523 0.266602 0.68457 0.318359 0.737305 0.442383 0.794922 0.435547 0.893555 0.602539 0.787109 0.610352 0.629883 0.802734 0.423828 0.797852 0.209961 0.791992 0.00292969 0.785156 0.210938 0.791992 0.21875 0.995117 0.00292969 0.786133 0.209961 0.792969 0.393555 0.216797 0.629883 0.800781 0.43457 0.995117 0.324219 0.395508 0.379883 0.322266 0.395508 0.229492 0.00292969 0.568359 0.416016 0.209961 0.567383 0.436523 0.128906 0.499023 0.240234 0.462891 0.964844 0.796875 0.00292969 0.566406 0.794922 0.433594 0.00292969 0.569336</float_array>
                    <technique_common>
                        <accessor count="123" source="#ID175" stride="2">
                            <param name="S" type="float"/>
                            <param name="T" type="float"/>
                        </accessor>
                    </technique_common>
                </source>
                <vertices id="ID176">
                    <input semantic="POSITION" source="#ID170"/>
                </vertices>
                <triangles count="214" material="Material1">
                    <input offset="0" semantic="VERTEX" source="#ID176"/>
                    <input offset="1" semantic="NORMAL" source="#ID172"/>
                    <input offset="2" semantic="TEXCOORD" source="#ID174" set="0"/>
                    <p>133 2 2 22 1 1 24 0 0 22 1 1 133 2 2 131 3 3 121 4 4 131 3 3 133 2 2 131 3 3 121 4 4 21 5 5 68 6 6 21 5 5 121 4 4 21 5 5 68 6 6 3 7 7 69 8 8 3 7 7 68 6 6 3 7 7 69 8 8 2 9 9 43 10 10 2 9 9 69 8 8 2 9 9 43 10 10 5 11 11 44 12 12 5 11 11 43 10 10 5 11 11 44 12 12 4 13 13 62 14 14 4 13 13 44 12 12 4 13 13 62 14 14 9 15 15 63 16 16 9 15 15 62 14 14 9 15 15 63 16 16 56 17 17 33 18 18 56 17 17 63 16 16 56 17 17 33 18 18 55 19 19 61 20 20 55 19 19 33 18 18 55 19 19 61 20 20 58 21 21 66 22 22 58 21 21 61 20 20 58 21 21 66 22 22 54 23 23 39 24 24 54 23 23 66 22 22 54 23 23 39 24 24 36 25 25 37 26 26 36 25 25 39 24 24 36 25 25 37 26 26 40 27 27 65 28 28 40 27 27 37 26 26 40 27 27 65 28 28 29 29 29 83 30 30 29 29 29 65 28 28 29 29 29 83 30 30 30 31 31 16 32 32 30 31 31 83 30 30 26 35 35 136 34 34 25 33 33 136 34 34 26 35 35 118 36 36 23 37 37 118 36 36 26 35 35 118 36 36 23 37 37 108 38 38 12 39 39 108 38 38 23 37 37 108 38 38 12 39 39 107 40 40 85 41 41 107 40 40 12 39 39 107 40 40 85 41 41 108 38 38 86 42 42 108 38 38 85 41 41 108 38 38 86 42 42 109 43 43 110 44 44 109 43 43 86 42 42 109 43 43 110 44 44 117 45 45 104 46 46 117 45 45 110 44 44 117 45 45 104 46 46 114 47 47 89 48 48 114 47 47 104 46 46 114 47 47 89 48 48 111 49 49 112 50 50 111 49 49 89 48 48 111 49 49 112 50 50 127 51 51 27 52 52 40 27 27 29 29 29 40 27 27 27 52 52 41 53 53 8 54 32 41 53 53 27 52 52 41 53 53 8 54 32 53 55 54 0 56 5 53 55 54 8 54 32 53 55 54 0 56 5 67 57 55 1 58 7 67 57 55 0 56 5 67 57 55 1 58 7 72 59 56 6 60 57 72 59 56 1 58 7 72 59 56 6 60 57 57 61 12 7 62 58 57 61 12 6 60 57 57 61 12 7 62 58 56 17 17 28 63 13 56 17 17 7 62 58 56 17 17 28 63 13 9 15 15 113 66 51 134 65 60 128 64 59 134 65 60 113 66 51 116 67 61 51 68 62 116 67 61 113 66 51 116 67 61 51 68 62 122 69 63 64 70 22 122 69 63 51 68 62 122 69 63 64 70 22 119 71 64 70 72 65 119 71 64 64 70 22 119 71 64 70 72 65 120 73 66 42 74 67 120 73 66 70 72 65 120 73 66 42 74 67 68 6 6 43 10 10 68 6 6 42 74 67 68 6 6 43 10 10 69 8 8 37 26 26 83 30 30 65 28 28 83 30 30 37 26 26 80 75 68 81 76 69 80 75 68 37 26 26 80 75 68 81 76 69 93 77 70 105 78 71 93 77 70 81 76 69 93 77 70 105 78 71 97 79 72 101 80 73 97 79 72 105 78 71 97 79 72 101 80 73 96 81 74 76 82 75 96 81 74 101 80 73 96 81 74 76 82 75 95 83 76 103 84 77 95 83 76 76 82 75 95 83 76 103 84 77 19 85 78 47 88 81 99 87 80 71 86 79 99 87 80 47 88 81 88 89 82 89 48 48 88 89 82 47 88 81 88 89 82 89 48 48 79 90 83 104 46 46 79 90 83 89 48 48 79 90 83 104 46 46 87 91 84 110 44 44 87 91 84 104 46 46 87 91 84 110 44 44 86 42 42 138 93 86 120 73 66 132 92 85 120 73 66 138 93 86 119 71 64 137 94 87 119 71 64 138 93 86 119 71 64 137 94 87 122 69 63 135 95 88 122 69 63 137 94 87 122 69 63 135 95 88 134 65 60 85 41 41 87 91 84 86 42 42 87 91 84 85 41 41 84 96 89 17 97 90 84 96 89 85 41 41 84 96 89 17 97 90 90 98 91 18 99 92 90 98 91 17 97 90 90 98 91 18 99 92 20 100 78 91 103 94 10 102 93 11 101 5 10 102 93 91 103 94 106 104 95 115 105 96 106 104 95 91 103 94 106 104 95 115 105 96 10 102 93 15 106 97 10 102 93 115 105 96 115 105 96 14 107 98 15 106 97 14 107 98 115 105 96 94 108 99 97 79 72 94 108 99 115 105 96 94 108 99 97 79 72 95 83 76 96 81 74 95 83 76 97 79 72 62 14 14 33 18 18 63 16 16 33 18 18 62 14 14 32 109 100 45 110 21 32 109 100 62 14 14 32 109 100 45 110 21 35 111 101 64 70 22 35 111 101 45 110 21 61 20 20 39 24 24 66 22 22 39 24 24 61 20 20 59 112 102 60 113 80 59 112 102 61 20 20 59 112 102 60 113 80 73 114 103 71 115 79 73 114 103 60 113 80 81 76 69 101 80 73 105 78 71 101 80 73 81 76 69 100 116 104 73 114 103 100 116 104 81 76 69 100 116 104 73 114 103 98 117 105 71 115 79 98 117 105 73 114 103 60 113 80 48 118 106 71 115 79 48 118 106 60 113 80 46 119 107 35 111 101 46 119 107 60 113 80 46 119 107 35 111 101 51 68 62 64 70 22 51 68 62 35 111 101 93 77 70 83 30 30 80 75 68 83 30 30 93 77 70 82 120 108 91 103 94 82 120 108 93 77 70 82 120 108 91 103 94 16 32 32 11 101 5 16 32 32 91 103 94 90 98 91 87 91 84 84 96 89 87 91 84 90 98 91 78 121 109 77 122 75 78 121 109 90 98 91 78 121 109 77 122 75 79 90 83 35 111 101 33 18 18 32 109 100 33 18 18 35 111 101 34 123 110 60 113 80 34 123 110 35 111 101 34 123 110 60 113 80 61 20 20 130 124 111 117 45 45 114 47 47 117 45 45 130 124 111 109 43 43 125 125 112 109 43 43 130 124 111 109 43 43 125 125 112 124 126 113 72 59 56 53 55 54 67 57 55 53 55 54 72 59 56 52 127 67 58 21 21 52 127 67 72 59 56 52 127 67 58 21 21 54 23 23 73 114 103 39 24 24 59 112 102 39 24 24 73 114 103 38 128 114 81 76 69 38 128 114 73 114 103 38 128 114 81 76 69 37 26 26 123 129 115 108 38 38 109 43 43 108 38 38 123 129 115 118 36 36 136 34 34 118 36 36 123 129 115 121 4 4 120 73 66 68 6 6 120 73 66 121 4 4 132 92 85 133 2 2 132 92 85 121 4 4 92 130 116 93 77 70 97 79 72 93 77 70 92 130 116 91 103 94 115 105 96 91 103 94 92 130 116 79 90 83 99 87 80 88 89 82 99 87 80 79 90 83 75 131 110 77 122 75 75 131 110 79 90 83 101 80 73 74 132 110 76 82 75 74 132 110 101 80 73 98 117 105 100 116 104 98 117 105 101 80 73 45 110 21 70 72 65 64 70 22 70 72 65 45 110 21 42 74 67 43 10 10 42 74 67 45 110 21 126 133 117 111 49 49 127 51 51 111 49 49 126 133 117 129 134 118 31 135 119 95 83 76 19 85 78 95 83 76 31 135 119 14 107 98 89 48 48 49 136 120 112 50 50 49 136 120 89 48 48 47 88 81 102 137 77 90 98 91 20 100 78 90 98 91 102 137 77 77 122 75 13 138 121 85 41 41 12 39 39 85 41 41 13 138 121 17 97 90 57 61 12 58 21 21 72 59 56 58 21 21 57 61 12 56 17 17 40 27 27 54 23 23 36 25 25 54 23 23 40 27 27 41 53 53 50 139 122 51 68 62 113 66 51 51 68 62 50 139 122 48 118 106 44 12 12 45 110 21 62 14 14 45 110 21 44 12 12 43 10 10 53 55 54 54 23 23 41 53 53 54 23 23 53 55 54 52 127 67 129 134 118 114 47 47 111 49 49 114 47 47 129 134 118 130 124 111 123 129 115 124 126 113 136 34 34 124 126 113 123 129 115 109 43 43 22 1 1 131 3 3 21 5 5 122 69 63 134 65 60 116 67 61 95 83 76 14 107 98 94 108 99 58 21 21 56 17 17 55 19 19 51 68 62 48 118 106 46 119 107 39 24 24 38 128 114 37 26 26 33 18 18 34 123 110 61 20 20 87 91 84 78 121 109 79 90 83 16 32 32 83 30 30 82 120 108 115 105 96 92 130 116 97 79 72</p>
                </triangles>
            </mesh>
        </geometry>
        <geometry id="ID178">
            <mesh>
                <source id="ID179">
                    <float_array id="ID180" count="240">-503.125 525.594 92.75 373.938 637.938 -266.625 326.531 637.938 -326.281 -266.625 637.938 -373.938 -326.281 637.938 -326.531 -96.25 637.938 -454.281 -187.813 637.938 -420.406 266.938 637.938 -373.719 188.125 637.938 -420.25 420.406 637.938 -187.813 0.1875 637.938 -467.906 326.281 637.938 326.531 373.719 637.938 266.938 -326.531 637.938 326.281 -266.938 637.938 373.719 187.813 637.938 420.406 266.625 637.938 373.938 -476.563 576.594 115.813 -450.5 609.469 157.531 420.25 637.938 188.156 -188.125 637.938 420.25 -96.625 637.938 454.219 -0.1875 637.938 467.906 -373.719 637.938 -266.938 -424.594 637.938 -174.5 -450.969 610.094 -155.281 -502.281 551.625 -0 -502.281 551.625 -0 -494.094 556.125 60.6875 -373.938 637.938 266.625 -477.031 577.219 -113.625 -437.813 604.563 -145.531 -462.469 573.5 -106.188 -462.031 572.906 110.563 -437.375 603.969 149.969 -478.563 553.563 58.5 -494.25 556.313 -58.5313 -478.688 553.781 -54.125 -486.313 549.344 1.125 -486.313 549.344 1.125 -406.219 637.938 -168.563 -405.406 637.938 173.344 -423.688 637.938 177.125 454.281 637.938 -96.25 96.625 637.938 -454.219 467.906 637.938 0.1875 454.219 637.938 96.625 96.25 637.938 454.281 99.3125 525.594 -502.438 0.1875 525.594 -512.75 502.5 525.594 -98.9063 512.75 525.594 0.1875 -98.9063 525.594 -502.5 -427.469 525.594 -283.531 -362.906 525.594 -363.219 283.531 525.594 -427.469 363.219 525.594 -362.906 473.219 525.594 -195.563 427.688 525.594 -283.188 -195.563 525.594 -473.219 -283.188 525.594 -427.688 -473.063 525.594 -195.969 195.969 525.594 -473.063 -0.1875 525.594 512.75 98.9063 525.594 502.5 502.438 525.594 99.3125 -99.3125 525.594 502.438 -427.688 525.594 283.188 -363.219 525.594 362.906 283.188 525.594 427.688 362.906 525.594 363.219 473.063 525.594 195.969 427.469 525.594 283.531 -195.969 525.594 473.063 -283.531 525.594 427.469 -473.219 525.594 195.563 195.563 525.594 473.219 -501.938 525.594 -100.938 -512.75 525.594 -0.1875 -512.75 525.594 -0.1875</float_array>
                    <technique_common>
                        <accessor count="80" source="#ID180" stride="3">
                            <param name="X" type="float"/>
                            <param name="Y" type="float"/>
                            <param name="Z" type="float"/>
                        </accessor>
                    </technique_common>
                </source>
                <source id="ID181">
                    <float_array id="ID182" count="240">0.505204 0.422055 0.752754 0.641782 0.418984 0.642315 0.641055 0.42117 0.641611 0.73137 0.426171 0.532424 0.76494 0.42429 0.484608 0.813034 0.424047 0.398947 0.849606 0.406602 0.335922 0.884189 0.401649 0.238512 0.908529 0.383841 0.16505 0.924711 0.379326 0.0319648 0.924418 0.378944 -0.0430396 0.905596 0.38271 -0.182836 0.887049 0.40195 -0.227114 0.832767 0.414829 -0.366629 0.84085 0.418925 -0.342743 0.752449 0.423127 -0.504761 -0.753982 0.426937 0.499235 -0.642315 0.418984 0.641782 -0.641611 0.42117 0.641055 -0.53238 0.426178 0.731398 -0.484555 0.424328 0.764952 -0.398919 0.424103 0.813019 -0.335944 0.406656 0.849572 -0.238541 0.401672 0.884171 -0.16505 0.383841 0.908529 -0.000283159 0.383886 0.92338 -0.000275095 0.370722 0.928744 0.202886 0.393913 0.896476 0.743488 0.43109 -0.51126 0.663814 0.420729 -0.618335 0.617164 0.420193 -0.665242 0.53238 0.426178 -0.731398 0.484555 0.424328 -0.764952 0.367334 0.414911 -0.832415 0.343446 0.419088 -0.840482 0.203608 0.393943 -0.896299 0.22667 0.388721 -0.893038 0.0319648 0.379326 -0.924711 -0.0430396 0.378944 -0.924418 -0.182836 0.38271 -0.905596 -0.227114 0.40195 -0.887049 -0.366629 0.414829 -0.832767 -0.342743 0.418925 -0.84085 -0.504761 0.423127 -0.752449 0.225882 0.388724 0.893236 0.350992 0.404468 0.844518 0.382008 0.425177 0.820545 0.493994 0.433441 0.753723 -0.15323 0.653991 -0.740821 -0.645206 0.737511 -0.199466 -0.0872108 0.72752 -0.680521 -0.623688 0.752922 -0.210051 -0.575417 0.792291 -0.202905 -0.837073 0.401869 0.371229 -0.910832 0.378541 0.164594 -0.223175 0.687875 0.690667 -0.179836 0.731671 0.657508 -0.513968 0.760569 0.396701 -0.623193 0.766828 0.153638 -0.760051 0.430508 -0.48681 -0.846773 0.39928 -0.351498 -0.75328 0.433463 -0.494651 -0.0443296 0.85627 0.514623 0.0772329 0.956906 0.279938 -0.571301 0.809155 0.137414 -0.380315 0.921027 0.0840784 -0.913756 0.377714 -0.149607 -0.704433 0.708597 -0.0408103 -0.922974 0.371897 -0.0990536 0.147187 0.984793 -0.0922927 0.133243 0.973027 -0.188323 -0.258713 0.965267 -0.036429 -0.51332 0.851153 -0.10973 -0.923205 0.372035 0.0963426 -0.753723 0.433441 0.493994 0.0600334 0.887158 -0.457544 -0.51126 0.43109 -0.743488 -0.618335 0.420729 -0.663814 -0.665242 0.420193 -0.617164 0.133416 0.986257 0.0974581</float_array>
                    <technique_common>
                        <accessor count="80" source="#ID182" stride="3">
                            <param name="X" type="float"/>
                            <param name="Y" type="float"/>
                            <param name="Z" type="float"/>
                        </accessor>
                    </technique_common>
                </source>
                <source id="ID183">
                    <float_array id="ID184" count="160">-19.8691 1 -19.5596 1 -19.5596 0.000976563 -19.251 1 -19.1855 0 -18.8779 1 -18.8252 0.000976563 -18.4834 1 -18.4561 0.000976563 -18.0918 1 -18.0918 0.000976563 -17.7012 1 -17.7275 0.000976563 -17.3057 1 -17.3584 0.000976563 -16.998 0.000976563 -22.8057 1 -22.4961 1 -22.4961 0.000976563 -22.1865 1 -22.1221 0 -21.8145 1 -21.7617 0.000976563 -21.4189 1 -21.3916 0.000976563 -21.0283 1 -21.0283 0.000976563 -20.6641 0.000976563 -16.9336 1 -16.624 1 -16.624 0.000976563 -16.3145 1 -16.25 0.000976563 -15.9424 1 -15.8896 0.000976563 -15.5205 0.000976563 -15.5469 1 -15.1563 1 -15.1563 0.000976563 -14.7646 1 -14.792 0.000976563 -14.3701 1 -14.4229 0.000976563 -14.0625 0.000976563 -20.6367 1 -20.2422 1 -20.2949 0.000976563 -19.9346 0.000976563 -23.208 1 -23.2227 1 -23.3457 0.698242 -23.334 0.74707 -23.5176 0.454102 -23.2305 0.000976563 -23.6221 0.000976563 -12.9551 1 -12.8193 0.703125 -12.9482 1 -12.8389 0.75293 -13.3789 1 -12.9531 0.000976563 -13.3145 0.000976563 -12.6416 0.426758 -12.4297 0.250977 -12.6563 0.459961 -12.4395 0.274414 -12.5908 0 -12.2197 0.232422 -12.2197 0.000976563 -23.959 0.211914 -23.7354 0.249023 -23.9629 0.232422 -23.7344 0.272461 -23.9639 0.000976563 -22.8701 0.000976563 -23.5244 0.421875 -13.998 1 -13.6885 1 -13.6885 0.000976563 -12.2148 0.211914</float_array>
                    <technique_common>
                        <accessor count="80" source="#ID184" stride="2">
                            <param name="S" type="float"/>
                            <param name="T" type="float"/>
                        </accessor>
                    </technique_common>
                </source>
                <vertices id="ID185">
                    <input semantic="POSITION" source="#ID179"/>
                </vertices>
                <triangles count="84" material="Material1">
                    <input offset="0" semantic="VERTEX" source="#ID185"/>
                    <input offset="1" semantic="NORMAL" source="#ID181"/>
                    <input offset="2" semantic="TEXCOORD" source="#ID183" set="0"/>
                    <p>70 2 2 11 1 1 16 0 0 11 1 1 70 2 2 12 3 3 72 4 4 12 3 3 70 2 2 12 3 3 72 4 4 19 5 5 71 6 6 19 5 5 72 4 4 19 5 5 71 6 6 46 7 7 65 8 8 46 7 7 71 6 6 46 7 7 65 8 8 45 9 9 51 10 10 45 9 9 65 8 8 45 9 9 51 10 10 43 11 11 50 12 12 43 11 11 51 10 10 43 11 11 50 12 12 9 13 13 57 14 14 9 13 13 50 12 12 9 13 13 57 14 14 58 15 15 68 18 18 13 17 17 29 16 16 13 17 17 68 18 18 14 19 19 74 20 20 14 19 19 68 18 18 14 19 19 74 20 20 20 21 21 73 22 22 20 21 21 74 20 20 20 21 21 73 22 22 21 23 23 66 24 24 21 23 23 73 22 22 21 23 23 66 24 24 22 25 25 63 26 26 22 25 25 66 24 24 22 25 25 63 26 26 64 27 27 58 15 15 1 28 28 9 13 13 1 28 28 58 15 15 2 29 29 56 30 30 2 29 29 58 15 15 2 29 29 56 30 30 7 31 31 55 32 32 7 31 31 56 30 30 7 31 31 55 32 32 8 33 33 62 34 34 8 33 33 55 32 32 8 33 33 62 34 34 48 35 35 48 35 35 44 36 36 8 33 33 44 36 36 48 35 35 10 37 37 49 38 38 10 37 37 48 35 35 10 37 37 49 38 38 5 39 39 52 40 40 5 39 39 49 38 38 5 39 39 52 40 40 6 41 41 59 42 42 6 41 41 52 40 40 6 41 41 59 42 42 60 43 43 64 27 27 47 44 44 22 25 25 47 44 44 64 27 27 15 45 45 76 46 46 15 45 45 64 27 27 15 45 45 76 46 46 16 0 0 69 47 47 16 0 0 76 46 46 16 0 0 69 47 47 70 2 2 34 50 50 42 49 49 41 48 48 42 49 49 34 50 50 18 51 51 17 52 52 18 51 51 34 50 50 18 51 51 17 52 52 75 53 53 0 54 54 75 53 53 17 52 52 24 57 57 31 56 56 40 55 55 31 56 56 24 57 57 25 58 58 23 59 59 25 58 58 24 57 57 25 58 58 23 59 59 61 60 60 53 61 61 61 60 60 23 59 59 30 64 64 37 63 63 32 62 62 37 63 63 30 64 64 36 65 65 77 66 66 36 65 65 30 64 64 36 65 65 77 66 66 27 67 67 79 68 68 27 67 67 77 66 66 26 71 71 35 70 70 39 69 69 35 70 70 26 71 71 28 72 72 78 73 73 28 72 72 26 71 71 28 72 72 78 73 73 0 54 54 25 58 58 32 62 62 31 56 56 32 62 62 25 58 58 30 64 64 61 60 60 30 64 64 25 58 58 30 64 64 61 60 60 77 66 66 75 53 53 42 49 49 18 51 51 42 49 49 75 53 53 29 16 16 67 74 74 29 16 16 75 53 53 29 16 16 67 74 74 68 18 18 17 52 52 28 72 72 0 54 54 28 72 72 17 52 52 33 75 75 34 50 50 33 75 75 17 52 52 60 43 43 3 76 76 6 41 41 3 76 76 60 43 43 4 77 77 54 78 78 4 77 77 60 43 43 23 59 59 54 78 78 53 61 61 54 78 78 23 59 59 4 77 77 36 65 65 38 79 79 37 63 63 38 79 79 36 65 65 27 67 67 33 75 75 35 70 70 28 72 72</p>
                </triangles>
            </mesh>
        </geometry>
        <geometry id="ID187">
            <mesh>
                <source id="ID188">
                    <float_array id="ID189" count="492">-102.125 463.594 -556.281 -91.9688 425.219 -556.281 -113.813 401.063 -566.125 -116.781 393.313 -556.281 -118.969 395.719 -556.281 -117.938 428.031 -556.281 -113.813 421.375 -566.125 -119.844 425.219 -556.281 -146.656 416.063 -556.281 -142.125 411.219 -566.125 -148.125 411.219 -556.281 -146.656 406.375 -556.281 -30.5938 382.969 -556.281 -30.5938 382.969 -556.281 -18.4688 392.719 -566.125 -32.625 436.719 -556.281 -32.625 436.719 -556.281 -18.4688 429.719 -566.125 -25.4688 378.563 -556.281 -25.4688 378.563 -556.281 -28.1875 441.875 -556.281 -28.1875 441.875 -556.281 -270.156 402.531 -718.813 -277.344 400.125 -718.813 -262.969 400.125 -718.813 -241.031 336.063 -718.813 -241.031 336.063 -699.531 -218.156 347.219 -699.531 -218.156 347.219 -718.813 -251.625 370.219 -718.813 -251.625 370.219 -699.531 -262.969 400.125 -699.531 -270.156 402.531 -699.531 -218.156 361.094 -718.813 -218.156 361.094 -699.531 -214.5 354.156 -699.531 -214.5 354.156 -718.813 -232.219 309.781 -718.813 -232.219 309.781 -699.531 -270.156 317 -718.813 -270.156 317 -699.531 -245.813 302.375 -699.531 -245.813 302.375 -718.813 -237.125 303.594 -718.813 -237.125 303.594 -699.531 -322.188 347.219 -718.813 -322.188 347.219 -699.531 -299.281 336.063 -699.531 -299.281 336.063 -718.813 -277.344 400.125 -699.531 -288.688 370.219 -699.531 -288.688 370.219 -718.813 -322.188 361.094 -699.531 -322.188 361.094 -718.813 -325.813 354.156 -718.813 -325.813 354.156 -699.531 -308.125 309.781 -699.531 -308.125 309.781 -718.813 -294.5 302.375 -718.813 -294.5 302.375 -699.531 -303.188 303.594 -699.531 -303.188 303.594 -718.813 270.156 402.531 -718.813 262.969 400.125 -718.813 277.344 400.125 -718.813 299.281 336.063 -718.813 299.281 336.063 -699.531 322.188 347.219 -699.531 322.188 347.219 -718.844 288.719 370.219 -718.813 288.719 370.219 -699.531 277.344 400.125 -699.531 270.156 402.531 -699.531 322.188 361.094 -718.844 322.188 361.094 -699.531 325.813 354.156 -699.531 325.813 354.156 -718.844 308.125 309.781 -718.844 308.125 309.781 -699.531 270.156 317 -718.813 270.156 317 -699.531 294.531 302.375 -699.531 294.531 302.375 -718.813 303.188 303.594 -718.844 303.188 303.594 -699.531 218.156 347.219 -718.813 218.156 347.219 -699.531 241.031 336.063 -699.531 241.031 336.063 -718.813 262.969 400.125 -699.531 251.625 370.219 -699.531 251.625 370.219 -718.813 218.156 361.094 -699.531 218.156 361.094 -718.813 214.5 354.156 -718.813 214.5 354.156 -699.531 232.219 309.781 -699.531 232.219 309.781 -718.813 245.813 302.375 -718.813 245.813 302.375 -699.531 237.156 303.594 -699.531 237.156 303.594 -718.813 64.7188 411.219 -566.125 66.8438 402.375 -556.281 69.6875 411.219 -566.125 66.8438 420.031 -556.281 95 393.313 -556.281 102.125 358.844 -556.281 105.906 364.656 -566.125 98 401.063 -566.125 105.906 356.969 -556.281 109.656 358.844 -556.281 92.8125 395.719 -556.281 109.656 463.594 -556.281 105.906 465.469 -556.281 105.906 457.781 -566.125 102.125 463.594 -556.281 93.8438 428.031 -556.281 98 421.375 -566.125 91.9688 425.219 -556.281 116.781 393.313 -556.281 113.813 401.063 -566.125 118.969 395.719 -556.281 117.938 428.031 -556.281 113.813 421.375 -566.125 146.656 416.063 -556.281 119.844 425.219 -556.281 142.125 411.219 -566.125 148.125 411.219 -556.281 146.656 406.375 -556.281 30.5938 382.969 -556.281 18.4688 392.719 -566.125 32.625 436.719 -556.281 18.4688 429.719 -566.125 0 312.25 -556.281 8.78125 315.688 -556.281 0 326.313 -566.156 0 326.313 -566.156 8.78125 506.75 -556.281 0 510.188 -556.281 0 496.125 -566.156 0 496.125 -566.156 25.4688 378.563 -556.281 28.1875 441.875 -556.281 -8.78125 315.688 -556.281 -8.78125 315.688 -556.281 -8.78125 506.75 -556.281 -8.78125 506.75 -556.281 -64.7188 411.219 -566.125 -69.6875 411.219 -566.125 -66.8438 402.375 -556.281 -66.8438 420.031 -556.281 -105.906 364.656 -566.125 -102.125 358.844 -556.281 -95 393.313 -556.281 -98 401.063 -566.125 -105.906 356.969 -556.281 -109.656 358.844 -556.281 -92.8125 395.719 -556.281 -105.906 465.469 -556.281 -109.656 463.594 -556.281 -105.906 457.781 -566.125 -98 421.375 -566.125 -93.8438 428.031 -556.281</float_array>
                    <technique_common>
                        <accessor count="164" source="#ID189" stride="3">
                            <param name="X" type="float"/>
                            <param name="Y" type="float"/>
                            <param name="Z" type="float"/>
                        </accessor>
                    </technique_common>
                </source>
                <source id="ID190">
                    <float_array id="ID191" count="510">-0.19596 -0.980612 -0 0.196515 -0.980501 -0 0.312748 -0.949836 -0 0.0829306 -0.996555 -0 -0.377147 -0.926154 -0 -0.605545 -0.795811 -0 -0.937822 -0.347117 -0 -0.99999 0.0045203 -0 -0.993716 -0.111932 -0 -0.776734 -0.629829 -0 -0.786652 0.617396 -0 -0.538838 0.842409 -0 -0.507405 0.861707 -0 -0.730984 0.682394 -0 -0.984917 0.173026 -0 -0.984917 -0.173026 -0 -0.769667 -0.638446 -0 -0.614069 -0.789252 -0 -0.79702 0.603953 -0 -0.572016 0.820242 -0 -0.110906 0.993831 -0 0.110906 0.993831 -0 0.571791 0.820399 -0 0.796634 0.604462 -0 0.786255 0.617902 -0 0.538611 0.842555 -0 -0.31238 -0.949957 -0 -0.0827528 -0.99657 -0 0.377147 -0.926154 -0 0.605545 -0.795811 -0 0.93793 -0.346826 -0 0.999986 0.00527806 -0 0.993794 -0.111234 -0 0.776626 -0.629962 -0 0.508336 0.861159 -0 0.732655 0.6806 -0 0.985168 0.171591 -0 0.985168 -0.171591 -0 0.771095 -0.636721 -0 0.614664 -0.788789 -0 0 0 1 0 0 -1 -0.000339892 -0.000105109 -1 -0.000503619 0.000109853 -1 -0.000794644 -0.000105109 -1 -0.00196987 0.000737267 -0.999998 -0.000460649 -0.000258396 -1 -0.000682128 0 -1 -0.00406699 0.00324538 -0.999986 -0.00263591 0.000618677 -0.999996 -0.196358 -0.980532 -0 0.196358 -0.980532 -0 0.312897 -0.949787 -0 0.0832696 -0.996527 -0 -0.376829 -0.926283 -0 -0.605422 -0.795905 -0 -0.93793 -0.346825 -0 -0.999986 0.00527811 -0 -0.993794 -0.111234 -0 -0.776626 -0.629962 -0 -0.786609 0.617452 -0 -0.538698 0.842499 -0 -0.508194 0.861242 -0 -0.732606 0.680653 -0 -0.985168 0.171591 -0 -0.985168 -0.171591 -0 -0.771095 -0.636721 -0 -0.614664 -0.788789 -0 0.572016 0.820242 -0 0.79702 0.603953 -0 0.786652 0.617396 -0 0.538838 0.842409 -0 -0.312897 -0.949787 -0 -0.0832696 -0.996527 -0 0.377718 -0.925921 -0 0.607119 -0.794611 -0 0.938581 -0.345059 -0 0.999985 0.00542034 -0 0.993716 -0.111932 -0 0.776734 -0.629829 -0 0.507405 0.861707 -0 0.730984 0.682394 -0 0.984917 0.173026 -0 0.984917 -0.173026 -0 0.769667 -0.638446 -0 0.614069 -0.789252 -0 -0.310682 -0.455774 -0.834114 -0.40083 -0.459044 -0.792852 -0.0182933 -0.70914 -0.704831 -0.138412 -0.721681 -0.678247 0.123812 -0.72011 -0.682724 -0.0247521 0.735743 -0.676809 0.124 0.721236 -0.6815 -0.13862 0.722805 -0.677007 0.531412 0.596732 -0.601259 0.452523 0.70113 -0.551035 0.808966 0.28247 -0.515544 -0.769918 0.330326 -0.545996 -0.716754 0.442297 -0.539108 -0.743805 0.39881 -0.536382 0.251341 0.608393 -0.752785 -0.00141108 0.788137 -0.615498 0.663618 0.504195 -0.552629 0 0.574682 -0.818377 0.229858 0.470363 -0.852012 0.496265 0.314605 -0.809163 0.450362 0.403144 -0.796648 0.50124 0.266029 -0.8234 0.343451 0.458252 -0.819784 -0.452523 0.70113 -0.551035 -0.531412 0.596732 -0.601259 -0.808966 0.28247 -0.515544 -0.251341 0.608393 -0.752785 -0.663618 0.504195 -0.552629 0.00141108 0.788137 -0.615498 -0.613207 -0.525237 -0.590002 -0.123812 -0.72011 -0.682724 0.0182933 -0.70914 -0.704831 0.138412 -0.721681 -0.678247 0.40083 -0.459044 -0.792852 0.0247521 0.735743 -0.676809 0.13862 0.722805 -0.677007 -0.124 0.721236 -0.6815 0.00141108 -0.788137 -0.615498 0.673625 -0.494944 -0.548872 0.270287 -0.613806 -0.741746 0.807209 -0.312248 -0.500915 0.550592 -0.613796 -0.565775 0.743805 0.39881 -0.536382 0.716754 0.442297 -0.539108 0.769918 0.330326 -0.545996 -0.633967 0.175963 -0.753076 -0.609388 0.175446 -0.773218 -0.450362 0.403144 -0.796648 -0.50124 0.266029 -0.8234 -0.343451 0.458252 -0.819784 -0.451105 -0.663745 -0.596612 -0.550592 -0.613796 -0.565775 -0.502814 -0.648731 -0.57125 -0.682779 0.223737 -0.695525 -0.598778 0.57432 -0.55823 -0.426265 0.715013 -0.554125 0.764652 -0.372215 -0.526083 0.613207 -0.525237 -0.590002 0.760933 -0.396118 -0.513879 -0.270287 -0.613806 -0.741746 0.35523 -0.403652 -0.843135 0.559443 -0.258606 -0.787494 0.448084 -0.381225 -0.808633 -0.638797 -0.169542 -0.750462 -0.64846 -0.176116 -0.740597 -0.559443 -0.258606 -0.787494 0.682779 0.223737 -0.695525 0.502814 -0.648731 -0.57125 0.451105 -0.663745 -0.596612 -0.764652 -0.372215 -0.526083 -0.410687 -0.692942 -0.592594 0.426265 0.715013 -0.554125 0.598778 0.57432 -0.55823 -0.00141108 -0.788137 -0.615498 -0.673625 -0.494944 -0.548872 -0.807209 -0.312248 -0.500915 -0.760933 -0.396118 -0.513879 0.410687 -0.692942 -0.592594 0.853884 0 -0.520463 -0.853884 0 -0.520463 0.310682 -0.455774 -0.834114 -0.219479 0.56067 -0.798422 -0.219479 -0.56067 -0.798422 0 -0.574682 -0.818377</float_array>
                    <technique_common>
                        <accessor count="170" source="#ID191" stride="3">
                            <param name="X" type="float"/>
                            <param name="Y" type="float"/>
                            <param name="Z" type="float"/>
                        </accessor>
                    </technique_common>
                </source>
                <source id="ID192">
                    <float_array id="ID193" count="138">0.499023 0.181641 0.280273 0.0507813 0.203125 0.0615234 0.158203 0.117188 0.238281 0.353516 0.333008 0.660156 0.0322266 0.578125 0 0.515625 0.0322266 0.454102 0.43457 0.928711 0.5 0.950195 0.499023 0.950195 0.564453 0.928711 0.666016 0.660156 0.71875 0.0507813 0.795898 0.0615234 0.84082 0.117188 0.760742 0.353516 0.966797 0.578125 1 0.515625 0.966797 0.454102 0.40332 -1.08984 0.426758 -1.0791 0.224609 -1.02832 0.233398 -1.00098 0.213867 -1.00098 0.224609 -0.973633 0.0800781 -0.949219 0.0976563 -0.944336 0.0878906 -0.932617 -0.0371094 -0.932617 -0.0292969 -0.949219 0.00488281 -0.788086 0.0253906 -0.804688 0.0253906 -0.78125 0.0449219 -0.788086 0.5 -0.69043 0.5 -0.724609 0.47168 -0.701172 0.421875 -0.927734 0.411133 -0.905273 0.397461 -0.920898 0.0771484 -1.05664 0.0253906 -1.22168 0.00488281 -1.21387 0.0253906 -1.19727 -0.03125 -1.07422 -0.0263672 -1.05664 0.487305 -0.730469 -0.0419922 -1.06445 -0.186523 -1.02051 -0.170898 -1.00098 -0.186523 -0.981445 -0.046875 -0.944336 0.0820313 -1.07422 0.0449219 -1.21387 0.5 -1.27734 0.419922 -1.10352 0.47168 -1.30078 0.487305 -1.27148 0.0927734 -1.06445 -0.194336 -1.00098 0.527344 -0.701172 0.527344 -1.30078 0.5 -1.31152 0.587891 -0.905273 0.601563 -0.920898 0.595703 -1.08984 0.579102 -1.10352</float_array>
                    <technique_common>
                        <accessor count="69" source="#ID193" stride="2">
                            <param name="S" type="float"/>
                            <param name="T" type="float"/>
                        </accessor>
                    </technique_common>
                </source>
                <vertices id="ID194">
                    <input semantic="POSITION" source="#ID188"/>
                </vertices>
                <triangles count="282" material="Material1">
                    <input offset="0" semantic="VERTEX" source="#ID194"/>
                    <input offset="1" semantic="NORMAL" source="#ID190"/>
                    <input offset="2" semantic="TEXCOORD" source="#ID192" set="0"/>
                    <p>99 2 1 79 1 0 80 0 0 79 1 0 99 2 1 98 3 1 100 4 2 98 3 1 99 2 1 98 3 1 100 4 2 101 5 2 96 6 3 101 5 2 100 4 2 101 5 2 96 6 3 97 7 3 87 8 4 97 7 3 96 6 3 97 7 3 87 8 4 88 9 4 93 12 6 90 11 5 91 10 5 90 11 5 93 12 6 92 13 6 94 14 7 92 13 6 93 12 6 92 13 6 94 14 7 95 15 7 85 16 8 95 15 7 94 14 7 95 15 7 85 16 8 86 17 8 88 9 4 86 17 8 85 16 8 86 17 8 88 9 4 87 8 4 89 18 9 91 10 5 90 11 5 91 10 5 89 18 9 63 19 9 72 20 10 63 19 9 89 18 9 63 19 9 72 20 10 62 21 11 71 22 12 62 21 11 72 20 10 62 21 11 71 22 12 64 23 12 70 24 13 64 23 12 71 22 12 64 23 12 70 24 13 69 25 13 82 26 14 80 0 0 79 1 0 80 0 0 82 26 14 81 27 14 83 28 15 81 27 14 82 26 14 81 27 14 83 28 15 84 29 15 77 30 16 84 29 15 83 28 15 84 29 15 77 30 16 78 31 16 65 32 17 78 31 16 77 30 16 78 31 16 65 32 17 66 33 17 74 34 18 69 25 13 70 24 13 69 25 13 74 34 18 73 35 18 75 36 19 73 35 18 74 34 18 73 35 18 75 36 19 76 37 19 67 38 20 76 37 19 75 36 19 76 37 19 67 38 20 68 39 20 66 33 17 68 39 20 67 38 20 68 39 20 66 33 17 65 32 17 86 40 8 92 40 6 95 40 7 92 40 6 86 40 8 90 40 5 87 40 4 90 40 5 86 40 8 90 40 5 87 40 4 70 40 13 66 40 17 70 40 13 87 40 4 70 40 13 66 40 17 67 40 20 64 41 12 63 41 9 62 41 11 63 41 9 64 41 12 91 41 5 69 42 13 91 41 5 64 41 12 91 41 5 69 42 13 65 43 17 73 44 18 65 43 17 69 42 13 78 40 16 81 40 14 84 40 15 81 40 14 78 40 16 80 40 0 66 40 17 80 40 0 78 40 16 80 40 0 66 40 17 87 40 4 79 46 0 65 43 17 77 45 16 65 43 17 79 46 0 88 41 4 98 41 1 88 41 4 79 46 0 74 40 18 67 40 20 75 40 19 67 40 20 74 40 18 70 40 13 93 41 6 85 41 8 94 41 7 85 41 8 93 41 6 91 41 5 68 47 20 73 44 18 76 41 19 73 44 18 68 47 20 65 43 17 82 49 14 77 45 16 83 48 15 77 45 16 82 49 14 79 46 0 97 41 3 98 41 1 101 41 2 98 41 1 97 41 3 88 41 4 88 41 4 91 41 5 65 43 17 91 41 5 88 41 4 85 41 8 99 40 1 87 40 4 96 40 3 87 40 4 99 40 1 80 40 0 89 40 9 70 40 13 71 40 12 70 40 13 89 40 9 90 40 5 71 40 12 72 40 10 89 40 9 96 40 3 100 40 2 99 40 1 59 52 1 39 51 0 40 50 0 39 51 0 59 52 1 58 53 1 60 54 2 58 53 1 59 52 1 58 53 1 60 54 2 61 55 2 56 56 3 61 55 2 60 54 2 61 55 2 56 56 3 57 57 3 47 58 4 57 57 3 56 56 3 57 57 3 47 58 4 48 59 4 53 62 6 50 61 5 51 60 5 50 61 5 53 62 6 52 63 6 54 64 7 52 63 6 53 62 6 52 63 6 54 64 7 55 65 7 45 66 8 55 65 7 54 64 7 55 65 7 45 66 8 46 67 8 48 59 4 46 67 8 45 66 8 46 67 8 48 59 4 47 58 4 49 18 9 51 60 5 50 61 5 51 60 5 49 18 9 23 19 9 32 20 10 23 19 9 49 18 9 23 19 9 32 20 10 22 21 11 31 68 12 22 21 11 32 20 10 22 21 11 31 68 12 24 69 12 30 70 13 24 69 12 31 68 12 24 69 12 30 70 13 29 71 13 42 72 14 40 50 0 39 51 0 40 50 0 42 72 14 41 73 14 43 74 15 41 73 14 42 72 14 41 73 14 43 74 15 44 75 15 37 76 16 44 75 15 43 74 15 44 75 15 37 76 16 38 77 16 25 78 17 38 77 16 37 76 16 38 77 16 25 78 17 26 79 17 34 80 18 29 71 13 30 70 13 29 71 13 34 80 18 33 81 18 35 82 19 33 81 18 34 80 18 33 81 18 35 82 19 36 83 19 27 84 20 36 83 19 35 82 19 36 83 19 27 84 20 28 85 20 26 79 17 28 85 20 27 84 20 28 85 20 26 79 17 25 78 17 46 40 8 52 40 6 55 40 7 52 40 6 46 40 8 50 40 5 47 40 4 50 40 5 46 40 8 50 40 5 47 40 4 30 40 13 26 40 17 30 40 13 47 40 4 30 40 13 26 40 17 27 40 20 24 41 12 23 41 9 22 41 11 23 41 9 24 41 12 51 41 5 29 41 13 51 41 5 24 41 12 51 41 5 29 41 13 25 41 17 33 41 18 25 41 17 29 41 13 38 40 16 41 40 14 44 40 15 41 40 14 38 40 16 40 40 0 26 40 17 40 40 0 38 40 16 40 40 0 26 40 17 47 40 4 39 41 0 25 41 17 37 41 16 25 41 17 39 41 0 48 41 4 58 41 1 48 41 4 39 41 0 34 40 18 27 40 20 35 40 19 27 40 20 34 40 18 30 40 13 53 41 6 45 41 8 54 41 7 45 41 8 53 41 6 51 41 5 28 41 20 33 41 18 36 41 19 33 41 18 28 41 20 25 41 17 42 41 14 37 41 16 43 41 15 37 41 16 42 41 14 39 41 0 57 41 3 58 41 1 61 41 2 58 41 1 57 41 3 48 41 4 48 41 4 51 41 5 25 41 17 51 41 5 48 41 4 45 41 8 59 40 1 47 40 4 56 40 3 47 40 4 59 40 1 40 40 0 49 40 9 30 40 13 31 40 12 30 40 13 49 40 9 50 40 5 31 40 12 32 40 10 49 40 9 56 40 3 60 40 2 59 40 1 150 88 23 14 87 22 12 86 21 14 87 22 150 88 23 148 89 24 149 90 25 148 89 24 150 88 23 148 93 24 149 92 25 151 91 26 162 94 27 151 91 26 149 92 25 151 91 26 162 94 27 1 95 28 163 96 29 1 95 28 162 94 27 160 99 32 6 98 31 5 97 30 6 98 31 160 99 32 161 100 33 159 101 34 161 100 33 160 99 32 161 100 33 159 101 34 0 102 35 138 105 38 140 104 37 139 103 36 140 104 37 138 105 38 133 106 39 143 107 40 133 106 39 138 105 38 133 106 39 143 107 40 132 108 41 117 111 29 118 110 27 119 109 28 118 110 27 117 111 29 115 112 33 116 113 35 115 112 33 117 111 29 115 112 33 116 113 35 114 114 34 103 117 23 104 116 25 109 115 42 104 116 25 103 117 23 102 118 24 131 119 22 102 118 24 103 117 23 105 120 26 133 106 39 132 108 41 133 106 39 105 120 26 102 121 24 104 122 25 102 121 24 105 120 26 108 125 45 111 124 44 110 123 43 111 124 44 108 125 45 120 126 46 121 127 47 120 126 46 108 125 45 113 128 32 115 112 33 114 114 34 115 112 33 113 128 32 124 129 31 123 130 30 124 129 31 113 128 32 17 133 39 146 132 38 141 131 48 146 132 38 17 133 39 20 134 40 15 135 41 20 134 40 17 133 39 11 138 50 2 137 47 4 136 49 2 137 47 11 138 50 9 139 51 7 141 53 9 139 51 8 140 52 9 139 51 7 141 53 6 98 31 153 144 55 155 143 42 154 142 54 155 143 42 153 144 55 152 145 45 105 120 26 118 110 27 104 122 25 118 110 27 105 120 26 119 109 28 142 147 57 136 146 56 131 119 22 136 146 56 142 147 57 135 148 58 18 151 57 137 150 59 144 149 58 137 150 59 18 151 57 14 87 22 163 96 29 161 100 33 0 102 35 161 100 33 163 96 29 162 94 27 129 153 50 121 127 47 127 152 51 121 127 47 129 153 50 122 154 49 112 156 60 109 115 42 106 155 54 109 115 42 112 156 60 103 117 23 126 157 53 127 152 51 124 129 31 127 152 51 126 157 53 125 158 52 157 160 44 152 145 45 156 159 43 152 145 45 157 160 44 3 161 46 107 162 55 109 115 42 108 125 45 109 115 42 107 162 55 106 155 54 155 143 42 150 88 23 158 163 60 150 88 23 155 143 42 149 90 25 17 133 39 151 91 26 15 135 41 151 91 26 17 133 39 148 93 24 124 129 31 123 130 30 126 157 53 127 152 51 128 164 61 129 153 50 127 152 51 125 158 52 128 164 61 121 127 47 122 154 49 120 126 46 14 87 22 18 151 57 12 86 21 6 98 31 7 141 53 5 97 30 9 139 51 11 138 50 10 165 61 9 139 51 10 165 61 8 140 52 2 137 47 3 161 46 4 136 49 155 143 42 158 163 60 154 142 54 108 125 45 110 123 43 107 162 55 131 119 22 103 117 23 130 166 21 140 104 37 147 167 62 139 103 36 152 145 45 3 161 46 2 137 47 131 119 22 130 166 21 142 147 57 152 145 45 153 144 55 156 159 43 136 146 56 134 169 64 145 168 63 136 146 56 135 148 58 134 169 64 147 40 62 138 40 38 139 40 36 138 40 38 147 40 62 143 40 40 21 40 65 143 40 40 147 40 62 143 40 40 21 40 65 132 40 41 16 40 66 132 40 41 21 40 65 132 40 41 16 40 66 130 40 21 13 40 67 130 40 21 16 40 66 130 40 21 13 40 67 142 40 57 19 40 68 142 40 57 13 40 67 142 40 57 19 40 68 135 40 58 145 40 63 135 40 58 19 40 68 126 40 53 129 40 50 125 40 52 129 40 50 126 40 53 122 40 49 112 40 60 122 40 49 126 40 53 122 40 49 112 40 60 106 40 54 150 40 23 15 40 41 151 40 26 15 40 41 150 40 23 12 40 21 11 40 50 7 40 53 8 40 52 7 40 53 11 40 50 4 40 49 151 40 26 158 40 60 150 40 23 158 40 60 151 40 26 1 40 28 160 40 32 163 40 29 0 40 35 163 40 29 160 40 32 5 40 30 5 40 30 1 40 28 163 40 29 1 40 28 5 40 30 7 40 53 7 40 53 158 40 60 1 40 28 158 40 60 7 40 53 4 40 49 4 40 49 154 40 54 158 40 60 154 40 54 4 40 49 3 40 46 3 40 46 153 40 55 154 40 54 153 40 55 3 40 46 157 40 44 103 40 23 132 40 41 130 40 21 132 40 41 103 40 23 105 40 26 106 40 54 120 40 46 122 40 49 120 40 46 106 40 54 107 40 55 126 40 53 119 40 28 112 40 60 119 40 28 126 40 53 123 40 30 105 40 26 112 40 60 119 40 28 112 40 60 105 40 26 103 40 23 123 40 30 117 40 29 119 40 28 117 40 29 123 40 30 113 40 32 153 40 55 157 40 44 156 40 43 8 40 52 10 40 61 11 40 50 0 40 35 159 40 34 160 40 32 134 40 64 135 40 58 145 40 63 107 40 55 110 40 43 111 40 44 125 40 52 129 40 50 128 40 61 116 40 35 113 40 32 114 40 34 117 40 29 113 40 32 116 40 35 107 40 55 111 40 44 120 40 46</p>
                </triangles>
            </mesh>
        </geometry>
        <geometry id="ID196">
            <mesh>
                <source id="ID197">
                    <float_array id="ID198" count="642">530.188 421.5 -122.563 530.188 421.5 -122.563 530.188 421.5 -122.563 531.406 433.5 -109.281 531.406 433.5 -109.281 540.188 433.5 -73.9375 540.188 433.5 -73.9375 549.938 313.75 77.2188 549.938 313.75 77.2188 535.313 390.75 122.969 535.313 390.75 122.969 538.5 325.406 122.969 538.5 325.406 122.969 538.5 325.406 122.969 542.063 313.75 110.094 542.063 313.75 110.094 546.156 433.5 0.21875 546.156 433.5 0.21875 542.125 313.75 -109.656 542.125 313.75 -109.656 538.594 325.406 -122.531 538.594 325.406 -122.531 538.594 325.406 -122.531 540.125 433.5 74.375 540.125 433.5 74.375 531.344 433.5 109.719 531.344 433.5 109.719 529.906 421.5 122.969 529.906 421.5 122.969 529.906 421.5 122.969 -457 313.75 -0.15625 -457 313.75 -0.15625 -451.406 313.75 -77.1875 -451.406 313.75 -77.1875 -448.5 392.188 -74.9375 -454.063 395.125 -0.15625 -431.531 421.5 -122.938 -431.531 421.5 -122.938 -431.531 421.5 -122.938 -432.781 433.5 -109.688 -432.781 433.5 -109.688 -441.594 433.5 -74.3438 -441.594 433.5 -74.3438 -436.781 390.75 -122.938 -436.781 390.75 -122.938 -448.563 392.188 74.5625 -451.469 313.75 76.8438 -451.469 313.75 76.8438 -436.875 390.75 122.594 -436.875 390.75 122.594 -440.031 325.406 122.594 -440.031 325.406 122.594 -440.031 325.406 122.594 -443.594 313.75 109.719 -443.594 313.75 109.719 -447.625 433.5 -0.15625 -447.625 433.5 -0.15625 -443.5 313.75 -110.063 -443.5 313.75 -110.063 -439.938 325.406 -122.938 -439.938 325.406 -122.938 -439.938 325.406 -122.938 -441.656 433.5 73.9688 -441.656 433.5 73.9688 -432.875 433.5 109.344 -432.875 433.5 109.344 -431.469 421.5 122.594 -431.469 421.5 122.594 -431.469 421.5 122.594 -528.938 284.531 -104.031 -553 288.438 -99.5 -560.938 288.438 -0.21875 -537.281 284.531 -0.21875 -499.375 444.844 -165.719 -524.719 441.719 -158.438 -532.188 397.969 -158.469 -507.188 399.094 -165.719 -501.25 462.719 -147.844 -526.5 458.813 -141.375 -514.344 462.719 -100.188 -539.031 458.813 -95.8125 -553.063 288.438 99.0313 -529.031 284.531 103.625 -512.031 301.875 165.281 -536.813 305.031 158.031 -532.313 397.969 158.031 -507.313 399.094 165.313 -517.313 284.531 147.938 -541.875 288.438 141.406 -523.313 462.719 -0.1875 -547.594 458.813 -0.21875 -517.188 284.531 -148.344 -541.75 288.438 -141.875 -511.906 301.875 -165.719 -536.688 305.031 -158.469 -514.406 462.719 99.7813 -539.094 458.813 95.375 -501.375 462.719 147.438 -526.625 458.813 140.938 -499.281 444.844 165.313 -524.625 441.719 158.031 -549.938 313.75 -77.25 -549.938 313.75 -77.25 -555.531 313.75 -0.21875 -555.531 313.75 -0.21875 -530.063 421.5 -122.969 -530.063 421.5 -122.969 -530.063 421.5 -122.969 -535.313 390.75 -122.969 -535.313 390.75 -122.969 -531.344 433.5 -109.719 -531.344 433.5 -109.719 -540.125 433.5 -74.375 -540.125 433.5 -74.375 -550 313.75 76.7813 -550 313.75 76.7813 -538.594 325.406 122.531 -538.594 325.406 122.531 -538.594 325.406 122.531 -535.438 390.75 122.531 -535.438 390.75 122.531 -542.125 313.75 109.656 -542.125 313.75 109.656 -546.156 433.5 -0.21875 -546.156 433.5 -0.21875 -542.063 313.75 -110.094 -542.063 313.75 -110.094 -538.469 325.406 -122.969 -538.469 325.406 -122.969 -538.469 325.406 -122.969 -540.188 433.5 73.9375 -540.188 433.5 73.9375 -531.406 433.5 109.281 -531.406 433.5 109.281 -530.031 421.5 122.531 -530.031 421.5 122.531 -530.031 421.5 122.531 448.563 392.188 -74.5625 451.469 313.75 -76.8438 451.469 313.75 -76.8438 457 313.75 0.15625 457 313.75 0.15625 454.063 395.125 0.15625 441.656 433.5 -73.9688 441.656 433.5 -73.9688 432.875 433.5 -109.344 432.875 433.5 -109.344 431.625 421.5 -122.594 431.625 421.5 -122.594 431.625 421.5 -122.594 436.875 390.75 -122.594 436.875 390.75 -122.594 451.406 313.75 77.1875 451.406 313.75 77.1875 448.5 392.188 74.9063 443.5 313.75 110.063 443.5 313.75 110.063 439.938 325.406 122.938 439.938 325.406 122.938 439.938 325.406 122.938 436.781 390.75 122.938 436.781 390.75 122.938 447.625 433.5 0.15625 447.625 433.5 0.15625 440.031 325.406 -122.594 440.031 325.406 -122.594 440.031 325.406 -122.594 443.594 313.75 -109.719 443.594 313.75 -109.719 441.594 433.5 74.3438 441.594 433.5 74.3438 431.375 421.5 122.938 431.375 421.5 122.938 431.375 421.5 122.938 432.781 433.5 109.688 432.781 433.5 109.688 560.938 288.438 0.21875 553.063 288.438 -99.0625 529.031 284.531 -103.625 537.281 284.531 0.1875 532.313 397.969 -158.031 524.844 441.719 -158.031 499.5 444.844 -165.313 507.313 399.094 -165.313 526.625 458.813 -140.938 501.375 462.719 -147.438 539.094 458.813 -95.375 514.406 462.719 -99.7813 553 288.438 99.5 528.938 284.531 104.031 532.188 397.969 158.438 536.688 305.031 158.438 511.906 301.875 165.719 507.188 399.094 165.719 541.75 288.438 141.875 517.188 284.531 148.344 547.594 458.813 0.21875 523.313 462.719 0.1875 541.875 288.438 -141.438 517.313 284.531 -147.938 536.813 305.031 -158.031 512.031 301.875 -165.313 539.031 458.813 95.8125 514.344 462.719 100.188 526.5 458.813 141.375 501.25 462.719 147.844 524.5 441.719 158.438 499.156 444.844 165.719 555.531 313.75 0.21875 555.531 313.75 0.21875 550 313.75 -76.7813 550 313.75 -76.7813 535.438 390.75 -122.531 535.438 390.75 -122.531</float_array>
                    <technique_common>
                        <accessor count="214" source="#ID198" stride="3">
                            <param name="X" type="float"/>
                            <param name="Y" type="float"/>
                            <param name="Z" type="float"/>
                        </accessor>
                    </technique_common>
                </source>
                <source id="ID199">
                    <float_array id="ID200" count="582">0.296352 0.267114 0.916965 0.775536 0.0775981 0.626517 0.280636 0.0255229 0.959475 0.785085 -0.0503855 0.617336 0.303687 -0.439737 0.845225 0.812623 -0.338669 0.474286 0.224122 -0.930682 0.289136 0.166434 -0.985462 0.03411 0.164606 -0.986078 0.0235711 0.16282 -0.986646 0.00438888 0.16289 -0.986635 -0.00425852 0.16477 -0.986053 -0.0234529 0.166591 -0.98544 -0.0339901 0.826373 -0.469172 -0.311424 0.268614 -0.803956 -0.530566 0.80029 -0.207571 -0.56254 0.300263 -0.212875 -0.929799 0.775854 0.0936549 -0.623923 0.280953 0.0365558 -0.959025 0.777432 0.20267 -0.59542 0.296313 0.483286 -0.823792 0.781255 0.43955 -0.443211 0.216349 0.935871 -0.2781 0.779918 0.61405 -0.121122 0.160513 0.986733 -0.0243655 0.775617 0.631022 0.0151551 0.158802 0.987299 0.00477017 0.781642 0.604685 0.152942 0.162229 0.986139 0.0347956 0.778525 0.556903 0.289409 0.257923 0.82051 0.510137 0.772866 0.353993 0.526657 0.989454 0.131684 0.0603356 0.991486 0.0739002 0.107207 0.972851 -0.0937947 0.211573 0.987104 -0.0834238 0.136625 0.998506 -0.0460983 -0.029325 0.975041 -0.10766 -0.194174 0.986013 -0.0174051 -0.16576 0.989063 0.125533 -0.0774388 0.993676 0.0882583 -0.0694224 0.985963 0.120121 -0.115969 0.9466 0.253487 -0.199233 0.946987 0.264838 -0.181868 0.964078 0.235079 -0.123659 0.979174 0.201679 -0.0233305 0.979478 0.199809 0.0264387 0.962019 0.239292 0.131371 0.948646 0.259897 0.180344 0.96682 0.193873 0.166348 0.991832 0.0821601 0.0975664 -0.772981 0.354083 0.526427 -0.296352 0.267114 0.916965 -0.775643 0.0775112 0.626394 -0.28028 0.0254027 0.959582 -0.785387 -0.0509146 0.616907 -0.30357 -0.440045 0.845107 -0.81306 -0.33855 0.473621 -0.22494 -0.930437 0.28929 -0.166633 -0.985433 0.0339935 -0.164793 -0.986049 0.0234843 -0.162894 -0.986634 0.00427972 -0.162824 -0.986645 -0.00438453 -0.164619 -0.986075 -0.0235922 -0.166437 -0.985461 -0.0341329 -0.825988 -0.469074 -0.312591 -0.26798 -0.804134 -0.530617 -0.800013 -0.207796 -0.56285 -0.299201 -0.213039 -0.930104 -0.775487 0.0937902 -0.624358 -0.280221 0.0367042 -0.959234 -0.777035 0.202114 -0.596126 -0.296048 0.483094 -0.824 -0.780777 0.439807 -0.443798 -0.216048 0.935886 -0.278282 -0.779978 0.613824 -0.121878 -0.160494 0.986733 -0.0245005 -0.775571 0.631092 0.0146119 -0.158802 0.987299 0.00467451 -0.78176 0.604666 0.152417 -0.162237 0.986144 0.0346193 -0.778796 0.557187 0.288131 -0.258179 0.820648 0.509784 -0.991567 0.074461 0.106067 -0.989476 0.131528 0.0603163 -0.991948 0.0817025 0.0967668 -0.966861 0.194461 0.165421 -0.948785 0.259867 0.179654 -0.962301 0.238622 0.13052 -0.979548 0.199559 0.025728 -0.979129 0.20182 -0.0239827 -0.963986 0.235179 -0.124182 -0.946878 0.264738 -0.182581 -0.946206 0.253739 -0.200778 -0.985773 0.120645 -0.117028 -0.993674 0.0882758 -0.0694187 -0.989149 0.124451 -0.0780751 -0.985839 -0.0174279 -0.166784 -0.974927 -0.107447 -0.194864 -0.998472 -0.0463352 -0.0300976 -0.987187 -0.0832444 0.136135 -0.973192 -0.0935232 0.210119 0.000425684 -0.741182 -0.671304 0.000425752 -0.741182 -0.671304 0.000301718 -0.879589 -0.475733 0.000150883 -0.971298 -0.237867 0 -1 -0 -7.54128e-005 -0.971301 0.237852 -0.00015085 -0.879605 0.475704 -0.000212865 -0.741215 0.671268 -0.000212898 -0.741214 0.671268 -0.00021285 0.741352 0.671116 -0.000212816 0.741352 0.671116 -0.00015081 0.879672 0.47558 -7.53932e-005 0.971317 0.23779 0 1 -0 0.000150859 0.971307 -0.23783 0.000301671 0.879629 -0.475659 0.000425694 0.741264 -0.671213 0.000425627 0.741264 -0.671214 -0.966321 0.162284 0.199721 -0.983026 0.115746 0.14235 -0.985853 0.165568 0.0261029 -0.995628 0.0926585 -0.0118042 -0.973295 0.16488 -0.159722 -0.981891 0.103242 -0.158844 -0.964411 0.116231 -0.237489 -0.984452 0.0408573 -0.170837 -0.971617 0.0428935 -0.232639 -0.971544 0.0388523 -0.233651 -0.959483 0.150546 0.238176 -0.957629 0.159291 0.239945 -0.965654 0.105522 0.237439 -0.984574 0.0410832 0.170076 -0.999349 0.0360748 -0.000388827 0.982928 0.1157 0.143057 0.985835 0.165549 0.0268711 0.995637 0.0926629 -0.011028 0.973439 0.164816 -0.158912 0.982009 0.10327 -0.158092 0.964568 0.116197 -0.23687 0.984574 0.0410832 -0.170076 0.971544 0.0388523 0.233651 0.971617 0.0428935 0.232639 0.984455 0.0408818 0.170815 0.965504 0.105467 0.238074 0.966129 0.16249 0.20048 -0.000317158 1.53195e-005 1 -0.000317158 2.82626e-005 1 -0.000317158 4.12058e-005 1 -0.000317158 5.4149e-005 1 0.000634115 -0.000111486 -1 0.000634115 -0.000111486 -1 0.000634115 -8.45335e-005 -1 0.000634115 -5.75814e-005 -1 0.000634115 -3.06292e-005 -1 0.000634115 -3.06292e-005 -1 0.000317158 5.57605e-005 -1 0.000317158 4.22802e-005 -1 0.000317125 2.88487e-005 -1 0.000212898 -0.741216 -0.671267 0.000150849 -0.879606 -0.475703 0.000212864 -0.741216 -0.671267 7.54127e-005 -0.971301 -0.237852 -0.000634115 -3.06292e-005 1 -0.000634115 -5.65073e-005 1 -0.000634115 -3.06292e-005 1 -0.000528429 0.000274412 1 -0.000425626 0.741264 0.671213 -0.000301671 0.879629 0.475659 -0.000425694 0.741264 0.671213 -0.000150859 0.971307 0.23783 -0.000150657 -0.971385 0.237511 -0.000319052 -0.741583 0.670861 -0.00022608 -0.879785 0.475372 -0.000212838 -0.741194 0.67129 -0.971714 0.0398793 0.232768 -0.971775 0.0434105 0.231883 -0.95728 0.163493 -0.238507 -0.957329 0.163446 -0.238341 0.971714 0.0398793 -0.232768 0.971775 0.0434105 -0.231883 0.957329 0.163446 -0.238341 0.957426 0.163354 -0.238015 0.959071 0.15165 0.239132 0.957329 0.159827 0.240785 0.000317058 1.54662e-005 -1 0.000317108 1.53928e-005 -1 0.000150786 0.879672 -0.47558 7.53932e-005 0.971317 -0.23779 0.000212783 0.741352 -0.671117 0.999349 0.0360748 0.000388827 -0.000317058 0.000962128 1 -0.000475587 0.000426932 1</float_array>
                    <technique_common>
                        <accessor count="194" source="#ID200" stride="3">
                            <param name="X" type="float"/>
                            <param name="Y" type="float"/>
                            <param name="Z" type="float"/>
                        </accessor>
                    </technique_common>
                </source>
                <source id="ID201">
                    <float_array id="ID202" count="346">-2.97461 0.890625 -2.85938 0.599609 -2.97461 0.640625 -2.85938 0.222656 -2.97461 0.107422 -2.79199 0.155273 -2.89551 0.0117188 -2.62012 0.155273 -2.69238 0.0117188 -2.2168 0.155273 -2.2168 0.0117188 -1.81445 0.155273 -1.74219 0.0117188 -1.64258 0.155273 -1.53906 0.0117188 -1.5752 0.222656 -1.45996 0.107422 -1.5752 0.599609 -1.45996 0.640625 -1.5752 0.776367 -1.45996 0.890625 -1.64453 0.845703 -1.54102 0.989258 -1.8291 0.845703 -1.75977 0.989258 -2.2168 0.845703 -2.2168 0.989258 -2.60547 0.845703 -2.6748 0.989258 -2.79004 0.845703 -2.89355 0.989258 -2.85938 0.776367 -2.71484 0.570313 -2.71484 0.694336 -2.66113 0.743164 -2.51855 0.743164 -2.2168 0.743164 -1.91602 0.743164 -1.77246 0.743164 -1.71875 0.694336 -1.71875 0.570313 -1.71875 0.304688 -1.77148 0.257813 -1.9043 0.257813 -2.2168 0.257813 -2.5293 0.257813 -2.66309 0.257813 -2.71484 0.304688 1.98047 0.823242 1.78906 0.952148 1.98047 0.616211 1.78906 0.662109 1.98047 0.175781 1.78906 0.0449219 2.05859 0.0966797 1.8877 -0.0644531 2.25977 0.0966797 2.13965 -0.0644531 2.72949 0.0966797 2.72949 -0.0644531 3.2002 0.0966797 3.31934 -0.0644531 3.40039 0.0966797 3.57129 -0.0644531 3.47852 0.175781 3.66992 0.0449219 3.47852 0.616211 3.66992 0.662109 3.47852 0.823242 3.66992 0.952148 3.39844 0.904297 3.56836 1.06445 3.18262 0.904297 3.29785 1.06445 2.72949 0.904297 2.72949 1.06445 2.27734 0.904297 2.16113 1.06445 2.06152 0.904297 1.89063 1.06445 2.14844 0.727539 2.14844 0.582031 2.14844 0.272461 2.20898 0.216797 2.36523 0.216797 2.72949 0.216797 3.09473 0.216797 3.25 0.216797 3.31055 0.272461 3.31055 0.582031 3.31055 0.727539 3.24805 0.78418 3.08105 0.78418 2.72949 0.78418 2.37793 0.78418 2.21094 0.78418 4.24512 0.725586 4.24512 0.185547 4.31738 0.733398 4.31738 0.193359 4.51172 0.782227 4.51172 0.241211 4.91797 0.814453 4.91797 0.274414 5.3252 0.782227 5.3252 0.241211 5.51953 0.733398 5.51953 0.193359 5.5918 0.726563 5.5918 0.186523 5.5918 0.772461 5.5918 0.232422 5.52148 0.791992 5.52148 0.251953 5.34082 0.835938 5.34082 0.294922 4.91797 0.866211 4.91797 0.325195 4.49609 0.835938 4.49609 0.294922 4.31543 0.791992 4.31543 0.251953 4.24512 0.772461 4.24512 0.232422 2.37598 0.588867 2.72949 0.602539 3.08398 0.588867 -2.52051 0.576172 -2.2168 0.587891 -1.91406 0.576172 5.95605 0.224609 6.52148 0.224609 5.9375 0.599609 6.50391 0.599609 5.9082 0.776367 6.47363 0.776367 5.90723 0.776367 6.47266 0.776367 -4.44238 0.77832 -4.46387 0.657227 -4.83203 0.77832 -4.85254 0.657227 -4.27441 0.384766 -4.21973 0.378906 -4.27441 0.786133 -4.21973 0.780273 -4.07617 0.342773 -4.07617 0.744141 -3.77441 0.318359 -3.77441 0.719727 -4.47656 0.399414 -4.86523 0.399414 -3.27441 0.349609 -3.32617 0.334961 -3.27441 0.750977 -3.32617 0.736328 -3.45996 0.302734 -3.45996 0.704102 -3.77441 0.280273 -3.77441 0.681641 -3.32813 0.378906 -3.27441 0.383789 -3.32813 0.780273 -3.27441 0.785156 -3.47168 0.342773 -3.47168 0.744141 -4.08789 0.704102 -4.08789 0.302734 -4.22168 0.736328 -4.22168 0.334961 -4.27441 0.750977 -4.27441 0.349609 -4.44336 0.77832</float_array>
                    <technique_common>
                        <accessor count="173" source="#ID202" stride="2">
                            <param name="S" type="float"/>
                            <param name="T" type="float"/>
                        </accessor>
                    </technique_common>
                </source>
                <vertices id="ID203">
                    <input semantic="POSITION" source="#ID197"/>
                </vertices>
                <triangles count="232" material="Material1">
                    <input offset="0" semantic="VERTEX" source="#ID203"/>
                    <input offset="1" semantic="NORMAL" source="#ID199"/>
                    <input offset="2" semantic="TEXCOORD" source="#ID201" set="0"/>
                    <p>193 2 2 190 1 1 207 0 0 190 1 1 193 2 2 191 3 3 192 4 4 191 3 3 193 2 2 191 3 3 192 4 4 194 5 5 195 6 6 194 5 5 192 4 4 194 5 5 195 6 6 188 7 7 189 8 8 188 7 7 195 6 6 188 7 7 189 8 8 176 9 9 179 10 10 176 9 9 189 8 8 176 9 9 179 10 10 177 11 11 178 12 12 177 11 11 179 10 10 177 11 11 178 12 12 198 13 13 199 14 14 198 13 13 178 12 12 198 13 13 199 14 14 200 15 15 201 16 16 200 15 15 199 14 14 200 15 15 201 16 16 180 17 17 183 18 18 180 17 17 201 16 16 180 17 17 183 18 18 181 19 19 182 20 20 181 19 19 183 18 18 181 19 19 182 20 20 184 21 21 185 22 22 184 21 21 182 20 20 184 21 21 185 22 22 186 23 23 187 24 24 186 23 23 185 22 22 186 23 23 187 24 24 196 25 25 197 26 26 196 25 25 187 24 24 196 25 25 197 26 26 202 27 27 203 28 28 202 27 27 197 26 26 202 27 27 203 28 28 204 29 29 205 30 30 204 29 29 203 28 28 204 29 29 205 30 30 206 31 31 207 0 0 206 31 31 205 30 30 206 31 31 207 0 0 190 1 1 27 33 33 206 31 31 9 32 32 206 31 31 27 33 33 204 29 29 25 34 34 204 29 29 27 33 33 204 29 29 25 34 34 202 27 27 23 35 35 202 27 27 25 34 34 202 27 27 23 35 35 196 25 25 16 36 36 196 25 25 23 35 35 196 25 25 16 36 36 186 23 23 5 37 37 186 23 23 16 36 36 186 23 23 5 37 37 184 21 21 3 38 38 184 21 21 5 37 37 184 21 21 3 38 38 181 19 19 0 39 39 181 19 19 3 38 38 181 19 19 0 39 39 180 17 17 212 40 40 180 17 17 0 39 39 180 17 17 212 40 40 200 15 15 20 41 41 200 15 15 212 40 40 200 15 15 20 41 41 198 13 13 18 42 42 198 13 13 20 41 41 198 13 13 18 42 42 177 43 11 210 44 43 177 43 11 18 42 42 177 43 11 210 44 43 176 45 9 208 46 44 176 45 9 210 44 43 176 45 9 208 46 44 188 47 7 7 48 45 188 47 7 208 46 44 188 47 7 7 48 45 194 5 5 14 49 46 194 5 5 7 48 45 194 5 5 14 49 46 191 3 3 11 50 47 191 3 3 14 49 46 191 3 3 11 50 47 190 1 1 9 32 32 190 1 1 11 50 47 190 1 1 9 32 32 206 31 31 85 53 50 99 52 49 100 51 48 99 52 49 85 53 50 86 54 51 84 55 52 86 54 51 85 53 50 86 54 51 84 55 52 83 56 53 88 57 54 83 56 53 84 55 52 83 56 53 88 57 54 87 58 55 81 59 56 87 58 55 88 57 54 87 58 55 81 59 56 82 60 57 71 61 58 82 60 57 81 59 56 82 60 57 71 61 58 72 62 59 70 63 60 72 62 59 71 61 58 72 62 59 70 63 60 69 64 61 92 65 62 69 64 61 70 63 60 69 64 61 92 65 62 91 66 63 94 67 64 91 66 63 92 65 62 91 66 63 94 67 64 93 68 65 75 69 66 93 68 65 94 67 64 93 68 65 75 69 66 76 70 67 74 71 68 76 70 67 75 69 66 76 70 67 74 71 68 73 72 69 78 73 70 73 72 69 74 71 68 73 72 69 78 73 70 77 74 71 80 75 72 77 74 71 78 73 70 77 74 71 80 75 72 79 76 73 90 77 74 79 76 73 80 75 72 79 76 73 90 77 74 89 78 75 96 79 76 89 78 75 90 77 74 89 78 75 96 79 76 95 80 77 98 81 78 95 80 77 96 79 76 95 80 77 98 81 78 97 82 79 100 51 48 97 82 79 98 81 78 97 82 79 100 51 48 99 52 49 119 84 81 100 51 48 134 83 80 100 51 48 119 84 81 85 53 50 116 85 82 85 53 50 119 84 81 85 53 50 116 85 82 84 55 52 121 86 83 84 55 52 116 85 82 84 55 52 121 86 83 88 57 54 114 87 84 88 57 54 121 86 83 88 57 54 114 87 84 81 88 56 103 89 85 81 88 56 114 87 84 81 88 56 103 89 85 71 90 58 101 91 86 71 90 58 103 89 85 71 90 58 101 91 86 70 92 60 125 93 87 70 92 60 101 91 86 70 92 60 125 93 87 92 65 62 127 94 88 92 65 62 125 93 87 92 65 62 127 94 88 94 67 64 108 95 89 94 67 64 127 94 88 94 67 64 108 95 89 75 69 66 105 96 90 75 69 66 108 95 89 75 69 66 105 96 90 74 71 68 110 97 91 74 71 68 105 96 90 74 71 68 110 97 91 78 73 70 112 98 92 78 73 70 110 97 91 78 73 70 112 98 92 80 75 72 123 99 93 80 75 72 112 98 92 80 75 72 123 99 93 90 77 74 130 100 94 90 77 74 123 99 93 90 77 74 130 100 94 96 79 76 132 101 95 96 79 76 130 100 94 96 79 76 132 101 95 98 81 78 134 83 80 98 81 78 132 101 95 98 81 78 134 83 80 100 51 48 133 104 98 67 103 97 135 102 96 67 103 97 133 104 98 65 105 99 131 106 100 65 105 99 133 104 98 65 105 99 131 106 100 63 106 101 124 106 102 63 106 101 131 106 100 63 106 101 124 106 102 56 106 103 113 106 104 56 106 103 124 106 102 56 106 103 113 106 104 42 106 105 111 107 106 42 106 105 113 106 104 42 106 105 111 107 106 40 108 107 107 109 108 40 108 107 111 107 106 40 108 107 107 109 108 38 110 109 126 113 112 61 112 111 129 111 110 61 112 111 126 113 112 58 114 113 102 115 114 58 114 113 126 113 112 58 114 113 102 115 114 33 115 115 104 115 116 33 115 115 102 115 114 33 115 115 104 115 116 31 115 117 115 115 118 31 115 117 104 115 116 31 115 117 115 115 118 47 115 119 122 116 120 47 115 119 115 115 118 47 115 119 122 116 120 54 117 121 118 118 122 54 117 121 122 116 120 54 117 121 118 118 122 52 119 123 55 122 93 45 121 124 62 120 94 45 121 124 55 122 93 35 123 125 41 124 92 35 123 125 55 122 93 35 123 125 41 124 92 34 125 126 43 126 89 34 125 126 41 124 92 34 125 126 43 126 89 32 127 86 59 128 88 32 127 86 43 126 89 32 127 86 59 128 88 57 129 87 62 120 94 66 131 80 64 130 95 66 131 80 62 120 94 48 132 81 45 121 124 48 132 81 62 120 94 48 132 81 45 121 124 46 133 84 35 123 125 46 133 84 45 121 124 46 133 84 35 123 125 30 134 85 32 127 86 30 134 85 35 123 125 142 137 128 162 136 36 154 135 127 162 136 36 142 137 128 143 138 37 137 139 129 143 138 37 142 137 128 143 138 37 137 139 129 150 140 40 138 141 43 150 140 40 137 139 129 152 144 45 157 143 47 155 142 46 157 143 47 152 144 45 160 145 32 154 135 127 160 145 32 152 144 45 160 145 32 154 135 127 169 146 35 162 136 36 169 146 35 154 135 127 44 148 132 128 147 131 60 147 130 128 147 131 44 148 132 109 149 133 37 150 134 109 149 133 44 148 132 109 149 133 37 150 134 106 150 135 49 153 132 136 152 137 68 151 136 136 152 137 49 153 132 120 154 133 51 155 130 120 154 133 49 153 132 120 154 133 51 155 130 117 156 131 29 157 140 161 158 139 173 157 138 161 158 139 29 157 140 10 159 141 172 162 144 26 161 143 28 160 142 26 161 143 172 162 144 175 163 145 175 163 145 24 106 146 26 161 143 24 106 146 175 163 145 170 106 147 170 106 147 17 106 148 24 106 146 17 106 148 170 106 147 163 106 149 21 166 151 151 165 139 165 164 150 151 165 139 21 166 151 213 167 141 166 170 154 19 169 153 22 168 152 19 169 153 166 170 154 168 171 155 168 171 155 211 115 156 19 169 153 211 115 156 168 171 155 139 115 157 139 115 157 209 115 158 211 115 156 209 115 158 139 115 157 141 115 159 146 174 162 2 173 161 4 172 160 2 173 161 146 174 162 149 175 163 144 106 165 4 172 160 6 106 164 4 172 160 144 106 165 146 174 162 50 177 82 46 133 84 53 176 83 46 133 84 50 177 82 48 132 81 39 178 91 43 126 89 41 124 92 43 126 89 39 178 91 36 179 90 8 115 167 141 115 159 153 115 166 141 115 159 8 115 167 209 115 158 164 181 41 138 141 43 167 180 42 138 141 43 164 181 41 150 140 40 145 183 38 150 140 40 147 182 39 150 140 40 145 183 38 143 138 37 171 185 33 169 146 35 174 184 34 169 146 35 171 185 33 160 145 32 158 187 150 10 159 141 12 186 151 10 159 141 158 187 150 161 158 139 15 189 169 153 115 166 156 188 168 153 115 166 15 189 169 8 115 167 13 190 171 156 188 168 159 190 170 156 188 168 13 190 171 15 189 169 152 144 45 142 137 128 154 135 127 142 137 128 152 144 45 140 191 44 138 141 43 142 137 128 140 191 44 142 137 128 138 141 43 137 139 129 163 106 149 6 106 164 17 106 148 6 106 164 163 106 149 144 106 165 148 193 172 213 167 141 1 192 140 213 167 141 148 193 172 151 165 139 35 123 125 34 125 126 32 127 86</p>
                </triangles>
            </mesh>
        </geometry>
    </library_geometries>
    <library_visual_scenes>
        <visual_scene id="ID68">
            <node id="ID69" name="n0b4">
                <translate sid="translate">0 0 -0</translate>
                <rotate sid="rotateY">0 1 0 -0</rotate>
                <rotate sid="rotateX">1 0 0 0</rotate>
                <rotate sid="rotateZ">0 0 1 -0</rotate>
                <scale sid="scale">1 1 1</scale>
                <instance_geometry url="#ID70">
                    <bind_material>
                        <technique_common>
                            <instance_material symbol="Material1" target="#ID63">
                                <bind_vertex_input semantic="UVSET0" input_semantic="TEXCOORD" input_set="0"/>
                            </instance_material>
                        </technique_common>
                    </bind_material>
                </instance_geometry>
            </node>
            <node id="ID78" name="n1b3">
                <translate sid="translate">0 0 -0</translate>
                <rotate sid="rotateY">0 1 0 -0</rotate>
                <rotate sid="rotateX">1 0 0 0</rotate>
                <rotate sid="rotateZ">0 0 1 -0</rotate>
                <scale sid="scale">1 1 1</scale>
                <instance_geometry url="#ID79">
                    <bind_material>
                        <technique_common>
                            <instance_material symbol="Material1" target="#ID58">
                                <bind_vertex_input semantic="UVSET0" input_semantic="TEXCOORD" input_set="0"/>
                            </instance_material>
                        </technique_common>
                    </bind_material>
                </instance_geometry>
            </node>
            <node id="ID87" name="n2b10">
                <translate sid="translate">0 0 -0</translate>
                <rotate sid="rotateY">0 1 0 -0</rotate>
                <rotate sid="rotateX">1 0 0 0</rotate>
                <rotate sid="rotateZ">0 0 1 -0</rotate>
                <scale sid="scale">1 1 1</scale>
                <instance_geometry url="#ID88">
                    <bind_material>
                        <technique_common>
                            <instance_material symbol="Material1" target="#ID28">
                                <bind_vertex_input semantic="UVSET0" input_semantic="TEXCOORD" input_set="0"/>
                            </instance_material>
                        </technique_common>
                    </bind_material>
                </instance_geometry>
            </node>
            <node id="ID96" name="n3b8">
                <translate sid="translate">0 0 -0</translate>
                <rotate sid="rotateY">0 1 0 -0</rotate>
                <rotate sid="rotateX">1 0 0 0</rotate>
                <rotate sid="rotateZ">0 0 1 -0</rotate>
                <scale sid="scale">1 1 1</scale>
                <instance_geometry url="#ID97">
                    <bind_material>
                        <technique_common>
                            <instance_material symbol="Material1" target="#ID23">
                                <bind_vertex_input semantic="UVSET0" input_semantic="TEXCOORD" input_set="0"/>
                            </instance_material>
                        </technique_common>
                    </bind_material>
                </instance_geometry>
            </node>
            <node id="ID105" name="n4b9">
                <translate sid="translate">0 0 -0</translate>
                <rotate sid="rotateY">0 1 0 -0</rotate>
                <rotate sid="rotateX">1 0 0 0</rotate>
                <rotate sid="rotateZ">0 0 1 -0</rotate>
                <scale sid="scale">1 1 1</scale>
                <instance_geometry url="#ID106">
                    <bind_material>
                        <technique_common>
                            <instance_material symbol="Material1" target="#ID23">
                                <bind_vertex_input semantic="UVSET0" input_semantic="TEXCOORD" input_set="0"/>
                            </instance_material>
                        </technique_common>
                    </bind_material>
                </instance_geometry>
            </node>
            <node id="ID114" name="n5b14">
                <translate sid="translate">0 0 -0</translate>
                <rotate sid="rotateY">0 1 0 -0</rotate>
                <rotate sid="rotateX">1 0 0 0</rotate>
                <rotate sid="rotateZ">0 0 1 -0</rotate>
                <scale sid="scale">1 1 1</scale>
                <instance_geometry url="#ID115">
                    <bind_material>
                        <technique_common>
                            <instance_material symbol="Material1" target="#ID18">
                                <bind_vertex_input semantic="UVSET0" input_semantic="TEXCOORD" input_set="0"/>
                            </instance_material>
                        </technique_common>
                    </bind_material>
                </instance_geometry>
            </node>
            <node id="ID123" name="n6b1">
                <translate sid="translate">0 0 -0</translate>
                <rotate sid="rotateY">0 1 0 -0</rotate>
                <rotate sid="rotateX">1 0 0 0</rotate>
                <rotate sid="rotateZ">0 0 1 -0</rotate>
                <scale sid="scale">1 1 1</scale>
                <instance_geometry url="#ID124">
                    <bind_material>
                        <technique_common>
                            <instance_material symbol="Material1" target="#ID13">
                                <bind_vertex_input semantic="UVSET0" input_semantic="TEXCOORD" input_set="0"/>
                            </instance_material>
                        </technique_common>
                    </bind_material>
                </instance_geometry>
            </node>
            <node id="ID132" name="n7b7">
                <translate sid="translate">0 0 -0</translate>
                <rotate sid="rotateY">0 1 0 -0</rotate>
                <rotate sid="rotateX">1 0 0 0</rotate>
                <rotate sid="rotateZ">0 0 1 -0</rotate>
                <scale sid="scale">1 1 1</scale>
                <instance_geometry url="#ID133">
                    <bind_material>
                        <technique_common>
                            <instance_material symbol="Material1" target="#ID8">
                                <bind_vertex_input semantic="UVSET0" input_semantic="TEXCOORD" input_set="0"/>
                            </instance_material>
                        </technique_common>
                    </bind_material>
                </instance_geometry>
            </node>
            <node id="ID141" name="n8b6">
                <translate sid="translate">0 0 -0</translate>
                <rotate sid="rotateY">0 1 0 -0</rotate>
                <rotate sid="rotateX">1 0 0 0</rotate>
                <rotate sid="rotateZ">0 0 1 -0</rotate>
                <scale sid="scale">1 1 1</scale>
                <instance_geometry url="#ID142">
                    <bind_material>
                        <technique_common>
                            <instance_material symbol="Material1" target="#ID3">
                                <bind_vertex_input semantic="UVSET0" input_semantic="TEXCOORD" input_set="0"/>
                            </instance_material>
                        </technique_common>
                    </bind_material>
                </instance_geometry>
            </node>
            <node id="ID150" name="n9b5">
                <translate sid="translate">0 0 -0</translate>
                <rotate sid="rotateY">0 1 0 -0</rotate>
                <rotate sid="rotateX">1 0 0 0</rotate>
                <rotate sid="rotateZ">0 0 1 -0</rotate>
                <scale sid="scale">1 1 1</scale>
                <instance_geometry url="#ID151">
                    <bind_material>
                        <technique_common>
                            <instance_material symbol="Material1" target="#ID3">
                                <bind_vertex_input semantic="UVSET0" input_semantic="TEXCOORD" input_set="0"/>
                            </instance_material>
                        </technique_common>
                    </bind_material>
                </instance_geometry>
            </node>
            <node id="ID159" name="n10b0">
                <translate sid="translate">0 0 -0</translate>
                <rotate sid="rotateY">0 1 0 -0</rotate>
                <rotate sid="rotateX">1 0 0 0</rotate>
                <rotate sid="rotateZ">0 0 1 -0</rotate>
                <scale sid="scale">1 1 1</scale>
                <instance_geometry url="#ID160">
                    <bind_material>
                        <technique_common>
                            <instance_material symbol="Material1" target="#ID53">
                                <bind_vertex_input semantic="UVSET0" input_semantic="TEXCOORD" input_set="0"/>
                            </instance_material>
                        </technique_common>
                    </bind_material>
                </instance_geometry>
            </node>
            <node id="ID168" name="n11b12">
                <translate sid="translate">0 0 -0</translate>
                <rotate sid="rotateY">0 1 0 -0</rotate>
                <rotate sid="rotateX">1 0 0 0</rotate>
                <rotate sid="rotateZ">0 0 1 -0</rotate>
                <scale sid="scale">1 1 1</scale>
                <instance_geometry url="#ID169">
                    <bind_material>
                        <technique_common>
                            <instance_material symbol="Material1" target="#ID48">
                                <bind_vertex_input semantic="UVSET0" input_semantic="TEXCOORD" input_set="0"/>
                            </instance_material>
                        </technique_common>
                    </bind_material>
                </instance_geometry>
            </node>
            <node id="ID177" name="n12b11">
                <translate sid="translate">0 0 -0</translate>
                <rotate sid="rotateY">0 1 0 -0</rotate>
                <rotate sid="rotateX">1 0 0 0</rotate>
                <rotate sid="rotateZ">0 0 1 -0</rotate>
                <scale sid="scale">1 1 1</scale>
                <instance_geometry url="#ID178">
                    <bind_material>
                        <technique_common>
                            <instance_material symbol="Material1" target="#ID43">
                                <bind_vertex_input semantic="UVSET0" input_semantic="TEXCOORD" input_set="0"/>
                            </instance_material>
                        </technique_common>
                    </bind_material>
                </instance_geometry>
            </node>
            <node id="ID186" name="n13b2">
                <translate sid="translate">0 0 -0</translate>
                <rotate sid="rotateY">0 1 0 -0</rotate>
                <rotate sid="rotateX">1 0 0 0</rotate>
                <rotate sid="rotateZ">0 0 1 -0</rotate>
                <scale sid="scale">1 1 1</scale>
                <instance_geometry url="#ID187">
                    <bind_material>
                        <technique_common>
                            <instance_material symbol="Material1" target="#ID38">
                                <bind_vertex_input semantic="UVSET0" input_semantic="TEXCOORD" input_set="0"/>
                            </instance_material>
                        </technique_common>
                    </bind_material>
                </instance_geometry>
            </node>
            <node id="ID195" name="n14b13">
                <translate sid="translate">0 0 -0</translate>
                <rotate sid="rotateY">0 1 0 -0</rotate>
                <rotate sid="rotateX">1 0 0 0</rotate>
                <rotate sid="rotateZ">0 0 1 -0</rotate>
                <scale sid="scale">1 1 1</scale>
                <instance_geometry url="#ID196">
                    <bind_material>
                        <technique_common>
                            <instance_material symbol="Material1" target="#ID33">
                                <bind_vertex_input semantic="UVSET0" input_semantic="TEXCOORD" input_set="0"/>
                            </instance_material>
                        </technique_common>
                    </bind_material>
                </instance_geometry>
            </node>
        </visual_scene>
    </library_visual_scenes>
    <scene>
        <instance_visual_scene url="#ID68"/>
    </scene>
</COLLADA>
