<?xml version="1.0"?>
<COLLADA xmlns="http://www.collada.org/2005/11/COLLADASchema" version="1.4.1">
    <asset>
        <contributor>
            <authoring_tool>CINEMA4D 15.064 COLLADA Exporter</authoring_tool>
        </contributor>
        <created>2018-04-28T03:55:56Z</created>
        <modified>2018-04-28T03:55:56Z</modified>
        <unit meter="0.01" name="centimeter"/>
        <up_axis>Y_UP</up_axis>
    </asset>
    <library_images>
        <image id="ID5">
            <init_from>whitepla.png</init_from>
        </image>
        <image id="ID10">
            <init_from>starpole00.png</init_from>
        </image>
        <image id="ID15">
            <init_from>IP2_glow1_i.png</init_from>
        </image>
        <image id="ID20">
            <init_from>golddoorwakuMM2.png</init_from>
        </image>
        <image id="ID25">
            <init_from>BellMetalBase64.png</init_from>
        </image>
        <image id="ID30">
            <init_from>LightTest.png</init_from>
        </image>
        <image id="ID35">
            <init_from>IP2V_hebienv2.png</init_from>
        </image>
    </library_images>
    <library_effects>
        <effect id="ID2">
            <profile_COMMON>
                <technique sid="COMMON">
                    <blinn>
                        <diffuse>
                            <color>0.8 0.8 0.8 1</color>
                        </diffuse>
                        <specular>
                            <color>0.2 0.2 0.2 1</color>
                        </specular>
                        <shininess>
                            <float>0.5</float>
                        </shininess>
                    </blinn>
                </technique>
            </profile_COMMON>
        </effect>
        <effect id="ID4">
            <profile_COMMON>
                <newparam sid="ID6">
                    <surface type="2D">
                        <init_from>ID5</init_from>
                    </surface>
                </newparam>
                <newparam sid="ID7">
                    <sampler2D>
                        <source>ID6</source>
                    </sampler2D>
                </newparam>
                <technique sid="COMMON">
                    <blinn>
                        <diffuse>
                            <texture texture="ID7" texcoord="UVSET0"/>
                        </diffuse>
                    </blinn>
                </technique>
            </profile_COMMON>
        </effect>
        <effect id="ID9">
            <profile_COMMON>
                <newparam sid="ID11">
                    <surface type="2D">
                        <init_from>ID10</init_from>
                    </surface>
                </newparam>
                <newparam sid="ID12">
                    <sampler2D>
                        <source>ID11</source>
                    </sampler2D>
                </newparam>
                <technique sid="COMMON">
                    <blinn>
                        <diffuse>
                            <texture texture="ID12" texcoord="UVSET0"/>
                        </diffuse>
                    </blinn>
                </technique>
            </profile_COMMON>
        </effect>
        <effect id="ID14">
            <profile_COMMON>
                <newparam sid="ID16">
                    <surface type="2D">
                        <init_from>ID15</init_from>
                    </surface>
                </newparam>
                <newparam sid="ID17">
                    <sampler2D>
                        <source>ID16</source>
                    </sampler2D>
                </newparam>
                <technique sid="COMMON">
                    <blinn>
                        <diffuse>
                            <texture texture="ID17" texcoord="UVSET0"/>
                        </diffuse>
                    </blinn>
                </technique>
            </profile_COMMON>
        </effect>
        <effect id="ID19">
            <profile_COMMON>
                <newparam sid="ID21">
                    <surface type="2D">
                        <init_from>ID20</init_from>
                    </surface>
                </newparam>
                <newparam sid="ID22">
                    <sampler2D>
                        <source>ID21</source>
                    </sampler2D>
                </newparam>
                <technique sid="COMMON">
                    <blinn>
                        <diffuse>
                            <texture texture="ID22" texcoord="UVSET0"/>
                        </diffuse>
                    </blinn>
                </technique>
            </profile_COMMON>
        </effect>
        <effect id="ID24">
            <profile_COMMON>
                <newparam sid="ID26">
                    <surface type="2D">
                        <init_from>ID25</init_from>
                    </surface>
                </newparam>
                <newparam sid="ID27">
                    <sampler2D>
                        <source>ID26</source>
                    </sampler2D>
                </newparam>
                <technique sid="COMMON">
                    <blinn>
                        <diffuse>
                            <texture texture="ID27" texcoord="UVSET0"/>
                        </diffuse>
                    </blinn>
                </technique>
            </profile_COMMON>
        </effect>
        <effect id="ID29">
            <profile_COMMON>
                <newparam sid="ID31">
                    <surface type="2D">
                        <init_from>ID30</init_from>
                    </surface>
                </newparam>
                <newparam sid="ID32">
                    <sampler2D>
                        <source>ID31</source>
                    </sampler2D>
                </newparam>
                <technique sid="COMMON">
                    <blinn>
                        <diffuse>
                            <texture texture="ID32" texcoord="UVSET0"/>
                        </diffuse>
                    </blinn>
                </technique>
            </profile_COMMON>
        </effect>
        <effect id="ID34">
            <profile_COMMON>
                <newparam sid="ID36">
                    <surface type="2D">
                        <init_from>ID35</init_from>
                    </surface>
                </newparam>
                <newparam sid="ID37">
                    <sampler2D>
                        <source>ID36</source>
                    </sampler2D>
                </newparam>
                <technique sid="COMMON">
                    <blinn>
                        <diffuse>
                            <texture texture="ID37" texcoord="UVSET0"/>
                        </diffuse>
                    </blinn>
                </technique>
            </profile_COMMON>
        </effect>
    </library_effects>
    <library_materials>
        <material id="ID3" name="m8">
            <instance_effect url="#ID4"/>
        </material>
        <material id="ID8" name="m7">
            <instance_effect url="#ID9"/>
        </material>
        <material id="ID13" name="m5">
            <instance_effect url="#ID14"/>
        </material>
        <material id="ID18" name="m4">
            <instance_effect url="#ID19"/>
        </material>
        <material id="ID23" name="m3">
            <instance_effect url="#ID24"/>
        </material>
        <material id="ID28" name="m2">
            <instance_effect url="#ID29"/>
        </material>
        <material id="ID33" name="m0">
            <instance_effect url="#ID34"/>
        </material>
    </library_materials>
    <library_geometries>
        <geometry id="ID40">
            <mesh>
                <source id="ID41">
                    <float_array id="ID42" count="96">-143.781 171.969 -480.688 -0.09375 173.063 -511 -154.719 130.75 -471.406 -0.09375 131.531 -503.781 -156.844 76.8438 -459.188 -0.125 77.1563 -490.375 -148.031 39.7188 -453.313 -0.125 39.75 -479.688 -129.094 16.875 -453.188 27.8125 287.844 -509.375 56.2188 277.625 -507.438 88.5625 255.5 -505.781 106.719 236.938 -500.281 128.438 205.875 -489.75 143.469 171.969 -480.563 154.406 130.75 -471.281 156.5 76.8438 -459.063 147.688 39.7188 -453.188 80.75 16.875 -465.406 -0.15625 16.875 -471.656 128.75 16.875 -453.094 -81.0938 16.875 -465.469 -0.09375 257.281 -515.625 -88.8438 255.5 -505.844 -107 236.938 -500.375 -0.09375 238.563 -515.438 -0.125 290.438 -511.656 -28.0938 287.844 -509.406 -0.09375 279.594 -514.656 -56.5 277.625 -507.5 -128.75 205.875 -489.875 -0.09375 207.25 -514.938</float_array>
                    <technique_common>
                        <accessor count="32" source="#ID42" stride="3">
                            <param name="X" type="float"/>
                            <param name="Y" type="float"/>
                            <param name="Z" type="float"/>
                        </accessor>
                    </technique_common>
                </source>
                <source id="ID43">
                    <float_array id="ID44" count="96">-0.122895 0.10364 -0.986993 -0.119179 -0.0260427 -0.992531 0.00146633 -0.00552361 -0.999984 -0.0485564 -0.0743477 -0.996049 0.143601 -0.102631 -0.9843 0.0278866 -0.0921222 -0.995357 0.193322 -0.159932 -0.968013 0.000520327 -0.153602 -0.988133 0.202875 -0.167537 -0.964766 0.000471786 -0.192772 -0.981243 0.197596 -0.202876 -0.959061 0.00043514 -0.242729 -0.970094 0.184312 -0.224673 -0.956844 0.000421563 -0.141108 -0.989994 -0.115967 0.222431 -0.968027 0.016852 0.157843 -0.98732 0.116354 -0.00912018 -0.993166 -0.179189 -0.133684 -0.974689 -0.13395 -0.194571 -0.971699 -0.211013 0.0593966 -0.975677 -0.163487 -0.034172 -0.985953 0.000374026 -0.331269 -0.943536 0.164195 -0.0349441 -0.985809 0.211777 0.0589986 -0.975536 0.173824 -0.171311 -0.969762 0.130847 0.148487 -0.98022 0.117216 0.223009 -0.967743 0.00060916 0.266643 -0.963795 -0.172917 -0.171504 -0.96989 -0.183456 -0.224615 -0.957023 -0.196714 -0.202896 -0.959238 -0.201914 -0.167798 -0.964922</float_array>
                    <technique_common>
                        <accessor count="32" source="#ID44" stride="3">
                            <param name="X" type="float"/>
                            <param name="Y" type="float"/>
                            <param name="Z" type="float"/>
                        </accessor>
                    </technique_common>
                </source>
                <source id="ID45">
                    <float_array id="ID46" count="64">0.277588 0.630371 0.199219 0.576416 0.414551 0.580811 0.414551 0.5354 0.674072 0.531494 0.414551 0.459473 0.726807 0.456055 0.414551 0.376465 0.763184 0.373779 0.414551 0.275635 0.789795 0.273682 0.414551 0.143555 0.794922 0.142822 0.414551 0.0527344 0.34668 0.655029 0.414551 0.63501 0.629883 0.576416 0.102295 0.456055 0.155029 0.531494 0.101318 -0.00292969 0.218018 -0.00292969 0.414551 -0.00292969 0.61084 -0.00292969 0.727539 -0.00292969 0.773438 0.0527344 0.55127 0.630371 0.482422 0.655029 0.414551 0.661377 0.0554199 0.0527344 0.0339355 0.142822 0.0390625 0.273682 0.0656738 0.373779</float_array>
                    <technique_common>
                        <accessor count="32" source="#ID46" stride="2">
                            <param name="S" type="float"/>
                            <param name="T" type="float"/>
                        </accessor>
                    </technique_common>
                </source>
                <vertices id="ID47">
                    <input semantic="POSITION" source="#ID41"/>
                </vertices>
                <triangles count="38" material="Material1">
                    <input offset="0" semantic="VERTEX" source="#ID47"/>
                    <input offset="1" semantic="NORMAL" source="#ID43"/>
                    <input offset="2" semantic="TEXCOORD" source="#ID45" set="0"/>
                    <p>22 2 2 23 1 1 29 0 0 23 1 1 22 2 2 25 3 3 12 4 4 25 3 3 22 2 2 25 3 3 12 4 4 31 5 5 13 6 6 31 5 5 12 4 4 31 5 5 13 6 6 1 7 7 14 8 8 1 7 7 13 6 6 1 7 7 14 8 8 3 9 9 15 10 10 3 9 9 14 8 8 3 9 9 15 10 10 5 11 11 16 12 12 5 11 11 15 10 10 5 11 11 16 12 12 7 13 13 28 15 15 29 0 0 27 14 14 29 0 0 28 15 15 22 2 2 11 16 16 22 2 2 28 15 15 22 2 2 11 16 16 12 4 4 30 17 17 31 5 5 1 7 7 31 5 5 30 17 17 25 3 3 24 18 18 25 3 3 30 17 17 25 3 3 24 18 18 23 1 1 7 13 13 21 20 20 8 19 19 21 20 20 7 13 13 19 21 21 18 22 22 19 21 21 7 13 13 7 13 13 20 23 23 18 22 22 20 23 23 7 13 13 17 24 24 16 12 12 17 24 24 7 13 13 28 15 15 9 26 26 10 25 25 9 26 26 28 15 15 26 27 27 27 14 14 26 27 27 28 15 15 6 28 28 7 13 13 8 19 19 7 13 13 6 28 28 4 29 29 4 29 29 5 11 11 7 13 13 5 11 11 4 29 29 2 30 30 2 30 30 3 9 9 5 11 11 3 9 9 2 30 30 0 31 31 0 31 31 1 7 7 3 9 9 1 7 7 0 31 31 30 17 17 11 16 16 28 15 15 10 25 25</p>
                </triangles>
            </mesh>
        </geometry>
        <geometry id="ID49">
            <mesh>
                <source id="ID50">
                    <float_array id="ID51" count="2553">-203.969 -132.406 -288.844 430.656 394.688 304.719 -257.031 713.25 276.688 -70.0938 -132.406 -337.156 366.531 393.719 386.094 -199.719 713.25 321.469 -203.969 -132.406 327.594 353.469 496.188 373.094 -68.4375 713.25 367.875 -262.375 -132.406 281.75 415.031 496.188 294.281 -257.031 713.25 -237.406 -308.219 -132.406 223.344 501.063 401.875 115.781 501.063 401.875 115.781 -301.813 713.25 -180.094 -356.531 -132.406 89.4688 517.281 285.25 121 517.281 285.25 121 -348.25 713.25 -48.8125 -308.219 -132.406 -184.594 475.25 398.438 213.406 -199.719 713.25 -282.188 -139.188 -132.406 -319.406 509.313 152.719 117.188 509.313 152.719 117.188 -301.813 713.25 219.375 -139.188 -132.406 358.125 516.531 152.719 19.3438 -136.125 713.25 350.938 -338.75 -132.406 158.563 484.969 5.5 19.3438 -331.313 713.25 -116.469 -338.75 -132.406 -119.813 477.719 5.5 113.281 477.719 5.5 113.281 -136.125 713.25 -311.656 239.875 206.875 -469.281 438.156 152.719 -270.781 -331.313 713.25 155.75 220.156 250.813 -486.219 372.969 152.719 -353.594 60.0938 746.188 -286.094 128.438 205.875 -489.75 128.438 205.875 -489.75 184.375 250.813 -503.719 351.563 5.5 -332.188 0 746.188 -290.5 181.469 209.813 -498.188 412.969 5.5 -253.906 305.75 746.188 79.75 305.75 746.188 79.75 -0.4375 130.75 243.563 509.313 152.719 -78.4375 310.156 746.188 19.625 106.406 236.938 243.594 106.406 236.938 243.594 517.281 285.25 -82.0625 175.375 746.188 284.656 88.25 255.5 243.594 88.25 255.5 243.594 483.281 152.719 -177.75 225.688 746.188 245.313 84.0938 9.96875 -485.625 379.375 285.25 398.813 0 746.188 329.813 -0.125 9.96875 -492.125 274.656 496.188 434.688 60.0938 746.188 325.406 -0.125 3.34375 -489.344 -0.125 3.34375 -489.344 -0.125 3.34375 -489.344 187.188 496.188 475.219 265 746.188 -155.719 83.75 3.34375 -482.813 83.75 3.34375 -482.813 83.75 3.34375 -482.813 379.375 285.25 -359.906 225.688 746.188 -206.031 27.5 287.844 243.563 27.5 287.844 243.563 296.344 285.25 -425.188 305.75 746.188 -40.4375 -0.4375 290.438 243.563 -0.4375 290.438 243.563 415.031 496.188 -255.031 175.375 746.188 -245.375 55.9063 277.625 243.594 55.9063 277.625 243.594 455.563 496.188 -167.531 265 746.188 195 89.7813 355.031 -524.188 412.969 5.5 292.656 119.5 746.188 310.531 89.375 387.281 -518.813 453.906 5.5 205.844 290.875 746.188 -99.875 46.875 403.125 -519.969 0 285.25 544.844 119.5 746.188 -271.25 -0.125 358.906 -531.594 525.375 285.25 19.4375 290.875 746.188 139.156 145.188 353.156 -509.313 186.5 5.5 473.25 -60.0938 746.188 -286.094 143.156 171.969 243.625 143.156 171.969 243.625 0 152.719 535.906 -310.156 746.188 19.625 154.125 130.75 243.625 154.125 130.75 243.625 93.9063 5.5 497.094 -305.75 746.188 79.75 128.156 205.875 243.625 128.156 205.875 243.625 0 5.5 504.344 -225.688 746.188 245.313 156.219 76.8438 243.625 156.219 76.8438 243.625 187.188 496.188 -435.938 -175.375 746.188 284.656 147.406 39.7188 243.625 147.406 39.7188 243.625 193.844 398.438 -455.688 -60.0938 746.188 325.406 128.469 16.875 243.625 128.469 16.875 243.625 128.469 16.875 243.625 455.563 496.188 206.813 -225.688 746.188 -206.031 80.4688 16.875 243.594 80.4688 16.875 243.594 478.875 496.188 113.781 478.875 496.188 113.781 -265 746.188 -155.719 92.2188 262.281 -527.656 453.906 5.5 -167.125 -305.75 746.188 -40.4375 -0.4375 16.875 243.563 -0.4375 16.875 243.563 477.719 5.5 -74.5313 -175.375 746.188 -245.375 262.063 72.6563 -429.531 -202.156 285.25 510.094 -265 746.188 195 257.313 132.375 -448.281 -296.344 285.25 464.094 -119.5 746.188 310.531 251.594 72.625 -437.125 -285.188 394.688 450.219 -290.875 746.188 -99.875 176 132.375 -487.75 -193.844 398.438 494.781 -119.5 746.188 -271.25 171.594 72.75 -475.625 -490.625 285.25 -182.688 -290.875 746.188 139.156 182.281 311.5 -501.313 -444.656 285.25 -276.875 54.2188 638.844 -256.156 54.2188 638.844 -256.156 58.5625 285.313 -529.375 -430.656 394.688 -265.625 0 638.844 -260.125 0 638.844 -260.125 111.156 242.938 -521.938 -475.25 398.438 -174.313 0 727.969 -260.125 0 727.969 -260.125 133.75 210.594 -510.969 -490.625 285.25 221.594 54.2188 727.969 -256.156 54.2188 727.969 -256.156 160.813 132.375 -491.75 -444.656 285.25 315.813 275.813 638.844 73.875 275.813 638.844 73.875 162.969 76.2188 -479 -438.156 152.719 309.531 279.781 638.844 19.625 279.781 638.844 19.625 166.469 3.34375 -461.5 166.469 3.34375 -461.5 166.469 3.34375 -461.5 -483.281 152.719 216.5 279.781 727.969 19.625 279.781 727.969 19.625 134.094 9.96875 -472.781 -96.25 401.875 520.625 275.813 727.969 73.875 275.813 727.969 73.875 153.813 34.875 -472.906 -94.125 496.188 498.531 158.188 638.844 258.688 158.188 638.844 258.688 244.438 206.906 -439.406 -485.781 496.188 19.625 203.563 638.844 223.219 203.563 638.844 223.219 224.344 251.719 -456.719 -508.469 406.219 19.5313 203.563 727.969 223.219 203.563 727.969 223.219 252.938 159.813 -455.031 -501.063 401.875 -76.6875 158.188 727.969 258.688 158.188 727.969 258.688 257.75 158.969 -424.844 -478.875 496.188 -74.5 0 638.844 299.438 0 638.844 299.438 262.406 130.938 -416.656 -351.563 5.5 370.906 54.2188 638.844 295.438 54.2188 638.844 295.438 80.75 16.875 -465.406 -372.969 152.719 392.344 54.2188 727.969 295.438 54.2188 727.969 295.438 -0.15625 16.875 -471.656 -290.156 152.719 457.531 0 727.969 299.438 0 727.969 299.438 -0.125 407.938 -523.375 -273.281 5.5 432.344 239.031 638.844 -138.531 239.031 638.844 -138.531 47.5938 406.156 -496.875 -101.531 285.25 536.719 203.563 638.844 -183.938 203.563 638.844 -183.938 -0.125 411.031 -500.281 -97.8125 152.719 528.688 203.563 727.969 -183.938 203.563 727.969 -183.938 90.7188 390.063 -495.719 -197.125 152.719 502.656 239.031 727.969 -138.531 239.031 727.969 -138.531 185.313 313.313 -475.469 -353.469 496.188 -333.844 275.813 638.844 -34.5625 275.813 638.844 -34.5625 147.625 355.656 -483.594 -366.531 393.719 -347 275.813 727.969 -34.5625 275.813 727.969 -34.5625 88.5625 255.5 -505.781 88.5625 255.5 -505.781 -285.188 394.688 -411.125 158.188 638.844 -219.406 158.188 638.844 -219.406 106.719 236.938 -500.281 106.719 236.938 -500.281 -274.656 496.188 -395.406 158.188 727.969 -219.406 158.188 727.969 -219.406 258.625 36 -422.688 -193.844 398.438 -455.688 239.031 638.844 177.813 239.031 638.844 177.813 263.25 33 -393.688 -353.469 496.188 373.094 239.031 727.969 177.813 239.031 727.969 177.813 266.75 70.3125 -400.656 -366.531 393.719 386.094 107.813 638.844 282.031 107.813 638.844 282.031 245 3.34375 -424.156 245 3.34375 -424.156 -430.656 394.688 304.719 107.813 727.969 282.031 107.813 727.969 282.031 249.531 -3.15625 -394.219 249.531 -3.15625 -394.219 -415.031 496.188 294.281 262.375 638.844 -88.1563 262.375 638.844 -88.1563 56.2188 277.625 -507.438 56.2188 277.625 -507.438 -517.281 285.25 121 262.375 727.969 -88.1563 262.375 727.969 -88.1563 28.9688 295.969 -531.406 -501.063 401.875 115.781 107.813 638.844 -242.75 107.813 638.844 -242.75 27.8125 287.844 -509.375 27.8125 287.844 -509.375 -475.25 398.438 213.406 107.813 727.969 -242.75 107.813 727.969 -242.75 -0.125 298.656 -533.781 -484.969 5.5 19.3438 262.375 638.844 127.438 262.375 638.844 127.438 -0.125 290.438 -511.656 -0.125 290.438 -511.656 -516.531 152.719 19.3438 262.375 727.969 127.438 262.375 727.969 127.438 149.406 175.281 -501.406 -509.313 152.719 117.188 -54.2188 638.844 -256.156 -54.2188 638.844 -256.156 143.469 171.969 -480.563 143.469 171.969 -480.563 -477.719 5.5 113.281 -54.2188 727.969 -256.156 -54.2188 727.969 -256.156 154.406 130.75 -471.281 154.406 130.75 -471.281 -351.563 5.5 -332.188 -279.781 638.844 19.625 -279.781 638.844 19.625 128.75 16.875 -453.094 128.75 16.875 -453.094 -372.969 152.719 -353.594 -275.813 638.844 73.875 -275.813 638.844 73.875 147.688 39.7188 -453.188 147.688 39.7188 -453.188 -438.156 152.719 -270.781 -275.813 727.969 73.875 -275.813 727.969 73.875 156.5 76.8438 -459.063 156.5 76.8438 -459.063 -412.969 5.5 -253.906 -279.781 727.969 19.625 -279.781 727.969 19.625 248.125 36.125 -430.281 -517.281 285.25 -82.0625 -203.563 638.844 223.219 -203.563 638.844 223.219 168.938 36.4688 -468.25 -509.313 152.719 -78.4375 -158.188 638.844 258.688 -158.188 638.844 258.688 178.625 169.813 -492.813 -483.281 152.719 -177.75 -158.188 727.969 258.688 -158.188 727.969 258.688 -184.656 250.813 -503.875 -379.375 285.25 398.813 -203.563 727.969 223.219 -203.563 727.969 223.219 -220.469 250.813 -486.406 -274.656 496.188 434.688 -54.2188 638.844 295.438 -54.2188 638.844 295.438 -240.219 206.875 -469.469 -187.188 496.188 475.219 -54.2188 727.969 295.438 -54.2188 727.969 295.438 -181.781 209.813 -498.344 -379.375 285.25 -359.906 -203.563 638.844 -183.938 -203.563 638.844 -183.938 -107.313 236.938 243.531 -107.313 236.938 243.531 -290.156 152.719 -418.781 -239.031 638.844 -138.531 -239.031 638.844 -138.531 -89.1563 255.5 243.531 -89.1563 255.5 243.531 -296.344 285.25 -425.188 -239.031 727.969 -138.531 -239.031 727.969 -138.531 -84.4063 9.96875 -485.688 -415.031 496.188 -255.031 -203.563 727.969 -183.938 -203.563 727.969 -183.938 -84.0625 3.34375 -482.906 -84.0625 3.34375 -482.906 -84.0625 3.34375 -482.906 -455.563 496.188 -167.531 -275.813 638.844 -34.5625 -275.813 638.844 -34.5625 -28.4063 287.844 243.563 -28.4063 287.844 243.563 -412.969 5.5 292.656 -275.813 727.969 -34.5625 -275.813 727.969 -34.5625 -56.8125 277.625 243.531 -56.8125 277.625 243.531 -453.906 5.5 205.844 -158.188 638.844 -219.406 -158.188 638.844 -219.406 -47.1875 403.125 -520 -525.375 285.25 19.4375 -158.188 727.969 -219.406 -158.188 727.969 -219.406 -89.6563 387.281 -518.875 -186.5 5.5 473.25 -239.031 638.844 177.813 -239.031 638.844 177.813 -90.0625 355.031 -524.281 -93.9063 5.5 497.094 -239.031 727.969 177.813 -239.031 727.969 177.813 -145.469 353.156 -509.406 -187.188 496.188 -435.938 -107.813 638.844 282.031 -107.813 638.844 282.031 -144.063 171.969 243.5 -144.063 171.969 243.5 0 496.188 -466.125 -107.813 727.969 282.031 -107.813 727.969 282.031 -155.031 130.75 243.5 -155.031 130.75 243.5 -455.563 496.188 206.813 -262.375 638.844 -88.1563 -262.375 638.844 -88.1563 -129.031 205.875 243.5 -129.031 205.875 243.5 -478.875 496.188 113.781 -262.375 727.969 -88.1563 -262.375 727.969 -88.1563 -157.125 76.8438 243.5 -157.125 76.8438 243.5 -453.906 5.5 -167.125 -107.813 638.844 -242.75 -107.813 638.844 -242.75 -148.313 39.7188 243.5 -148.313 39.7188 243.5 -477.719 5.5 -74.5313 -107.813 727.969 -242.75 -107.813 727.969 -242.75 -129.375 16.875 243.5 -129.375 16.875 243.5 -129.375 16.875 243.5 86.4375 -82.1563 459.031 -262.375 638.844 127.438 -262.375 638.844 127.438 -81.375 16.875 243.531 -81.375 16.875 243.531 0 -82.1563 465.719 -262.375 727.969 127.438 -262.375 727.969 127.438 -92.5 262.281 -527.719 439.656 -82.1563 -67.0625 -257.656 132.375 -448.5 446.344 -82.1563 19.3438 -262.438 72.6563 -429.75 0 -82.1563 -426.969 -251.969 72.625 -437.313 86.4375 -82.1563 -420.313 -176.313 132.375 -487.906 323.563 -82.1563 342.938 -171.906 72.75 -475.781 251.531 -82.1563 399.469 -182.563 311.5 -501.469 380.094 -82.1563 270.906 -58.8438 285.313 -529.438 439.656 -82.1563 105.813 439.656 -82.1563 105.813 -134.063 210.594 -511.094 323.563 -82.1563 -304.188 -111.438 242.938 -522.031 380.094 -82.1563 -232.156 -163.313 76.2188 -479.125 171.625 -82.1563 437.125 -161.125 132.375 -491.875 417.75 -82.1563 191 -166.813 3.34375 -461.656 -166.813 3.34375 -461.656 -166.813 3.34375 -461.656 417.75 -82.1563 -152.281 -134.406 9.96875 -472.906 171.625 -82.1563 -398.375 -154.125 37.5938 -473.031 -86.4375 -82.1563 459.031 -224.719 251.719 -456.531 -446.344 -82.1563 19.3438 -244.844 206.906 -439.219 -439.656 -82.1563 -67.0625 -81.0938 16.875 -465.469 -323.563 -82.1563 -304.188 -47.9063 406.156 -496.844 -251.531 -82.1563 -360.719 -147.969 355.688 -483.5 -251.531 -82.1563 399.469 -185.656 313.313 -475.406 -323.563 -82.1563 342.938 -88.8438 255.5 -505.844 -88.8438 255.5 -505.844 -380.094 -82.1563 270.906 -107 236.938 -500.375 -107 236.938 -500.375 -439.656 -82.1563 105.813 -262.844 130.938 -416.5 -380.094 -82.1563 -232.156 -267.25 70.25 -400.188 -171.625 -82.1563 -398.375 -259 36 -422.906 -171.625 -82.1563 437.125 -263.75 32.9375 -393.219 -417.75 -82.1563 191 -56.5 277.625 -507.5 -56.5 277.625 -507.5 -417.75 -82.1563 -152.281 -28.0938 287.844 -509.406 -28.0938 287.844 -509.406 77.7813 -150.5 415 -29.25 295.969 -531.438 0 -150.5 421 -154.719 130.75 -471.406 -154.719 130.75 -471.406 395.625 -150.5 -58.4063 -143.781 171.969 -480.688 -143.781 171.969 -480.688 401.625 -150.5 19.3438 -149.688 175.281 -501.531 226.344 -150.5 -322.656 -129.094 16.875 -453.188 -129.094 16.875 -453.188 291.125 -150.5 -271.781 -148.031 39.7188 -453.313 -148.031 39.7188 -453.313 251.531 -82.1563 -360.719 -156.844 76.8438 -459.188 -156.844 76.8438 -459.188 0 -150.5 -382.25 -245.344 3.34375 -424.375 -245.344 3.34375 -424.375 77.7813 -150.5 -376.25 -248.469 36.125 -430.5 291.125 -150.5 310.5 -169.25 36.4688 -468.375 226.344 -150.5 361.375 -178.938 169.813 -492.938 342 -150.5 245.688 -253.281 159.813 -455.219 395.625 -150.5 97.125 395.625 -150.5 97.125 209.406 274.25 -467.75 342.031 -150.5 -206.969 -258.156 158.938 -424.688 154.438 -150.5 -356.531 -91.0313 390.063 -495.719 154.438 -150.5 395.281 -194.219 299.156 -473.719 375.906 -150.5 173.813 -249.688 -3.15625 -395.781 -249.688 -3.15625 -395.781 375.906 -150.5 -135.063 -209.781 274.25 -467.531 -77.7813 -150.5 415 -0.125 -3.15625 -460.063 -0.125 -3.15625 -460.063 -401.625 -150.5 19.3438 83.75 -3.15625 -453.563 83.75 -3.15625 -453.563 -395.625 -150.5 -58.4063 166.469 -3.15625 -432.25 166.469 -3.15625 -432.25 -291.125 -150.5 -271.781 -84.0625 -3.15625 -453.625 -84.0625 -3.15625 -453.625 -226.344 -150.5 -322.656 -166.813 -3.15625 -432.375 -166.813 -3.15625 -432.375 -77.7813 -150.5 -376.25 183.156 -14.0625 -426.438 -86.4375 -82.1563 -420.313 268.375 -14.25 -386.188 -226.344 -150.5 361.375 249.531 -3.15625 -394.219 -291.125 -150.5 310.5 166.469 -3.15625 -432.25 -342 -150.5 245.688 -92.25 -14.0313 -449.875 -395.625 -150.5 97.125 0 -14 -457 -342.031 -150.5 -206.969 -0.125 -3.15625 -460.063 -154.438 -150.5 -356.531 -84.0625 -3.15625 -453.625 -154.438 -150.5 395.281 -183.156 -14.0938 -426.438 -375.906 -150.5 173.813 -166.813 -3.15625 -432.375 -375.906 -150.5 -135.063 242.469 206.938 -435.625 94.125 496.188 -459.219 74.2813 -159.813 397.219 257.688 158.969 -424.75 -94.125 496.188 -459.219 0 -159.813 402.969 280.031 152.719 -423.688 86.9063 584.344 -422.406 0 -150.5 421 263.375 205.219 -435.969 0 584.344 -428.781 77.7813 -150.5 415 220.875 251.719 -449.281 442.063 584.344 106.563 442.063 584.344 106.563 377.844 -159.813 -54.9063 239.75 253.906 -450.813 448.438 584.344 19.625 383.594 -159.813 19.3438 205.375 274.25 -458.344 253.531 584.344 402.781 401.625 -150.5 19.3438 218.156 285.25 -463.375 326.281 584.344 345.938 395.625 -150.5 -58.4063 86.9688 390.063 -474.25 0 584.344 468.094 216.156 -159.813 -307.281 142.563 355.656 -466.188 86.9063 584.344 461.719 278.063 -159.813 -258.688 152.438 370.188 -475.375 383.156 584.344 -233.906 291.125 -150.5 -271.781 102.156 401.656 -479.969 326.281 584.344 -306.656 226.344 -150.5 -322.656 180.563 313.313 -462.656 442.063 584.344 -67.25 0 -159.813 -364.219 0 -159.813 -364.219 200.219 313.406 -467.719 253.531 584.344 -363.5 74.2813 -159.813 -358.5 262.406 130.938 -416.656 383.156 584.344 273.188 77.7813 -150.5 -376.25 266.75 70.3125 -400.656 172.781 584.344 440.188 0 -150.5 -382.25 0 -150.5 -382.25 290.281 56.6563 -393.688 420.563 584.344 -153.156 278.063 -159.813 297.438 285.688 113.688 -412.125 172.781 584.344 -400.906 216.156 -159.813 346.031 263.25 33 -393.688 420.563 584.344 192.438 226.344 -150.5 361.375 286.438 16.0938 -386.125 -86.9063 584.344 -422.406 291.125 -150.5 310.5 280.531 5.5 -387.938 -448.438 584.344 19.625 326.656 -159.813 235.531 -0.125 411.031 -476.375 -442.063 584.344 106.563 342 -150.5 245.688 45.4688 406.156 -473.656 -326.281 584.344 345.938 377.844 -159.813 93.6563 49.6563 424.375 -479.594 -253.531 584.344 402.781 395.625 -150.5 97.125 0 429.688 -482.594 -86.9063 584.344 461.719 326.656 -159.813 -196.781 96.125 405.531 -480.531 -326.281 584.344 -306.656 342.031 -150.5 -206.969 -258.094 158.938 -424.563 -383.156 584.344 -233.906 147.5 -159.813 -339.656 -242.875 206.938 -435.438 -442.063 584.344 -67.25 154.438 -150.5 -356.531 -262.25 205.219 -436.531 -253.531 584.344 -363.5 147.5 -159.813 378.375 -278.813 152.719 -424.281 -383.156 584.344 273.188 154.438 -150.5 395.281 -221.25 251.719 -449.094 -172.781 584.344 440.188 359.031 -159.813 166.875 -238.625 253.906 -451.344 -420.563 584.344 -153.156 375.906 -150.5 173.813 -205.781 274.25 -458.125 -172.781 584.344 -400.906 359.031 -159.813 -128.125 -217.031 285.25 -463.906 -420.563 584.344 192.438 375.906 -150.5 -135.063 -142.875 355.688 -466.094 78.4688 652.469 -379.594 -74.2813 -159.813 397.219 -87.2813 390.063 -474.25 0 652.469 -385.344 -77.7813 -150.5 415 -101.031 401.688 -480.25 399.219 652.469 98.125 399.219 652.469 98.125 -383.594 -159.813 19.3438 -151.406 370.188 -475.656 404.969 652.469 19.625 -377.844 -159.813 -54.9063 -180.906 313.313 -462.625 228.969 652.469 365.656 -395.625 -150.5 -58.4063 -200.375 311.469 -468 294.688 652.469 314.313 -401.625 -150.5 19.3438 -267.25 70.25 -400.188 0 652.469 424.625 -278.063 -159.813 -258.688 -262.844 130.938 -416.5 78.4688 652.469 418.875 -216.156 -159.813 -307.281 -285 107.75 -411.094 346.031 652.469 -209.344 -226.344 -150.5 -322.656 -289.094 56.6563 -394.594 294.688 652.469 -275.031 -291.125 -150.5 -271.781 -263.75 32.9375 -393.219 399.219 652.469 -58.8438 -74.2813 -159.813 -358.5 -285.25 16.0625 -387.063 228.969 652.469 -326.375 -77.7813 -150.5 -376.25 -249.688 -3.15625 -395.781 346.031 652.469 248.625 -216.156 -159.813 346.031 -280.594 5.5 -387.875 156.063 652.469 399.438 -278.063 -159.813 297.438 -45.75 406.156 -473.625 379.813 652.469 -136.406 -291.125 -150.5 310.5 -48.625 424.375 -479.688 156.063 652.469 -360.156 -226.344 -150.5 361.375 -96.125 404.844 -480.719 379.813 652.469 175.688 -326.656 -159.813 235.531 92.25 -14 -449.875 -78.4688 652.469 -379.594 -342 -150.5 245.688 83.75 -3.15625 -453.563 -404.969 652.469 19.625 -377.844 -159.813 93.6563 -268.344 -14.3438 -386.156 -399.219 652.469 98.125 -395.625 -150.5 97.125 285.188 394.688 450.219 -294.688 652.469 314.313 -326.656 -159.813 -196.781 296.344 285.25 464.094 -228.969 652.469 365.656 -342.031 -150.5 -206.969 202.156 285.25 510.094 -78.4688 652.469 418.875 -147.5 -159.813 -339.656 193.844 398.438 494.781 -294.688 652.469 -275.031 -154.438 -150.5 -356.531 290.156 152.719 -418.781 -346.031 652.469 -209.344 -147.5 -159.813 378.375 430.656 394.688 -265.625 -399.219 652.469 -58.8438 -154.438 -150.5 395.281 444.656 285.25 -276.875 -228.969 652.469 -326.375 -359.031 -159.813 166.875 490.625 285.25 -182.688 -346.031 652.469 248.625 -375.906 -150.5 173.813 475.25 398.438 -174.313 -156.063 652.469 399.438 -359.031 -159.813 -128.125 438.156 152.719 309.531 -379.813 652.469 -136.406 -375.906 -150.5 -135.063 444.656 285.25 315.813 -156.063 652.469 -360.156 70.0938 -132.406 375.906 490.625 285.25 221.594 -379.813 652.469 175.688 0 -132.406 381.313 483.281 152.719 216.5 68.4375 713.25 -328.594 356.531 -132.406 -50.7188 96.25 401.875 520.625 0 713.25 -333.594 361.938 -132.406 19.3438 0 406.219 528.031 348.25 713.25 88.0938 348.25 713.25 88.0938 203.969 -132.406 -288.844 0 496.188 505.438 353.25 713.25 19.625 262.375 -132.406 -243 94.125 496.188 498.531 199.719 713.25 321.469 0 -132.406 -342.594 0 -132.406 -342.594 501.063 401.875 -76.6875 257.031 713.25 276.688 70.0938 -132.406 -337.156 508.469 406.219 19.5313 0 713.25 372.906 262.375 -132.406 281.75 485.781 496.188 19.625 68.4375 713.25 367.875 203.969 -132.406 327.594 478.875 496.188 -74.5 301.813 713.25 -180.094 308.219 -132.406 223.344 290.156 152.719 457.531 257.031 713.25 -237.406 356.531 -132.406 89.4688 372.969 152.719 392.344 348.25 713.25 -48.8125 308.219 -132.406 -184.594 351.563 5.5 370.906 199.719 713.25 -282.188 139.188 -132.406 -319.406 273.281 5.5 432.344 301.813 713.25 219.375 139.188 -132.406 358.125 97.8125 152.719 528.688 136.125 713.25 350.938 338.75 -132.406 158.563 101.531 285.25 536.719 331.313 713.25 -116.469 338.75 -132.406 -119.813 197.125 152.719 502.656 136.125 713.25 -311.656 -70.0938 -132.406 375.906 285.188 394.688 -411.125 331.313 713.25 155.75 -361.938 -132.406 19.3438 366.531 393.719 -347 -68.4375 713.25 -328.594 -128.75 205.875 -489.875 -128.75 205.875 -489.875 -356.531 -132.406 -50.7188 353.469 496.188 -333.844 -353.25 713.25 19.625 -262.375 -132.406 -243 274.656 496.188 -395.406 -348.25 713.25 88.0938</float_array>
                    <technique_common>
                        <accessor count="851" source="#ID51" stride="3">
                            <param name="X" type="float"/>
                            <param name="Y" type="float"/>
                            <param name="Z" type="float"/>
                        </accessor>
                    </technique_common>
                </source>
                <source id="ID52">
                    <float_array id="ID53" count="2259">0.134148 -0.90109 -0.41236 0.0700853 -0.85427 -0.515083 0.0714833 -0.928408 0.364622 -0.00961054 -0.928033 -0.372373 -0.022236 -0.95778 0.28664 -0.0585835 -0.900424 0.43105 -0.635239 -0.772141 0.0164162 -0.426589 -0.900577 0.0835651 -0.515085 -0.85427 -0.0700738 -0.412194 -0.901184 -0.134028 0.635241 -0.77214 -0.0163735 0.426591 -0.900577 -0.0835553 0.515082 -0.85427 0.0700969 0.412194 -0.901184 0.134028 -0.402305 -0.901492 0.159569 -0.37518 -0.902278 -0.212448 -0.35777 -0.902497 0.239791 -0.315954 -0.902866 -0.291558 -0.291558 -0.902866 0.315954 -0.239791 -0.902497 -0.35777 -0.212541 -0.902231 0.375241 -0.159587 -0.901398 -0.40251 -0.134114 -0.901143 0.412255 -0.0836411 -0.900528 -0.426677 0.402305 -0.901492 -0.159569 0.37518 -0.902278 0.212447 0.35777 -0.902497 -0.239791 0.315954 -0.902866 0.291558 0.291558 -0.902866 -0.315954 0.23984 -0.902496 0.357741 0.212443 -0.902233 -0.375292 0.159628 -0.901403 0.402482 -0.00432515 -0.998432 -0.055803 0.0113993 -0.977294 0.211581 0.0605343 -0.618689 0.783301 0.0478295 -0.977229 0.206727 0.0850719 -0.977228 0.194394 0.125568 -0.977372 0.170227 0.162182 -0.977463 0.13514 0.18838 -0.977523 0.0946681 0.203476 -0.977388 0.0575444 0.210673 -0.977337 0.0207178 0.211888 -0.977228 -0.0113829 0.206497 -0.977283 -0.0477119 0.193997 -0.977333 -0.0847638 0.17007 -0.977423 -0.12538 0.135035 -0.977483 -0.162147 0.0948151 -0.977431 -0.188783 0.0575991 -0.977365 -0.20357 0.0207065 -0.977335 -0.210683 -0.0357607 -0.886154 0.462008 -0.0574274 -0.977462 0.203151 -0.0948065 -0.9775 0.18843 -0.13514 -0.977463 0.162182 -0.170227 -0.977372 0.125567 -0.194322 -0.977252 0.084953 -0.206612 -0.977253 0.0478289 -0.211925 -0.977219 0.0113984 -0.210684 -0.977335 -0.0206992 -0.20344 -0.977395 -0.0575356 -0.188349 -0.977529 -0.0946712 -0.161945 -0.97753 -0.134941 -0.125308 -0.977437 -0.170046 -0.0848286 -0.977286 -0.194206 -0.0478947 -0.977181 -0.206939 -0.0114506 -0.977196 -0.212031 -0.0353754 -0.887943 -0.458591 -0.061665 -0.888831 -0.454067 -0.140873 -0.89013 -0.433387 -0.222552 -0.892127 -0.393168 -0.305089 -0.893094 -0.33061 -0.374551 -0.892587 -0.250998 -0.422483 -0.89077 -0.167442 -0.448675 -0.889367 -0.0878501 -0.458712 -0.888506 -0.0118388 -0.45372 -0.889009 0.0616564 -0.433238 -0.890208 0.140837 -0.39363 -0.891838 0.22289 -0.331055 -0.892808 0.305444 -0.251293 -0.892348 0.374923 -0.167386 -0.890877 0.42228 -0.0878551 -0.88947 0.448469 -0.0118292 -0.888506 0.458712 0.0353494 -0.887885 -0.458705 0.0879721 -0.889155 -0.44907 0.167442 -0.89077 -0.422483 0.250969 -0.892604 -0.37453 0.330604 -0.893093 -0.305098 0.393162 -0.892127 -0.22256 0.433213 -0.890231 -0.140765 0.453649 -0.889044 -0.0616715 0.458729 -0.888498 0.0118207 0.448748 -0.889331 0.0878455 0.422696 -0.890637 0.167614 0.375112 -0.892237 0.251404 0.30542 -0.89287 0.33091 0.222653 -0.892042 0.393303 0.140742 -0.890433 0.432806 0.0616619 -0.889044 0.45365 -0.0427572 0.947565 -0.316689 0.000125027 0.94752 -0.319697 7.24682e-005 0.982733 -0.185031 0.0430391 0.947587 -0.316586 0.0310973 0.986809 -0.158873 0.0438252 0.362432 -0.930979 -0.304581 0.921519 -0.240901 -0.350477 0.160852 -0.922655 -0.884155 0.316108 -0.344014 -0.577581 -0.0996618 -0.810227 -0.950321 0.0340646 -0.309401 -0.935875 -0.173888 -0.306432 -0.330664 -0.14898 -0.931915 -0.358934 -0.174088 -0.916984 0.328837 -0.274077 -0.903741 -0.3589 -0.208733 -0.909737 0.584318 -0.0980816 -0.805576 -0.348878 -0.210839 -0.913143 0.381121 0.164418 -0.909788 -0.302907 -0.256633 -0.917816 -0.0370462 0.360245 -0.932122 -0.149915 -0.39021 -0.908439 -0.149745 -0.389316 -0.908851 0.0004221 -0.389563 -0.921 -0.344316 -0.149043 -0.926948 -0.798441 0.0686385 -0.598147 -0.803702 0.00235078 -0.595027 -0.771959 -0.0948856 -0.628551 -0.515049 -0.204574 -0.83239 -0.483361 -0.206278 -0.850771 -0.808239 -0.258513 -0.529076 -0.617074 -0.26283 -0.741715 -0.412306 -0.845153 -0.340176 -0.575013 -0.74934 -0.328405 -0.307252 -0.537688 -0.785167 -0.659835 -0.678416 -0.323062 -0.125535 -0.34428 -0.930436 -0.763741 -0.56258 -0.316548 -0.356278 -0.428049 -0.830566 -0.870774 -0.382424 -0.309037 -0.409206 -0.351906 -0.841851 -0.327813 -0.274202 -0.904075 0.816846 -0.0667414 -0.572983 0.976504 0.153524 -0.151231 0.80319 0.0218871 -0.59532 0.952098 0.26886 -0.145684 0.794582 0.0953986 -0.599616 0.902482 0.407211 -0.140376 0.799158 0.268587 -0.537781 0.855061 0.500113 -0.136961 0.807133 0.574598 -0.135546 0.360989 -0.209543 -0.908724 0.360205 -0.208522 -0.909269 0.360028 -0.174558 -0.916466 0.331389 -0.148921 -0.931667 0.31076 -0.262386 -0.913555 0.706555 -0.291153 -0.644988 0.484329 -0.206229 -0.850233 0.82419 -0.22038 -0.521674 0.516141 -0.204596 -0.831708 0.844541 -0.135313 -0.518112 -0.9433 -0.331941 -0.000386803 -0.886394 -0.462931 -0.000354626 -0.854623 -0.51925 -0.000337783 -0.786841 -0.617156 -0.000320523 -0.751859 -0.659324 -0.000315117 -0.642829 -0.76601 -0.000268492 -0.642843 -0.765998 -0.000268075 -0.455229 -0.890374 -0.000189459 0.139063 -0.926786 -0.348896 0.000161244 -0.937413 -0.34822 0.0003569 -0.735317 -0.677723 -0.138737 -0.926833 -0.348902 -0.0835615 -0.541987 -0.836222 -0.207192 -0.503349 -0.838875 -0.0269436 0.811678 -0.583484 -0.241594 0.778097 -0.579825 0.000470265 0.113938 -0.993488 -0.378141 0.63156 -0.676861 -0.142318 0.0809947 -0.986502 -0.538688 0.412338 -0.734706 0.307565 -0.537574 -0.785123 0.126185 -0.343984 -0.930458 -0.720647 0.387415 -0.574959 -0.343457 -0.0504366 -0.937813 -0.807246 0.244484 -0.537197 -0.995287 0.096967 -0.000398363 -0.995291 0.0969298 -0.000397468 -0.993682 -0.112234 -0.000393214 -0.982699 -0.185211 -0.000398947 -0.943279 -0.332 -0.000407042 -0.455225 -0.890377 -0.000189417 -0.258307 -0.966063 -0.000107328 -0.175706 -0.984443 -7.28864e-005 -0.0309643 -0.99952 -1.28514e-005 0.0308646 -0.999524 1.28096e-005 0.601987 0.303652 -0.738517 0.344327 -0.0505667 -0.937487 0.345001 -0.149011 -0.926698 0.207659 -0.50333 -0.838771 0.0844319 -0.541878 -0.836205 0.35673 -0.428031 -0.830381 0.409908 -0.352058 -0.841445 0.659942 -0.678318 -0.32305 0.575173 -0.749221 -0.328395 0.412465 -0.845081 -0.340162 0.935813 -0.174242 -0.306421 0.871016 -0.382354 -0.308442 -0.891432 0.431023 -0.139889 -0.855056 0.500179 -0.136753 -0.854893 0.500542 -0.136443 -0.789541 0.598481 -0.135816 0.000538911 -0.387085 -0.922044 0.150651 -0.392322 -0.907407 0.150391 -0.39293 -0.907187 0.000518646 9.40651e-005 -1 0.000465462 -2.19459e-005 -1 0.000411697 1.22291e-008 -1 0.000324359 -0.000159787 -1 0.000386601 -3.5923e-005 -1 0.000404367 6.16561e-005 -1 0.000395289 0.000139232 -1 0.000574124 -0.000150799 -1 0.000455174 -0.000163696 -1 0.0001318 0.000156801 -1 0.000574626 -7.67034e-006 -1 0.142873 0.0807834 -0.986439 0.539254 0.412387 -0.734263 0.384279 0.700882 -0.600911 0.985373 -0.0472395 -0.163732 0.985103 0.0738273 -0.155312 0.000404285 -6.16437e-005 -1 0.000386527 3.59165e-005 -1 0.000324305 0.000159763 -1 0.000465442 2.18404e-005 -1 0.000518571 -9.41545e-005 -1 0.000386175 0 -1 0.397917 0.873445 -0.280635 -0.0309514 0.986814 -0.15887 0 1 -0 0.769859 0.638214 0.000310789 0.857526 0.51444 0.000346137 0.769858 0.638215 0.000310761 0.926835 0.37547 0.000372972 0.989835 0.142219 0.000397284 0.998678 0.0513929 0.000412103 0.993667 -0.112363 0.000422004 0.982685 -0.185282 0.000413758 -0.0555646 -0.974728 -0.216375 -0.102339 -0.97111 -0.215572 -0.103158 -0.96876 -0.225527 -0.103967 -0.966308 -0.235457 -0.016618 -0.976101 -0.21668 0.0558051 -0.974666 -0.216592 0.0558051 -0.974666 -0.216592 0.107698 -0.968043 -0.226481 0.103271 -0.96975 -0.22118 0.0988381 -0.971407 -0.215868 0.0168897 -0.976048 -0.216899 0.0168408 -0.976073 -0.216789 0.0167918 -0.976098 -0.216679 -0.882961 -0.134367 -0.449805 -0.964372 -0.198576 -0.174799 -0.986472 -0.0217245 -0.162485 -0.983831 0.0891497 -0.155334 0.951669 -0.307126 0.000385344 0.934252 -0.356613 0.000361345 0.886317 -0.463079 0.000341392 0.854536 -0.519392 0.000337746 0.786891 -0.617091 0.000320535 0.751908 -0.659268 0.000315129 0.667668 -0.744459 0.000279161 0.617359 -0.786681 0.000257274 0.492778 -0.870155 0.000205217 0.416869 -0.908967 0.000173335 0.258281 -0.96607 0.000107314 0.175643 -0.984454 7.28578e-005 -0.76986 0.638213 -0.000310775 -0.857537 0.514422 -0.000346136 -0.769859 0.638214 -0.000310754 -0.92685 0.375432 -0.000372978 0.183399 0.793231 -0.580646 0.27156 0.953136 -0.133365 0.443827 0.886254 -0.132559 0.0370435 0.990432 -0.132938 -0.612258 0.779074 -0.134848 -0.412619 0.901175 -0.132775 0.950333 0.0337935 -0.309396 0.892179 0.327198 -0.311381 0.000395165 -0.000139363 -1 0.0005742 0.00015093 -1 0.000455322 0.000163979 -1 0.000131782 -0.000156781 -1 0.000574584 7.77671e-006 -1 0.000516946 9.20363e-005 -1 0 0 -1 0.000516981 -9.19397e-005 -1 0.612291 0.779239 -0.133742 -0.191232 0.972478 -0.133103 -0.93819 0.314741 -0.144008 -0.970602 0.188552 -0.149601 -0.912093 -0.356806 -0.201929 0.763606 -0.562756 -0.316562 0.940627 -0.281451 -0.189754 0.914523 -0.343866 -0.213079 0.331096 0.801478 -0.498005 0.218092 0.79843 -0.561201 0.356946 0.73329 -0.578684 0.22989 0.729647 -0.644023 0.417133 0.603262 -0.67976 0.26784 0.599055 -0.754582 0.460345 0.474038 -0.750581 0.295115 0.469996 -0.831872 0.491672 0.279601 -0.824671 0.298869 0.321091 -0.898653 0.364487 0.192481 -0.911098 0.166603 0.296793 -0.940297 0.0644962 -0.0659754 -0.995735 0.0263281 0.0159728 -0.999526 -0.115193 -0.312291 -0.942977 -0.0167842 -0.0881336 -0.995967 -0.0255716 -0.305039 -0.951997 0.00506196 -0.0974163 -0.995231 -0.00748899 -0.317148 -0.948346 -0.0132324 -0.0945688 -0.99543 0.0862476 -0.313245 -0.945748 0.00411307 -0.0456057 -0.998951 0.139241 -0.367753 -0.91944 -0.105901 0.012558 -0.994297 0.00521852 -0.165839 -0.986139 -0.364658 0.192498 -0.911027 0.0189682 -0.15695 -0.987424 -0.13722 -0.132764 -0.981603 0.264362 -0.30046 -0.916426 0.122221 -0.360817 -0.924593 0.6065 0.79384 0.0444473 0.607139 0.794459 0.0147611 0.661242 0.748614 0.0483405 0.688308 0.725416 0.00187445 0.789109 0.611533 0.0577445 0.804206 0.59435 0.00101951 0.869877 0.489129 0.0637643 0.884993 0.465604 0.000944284 0.94661 0.31403 0.0729054 0.942913 0.332761 -0.0135609 0.981972 0.189029 -1.62777e-005 0.939353 0.299228 -0.167566 0.967409 0.18659 -0.171182 0.922259 0.179333 -0.342458 0.984936 0.0399066 -0.168253 0.936241 0.0435409 -0.348649 0.929706 -0.136066 -0.342246 0.845784 0.0472022 -0.531434 0.840014 -0.13404 -0.525747 0.690747 -0.1424 -0.708937 0.820312 -0.293312 -0.490975 0.651394 -0.309072 -0.692936 0.743809 -0.484288 -0.460667 0.62617 -0.500501 -0.597838 0.690724 -0.55546 -0.462995 0.563312 -0.556728 -0.610519 -0.410078 -0.554618 0.724041 -0.563286 -0.556922 0.610366 -0.458104 -0.484484 0.745262 -0.616782 -0.486122 0.619085 -0.516066 -0.293681 0.804629 -0.683104 -0.329414 0.651809 -0.700574 -0.135498 0.700597 -0.820306 -0.293344 0.490965 -0.839972 -0.13441 0.52572 -0.92968 -0.136305 0.342221 -0.845808 0.0464549 0.531461 -0.93627 0.043054 0.348632 -0.922353 0.178781 0.342495 -0.984945 0.0396736 0.168251 -0.967464 0.186316 0.17117 -0.981972 0.189029 -1.62777e-005 -0.93941 0.299044 0.167575 -0.942915 0.332757 0.013534 -0.873219 0.467068 0.139052 -0.884989 0.46561 -0.000983113 -0.793116 0.595882 0.126063 -0.804208 0.594346 -0.00104684 -0.678524 0.72681 0.106551 -0.688311 0.725413 -0.00190086 -0.601021 0.795346 0.0787308 -0.60713 0.794465 -0.014798 -0.112728 -0.548248 0.828684 -0.258187 -0.550834 0.793676 -0.142593 -0.478255 0.866567 -0.296204 -0.480948 0.825198 -0.167952 -0.294945 0.940638 -0.336697 -0.329141 0.882214 -0.342224 -0.136508 0.929649 -0.525719 -0.134422 0.83997 -0.531486 0.046197 0.845806 -0.706218 0.0482599 0.706348 -0.696669 0.171473 0.696598 -0.832236 0.171111 0.527356 -0.808753 0.279247 0.517629 -0.886925 0.321245 0.331912 -0.75214 0.473966 0.457867 -0.832672 0.470055 0.292754 -0.681325 0.603408 0.414361 -0.755384 0.599172 0.265309 -0.581703 0.733363 0.351853 -0.645622 0.729645 0.225366 -0.52275 0.800763 0.292423 -0.574747 0.797666 0.182745 0.724001 -0.554705 0.41003 0.610424 -0.55698 0.563166 0.745234 -0.484553 0.458077 0.619122 -0.486093 0.616766 0.804617 -0.293668 0.516091 0.651838 -0.329414 0.683077 0.700574 -0.135498 0.700597 0.490941 -0.293345 0.820321 0.525719 -0.134422 0.83997 0.342224 -0.136508 0.929649 0.531486 0.046197 0.845806 0.348651 0.0427416 0.936278 0.342507 0.178186 0.922464 0.168286 0.0390802 0.984963 0.171345 0.185505 0.967589 -9.35448e-010 0.188116 0.982147 0.167668 0.298634 0.939524 0.013548 0.332388 0.943045 0.139203 0.467063 0.873198 -0.000963647 0.465607 0.884991 0.126126 0.595965 0.793043 -0.000975425 0.59439 0.804177 0.106652 0.726764 0.678557 -0.00188368 0.725417 0.688307 0.078865 0.79521 0.601184 -0.0148822 0.794387 0.60723 0.809943 -0.548288 0.208262 0.793654 -0.550859 0.258201 0.837774 -0.501721 0.21543 0.825166 -0.48102 0.296178 0.921197 -0.307729 0.238117 0.882217 -0.329165 0.336666 0.92968 -0.136305 0.342221 0.839972 -0.13441 0.52572 0.845808 0.0464549 0.531461 0.706218 0.0482599 0.706348 0.696669 0.171473 0.696598 0.527292 0.170657 0.832369 0.51764 0.279149 0.808779 0.331897 0.321107 0.886981 0.457724 0.474148 0.752112 0.292846 0.470135 0.832595 0.414384 0.603311 0.681397 0.26546 0.599109 0.75538 0.351911 0.733275 0.581779 0.225326 0.729611 0.645675 0.292482 0.800662 0.522871 0.182741 0.797511 0.574963 0.160734 -0.548877 0.820304 0.0215778 -0.547344 0.83663 0.14489 -0.478178 0.866229 0.00101352 -0.476998 0.878904 0.145294 -0.294708 0.944477 -0.0142304 -0.327429 0.944769 9.36501e-010 -0.138161 0.99041 -0.162689 -0.1381 0.976965 -0.168286 0.0390802 0.984963 -0.348651 0.0427416 0.936278 -0.342507 0.178186 0.922464 -0.527292 0.170657 0.83237 -0.491841 0.278798 0.824842 -0.655535 0.312573 0.687439 -0.460388 0.474004 0.750575 -0.623049 0.475807 0.62082 -0.417133 0.603262 0.67976 -0.564036 0.605208 0.561771 -0.356946 0.73329 0.578684 -0.481706 0.735022 0.477181 -0.331096 0.801478 0.498005 -0.438786 0.80256 0.404184 0.462989 -0.555661 0.690566 0.307415 -0.551969 0.77513 0.460696 -0.484316 0.743772 0.298534 -0.480755 0.824471 0.30406 -0.328618 0.89418 0.162689 -0.1381 0.976965 1.87843e-009 0.0353763 0.999374 -0.171345 0.185505 0.967589 -0.145175 0.298355 0.94335 -0.299116 0.320436 0.898805 -0.141407 0.467032 0.87286 -0.295205 0.47004 0.831815 -0.128533 0.595904 0.792703 -0.26784 0.599055 0.754582 -0.111068 0.726775 0.677836 -0.229946 0.72961 0.644045 -0.113076 0.795789 0.594923 -0.218185 0.79843 0.561163 -0.690528 -0.555747 0.462943 -0.775098 -0.552011 0.30742 -0.743738 -0.484372 0.460692 -0.824434 -0.480819 0.298532 -0.894182 -0.328643 0.304028 -0.944495 -0.294687 0.145219 -0.976991 -0.137928 0.162682 -0.99045 -0.13787 -2.41068e-005 -0.999348 0.0361081 -2.41805e-005 -0.984936 0.0399066 -0.168253 -0.967409 0.18659 -0.171182 -0.922259 0.179333 -0.342458 -0.943153 0.298998 -0.145129 -0.898691 0.320891 -0.298971 -0.872909 0.466971 -0.141309 -0.831943 0.469909 -0.295053 -0.792799 0.595815 -0.128351 -0.754626 0.599045 -0.26774 -0.677824 0.726804 -0.110953 -0.6439 0.729739 -0.229942 -0.594651 0.795999 -0.11303 0.600995 0.795367 -0.0787223 0.574731 0.797684 -0.182715 0.678511 0.726822 -0.106547 0.645622 0.729645 -0.225366 0.793123 0.595868 -0.12608 0.755395 0.599161 -0.2653 0.873222 0.467065 -0.139046 0.832675 0.470067 -0.292729 0.886863 0.321497 -0.331833 0.808643 0.279767 -0.51752 0.832117 0.171871 -0.527297 0.696531 0.17258 -0.696463 0.706248 0.0492684 -0.706248 0.522906 0.0362393 -0.85162 0.510278 -0.121431 -0.851394 0.211558 -0.167493 -0.962907 0.161349 -0.221429 -0.961736 -0.0291803 -0.249224 -0.968006 -0.0203438 -0.275113 -0.961197 0.52275 0.800763 -0.292423 0.438786 0.80256 -0.404184 0.581703 0.733363 -0.351853 0.481706 0.735022 -0.477181 0.681325 0.603408 -0.414361 0.564036 0.605208 -0.561771 0.75213 0.474011 -0.457836 0.623014 0.475896 -0.620787 0.655357 0.313052 -0.68739 0.52719 0.172095 -0.832138 0.198126 -0.137783 -0.970444 0.159121 -0.234127 -0.959096 -0.0327644 -0.363011 -0.931209 -0.0391223 -0.283757 -0.958098 0.404338 0.802514 0.438728 0.477185 0.73502 0.481705 0.561639 0.605239 0.564134 0.620693 0.475868 0.62313 0.687554 0.312496 0.655451 0.824849 0.278836 0.491808 0.832236 0.171111 0.527356 0.922353 0.178781 0.342495 0.93627 0.043054 0.348632 0.965707 0.0412235 0.256342 0.958094 -0.137804 0.25113 -0.824743 0.279331 -0.491704 -0.832117 0.171871 -0.527297 -0.845784 0.0472022 -0.531434 -0.696531 0.17258 -0.696463 -0.706248 0.0492684 -0.706248 -0.522825 0.0362405 -0.851669 -0.682577 -0.148371 -0.715594 -0.510336 -0.121631 -0.85133 -0.247649 -0.263364 -0.932368 -0.135344 -0.217318 -0.966672 0.0663707 -0.271641 -0.960108 0.072425 -0.271695 -0.959654 0.775168 -0.55194 -0.307372 0.824404 -0.480843 -0.298577 0.894188 -0.328618 -0.304036 0.944497 -0.294678 -0.145225 0.977002 -0.137813 -0.162707 0.99045 -0.13787 -2.41059e-005 0.999348 0.0361081 -2.41786e-005 0.996171 0.0378018 0.0788253 0.979058 0.185575 0.0837116 -0.820292 -0.548903 0.160703 -0.836626 -0.547351 0.0215611 -0.866211 -0.478225 0.14484 -0.878904 -0.476998 0.000989 -0.944768 -0.32743 -0.0142549 -0.940654 -0.294943 -0.167866 -0.977002 -0.137813 -0.162707 -0.929706 -0.136066 -0.342246 -0.936241 0.0435409 -0.348649 0.497965 0.801529 0.331032 0.560985 0.798549 0.218211 0.57852 0.73341 0.356965 0.643906 0.72973 0.229957 0.679674 0.603328 0.417179 0.754626 0.599045 0.26774 0.750607 0.473914 0.460429 0.831931 0.469902 0.295099 0.898747 0.320647 0.299063 0.930661 0.275976 0.240225 0.948344 0.185607 0.257282 -0.189276 0.296955 -0.935944 -0.33171 0.32176 -0.886814 -0.517465 0.279983 -0.808604 -0.457724 0.474148 -0.752112 -0.620643 0.47593 -0.623132 -0.561639 0.605239 -0.564134 -0.679674 0.603328 -0.417179 -0.57852 0.73341 -0.356965 -0.560994 0.798548 -0.218188 0.112952 0.795918 -0.594774 0.0147832 0.794459 -0.607138 0.110952 0.726857 -0.677767 0.001887 0.725516 -0.688203 0.128436 0.595855 -0.792755 0.0010355 0.594339 -0.804214 0.141269 0.466884 -0.872962 0.000961495 0.465463 -0.885067 -0.00750748 0.287648 -0.957707 -0.828682 -0.548247 -0.112744 -0.79368 -0.55089 -0.258057 -0.866564 -0.478265 -0.142578 -0.825202 -0.480992 -0.296123 -0.882206 -0.329142 -0.336716 -0.804628 -0.29366 -0.516079 -0.840014 -0.13404 -0.525747 -0.0786467 0.795343 -0.601036 -0.106482 0.726879 -0.67846 -0.126139 0.595836 -0.793139 -0.139112 0.466962 -0.873266 -0.750574 0.473986 -0.460407 -0.687369 0.313008 -0.655401 -0.52719 0.172095 -0.832138 -0.724118 -0.554514 -0.410082 -0.610494 -0.556727 -0.563341 -0.74525 -0.484397 -0.458216 -0.619157 -0.486053 -0.616763 -0.645018 -0.309394 -0.698733 -0.399543 -0.177191 -0.899427 -0.280054 -0.243321 -0.928636 -0.115203 -0.213034 -0.970229 0.0247353 -0.285003 -0.958208 0.587682 0.795601 0.147138 0.691271 0.701575 0.173022 0.79231 0.577 0.198281 0.870249 0.441776 0.217946 -0.182622 0.797584 -0.574899 -0.225326 0.729611 -0.645675 -0.265423 0.599066 -0.755427 -0.292704 0.470136 -0.832644 -0.414383 0.603311 -0.681397 -0.477185 0.73502 -0.481705 -0.497965 0.801529 -0.331032 0.820293 -0.548899 -0.160714 0.836629 -0.547344 -0.0215942 0.866224 -0.478208 -0.144825 0.878902 -0.477002 -0.00103389 0.944769 -0.327429 0.0142058 0.958559 -0.275417 0.0728706 0.987897 -0.136923 0.0728854 -0.462988 -0.555443 -0.690743 -0.475665 -0.473942 -0.741027 -0.43707 -0.233996 -0.868456 -0.211582 -0.0871125 -0.97347 0.299043 -0.250564 -0.920756 0.390515 -0.222367 -0.893337 0.37464 -0.127352 -0.918383 0.450234 -0.248868 -0.857528 0.280051 -0.0523666 -0.958556 0.424352 -0.173997 -0.888622 -0.193991 -0.379317 -0.904702 -0.0306913 -0.146393 -0.98875 0.0342771 -0.110316 -0.993305 -0.143636 -0.30009 -0.943035 -0.0214729 -0.547434 -0.836573 0.112609 -0.548421 -0.828586 -0.000998861 -0.476999 -0.878903 0.142594 -0.478241 -0.866575 -0.000495517 -0.338926 -0.940813 0.155182 -0.31625 -0.935898 0.0250555 -0.270778 -0.962316 0.190719 -0.178928 -0.9652 0.258171 -0.55092 -0.793621 0.296277 -0.480818 -0.825248 0.329594 -0.225035 -0.916912 0.365628 0.028768 -0.930316 0.410041 -0.554474 -0.724172 0.485082 -0.466213 -0.739825 -0.307348 -0.55188 -0.77522 -0.298625 -0.480815 -0.824403 -0.421488 -0.316136 -0.849945 -0.328173 -0.226281 -0.917115 -0.352361 -0.0656459 -0.933559 -0.30121 -0.0639232 -0.951413 -0.160809 -0.549052 -0.820172 -0.14488 -0.47823 -0.866202 -0.157588 -0.299726 -0.94092 -0.131888 -0.231826 -0.963775 -0.404338 0.802514 -0.438728 -0.351911 0.733275 -0.581779 -0.292482 0.800662 -0.522871 0.835089 -0.546321 0.064502 0.889557 -0.451622 0.0687492 0.199746 -0.158682 -0.966913 0.0933029 -0.250728 -0.963551 -0.138969 -0.264771 -0.954245 -0.188198 -0.191111 -0.963358 0.0764923 -0.354558 -0.9319 -0.261284 -0.309537 -0.914285 0.257095 -0.395075 -0.88194 -0.0735753 0 -0.99729 0.997329 0 0.0730454 0.997329 0 0.0730454 -0.615855 0 -0.78786 -0.997335 0 -0.0729617 -0.0730035 -0 0.997332 0.907316 0 -0.42045 0.907316 0 -0.42045 0.42045 0 0.907316 0.42045 0 0.907316 0.969976 0 0.243201 0.242669 0 -0.970109 0.969942 0 -0.243334 0.242669 0 0.970109 0.907316 0 0.42045 0.907316 0 0.42045 0.42045 0 -0.907316 0.42045 0 -0.907316 0.788065 0 -0.615591 0.615855 0 0.78786 -0.997329 -0 0.0730454 -0.997329 0 0.0730454 0.788065 0 0.615591 0.0735753 0 -0.99729 0.615855 0 -0.78786 0.997335 0 -0.0729617 0.0730035 0 0.997332 -0.907316 0 -0.42045 -0.907316 0 -0.42045 -0.42045 -0 0.907316 -0.42045 0 0.907316 -0.969976 -0 0.243201 -0.242669 0 -0.970109 -0.969942 0 -0.243334 -0.242669 -0 0.970109 -0.907316 -0 0.42045 -0.907316 0 0.42045 -0.42045 0 -0.907316 -0.42045 0 -0.907316 -0.788065 0 -0.615591 -0.615855 -0 0.78786 -0.788065 -0 0.615591</float_array>
                    <technique_common>
                        <accessor count="753" source="#ID53" stride="3">
                            <param name="X" type="float"/>
                            <param name="Y" type="float"/>
                            <param name="Z" type="float"/>
                        </accessor>
                    </technique_common>
                </source>
                <source id="ID54">
                    <float_array id="ID55" count="1338">0.374512 0.0292969 0.4375 0.0292969 -0.438721 0.0292969 0.5 0.0292969 1.5 0.0292969 1.43872 0.0292969 1.00366 0.0292969 1.06519 0.0292969 0.94165 0.0292969 0.87915 0.0292969 -0.00341797 0.0292969 0.0581055 0.0292969 -0.0651855 0.0292969 -0.127197 0.0292969 1.12744 0.0292969 0.816895 0.0292969 1.18896 0.0292969 0.752441 0.0292969 1.25244 0.0292969 0.687988 0.0292969 1.31567 0.0292969 0.625488 0.0292969 1.3772 0.0292969 0.5625 0.0292969 0.120605 0.0292969 -0.188965 0.0292969 0.183105 0.0292969 -0.252441 0.0292969 0.247314 0.0292969 -0.315674 0.0292969 0.311768 0.0292969 -0.377197 0.0292969 -0.499756 0.000244141 -0.438721 0.000244141 -0.499756 0.0292969 -0.376953 0.000244141 -0.315674 0.000244141 -0.252197 0.000244141 -0.188721 0.000244141 -0.127197 0.000244141 -0.0649414 0.000244141 -0.00317383 0.000244141 0.0583496 0.000244141 0.12085 0.000244141 0.183105 0.000244141 0.247559 0 0.312012 0.000244141 0.374512 0.000244141 0.4375 0.000244141 0.5 0.000244141 1.5 0.000244141 1.43872 0.000244141 1.3772 0.000244141 1.31567 0.000244141 1.2522 0.000244141 1.18872 0.000244141 1.1272 0.000244141 1.06519 0.000244141 1.00342 0.000244141 0.941406 0.000244141 0.878906 0.000244141 0.81665 0.000244141 0.752197 0.000244141 0.687988 0.000244141 0.625244 0.000244141 0.562256 0.000244141 -0.499756 0.0100098 -0.438721 0.0100098 -0.376953 0.0100098 -0.31543 0.0100098 -0.252197 0.0100098 -0.188721 0.0100098 -0.126953 0.0100098 -0.0649414 0.0100098 -0.00317383 0.0100098 0.0585938 0.0100098 0.121094 0.0100098 0.18335 0.0100098 0.247559 0.0100098 0.312012 0.0100098 0.374512 0.0100098 0.4375 0.0100098 0.5 0.0100098 1.5 0.0100098 1.43872 0.0100098 1.37695 0.0100098 1.31567 0.0100098 1.2522 0.0100098 1.18872 0.0100098 1.12695 0.0100098 1.06494 0.0100098 1.00317 0.0100098 0.941406 0.0100098 0.878906 0.0100098 0.81665 0.0100098 0.752197 0.0100098 0.687744 0.0100098 0.625244 0.0100098 0.562256 0.0100098 -1.96924 0.0493164 -2.21655 0.0493164 -2.21655 0.0698242 -2.46411 0.0493164 -2.4502 0.0698242 -2.61084 0.0493164 -2.58862 0.0698242 -2.6687 0.119141 -2.64331 0.135742 -2.6958 0.232666 -2.6687 0.24292 -2.6626 0.398438 -1.69165 0.507324 -1.69946 0.397461 -1.7439 0.397461 -1.71216 0.222412 -1.73755 0.232666 -1.72021 0.115967 -1.7644 0.119141 -1.72729 0.0185547 -1.82251 0.0493164 -1.97021 0.0185547 -1.68335 0.625 -1.51172 0.616211 -1.47339 0.478027 -1.46069 0.397461 -1.47729 0.222168 -1.48755 0.11499 -1.45654 0.114502 -1.49683 0.0185547 -2.37915 0.822021 -2.47266 0.758301 -2.48779 0.778809 -2.5249 0.70459 -2.54346 0.722168 -2.58765 0.61499 -2.60986 0.627197 -2.63086 0.517334 -2.65576 0.523438 -2.68921 0.397461 -2.97266 0.397461 -2.97388 0.475586 -2.95996 0.478027 -2.93481 0.616455 -2.92163 0.616211 -2.87598 0.747803 -2.86353 0.745361 -2.83203 0.813965 -2.76123 0.928711 -2.71313 0.115967 -2.72095 0.222412 -2.73389 0.397461 -2.7417 0.507324 -2.70605 0.0185547 -2.93652 0.0185547 -2.9458 0.11499 -2.97656 0.114502 -2.95605 0.222168 -2.98682 0.222168 -6.12012 0.510742 -3.77832 0.620361 -6.12012 0.620361 -3.74438 0.763184 -6.12012 0.763184 -3.72485 0.822998 -6.12012 0.822998 -6.12012 0.931641 -2.13599 0.851563 -2.21655 0.858887 -2.21655 0.885742 -2.29736 0.851563 -2.30225 0.87793 -2.38892 0.84668 -2.21655 1.2063 -2.07861 1.19214 -2.21655 1.0625 -1.95386 1.14575 -1.95264 1.05103 -1.78979 1.04541 -1.94531 0.778809 -1.88989 0.722168 -1.68091 0.923584 -1.6748 0.745361 -1.56958 0.745361 -6.12012 0.203369 -3.88086 0.203369 -6.12012 0.377686 -3.84058 0.377686 -3.80811 0.510742 -3.70874 0.931641 -3.70239 1.09741 -6.12012 1.09741 -3.69556 1.1499 -6.12012 1.1499 -2.7522 0.923584 -2.75854 0.745361 -2.75 0.625 -2.04419 0.84668 -2.1311 0.87793 -1.82349 0.627197 -1.77759 0.523438 -1.90845 0.70459 -1.96069 0.758301 -2.05396 0.822021 -1.77075 0.398438 -1.80225 0.517334 -1.55737 0.747803 -1.60107 0.813965 -1.64673 0.887207 -1.67188 0.928711 -2.21655 0.0185547 -2.46313 0.0185547 -2.21655 0.398438 -2.48071 1.05103 -2.64331 1.04541 -2.47949 1.14575 -3.00049 0.215332 -2.98779 0.393311 -1.76465 0.24292 -1.79004 0.135742 -1.84473 0.0698242 -1.98315 0.0698242 -1.84473 -1.65869 -1.98315 -1.65869 -2.21655 -1.65869 -6.12012 0.00952148 -6.12012 0.0834961 -3.90063 0.00952148 -3.90039 0.0834961 -3.88135 0.203369 -3.84131 0.377686 1 0 0 0 1 1 0 1 -1.44653 0.222168 -1.44263 0.105469 -1.43237 0.215088 -1.44531 0.393311 -3.80859 0.510742 -3.77905 0.620361 -3.74487 0.763184 -3.7251 0.822998 -3.70898 0.931641 -3.70264 1.09741 -2.4502 -1.65869 -3.90015 0.00952148 -3.89966 0.0834961 -2.35474 1.19214 -2.35693 1.20117 -2.48364 1.15381 -2.21655 1.21558 -1.78271 1.05298 -1.94971 1.15381 -1.8457 0.61499 -2.65063 1.05298 -2.07642 1.20117 -1.49829 0.616455 -2.58862 -1.65869 -1.45898 0.475586 -1.48389 0.0185547 -2.99023 0.105713 -2.94995 0.0185547 -0.123047 1 -0.0620117 1 -0.123291 0.963379 -0.0622559 0.963379 -0.123535 0.895508 -0.0622559 0.895508 -0.123779 0.81958 -0.0622559 0.81958 -0.123779 0.721436 -0.0625 0.721436 -0.0615234 0.612305 -0.000732422 0.721436 -0.00317383 0.615967 0.000244141 0.620361 0.00537109 0.603027 0.0290527 0.641357 0.03125 0.62085 0.0603027 0.647217 0.0603027 0.626465 0.0908203 0.641357 0.0893555 0.62085 0.120117 0.619385 0.115234 0.603027 0.123047 0.615967 0.153809 0.580811 0.182373 0.612305 0.183105 0.515381 0.193359 0.486084 0.17334 0.517334 0.188477 0.473877 -0.495361 1 -0.433838 1 -0.496094 0.963379 -0.434326 0.963379 -0.496582 0.895508 -0.434814 0.895508 -0.49707 0.81958 -0.435303 0.81958 -0.497314 0.721436 -0.435547 0.721436 -0.435791 0.621094 -0.374023 0.721436 -0.375488 0.616211 -0.312988 0.612305 -0.374268 0.486084 -0.311768 0.486084 -0.312744 0.338379 -0.249512 0.486084 -0.250488 0.338379 -0.187012 0.338379 -0.250244 0.174072 -0.187012 0.174072 -0.250244 0.076416 -0.186768 0.076416 -0.249756 0.000244141 -0.186523 0.000244141 0.873047 0.000244141 0.80835 0.000244141 0.873291 0.076416 0.808594 0.076416 0.873291 0.174072 0.808838 0.174072 0.808838 0.338379 0.744385 0.174072 0.744629 0.338379 0.681396 0.338379 0.745605 0.486084 0.682617 0.486084 0.681396 0.612305 0.619385 0.486084 0.618164 0.616211 0.557617 0.621094 0.619385 0.721436 0.557373 0.721436 0.619141 0.81958 0.557129 0.81958 0.618896 0.895508 0.556885 0.895508 0.618164 0.963379 0.556152 0.963379 0.617676 1 0.555664 1 0.999023 0.000244141 0.935791 0.000244141 0.999023 0.076416 0.936035 0.076416 0.999023 0.174072 0.936035 0.174072 0.936768 0.338379 0.873291 0.338379 0.872559 0.486084 0.809082 0.486084 0.809082 0.607178 0.744629 0.608154 0.744629 0.721436 0.682129 0.721436 0.744385 0.81958 0.681885 0.81958 0.744141 0.895508 0.681641 0.895508 0.743652 0.963379 0.681152 0.963379 0.743164 1 0.68042 1 1.37866 0.000244141 1.31445 0.000244141 1.37817 0.076416 1.31396 0.076416 1.37793 0.174072 1.31372 0.174072 1.31348 0.338379 1.24927 0.174072 1.24927 0.338379 1.18604 0.338379 1.25024 0.486084 1.18701 0.486084 1.18604 0.612305 1.12378 0.486084 1.12256 0.616211 1.06152 0.621094 1.12402 0.721436 1.06152 0.721436 1.12402 0.81958 1.06152 0.81958 1.12427 0.895508 1.06152 0.895508 1.12451 0.963379 1.06177 0.963379 1.12476 1 1.06201 1 1.50342 0.000244141 1.44092 0.000244141 1.50293 0.076416 1.44043 0.076416 1.50269 0.174072 1.44019 0.174072 1.44092 0.338379 1.37769 0.338379 1.37671 0.486084 1.31348 0.486084 1.31348 0.607178 1.24927 0.608154 1.24927 0.721436 1.18677 0.721436 1.24951 0.81958 1.18701 0.81958 1.24976 0.895508 1.18726 0.895508 1.25024 0.963379 1.1875 0.963379 1.25073 1 1.18799 1 1.12427 0.000244141 1.06177 0.000244141 1.12402 0.076416 1.06152 0.076416 1.12402 0.174072 1.06152 0.174072 1.06152 0.338379 1.00049 0.338379 0.999023 0.486084 0.935791 0.486084 0.937012 0.612305 0.873291 0.608154 0.873535 0.721436 0.809082 0.721436 0.873291 0.81958 0.808838 0.81958 0.873291 0.895508 0.808594 0.895508 0.873047 0.963379 0.80835 0.963379 0.872803 1 0.807861 1 1.25 0.000244141 1.18726 0.000244141 1.24951 0.076416 1.18701 0.076416 1.18677 0.174072 1.12256 0.338379 1.06152 0.486084 1.00049 0.616211 0.999023 0.721436 0.936035 0.721436 0.999023 0.81958 0.936035 0.81958 0.999023 0.895508 0.936035 0.895508 0.999023 0.963379 0.935791 0.963379 0.999023 1 0.935791 1 0.743896 0 0.681396 0 0.744141 0.076416 0.681641 0.076416 0.681885 0.174072 0.619385 0.174072 0.618164 0.338379 0.557617 0.338379 0.557617 0.486084 0.49585 0.486084 0.49707 0.616211 0.434326 0.612305 0.495605 0.721436 0.43335 0.721436 0.495361 0.81958 0.433105 0.81958 0.494873 0.895508 0.432861 0.895508 0.494385 0.963379 0.432129 0.963379 0.493652 1 -0.372314 1 -0.310547 1 -0.372803 0.963379 -0.311035 0.963379 -0.373291 0.895508 -0.311523 0.895508 -0.373779 0.81958 -0.311768 0.81958 -0.312012 0.721436 -0.250488 0.721436 -0.250488 0.608154 -0.187012 0.607178 -0.187256 0.486084 -0.124756 0.486084 -0.123779 0.338379 -0.104736 0.396973 -0.117188 0.338379 -0.105225 0.345215 -0.110107 0.313965 -0.249268 1 -0.186035 1 -0.249512 0.963379 -0.186523 0.963379 -0.25 0.895508 -0.186768 0.895508 -0.250244 0.81958 -0.187012 0.81958 -0.187012 0.721436 -0.123779 0.608154 -0.0732422 0.486084 -0.0881348 0.451172 -0.0783691 0.44873 -0.09375 0.398682 1.31519 1 1.3147 0.963379 1.31421 0.895508 1.31372 0.81958 1.31372 0.721436 1.37793 0.721436 1.37769 0.608154 1.44067 0.612305 1.4397 0.486084 1.50244 0.486084 1.50366 0.338379 0.371582 0.721436 0.371582 0.608154 0.37085 0.486084 0.308105 0.607178 0.308105 0.486084 0.245605 0.486084 0.308105 0.338379 0.244629 0.338379 0.244629 0.288086 0.237061 0.338379 0.226318 0.345215 0.214844 0.398682 -0.311279 0.000244141 -0.311523 0.076416 -0.311768 0.174072 -0.373779 0.174072 -0.375488 0.338379 -0.435547 0.338379 -0.435791 0.486084 -0.497314 0.486084 -0.496094 0.616211 0.618652 0 0.556641 0 0.618896 0.076416 0.556885 0.076416 0.557373 0.174072 0.495361 0.174072 0.49707 0.338379 0.434326 0.338379 0.43335 0.486084 1.37964 1 1.44189 1 1.37891 0.963379 1.44141 0.963379 1.37842 0.895508 1.44067 0.895508 1.37817 0.81958 1.44043 0.81958 1.43994 0.721436 1.50244 0.721436 1.50366 0.616211 0.121338 0.721436 0.183105 0.721436 0.244629 0.721436 0.244385 0.81958 0.307861 0.81958 0.307617 0.895508 0.371094 0.895508 0.370605 0.963379 0.431641 1 -0.000732422 1 0.0598145 1 -0.000732422 0.963379 0.0598145 0.963379 -0.000732422 0.895508 0.0600586 0.895508 -0.000732422 0.81958 0.0600586 0.81958 0.0600586 0.721436 0.494629 0 0.432617 0 0.495117 0.076416 0.432861 0.076416 0.43335 0.174072 0.371582 0.174072 0.371582 0.338379 0.120605 1 0.12085 0.963379 0.121094 0.895508 0.121338 0.81958 0.371338 0.81958 0.308105 0.721436 0.244629 0.608154 0.37085 0 0.307373 0.000244141 0.371338 0.076416 0.307617 0.076416 0.307861 0.174072 0.253174 0.186035 0.252441 0.231201 0.239014 0.246338 0.231201 0.313965 1.50439 1 1.50366 0.963379 1.50317 0.895508 1.50269 0.81958 0.182129 1 0.182373 0.963379 0.182617 0.895508 0.182861 0.81958 0.244141 0.895508 0.307129 0.963379 0.369873 1 -0.373047 0.000244141 -0.43457 0.000244141 -0.373535 0.076416 -0.435059 0.076416 -0.435303 0.174072 -0.49707 0.174072 -0.496094 0.338379 0.243896 0.000244141 0.244141 0.076416 0.250488 0.174072 0.239502 0.20459 -0.123779 0.294678 -0.132568 0.231201 -0.133301 0.186035 -0.129395 0.174072 -0.110596 0.164551 -0.123535 0.1521 -0.029541 0.564697 -0.0336914 0.580811 -0.0625 0.517578 -0.0673828 0.473877 0.0600586 0.000244141 -0.000732422 0.000244141 0.0600586 0.076416 -0.000732422 0.076416 0.0600586 0.152344 -0.000732422 0.152344 0.0603027 0.164551 0.00488281 0.164551 -0.0622559 0.000244141 -0.0622559 0.076416 -0.0622559 0.152344 -0.0507813 0.164551 -0.123291 0.000244141 -0.123535 0.076416 0.182617 0.000244141 0.182861 0.076416 0.244385 0.151855 0.182861 0.152344 0.230713 0.164551 0.171631 0.164551 0.121094 0.000244141 0.121094 0.076416 0.121338 0.152344 0.115479 0.164551 0.306641 1 0.243652 0.963379 0.243164 1 -0.496338 0.000244141 -0.496826 0.076416 -0.118164 0.204834 -0.117676 0.246338 0.208252 0.451172 0.224854 0.396973 0.199219 0.44873 -0.0524902 0.517334 0.150391 0.564697</float_array>
                    <technique_common>
                        <accessor count="669" source="#ID55" stride="2">
                            <param name="S" type="float"/>
                            <param name="T" type="float"/>
                        </accessor>
                    </technique_common>
                </source>
                <vertices id="ID56">
                    <input semantic="POSITION" source="#ID50"/>
                </vertices>
                <triangles count="1221" material="Material1">
                    <input offset="0" semantic="VERTEX" source="#ID56"/>
                    <input offset="1" semantic="NORMAL" source="#ID52"/>
                    <input offset="2" semantic="TEXCOORD" source="#ID54" set="0"/>
                    <p>3 2 2 837 1 1 27 0 0 837 1 1 3 2 2 787 3 3 804 4 4 787 3 3 3 2 2 787 3 3 804 4 4 807 5 5 819 8 8 790 7 7 793 6 6 790 7 7 819 8 8 831 9 9 845 12 12 16 11 11 840 10 10 16 11 11 845 12 12 33 13 13 831 9 9 834 14 14 790 7 7 834 14 14 831 9 9 816 15 15 816 15 15 822 16 16 834 14 14 822 16 16 816 15 15 810 17 17 810 17 17 800 18 18 822 16 16 800 18 18 810 17 17 813 19 19 813 19 19 797 20 20 800 18 18 797 20 20 813 19 19 828 21 21 828 21 21 825 22 22 797 20 20 825 22 22 828 21 21 784 23 23 784 23 23 807 5 5 825 22 22 807 5 5 784 23 23 787 3 3 33 13 13 30 24 24 16 11 11 30 24 24 33 13 13 20 25 25 20 25 25 12 26 26 30 24 24 12 26 26 20 25 25 848 27 27 848 27 27 9 28 28 12 26 26 9 28 28 848 27 27 0 29 29 0 29 29 6 30 30 9 28 28 6 30 30 0 29 29 23 31 31 23 31 31 27 0 0 6 30 30 27 0 0 23 31 31 3 2 2 803 34 34 724 33 33 626 32 32 724 33 33 803 34 34 3 2 2 3 2 2 760 35 35 724 33 33 760 35 35 3 2 2 23 31 31 23 31 31 715 36 36 760 35 35 715 36 36 23 31 31 0 29 29 0 29 29 712 37 37 715 36 36 712 37 37 0 29 29 848 27 27 848 27 27 754 38 38 712 37 37 754 38 38 848 27 27 20 25 25 20 25 25 778 39 39 754 38 38 778 39 39 20 25 25 33 13 13 33 13 13 703 40 40 778 39 39 703 40 40 33 13 13 845 12 12 845 12 12 700 41 41 703 40 40 700 41 41 845 12 12 840 10 10 840 10 10 748 42 42 700 41 41 748 42 42 840 10 10 16 11 11 16 11 11 772 43 43 748 42 42 772 43 43 16 11 11 30 24 24 30 24 24 742 44 44 772 43 43 742 44 44 30 24 24 12 26 26 12 26 26 733 45 45 742 44 44 733 45 45 12 26 26 9 28 28 9 28 28 730 46 46 733 45 45 730 46 46 9 28 28 6 30 30 6 30 30 766 47 47 730 46 46 766 47 47 6 30 30 27 0 0 27 0 0 693 48 48 766 47 47 693 48 48 27 0 0 837 1 1 837 1 1 591 49 49 693 48 48 591 49 49 837 1 1 787 3 3 625 50 50 807 5 5 804 4 4 807 5 5 625 50 50 629 51 51 629 51 51 825 22 22 807 5 5 825 22 22 629 51 51 669 52 52 669 52 52 797 20 20 825 22 22 797 20 20 669 52 52 613 53 53 613 53 53 800 18 18 797 20 20 800 18 18 613 53 53 616 54 54 616 54 54 822 16 16 800 18 18 822 16 16 616 54 54 663 55 55 663 55 55 834 14 14 822 16 16 834 14 14 663 55 55 687 56 56 687 56 56 790 7 7 834 14 14 790 7 7 687 56 56 601 57 57 601 57 57 793 6 6 790 7 7 793 6 6 601 57 57 604 58 58 604 58 58 819 8 8 793 6 6 819 8 8 604 58 58 657 59 59 657 59 59 831 9 9 819 8 8 831 9 9 657 59 59 681 60 60 681 60 60 816 15 15 831 9 9 816 15 15 681 60 60 651 61 61 651 61 61 810 17 17 816 15 15 810 17 17 651 61 61 639 62 62 639 62 62 813 19 19 810 17 17 813 19 19 639 62 62 642 63 63 642 63 63 828 21 21 813 19 19 828 21 21 642 63 63 675 64 64 675 64 64 784 23 23 828 21 21 784 23 23 675 64 64 588 65 65 787 3 3 588 65 65 591 49 49 588 65 65 787 3 3 784 23 23 626 32 32 727 67 67 636 66 66 727 67 67 626 32 32 724 33 33 724 33 33 763 68 68 727 67 67 763 68 68 724 33 33 760 35 35 760 35 35 718 69 69 763 68 68 718 69 69 760 35 35 715 36 36 715 36 36 721 70 70 718 69 69 721 70 70 715 36 36 712 37 37 712 37 37 757 71 71 721 70 70 757 71 71 712 37 37 754 38 38 754 38 38 781 72 72 757 71 71 781 72 72 754 38 38 778 39 39 778 39 39 706 73 73 781 72 72 706 73 73 778 39 39 703 40 40 703 40 40 709 74 74 706 73 73 709 74 74 703 40 40 700 41 41 700 41 41 751 75 75 709 74 74 751 75 75 700 41 41 748 42 42 748 42 42 775 76 76 751 75 75 775 76 76 748 42 42 772 43 43 772 43 43 745 77 77 775 76 76 745 77 77 772 43 43 742 44 44 742 44 44 736 78 78 745 77 77 736 78 78 742 44 44 733 45 45 733 45 45 739 79 79 736 78 78 739 79 79 733 45 45 730 46 46 730 46 46 769 80 80 739 79 79 769 80 80 730 46 46 766 47 47 766 47 47 696 81 81 769 80 80 696 81 81 766 47 47 693 48 48 693 48 48 594 82 82 696 81 81 594 82 82 693 48 48 591 49 49 635 83 83 629 51 51 625 50 50 629 51 51 635 83 83 632 84 84 632 84 84 669 52 52 629 51 51 669 52 52 632 84 84 672 85 85 672 85 85 613 53 53 669 52 52 613 53 53 672 85 85 622 86 86 622 86 86 616 54 54 613 53 53 616 54 54 622 86 86 619 87 87 619 87 87 663 55 55 616 54 54 663 55 55 619 87 87 666 88 88 666 88 88 687 56 56 663 55 55 687 56 56 666 88 88 690 89 89 690 89 89 601 57 57 687 56 56 601 57 57 690 89 89 610 90 90 610 90 90 604 58 58 601 57 57 604 58 58 610 90 90 607 91 91 607 91 91 657 59 59 604 58 58 657 59 59 607 91 91 660 92 92 660 92 92 681 60 60 657 59 59 681 60 60 660 92 92 684 93 93 684 93 93 651 61 61 681 60 60 651 61 61 684 93 93 654 94 94 654 94 94 639 62 62 651 61 61 639 62 62 654 94 94 648 95 95 648 95 95 642 63 63 639 62 62 642 63 63 648 95 95 645 96 96 645 96 96 675 64 64 642 63 63 675 64 64 645 96 96 678 97 97 678 97 97 588 65 65 675 64 64 588 65 65 678 97 97 597 98 98 591 49 49 597 98 98 594 82 82 597 98 98 591 49 49 588 65 65 220 101 101 66 100 100 370 99 99 66 100 100 220 101 101 63 102 102 216 103 103 63 102 102 220 101 101 63 102 102 216 103 103 188 104 104 317 105 105 188 104 104 216 103 103 188 104 104 317 105 105 192 106 106 322 107 107 192 106 106 317 105 105 192 106 106 322 107 107 178 108 108 327 109 109 178 108 108 322 107 107 178 108 108 327 109 109 312 110 110 465 113 113 450 112 112 533 111 111 450 112 112 465 113 113 452 114 114 463 115 115 452 114 114 465 113 113 452 114 114 463 115 115 531 116 116 473 117 117 531 116 116 463 115 115 531 116 116 473 117 117 467 118 118 471 119 119 467 118 118 473 117 117 467 118 118 471 119 119 374 120 120 370 121 99 374 120 120 471 119 119 374 120 120 370 121 99 66 122 100 533 111 111 352 124 122 356 123 121 352 124 122 533 111 111 535 125 123 450 112 112 535 125 123 533 111 111 535 125 123 450 112 112 444 126 124 452 114 114 444 126 124 450 112 112 444 126 124 452 114 114 448 127 125 529 128 126 448 127 125 452 114 114 448 127 125 529 128 126 497 129 127 526 130 128 497 129 127 529 128 126 136 133 131 248 132 130 280 131 129 248 132 130 136 133 131 253 134 132 166 135 133 253 134 132 136 133 131 253 134 132 166 135 133 43 136 134 170 137 135 43 136 134 166 135 133 43 136 134 170 137 135 307 138 136 303 139 137 307 138 136 170 137 135 307 138 136 303 139 137 174 140 138 204 143 141 208 142 140 146 141 139 208 142 140 204 143 141 196 144 142 37 145 143 196 144 142 204 143 141 196 144 142 37 145 143 200 146 144 40 147 145 200 146 144 37 145 143 200 146 144 40 147 145 538 148 146 240 149 147 538 148 146 40 147 145 178 108 108 336 150 148 192 106 106 336 150 148 178 108 108 155 151 149 174 140 138 155 151 149 178 108 108 155 151 149 174 140 138 152 152 150 340 153 151 152 152 150 174 140 138 152 152 150 340 153 151 204 143 141 37 145 143 204 143 141 340 153 151 336 150 148 182 154 152 192 106 106 182 154 152 336 150 148 270 155 153 332 156 154 270 155 153 336 150 148 270 155 153 332 156 154 258 157 155 149 158 156 258 157 155 332 156 154 258 157 155 149 158 156 143 159 157 146 141 139 143 159 157 149 158 156 115 162 160 44 161 159 107 160 158 44 161 159 115 162 160 254 163 161 56 164 162 254 163 161 115 162 160 254 163 161 56 164 162 249 165 163 60 166 164 249 165 163 56 164 162 249 165 163 60 166 164 88 167 165 294 170 168 298 169 167 504 168 166 298 169 167 294 170 168 289 171 169 285 172 170 289 171 169 294 170 168 289 171 169 285 172 170 280 131 129 162 173 171 280 131 129 285 172 170 280 131 129 162 173 171 136 133 131 100 176 174 390 175 173 224 174 172 390 175 173 100 176 174 394 177 175 398 178 176 394 177 175 100 176 174 394 177 175 398 178 176 402 179 177 442 180 178 402 179 177 398 178 176 402 179 177 442 180 178 461 181 179 461 181 179 454 182 180 402 179 177 454 182 180 461 181 179 344 183 181 356 123 121 344 183 181 461 181 179 344 183 181 356 123 121 348 184 182 352 124 122 348 184 182 356 123 121 111 187 185 328 186 184 119 185 183 328 186 184 111 187 185 313 188 186 107 160 158 313 188 186 111 187 185 313 188 186 107 160 158 308 189 187 44 161 159 308 189 187 107 160 158 88 167 165 281 190 188 249 165 163 281 190 188 88 167 165 290 191 189 80 192 190 290 191 189 88 167 165 290 191 189 80 192 190 299 193 191 84 194 192 299 193 191 80 192 190 45 196 194 158 195 193 40 147 145 158 195 193 45 196 194 166 135 133 48 197 195 166 135 133 45 196 194 166 135 133 48 197 195 170 137 135 340 153 151 170 137 135 48 197 195 398 178 176 456 198 196 442 180 178 456 198 196 398 178 176 507 199 197 100 176 174 507 199 197 398 178 176 507 199 197 100 176 174 294 170 168 285 172 170 294 170 168 100 176 174 459 200 198 356 123 121 461 181 179 356 123 121 459 200 198 533 111 111 515 201 199 533 111 111 459 200 198 533 111 111 515 201 199 465 113 113 442 180 178 487 203 201 490 202 200 487 203 201 442 180 178 501 204 202 456 198 196 501 204 202 442 180 178 501 204 202 456 198 196 507 199 197 465 113 113 509 205 203 463 115 115 509 205 203 465 113 113 512 206 204 515 201 199 512 206 204 465 113 113 512 206 204 515 201 199 459 200 198 549 208 206 348 184 182 475 207 205 348 184 182 549 208 206 454 182 180 544 209 207 454 182 180 549 208 206 454 182 180 544 209 207 485 210 208 146 141 139 152 152 150 204 143 141 152 152 150 146 141 139 155 151 149 149 158 156 155 151 149 146 141 139 155 151 149 149 158 156 332 156 154 66 122 100 69 211 209 374 120 120 69 211 209 66 122 100 74 212 210 63 213 102 74 212 210 66 122 100 74 212 210 63 213 102 188 104 104 52 216 211 126 215 105 131 214 103 126 215 105 52 216 211 122 217 107 118 218 109 122 217 107 52 216 211 52 216 211 110 219 110 118 218 109 110 219 110 52 216 211 106 220 136 114 221 134 106 220 136 52 216 211 52 216 211 55 222 132 114 221 134 55 222 132 52 216 211 59 223 130 87 224 129 59 223 130 52 216 211 48 197 195 37 145 143 340 153 151 37 145 143 48 197 195 40 147 145 45 196 194 40 147 145 48 197 195 91 225 212 136 133 131 162 173 171 136 133 131 91 225 212 103 226 213 94 227 214 103 226 213 91 225 212 146 141 139 266 228 215 143 159 157 266 228 215 146 141 139 212 229 216 208 142 140 212 229 216 146 141 139 531 116 116 529 128 126 452 114 114 529 128 126 531 116 116 526 130 128 467 118 118 526 130 128 531 116 116 52 216 211 422 231 217 412 230 203 422 231 217 52 216 211 427 232 218 432 233 219 427 232 218 52 216 211 52 216 211 437 234 220 432 233 219 437 234 220 52 216 211 139 235 101 131 214 103 139 235 101 52 216 211 433 238 221 479 237 220 517 236 219 479 237 220 433 238 221 438 238 222 438 238 222 220 101 101 479 237 220 220 101 101 438 238 222 140 238 223 518 241 226 426 240 225 431 239 224 426 240 225 518 241 226 521 242 227 521 242 227 421 243 183 426 240 225 421 243 183 521 242 227 524 244 228 524 244 228 411 245 185 421 243 183 411 245 185 524 244 228 510 246 229 561 247 232 469 247 231 375 247 230 469 247 231 561 247 232 563 247 233 564 249 232 527 249 231 468 248 230 527 249 231 564 249 232 546 250 233 552 251 232 376 251 231 70 251 230 376 251 231 552 251 232 560 251 233 558 253 232 76 253 231 183 252 230 76 253 231 558 253 232 554 252 233 276 255 232 184 255 231 271 254 230 184 255 231 276 255 232 557 256 233 555 258 232 71 258 231 75 257 230 71 258 231 555 258 232 551 259 233 499 261 235 446 260 234 497 129 127 446 260 234 499 261 235 495 262 236 495 262 236 444 126 124 446 260 234 444 126 124 495 262 236 493 263 237 510 246 229 406 264 158 411 245 185 406 264 158 510 246 229 513 265 238 513 265 238 416 266 160 406 264 158 416 266 160 513 265 238 844 267 239 844 267 239 360 268 162 416 266 160 360 268 162 844 267 239 491 269 240 491 269 240 365 270 164 360 268 162 365 270 164 491 269 240 488 271 241 488 271 241 385 272 165 365 270 164 385 272 165 488 271 241 502 273 242 502 273 242 380 274 190 385 272 165 380 274 190 502 273 242 505 275 243 505 275 243 84 194 192 380 274 190 84 194 192 505 275 243 299 193 191 140 238 223 216 103 103 220 101 101 216 103 103 140 238 223 132 238 244 127 278 224 323 277 246 318 276 245 323 277 246 127 278 224 123 279 225 123 279 225 328 186 184 323 277 246 328 186 184 123 279 225 119 185 183 228 281 248 94 227 214 97 280 247 94 227 214 228 281 248 236 282 249 232 283 250 97 280 247 224 174 172 97 280 247 232 283 250 228 281 248 188 104 104 182 154 152 74 212 210 182 154 152 188 104 104 192 106 106 483 284 251 394 177 175 402 179 177 394 177 175 483 284 251 542 285 252 523 286 217 463 115 115 509 205 203 463 115 115 523 286 217 520 287 218 407 288 204 52 216 211 412 230 203 52 216 211 407 288 204 417 289 253 361 290 200 52 216 211 417 289 253 52 216 211 361 290 200 366 291 201 97 280 247 100 176 174 224 174 172 100 176 174 97 280 247 94 227 214 386 292 202 52 216 211 366 291 201 52 216 211 386 292 202 381 293 166 83 294 167 52 216 211 381 293 166 52 216 211 83 294 167 79 295 169 103 226 213 244 296 254 240 149 147 244 296 254 103 226 213 94 227 214 158 195 193 240 149 147 40 147 145 240 149 147 158 195 193 103 226 213 481 297 255 224 174 172 390 175 173 224 174 172 481 297 255 232 283 250 542 285 252 390 175 173 394 177 175 390 175 173 542 285 252 481 297 255 303 139 137 340 153 151 174 140 138 340 153 151 303 139 137 170 137 135 485 210 208 402 179 177 454 182 180 402 179 177 485 210 208 483 284 251 477 298 256 348 184 182 352 124 122 348 184 182 477 298 256 475 207 205 166 135 133 103 226 213 158 195 193 103 226 213 166 135 133 136 133 131 132 238 244 317 105 105 216 103 103 317 105 105 132 238 244 128 238 257 448 127 125 446 260 234 444 126 124 446 260 234 448 127 125 497 129 127 285 172 170 91 225 212 162 173 171 91 225 212 285 172 170 100 176 174 540 299 258 352 124 122 535 125 123 352 124 122 540 299 258 477 298 256 547 300 259 497 129 127 526 130 128 497 129 127 547 300 259 499 261 235 520 287 218 473 117 117 463 115 115 473 117 117 520 287 218 517 236 219 517 236 219 471 119 119 473 117 117 471 119 119 517 236 219 479 237 220 479 237 220 370 99 99 471 119 119 370 99 99 479 237 220 220 101 101 459 200 198 843 301 253 512 206 204 843 301 253 459 200 198 461 181 179 461 181 179 490 202 200 843 301 253 490 202 200 461 181 179 442 180 178 493 263 237 535 125 123 444 126 124 535 125 123 493 263 237 540 299 258 507 199 197 504 168 166 501 204 202 504 168 166 507 199 197 294 170 168 258 157 155 266 228 215 262 302 260 266 228 215 258 157 155 143 159 157 270 155 153 262 302 260 275 303 261 262 302 260 270 155 153 258 157 155 312 110 110 174 140 138 178 108 108 174 140 138 312 110 110 307 138 136 94 227 214 236 282 249 244 296 254 344 183 181 348 184 182 454 182 180 79 295 169 87 224 129 52 216 211 100 176 174 94 227 214 91 225 212 332 156 154 336 150 148 155 151 149 824 306 264 99 305 263 86 304 262 99 305 263 824 306 264 836 307 265 726 308 266 836 307 265 824 306 264 836 307 265 726 308 266 738 309 267 628 310 268 738 309 267 726 308 266 738 309 267 628 310 268 641 311 269 849 312 270 641 311 269 628 310 268 641 311 269 849 312 270 120 313 271 124 314 272 120 313 271 849 312 270 120 313 271 124 314 272 587 315 273 620 316 274 587 315 273 124 314 272 587 315 273 620 316 274 664 317 275 611 318 276 664 317 275 620 316 274 664 317 275 611 318 276 658 319 277 655 320 278 658 319 277 611 318 276 658 319 277 655 320 278 661 321 279 652 322 280 661 321 279 655 320 278 661 321 279 652 322 280 737 323 281 734 324 282 737 323 281 652 322 280 737 323 281 734 324 282 740 325 283 694 326 284 740 325 283 734 324 282 740 325 283 694 326 284 697 327 285 701 328 286 697 327 285 694 326 284 697 327 285 701 328 286 259 329 287 707 330 288 259 329 287 701 328 286 259 329 287 707 330 288 688 331 289 704 332 290 688 331 289 707 330 288 688 331 289 704 332 290 685 333 291 795 336 294 54 335 293 50 334 292 54 335 293 795 336 294 799 337 295 698 338 296 799 337 295 795 336 294 799 337 295 698 338 296 702 339 297 599 340 298 702 339 297 698 338 296 702 339 297 599 340 298 603 341 299 133 342 300 603 341 299 599 340 298 603 341 299 133 342 300 811 343 301 808 344 302 811 343 301 133 342 300 811 343 301 808 344 302 814 345 303 805 346 304 814 345 303 808 344 302 814 345 303 805 346 304 776 347 305 57 348 306 776 347 305 805 346 304 776 347 305 57 348 306 773 349 307 61 350 308 773 349 307 57 348 306 773 349 307 61 350 308 770 351 309 38 352 310 770 351 309 61 350 308 770 351 309 38 352 310 41 353 311 49 354 312 41 353 311 38 352 310 41 353 311 49 354 312 46 355 313 462 356 314 46 355 313 49 354 312 46 355 313 462 356 314 460 357 315 539 358 316 460 357 315 462 356 314 460 357 315 539 358 316 519 359 317 484 362 320 571 361 319 569 360 318 571 361 319 484 362 320 486 363 321 225 364 322 486 363 321 484 362 320 486 363 321 225 364 322 213 365 323 217 366 324 213 365 323 225 364 322 213 365 323 217 366 324 382 367 325 179 368 326 382 367 325 217 366 324 382 367 325 179 368 326 185 369 327 175 370 328 185 369 327 179 368 326 185 369 327 175 370 328 171 371 329 291 372 330 171 371 329 175 370 328 171 371 329 291 372 330 282 373 331 286 374 332 282 373 331 291 372 330 282 373 331 286 374 332 201 375 333 418 376 334 201 375 333 286 374 332 201 375 333 418 376 334 197 377 335 653 378 336 197 377 335 418 376 334 197 377 335 653 378 336 650 379 337 750 380 338 650 379 337 653 378 336 650 379 337 750 380 338 747 381 339 850 382 340 747 381 339 750 380 338 747 381 339 850 382 340 847 383 341 113 384 342 847 383 341 850 382 340 847 383 341 113 384 342 109 385 343 474 388 346 581 387 345 550 386 344 581 387 345 474 388 346 498 389 347 399 390 348 498 389 347 474 388 346 498 389 347 399 390 348 395 391 349 237 392 350 395 391 349 399 390 348 395 391 349 237 392 350 225 364 322 221 393 351 225 364 322 237 392 350 225 364 322 221 393 351 217 366 324 147 394 352 217 366 324 221 393 351 217 366 324 147 394 352 345 395 353 267 396 354 345 395 353 147 394 352 345 395 353 267 396 354 175 370 328 272 397 355 175 370 328 267 396 354 175 370 328 272 397 355 291 372 330 277 398 356 291 372 330 272 397 355 291 372 330 277 398 356 413 399 357 677 400 358 413 399 357 277 398 356 413 399 357 677 400 358 689 401 359 774 402 360 689 401 359 677 400 358 689 401 359 774 402 360 786 403 361 26 404 362 786 403 361 774 402 360 786 403 361 26 404 362 39 405 363 145 406 364 39 405 363 26 404 362 39 405 363 145 406 364 157 407 365 455 410 368 530 409 367 534 408 366 530 409 367 455 410 368 451 411 369 92 412 370 451 411 369 455 410 368 451 411 369 92 412 370 823 413 371 820 414 372 823 413 371 92 412 370 823 413 371 820 414 372 826 415 373 817 416 374 826 415 373 820 414 372 826 415 373 817 416 374 835 417 375 755 418 376 835 417 375 817 416 374 835 417 375 755 418 376 758 419 377 761 420 378 758 419 377 755 418 376 758 419 377 761 420 378 832 421 379 791 422 380 832 421 379 761 420 378 832 421 379 791 422 380 794 423 381 801 424 382 794 423 381 791 422 380 794 423 381 801 424 382 798 425 383 615 426 384 798 425 383 801 424 382 798 425 383 615 426 384 612 427 385 714 428 386 612 427 385 615 426 384 612 427 385 714 428 386 711 429 387 812 430 388 711 429 387 714 428 386 711 429 387 812 430 388 809 431 389 68 432 390 809 431 389 812 430 388 809 431 389 68 432 390 65 433 391 458 436 394 545 435 393 537 434 392 545 435 393 458 436 394 466 437 395 35 438 396 466 437 395 458 436 394 466 437 395 35 438 396 95 439 397 788 440 398 95 439 397 35 438 396 95 439 397 788 440 398 92 412 370 779 441 399 92 412 370 788 440 398 92 412 370 779 441 399 820 414 372 782 442 400 820 414 372 779 441 399 820 414 372 782 442 400 64 443 401 4 444 402 64 443 401 782 442 400 64 443 401 4 444 402 755 418 376 752 445 403 755 418 376 4 444 402 755 418 376 752 445 403 761 420 378 67 446 404 761 420 378 752 445 403 761 420 378 67 446 404 72 447 405 606 448 406 72 447 405 67 446 404 72 447 405 606 448 406 634 449 407 705 450 408 634 449 407 606 448 406 634 449 407 705 450 408 732 451 409 802 452 410 732 451 409 705 450 408 732 451 409 802 452 410 830 453 411 58 454 412 830 453 411 802 452 410 830 453 411 58 454 412 93 455 413 434 458 416 508 457 415 506 456 414 508 457 415 434 458 416 439 459 417 112 460 418 439 459 417 434 458 416 439 459 417 112 460 418 116 461 419 108 462 420 116 461 419 112 460 418 116 461 419 108 462 420 399 390 348 233 463 421 399 390 348 108 462 420 399 390 348 233 463 421 237 392 350 229 464 422 237 392 350 233 463 421 237 392 350 229 464 422 144 465 423 153 466 424 144 465 423 229 464 422 144 465 423 153 466 424 147 394 352 150 467 425 147 394 352 153 466 424 147 394 352 150 467 425 267 396 354 349 468 426 267 396 354 150 467 425 267 396 354 349 468 426 263 469 427 659 470 428 263 469 427 349 468 426 263 469 427 659 470 428 656 471 429 756 472 430 656 471 429 659 470 428 656 471 429 756 472 430 753 473 431 5 474 432 753 473 431 756 472 430 753 473 431 5 474 432 2 475 433 121 476 434 2 475 433 5 474 432 2 475 433 121 476 434 117 477 435 453 480 438 543 479 437 532 478 436 543 479 437 453 480 438 464 481 439 826 415 373 464 481 439 453 480 438 464 481 439 826 415 373 104 482 440 835 417 375 104 482 440 826 415 373 104 482 440 835 417 375 112 460 418 829 483 441 112 460 418 835 417 375 112 460 418 829 483 441 108 462 420 832 421 379 108 462 420 829 483 441 108 462 420 832 421 379 98 484 442 794 423 381 98 484 442 832 421 379 98 484 442 794 423 381 229 464 422 189 485 443 229 464 422 794 423 381 229 464 422 189 485 443 153 466 424 193 486 444 153 466 424 189 485 443 153 466 424 193 486 444 353 487 445 662 488 446 353 487 445 193 486 444 353 487 445 662 488 446 680 489 447 759 490 448 680 489 447 662 488 446 680 489 447 759 490 448 777 491 449 8 492 450 777 491 449 759 490 448 777 491 449 8 492 450 29 493 451 125 494 452 29 493 451 8 492 450 29 493 451 125 494 452 148 495 453 489 498 456 583 497 455 573 496 454 583 497 455 489 498 456 500 499 457 382 367 325 500 499 457 489 498 456 500 499 457 382 367 325 387 500 458 185 369 327 387 500 458 382 367 325 387 500 458 185 369 327 309 501 459 304 502 460 309 501 459 185 369 327 309 501 459 304 502 460 300 503 461 282 373 331 300 503 461 304 502 460 300 503 461 282 373 331 391 504 462 201 375 333 391 504 462 282 373 331 391 504 462 201 375 333 333 505 463 205 506 464 333 505 463 201 375 333 333 505 463 205 506 464 167 507 465 209 508 466 167 507 465 205 506 464 167 507 465 209 508 466 377 509 467 671 510 468 377 509 467 209 508 466 377 509 467 671 510 468 683 511 469 768 512 470 683 511 469 671 510 468 683 511 469 768 512 470 780 513 471 19 514 472 780 513 471 768 512 470 780 513 471 19 514 472 32 515 473 138 516 474 32 515 473 19 514 472 821 519 477 96 518 476 82 517 475 96 518 476 821 519 477 833 520 478 723 521 479 833 520 478 821 519 477 833 520 478 723 521 479 735 522 480 624 523 481 735 522 480 723 521 479 735 522 480 624 523 481 638 524 482 814 345 303 638 524 482 624 523 481 638 524 482 814 345 303 89 525 483 776 347 305 89 525 483 814 345 303 89 525 483 776 347 305 85 526 484 767 527 485 85 526 484 776 347 305 85 526 484 767 527 485 841 528 486 770 351 309 841 528 486 767 527 485 841 528 486 770 351 309 77 529 487 41 353 311 77 529 487 770 351 309 77 529 487 41 353 311 81 530 488 764 531 489 81 530 488 41 353 311 81 530 488 764 531 489 595 532 490 592 533 491 595 532 490 764 531 489 595 532 490 592 533 491 589 534 492 630 535 493 589 534 492 592 533 491 815 538 496 78 537 495 73 536 494 78 537 495 815 538 496 818 539 497 717 540 498 818 539 497 815 538 496 818 539 497 717 540 498 720 541 499 618 542 500 720 541 499 717 540 498 720 541 499 618 542 500 621 543 501 85 526 484 621 543 501 618 542 500 621 543 501 85 526 484 846 544 502 841 528 486 846 544 502 85 526 484 846 544 502 841 528 486 849 312 270 838 545 503 849 312 270 841 528 486 849 312 270 838 545 503 124 314 272 81 530 488 124 314 272 838 545 503 124 314 272 81 530 488 608 546 504 602 547 505 608 546 504 81 530 488 608 546 504 602 547 505 598 548 506 586 549 507 598 548 506 602 547 505 802 452 410 62 550 508 58 454 412 62 550 508 802 452 410 806 551 509 705 450 408 806 551 509 802 452 410 806 551 509 705 450 408 708 552 510 606 448 406 708 552 510 705 450 408 708 552 510 606 448 406 609 553 511 67 446 404 609 553 511 606 448 406 609 553 511 67 446 404 7 554 512 4 444 402 7 554 512 67 446 404 7 554 512 4 444 402 10 555 513 1 556 514 10 555 513 4 444 402 10 555 513 1 556 514 21 557 515 782 442 400 21 557 515 1 556 514 21 557 515 782 442 400 785 558 516 788 440 398 785 558 516 782 442 400 785 558 516 788 440 398 17 559 517 25 560 518 17 559 517 788 440 398 371 561 519 377 509 467 683 511 469 377 509 467 371 561 519 167 507 465 163 562 520 167 507 465 371 561 519 167 507 465 163 562 520 159 563 521 245 564 522 159 563 521 163 562 520 159 563 521 245 564 522 357 565 523 367 566 524 357 565 523 245 564 522 357 565 523 367 566 524 319 567 525 362 568 526 319 567 525 367 566 524 319 567 525 362 568 526 716 569 527 676 570 528 716 569 527 362 568 526 716 569 527 676 570 528 667 571 529 670 572 530 667 571 529 676 570 528 462 356 314 548 573 531 539 358 316 548 573 531 462 356 314 470 574 532 49 354 312 470 574 532 462 356 314 470 574 532 49 354 312 137 575 533 61 350 308 137 575 533 49 354 312 137 575 533 61 350 308 141 576 534 53 577 535 141 576 534 61 350 308 141 576 534 53 577 535 28 578 536 57 348 306 28 578 536 53 577 535 28 578 536 57 348 306 101 579 537 808 344 302 101 579 537 57 348 306 101 579 537 808 344 302 18 580 538 14 581 539 18 580 538 808 344 302 492 584 542 553 583 541 575 582 540 553 583 541 492 584 542 476 585 543 309 501 459 476 585 543 492 584 542 476 585 543 309 501 459 295 586 544 300 503 461 295 586 544 309 501 459 295 586 544 300 503 461 428 587 545 337 588 546 428 587 545 300 503 461 428 587 545 337 588 546 341 589 547 333 505 463 341 589 547 337 588 546 341 589 547 333 505 463 156 590 548 167 507 465 156 590 548 333 505 463 156 590 548 167 507 465 159 563 521 827 593 551 102 592 550 90 591 549 102 592 550 827 593 551 839 594 552 729 595 553 839 594 552 827 593 551 839 594 552 729 595 553 741 596 554 631 597 555 741 596 554 729 595 553 741 596 554 631 597 555 644 598 556 10 555 513 644 598 556 631 597 555 644 598 556 10 555 513 129 599 557 21 557 515 129 599 557 10 555 513 129 599 557 21 557 515 134 600 558 13 601 559 134 600 558 21 557 515 259 329 287 590 602 560 697 327 285 590 602 560 259 329 287 403 603 561 255 604 562 403 603 561 259 329 287 403 603 561 255 604 562 674 605 563 665 606 564 674 605 563 255 604 562 674 605 563 665 606 564 762 607 565 765 608 566 762 607 565 665 606 564 762 607 565 765 608 566 15 609 567 32 515 473 15 609 567 765 608 566 15 609 567 32 515 473 151 610 568 138 516 474 151 610 568 32 515 473 789 613 571 47 612 570 42 611 569 47 612 570 789 613 571 792 614 572 692 615 573 792 614 572 789 613 571 792 614 572 692 615 573 695 616 574 593 617 575 695 616 574 692 615 573 695 616 574 593 617 575 596 618 576 587 315 273 596 618 576 593 617 575 596 618 576 587 315 273 408 619 577 664 317 275 408 619 577 587 315 273 408 619 577 664 317 275 658 319 277 478 622 580 585 621 579 556 620 578 585 621 579 478 622 580 503 623 581 428 587 545 503 623 581 478 622 580 503 623 581 428 587 545 423 624 582 341 589 547 423 624 582 428 587 545 423 624 582 341 589 547 329 625 583 324 626 584 329 625 583 341 589 547 329 625 583 324 626 584 319 567 525 159 563 521 319 567 525 324 626 584 319 567 525 159 563 521 357 565 523 792 614 572 105 627 585 47 612 570 105 627 585 792 614 572 842 628 586 695 616 574 842 628 586 792 614 572 842 628 586 695 616 574 744 629 587 596 618 576 744 629 587 695 616 574 744 629 587 596 618 576 647 630 588 408 619 577 647 630 588 596 618 576 647 630 588 408 619 577 590 602 560 740 325 283 590 602 560 408 619 577 590 602 560 740 325 283 697 327 285 765 608 566 780 513 471 32 515 473 780 513 471 765 608 566 668 631 589 665 606 564 668 631 589 765 608 566 668 631 589 665 606 564 241 632 590 255 604 562 241 632 590 665 606 564 241 632 590 255 604 562 245 564 522 250 633 591 245 564 522 255 604 562 245 564 522 250 633 591 367 566 524 259 329 287 367 566 524 250 633 591 367 566 524 259 329 287 688 331 289 812 430 388 93 455 413 68 432 390 93 455 413 812 430 388 830 453 411 714 428 386 830 453 411 812 430 388 830 453 411 714 428 386 732 451 409 615 426 384 732 451 409 714 428 386 732 451 409 615 426 384 634 449 407 801 424 382 634 449 407 615 426 384 634 449 407 801 424 382 72 447 405 761 420 378 72 447 405 801 424 382 494 636 594 559 635 593 577 634 592 559 635 593 494 636 594 480 637 595 329 625 583 480 637 595 494 636 594 480 637 595 329 625 583 314 638 596 319 567 525 314 638 596 329 625 583 314 638 596 319 567 525 725 639 597 719 640 598 725 639 597 319 567 525 725 639 597 719 640 598 710 641 599 713 642 600 710 641 599 719 640 598 8 492 450 65 433 391 125 494 452 65 433 391 8 492 450 809 431 389 759 490 448 809 431 389 8 492 450 809 431 389 759 490 448 711 429 387 662 488 446 711 429 387 759 490 448 711 429 387 662 488 446 612 427 385 193 486 444 612 427 385 662 488 446 612 427 385 193 486 444 798 425 383 794 423 381 798 425 383 193 486 444 799 337 295 82 517 475 54 335 293 82 517 475 799 337 295 821 519 477 702 339 297 821 519 477 799 337 295 821 519 477 702 339 297 723 521 479 603 341 299 723 521 479 702 339 297 723 521 479 603 341 299 624 523 481 811 343 301 624 523 481 603 341 299 624 523 481 811 343 301 814 345 303 833 520 478 73 536 494 96 518 476 73 536 494 833 520 478 815 538 496 735 522 480 815 538 496 833 520 478 815 538 496 735 522 480 717 540 498 638 524 482 717 540 498 735 522 480 717 540 498 638 524 482 618 542 500 89 525 483 618 542 500 638 524 482 618 542 500 89 525 483 85 526 484 818 539 497 86 304 262 78 537 495 86 304 262 818 539 497 824 306 264 720 541 499 824 306 264 818 539 497 824 306 264 720 541 499 726 308 266 621 543 501 726 308 266 720 541 499 726 308 266 621 543 501 628 310 268 846 544 502 628 310 268 621 543 501 628 310 268 846 544 502 849 312 270 836 307 265 42 611 569 99 305 263 42 611 569 836 307 265 789 613 571 738 309 267 789 613 571 836 307 265 789 613 571 738 309 267 692 615 573 641 311 269 692 615 573 738 309 267 692 615 573 641 311 269 593 617 575 120 313 271 593 617 575 641 311 269 593 617 575 120 313 271 587 315 273 839 594 552 51 643 601 102 592 550 51 643 601 839 594 552 796 644 602 741 596 554 796 644 602 839 594 552 796 644 602 741 596 554 699 645 603 644 598 556 699 645 603 741 596 554 699 645 603 644 598 556 600 646 604 129 599 557 600 646 604 644 598 556 600 646 604 129 599 557 134 600 558 656 471 429 277 398 356 263 469 427 277 398 356 656 471 429 677 400 358 753 473 431 677 400 358 656 471 429 677 400 358 753 473 431 774 402 360 2 475 433 774 402 360 753 473 431 774 402 360 2 475 433 26 404 362 117 477 435 26 404 362 2 475 433 26 404 362 117 477 435 145 406 364 680 489 447 349 468 426 353 487 445 349 468 426 680 489 447 659 470 428 777 491 449 659 470 428 680 489 447 659 470 428 777 491 449 756 472 430 29 493 451 756 472 430 777 491 449 756 472 430 29 493 451 5 474 432 148 495 453 5 474 432 29 493 451 5 474 432 148 495 453 121 476 434 806 551 509 90 591 549 62 550 508 90 591 549 806 551 509 827 593 551 708 552 510 827 593 551 806 551 509 827 593 551 708 552 510 729 595 553 609 553 511 729 595 553 708 552 510 729 595 553 609 553 511 631 597 555 7 554 512 631 597 555 609 553 511 631 597 555 7 554 512 10 555 513 689 401 359 418 376 334 413 399 357 418 376 334 689 401 359 653 378 336 786 403 361 653 378 336 689 401 359 653 378 336 786 403 361 750 380 338 39 405 363 750 380 338 786 403 361 750 380 338 39 405 363 850 382 340 157 407 365 850 382 340 39 405 363 850 382 340 157 407 365 113 384 342 650 379 337 209 508 466 197 377 335 209 508 466 650 379 337 671 510 468 747 381 339 671 510 468 650 379 337 671 510 468 747 381 339 768 512 470 847 383 341 768 512 470 747 381 339 768 512 470 847 383 341 19 514 472 109 385 343 19 514 472 847 383 341 19 514 472 109 385 343 138 516 474 842 628 586 154 647 605 105 627 585 154 647 605 842 628 586 36 648 606 744 629 587 36 648 606 842 628 586 36 648 606 744 629 587 783 649 607 647 630 588 783 649 607 744 629 587 783 649 607 647 630 588 686 650 608 590 602 560 686 650 608 647 630 588 686 650 608 590 602 560 403 603 561 674 605 563 686 650 608 403 603 561 686 650 608 674 605 563 771 651 609 762 607 565 771 651 609 674 605 563 771 651 609 762 607 565 11 652 610 15 609 567 11 652 610 762 607 565 11 652 610 15 609 567 135 653 611 151 610 568 135 653 611 15 609 567 443 656 614 514 655 613 511 654 612 514 655 613 443 656 614 445 657 615 141 576 534 445 657 615 443 656 614 445 657 615 141 576 534 31 658 616 28 578 536 31 658 616 141 576 534 31 658 616 28 578 536 34 659 617 24 660 618 34 659 617 28 578 536 480 637 595 562 661 619 559 635 593 562 661 619 480 637 595 482 662 620 314 638 596 482 662 620 480 637 595 482 662 620 314 638 596 731 663 621 725 639 597 731 663 621 314 638 596 731 663 621 725 639 597 722 664 622 710 641 599 722 664 622 725 639 597 41 353 311 640 665 623 764 531 489 640 665 623 41 353 311 637 666 624 46 355 313 637 666 624 41 353 311 637 666 624 46 355 313 646 667 625 649 668 626 646 667 625 46 355 313 646 667 625 649 668 626 570 669 627 568 670 628 570 669 627 649 668 626 620 316 274 614 671 629 611 318 276 614 671 629 620 316 274 617 672 630 124 314 272 617 672 630 620 316 274 617 672 630 124 314 272 627 673 631 608 546 504 627 673 631 124 314 272 627 673 631 608 546 504 605 674 632 598 548 506 605 674 632 608 546 504 447 677 635 528 676 634 525 675 633 528 676 634 447 677 635 449 678 636 576 679 637 449 678 636 447 677 635 449 678 636 576 679 637 743 680 638 578 681 639 743 680 638 576 679 637 743 680 638 578 681 639 746 682 640 449 678 636 541 683 641 528 676 634 541 683 641 449 678 636 472 684 642 743 680 638 472 684 642 449 678 636 472 684 642 743 680 638 566 685 643 746 682 640 566 685 643 743 680 638 566 685 643 746 682 640 572 686 644 472 684 642 516 687 645 541 683 641 516 687 645 472 684 642 522 688 646 566 685 643 522 688 646 472 684 642 522 688 646 566 685 643 568 670 628 572 686 644 568 670 628 566 685 643 568 670 628 572 686 644 570 669 627 482 662 620 579 689 647 562 661 619 579 689 647 482 662 620 496 690 648 749 691 649 496 690 648 482 662 620 496 690 648 749 691 649 582 692 650 728 693 651 582 692 650 749 691 649 582 692 650 728 693 651 584 694 652 496 690 648 565 695 653 579 689 647 565 695 653 496 690 648 567 696 654 582 692 650 567 696 654 496 690 648 567 696 654 582 692 650 574 697 655 584 694 652 574 697 655 582 692 650 574 697 655 584 694 652 580 698 656 567 696 654 525 675 633 565 695 653 525 675 633 567 696 654 447 677 635 574 697 655 447 677 635 567 696 654 447 677 635 574 697 655 576 679 637 580 698 656 576 679 637 574 697 655 576 679 637 580 698 656 578 681 639 130 699 657 11 652 610 135 653 611 11 652 610 130 699 657 22 700 658 142 701 659 22 700 658 130 699 657 22 700 658 142 701 659 36 648 606 154 647 605 36 648 606 142 701 659 445 657 615 536 702 660 514 655 613 536 702 660 445 657 615 457 703 661 31 658 616 457 703 661 445 657 615 457 703 661 31 658 616 34 659 617 470 574 532 511 654 612 548 573 531 511 654 612 470 574 532 443 656 614 137 575 533 443 656 614 470 574 532 443 656 614 137 575 533 141 576 534 466 437 395 534 408 366 545 435 393 534 408 366 466 437 395 455 410 368 95 439 397 455 410 368 466 437 395 455 410 368 95 439 397 92 412 370 451 411 369 532 478 436 530 409 367 532 478 436 451 411 369 453 480 438 823 413 371 453 480 438 451 411 369 453 480 438 823 413 371 826 415 373 498 389 347 569 360 318 581 387 345 569 360 318 498 389 347 484 362 320 395 391 349 484 362 320 498 389 347 484 362 320 395 391 349 225 364 322 464 481 439 506 456 414 543 479 437 506 456 414 464 481 439 434 458 416 104 482 440 434 458 416 464 481 439 434 458 416 104 482 440 112 460 418 439 459 417 550 386 344 508 457 415 550 386 344 439 459 417 474 388 346 116 461 419 474 388 346 439 459 417 474 388 346 116 461 419 399 390 348 668 631 589 683 511 469 780 513 471 683 511 469 668 631 589 371 561 519 241 632 590 371 561 519 668 631 589 371 561 519 241 632 590 245 564 522 503 623 581 577 634 592 585 621 579 577 634 592 503 623 581 494 636 594 423 624 582 494 636 594 503 623 581 494 636 594 423 624 582 329 625 583 486 363 321 573 496 454 571 361 319 573 496 454 486 363 321 489 498 456 213 365 323 489 498 456 486 363 321 489 498 456 213 365 323 382 367 325 476 585 543 556 620 578 553 583 541 556 620 578 476 585 543 478 622 580 295 586 544 478 622 580 476 585 543 478 622 580 295 586 544 428 587 545 500 499 457 575 582 540 583 497 455 575 582 540 500 499 457 492 584 542 387 500 458 492 584 542 500 499 457 492 584 542 387 500 458 309 501 459 643 704 662 646 667 625 570 669 627 646 667 625 643 704 662 637 666 624 633 705 663 637 666 624 643 704 662 637 666 624 633 705 663 640 665 623 682 706 664 367 566 524 688 331 289 367 566 524 682 706 664 673 707 665 679 708 666 673 707 665 682 706 664 673 707 665 679 708 666 670 572 530 623 709 667 627 673 631 605 674 632 627 673 631 623 709 667 617 672 630 614 671 629 617 672 630 623 709 667 595 532 490 602 547 505 81 530 488 602 547 505 595 532 490 586 549 507 589 534 492 586 549 507 595 532 490 522 688 646 519 359 317 516 687 645 519 359 317 522 688 646 460 357 315 46 355 313 460 357 315 522 688 646 783 649 607 22 700 658 36 648 606 22 700 658 783 649 607 771 651 609 686 650 608 771 651 609 783 649 607 716 569 527 719 640 598 319 567 525 719 640 598 716 569 527 713 642 600 667 571 529 713 642 600 716 569 527 731 663 621 749 691 649 482 662 620 749 691 649 731 663 621 728 693 651 722 664 622 728 693 651 731 663 621 640 665 623 592 533 491 764 531 489 592 533 491 640 665 623 630 535 493 633 705 663 630 535 493 640 665 623 673 707 665 362 568 526 367 566 524 362 568 526 673 707 665 676 570 528 670 572 530 676 570 528 673 707 665 291 372 330 418 376 334 286 374 332 418 376 334 291 372 330 413 399 357 108 462 420 229 464 422 233 463 421 229 464 422 108 462 420 98 484 442 237 392 350 147 394 352 221 393 351 147 394 352 237 392 350 144 465 423 217 366 324 175 370 328 179 368 326 175 370 328 217 366 324 345 395 353 153 466 424 349 468 426 150 467 425 349 468 426 153 466 424 353 487 445 267 396 354 277 398 356 272 397 355 277 398 356 267 396 354 263 469 427 201 375 333 209 508 466 205 506 464 209 508 466 201 375 333 197 377 335 832 421 379 835 417 375 758 419 377 835 417 375 832 421 379 829 483 441 18 580 538 28 578 536 101 579 537 28 578 536 18 580 538 24 660 618 81 530 488 841 528 486 77 529 487 841 528 486 81 530 488 838 545 503 755 418 376 820 414 372 64 443 401 820 414 372 755 418 376 817 416 374 685 333 291 682 706 664 688 331 289 682 706 664 685 333 291 679 708 666 770 351 309 776 347 305 773 349 307 776 347 305 770 351 309 767 527 485 707 330 288 691 710 668 704 332 290 691 710 668 707 330 288 701 328 286 17 559 517 21 557 515 785 558 516 21 557 515 17 559 517 13 601 559 649 668 626 522 688 646 568 670 628 522 688 646 649 668 626 46 355 313 661 321 279 408 619 577 658 319 277 408 619 577 661 321 279 737 323 281 300 503 461 333 505 463 337 588 546 333 505 463 300 503 461 391 504 462 341 589 547 159 563 521 324 626 584 159 563 521 341 589 547 156 590 548 185 369 327 282 373 331 304 502 460 282 373 331 185 369 327 171 371 329 245 564 522 163 562 520 371 561 519 771 651 609 11 652 610 22 700 658 788 440 398 782 442 400 779 441 399 808 344 302 133 342 300 14 581 539 4 444 402 782 442 400 1 556 514 701 328 286 694 326 284 691 710 668 259 329 287 250 633 591 255 604 562 61 350 308 49 354 312 38 352 310 408 619 577 737 323 281 740 325 283 788 440 398 35 438 396 25 560 518 808 344 302 57 348 306 805 346 304 761 420 378 801 424 382 791 422 380 4 444 402 67 446 404 752 445 403 61 350 308 57 348 306 53 577 535 193 486 444 189 485 443 794 423 381 296 238 233 198 238 233 260 238 233 198 238 233 296 238 233 268 238 233 278 238 233 268 238 233 296 238 233 268 238 233 278 238 233 358 238 233 160 238 233 358 238 233 278 238 233 358 238 233 160 238 233 305 238 233 164 238 233 305 238 233 160 238 233 230 238 233 278 238 233 226 238 233 278 238 233 230 238 233 160 238 233 251 238 233 160 238 233 230 238 233 160 238 233 251 238 233 287 238 233 404 238 233 334 238 233 338 238 233 334 238 233 404 238 233 435 238 233 268 238 233 435 238 233 404 238 233 435 238 233 268 238 233 358 238 233 414 238 233 358 238 233 363 238 233 358 238 233 414 238 233 435 238 233 315 238 233 435 238 233 414 238 233 435 238 233 315 238 233 320 238 233 305 238 233 388 238 233 358 238 233 388 238 233 305 238 233 424 238 233 215 711 232 223 711 231 218 711 230 223 711 231 215 711 232 210 711 233 316 713 232 384 713 231 330 712 230 384 713 231 316 713 232 378 712 233 278 238 233 180 238 233 242 238 233 180 238 233 278 238 233 296 238 233 199 714 232 207 714 231 202 714 230 207 714 231 199 714 232 194 714 233 268 238 233 210 238 233 214 238 233 210 238 233 268 238 233 404 238 233 181 715 232 191 715 231 186 715 230 191 715 231 181 715 232 176 715 233 165 716 232 173 716 231 168 716 230 173 716 231 165 716 232 160 716 233 397 718 232 441 718 231 400 717 230 441 718 231 397 718 232 435 717 233 389 720 232 430 720 231 392 719 230 430 720 231 389 720 232 424 719 233 379 721 232 420 721 231 383 721 230 420 721 231 379 721 232 414 721 233 351 722 232 410 722 231 354 722 230 410 722 231 351 722 232 404 722 233 436 723 232 326 723 231 440 723 230 326 723 231 436 723 232 320 723 233 425 724 232 311 724 231 429 724 230 311 724 231 425 724 232 305 724 233 415 726 232 369 726 231 419 725 230 369 726 231 415 726 232 363 725 233 405 728 232 343 728 231 409 727 230 343 728 231 405 728 232 338 727 233 335 729 232 401 729 231 346 729 230 401 729 231 335 729 232 396 729 233 359 730 232 393 730 231 372 730 230 393 730 231 359 730 232 388 730 233 243 732 232 187 732 231 246 731 230 187 732 231 243 732 232 180 731 233 364 733 232 373 733 231 368 733 230 373 733 231 364 733 232 358 733 233 211 734 232 355 734 231 222 734 230 355 734 231 211 734 232 350 734 233 339 735 232 347 735 231 342 735 230 347 735 231 339 735 232 334 735 233 321 736 232 331 736 231 325 736 230 331 736 231 321 736 232 315 736 233 306 737 232 169 737 231 310 737 230 169 737 231 306 737 232 164 737 233 297 739 232 265 739 231 301 738 230 265 739 231 297 739 232 260 738 233 288 741 232 257 741 231 292 740 230 257 741 231 288 741 232 251 740 233 279 742 232 247 742 231 283 742 230 247 742 231 279 742 232 242 742 233 269 743 232 219 743 231 273 743 230 219 743 231 269 743 232 214 743 233 177 744 232 302 744 231 190 744 230 302 744 231 177 744 232 296 744 233 161 745 232 293 745 231 172 745 230 293 745 231 161 745 232 287 745 233 227 747 232 284 747 231 238 746 230 284 747 231 227 747 232 278 746 233 195 749 232 274 749 231 206 748 230 274 749 231 195 749 232 268 748 233 261 750 232 203 750 231 264 750 230 203 750 231 261 750 232 198 750 233 252 751 232 235 751 231 256 751 230 235 751 231 252 751 232 230 751 233 231 752 232 239 752 231 234 752 230 239 752 231 231 752 232 226 752 233 194 238 233 198 238 233 268 238 233 176 238 233 180 238 233 296 238 233 350 238 233 210 238 233 404 238 233 378 238 233 315 238 233 414 238 233 396 238 233 334 238 233 435 238 233</p>
                </triangles>
            </mesh>
        </geometry>
        <geometry id="ID58">
            <mesh>
                <source id="ID59">
                    <float_array id="ID60" count="705">46.75 344.594 -575.344 46.75 344.594 -575.344 -46.75 344.594 -575.344 -26.9688 295.813 -564.125 26.9688 295.813 -564.125 26.9688 295.813 -564.125 -93.5 344.594 -548.844 -53.9688 295.813 -548.844 -46.75 344.594 -522.313 -26.9688 295.813 -533.531 46.75 344.594 -522.313 26.9688 295.813 -533.531 93.5 344.594 -548.844 53.9688 295.813 -548.844 53.9688 411.219 -579.438 53.9688 411.219 -579.438 -53.9688 411.219 -579.438 -107.969 411.219 -548.844 -53.9688 411.219 -518.219 53.9688 411.219 -518.219 107.969 411.219 -548.844 46.75 477.844 -575.344 46.75 477.844 -575.344 -46.75 477.844 -575.344 -93.5 477.844 -548.844 -46.75 477.844 -522.313 46.75 477.844 -522.313 93.5 477.844 -548.844 26.9688 526.594 -564.125 26.9688 526.594 -564.125 -26.9688 526.594 -564.125 -53.9688 526.594 -548.844 -26.9688 526.594 -533.531 26.9688 526.594 -533.531 53.9688 526.594 -548.844 0 277.969 -548.844 0 277.969 -548.844 0 277.969 -548.844 0 277.969 -548.844 0 277.969 -548.844 0 277.969 -548.844 0 544.469 -548.844 0 544.469 -548.844 0 544.469 -548.844 0 544.469 -548.844 0 544.469 -548.844 0 544.469 -548.844 137.344 374.625 -570 137.344 374.625 -570 74.5 374.625 -570 87.7813 347.813 -561.031 124.063 347.813 -561.031 124.063 347.813 -561.031 43.0625 374.625 -548.844 69.625 347.813 -548.844 74.5 374.625 -527.688 87.7813 347.813 -536.625 137.344 374.625 -527.688 124.063 347.813 -536.625 168.781 374.625 -548.844 142.219 347.813 -548.844 -240.375 309.656 -550.219 -240.375 309.656 -550.219 142.219 411.219 -573.25 142.219 411.219 -573.25 -319.594 309.656 -550.219 69.625 411.219 -573.25 -302.875 282.875 -537.219 33.3438 411.219 -548.844 -257.125 282.875 -537.219 -257.125 282.875 -537.219 69.625 411.219 -524.406 -359.219 309.656 -519.469 142.219 411.219 -524.406 -325.75 282.875 -519.469 178.5 411.219 -548.844 -319.594 309.656 -488.688 137.344 447.813 -570 137.344 447.813 -570 -302.875 282.875 -501.688 74.5 447.813 -570 -240.375 309.656 -488.688 43.0625 447.813 -548.844 -257.125 282.875 -501.688 74.5 447.813 -527.688 -200.75 309.656 -519.469 137.344 447.813 -527.688 -234.25 282.875 -519.469 168.781 447.813 -548.844 -234.25 346.25 -554.969 -234.25 346.25 -554.969 124.063 474.625 -561.031 124.063 474.625 -561.031 -325.75 346.25 -554.969 87.7813 474.625 -561.031 -371.5 346.25 -519.469 69.625 474.625 -548.844 -325.75 346.25 -483.938 87.7813 474.625 -536.625 -234.25 346.25 -483.938 124.063 474.625 -536.625 -188.5 346.25 -519.469 142.219 474.625 -548.844 -240.375 382.844 -550.219 -240.375 382.844 -550.219 105.906 338.031 -548.844 105.906 338.031 -548.844 105.906 338.031 -548.844 105.906 338.031 -548.844 105.906 338.031 -548.844 105.906 338.031 -548.844 -319.594 382.844 -550.219 105.906 484.406 -548.844 105.906 484.406 -548.844 105.906 484.406 -548.844 105.906 484.406 -548.844 105.906 484.406 -548.844 105.906 484.406 -548.844 -359.219 382.844 -519.469 -74.5 374.625 -570 -74.5 374.625 -570 -319.594 382.844 -488.688 -137.344 374.625 -570 -240.375 382.844 -488.688 -124.063 347.813 -561.031 -200.75 382.844 -519.469 -87.7813 347.813 -561.031 -87.7813 347.813 -561.031 -257.125 409.656 -537.219 -257.125 409.656 -537.219 -168.781 374.625 -548.844 -302.875 409.656 -537.219 -142.219 347.813 -548.844 -325.75 409.656 -519.469 -137.344 374.625 -527.688 -302.875 409.656 -501.688 -124.063 347.813 -536.625 -257.125 409.656 -501.688 -74.5 374.625 -527.688 -234.25 409.656 -519.469 -87.7813 347.813 -536.625 -280 273.063 -519.469 -280 273.063 -519.469 -280 273.063 -519.469 -280 273.063 -519.469 -280 273.063 -519.469 -280 273.063 -519.469 -43.0625 374.625 -548.844 -280 419.469 -519.469 -280 419.469 -519.469 -280 419.469 -519.469 -280 419.469 -519.469 -280 419.469 -519.469 -280 419.469 -519.469 -69.625 347.813 -548.844 -69.625 411.219 -573.25 -69.625 411.219 -573.25 -142.219 411.219 -573.25 -178.5 411.219 -548.844 -142.219 411.219 -524.406 -69.625 411.219 -524.406 -33.3438 411.219 -548.844 -74.5 447.813 -570 -74.5 447.813 -570 -137.344 447.813 -570 -168.781 447.813 -548.844 -137.344 447.813 -527.688 -74.5 447.813 -527.688 -43.0625 447.813 -548.844 -87.7813 474.625 -561.031 -87.7813 474.625 -561.031 -124.063 474.625 -561.031 -142.219 474.625 -548.844 -124.063 474.625 -536.625 -87.7813 474.625 -536.625 -69.625 474.625 -548.844 -105.906 338.031 -548.844 -105.906 338.031 -548.844 -105.906 338.031 -548.844 -105.906 338.031 -548.844 -105.906 338.031 -548.844 -105.906 338.031 -548.844 -105.906 484.406 -548.844 -105.906 484.406 -548.844 -105.906 484.406 -548.844 -105.906 484.406 -548.844 -105.906 484.406 -548.844 -105.906 484.406 -548.844 319.594 309.656 -550.219 319.594 309.656 -550.219 240.375 309.656 -550.219 257.094 282.875 -537.219 302.844 282.875 -537.219 302.844 282.875 -537.219 200.75 309.656 -519.469 234.219 282.875 -519.469 240.375 309.656 -488.688 257.094 282.875 -501.688 319.594 309.656 -488.688 302.844 282.875 -501.688 359.219 309.656 -519.469 325.719 282.875 -519.469 325.719 346.25 -554.969 325.719 346.25 -554.969 234.219 346.25 -554.969 188.469 346.25 -519.469 234.219 346.25 -483.938 325.719 346.25 -483.938 371.469 346.25 -519.469 319.594 382.844 -550.219 319.594 382.844 -550.219 240.375 382.844 -550.219 200.75 382.844 -519.469 240.375 382.844 -488.688 319.594 382.844 -488.688 359.219 382.844 -519.469 302.844 409.656 -537.219 302.844 409.656 -537.219 257.094 409.656 -537.219 234.219 409.656 -519.469 257.094 409.656 -501.688 302.844 409.656 -501.688 325.719 409.656 -519.469 279.969 273.063 -519.469 279.969 273.063 -519.469 279.969 273.063 -519.469 279.969 273.063 -519.469 279.969 273.063 -519.469 279.969 273.063 -519.469 279.969 419.469 -519.469 279.969 419.469 -519.469 279.969 419.469 -519.469 279.969 419.469 -519.469 279.969 419.469 -519.469 279.969 419.469 -519.469</float_array>
                    <technique_common>
                        <accessor count="235" source="#ID60" stride="3">
                            <param name="X" type="float"/>
                            <param name="Y" type="float"/>
                            <param name="Z" type="float"/>
                        </accessor>
                    </technique_common>
                </source>
                <source id="ID61">
                    <float_array id="ID62" count="561">0.27485 0.829835 -0.485624 0.412962 0.545622 -0.729218 0.383181 0.628331 -0.677032 0.472443 0.285381 -0.83388 0.413366 0.546029 0.728684 0.483869 0.19644 0.852808 0.244483 0.207906 0.947103 0.254652 0.00782257 0.967001 -0.254652 -0.00782257 0.967001 -0.244494 -0.207808 0.947121 -0.483876 -0.196369 0.852821 -0.413337 -0.546119 0.728633 -0.472464 -0.285239 -0.833916 -0.38309 -0.62856 -0.676871 -0.253031 -0.520385 -0.815582 -0.274519 -0.830287 -0.485039 0.274982 0.830235 0.484866 0.156842 0.492381 0.856132 -0.249276 0.189527 0.949706 -0.493088 0.0356288 0.869249 -0.492688 -0.0356151 -0.869477 -0.249057 -0.189393 -0.94979 0 -0.375887 -0.926666 0 -0.650463 -0.759538 0 0.650573 0.759444 -0.253328 0.520648 0.815323 -0.472931 0.285615 0.833523 -0.483471 0.196303 -0.853066 -0.25443 0.00780727 -0.967059 0 -0.115945 -0.993256 -0.274651 -0.830685 0.484282 -0.1568 -0.492579 0.856025 0.249281 -0.189443 0.949721 0.493088 -0.0356288 0.869249 0.492688 0.0356151 -0.869477 0.483458 0.19643 -0.853044 -0.274982 0.830235 0.484866 -0.383581 0.628816 0.676355 -0.412938 0.545698 -0.729175 -0.244206 0.207802 -0.947197 0 0.0204773 -0.99979 0 -0.651229 0.758881 0.253305 -0.520829 0.815214 0.472952 -0.285474 0.833559 0.483478 -0.196232 -0.853078 0.492687 -0.0356647 -0.869475 -0.27485 0.829835 -0.485624 -0.156642 0.492009 -0.856382 0 0.170468 -0.985363 0.274651 -0.830685 0.484282 0.383489 -0.629045 0.676194 0.412908 -0.545789 -0.729124 0.472461 -0.285259 -0.833911 0 0.649806 -0.7601 0 0.449995 -0.893031 0.274519 -0.830287 -0.485039 0.382993 -0.628804 -0.676699 0.242524 0.900359 -0.361298 0.423911 0.649841 -0.630878 0.383256 0.726035 -0.570953 0.516847 0.376908 -0.768641 0.42428 0.650008 0.630457 0.538765 0.263032 0.800342 0.269896 0.284126 0.920016 0.290968 0.0100822 0.95668 -0.290968 -0.0100822 0.95668 -0.269896 -0.284126 0.920016 -0.538765 -0.263032 0.800342 -0.424319 -0.649927 0.630515 -0.516847 -0.376908 -0.768641 -0.383324 -0.725919 -0.571055 -0.261312 -0.635687 -0.726373 -0.242693 -0.900212 -0.36155 0.242604 0.900659 0.360494 0.15811 0.604999 0.78037 -0.279676 0.263213 0.92331 -0.557852 0.0495053 0.828462 -0.557531 -0.0493037 -0.828691 -0.279582 -0.263417 -0.92328 0 -0.489044 -0.872259 0 -0.779892 -0.625914 0 0.780674 0.624939 -0.261579 0.635866 0.72612 -0.517138 0.37691 0.768445 -0.538641 0.262766 -0.800512 -0.290779 0.0102129 -0.956736 0 -0.165726 -0.986172 -0.242774 -0.900513 0.360746 -0.158142 -0.60495 0.780401 0.279676 -0.263213 0.92331 0.557852 -0.0495053 0.828462 0.557531 0.0493037 -0.828691 0.538604 0.263008 -0.800458 -0.242774 0.900513 0.360746 -0.38371 0.726414 0.570167 -0.423884 0.649898 -0.630837 -0.269741 0.283979 -0.920106 0 0.0295914 -0.999562 0 -0.780674 0.624939 0.26155 -0.635916 0.726087 0.517138 -0.37691 0.768445 0.538641 -0.262766 -0.800512 0.557529 -0.0493554 -0.828689 -0.242693 0.900212 -0.36155 -0.157845 0.60501 -0.780415 0 0.242445 -0.970165 0.242604 -0.900659 0.360494 0.383641 -0.726529 0.570065 0.423845 -0.64998 -0.630779 0.516824 -0.37701 -0.768607 0 0.779892 -0.625914 0 0.571757 -0.820423 0.242524 -0.900359 -0.361298 0.382999 -0.726472 -0.57057 0.242693 0.900212 -0.36155 0.42395 0.649759 -0.630935 0.383324 0.725919 -0.571055 0.424319 0.649927 0.630515 -0.42428 -0.650008 0.630457 -0.383256 -0.726035 -0.570953 -0.261283 -0.635737 -0.72634 -0.242524 -0.900359 -0.361298 0.242774 0.900513 0.360746 0.158142 0.60495 0.780401 -0.26155 0.635916 0.726087 -0.242604 -0.900659 0.360494 -0.15811 -0.604999 0.78037 -0.242604 0.900659 0.360494 -0.383641 0.726529 0.570065 -0.423845 0.64998 -0.630779 0.261579 -0.635866 0.72612 -0.242524 0.900359 -0.361298 -0.157813 0.60506 -0.780383 0.242774 -0.900513 0.360746 0.38371 -0.726414 0.570167 0.423884 -0.649898 -0.630837 0.242693 -0.900212 -0.36155 0.383067 -0.726357 -0.570671 0.202448 0.943899 -0.260902 0.407043 0.747772 -0.52455 0.444014 0.883552 0.148952 0.801753 0.596581 0.0358237 0.282656 0.378894 0.881218 0.3222 0.0129438 0.946583 -0.322183 -0.0130325 0.946588 -0.282628 -0.379086 0.881144 -0.801521 -0.596894 0.0358104 -0.443966 -0.88358 0.148933 -0.251586 -0.74297 -0.620242 -0.202448 -0.943899 -0.260902 0.202472 0.944012 0.260474 0.149021 0.713149 0.68499 -0.300629 0.3582 0.88392 -0.611971 0.0684192 0.787915 -0.611619 -0.0684053 -0.78819 -0.300407 -0.358381 -0.883922 0 -0.60804 -0.793906 0 -0.875173 -0.48381 0 0.875533 0.483159 -0.251857 0.743018 0.620075 -0.801703 0.59662 -0.0362877 -0.321974 0.0130119 -0.946659 0 -0.23408 -0.972217 -0.202472 -0.944012 0.260474 -0.149001 -0.713294 0.684843 0.300609 -0.358346 0.883868 0.611979 -0.0682458 0.787924 0.611626 0.068232 -0.788199 0.575546 0.344462 -0.741682 -0.202472 0.944012 0.260474 -0.444094 0.883406 -0.149584 -0.282469 0.378731 -0.881348 0 0.0432274 -0.999065 0 -0.875533 0.483159 0.251664 -0.743357 0.619746 0.801505 -0.596877 -0.0364286 0.611625 -0.0682475 -0.788198 -0.202448 0.943899 -0.260902 -0.148929 0.712874 -0.685297 0 0.337644 -0.941274 0.202472 -0.944012 0.260474 0.443659 -0.883653 -0.149413 0.53661 -0.483602 -0.691505 0 0.875173 -0.48381 0 0.687923 -0.725784 0.202448 -0.943899 -0.260902 0.359462 -0.810054 -0.46325</float_array>
                    <technique_common>
                        <accessor count="187" source="#ID62" stride="3">
                            <param name="X" type="float"/>
                            <param name="Y" type="float"/>
                            <param name="Z" type="float"/>
                        </accessor>
                    </technique_common>
                </source>
                <source id="ID63">
                    <float_array id="ID64" count="94">0.916504 1 1 0.833496 0.833252 0.833496 0.833252 0.666748 0.666504 0.666748 0.666504 0.5 0.5 0.5 0.5 0.333496 0.333252 0.333496 0.333252 0.166748 0.166504 0.166748 0.25 0 0.75 1 0.666504 0.833496 0.5 0.666748 0.333252 0.5 0.166504 0.333496 0 0.166748 0.083252 0 0.583252 1 0.5 0.833496 0.333252 0.666748 0.166504 0.5 0 0.333496 0.416504 0 0.5 0.166748 0.666504 0.333496 0.833252 0.5 1 0.666748 0.416504 1 0.333252 0.833496 0.166504 0.666748 0 0.5 0.583252 0 0.666504 0.166748 0.833252 0.333496 1 0.5 0.25 1 0.166504 0.833496 0 0.666748 0.75 0 0.833252 0.166748 1 0.333496 0.083252 1 0 0.833496 0.916504 0 1 0.166748</float_array>
                    <technique_common>
                        <accessor count="47" source="#ID64" stride="2">
                            <param name="S" type="float"/>
                            <param name="T" type="float"/>
                        </accessor>
                    </technique_common>
                </source>
                <vertices id="ID65">
                    <input semantic="POSITION" source="#ID59"/>
                </vertices>
                <triangles count="300" material="Material1">
                    <input offset="0" semantic="VERTEX" source="#ID65"/>
                    <input offset="1" semantic="NORMAL" source="#ID61"/>
                    <input offset="2" semantic="TEXCOORD" source="#ID63" set="0"/>
                    <p>34 2 2 29 1 1 46 0 0 29 1 1 34 2 2 27 3 3 26 6 4 27 5 3 34 4 2 27 5 3 26 6 4 19 7 5 18 8 6 19 7 5 26 6 4 19 7 5 18 8 6 8 9 7 6 10 8 8 9 7 18 8 6 8 9 7 6 10 8 7 11 9 3 14 10 7 13 9 6 12 8 7 13 9 3 14 10 36 15 11 33 17 13 34 4 2 45 16 12 34 4 2 33 17 13 26 6 4 25 18 14 26 6 4 33 17 13 26 6 4 25 18 14 18 8 6 17 19 15 18 8 6 25 18 14 18 8 6 17 19 15 6 10 8 2 21 16 6 12 8 17 20 15 6 12 8 2 21 16 3 14 10 4 22 17 3 14 10 2 21 16 3 14 10 4 22 17 35 23 18 32 25 20 33 17 13 44 24 19 33 17 13 32 25 20 25 18 14 24 26 21 25 18 14 32 25 20 25 18 14 24 26 21 17 19 15 16 28 22 17 20 15 24 27 21 17 20 15 16 28 22 2 21 16 0 29 23 2 21 16 16 28 22 2 21 16 0 29 23 4 22 17 9 31 25 7 11 9 37 30 24 7 11 9 9 31 25 8 9 7 10 32 26 8 9 7 9 31 25 8 9 7 10 32 26 19 7 5 20 33 27 19 7 5 10 32 26 19 7 5 20 33 27 27 5 3 22 35 28 27 3 3 20 34 27 27 3 3 22 35 28 29 1 1 31 37 30 32 25 20 43 36 29 32 25 20 31 37 30 24 26 21 23 39 31 24 27 21 31 38 30 24 27 21 23 39 31 16 28 22 14 40 32 16 28 22 23 39 31 16 28 22 14 40 32 0 29 23 11 42 34 9 31 25 38 41 33 9 31 25 11 42 34 10 32 26 12 43 35 10 32 26 11 42 34 10 32 26 12 43 35 20 33 27 15 45 36 20 34 27 12 44 35 20 34 27 15 45 36 22 35 28 30 47 38 31 38 30 42 46 37 31 38 30 30 47 38 23 39 31 21 48 39 23 39 31 30 47 38 23 39 31 21 48 39 14 40 32 13 50 41 11 42 34 39 49 40 11 42 34 13 50 41 12 43 35 1 52 42 12 44 35 13 51 41 12 44 35 1 52 42 15 45 36 28 54 44 30 47 38 41 53 43 30 47 38 28 54 44 21 48 39 5 56 46 13 51 41 40 55 45 13 51 41 5 56 46 1 52 42 102 59 2 92 58 1 117 57 0 92 58 1 102 59 2 88 60 3 86 63 4 88 62 3 102 61 2 88 62 3 86 63 4 73 64 5 71 65 6 73 64 5 86 63 4 73 64 5 71 65 6 55 66 7 53 67 8 55 66 7 71 65 6 55 66 7 53 67 8 54 68 9 50 71 10 54 70 9 53 69 8 54 70 9 50 71 10 106 72 11 100 74 13 102 61 2 116 73 12 102 61 2 100 74 13 86 63 4 84 75 14 86 63 4 100 74 13 86 63 4 84 75 14 71 65 6 68 76 15 71 65 6 84 75 14 71 65 6 68 76 15 53 67 8 49 78 16 53 69 8 68 77 15 53 69 8 49 78 16 50 71 10 51 79 17 50 71 10 49 78 16 50 71 10 51 79 17 105 80 18 98 82 20 100 74 13 115 81 19 100 74 13 98 82 20 84 75 14 82 83 21 84 75 14 98 82 20 84 75 14 82 83 21 68 76 15 66 85 22 68 77 15 82 84 21 68 77 15 66 85 22 49 78 16 47 86 23 49 78 16 66 85 22 49 78 16 47 86 23 51 79 17 56 88 25 54 68 9 107 87 24 54 68 9 56 88 25 55 66 7 57 89 26 55 66 7 56 88 25 55 66 7 57 89 26 73 64 5 75 90 27 73 64 5 57 89 26 73 64 5 75 90 27 88 62 3 78 92 28 88 60 3 75 91 27 88 60 3 78 92 28 92 58 1 96 94 30 98 82 20 114 93 29 98 82 20 96 94 30 82 83 21 80 96 31 82 84 21 96 95 30 82 84 21 80 96 31 66 85 22 63 97 32 66 85 22 80 96 31 66 85 22 63 97 32 47 86 23 58 99 34 56 88 25 108 98 33 56 88 25 58 99 34 57 89 26 59 100 35 57 89 26 58 99 34 57 89 26 59 100 35 75 90 27 64 102 36 75 91 27 59 101 35 75 91 27 64 102 36 78 92 28 94 104 38 96 95 30 113 103 37 96 95 30 94 104 38 80 96 31 77 105 39 80 96 31 94 104 38 80 96 31 77 105 39 63 97 32 60 107 41 58 99 34 109 106 40 58 99 34 60 107 41 59 100 35 48 109 42 59 101 35 60 108 41 59 101 35 48 109 42 64 102 36 91 111 44 94 104 38 112 110 43 94 104 38 91 111 44 77 105 39 52 113 46 60 108 41 110 112 45 60 108 41 52 113 46 48 109 42 175 116 2 170 115 1 187 114 0 170 115 1 175 116 2 168 60 3 167 63 4 168 62 3 175 117 2 168 62 3 167 63 4 160 64 5 159 65 6 160 64 5 167 63 4 160 64 5 159 65 6 134 66 7 130 67 8 134 66 7 159 65 6 134 66 7 130 67 8 132 118 9 124 120 10 132 119 9 130 69 8 132 119 9 124 120 10 177 121 11 174 123 13 175 117 2 186 122 12 175 117 2 174 123 13 167 63 4 166 75 14 167 63 4 174 123 13 167 63 4 166 75 14 159 65 6 158 76 15 159 65 6 166 75 14 159 65 6 158 76 15 130 67 8 122 78 16 130 69 8 158 77 15 130 69 8 122 78 16 124 120 10 126 79 17 124 120 10 122 78 16 124 120 10 126 79 17 176 80 18 173 124 20 174 123 13 185 81 19 174 123 13 173 124 20 166 75 14 165 83 21 166 75 14 173 124 20 166 75 14 165 83 21 158 76 15 157 85 22 158 77 15 165 84 21 158 77 15 157 85 22 122 78 16 119 86 23 122 78 16 157 85 22 122 78 16 119 86 23 126 79 17 136 126 25 132 118 9 178 125 24 132 118 9 136 126 25 134 66 7 138 89 26 134 66 7 136 126 25 134 66 7 138 89 26 160 64 5 161 90 27 160 64 5 138 89 26 160 64 5 161 90 27 168 62 3 163 92 28 168 60 3 161 91 27 168 60 3 163 92 28 170 115 1 172 128 30 173 124 20 184 127 29 173 124 20 172 128 30 165 83 21 164 96 31 165 84 21 172 129 30 165 84 21 164 96 31 157 85 22 155 97 32 157 85 22 164 96 31 157 85 22 155 97 32 119 86 23 140 130 34 136 126 25 179 98 33 136 126 25 140 130 34 138 89 26 147 100 35 138 89 26 140 130 34 138 89 26 147 100 35 161 90 27 156 102 36 161 91 27 147 101 35 161 91 27 156 102 36 163 92 28 171 132 38 172 129 30 183 131 37 172 129 30 171 132 38 164 96 31 162 105 39 164 96 31 171 132 38 164 96 31 162 105 39 155 97 32 154 134 41 140 130 34 180 133 40 140 130 34 154 134 41 147 100 35 120 109 42 147 101 35 154 135 41 147 101 35 120 109 42 156 102 36 169 111 44 171 132 38 182 110 43 171 132 38 169 111 44 162 105 39 127 137 46 154 135 41 181 136 45 154 135 41 127 137 46 120 109 42 222 140 2 217 139 1 234 138 0 217 139 1 222 140 2 215 141 3 214 142 4 215 141 3 222 140 2 215 141 3 214 142 4 207 143 5 206 144 6 207 143 5 214 142 4 207 143 5 206 144 6 196 145 7 194 146 8 196 145 7 206 144 6 196 145 7 194 146 8 195 147 9 191 148 10 195 147 9 194 146 8 195 147 9 191 148 10 224 149 11 221 151 13 222 140 2 233 150 12 222 140 2 221 151 13 214 142 4 213 152 14 214 142 4 221 151 13 214 142 4 213 152 14 206 144 6 205 153 15 206 144 6 213 152 14 206 144 6 205 153 15 194 146 8 190 155 16 194 146 8 205 154 15 194 146 8 190 155 16 191 148 10 192 156 17 191 148 10 190 155 16 191 148 10 192 156 17 223 157 18 220 159 20 221 151 13 232 158 19 221 151 13 220 159 20 213 152 14 212 160 21 213 152 14 220 159 20 213 152 14 212 160 21 205 153 15 204 161 22 205 154 15 212 160 21 205 154 15 204 161 22 190 155 16 188 162 23 190 155 16 204 161 22 190 155 16 188 162 23 192 156 17 197 164 25 195 147 9 225 163 24 195 147 9 197 164 25 196 145 7 198 165 26 196 145 7 197 164 25 196 145 7 198 165 26 207 143 5 208 166 27 207 143 5 198 165 26 207 143 5 208 166 27 215 141 3 210 168 28 215 141 3 208 167 27 215 141 3 210 168 28 217 139 1 219 170 30 220 159 20 231 169 29 220 159 20 219 170 30 212 160 21 211 171 31 212 160 21 219 170 30 212 160 21 211 171 31 204 161 22 202 172 32 204 161 22 211 171 31 204 161 22 202 172 32 188 162 23 199 174 34 197 164 25 226 173 33 197 164 25 199 174 34 198 165 26 200 175 35 198 165 26 199 174 34 198 165 26 200 175 35 208 166 27 203 176 36 208 167 27 200 175 35 208 167 27 203 176 36 210 168 28 218 178 38 219 170 30 230 177 37 219 170 30 218 178 38 211 171 31 209 179 39 211 171 31 218 178 38 211 171 31 209 179 39 202 172 32 201 181 41 199 174 34 227 180 40 199 174 34 201 181 41 200 175 35 189 182 42 200 175 35 201 181 41 200 175 35 189 182 42 203 176 36 216 184 44 218 178 38 229 183 43 218 178 38 216 184 44 209 179 39 193 186 46 201 181 41 228 185 45 201 181 41 193 186 46 189 182 42 139 140 2 129 139 1 153 138 0 129 139 1 139 140 2 125 141 3 123 142 4 125 141 3 139 140 2 125 141 3 123 142 4 99 143 5 97 144 6 99 143 5 123 142 4 99 143 5 97 144 6 76 145 7 72 146 8 76 145 7 97 144 6 76 145 7 72 146 8 74 147 9 67 148 10 74 147 9 72 146 8 74 147 9 67 148 10 142 149 11 137 151 13 139 140 2 152 150 12 139 140 2 137 151 13 123 142 4 121 152 14 123 142 4 137 151 13 123 142 4 121 152 14 97 144 6 95 153 15 97 144 6 121 152 14 97 144 6 95 153 15 72 146 8 65 155 16 72 146 8 95 154 15 72 146 8 65 155 16 67 148 10 69 156 17 67 148 10 65 155 16 67 148 10 69 156 17 141 157 18 135 159 20 137 151 13 151 158 19 137 151 13 135 159 20 121 152 14 118 160 21 121 152 14 135 159 20 121 152 14 118 160 21 95 153 15 93 161 22 95 154 15 118 160 21 95 154 15 93 161 22 65 155 16 61 162 23 65 155 16 93 161 22 65 155 16 61 162 23 69 156 17 79 164 25 74 147 9 143 163 24 74 147 9 79 164 25 76 145 7 81 165 26 76 145 7 79 164 25 76 145 7 81 165 26 99 143 5 101 166 27 99 143 5 81 165 26 99 143 5 101 166 27 125 141 3 104 168 28 125 141 3 101 167 27 125 141 3 104 168 28 129 139 1 133 170 30 135 159 20 150 169 29 135 159 20 133 170 30 118 160 21 111 171 31 118 160 21 133 170 30 118 160 21 111 171 31 93 161 22 89 172 32 93 161 22 111 171 31 93 161 22 89 172 32 61 162 23 83 174 34 79 164 25 144 173 33 79 164 25 83 174 34 81 165 26 85 175 35 81 165 26 83 174 34 81 165 26 85 175 35 101 166 27 90 176 36 101 167 27 85 175 35 101 167 27 90 176 36 104 168 28 131 178 38 133 170 30 149 177 37 133 170 30 131 178 38 111 171 31 103 179 39 111 171 31 131 178 38 111 171 31 103 179 39 89 172 32 87 181 41 83 174 34 145 180 40 83 174 34 87 181 41 85 175 35 62 182 42 85 175 35 87 181 41 85 175 35 62 182 42 90 176 36 128 184 44 131 178 38 148 183 43 131 178 38 128 184 44 103 179 39 70 186 46 87 181 41 146 185 45 87 181 41 70 186 46 62 182 42</p>
                </triangles>
            </mesh>
        </geometry>
        <geometry id="ID67">
            <mesh>
                <source id="ID68">
                    <float_array id="ID69" count="6561">258.219 332.719 -529.438 156.25 75.9063 -462.156 364.969 -137.156 260.875 -0.375 851.719 -392.219 -135.219 726.594 -378.219 -135.219 726.594 -378.219 -135.219 726.594 -378.219 219.594 689.594 -318.219 219.594 689.594 -318.219 219.594 689.594 -318.219 238.406 346.25 -529.438 238.406 346.25 -529.438 169.469 31.3438 -485.594 392.375 -150.156 180.594 -0.375 851.719 -386.969 -131.531 726.406 -360.156 -131.531 726.406 -360.156 -131.531 726.406 -360.156 212 665.375 -346.094 212 665.375 -346.094 266.125 358.25 -529.438 177.563 70.75 -494.844 401.125 -137.156 184.188 -64.7188 411.219 -546.75 -0.375 837.688 -382.344 -117.313 702.188 -385.156 -117.313 702.188 -385.156 -117.313 702.188 -385.156 204.031 665.188 -329.531 204.031 665.188 -329.531 175 128.688 -509 -161.219 -150.156 411.75 -69.6875 411.219 -546.75 -0.375 837.688 -397.438 -113.625 702 -367.094 -113.625 702 -367.094 -113.625 702 -367.094 215.563 650.469 -321.188 215.563 650.469 -321.188 162.781 178.531 -521.219 -164.813 -137.156 420.5 7.375 875.969 -392.219 7.375 875.969 -392.219 -88.5313 676.938 -391.156 -88.5313 676.938 -391.156 -88.5313 676.938 -391.156 223.563 650.656 -336.719 223.563 650.656 -336.719 146.688 216 -530.25 -412.969 -150.156 100.563 7.375 859.438 -392.219 -84.9063 676.75 -373.375 -84.9063 676.75 -373.375 -84.9063 676.75 -373.375 190.5 805.875 -336.063 190.5 805.875 -336.063 190.5 805.875 -336.063 121.906 254.125 -539.313 -419.25 -150.156 19.3438 -105.906 364.656 -546.75 7.375 859.438 -386.969 -130.594 687.5 -380.063 -130.594 687.5 -380.063 -130.594 687.5 -380.063 198.344 806.063 -352.313 198.344 806.063 -352.313 198.344 806.063 -352.313 100.281 277.5 -545.094 -428.563 -137.156 19.3438 7.375 875.969 -386.969 7.375 875.969 -386.969 -126.906 687.313 -362 -126.906 687.313 -362 -126.906 687.313 -362 255.094 754.625 -292.406 255.094 754.625 -292.406 255.094 754.625 -292.406 255.094 754.625 -292.406 63.4688 303.094 -551.094 -422.156 -137.156 102.344 -0.375 851.156 -392.219 -89.5625 656.406 -372.75 -89.5625 656.406 -372.75 -89.5625 656.406 -372.75 263.531 751.594 -308.656 263.531 751.594 -308.656 263.531 751.594 -308.656 263.531 751.594 -308.656 32.2188 314.938 -554.125 -412.969 -150.156 -61.8125 -0.375 851.156 -386.969 -93.1875 656.594 -390.531 -93.1875 656.594 -390.531 -93.1875 656.594 -390.531 263.531 780.469 -308.063 263.531 780.469 -308.063 263.531 780.469 -308.063 0 318.063 -554.969 -422.156 -137.156 -63.625 -8.1875 859.438 -392.219 -67 647.969 -376.594 -67 647.969 -376.594 276.031 785.031 -274.094 276.031 785.031 -274.094 276.031 785.031 -274.094 156.969 7.375 -479.281 -392.375 -150.156 -141.844 -8.1875 859.438 -386.969 -70.6563 648.156 -394.375 -70.6563 648.156 -394.375 287.969 785.219 -287.281 287.969 785.219 -287.281 287.969 785.219 -287.281 176.219 31.5 -447.75 60.0938 746.188 -286.094 60.0938 746.188 -286.094 -401.125 -137.156 -145.438 -8.1875 875.969 -392.219 -60.5625 659.5 -395.125 -60.5625 659.5 -395.125 286.125 760.375 -288.906 286.125 760.375 -288.906 286.125 760.375 -288.906 184.625 70.75 -454.156 -357 -150.156 -216.875 -8.1875 875.969 -386.969 -56.9063 659.313 -377.344 -56.9063 659.313 -377.344 268 755.844 -304.344 268 755.844 -304.344 268 755.844 -304.344 181.969 128.938 -468.25 305.75 746.188 79.75 305.75 746.188 79.75 -303.906 -150.156 -284.531 -0.375 884.25 -392.219 -99.125 842.688 -371.125 -99.125 842.688 -371.125 -99.125 842.688 -371.125 256.031 755.656 -291.156 256.031 755.656 -291.156 256.031 755.656 -291.156 169.25 178.313 -480.063 -310.688 -137.156 -291.313 -105.906 457.781 -546.75 -0.375 884.25 -386.969 -102.75 842.875 -388.906 -102.75 842.875 -388.906 -102.75 842.875 -388.906 274.188 760.188 -275.719 274.188 760.188 -275.719 274.188 760.188 -275.719 152.531 215.969 -491.156 -364.969 -137.156 -222.156 -0.375 867.688 -382.344 -174.813 799.688 -362.875 -174.813 799.688 -362.875 -174.813 799.688 -362.875 -174.813 799.688 -362.875 308.188 779 -266.875 308.188 779 -266.875 308.188 779 -266.875 126.75 253.969 -503.125 -236.25 -150.156 -337.625 -0.375 867.688 -397.438 -170.781 801.719 -344.938 -170.781 801.719 -344.938 -170.781 801.719 -344.938 -170.781 801.719 -344.938 295.938 778.813 -253.375 295.938 778.813 -253.375 295.938 778.813 -253.375 104.281 277.594 -509.375 -241.5 -137.156 -345.594 -103.719 645.906 -369.344 -103.719 645.906 -369.344 -103.719 645.906 -369.344 -193.531 830.719 -335.063 -193.531 830.719 -335.063 -193.531 830.719 -335.063 310.469 761.625 -234 310.469 761.625 -234 310.469 761.625 -234 310.469 761.625 -234 65.9688 303.125 -512.5 60.0938 746.188 325.406 60.0938 746.188 325.406 -161.219 -150.156 -373 0 645.906 -383 0 645.906 -383 -201.375 830.906 -351.313 -201.375 830.906 -351.313 -201.375 830.906 -351.313 322.719 761.813 -247.5 322.719 761.813 -247.5 322.719 761.813 -247.5 322.719 761.813 -247.5 33.4375 314.938 -514.469 -164.813 -137.156 -381.75 0 645.813 -408.969 0 645.813 -408.969 -225.969 824.656 -336.313 -225.969 824.656 -336.313 -225.969 824.656 -336.313 289.781 756.063 -261.656 289.781 756.063 -261.656 289.781 756.063 -261.656 0 318.031 -517.063 225.688 746.188 -206.031 225.688 746.188 -206.031 -236.25 -150.156 376.375 -110.438 645.813 -394.406 -110.438 645.813 -394.406 -110.438 645.813 -394.406 -217.969 824.469 -319.75 -217.969 824.469 -319.75 -217.969 824.469 -319.75 300.25 743.188 -247.719 300.25 743.188 -247.719 300.25 743.188 -247.719 300.25 743.188 -247.719 163.219 7.375 -448.563 -303.906 -150.156 323.281 -200.375 645.906 -329.313 -200.375 645.906 -329.313 -200.375 645.906 -329.313 -237.563 807.313 -305.563 -237.563 807.313 -305.563 -237.563 807.313 -305.563 -237.563 807.313 -305.563 312.5 743.375 -261.219 312.5 743.375 -261.219 312.5 743.375 -261.219 312.5 743.375 -261.219 0 -3.3125 -504.031 0 -3.3125 -504.031 0 -3.3125 -504.031 175.375 746.188 -245.375 175.375 746.188 -245.375 -310.688 -137.156 330.031 -213.344 645.813 -351.781 -213.344 645.813 -351.781 -213.344 645.813 -351.781 -245.563 807.5 -322.156 -245.563 807.5 -322.156 -245.563 807.5 -322.156 -245.563 807.5 -322.156 302.031 756.25 -275.156 302.031 756.25 -275.156 302.031 756.25 -275.156 86.5313 -3.3125 -497.313 86.5313 -3.3125 -497.313 86.5313 -3.3125 -497.313 265 746.188 195 265 746.188 195 -241.5 -137.156 384.344 -283.375 645.906 -265.625 -283.375 645.906 -265.625 -283.375 645.906 -265.625 -231.75 789.063 -332.156 -231.75 789.063 -332.156 -231.75 789.063 -332.156 -231.75 789.063 -332.156 307.969 722.469 -237.469 307.969 722.469 -237.469 307.969 722.469 -237.469 171.313 -3.3125 -475.406 171.313 -3.3125 -475.406 171.313 -3.3125 -475.406 -357 -150.156 255.625 -301.75 645.813 -283.969 -301.75 645.813 -283.969 -301.75 645.813 -283.969 -223.75 788.875 -315.594 -223.75 788.875 -315.594 -223.75 788.875 -315.594 -223.75 788.875 -315.594 320.219 722.656 -250.969 320.219 722.656 -250.969 320.219 722.656 -250.969 226.375 251.844 -497 290.875 746.188 -99.875 290.875 746.188 -99.875 -364.969 -137.156 260.875 -347.063 645.906 -182.594 -347.063 645.906 -182.594 -347.063 645.906 -182.594 -209.656 801.719 -325.781 -209.656 801.719 -325.781 -209.656 801.719 -325.781 324.594 704.188 -215.313 324.594 704.188 -215.313 324.594 704.188 -215.313 246.563 205.25 -485.781 119.5 746.188 -271.25 119.5 746.188 -271.25 -392.375 -150.156 180.594 -142.125 411.219 -546.75 -369.563 645.813 -195.594 -369.563 645.813 -195.594 -369.563 645.813 -195.594 -217.656 801.906 -342.375 -217.656 801.906 -342.375 -217.656 801.906 -342.375 336.844 704.375 -228.813 336.844 704.375 -228.813 336.844 704.375 -228.813 254 205.344 -430.031 -401.125 -137.156 184.188 -387.125 645.906 -85.9375 -387.125 645.906 -85.9375 -387.125 645.906 -85.9375 -252.375 780.313 -294.906 -252.375 780.313 -294.906 -252.375 780.313 -294.906 -252.375 780.313 -294.906 322.031 698.906 -248.625 322.031 698.906 -248.625 322.031 698.906 -248.625 233.188 251.75 -447.938 92.875 -3.6875 -453.094 -412.188 645.813 -92.6563 -412.188 645.813 -92.6563 -412.188 645.813 -92.6563 -260.375 780.469 -311.469 -260.375 780.469 -311.469 -260.375 780.469 -311.469 309.781 698.719 -235.094 309.781 698.719 -235.094 309.781 698.719 -235.094 259.938 155.688 -473.656 0 -3.6875 -460.25 -400.781 645.906 17.75 -400.781 645.906 17.75 -400.781 645.906 17.75 -242.125 768.313 -324.688 -242.125 768.313 -324.688 -242.125 768.313 -324.688 320.656 673.313 -220.625 320.656 673.313 -220.625 320.656 673.313 -220.625 267.781 155.625 -414.969 0 -23.625 -453.531 -426.719 645.813 17.75 -426.719 645.813 17.75 -426.719 645.813 17.75 -234.125 768.125 -308.125 -234.125 768.125 -308.125 -234.125 768.125 -308.125 332.906 673.5 -234.125 332.906 673.5 -234.125 332.906 673.5 -234.125 264.406 126.469 -466.563 91.5625 -23.625 -446.469 -387.125 645.906 121.5 -387.125 645.906 121.5 -387.125 645.906 121.5 -260.781 777.438 -311.156 -260.781 777.438 -311.156 -260.781 777.438 -311.156 -260.781 777.438 -311.156 318.625 674.5 -253.188 318.625 674.5 -253.188 318.625 674.5 -253.188 272.375 126.656 -407.844 -175.375 746.188 284.656 -175.375 746.188 284.656 184.438 -3.75 -429.5 -412.188 645.813 128.219 -412.188 645.813 128.219 -412.188 645.813 128.219 -244.563 744.594 -322.969 -244.563 744.594 -322.969 -244.563 744.594 -322.969 306.375 674.313 -239.688 306.375 674.313 -239.688 306.375 674.313 -239.688 0 417.656 -537.188 -60.0938 746.188 325.406 -60.0938 746.188 325.406 181.844 -23.625 -423.219 -347.063 645.906 218.156 -347.063 645.906 218.156 -347.063 645.906 218.156 -236.563 744.406 -306.406 -236.563 744.406 -306.406 -236.563 744.406 -306.406 324.656 648.125 -244.688 324.656 648.125 -244.688 48.7813 412.531 -536 -184.406 -3.78125 -429.5 -369.563 645.813 231.125 -369.563 645.813 231.125 -369.563 645.813 231.125 -264.531 750.063 -308.5 -264.531 750.063 -308.5 -264.531 750.063 -308.5 312.406 647.938 -231.188 312.406 647.938 -231.188 50.1875 415.125 -483.688 -265 746.188 -155.719 -265 746.188 -155.719 -270.188 -4.0625 -388.938 98 401.063 -546.75 -283.375 645.906 301.156 -283.375 645.906 301.156 -283.375 645.906 301.156 -256.531 749.875 -291.938 -256.531 749.875 -291.938 -256.531 749.875 -291.938 312.625 656.938 -260.719 312.625 656.938 -260.719 0 420.188 -487.313 -305.75 746.188 -40.4375 -305.75 746.188 -40.4375 -266.438 -23.625 -383.25 105.906 364.656 -556 -301.75 645.813 319.5 -301.75 645.813 319.5 -301.75 645.813 319.5 -251.219 718.969 -295.844 -251.219 718.969 -295.844 -251.219 718.969 -295.844 300.375 656.75 -247.219 300.375 656.75 -247.219 92.3125 395.813 -532.063 -181.844 -23.625 -423.219 98.0313 401.063 -556 -200.375 645.906 364.844 -200.375 645.906 364.844 -200.375 645.906 364.844 -259.188 719.156 -312.406 -259.188 719.156 -312.406 -259.188 719.156 -312.406 95.0625 398.375 -482.438 -265 746.188 195 -265 746.188 195 270.219 -3.9375 -388.969 105.906 411.219 -570 -213.344 645.813 387.313 -213.344 645.813 387.313 -213.344 645.813 387.313 -239.969 720.188 -326.344 -239.969 720.188 -326.344 -239.969 720.188 -326.344 149.531 359.813 -523.25 -119.5 746.188 310.531 -119.5 746.188 310.531 266.438 -23.625 -383.281 98 421.375 -546.75 -103.719 645.906 404.875 -103.719 645.906 404.875 -103.719 645.906 404.875 -231.969 720 -309.781 -231.969 720 -309.781 -231.969 720 -309.781 151.563 363.563 -472.375 -290.875 746.188 -99.875 -290.875 746.188 -99.875 -92.875 -3.71875 -453.063 98.0313 421.375 -556 -110.438 645.813 429.969 -110.438 645.813 429.969 -110.438 645.813 429.969 -236.594 680.781 -306.5 -236.594 680.781 -306.5 -236.594 680.781 -306.5 187.531 315.813 -512.563 -91.5625 -23.625 -446.469 105.906 457.781 -556 -0.375 645.906 418.531 -0.375 645.906 418.531 -244.594 680.969 -323.063 -244.594 680.969 -323.063 -244.594 680.969 -323.063 193.156 315.844 -463.906 92.875 -3.65625 491.844 69.6875 411.219 -556.063 -0.375 645.813 444.5 -0.375 645.813 444.5 -228.375 689.781 -334.781 -228.375 689.781 -334.781 -228.375 689.781 -334.781 269.281 63.5313 -451.344 184.438 -3.65625 468.281 113.813 401.063 -546.75 -103.719 667.094 -369.344 -103.719 667.094 -369.344 -220.375 689.594 -318.219 -220.375 689.594 -318.219 -220.375 689.594 -318.219 277.406 63.5938 -388.031 181.938 -23.625 462.219 113.813 401.063 -555.969 0 667.094 -383 0 667.094 -383 -212.813 665.375 -346.094 -212.813 665.375 -346.094 265.75 24.75 -441.938 0 727.969 -260.125 0 727.969 -260.125 91.625 -23.625 485.469 113.813 421.375 -555.969 -200.375 667.094 -329.313 -200.375 667.094 -329.313 -204.813 665.188 -329.531 -204.813 665.188 -329.531 273.781 24.875 -380.813 54.2188 727.969 -256.156 54.2188 727.969 -256.156 0 -3.65625 499 113.813 421.375 -546.75 -283.375 667.094 -265.625 -283.375 667.094 -265.625 -216.375 650.469 -321.188 -216.375 650.469 -321.188 256 6.8125 -436.594 0 -23.625 492.531 142.156 411.219 -555.906 -347.063 667.094 -182.594 -347.063 667.094 -182.594 -224.375 650.656 -336.719 -224.375 650.656 -336.719 251.781 -3.3125 -433.656 251.781 -3.3125 -433.656 -92.875 -3.65625 491.844 0 326.313 -556.063 -387.125 667.094 -85.9375 -387.125 667.094 -85.9375 -191.281 805.875 -336.063 -191.281 805.875 -336.063 -191.281 805.875 -336.063 259.375 -5.09375 -382.375 259.375 -5.09375 -382.375 279.781 727.969 19.625 279.781 727.969 19.625 -91.625 -23.625 485.469 0 326.313 -546.781 -400.781 667.094 17.75 -400.781 667.094 17.75 -199.125 806.063 -352.313 -199.125 806.063 -352.313 -199.125 806.063 -352.313 264.281 5.125 -381.844 275.813 727.969 73.875 275.813 727.969 73.875 270.281 -3.65625 427.813 18.4688 392.719 -546.75 -387.125 667.094 121.5 -387.125 667.094 121.5 -255.875 754.625 -292.406 -255.875 754.625 -292.406 -255.875 754.625 -292.406 -255.875 754.625 -292.406 244.375 7 -443.656 347.688 -3.65625 367.063 18.4688 392.719 -556.031 -347.063 667.094 218.156 -347.063 667.094 218.156 -264.313 751.594 -308.656 -264.313 751.594 -308.656 -264.313 751.594 -308.656 -264.313 751.594 -308.656 259.563 63.5313 -457.063 343 -23.625 362.375 0 411.219 -575.813 -283.375 667.094 301.156 -283.375 667.094 301.156 -264.344 780.469 -308.063 -264.344 780.469 -308.063 -264.344 780.469 -308.063 254.938 24.75 -447.656 203.563 727.969 223.219 203.563 727.969 223.219 266.656 -23.625 422.313 18.4688 429.719 -556.031 -200.375 667.094 364.844 -200.375 667.094 364.844 -276.813 785.031 -274.094 -276.813 785.031 -274.094 -276.813 785.031 -274.094 255 126.469 -472.281 158.188 727.969 258.688 158.188 727.969 258.688 -184.438 -3.65625 468.281 18.4688 429.719 -546.75 -103.719 667.094 404.875 -103.719 667.094 404.875 -288.781 785.219 -287.281 -288.781 785.219 -287.281 -288.781 785.219 -287.281 251.188 155.688 -479.375 -181.938 -23.625 462.219 0 496.125 -546.781 -0.375 667.094 418.531 -256.813 755.656 -291.156 -256.813 755.656 -291.156 -256.813 755.656 -291.156 217.656 251.844 -502.719 -479.656 -3.65625 19.3438 0 496.125 -556.063 0 667.219 -408.969 -268.781 755.844 -304.344 -268.781 755.844 -304.344 -268.781 755.844 -304.344 237.719 205.25 -491.5 54.2188 727.969 295.438 54.2188 727.969 295.438 -472.469 -3.65625 112.25 64.7188 411.219 -555.969 -110.438 667.188 -394.406 -110.438 667.188 -394.406 -286.906 760.375 -288.906 -286.906 760.375 -288.906 -286.906 760.375 -288.906 180.375 313.375 -518.313 0 727.969 299.438 0 727.969 299.438 -466.094 -23.625 111 -105.906 364.656 -556 -213.344 667.188 -351.781 -213.344 667.188 -351.781 -274.969 760.188 -275.719 -274.969 760.188 -275.719 -274.969 760.188 -275.719 144.5 354.875 -529 -473.156 -23.625 19.3438 -98 401.063 -546.75 -301.75 667.188 -283.969 -301.75 667.188 -283.969 -308.969 779 -266.875 -308.969 779 -266.875 -308.969 779 -266.875 89.5313 388.156 -537.781 -472.469 -3.65625 -73.5 -98.0313 401.063 -556 -369.563 667.188 -195.594 -369.563 667.188 -195.594 -296.719 778.813 -253.375 -296.719 778.813 -253.375 -296.719 778.813 -253.375 48 404.125 -541.75 203.563 727.969 -183.938 203.563 727.969 -183.938 -466.094 -23.625 -72.25 -105.906 411.219 -570 -412.188 667.188 -92.6563 -412.188 667.188 -92.6563 -311.281 761.625 -234 -311.281 761.625 -234 -311.281 761.625 -234 -311.281 761.625 -234 0 409.344 -542.906 239.031 727.969 -138.531 239.031 727.969 -138.531 -448.906 -3.65625 -165.063 -98.0313 421.375 -556 -426.719 667.188 17.75 -426.719 667.188 17.75 -323.531 761.813 -247.5 -323.531 761.813 -247.5 -323.531 761.813 -247.5 -323.531 761.813 -247.5 247.813 24.875 -416.938 -442.844 -23.625 -162.594 -98 421.375 -546.75 -412.188 667.188 128.219 -412.188 667.188 128.219 -313.281 743.375 -261.219 -313.281 743.375 -261.219 -313.281 743.375 -261.219 -313.281 743.375 -261.219 237.563 7.03125 -412.938 275.813 727.969 -34.5625 275.813 727.969 -34.5625 -347.688 -3.65625 -328.313 -105.906 457.781 -556 -369.563 667.188 231.125 -369.563 667.188 231.125 -301.031 743.188 -247.719 -301.031 743.188 -247.719 -301.031 743.188 -247.719 -301.031 743.188 -247.719 252.344 63.6563 -426.406 -408.438 -3.65625 -250.938 -69.6875 411.219 -556.063 -301.75 667.188 319.5 -301.75 667.188 319.5 -290.563 756.063 -261.656 -290.563 756.063 -261.656 -290.563 756.063 -261.656 247.906 126.375 -441.719 158.188 727.969 -219.406 158.188 727.969 -219.406 -402.938 -23.625 -247.281 -113.813 401.063 -546.75 -213.344 667.188 387.313 -213.344 667.188 387.313 -302.813 756.25 -275.156 -302.813 756.25 -275.156 -302.813 756.25 -275.156 244.156 155.531 -448.438 -343 -23.625 -323.625 -113.813 401.063 -555.969 -110.438 667.188 429.969 -110.438 667.188 429.969 -321 722.656 -250.969 -321 722.656 -250.969 -321 722.656 -250.969 211.563 251.75 -471.938 239.031 727.969 177.813 239.031 727.969 177.813 -347.688 -3.65625 367.063 -113.813 421.375 -546.75 -0.375 667.219 444.5 -0.375 667.219 444.5 -308.75 722.469 -237.469 -308.75 722.469 -237.469 -308.75 722.469 -237.469 231.094 205.219 -460.656 -270.281 -3.65625 427.813 -113.813 421.375 -555.969 103.719 645.906 -369.344 103.719 645.906 -369.344 103.719 645.906 -369.344 -325.375 704.188 -215.313 -325.375 704.188 -215.313 -325.375 704.188 -215.313 175.344 313.375 -486.719 107.813 727.969 282.031 107.813 727.969 282.031 -266.656 -23.625 422.313 -142.156 411.219 -555.906 110.438 645.813 -394.406 110.438 645.813 -394.406 110.438 645.813 -394.406 -337.625 704.375 -228.813 -337.625 704.375 -228.813 -337.625 704.375 -228.813 140.438 353.156 -496.813 -343 -23.625 362.375 -18.4688 392.719 -546.75 200.375 645.906 -329.313 200.375 645.906 -329.313 200.375 645.906 -329.313 -322.813 698.906 -248.625 -322.813 698.906 -248.625 -322.813 698.906 -248.625 87.0313 385.063 -505.281 262.375 727.969 -88.1563 262.375 727.969 -88.1563 -408.438 -3.65625 289.656 -18.4688 392.719 -556.031 213.344 645.813 -351.781 213.344 645.813 -351.781 213.344 645.813 -351.781 -310.563 698.719 -235.094 -310.563 698.719 -235.094 -310.563 698.719 -235.094 45.6875 401.063 -509.531 -402.938 -23.625 286 -18.4688 429.719 -546.75 283.375 645.906 -265.625 283.375 645.906 -265.625 283.375 645.906 -265.625 -321.438 673.313 -220.625 -321.438 673.313 -220.625 -321.438 673.313 -220.625 0 406.063 -510.938 107.813 727.969 -242.75 107.813 727.969 -242.75 -448.906 -3.65625 203.813 -18.4688 429.719 -556.031 301.75 645.813 -283.969 301.75 645.813 -283.969 301.75 645.813 -283.969 -333.688 673.5 -234.125 -333.688 673.5 -234.125 -333.688 673.5 -234.125 -79.875 16.3125 -468.531 -442.844 -23.625 201.313 -64.7188 411.219 -555.969 347.063 645.906 -182.594 347.063 645.906 -182.594 347.063 645.906 -182.594 -319.438 674.5 -253.188 -319.438 674.5 -253.188 -319.438 674.5 -253.188 -85.8438 7.375 -500.156 262.375 727.969 127.438 262.375 727.969 127.438 347.688 -3.65625 -328.313 369.563 645.813 -195.594 369.563 645.813 -195.594 369.563 645.813 -195.594 -307.188 674.313 -239.688 -307.188 674.313 -239.688 -307.188 674.313 -239.688 -87.6563 253.531 -508.656 343 -23.625 -323.625 387.125 645.906 -85.9375 387.125 645.906 -85.9375 387.125 645.906 -85.9375 -313.188 647.938 -231.188 -313.188 647.938 -231.188 -93.75 274.031 -552.156 -54.2188 727.969 -256.156 -54.2188 727.969 -256.156 472.469 -3.65625 -73.5 412.188 645.813 -92.6563 412.188 645.813 -92.6563 412.188 645.813 -92.6563 -325.438 648.125 -244.688 -325.438 648.125 -244.688 -114.844 250.906 -546.375 448.906 -3.65625 -165.063 400.781 645.906 17.75 400.781 645.906 17.75 400.781 645.906 17.75 -313.406 656.938 -260.719 -313.406 656.938 -260.719 -105.719 235.094 -503.188 442.844 -23.625 -162.594 426.719 645.813 17.75 426.719 645.813 17.75 426.719 645.813 17.75 -301.156 656.75 -247.219 -301.156 656.75 -247.219 -55.5 275.563 -510.344 -275.813 727.969 73.875 -275.813 727.969 73.875 466.094 -23.625 -72.25 387.125 645.906 121.5 387.125 645.906 121.5 387.125 645.906 121.5 367.094 733.063 -134.281 367.094 733.063 -134.281 -60.3438 297.438 -558.156 -279.781 727.969 19.625 -279.781 727.969 19.625 479.656 -3.65625 19.3438 412.188 645.813 128.219 412.188 645.813 128.219 412.188 645.813 128.219 386.406 733.063 -142.281 386.406 733.063 -142.281 -27.2813 285.719 -512.281 473.156 -23.625 19.3438 347.063 645.906 218.156 347.063 645.906 218.156 347.063 645.906 218.156 407.5 743.406 -91.4063 407.5 743.406 -91.4063 407.5 743.406 -91.4063 -30.625 307.75 -561.188 472.469 -3.65625 112.25 472.469 -3.65625 112.25 369.563 645.813 231.125 369.563 645.813 231.125 369.563 645.813 231.125 387.125 743.406 -85.9375 387.125 743.406 -85.9375 387.125 743.406 -85.9375 -153.094 129.531 -474.344 -158.188 727.969 258.688 -158.188 727.969 258.688 466.094 -23.625 111 466.094 -23.625 111 283.375 645.906 301.156 283.375 645.906 301.156 283.375 645.906 301.156 393.938 744.375 -34.0938 393.938 744.375 -34.0938 -142.219 170.5 -483.563 -203.563 727.969 223.219 -203.563 727.969 223.219 408.438 -3.65625 -250.938 301.75 645.813 319.5 301.75 645.813 319.5 301.75 645.813 319.5 414.688 744.375 -36.8125 414.688 744.375 -36.8125 -152.781 178.531 -528.281 402.938 -23.625 -247.281 200.375 645.906 364.844 200.375 645.906 364.844 200.375 645.906 364.844 421.875 737.656 17.75 421.875 737.656 17.75 421.875 737.656 17.75 -164.469 128.688 -516.063 -54.2188 727.969 295.438 -54.2188 727.969 295.438 408.438 -3.65625 289.656 213.344 645.813 387.313 213.344 645.813 387.313 213.344 645.813 387.313 400.781 737.656 17.75 400.781 737.656 17.75 400.781 737.656 17.75 -127.313 204.219 -492.719 402.938 -23.625 286 103.719 645.906 404.875 103.719 645.906 404.875 103.719 645.906 404.875 393.938 723.031 69.625 393.938 723.031 69.625 -136.75 216 -537.313 448.906 -3.65625 203.813 110.438 645.813 429.969 110.438 645.813 429.969 110.438 645.813 429.969 414.688 723.031 72.3438 414.688 723.031 72.3438 -127.594 16.3125 -456.25 -239.031 727.969 -138.531 -239.031 727.969 -138.531 442.844 -23.625 201.313 103.719 667.094 -369.344 103.719 667.094 -369.344 407.5 696.063 126.938 407.5 696.063 126.938 407.5 696.063 126.938 -137.063 7.375 -486.969 -203.563 727.969 -183.938 -203.563 727.969 -183.938 79.5 -136.813 423.813 200.375 667.094 -329.313 200.375 667.094 -329.313 387.125 696.063 121.5 387.125 696.063 121.5 387.125 696.063 121.5 -146.438 39.0313 -456.344 157.875 -136.813 403.625 283.375 667.094 -265.625 283.375 667.094 -265.625 367.094 712.938 169.813 367.094 712.938 169.813 -157.281 31.3438 -492.688 -275.813 727.969 -34.5625 -275.813 727.969 -34.5625 154.438 -150.5 395.281 347.063 667.094 -182.594 347.063 667.094 -182.594 386.406 712.938 177.813 386.406 712.938 177.813 -155.188 75.9063 -462.156 77.7813 -150.5 415 387.125 667.094 -85.9375 387.125 667.094 -85.9375 365.344 722.625 228.688 365.344 722.625 228.688 365.344 722.625 228.688 -166.688 70.75 -501.938 -158.188 727.969 -219.406 -158.188 727.969 -219.406 0 -136.813 429.938 400.781 667.094 17.75 400.781 667.094 17.75 347.063 722.625 218.156 347.063 722.625 218.156 347.063 722.625 218.156 -176.5 70.75 -494.844 0 -150.5 421 387.125 667.094 121.5 387.125 667.094 121.5 315.219 726.25 259.656 315.219 726.25 259.656 -168.406 31.3438 -485.594 -239.031 727.969 177.813 -239.031 727.969 177.813 -79.5 -136.813 423.813 347.063 667.094 218.156 347.063 667.094 218.156 331.813 726.25 272.375 331.813 726.25 272.375 -173.938 128.688 -509 -77.7813 -150.5 415 283.375 667.094 301.156 283.375 667.094 301.156 298.313 722.625 316.063 298.313 722.625 316.063 298.313 722.625 316.063 -161.719 178.531 -521.219 -107.813 727.969 282.031 -107.813 727.969 282.031 404.438 -136.813 -60.125 200.375 667.094 364.844 200.375 667.094 364.844 283.375 722.625 301.156 283.375 722.625 301.156 283.375 722.625 301.156 -145.625 216 -530.25 384.281 -136.813 -138.5 103.719 667.094 404.875 103.719 667.094 404.875 241.875 708.094 333 241.875 708.094 333 -120.844 254.125 -539.313 -262.375 727.969 -88.1563 -262.375 727.969 -88.1563 375.906 -150.5 -135.063 110.438 667.219 -394.406 110.438 667.219 -394.406 254.625 708.094 349.594 254.625 708.094 349.594 -99.2188 277.5 -545.094 395.625 -150.5 -58.4063 213.344 667.219 -351.781 213.344 667.219 -351.781 210.938 683.063 383.125 210.938 683.063 383.125 210.938 683.063 383.125 -62.4063 303.094 -551.094 -107.813 727.969 -242.75 -107.813 727.969 -242.75 410.563 -136.813 19.3438 301.75 667.219 -283.969 301.75 667.219 -283.969 200.375 683.063 364.844 200.375 683.063 364.844 200.375 683.063 364.844 -31.1563 314.938 -554.125 401.625 -150.5 19.3438 369.563 667.219 -195.594 369.563 667.219 -195.594 152.063 696.375 384.875 152.063 696.375 384.875 -155.906 7.375 -479.281 -262.375 727.969 127.438 -262.375 727.969 127.438 404.438 -136.813 98.875 404.438 -136.813 98.875 412.188 667.219 -92.6563 412.188 667.219 -92.6563 160.063 696.375 404.188 160.063 696.375 404.188 -183.563 70.75 -454.156 56.0625 746.25 -264.563 56.0625 746.25 -264.563 395.625 -150.5 97.125 395.625 -150.5 97.125 426.719 667.219 17.75 426.719 667.219 17.75 109.188 706.406 425.25 109.188 706.406 425.25 109.188 706.406 425.25 -175.156 31.5 -447.75 0 746.219 -268.625 0 746.219 -268.625 231.375 -136.813 -330.25 412.188 667.219 128.219 412.188 667.219 128.219 103.719 706.406 404.875 103.719 706.406 404.875 103.719 706.406 404.875 -180.906 128.938 -468.25 0 746.188 -290.5 0 746.188 -290.5 157.875 -136.813 -364.906 369.563 667.219 231.125 369.563 667.219 231.125 51.8438 713.125 411.719 51.8438 713.125 411.719 -151.469 215.969 -491.156 284.219 746.25 75.7188 284.219 746.25 75.7188 154.438 -150.5 -356.531 301.75 667.219 319.5 301.75 667.219 319.5 54.5938 713.125 432.438 54.5938 713.125 432.438 -168.188 178.313 -480.063 288.281 746.219 19.625 288.281 746.219 19.625 226.344 -150.5 -322.656 213.344 667.219 387.313 213.344 667.219 387.313 387.125 735.344 -85.9375 387.125 735.344 -85.9375 -125.688 253.969 -503.125 310.156 746.188 19.625 310.156 746.188 19.625 297.625 -136.813 -278.25 110.438 667.219 429.969 110.438 667.219 429.969 367.094 725 -134.281 367.094 725 -134.281 -103.219 277.594 -509.375 163.313 746.281 266.063 163.313 746.281 266.063 349.625 -136.813 -212 -408.281 743.406 -91.4063 -408.281 743.406 -91.4063 -408.281 743.406 -91.4063 400.781 729.594 17.75 400.781 729.594 17.75 -64.9063 303.125 -512.5 209.969 746.281 229.625 209.969 746.281 229.625 342.031 -150.5 -206.969 -387.219 733.063 -142.281 -387.219 733.063 -142.281 393.938 736.313 -34.0938 393.938 736.313 -34.0938 -32.375 314.938 -514.469 225.688 746.188 245.313 225.688 746.188 245.313 79.5 -136.813 -385.063 -367.875 733.063 -134.281 -367.875 733.063 -134.281 387.125 688 121.5 387.125 688 121.5 -162.156 7.375 -448.563 175.375 746.188 284.656 175.375 746.188 284.656 0 -136.813 -391.188 -387.906 743.406 -85.9375 -387.906 743.406 -85.9375 -387.906 743.406 -85.9375 393.938 714.969 69.625 393.938 714.969 69.625 -85.4688 -3.3125 -497.313 -85.4688 -3.3125 -497.313 -85.4688 -3.3125 -497.313 0 746.219 307.938 0 746.219 307.938 0 -150.5 -382.25 -422.656 737.656 17.75 -422.656 737.656 17.75 -422.656 737.656 17.75 347.063 714.531 218.156 347.063 714.531 218.156 -170.25 -3.3125 -475.406 -170.25 -3.3125 -475.406 -170.25 -3.3125 -475.406 56.0625 746.25 303.844 56.0625 746.25 303.844 77.7813 -150.5 -376.25 -415.469 744.375 -36.8125 -415.469 744.375 -36.8125 367.094 704.875 169.813 367.094 704.875 169.813 19.7813 765.781 -396.531 -252.938 205.344 -430.031 0 746.188 329.813 0 746.188 329.813 -79.5 -136.813 -385.063 -394.75 744.375 -34.0938 -394.75 744.375 -34.0938 283.375 714.531 301.156 283.375 714.531 301.156 26.625 762.344 -396.531 -245.5 205.25 -485.781 246.406 746.281 -143.656 246.406 746.281 -143.656 -77.7813 -150.5 -376.25 -401.563 737.656 17.75 -401.563 737.656 17.75 -401.563 737.656 17.75 315.219 718.188 259.656 315.219 718.188 259.656 47.8438 772.719 -396.531 -225.313 251.844 -497 209.969 746.281 -190.344 209.969 746.281 -190.344 231.375 -136.813 369 -408.281 696.063 126.938 -408.281 696.063 126.938 -408.281 696.063 126.938 200.375 675 364.844 200.375 675 364.844 35.6563 773.531 -396.531 -232.125 251.75 -447.938 265 746.188 -155.719 265 746.188 -155.719 297.625 -136.813 317 -415.469 723.031 72.3438 -415.469 723.031 72.3438 241.875 700.031 333 241.875 700.031 333 12.4375 789.469 -396.531 -266.719 155.625 -414.969 284.219 746.25 -36.4063 284.219 746.25 -36.4063 226.344 -150.5 361.375 -394.75 723.031 69.625 -394.75 723.031 69.625 103.719 698.313 404.875 103.719 698.313 404.875 16.7813 794.063 -396.531 -258.875 155.688 -473.656 305.75 746.188 -40.4375 305.75 746.188 -40.4375 349.625 -136.813 250.75 -387.906 696.063 121.5 -387.906 696.063 121.5 -387.906 696.063 121.5 152.063 688.313 384.875 152.063 688.313 384.875 6.25 821.813 -396.531 -271.313 126.656 -407.844 163.313 746.281 -226.781 163.313 746.281 -226.781 342 -150.5 245.688 -366.125 722.625 228.688 -366.125 722.625 228.688 -366.125 722.625 228.688 51.8438 705.063 411.719 51.8438 705.063 411.719 4.5625 810.188 -396.531 -263.344 126.469 -466.563 246.406 746.281 182.938 246.406 746.281 182.938 384.281 -136.813 177.25 -387.219 712.938 177.813 -387.219 712.938 177.813 386.406 725 -142.281 386.406 725 -142.281 -0.375 824.031 -396.531 -49.125 415.125 -483.688 111.406 746.25 290.031 111.406 746.25 290.031 -157.875 -136.813 403.625 -367.875 712.938 169.813 -367.875 712.938 169.813 407.5 735.344 -91.4063 407.5 735.344 -91.4063 -0.375 811.875 -396.531 -47.7188 412.531 -536 119.5 746.188 310.531 119.5 746.188 310.531 -154.438 -150.5 395.281 -347.875 722.625 218.156 -347.875 722.625 218.156 -347.875 722.625 218.156 414.688 736.313 -36.8125 414.688 736.313 -36.8125 35.6563 783.156 -396.531 -94 398.375 -482.438 270.406 746.25 -91.75 270.406 746.25 -91.75 -410.563 -136.844 19.3438 -299.094 722.625 316.063 -299.094 722.625 316.063 -299.094 722.625 316.063 421.875 729.594 17.75 421.875 729.594 17.75 47.8438 785.594 -396.531 -91.25 395.813 -532.063 111.406 746.25 -250.75 111.406 746.25 -250.75 -404.438 -136.844 98.875 -332.625 726.25 272.375 -332.625 726.25 272.375 414.688 714.969 72.3438 414.688 714.969 72.3438 51.25 779.156 -396.531 -150.5 363.563 -472.375 270.406 746.25 131.063 270.406 746.25 131.063 -395.625 -150.5 97.125 -316.031 726.25 259.656 -316.031 726.25 259.656 407.5 688 126.938 407.5 688 126.938 38.1875 778.344 -396.531 -148.469 359.813 -523.25 290.875 746.188 139.156 290.875 746.188 139.156 -401.625 -150.5 19.3438 -284.188 722.625 301.156 -284.188 722.625 301.156 -284.188 722.625 301.156 386.406 704.875 177.813 386.406 704.875 177.813 25.9063 748.406 -396.531 -192.094 315.844 -463.906 -56.0625 746.25 -264.563 -56.0625 746.25 -264.563 -404.438 -136.844 -60.125 -211.719 683.063 383.125 -211.719 683.063 383.125 -211.719 683.063 383.125 365.344 714.531 228.688 365.344 714.531 228.688 34.8125 737.969 -396.531 -186.469 315.813 -512.563 -60.0938 746.188 -286.094 -60.0938 746.188 -286.094 -395.625 -150.5 -58.4063 -255.406 708.094 349.594 -255.406 708.094 349.594 331.813 718.188 272.375 331.813 718.188 272.375 -0.375 753.406 -396.531 -276.344 63.5938 -388.031 -288.281 746.219 19.625 -288.281 746.219 19.625 -384.281 -136.844 -138.5 -242.688 708.094 333 -242.688 708.094 333 298.313 714.531 316.063 298.313 714.531 316.063 -0.375 744.688 -396.531 -268.219 63.5313 -451.344 -284.219 746.25 75.7188 -284.219 746.25 75.7188 -375.906 -150.5 -135.063 -201.156 683.063 364.844 -201.156 683.063 364.844 -201.156 683.063 364.844 254.625 700.031 349.594 254.625 700.031 349.594 22.1875 731.094 -396.531 -272.719 24.875 -380.813 -305.75 746.188 79.75 -305.75 746.188 79.75 -297.625 -136.813 -278.25 -109.969 706.406 425.25 -109.969 706.406 425.25 -109.969 706.406 425.25 210.938 675 383.125 210.938 675 383.125 16.4688 743.25 -396.531 -264.688 24.75 -441.938 -310.156 746.188 19.625 -310.156 746.188 19.625 -349.625 -136.844 -212 -160.844 696.375 404.188 -160.844 696.375 404.188 160.063 688.313 404.188 160.063 688.313 404.188 22.4688 744.094 -396.531 -258.313 -5.09375 -382.375 -258.313 -5.09375 -382.375 -209.969 746.281 229.625 -209.969 746.281 229.625 -291.125 -150.5 -271.781 -152.844 696.375 384.875 -152.844 696.375 384.875 109.188 698.313 425.25 109.188 698.313 425.25 30.2188 732.219 -396.531 -250.719 -3.3125 -433.656 -250.719 -3.3125 -433.656 291.125 -150.5 -271.781 -163.313 746.281 266.063 -163.313 746.281 266.063 -231.375 -136.813 -330.25 -104.5 706.406 404.875 -104.5 706.406 404.875 -104.5 706.406 404.875 54.5938 705.063 432.438 54.5938 705.063 432.438 -36.4375 773.531 -396.531 -254.938 6.8125 -436.594 -225.688 746.188 245.313 -225.688 746.188 245.313 -226.344 -150.5 -322.656 -0.375 716 439.625 -0.375 716 439.625 321.625 731.969 -218.875 321.625 731.969 -218.875 321.625 731.969 -218.875 321.625 731.969 -218.875 321.625 731.969 -218.875 -48.6563 772.719 -396.531 -263.219 5.125 -381.844 -56.0625 746.25 303.844 -56.0625 746.25 303.844 -157.875 -136.813 -364.906 -55.375 713.125 432.438 -55.375 713.125 432.438 334.344 723.75 -200.75 334.344 723.75 -200.75 -27.4063 762.344 -396.531 -243.313 7 -443.656 -209.969 746.281 -190.344 -209.969 746.281 -190.344 -154.438 -150.5 -356.531 -52.6563 713.125 411.719 -52.6563 713.125 411.719 349.531 725.188 -213 349.531 725.188 -213 -20.5625 765.781 -396.531 -258.5 63.5313 -457.063 291.125 -150.5 310.5 -246.406 746.281 -143.656 -246.406 746.281 -143.656 -297.625 -136.813 317 -0.375 716 418.531 -0.375 716 418.531 333.75 734.813 -232.875 333.75 734.813 -232.875 333.75 734.813 -232.875 333.75 734.813 -232.875 333.75 734.813 -232.875 -5.375 810.188 -396.531 -253.875 24.75 -447.656 -225.688 746.188 -206.031 -225.688 746.188 -206.031 -231.375 -136.813 369 -387.906 735.344 -85.9375 -387.906 735.344 -85.9375 330.281 743.25 -236.156 330.281 743.25 -236.156 330.281 743.25 -236.156 330.281 743.25 -236.156 -7.0625 821.813 -396.531 -253.938 126.469 -472.281 -284.219 746.25 -36.4063 -284.219 746.25 -36.4063 -226.344 -150.5 361.375 -367.875 725 -134.281 -367.875 725 -134.281 349.813 731.469 -212.438 349.813 731.469 -212.438 -17.5938 794.063 -396.531 -250.125 155.688 -479.375 -163.313 746.281 -226.781 -163.313 746.281 -226.781 -349.625 -136.844 250.75 -401.563 729.594 17.75 -401.563 729.594 17.75 318.156 741.125 -222.5 318.156 741.125 -222.5 318.156 741.125 -222.5 318.156 741.125 -222.5 -13.2188 789.469 -396.531 -216.594 251.844 -502.719 -175.375 746.188 -245.375 -175.375 746.188 -245.375 -342 -150.5 245.688 -394.75 736.313 -34.0938 -394.75 736.313 -34.0938 334.625 730.406 -200.313 334.625 730.406 -200.313 -48.6563 785.594 -396.531 -236.656 205.25 -491.5 -246.406 746.281 182.938 -246.406 746.281 182.938 -384.281 -136.844 177.25 -387.906 688 121.5 -387.906 688 121.5 347.063 713.813 -182.594 347.063 713.813 -182.594 347.063 713.813 -182.594 -36.4375 783.156 -396.531 -179.313 313.375 -518.313 -111.406 746.25 290.031 -111.406 746.25 290.031 -375.906 -150.5 173.813 -394.75 714.969 69.625 -394.75 714.969 69.625 365.344 713.813 -193.156 365.344 713.813 -193.156 365.344 713.813 -193.156 -38.9688 778.344 -396.531 -143.438 354.875 -529 375.906 -150.5 173.813 -270.406 746.25 -91.75 -270.406 746.25 -91.75 -347.875 714.531 218.156 -347.875 714.531 218.156 365.344 705.719 -193.156 365.344 705.719 -193.156 -52.0313 779.156 -396.531 -88.4688 388.156 -537.781 -111.406 746.25 -250.75 -111.406 746.25 -250.75 -367.875 704.875 169.813 -367.875 704.875 169.813 347.063 705.719 -182.594 347.063 705.719 -182.594 -35.5938 737.969 -396.531 -46.9375 404.125 -541.75 -119.5 746.188 -271.25 -119.5 746.188 -271.25 -284.188 714.531 301.156 -284.188 714.531 301.156 14.3125 693.188 -382.656 -26.6875 748.406 -396.531 -236.5 7.03125 -412.938 -270.406 746.25 131.063 -270.406 746.25 131.063 -316.031 718.188 259.656 -316.031 718.188 259.656 19.6875 670.813 -381.969 -17.25 743.25 -396.531 -246.75 24.875 -416.938 -290.875 746.188 139.156 -290.875 746.188 139.156 -201.156 675 364.844 -201.156 675 364.844 20.5 879.125 -381.844 -22.9688 731.094 -396.531 -251.281 63.6563 -426.406 0 -23.625 -470.094 -242.688 700.031 333 -242.688 700.031 333 28.0938 901.5 -380.875 -31.0313 732.219 -396.531 -246.844 126.375 -441.719 94.7813 -23.625 -462.75 -104.5 698.313 404.875 -104.5 698.313 404.875 40.4375 865.281 -379.219 -23.2813 744.094 -396.531 -243.094 155.531 -448.438 96.125 -3.6875 -469.594 -152.844 688.313 384.875 -152.844 688.313 384.875 55.3125 884.281 -377.281 26.625 762.344 -378.625 -230.031 205.219 -460.656 0 -3.6875 -477.031 -0.375 707.938 418.531 -0.375 707.938 418.531 52.7813 844.656 -377.594 47.8438 772.719 -378.625 -210.5 251.75 -471.938 188.219 -23.625 -438.688 -52.6563 705.063 411.719 -52.6563 705.063 411.719 69.3438 863 -375.438 69.3438 863 -375.438 69.3438 863 -375.438 16.7813 794.063 -378.625 -174.281 313.375 -486.719 -291.125 -150.5 310.5 190.875 -3.75 -445.188 -408.281 735.344 -91.4063 -408.281 735.344 -91.4063 57.5938 819.906 -376.938 6.25 821.813 -378.625 -139.375 353.156 -496.813 -275.75 -23.625 -397.313 -387.219 725 -142.281 -387.219 725 -142.281 76.4688 838.563 -374.5 76.4688 838.563 -374.5 76.4688 838.563 -374.5 -0.375 824.031 -378.625 -85.9688 385.063 -505.281 -188.188 -23.625 -438.688 -422.656 729.594 17.75 -422.656 729.594 17.75 57.0625 786.156 -377.031 47.8438 785.594 -378.625 -44.625 401.063 -509.531 -342.031 -150.5 -206.969 -190.875 -3.78125 -445.188 -415.469 736.313 -36.8125 -415.469 736.313 -36.8125 78.7188 828.063 -374.219 51.25 779.156 -378.625 0 -3.3125 -450.563 0 -3.3125 -450.563 -279.656 -4.03125 -403.219 -408.281 688 126.938 -408.281 688 126.938 78 786.156 -374.313 34.8125 737.969 -378.625 86.5313 -3.3125 -443.813 86.5313 -3.3125 -443.813 275.781 -23.625 -397.375 -415.469 714.969 72.3438 -415.469 714.969 72.3438 49.6875 755.969 -378 -0.375 744.688 -378.625 171.313 -3.3125 -421.906 171.313 -3.3125 -421.906 279.688 -3.90625 -403.25 -366.125 714.531 228.688 -366.125 714.531 228.688 67.9063 748.719 -375.625 22.1875 731.094 -378.625 -85.4688 -3.3125 -443.813 -85.4688 -3.3125 -443.813 -94.7813 -23.625 -462.75 -387.219 704.875 177.813 -387.219 704.875 177.813 33.0625 720.719 -380.188 30.2188 732.219 -378.625 -170.25 -3.3125 -421.906 -170.25 -3.3125 -421.906 -96.125 -3.6875 -469.594 -299.094 714.531 316.063 -299.094 714.531 316.063 45.25 705 -378.625 -48.6563 772.719 -378.625 188.313 -23.625 477.719 -332.625 718.188 272.375 -332.625 718.188 272.375 19.6875 670.813 -399.906 -27.4063 762.344 -378.625 94.8125 -23.625 501.75 -211.719 675 383.125 -211.719 675 383.125 14.3125 693.188 -400.375 -7.0625 821.813 -378.625 96.125 -3.65625 508.375 -255.406 700.031 349.594 -255.406 700.031 349.594 20.5 879.125 -399.563 -17.5938 794.063 -378.625 190.906 -3.65625 484 -109.969 698.313 425.25 -109.969 698.313 425.25 28.0938 901.5 -398.781 -48.6563 785.594 -378.625 0 -23.625 509.094 -160.844 688.313 404.188 -160.844 688.313 404.188 40.4375 865.281 -396.938 -52.0313 779.156 -378.625 0 -3.65625 515.781 -0.375 707.938 439.625 55.3125 884.281 -395.188 -35.5938 737.969 -378.625 -94.8438 -23.625 501.75 -55.375 705.063 432.438 -55.375 705.063 432.438 70.1875 861.688 -393.25 70.1875 861.688 -393.25 70.1875 861.688 -393.25 70.1875 861.688 -393.25 -22.9688 731.094 -378.625 -96.125 -3.65625 508.375 -350.344 725.188 -213 -350.344 725.188 -213 52.7813 844.656 -395.313 -31.0313 732.219 -378.625 355 -23.625 374.375 -335.156 723.75 -200.75 -335.156 723.75 -200.75 57.5938 819.906 -394.656 275.969 -23.625 436.406 -322.438 731.969 -218.875 -322.438 731.969 -218.875 -322.438 731.969 -218.875 -322.438 731.969 -218.875 -322.438 731.969 -218.875 76.7813 837.094 -392.375 76.7813 837.094 -392.375 76.7813 837.094 -392.375 279.75 -3.65625 442.094 -334.531 734.813 -232.875 -334.531 734.813 -232.875 -334.531 734.813 -232.875 -334.531 734.813 -232.875 -334.531 734.813 -232.875 78.7188 828.063 -392.125 359.844 -3.65625 379.219 -331.094 743.25 -236.156 -331.094 743.25 -236.156 -331.094 743.25 -236.156 -331.094 743.25 -236.156 57.0625 786.156 -394.75 -188.313 -23.625 477.719 -350.625 731.469 -212.438 -350.625 731.469 -212.438 78 786.156 -392.219 -190.906 -3.65625 484 -318.938 741.125 -222.5 -318.938 741.125 -222.5 -318.938 741.125 -222.5 -318.938 741.125 -222.5 49.6875 755.969 -395.719 -482.375 -23.625 114.188 -335.406 730.406 -200.313 -335.406 730.406 -200.313 67.9063 748.719 -393.531 -489.719 -23.625 19.3438 -366.125 713.813 -193.156 -366.125 713.813 -193.156 -366.125 713.813 -193.156 33.0625 720.719 -397.906 -496.406 -3.65625 19.3438 -347.875 713.813 -182.594 -347.875 713.813 -182.594 -347.875 713.813 -182.594 45.25 705 -396.531 -489 -3.65625 115.5 -366.125 705.719 -193.156 -366.125 705.719 -193.156 100.75 867.531 -370.75 100.75 867.531 -370.75 100.75 867.531 -370.75 -482.375 -23.625 -75.4688 -347.875 705.719 -182.594 -347.875 705.719 -182.594 104.406 867.719 -388.531 104.406 867.719 -388.531 104.406 867.719 -388.531 -489 -3.65625 -76.75 -20.4688 670.813 -381.969 128.031 861.313 -361 128.031 861.313 -361 128.031 861.313 -361 -458.344 -23.625 -168.938 -15.125 693.188 -382.656 131.719 861.5 -379.063 131.719 861.5 -379.063 131.719 861.5 -379.063 -464.625 -3.65625 -171.531 -0.375 688.438 -384.531 150.531 844.125 -352.344 150.531 844.125 -352.344 150.531 844.125 -352.344 150.531 844.125 -352.344 -417.031 -23.625 -256.594 -0.375 664.938 -384.563 154.25 844.313 -370.406 154.25 844.313 -370.406 154.25 844.313 -370.406 154.25 844.313 -370.406 -355 -23.625 -335.625 -0.375 907.406 -384.594 118.438 838.531 -364.719 118.438 838.531 -364.719 118.438 838.531 -364.719 -280 346.25 -549.25 -359.844 -3.65625 -340.5 -0.375 883.906 -384.563 134.656 825.688 -358.5 134.656 825.688 -358.5 134.656 825.688 -358.5 134.656 825.688 -358.5 -255.313 309.375 -529.469 -422.75 -3.65625 -260.375 -21.2813 879.125 -381.844 138.375 825.875 -376.563 138.375 825.875 -376.563 138.375 825.875 -376.563 138.375 825.875 -376.563 -258.219 332.719 -529.469 -275.969 -23.625 436.406 -28.9063 901.5 -380.875 122.156 838.719 -382.781 122.156 838.719 -382.781 122.156 838.719 -382.781 -238.406 346.25 -529.469 -355 -23.625 374.375 -41.2188 865.281 -379.219 162.344 825.406 -347.844 162.344 825.406 -347.844 162.344 825.406 -347.844 162.344 825.406 -347.844 -266.125 358.25 -529.469 -359.844 -3.65625 379.219 -56.0938 884.281 -377.281 167.344 823.531 -365.406 167.344 823.531 -365.406 167.344 823.531 -365.406 167.344 823.531 -365.406 -280 382.375 -529.469 -279.75 -3.65625 442.094 -53.5625 844.656 -377.594 146.594 804.969 -353.938 146.594 804.969 -353.938 -280 319.375 -529.469 -417.031 -23.625 295.344 -70.125 863 -375.438 -70.125 863 -375.438 -70.125 863 -375.438 150.281 805.156 -372 150.281 805.156 -372 -304.656 309.375 -529.438 -422.75 -3.65625 299.125 -58.4063 819.906 -376.938 153.063 781.406 -370.969 153.063 781.406 -370.969 153.063 781.406 -370.969 -301.75 332.719 -529.438 -458.344 -23.625 207.688 -77.25 838.563 -374.5 -77.25 838.563 -374.5 -77.25 838.563 -374.5 149.344 781.219 -352.906 149.344 781.219 -352.906 149.344 781.219 -352.906 -321.563 346.25 -529.438 -321.563 346.25 -529.438 -464.625 -3.65625 210.25 -79.5313 828.063 -374.219 166.188 755.813 -346.469 166.188 755.813 -346.469 166.188 755.813 -346.469 -293.844 358.25 -529.438 355 -23.625 -335.625 -57.8438 786.156 -377.031 172.313 786.719 -344.063 172.313 786.719 -344.063 172.313 786.719 -344.063 359.844 -3.65625 -340.5 -78.7813 786.156 -374.313 176.031 786.906 -362.125 176.031 786.906 -362.125 176.031 786.906 -362.125 458.344 -23.625 -168.938 -50.4688 755.969 -378 169.906 756 -364.531 169.906 756 -364.531 169.906 756 -364.531 482.375 -23.625 -75.4688 -68.7188 748.719 -375.625 147.781 757 -373.031 147.781 757 -373.031 147.781 757 -373.031 489 -3.65625 -76.75 -33.8438 720.719 -380.188 144.094 756.813 -354.969 144.094 756.813 -354.969 144.094 756.813 -354.969 464.625 -3.65625 -171.531 -46.0313 705 -378.625 153.063 717.813 -371.063 153.063 717.813 -371.063 153.063 717.813 -371.063 489.719 -23.625 19.3438 -0.375 688.438 -402.25 149.375 717.625 -353 149.375 717.625 -353 149.375 717.625 -353 496.406 -3.65625 19.3438 -15.125 693.188 -400.375 134.438 726.594 -378.219 134.438 726.594 -378.219 134.438 726.594 -378.219 482.375 -23.625 114.188 482.375 -23.625 114.188 -20.4688 670.813 -399.906 130.719 726.406 -360.156 130.719 726.406 -360.156 130.719 726.406 -360.156 489 -3.65625 115.5 489 -3.65625 115.5 -0.375 664.938 -402.469 116.531 702.188 -385.156 116.531 702.188 -385.156 116.531 702.188 -385.156 417.031 -23.625 -256.594 -21.2813 879.125 -399.563 112.813 702 -367.094 112.813 702 -367.094 112.813 702 -367.094 422.75 -3.65625 -260.375 64.7188 411.219 -546.75 -0.375 883.906 -402.281 -0.375 883.906 -402.281 87.75 676.938 -391.156 87.75 676.938 -391.156 87.75 676.938 -391.156 417.031 -23.625 295.344 -0.375 907.406 -402.5 84.0938 676.75 -373.375 84.0938 676.75 -373.375 84.0938 676.75 -373.375 422.75 -3.65625 299.125 69.6875 411.219 -546.75 -28.9063 901.5 -398.781 88.75 656.406 -372.75 88.75 656.406 -372.75 88.75 656.406 -372.75 458.344 -23.625 207.688 -41.2188 865.281 -396.938 126.094 687.313 -362 126.094 687.313 -362 126.094 687.313 -362 464.625 -3.65625 210.25 -56.0938 884.281 -395.188 129.813 687.5 -380.063 129.813 687.5 -380.063 129.813 687.5 -380.063 161.219 -150.156 411.75 -26.0313 951.031 -400 -58.4063 819.906 -394.656 92.4063 656.594 -390.531 92.4063 656.594 -390.531 92.4063 656.594 -390.531 81.1875 -150.156 432.344 105.906 364.656 -546.75 -26.0313 951.031 -383.156 -53.5625 844.656 -395.313 69.8438 648.156 -394.375 69.8438 648.156 -394.375 83 -137.156 441.531 -13.2188 899.75 -386.438 -13.2188 899.75 -386.438 -70.9688 861.688 -393.25 -70.9688 861.688 -393.25 -70.9688 861.688 -393.25 -70.9688 861.688 -393.25 66.2188 647.969 -376.594 66.2188 647.969 -376.594 164.813 -137.156 420.5 -13.2188 899.75 -398.906 -13.2188 899.75 -398.906 -77.5625 837.094 -392.375 -77.5625 837.094 -392.375 -77.5625 837.094 -392.375 59.7813 659.5 -395.125 59.7813 659.5 -395.125 0 -150.156 438.625 13.9063 965.625 -400 -57.8438 786.156 -394.75 56.125 659.313 -377.344 56.125 659.313 -377.344 0 -137.156 447.938 13.9063 965.625 -383.156 -79.5313 828.063 -392.125 101.969 842.875 -388.906 101.969 842.875 -388.906 101.969 842.875 -388.906 -81.1875 -150.156 432.344 -14.6875 965.625 -383.156 -78.7813 786.156 -392.219 98.3125 842.688 -371.125 98.3125 842.688 -371.125 98.3125 842.688 -371.125 -83 -137.156 441.531 -14.6875 965.625 -400 -50.4688 755.969 -395.719 169.969 801.719 -344.938 169.969 801.719 -344.938 169.969 801.719 -344.938 169.969 801.719 -344.938 392.375 -150.156 -141.844 105.906 457.781 -546.75 12.4063 899.75 -398.906 12.4063 899.75 -398.906 -68.7188 748.719 -393.531 174.031 799.688 -362.875 174.031 799.688 -362.875 174.031 799.688 -362.875 174.031 799.688 -362.875 412.969 -150.156 -61.8125 12.4063 899.75 -386.438 12.4063 899.75 -386.438 -33.8438 720.719 -397.906 192.75 830.719 -335.063 192.75 830.719 -335.063 192.75 830.719 -335.063 0 7.375 -506.875 422.156 -137.156 -63.625 25.25 951.031 -383.156 25.25 951.031 -383.156 -46.0313 705 -396.531 200.594 830.906 -351.313 200.594 830.906 -351.313 200.594 830.906 -351.313 86.9063 7.375 -500.156 401.125 -137.156 -145.438 25.25 951.031 -400 25.25 951.031 -400 -101.563 867.531 -370.75 -101.563 867.531 -370.75 -101.563 867.531 -370.75 225.156 824.656 -336.313 225.156 824.656 -336.313 225.156 824.656 -336.313 80.9375 16.3125 -468.531 419.25 -150.156 19.3438 8.6875 909.313 -398.906 -105.188 867.719 -388.531 -105.188 867.719 -388.531 -105.188 867.719 -388.531 217.188 824.469 -319.75 217.188 824.469 -319.75 217.188 824.469 -319.75 0 16.3125 -474.781 428.563 -137.156 19.3438 -9.46875 909.313 -398.906 -128.813 861.313 -361 -128.813 861.313 -361 -128.813 861.313 -361 236.781 807.313 -305.563 236.781 807.313 -305.563 236.781 807.313 -305.563 236.781 807.313 -305.563 115.906 250.906 -546.375 412.969 -150.156 100.563 412.969 -150.156 100.563 -18.5938 945.719 -400 -132.5 861.5 -379.063 -132.5 861.5 -379.063 -132.5 861.5 -379.063 244.75 807.5 -322.156 244.75 807.5 -322.156 244.75 807.5 -322.156 244.75 807.5 -322.156 94.8125 274.031 -552.156 422.156 -137.156 102.344 422.156 -137.156 102.344 17.7813 945.719 -400 17.7813 945.719 -400 -151.344 844.125 -352.344 -151.344 844.125 -352.344 -151.344 844.125 -352.344 -151.344 844.125 -352.344 208.844 801.719 -325.781 208.844 801.719 -325.781 208.844 801.719 -325.781 88.7188 253.531 -508.656 161.219 -150.156 -373 -10.5313 956.063 -400 -155.031 844.313 -370.406 -155.031 844.313 -370.406 -155.031 844.313 -370.406 -155.031 844.313 -370.406 222.969 788.875 -315.594 222.969 788.875 -315.594 222.969 788.875 -315.594 222.969 788.875 -315.594 106.781 235.094 -503.188 236.25 -150.156 -337.625 9.75 956.063 -400 -139.156 825.875 -376.563 -139.156 825.875 -376.563 -139.156 825.875 -376.563 -139.156 825.875 -376.563 230.969 789.063 -332.156 230.969 789.063 -332.156 230.969 789.063 -332.156 230.969 789.063 -332.156 61.4063 297.438 -558.156 241.5 -137.156 -345.594 -135.469 825.688 -358.5 -135.469 825.688 -358.5 -135.469 825.688 -358.5 -135.469 825.688 -358.5 216.844 801.906 -342.375 216.844 801.906 -342.375 216.844 801.906 -342.375 56.5625 275.563 -510.344 164.813 -137.156 -381.75 -119.25 838.531 -364.719 -119.25 838.531 -364.719 -119.25 838.531 -364.719 251.594 780.313 -294.906 251.594 780.313 -294.906 251.594 780.313 -294.906 251.594 780.313 -294.906 31.6875 307.75 -561.188 303.906 -150.156 -284.531 142.125 411.219 -546.75 -122.938 838.719 -382.781 -122.938 838.719 -382.781 -122.938 838.719 -382.781 259.594 780.469 -311.469 259.594 780.469 -311.469 259.594 780.469 -311.469 28.3438 285.719 -512.281 310.688 -137.156 -291.313 -163.125 825.406 -347.844 -163.125 825.406 -347.844 -163.125 825.406 -347.844 -163.125 825.406 -347.844 233.344 768.125 -308.125 233.344 768.125 -308.125 233.344 768.125 -308.125 0 311.281 -562.031 357 -150.156 -216.875 -168.125 823.531 -365.406 -168.125 823.531 -365.406 -168.125 823.531 -365.406 -168.125 823.531 -365.406 241.344 768.313 -324.688 241.344 768.313 -324.688 241.344 768.313 -324.688 0 288.281 -514.563 364.969 -137.156 -222.156 -151.063 805.156 -372 -151.063 805.156 -372 260 777.438 -311.156 260 777.438 -311.156 260 777.438 -311.156 260 777.438 -311.156 153.844 178.531 -528.281 0 -150.156 -399.875 -147.375 804.969 -353.938 -147.375 804.969 -353.938 243.75 744.594 -322.969 243.75 744.594 -322.969 243.75 744.594 -322.969 143.281 170.5 -483.563 81.1875 -150.156 -393.594 7.375 844.688 -392.219 7.375 844.688 -392.219 -153.844 781.406 -370.969 -153.844 781.406 -370.969 -153.844 781.406 -370.969 235.75 744.406 -306.406 235.75 744.406 -306.406 235.75 744.406 -306.406 154.156 129.531 -474.344 83 -137.156 -402.781 7.375 830.656 -392.219 -150.156 781.219 -352.906 -150.156 781.219 -352.906 -150.156 781.219 -352.906 250.406 718.969 -295.844 250.406 718.969 -295.844 250.406 718.969 -295.844 279.969 346.25 -549.25 165.531 128.688 -516.063 0 -137.156 -409.219 7.375 830.656 -386.969 -176.813 786.906 -362.125 -176.813 786.906 -362.125 -176.813 786.906 -362.125 255.719 749.875 -291.938 255.719 749.875 -291.938 255.719 749.875 -291.938 304.656 309.375 -529.469 137.813 216 -537.313 -81.1875 -150.156 -393.594 7.375 844.688 -386.969 7.375 844.688 -386.969 -173.125 786.719 -344.063 -173.125 786.719 -344.063 -173.125 786.719 -344.063 263.719 750.063 -308.5 263.719 750.063 -308.5 263.719 750.063 -308.5 301.75 332.719 -529.469 128.375 204.219 -492.719 -83 -137.156 -402.781 -0.375 823.625 -392.219 -167 755.813 -346.469 -167 755.813 -346.469 -167 755.813 -346.469 258.406 719.156 -312.406 258.406 719.156 -312.406 258.406 719.156 -312.406 321.563 346.25 -529.469 138.125 7.375 -486.969 303.906 -150.156 323.281 -0.375 823.625 -386.969 -170.688 756 -364.531 -170.688 756 -364.531 -170.688 756 -364.531 239.188 720.188 -326.344 239.188 720.188 -326.344 239.188 720.188 -326.344 293.844 358.25 -529.469 128.656 16.3125 -456.25 236.25 -150.156 376.375 -8.1875 830.656 -392.219 -148.594 757 -373.031 -148.594 757 -373.031 -148.594 757 -373.031 231.188 720 -309.781 231.188 720 -309.781 231.188 720 -309.781 279.969 382.375 -529.469 158.344 31.3438 -492.688 241.5 -137.156 384.344 -8.1875 830.656 -386.969 -144.875 756.813 -354.969 -144.875 756.813 -354.969 -144.875 756.813 -354.969 243.781 680.969 -323.063 243.781 680.969 -323.063 243.781 680.969 -323.063 279.969 319.375 -529.469 147.5 39.0313 -456.344 310.688 -137.156 330.031 -8.1875 844.688 -392.219 -150.156 717.625 -353 -150.156 717.625 -353 -150.156 717.625 -353 235.781 680.781 -306.5 235.781 680.781 -306.5 235.781 680.781 -306.5 255.313 309.375 -529.438 167.75 70.75 -501.938 357 -150.156 255.625 -8.1875 844.688 -386.969 -153.844 717.813 -371.063 -153.844 717.813 -371.063 -153.844 717.813 -371.063 227.594 689.781 -334.781 227.594 689.781 -334.781 227.594 689.781 -334.781</float_array>
                    <technique_common>
                        <accessor count="2187" source="#ID69" stride="3">
                            <param name="X" type="float"/>
                            <param name="Y" type="float"/>
                            <param name="Z" type="float"/>
                        </accessor>
                    </technique_common>
                </source>
                <source id="ID70">
                    <float_array id="ID71" count="6000">-0.285122 -0.298696 -0.910761 -0.00033874 -0.592784 -0.805362 -0.000601035 0.0142392 -0.999898 -0.0011364 0.480287 -0.877111 -0.488105 0.552466 -0.675674 -0.305191 0.704959 -0.640227 -0.364067 -0.533068 -0.763737 -0.568772 -0.238374 -0.787195 0.283977 -0.298649 -0.911134 0.486936 0.552342 -0.676618 0.426889 0.109803 -0.897613 0.567795 -0.238009 -0.788011 -0.225997 0.345679 -0.910731 0.660178 0.735761 -0.151064 0.918501 0.334458 -0.210934 0.955152 0.19425 -0.223497 0.973634 -0.00203626 -0.228108 0.971633 -0.0637463 -0.22774 0.963896 -0.142485 -0.22495 0.961945 -0.158846 -0.222328 0.950783 -0.219579 -0.218624 0.942695 -0.258252 -0.211262 0.917543 -0.342677 -0.20171 0.905091 -0.380374 -0.190067 0.868476 -0.462664 -0.17802 0.853725 -0.495816 -0.159122 0.80282 -0.579774 -0.139075 0.771237 -0.623798 -0.126769 0.662368 -0.739619 -0.119298 0.581156 -0.804863 -0.120221 0.449398 -0.885875 -0.115182 0.39797 -0.909959 -0.116591 0.269424 -0.956614 -0.11091 0.189128 -0.976183 -0.10629 0.00121206 -0.994767 -0.102165 0.00124438 -0.994773 -0.102103 -0.187536 -0.976493 -0.106265 -0.148007 0.551466 -0.820962 -0.000915871 0.566791 -0.823861 -0.00108395 0.779937 -0.625857 0.146828 0.551602 -0.821083 0.224386 0.843863 -0.487387 0.317064 0.496592 -0.808002 0.453279 0.785816 -0.42075 0.467288 0.411423 -0.782543 0.660504 0.582916 -0.473226 0.56941 0.244233 -0.784934 0.76457 0.405053 -0.501363 0.560448 0.105905 -0.821391 0.75728 0.234681 -0.609469 0.544824 0.00336687 -0.838544 0.826418 0.164081 -0.53862 0.543892 -0.081894 -0.835149 0.840354 0.0485799 -0.539857 0.523454 -0.141462 -0.840229 0.872288 -0.0216542 -0.488513 0.50117 -0.198069 -0.842376 0.763559 -0.167583 -0.623614 0.456979 -0.35589 -0.815176 0.830996 -0.324892 -0.451542 0.722138 -0.482324 -0.495863 -0.868932 -0.462279 -0.176792 -0.658533 -0.107288 -0.744865 -0.902256 -0.39744 -0.167255 -0.780799 -0.363229 -0.508348 -0.973003 -0.155975 -0.170108 -0.840852 -0.156419 -0.51817 -0.98293 0.0718395 -0.169374 -0.855078 0.026726 -0.51781 -0.953513 0.259181 -0.153749 -0.843931 0.188665 -0.502181 -0.896785 0.421199 -0.135529 -0.81022 0.350329 -0.469907 -0.808972 0.57731 -0.1108 -0.747446 0.517253 -0.416863 -0.681999 0.72673 -0.0820984 -0.622103 0.683964 -0.381025 -0.494946 0.867903 -0.0420982 -0.429685 0.826977 -0.3626 -0.266394 0.963785 -0.0123584 -0.191234 0.904397 -0.381438 -0.00157485 0.999998 -0.00103677 -0.001686 0.927808 -0.373055 0.189006 0.904814 -0.381562 -0.268672 -0.956829 -0.110877 -0.39797 -0.909959 -0.116591 -0.449398 -0.885875 -0.115182 -0.581156 -0.804863 -0.120221 -0.662368 -0.739619 -0.119298 -0.771237 -0.623798 -0.126769 -0.80282 -0.579774 -0.139075 -0.853725 -0.495816 -0.159122 -0.868476 -0.462664 -0.17802 -0.905091 -0.380374 -0.190067 -0.917543 -0.342677 -0.20171 -0.942695 -0.258252 -0.211262 -0.950783 -0.219579 -0.218624 -0.961945 -0.158846 -0.222328 -0.963896 -0.142485 -0.22495 -0.971633 -0.0637463 -0.22774 -0.973634 -0.00203626 -0.228108 -0.955152 0.19425 -0.223497 -0.918501 0.334458 -0.210934 -0.660178 0.735761 -0.151064 0.225997 0.345679 -0.910731 0.118614 0.339828 -0.932978 0.658533 -0.107288 -0.744865 0.443998 -0.413817 -0.794746 0.780799 -0.36323 -0.508348 0.550552 -0.260377 -0.793156 0.840852 -0.156419 -0.51817 0.588705 -0.132117 -0.797478 0.855078 0.026726 -0.51781 0.612664 -0.00687982 -0.790313 0.843931 0.188665 -0.502181 0.617789 0.11313 -0.778163 0.81022 0.350329 -0.469907 0.633299 0.280682 -0.721215 0.747446 0.517253 -0.416863 0.580099 0.4482 -0.680149 0.622103 0.683964 -0.381025 0.444953 0.617298 -0.648814 0.429685 0.826977 -0.3626 0.240917 0.685286 -0.687271 -0.00157397 0.709353 -0.704852 0.26543 0.964051 -0.0123295 0.494946 0.867903 -0.0420982 0.681999 0.72673 -0.0820984 0.808972 0.57731 -0.1108 0.896785 0.421199 -0.135529 0.953513 0.259181 -0.153749 0.98293 0.0718395 -0.169374 0.973003 -0.155975 -0.170108 0.902256 -0.39744 -0.167255 -0.826418 0.164081 -0.53862 -0.75728 0.234681 -0.609469 -0.892407 0.435666 -0.117495 -0.76457 0.405053 -0.501363 -0.794938 0.600141 -0.0889073 -0.660504 0.582916 -0.473226 -0.616226 0.783609 -0.0788753 -0.453279 0.785816 -0.42075 -0.44386 0.893301 -0.0707244 -0.275074 0.959612 -0.0589777 -0.894632 -0.421884 -0.147132 -0.724225 -0.469409 -0.505127 -0.89522 -0.420341 -0.147966 -0.722138 -0.482324 -0.495863 -0.926812 -0.351648 -0.131769 -0.830996 -0.324892 -0.451542 -0.990804 -0.0385801 -0.129691 -0.763559 -0.167583 -0.623614 -0.872288 -0.0216542 -0.488513 -0.225526 0.843604 -0.487309 -0.0011441 0.998671 -0.0515203 0.274362 0.959817 -0.0589692 0.44386 0.893301 -0.0707244 0.616226 0.783609 -0.0788753 0.892407 0.435666 -0.117495 0.952945 0.275045 -0.127462 0.978818 0.156915 -0.131505 0.142389 -0.895256 -0.422188 0.000898935 -0.899926 -0.436041 0.00122196 -0.904707 -0.426032 -0.140771 -0.895493 -0.422227 -0.21145 -0.883752 -0.417459 -0.380853 -0.824142 -0.419214 -0.368879 -0.830513 -0.417344 -0.549726 -0.729467 -0.407038 -0.888423 -0.368407 -0.273826 -0.823245 -0.4839 -0.296831 -0.771552 -0.545011 -0.328131 -0.701232 -0.61804 -0.355388 -0.640482 -0.662512 -0.388409 -0.542504 -0.728043 -0.419098 0.517654 0.774015 -0.364601 -0.118614 0.339828 -0.932978 -0.0515709 0.96353 -0.262584 -0.117571 0.656339 -0.745249 -0.000132096 0.963338 -0.268291 -0.000468085 0.199931 -0.97981 0.117174 0.656355 -0.745298 0.824053 0.440517 -0.356204 0.890932 0.317214 -0.324984 0.9579 0.0326593 -0.28524 0.958515 0.0398093 -0.282248 0.951709 -0.166668 -0.257822 -0.958515 0.0398093 -0.282248 -0.9579 0.0326593 -0.28524 -0.951709 -0.166668 -0.257822 -0.938551 -0.228246 -0.258892 -0.891835 -0.359068 -0.275137 0.640482 -0.662512 -0.388409 0.542504 -0.728043 -0.419098 0.549726 -0.729467 -0.407038 0.380853 -0.824142 -0.419214 0.368879 -0.830513 -0.417344 0.212453 -0.883527 -0.417425 0.938551 -0.228246 -0.258892 0.888423 -0.368407 -0.273826 0.891835 -0.359068 -0.275137 0.823245 -0.4839 -0.296831 -0.363978 -0.102261 -0.925777 -0.158947 -0.259404 -0.952599 -0.456979 -0.35589 -0.815176 -0.000463751 -0.257135 -0.966375 0.158491 -0.259415 -0.952672 0.990804 -0.0385801 -0.129691 0.98771 0.0799552 -0.134298 0.724225 -0.469409 -0.505127 0.363978 -0.102261 -0.925777 -0.550552 -0.260377 -0.793156 -0.588705 -0.132117 -0.797478 -0.612664 -0.00687982 -0.790313 -0.617789 0.11313 -0.778163 -0.633299 0.280682 -0.721215 -0.580099 0.4482 -0.680149 -0.444953 0.617298 -0.648814 -0.241984 0.685058 -0.687124 0.771552 -0.545011 -0.328131 0.701232 -0.61804 -0.355388 0.00464921 0.999989 -0.000472239 -0.840354 0.0485798 -0.539857 -0.978818 0.156915 -0.131505 -0.952945 0.275045 -0.127462 0 -1 0 0.894632 -0.421884 -0.147132 0.89522 -0.420341 -0.147966 0.926812 -0.351648 -0.131769 0.794938 0.600141 -0.0889073 0.00248121 -0.999853 -0.0169924 0.0049617 -0.99941 -0.0339797 0.868932 -0.462279 -0.176792 0.019504 -0.999103 -0.0375919 -0.000359622 -0.999823 -0.018803 -0.020223 -0.999795 -0 -0.824053 0.440517 -0.356204 -0.517654 0.774015 -0.364601 -0.890932 0.317214 -0.324984 0.0514804 0.96353 -0.262601 -0.00464921 0.999989 -0.000472239 -0.98771 0.0799552 -0.134298 -0.50117 -0.198069 -0.842376 -0.523454 -0.141462 -0.840229 -0.543893 -0.081894 -0.835149 -0.544824 0.00336687 -0.838544 -0.560448 0.105905 -0.821391 -0.56941 0.244233 -0.784934 -0.467288 0.411423 -0.782543 -0.317064 0.496592 -0.808002 -0.443998 -0.413817 -0.794746 -0.904509 0.421278 0.0662472 -0.904278 0.42181 0.066015 -0.699084 0.713201 0.0512512 -0.348083 0.937116 0.0255434 0.00214599 0.999998 0.000122042 0.00286342 0.999996 -0.000210063 -0.877665 0.42577 0.220056 -0.877227 0.426987 0.219441 -0.676854 0.71638 0.169318 -0.336526 0.937921 0.0839883 0.00277533 0.999996 -0.000693611 0.0027775 0.999996 -0.000695106 -0.817567 0.433647 0.37886 -0.817394 0.434295 0.378491 -0.62923 0.720445 0.291595 -0.312518 0.938806 0.144831 0.00332926 0.999994 -0.00124022 0.00387668 0.999991 -0.00179624 -0.70777 0.439769 0.552869 -0.707699 0.440259 0.55257 -0.543669 0.724035 0.424496 -0.269833 0.939596 0.210592 0.00334912 0.999991 -0.00261536 0.003351 0.999991 -0.00261836 -0.5528 0.440783 0.707194 -0.552798 0.440277 0.70751 -0.424668 0.724047 0.54352 -0.210854 0.939493 0.269989 0.00261702 0.999991 -0.00334879 0.00261577 0.999991 -0.00334502 -0.37859 0.434978 0.816984 -0.378398 0.433747 0.817728 -0.291443 0.720436 0.629311 -0.144954 0.938562 0.313192 0.00126095 0.999994 -0.00337889 0.00119361 0.999996 -0.00257751 -0.219432 0.427012 0.877217 -0.219268 0.426397 0.877558 -0.169214 0.71605 0.677229 -0.0841569 0.937664 0.3372 0.000692769 0.999996 -0.00277416 0.00069289 0.999996 -0.00277302 -0.0661724 0.422363 0.904008 -0.0659767 0.421827 0.904273 -0.0511996 0.713508 0.698774 -0.0255487 0.937017 0.348347 -0.000118837 0.999998 -0.00219771 0.000104747 0.999999 -0.00142857 0.0662092 0.421279 0.904511 0.0659778 0.421809 0.904281 0.0512223 0.7132 0.699086 0.0255293 0.937115 0.348085 0.000121969 0.999998 -0.002146 -0.000209956 0.999996 -0.00286344 0.219574 0.425775 0.877783 0.21927 0.426377 0.877567 0.169216 0.716039 0.67724 0.0840739 0.937791 0.336868 -0.000692752 0.999996 -0.00277408 -0.000693387 0.999996 -0.00277501 0.379089 0.432511 0.818062 0.378406 0.433712 0.817742 0.291582 0.72012 0.629609 0.14468 0.938802 0.312599 -0.0012385 0.999994 -0.00332843 -0.00179547 0.999991 -0.00387718 0.553108 0.439762 0.707588 0.552802 0.440263 0.707515 0.424674 0.724037 0.543527 0.210676 0.939598 0.269761 -0.00261685 0.999991 -0.00334856 -0.00262017 0.999991 -0.00335065 0.707384 0.440768 0.552568 0.707694 0.440273 0.552566 0.543662 0.724044 0.424491 0.270056 0.939493 0.210765 -0.00334932 0.999991 -0.00261552 -0.00334592 0.999991 -0.00261439 0.816984 0.434978 0.37859 0.817386 0.434314 0.378487 0.628942 0.720752 0.291462 0.312823 0.938682 0.144973 -0.00337904 0.999994 -0.00126261 -0.00257907 0.999996 -0.001195 0.876519 0.428271 0.219769 0.877209 0.427026 0.219436 0.676832 0.716402 0.169312 0.337199 0.937664 0.0841563 -0.00277551 0.999996 -0.000693653 -0.00277282 0.999996 -0.000693934 0.904004 0.422365 0.0662102 0.90427 0.421828 0.0660139 0.698772 0.713508 0.0512284 0.348346 0.937017 0.0255629 -0.00219773 0.999998 0.000118904 -0.00142857 0.999999 -0.000104801 0.904513 0.42128 -0.0661712 0.904284 0.421809 -0.0659406 0.699089 0.7132 -0.0511935 0.348086 0.937115 -0.0255152 -0.00214601 0.999998 -0.000121896 -0.00286346 0.999996 0.000209848 0.877635 0.425768 -0.220177 0.877142 0.427139 -0.219484 0.676758 0.716465 -0.169343 0.336441 0.937954 -0.0839669 -0.00277575 0.999996 0.000693898 -0.00277834 0.999996 0.00069568 0.817337 0.434173 -0.378754 0.817232 0.434565 -0.37853 0.629055 0.720595 -0.291602 0.312481 0.938807 -0.144902 -0.00332963 0.999994 0.0012406 -0.00387668 0.999991 0.00179624 0.70777 0.439769 -0.552869 0.707699 0.440259 -0.55257 0.543669 0.724035 -0.424496 0.269833 0.939596 -0.210592 -0.00334912 0.999991 0.00261536 -0.003351 0.999991 0.00261836 0.5528 0.440783 -0.707194 0.552798 0.440277 -0.70751 0.424668 0.724047 -0.54352 0.210854 0.939493 -0.269989 -0.00261702 0.999991 0.00334879 -0.00261577 0.999991 0.00334502 0.37859 0.434978 -0.816984 0.378398 0.433747 -0.817728 0.291443 0.720436 -0.629311 0.144954 0.938562 -0.313192 -0.00126095 0.999994 0.00337889 -0.00119361 0.999996 0.00257751 0.219432 0.427012 -0.877217 0.219268 0.426397 -0.877558 0.169214 0.71605 -0.677229 0.0841567 0.937663 -0.337202 -0.000692986 0.999996 0.00277211 -0.000693322 0.999996 0.00276892 0.0666896 0.422392 -0.903957 0.0664863 0.421834 -0.904232 0.0515933 0.713511 -0.698742 0.0257425 0.937015 -0.348339 0.000118177 0.999998 0.00219544 -0.000104747 0.999999 0.00142857 -0.0667282 0.421265 -0.90448 -0.0664874 0.421816 -0.90424 -0.0516163 0.713204 -0.699054 -0.0257224 0.937118 -0.348064 -0.000121721 0.999998 0.00214396 0.000209655 0.999996 0.00285934 -0.219574 0.425775 -0.877783 -0.21927 0.426377 -0.877567 -0.169217 0.716038 -0.677241 -0.0840737 0.93779 -0.336869 0.000692937 0.999996 0.0027719 0.000694715 0.999996 0.00277448 -0.379089 0.432511 -0.818062 -0.378406 0.433712 -0.817742 -0.291582 0.72012 -0.629609 -0.14468 0.938802 -0.312599 0.0012385 0.999994 0.00332843 0.00179547 0.999991 0.00387718 -0.553108 0.439762 -0.707588 -0.552802 0.440263 -0.707515 -0.424674 0.724037 -0.543527 -0.210676 0.939598 -0.269761 0.00261685 0.999991 0.00334856 0.00262017 0.999991 0.00335065 -0.707384 0.440768 -0.552568 -0.707694 0.440273 -0.552566 -0.543662 0.724044 -0.424491 -0.270056 0.939493 -0.210765 0.00334932 0.999991 0.00261552 0.00334592 0.999991 0.00261439 -0.816984 0.434978 -0.37859 -0.817227 0.434576 -0.378527 -0.62877 0.720897 -0.29147 -0.312652 0.938738 -0.144981 0.00337961 0.999994 0.00126327 0.00258061 0.999996 0.00119572 -0.876344 0.428587 -0.219853 -0.877122 0.427184 -0.219478 -0.676732 0.716491 -0.169336 -0.337199 0.937664 -0.0841561 0.00277596 0.999996 0.000693947 0.00277276 0.999996 0.000694283 -0.904012 0.422361 -0.0661345 -0.904276 0.421827 -0.0659395 -0.698776 0.713508 -0.0511707 -0.348348 0.937017 -0.0255345 0.0021977 0.999998 -0.00011877 0.00142857 0.999999 0.000104692 -0.494255 -0.335082 -0.802142 -0.212474 -0.817752 -0.534917 -0.291921 -0.33271 -0.896708 -0.111229 -0.816307 -0.566808 -0.127398 -0.329546 -0.935505 -0.0149181 -0.81556 -0.578481 0.0243813 -0.328682 -0.944126 0.0780606 -0.815958 -0.572816 0.181731 -0.330421 -0.926173 0.178611 -0.81684 -0.548517 0.347779 -0.33343 -0.876284 -0.668432 -0.325416 -0.668807 -0.463858 -0.75421 -0.464763 -0.237633 -0.891196 -0.386394 0.0183998 -0.999813 0.00598242 0.0166691 -0.999817 0.0094357 0.439581 -0.886638 0.143672 0.399844 -0.887943 0.227338 0.0180015 0.999821 0.00584883 0.0163089 0.999824 0.00923118 0.0175402 0.999822 0.00695203 0.0155322 0.999825 0.0104067 0.0139895 -0.999819 0.0129058 0.336646 -0.888505 0.311816 0.0136998 0.999826 0.0126416 0.0126418 0.999826 0.0136996 0.0106366 -0.999817 0.0158748 0.255241 -0.888119 0.382225 0.00711069 -0.999814 0.0179394 0.169601 -0.887035 0.429424 0.0104079 0.999825 0.0155335 0.009225 0.999825 0.016301 0.0069426 0.999822 0.0175222 0.00584243 0.999821 0.01798 0.603995 -0.795621 0.0466656 0.465047 -0.885212 -0.0114121 0.0195083 -0.999809 0.00150679 0.0195066 -0.99981 -0.000503801 0.0191087 0.999816 0.00147163 0.0190987 0.999817 0.000491241 0.0191012 0.999817 0.00147268 0.0190976 0.999817 -0.000491031 0.455247 -0.885948 -0.0885837 0.0190844 -0.999811 -0.00373809 0.0188861 0.999818 -0.00256469 0.0186718 0.999819 -0.00365519 0.429343 -0.887086 -0.169538 0.0179499 -0.999814 -0.00711313 0.381891 -0.888334 -0.254995 0.0158974 -0.999817 -0.010649 0.31157 -0.888666 -0.336446 0.0129272 -0.999818 -0.0140124 0.227348 -0.887934 -0.399858 0.00944993 -0.999816 -0.0166955 0.143671 -0.886665 -0.439527 0.00598064 -0.999813 -0.0184037 0.0632691 -0.885743 -0.459843 0.00262222 -0.99981 -0.0192941 -0.0114523 -0.885457 -0.464579 -0.000503409 -0.99981 -0.0195067 -0.0885791 -0.885948 -0.455247 -0.00373789 -0.999811 -0.0190844 -0.169601 -0.887035 -0.429424 -0.00711313 -0.999814 -0.0179499 -0.2551 -0.888209 -0.382112 -0.0106499 -0.999817 -0.0158991 -0.336313 -0.88874 -0.311504 -0.0140116 -0.999818 -0.0129282 -0.399664 -0.888059 -0.227199 -0.0166953 -0.999816 -0.00945027 -0.439527 -0.886665 -0.143671 -0.0184037 -0.999813 -0.00598064 -0.460084 -0.88562 -0.0632435 -0.0192941 -0.99981 -0.00262261 -0.465067 -0.885202 0.0113904 -0.0195058 -0.99981 0.000502945 -0.455324 -0.885909 0.0885761 -0.019081 -0.999811 0.00373652 -0.429423 -0.887035 0.1696 -0.0179346 -0.999814 0.00710895 -0.382195 -0.888142 0.255208 -0.0158655 -0.999818 0.0106301 -0.311816 -0.888506 0.336642 -0.0129123 -0.999819 0.013993 -0.227341 -0.88794 0.399848 -0.00944226 -0.999816 0.0166785 -0.14367 -0.886667 0.439522 -0.00598276 -0.999813 0.0184029 -0.0632346 -0.885621 0.460084 -0.00262222 -0.99981 0.0192941 0.0179988 0.999821 -0.00584894 0.0175368 0.999822 -0.00694863 0.0163002 0.999825 -0.00922433 0.0155184 0.999826 -0.0103956 0.013684 0.999827 -0.0126271 0.0126301 0.999826 -0.01369 0.0104015 0.999825 -0.0155278 0.00923003 0.999824 -0.0163097 0.00695203 0.999822 -0.0175402 0.00584872 0.999821 -0.0179987 0.00365409 0.999819 -0.0186719 0.00256523 0.999819 -0.0188754 0.000493949 0.999818 -0.0190758 -0.000490627 0.999818 -0.0190751 -0.00256583 0.999819 -0.0188746 -0.00365737 0.999819 -0.0186714 -0.00584894 0.999821 -0.0179988 -0.00695143 0.999822 -0.0175405 -0.00923119 0.999824 -0.016309 -0.0104015 0.999825 -0.0155281 -0.0127183 0.999827 -0.0136021 -0.0133246 0.999837 -0.0121895 -0.0146421 0.999846 -0.00971418 -0.0148186 0.999855 -0.00838593 -0.0159427 0.999853 -0.0063176 -0.0163633 0.999852 -0.00531635 -0.016975 0.99985 -0.00332218 -0.01717 0.99985 -0.00233104 -0.0173622 0.999849 -0.000447401 -0.0173628 0.999849 0.000445781 -0.0171729 0.99985 0.00233178 -0.0169783 0.99985 0.00332302 -0.0163657 0.999852 0.0053175 -0.0159466 0.999853 0.00631918 -0.0148951 0.999855 0.00828868 -0.0146361 0.999846 0.00970808 -0.0133209 0.999837 0.0121874 -0.0126419 0.999826 0.0136997 -0.0104063 0.999825 0.0155347 -0.00922548 0.999825 0.0163011 -0.00694559 0.999822 0.0175214 -0.00584412 0.999821 0.0179787 -0.00365366 0.999819 0.0186607 -0.00256368 0.999818 0.0188864 0.0113985 -0.885212 0.465048 0.000503409 -0.99981 0.0195067 -0.000491558 0.999817 0.0190978 0.000490656 0.999817 0.0190977 0.0885791 -0.885948 0.455247 0.00373789 -0.999811 0.0190844 0.00256665 0.999818 0.0188857 0.00365469 0.999819 0.0186611 0.366176 -0.925774 0.094114 0.553018 -0.813518 0.179888 0 1 -0 0.504674 -0.814644 0.285762 0.425772 -0.815037 0.39298 0.755129 -0.652978 0.058316 0.583067 -0.812286 -0.0149792 0.571313 -0.813053 -0.112013 0.540223 -0.813793 -0.214244 0.481486 -0.814843 -0.322802 0.39104 -0.816509 -0.424737 -0.000679496 0.999999 -0.000677754 -0.00173979 0.999998 -0.000651359 0.282824 -0.818222 -0.500524 -0.00144743 0.999999 0.000271881 -0.000276676 0.999999 0.00115122 0.323036 -0.814531 0.481858 0.214349 -0.813671 0.540364 0.111985 -0.813096 0.571256 0.0149737 -0.812296 0.583053 -0.0785118 -0.812784 0.577251 -0.179858 -0.813576 0.552943 -0.28596 -0.814471 0.50484 -0.393042 -0.814931 0.425917 -0.48156 -0.81476 0.322901 -0.540358 -0.813701 0.214252 -0.5713 -0.813063 0.112006 -0.583053 -0.812296 0.014959 -0.57725 -0.812783 -0.0785216 -0.552943 -0.813576 -0.179858 -0.504589 -0.814701 -0.285748 0.00087568 0.999999 -0.000873435 0.00240195 0.999996 -0.00115599 0.00194983 0.999998 -0.00012683 0.000159571 0.999999 0.00112373 0.000989392 0.999999 0.00120927 0.000906283 1 0.000327247 -0.00166484 0.999997 0.00152922 -0.00127496 0.999999 0.00114242 -0.000312373 0.999999 0.00138598 -0.000126384 0.999999 0.00126303 -6.41341e-005 1 0.000620677 -0.000112158 1 -0 0.000415032 1 0.000125658 0.00020926 1 4.12178e-005 0.303038 -0.949783 0.0779768 0.786099 -0.584112 0.202141 0.75168 -0.58833 0.298069 0.669691 -0.591622 0.448884 0.546252 -0.592592 0.591983 0.397567 -0.590876 0.702001 0.25041 -0.587003 0.769885 0.810977 -0.581719 0.0625943 0.812639 -0.582391 0.0209349 0.804633 -0.583603 -0.109422 0.769899 -0.587002 -0.25037 0.701757 -0.591319 -0.39734 0.591489 -0.593446 -0.54586 0.448719 -0.591877 -0.669576 0.298092 -0.58833 -0.751671 0.156077 -0.584764 -0.796047 0.0188551 -0.99981 0.00484825 0.0209486 -0.583293 -0.811992 -0.109483 -0.584027 -0.804317 -0.25041 -0.587003 -0.769885 -0.397503 -0.590874 -0.70204 -0.54589 -0.593189 -0.591718 -0.669292 -0.592323 -0.448555 -0.75157 -0.588507 -0.297997 -0.796065 -0.584764 -0.155985 -0.812614 -0.582425 -0.0209648 -0.804739 -0.583462 0.109395 -0.769966 -0.586898 0.250405 -0.702009 -0.590876 0.397554 -0.591995 -0.592594 0.546236 -0.44893 -0.591552 0.669722 -0.298092 -0.58833 0.751671 -0.155977 -0.584764 0.796067 -0.0209489 -0.582424 0.812615 0.109406 -0.583603 0.804635 0.917739 -0.319478 0.235985 0.88012 -0.321805 0.349042 0.785707 -0.324263 0.5268 0.641437 -0.324353 0.695236 0.94517 -0.318362 0.0727999 0.94777 -0.318017 0.0244364 0.939047 -0.319169 -0.127756 0.900501 -0.321399 -0.292919 0.823181 -0.324068 -0.466212 0.694821 -0.325328 -0.641393 0.524246 -0.332682 -0.783894 0.466411 -0.323313 0.823365 0.292971 -0.321511 0.900444 0.127738 -0.319315 0.939 -0.024453 -0.317983 0.947781 -0.182154 -0.320046 0.929726 -0.349164 -0.321711 0.880106 -0.526981 -0.323507 0.785897 -0.695039 -0.3247 0.641475 -0.823231 -0.323881 0.466253 -0.900573 -0.321207 0.292906 -0.938999 -0.319315 0.127747 -0.94778 -0.317983 -0.0244767 -0.929725 -0.320046 -0.182162 -0.880018 -0.322108 -0.349022 -0.785644 -0.324533 -0.526728 0.0184678 0.999818 0.00474564 0.018459 0.999818 0.00474529 -0.661054 -0.386557 -0.643103 -0.618912 0.694482 -0.366938 -0.371391 0.928477 -0 -0.843355 0.537357 -0 0.619259 -0.785185 -0.00166454 0.793411 -0.533283 -0.293443 0.977307 -0.21182 -0.00165071 0.931868 -0.201571 -0.301649 -0.760782 -0.535456 -0.36674 -0.626102 -0.779741 -0 -0.371391 -0.928477 -0 0 0.686006 -0.727596 -0.963433 0.267948 -0 0 -0.506693 -0.862127 -0.963433 -0.267948 -0 -0.793815 -0.533234 -0.292436 -0.328708 -0.915553 -0.231763 -0.619262 -0.785185 0.000431931 -0.337652 -0.94127 0.0011524 -0.316622 0.881463 -0.35039 -0.643284 0.707469 -0.2927 -0.337486 0.94133 0.000575632 -0.859067 0.511863 -0 -0.957484 0.207763 -0.200146 -0.977222 0.212221 -0 -0.931682 -0.202072 -0.301886 -0.977222 -0.212221 -0 0.337652 -0.941271 -0 0.327736 -0.9157 -0.232557 0.859215 0.511612 -0.00166527 0.642763 0.707429 -0.293938 0.337487 0.94133 -0.000570358 0.315178 0.881749 -0.350971 0.977222 0.212221 0 0.957369 0.207379 -0.201092 0.963433 0.267948 0 0.843355 0.537357 -0 0.618912 0.694482 -0.366938 0.371391 0.928477 -0 0.661054 -0.386557 -0.643103 0.619262 -0.785185 0.000431931 0.793815 -0.533234 -0.292436 0.977222 -0.212221 -0 0.931682 -0.202072 -0.301886 0.371391 -0.928477 -0 0.626102 -0.779741 -0 0.760782 -0.535456 -0.36674 0.337652 -0.94127 0.0011524 0.328708 -0.915553 -0.231763 -0.793411 -0.533283 -0.293443 -0.327736 -0.9157 -0.232557 -0.619259 -0.785185 -0.00166454 -0.337652 -0.941271 -0 -0.315178 0.881749 -0.350971 -0.642763 0.707429 -0.293938 -0.337487 0.94133 -0.000570358 -0.859215 0.511612 -0.00166527 0.859067 0.511863 -0 0.643284 0.707469 -0.2927 0.337486 0.94133 0.000575632 0.316622 0.881463 -0.35039 -0.957369 0.207379 -0.201092 0.963433 -0.267948 -0 0.957484 0.207763 -0.200146 -0.931868 -0.201571 -0.301649 -0.977307 -0.21182 -0.00165071 -0.570261 -0.478372 -0.667805 0.570261 -0.478372 -0.667805 -0.570261 0.478372 -0.667805 -9.75924e-009 7.31943e-009 -1 0.571129 -0.477667 -0.667567 0.571129 0.477667 -0.667567 -0.571129 -0.477667 -0.667567 -0.571129 0.477667 -0.667567 0.570261 0.478372 -0.667805 0 0 -1 -0.631947 0.236033 -0.738194 0.00938547 -0.0147577 -0.999847 0.0259604 -0.0364973 -0.998997 -0.00246035 -0.0164942 -0.999861 -0.00369089 -0.0247437 -0.999687 -0.0111144 -0.00432227 -0.999929 -0.531871 -0.147151 -0.833942 0.0155639 -0.0061035 -0.99986 0.998906 0.0467689 -0 0.93285 0.360265 -0 0.578339 0.815797 -0 0.289169 0.957278 -0 0 0 1 -0.938974 0.0223776 0.343259 -0.578339 0.815797 -0 -0.289169 0.957278 -0 -0 -0.0638548 0.997959 -0.431215 -0.164501 0.887126 0 -0.0638548 0.997959 0.7939 -0.608048 -0 0.39695 -0.91784 -0 0.00142692 0.000225626 -0.999999 0.631212 0.695736 -0.342817 -0.191607 0.834832 -0.516084 0.197136 0.823291 0.532286 -0.777903 0.445984 0.442679 0.00131677 0.000208124 0.999999 -0.858607 -0.259905 0.441864 -0.193418 -0.823958 0.532619 -0.786407 -0.448018 -0.425257 0.195454 -0.833775 -0.51635 0.866981 -0.263274 -0.42312 0.882767 0 -0.469812 0.946258 0 0.323414 -0.866103 0.264446 -0.424186 0.779631 -0.443959 0.441675 0.563502 0.621105 0.544697 0.001422 -0.000168608 -0.999999 0.683551 0.639701 -0.351485 -0.220539 0.802329 -0.554644 0.226003 0.79031 0.569502 -0.801126 0.403507 0.442017 0.00131327 -0.000154502 0.999999 -0.866681 -0.233313 0.440941 -0.222219 -0.791484 0.569361 -0.809439 -0.405234 -0.424963 0.22435 -0.8015 -0.554315 0.874932 -0.23605 -0.422816 0.882767 0 -0.469812 -0.874034 0.237023 -0.424129 0.802772 -0.401587 0.440778 0.606125 0.567241 0.557539 -0.000779916 -0.999994 -0.00352746 1.71857e-006 -0.999994 -0.00361008 1.63805e-006 -0.999994 -0.00360946 0.0007821 -0.999993 -0.00352718 0.00108829 -0.999993 -0.00344611 0.00166911 -0.999994 -0.00320722 0.00194378 -0.999993 -0.00304956 0.00244157 -0.999994 -0.00266619 0.00266492 -0.999994 -0.0024412 0.00304703 -0.999993 -0.0019425 0.00320629 -0.999994 -0.00166843 0.00344769 -0.999994 -0.00108804 0.00353145 -0.999993 -0.000781863 0.003614 -0.999993 -0.00015833 0.003614 -0.999993 0.000158714 0.00353137 -0.999993 0.000782324 0.00344731 -0.999993 0.00108773 0.0032053 -0.999994 0.00166739 0.00304612 -0.999993 0.00194119 0.00266447 -0.999994 0.00244032 0.00244154 -0.999994 0.00266615 0.00194343 -0.999993 0.00304971 0.00166919 -0.999994 0.00320875 0.00108831 -0.999994 0.0034491 0.000782104 -0.999993 0.00352998 -7.27596e-012 -0.999994 0.00361159 0 -0.999994 0.00361008 -0.000782104 -0.999993 0.00352998 2.29143e-006 0.999988 -0.00481342 -0.000106074 0.99999 -0.00453024 0.000743693 0.999992 -0.00395277 0.000996881 0.999993 -0.00347059 0.00166911 0.999994 -0.00320722 0.00194378 0.999993 -0.00304956 0.00244157 0.999994 -0.00266619 0.00266492 0.999994 -0.0024412 0.00304703 0.999993 -0.0019425 0.00320629 0.999994 -0.00166843 0.00344769 0.999994 -0.00108804 0.00353145 0.999993 -0.000781863 0.003614 0.999993 -0.00015833 0.003614 0.999993 0.000158714 0.00353137 0.999993 0.000782324 0.00344731 0.999993 0.00108773 0.0032053 0.999994 0.00166739 0.00304612 0.999993 0.00194119 0.00266447 0.999994 0.00244032 0.00244154 0.999994 0.00266615 0.00194343 0.999993 0.00304971 0.00166919 0.999994 0.00320875 0.000906523 0.999992 0.00380845 0.00079883 0.999993 0.00352647 -0.000108025 0.99999 0.00453255 0.130021 0 0.991511 0.130021 0 0.991511 -0.000439195 0 1 -0.000439195 0 1 -0.130891 -0 0.991397 0.13073 -0 -0.991418 -0.13073 0 -0.991418 -0.130077 0 -0.991504 -0.130077 0 -0.991504 0.000467937 0 -1 0.131005 0 -0.991382 -0.0012473 0.999988 0.0046531 -0.00124698 0.999988 0.00465238 0 0.999988 0.00481342 -0.13054 -0 0.991443 0.13054 0 0.991443 0.608626 0 0.793457 0.608626 0 0.793457 0.793353 0 0.608761 0.793353 0 0.608761 0.92388 0 0.382682 0.92388 0 0.382682 0.991459 0 0.130418 0.99145 0 -0.130491 0.923921 0 -0.382583 0.923921 0 -0.382583 0.793353 0 -0.608761 0.793353 0 -0.608761 0.608626 0 -0.793457 0.608626 0 -0.793457 0.382682 0 -0.92388 0.382682 0 -0.92388 -0.382642 0 -0.923897 -0.382642 0 -0.923897 -0.608758 0 -0.793356 -0.793356 0 -0.608758 -0.923791 0 -0.382897 -0.923791 0 -0.382897 -0.991448 0 -0.130501 -0.991438 -0 0.130578 -0.991438 0 0.130578 -0.923791 -0 0.382897 -0.923791 0 0.382897 -0.793467 -0 0.608613 -0.608758 -0 0.793356 -0.382642 -0 0.923897 -0.382642 0 0.923897 -0.382922 0 0.923781 -0.382922 0 0.923781 -0.608626 0 0.793457 -0.608626 0 0.793457 -0.793353 0 0.608761 -0.92388 0 0.382682 -0.991459 0 0.130418 -0.991459 0 0.130418 -0.99145 0 -0.130491 -0.923921 0 -0.382583 -0.923921 0 -0.382583 -0.793353 0 -0.608761 -0.608626 0 -0.793457 -0.608626 0 -0.793457 -0.382682 0 -0.92388 0.608758 0 0.793356 0.382642 -0 -0.923897 0.382642 0 -0.923897 0.608758 -0 -0.793356 0.793356 -0 -0.608758 0.923791 -0 -0.382897 0.923791 0 -0.382897 0.991448 -0 -0.130501 0.991438 0 0.130578 0.991438 0 0.130578 0.923791 0 0.382897 0.923791 0 0.382897 0.793467 0 0.608613 0.382642 0 0.923897 0.382642 0 0.923897 -0.00103988 0.999988 -0.00470325 -0.00144966 0.999988 -0.00459516 -0.00222547 0.999988 -0.00427627 -0.0025917 0.999988 -0.00406606 -0.00325541 0.999988 -0.00355491 -0.00355321 0.999988 -0.00325492 -0.00406269 0.999988 -0.00258999 -0.00427503 0.999988 -0.00222456 -0.00459689 0.999988 -0.00145071 -0.00470857 0.999988 -0.00104248 -0.00481864 0.999988 -0.000211106 -0.00481865 0.999988 0.000211617 -0.00470847 0.999988 0.00104309 -0.00459638 0.999988 0.0014503 -0.00427372 0.999988 0.00222317 -0.00406147 0.999988 0.00258824 -0.0035526 0.999988 0.00325374 -0.00325536 0.999988 0.00355485 -0.00259123 0.999988 0.00406625 -0.00222557 0.999988 0.00427831 0.382922 0 0.923781 -0.00108725 -0.999994 -0.00344639 -0.00166911 -0.999994 -0.00320722 -0.00194378 -0.999993 -0.00304956 -0.00244157 -0.999994 -0.00266619 -0.00266492 -0.999994 -0.0024412 -0.00304703 -0.999993 -0.0019425 -0.00320629 -0.999994 -0.00166843 -0.00344769 -0.999994 -0.00108804 -0.00353145 -0.999993 -0.000781863 -0.003614 -0.999993 -0.00015833 -0.003614 -0.999993 0.000158714 -0.00353137 -0.999993 0.000782324 -0.00344731 -0.999993 0.00108773 -0.0032053 -0.999994 0.00166739 -0.00304612 -0.999993 0.00194119 -0.00266447 -0.999994 0.00244032 -0.00244154 -0.999994 0.00266615 -0.00194343 -0.999993 0.00304971 -0.00166919 -0.999994 0.00320875 -0.00108831 -0.999994 0.0034491 -0.130891 -0 0.991397 -0.42734 0.57659 0.696365 -0.686418 0.727208 -0 -0.659615 0.347237 0.666584 -0.880895 0.473311 -0 -0.707104 0.242953 0.664061 -0.953383 0.301762 -0 -0.741269 0.108953 0.662307 -0.995933 0.0901024 -0 -0.660691 -0.0301965 0.75005 -0.992458 -0.122588 -0 -0.718611 -0.200001 0.666031 -0.91142 -0.411478 -0 -0.60722 -0.419094 0.675014 -0.679801 -0.733397 -0 -0.404763 -0.603714 0.686801 -0.344513 -0.938782 -0 -0.000202586 -0.700618 0.713536 -0.000162663 -1 -0 0.344307 -0.938857 -0 0.404677 -0.603707 0.686858 0.679801 -0.733397 -0 0.60722 -0.419094 0.675014 0.911255 -0.411842 -0 0.718483 -0.200565 0.665999 0.992396 -0.12309 -0 0.660658 -0.0301313 0.750082 0.995877 0.0907188 -0 0.741228 0.109152 0.662319 0.953383 0.301762 -0 0.707056 0.242952 0.664113 0.881017 0.473084 -0 0.659836 0.346943 0.666519 0.686518 0.727113 -0 0.426884 0.576783 0.696485 -0.000620554 1 -0 0.0819203 -0.986537 -0.141543 0.100728 -0.986548 -0.128752 -0.125357 -0.956666 0.262821 -0.0830857 -0.971504 0.221986 -0.0425449 -0.991105 0.126096 -0.0185211 -0.997234 0.0719853 0.00315737 -0.999534 -0.0303639 0.00477509 -0.997002 -0.077221 0.00554114 -0.984774 -0.173749 -0.0111598 -0.976207 -0.216555 -0.0311586 -0.944039 -0.328358 -0.0694191 -0.922037 -0.380826 -0.0335744 -0.977491 -0.208287 0.027634 -0.998339 0.0505458 0.0872149 -0.96526 0.246308 0.0896081 -0.976347 0.196764 0.0639357 -0.989884 0.126657 0.054234 -0.994623 0.0882219 0.0110386 -0.99975 0.0194303 -0.0164825 -0.999725 -0.0166967 -0.0937894 -0.990745 -0.0981173 -0.147231 -0.980331 -0.13143 -0.245923 -0.947714 -0.203372 -0.302974 -0.9297 -0.209437 -0.171613 -0.977596 -0.121881 0.0251166 -0.999682 0.00205596 -0.12867 0.000248768 0.991687 -0.127502 -0.000377849 0.991838 -0.128391 -0.000268548 0.991724 -0.129244 -0.000380955 0.991613 -0.128809 -0.000946047 0.991669 -0.128708 -0.000650181 0.991682 -0.000166701 -0.00076606 1 -0.000621437 0.691772 0.722115 -0.0335443 0.977489 0.208302 0.027681 0.99834 -0.0505036 0.0873573 0.965219 -0.246414 0.0898093 0.976269 -0.197059 0.0639823 0.989858 -0.126837 0.054062 0.994644 -0.0880954 0.0109259 0.999755 -0.0192689 -0.0163341 0.999729 0.0165806 -0.0935953 0.99077 0.0980533 -0.147235 0.980293 0.13171 -0.246002 0.947574 0.203926 -0.302985 0.929618 0.209789 -0.171552 0.977584 0.122061 0.0251166 0.999682 -0.00205596 0.51658 0.850698 -0.0972507 0.516445 0.850835 -0.0967679 0.559141 0.822317 -0.105622 0.600406 0.791505 -0.114159 0.688379 0.713048 -0.133029 0.733858 0.664097 -0.142925 0.818214 0.551819 -0.161312 0.856301 0.487604 -0.17027 0.915929 0.356493 -0.184357 0.938057 0.290024 -0.189565 0.974069 0.108956 -0.198286 0.979748 -0.00742412 -0.200095 0.945578 -0.259937 -0.19574 0.899353 -0.394881 -0.187704 0.17297 0.948941 0.263802 -0.00283664 0.999313 -0.036941 -0.125216 0.956769 -0.262513 -0.083122 0.971541 -0.221808 -0.042577 0.991107 -0.126074 -0.0185179 0.997234 -0.0719777 0.00314962 0.999534 0.0303607 0.0047676 0.997003 0.0772187 0.00553251 0.984775 0.173747 -0.0111433 0.976206 0.216557 -0.0311137 0.944035 0.328373 -0.0693743 0.922034 0.380842 -0.96642 0.162887 0.198747 -0.966419 0.162749 0.198865 -0.978911 0.0407141 0.200188 -0.976508 -0.0838728 0.198486 -0.941382 -0.279231 0.189287 -0.917775 -0.352049 0.183711 -0.852526 -0.49464 0.16891 -0.810166 -0.564071 0.159542 -0.716498 -0.683564 0.139179 -0.666352 -0.734515 0.128311 -0.528373 -0.843229 0.0989281 -0.436579 -0.896124 0.0797562 -0.340881 -0.938196 0.0599003 -0.34063 -0.938271 0.0601478 0.122331 0.00869926 -0.992451 0.000260051 0.00930811 -0.999957 0.000238889 -0.428663 -0.903465 -0.122223 0.0086017 -0.992465 -0.406242 -0.586819 -0.700436 -0.119981 0.00682307 -0.992753 -0.642518 -0.369682 -0.671197 -0.120048 0.00442828 -0.992758 -0.696041 -0.262623 -0.668248 -0.120016 0.00194789 -0.99277 -0.736062 -0.119379 -0.666304 -0.11978 -0.000822375 -0.9928 -0.900567 0.0833814 -0.426645 -0.408888 0.0629158 -0.910413 0.995302 0.0968199 -0 0.900726 0.0823355 -0.426512 0.9951 -0.0988708 -0 0.736005 -0.119532 -0.666339 0.944469 -0.3286 -0 0.69613 -0.262579 -0.668173 0.861436 -0.507867 -0 0.642607 -0.369565 -0.671177 0.657535 -0.753424 -0 0.406391 -0.586701 -0.700448 0.000209748 -1 -0 -0.000140397 0.00132979 0.999999 0.129294 0.00122827 0.991606 0.12996 0.000848055 0.991519 0.12959 0.000410745 0.991568 0.128641 7.4915e-005 0.991691 0.127454 -0.000504808 0.991844 0.128403 -0.000232686 0.991722 0.714554 0.612394 -0.33821 0.714554 0.612394 -0.33821 0.753529 0.551568 -0.357725 0.788469 0.487283 -0.375329 0.8428 0.356707 -0.40305 0.862844 0.290752 -0.413478 0.895523 0.109575 -0.431314 0.9004 -0.00762301 -0.434996 0.868267 -0.260279 -0.422336 0.825499 -0.394943 -0.403202 0.767287 -0.519158 -0.376491 -0.995076 -0.0991106 -0 -0.944579 -0.328285 -0 -0.861245 -0.508191 -0 -0.657435 -0.753511 -0 -0.417241 -0.829455 0.371369 -0.420771 -0.827222 0.372364 -0.335074 -0.895509 0.292897 -0.242834 -0.947769 0.2068 -0.052346 -0.998073 0.0333101 0.0428854 -0.997673 -0.052997 0.242349 -0.941796 -0.232998 0.345611 -0.879993 -0.325832 0.438842 -0.799923 -0.409318 0.20205 -0.974714 0.0954399 0.18826 -0.979655 0.0695228 0.157446 -0.986226 0.0506944 0.139832 -0.989658 0.0320131 0.0998308 -0.994827 0.0188052 0.0756488 -0.997105 0.00764223 -2.06516e-005 -0.999994 0.00356927 -1.48189e-005 -1 -0 -0.88715 0.170494 0.428832 -0.887265 0.167788 0.429661 -0.899612 0.0438579 0.434482 -0.897918 -0.0833264 0.432204 -0.866299 -0.279218 0.414201 -0.844898 -0.351716 0.403043 -0.786371 -0.491869 0.373745 -0.744232 -0.56234 0.360406 -0.700051 -0.626917 0.341911 -0.692626 -0.631163 0.349146 0.654363 0.476506 -0.587155 0.683062 0.395 -0.61433 0.70652 0.309778 -0.636292 0.737398 0.109212 -0.666571 0.741003 -0.00735069 -0.671462 0.713524 -0.260146 -0.650544 0.677414 -0.395578 -0.620184 0.628876 -0.520172 -0.577872 0.202223 0.974671 -0.0955115 0.188609 0.97958 -0.0696417 0.157585 0.9862 -0.0507573 0.139605 0.989689 -0.0320387 0.0994429 0.994865 -0.0188126 0.0754843 0.997117 -0.00770694 2.06516e-005 0.999994 -0.00356927 1.48189e-005 1 -0 -0.406637 0.840103 -0.35899 -0.266438 0.93585 -0.230642 -0.216173 0.958882 -0.183888 -0.0267312 0.999584 -0.0108516 0.062518 0.995533 0.070749 0.246929 0.939576 0.237112 0.341238 0.883138 0.321908 0.42739 0.811215 0.399084 0.42739 0.811215 0.399084 0.835273 0.549835 -0.000948638 0.835071 0.550142 -0.000474319 0.522316 0.371415 -0.767618 0.647559 0.762015 -0 0.383557 0.613355 -0.69042 0.318183 0.948029 -0 0.000257986 0.891256 -0.453501 0.000217873 1 -0 -0.318067 0.948068 -0 -0.172177 -0.981507 0.0836584 -0.195742 -0.978876 0.059054 -0.0692796 -0.997318 0.0236054 0.0528212 -0.998378 -0.0212596 0.327127 -0.941871 -0.0765976 0.462788 -0.880392 -0.103618 0.585159 -0.800789 -0.127774 0.585159 -0.800789 -0.127774 -0.522094 0.812009 0.260882 -0.522075 0.811945 0.261118 -0.417988 0.883435 0.21173 -0.304024 0.939549 0.157537 -0.076411 0.995905 0.0483228 0.0389537 0.998586 -0.0361706 0.150792 0.983076 -0.104034 0.153904 0.976922 -0.148114 -0.660215 -0.461357 0.592677 -0.660215 -0.461357 0.592677 -0.687868 -0.379194 0.61891 -0.710037 -0.293199 0.64022 -0.738514 -0.0841626 0.668964 -0.739842 0.0404904 0.671561 -0.729834 0.162563 0.664014 -0.730054 0.162791 0.663717 -0.570953 0.811414 0.124984 -0.570953 0.811414 0.124984 -0.457381 0.883338 0.102545 -0.332906 0.939749 0.0777533 -0.0909404 0.995434 0.0290019 0.0331036 0.999329 -0.0156627 0.151225 0.987276 -0.0491546 0.162291 0.983482 -0.0801546 -0.137331 -0.980312 0.141875 -0.176241 -0.977334 0.117288 -0.0619749 -0.996926 0.0479415 0.0425591 -0.998583 -0.0319515 0.298621 -0.941747 -0.154723 0.423341 -0.880281 -0.214215 0.535918 -0.800715 -0.267671 0.535653 -0.80085 -0.267797 0.000122452 -0.00898802 -0.99996 -0.383594 0.61324 -0.690502 -0.126206 -0.00798879 -0.991972 -0.522399 0.371321 -0.767607 -0.124246 -0.00588176 -0.992234 -0.121539 -0.00377291 -0.99258 -0.427115 0.811481 0.398838 -0.341037 0.883281 0.321727 -0.246799 0.93961 0.237116 -0.0625383 0.995528 0.0707955 0.0266676 0.999585 -0.0108574 0.215401 0.959092 -0.183696 0.782069 -0 -0.623192 0.784804 0.00995611 -0.619664 0.785766 0.0132635 -0.618382 0.78884 0.0429524 -0.613095 0.789378 0.0544713 -0.611486 0.790137 0.0889989 -0.606434 0.276008 0.852659 0.443612 0.240688 0.893906 0.378154 0.18544 0.931983 0.311481 0.187185 0.931734 0.31118 -0.818485 -0 0.574528 -0.819439 -0.00145931 0.573164 -0.814403 -0.00267036 0.580293 -0.821198 -0.0370164 0.569442 -0.821242 -0.054078 0.568012 -0.83556 -0.102881 0.539681 -0.358976 -0.00164483 0.933345 -0.359211 -0.00137298 0.933255 -0.359295 -0.00132193 0.933223 -0.359327 -0.00151279 0.93321 -0.359061 -0.0015738 0.933313 -0.3592 -0.00186509 0.933259 -0.586533 0.00114509 -0.809924 -0.586484 0.00135784 -0.80996 -0.586504 0.00150441 -0.809945 -0.587179 -0.000366536 -0.809457 -0.58755 -0.00133511 -0.809186 -0.588548 -0.00446773 -0.80845 -0.359024 0.0014125 -0.933327 -0.358988 0.00146021 -0.933341 -0.358982 0.00150574 -0.933343 -0.359238 0.001547 -0.933245 -0.358965 0.00160163 -0.93335 -0.359515 0.00154165 -0.933138 -0.991477 0 0.130284 -0.991477 0 0.130284 -0.991438 0 0.130578 -0.991399 0 0.130872 -0.923747 0 -0.383003 -0.923747 0 -0.383003 -0.923791 0 -0.382897 -0.923835 0 -0.382791 -0.130794 0 -0.991409 -0.130794 0 -0.99141 -0.13008 0 -0.991504 -0.13008 0 -0.991504 -7.66767e-005 0 -1 -0.0818554 -0.986523 -0.141673 -0.100585 -0.986561 -0.128761 -0.245489 -0.869373 -0.428866 -0.254852 -0.871837 -0.418272 -0.158871 -0.934401 -0.318832 -0.99141 0 -0.130794 -0.991448 0 -0.130501 -0.991487 0 -0.130207 0.359046 -0.00157467 0.933318 0.359058 -0.00157606 0.933314 0.359316 -0.00153848 0.933215 0.359551 -0.00153737 0.933124 0.360069 -0.00147681 0.932925 0.58654 -0.00110879 0.80992 0.586542 -0.00110165 0.809918 0.586344 -0.00123284 0.810061 0.586246 -0.00129486 0.810132 0.585948 -0.00149521 0.810347 -0.130528 0 0.991445 -0.130054 0 0.991507 3.65254e-005 0 1 -0.793552 0 0.608503 -0.793415 0 0.608682 -0.793277 0 0.60886 -0.991445 0 -0.130528 -0.99144 0 -0.130565 -0.99144 0 -0.130565 -0.991435 0 -0.130601 0.774218 0.0738349 -0.628598 0.803216 0.0352444 -0.594645 0.802482 0.0241347 -0.596188 0.815318 -0.000762212 -0.579013 0.800713 0.00194487 -0.599045 -0.97713 0.212644 -0.000209347 -0.9952 0.0978641 -0 -0.60886 0 0.793277 -0.790282 -0.0578877 0.610002 -0.803437 -0.0380065 0.594176 -0.807435 -0.0187065 0.58966 -0.815333 0.000903324 0.578991 -0.814438 0.0199004 0.579909 -0.923948 0 0.382519 -0.923847 0 0.382761 -0.923847 0 0.382761 -0.923747 0 0.383003 -0.991445 0 0.130528 -0.923747 0 0.383003 -0.923747 0 0.383003 -0.923791 0 0.382897 -0.923835 0 0.382791 -0.923747 0 -0.383003 -0.923747 0 -0.383003 -0.923847 0 -0.382761 -0.923847 0 -0.382761 -0.923948 0 -0.382519 -0.382519 0 0.923948 0.887762 0.163344 0.430347 0.83622 0.367128 0.407374 0.810275 0.432836 0.395104 0.747385 0.554683 0.365708 0.747481 0.554869 0.365229 0.119796 -0.000908315 -0.992798 0.409152 0.0617675 -0.910373 0.121527 -0.00381349 -0.992581 0.121367 -0.00383482 -0.9926 -0.383003 0 -0.923747 -0.383003 0 -0.923747 -0.382642 0 -0.923897 -0.382281 0 -0.924046 -0.121367 -0.00383482 -0.9926 0.358982 0.00150574 -0.933343 0.358965 0.00160163 -0.93335 0.359238 0.001547 -0.933245 0.359515 0.00154165 -0.933138 0.360069 0.00147681 -0.932925 -0.0428854 -0.997673 -0.052997 0.242834 -0.947769 0.2068 0.052346 -0.998073 0.0333101 0.335074 -0.895509 0.292897 0.888434 0.152948 0.432772 0.899454 0.0362411 0.43551 0.888342 0.15617 0.431809 0.897582 -0.0849391 0.432587 -0.385846 -0.0110212 0.922497 -0.391238 -0.00602641 0.92027 -0.396608 -0.00103125 0.917988 0.137048 -0.980326 0.142051 0.0618056 -0.996935 0.0479668 0.176101 -0.977349 0.117378 -0.0427096 -0.998574 -0.032024 -0.496559 -0.0476521 0.866694 -0.51281 -0.0169934 0.858334 -0.528407 0.0136869 0.848881 -0.586756 -0.000987208 0.809763 -0.586881 -0.000967509 0.809673 -0.587005 -0.000947809 0.809583 -0.587112 -0.00104173 0.809505 -0.586932 -0.00100981 0.809635 -0.586753 -0.000977888 0.809766 -0.586457 -0.00156691 0.809979 -0.586804 -0.00187136 0.809727 -0.587151 -0.00217581 0.809475 -0.586093 -0.00175387 0.810242 -0.586053 -0.00155054 0.810271 -0.586013 -0.00134722 0.8103 -0.586321 0.000278069 0.810079 -0.586184 -0.000764602 0.810178 -0.586046 -0.00180727 0.810276 0.598847 -0.0390652 -0.79991 0.592864 -0.0192466 -0.805073 0.586611 0.000580731 -0.809869 0.586833 0.00120455 -0.809707 0.586968 0.000989374 -0.80961 0.587102 0.000774199 -0.809512 0.587124 0.00139126 -0.809496 0.586714 0.00190518 -0.809792 0.586303 0.0024191 -0.810088 0.585989 0.00140586 -0.810318 0.586032 0.0014001 -0.810287 0.586075 0.00139435 -0.810256 0.586292 0.00114757 -0.810099 0.586607 0.00122574 -0.809871 0.586922 0.0013039 -0.809642 0.518812 -0.0125798 -0.854796 0.500969 0.0220887 -0.865183 0.48231 0.0567212 -0.874162 0.389931 0.00175084 -0.920842 0.392708 0.00758687 -0.919632 0.395469 0.0134226 -0.918381 -0.298546 -0.941776 -0.154687 -0.422986 -0.880492 -0.214046 0.692626 -0.631163 0.349146 0.744232 -0.56234 0.360406 0.700051 -0.626917 0.341911 0.786065 -0.492078 0.374114 -0.714754 0.612854 -0.336953 -0.753608 0.55173 -0.357309 -0.714654 0.612624 -0.337582 -0.788469 0.487283 -0.375329 -0.842915 0.356367 -0.403109 -0.863032 0.290051 -0.413577 0.844399 -0.351958 0.403876 0.865889 -0.279184 0.41508 -0.895556 0.109225 -0.431334 -0.900405 -0.0071994 -0.434994 -0.868454 -0.259519 -0.422418 -0.825636 -0.394592 -0.403265 -0.767287 -0.519158 -0.376491 -0.535087 -0.801317 -0.267529 -0.535352 -0.801183 -0.267403 0.522577 0.811939 0.26013 0.418377 0.883394 0.211129 0.522559 0.811876 0.260365 0.304306 0.939511 0.157218 0.0765282 0.995899 0.04826 -0.0388949 0.99859 -0.0361427 -0.153904 0.976922 -0.148114 -0.150792 0.983076 -0.104034 0.966082 0.162928 0.200349 0.978577 0.0407227 0.201813 0.966081 0.16279 0.200468 0.976175 -0.0838986 0.200106 -0.146926 -0.00489151 0.989135 -0.149818 -0.00241316 0.988711 -0.152707 6.52314e-005 0.988272 0.172415 -0.981465 0.0836591 0.0693764 -0.997311 0.023628 0.195834 -0.978846 0.0592411 -0.0527744 -0.998378 -0.0213411 -0.332759 0.0184166 0.942832 -0.32049 -0.00355987 0.947245 -0.308011 -0.025534 0.95104 -0.358787 -0.00157575 0.933418 -0.359152 -0.00152587 0.933278 -0.359518 -0.00147598 0.933137 -0.16541 -0.00756095 0.986196 -0.141207 -0.0229861 0.989713 -0.116885 -0.038392 0.992403 -0.312017 0.0469493 0.948916 -0.256759 0.0156238 0.966349 -0.200387 -0.0157694 0.97959 -0.359127 -0.0015114 0.933288 -0.358931 -0.00148126 0.933363 -0.358736 -0.00145111 0.933438 -0.359002 -0.00151912 0.933336 -0.359066 -0.00156807 0.933311 -0.359131 -0.00161701 0.933286 -0.359639 -0.000862167 0.933091 -0.359546 -0.00147387 0.933126 -0.359453 -0.00208558 0.933161 0.273911 -0.0845673 -0.95803 0.261664 -0.0287603 -0.96473 0.248552 0.027142 -0.968238 0.359427 0.00138152 -0.933172 0.35938 0.00150631 -0.93319 0.359334 0.00163109 -0.933208 0.144655 0.0630294 -0.987473 0.142177 0.0322909 -0.989314 0.139562 0.00152149 -0.990212 0.359158 0.00120191 -0.933276 0.358928 0.00152039 -0.933364 0.358697 0.00183887 -0.933452 0.358688 0.00159081 -0.933456 0.358881 0.00138098 -0.933382 0.359075 0.00117116 -0.933308 0.359794 0.00174879 -0.93303 0.359458 0.00167695 -0.93316 0.359122 0.00160511 -0.933289 0.287711 -0.0137736 -0.957618 0.309276 0.000743261 -0.950972 0.330618 0.0152596 -0.943641 0.136334 0.00157724 -0.990662 0.13624 0.00141611 -0.990675 0.136147 0.00125499 -0.990688 -0.326954 -0.941887 -0.0771299 -0.462542 -0.880433 -0.104369 -0.51658 0.850698 -0.0972507 -0.559153 0.822221 -0.106305 -0.51658 0.850698 -0.0972507 -0.600338 0.791406 -0.115196 0.341131 -0.938121 0.0596528 0.436491 -0.896136 0.0801013 0.340881 -0.938196 0.0599003 0.528048 -0.843332 0.0997832 0.665922 -0.734717 0.129379 0.716165 -0.683765 0.139906 0.810064 -0.564099 0.159963 0.852516 -0.494481 0.169426 -0.688115 0.713089 -0.134171 -0.733553 0.664173 -0.144131 -0.818021 0.5517 -0.162689 -0.856192 0.487644 -0.170697 -0.915905 0.356842 -0.183795 -0.93809 0.290252 -0.189054 0.917625 -0.351896 0.184754 0.941046 -0.279304 0.190845 -0.973959 0.108946 -0.198832 -0.979527 -0.00737953 -0.201176 -0.945572 -0.259534 -0.196307 -0.899259 -0.39487 -0.188176 -0.835779 -0.519841 -0.176745 -0.835327 -0.520351 -0.177381 0.813913 0.554529 0.173327 0.81385 0.554762 0.172879 0.813787 0.554994 0.172431 -0.584852 -0.800861 -0.128724 -0.584852 -0.800861 -0.128724 0.571134 0.811128 0.126006 0.457391 0.883294 0.102882 0.571043 0.811271 0.125495 0.3328 0.939778 0.0778541 0.0907983 0.995447 0.0290112 -0.0331754 0.999327 -0.0156391 -0.162291 0.983482 -0.0801546 -0.151273 0.987263 -0.0492875 0.977778 0.209643 -7.08158e-005 0.130528 0 0.991445 0.13009 0 0.991502 0.793277 0 0.60886 0.793415 0 0.608682 0.991445 -0 -0.130528 0.99144 0 -0.130565 0.171552 -0.977584 -0.122061 -0.20205 -0.974714 0.0954399 -0.0251166 -0.999682 0.00205596 -0.18826 -0.979655 0.0695228 0.382519 0 0.923948 0.60886 0 0.793277 0.0335443 -0.977489 -0.208302 -0.0872861 -0.96527 0.246243 -0.027681 -0.99834 0.0505036 -0.0896469 -0.976351 0.196729 0.991445 0 0.130528 0.125362 -0.956669 0.262809 0.0831844 -0.971501 0.221959 0.923948 -0 -0.382519 0.923847 0 -0.382761 0.042577 -0.991107 0.126074 0.0185179 -0.997234 0.0719777 -0.00314962 -0.999534 -0.0303607 -0.0047676 -0.997003 -0.0772187 -0.00553251 -0.984775 -0.173747 0.0111433 -0.976206 -0.216557 0.0311137 -0.944035 -0.328373 0.0693743 -0.922034 -0.380842 -0.0639166 -0.989883 0.126673 -0.0541836 -0.994623 0.0882574 -0.0110201 -0.99975 0.0194349 0.0164748 -0.999725 -0.0167234 0.0937185 -0.990743 -0.0982131 0.147098 -0.980327 -0.131606 0.245744 -0.94769 -0.203698 0.302855 -0.929682 -0.209689 -0.157423 -0.98623 0.050688 -0.139801 -0.98966 0.0320663 -0.0998165 -0.994827 0.0188879 -0.0756684 -0.997103 0.00773137 0.793552 0 0.608503 0.923948 0 0.382519 0.923847 0 0.382761 0.923847 0 0.382761 0.991435 -0 -0.130601 0.991435 0 -0.130601 0.923747 -0 -0.383003 0.923747 0 -0.383003 0.417241 -0.829455 0.371369 0.420771 -0.827222 0.372364 -0.679294 -0.0816566 0.729309 -0.700543 -0.036865 0.712657 -0.719877 0.00802746 0.694056 0.923747 0 0.383003 0.923747 0 0.383003 0.719877 0.00802746 0.694056 0.700543 -0.036865 0.712657 0.679294 -0.0816566 0.729309 0.79605 0.013907 0.605071 0.798343 0.0124204 0.602076 0.800621 0.0109336 0.599071 0.800991 -0.00191793 0.598673 0.80065 -0.00151118 0.599131 0.800308 -0.00110442 0.599588 0.800306 -0.00111698 0.59959 0.801765 -0.00483245 0.597619 0.803208 -0.00854782 0.595637 -0.80001 0.010391 0.599897 -0.798192 0.0115785 0.602292 -0.796366 0.0127658 0.60468 -0.800308 -0.00110442 0.599588 -0.800326 -0.00112529 0.599565 -0.800343 -0.00114617 0.599541 -0.8036 -0.00956288 0.595093 -0.801963 -0.00534 0.597349 -0.800306 -0.00111698 0.59959 0.800189 -0.00140031 0.599746 0.80017 -0.00160468 0.599772 0.80015 -0.00180905 0.599798 0.647502 -0.00179194 0.762062 0.647894 -0.00133246 0.76173 0.648285 -0.000872976 0.761397 -0.800366 -0.0178873 -0.599245 -0.798994 -0.0130746 -0.601196 -0.7976 -0.00826159 -0.60313 -0.800743 0.00124817 -0.599007 -0.800854 0.00105873 -0.598858 -0.800966 0.000869298 -0.598709 -0.800219 0.00188792 -0.599705 -0.800469 0.00166056 -0.599372 -0.800718 0.00143319 -0.59904 -0.800315 0.00168412 -0.599578 -0.800188 0.00164179 -0.599747 -0.800061 0.00159946 -0.599917 -0.664584 0.0901669 -0.741753 -0.688281 0.0414054 -0.724261 -0.709745 -0.00749043 -0.704419 -0.648148 0.00179843 -0.761512 -0.64793 0.00137433 -0.761699 -0.647711 0.000950227 -0.761886 -0.682976 0.0226956 -0.730088 -0.668616 0.0131472 -0.743491 -0.653938 0.00359262 -0.75654 -0.57793 0.552681 0.600451 -0.588615 0.56705 0.576183 -0.598765 0.580903 0.551392 -0.800618 -0.00145479 0.599173 -0.800582 -0.00182993 0.599221 -0.800545 -0.00220506 0.599269 -0.648285 -0.000872976 0.761397 -0.647894 -0.00133246 0.76173 -0.647502 -0.00179194 0.762062 0.397127 -0.00097523 0.917763 0.391462 -0.0062395 0.920173 0.385772 -0.0115034 0.922522 0.528407 0.0136869 0.848881 0.512568 -0.0174582 0.858469 0.496056 -0.0485804 0.86693 0.58643 -0.00150696 0.809998 0.586321 -0.00152421 0.810078 0.586211 -0.00154145 0.810157 0.586138 -0.00133571 0.81021 0.586318 -0.00136795 0.81008 0.586499 -0.00140018 0.809949 0.586506 -0.00161006 0.809943 0.586482 -0.00158849 0.809961 0.586457 -0.00156691 0.809979 0.7976 -0.00826159 -0.60313 0.798713 -0.0120975 -0.60159 0.799812 -0.0159332 -0.600039 0.586013 -0.00134722 0.8103 0.586053 -0.00155054 0.810271 0.586093 -0.00175387 0.810242 0.586553 -0.0012282 0.80991 0.586612 -0.0007801 0.809868 0.586671 -0.000332 0.809825 -0.586258 0.00167435 -0.810122 -0.592695 -0.0186999 -0.80521 -0.598847 -0.0390652 -0.79991 -0.587102 0.000774199 -0.809512 -0.586732 0.00136752 -0.80978 -0.58636 0.00196084 -0.810048 -0.586446 0.00162739 -0.809987 -0.586775 0.00121523 -0.809749 -0.587103 0.000803079 -0.809511 0.800342 0.00109236 -0.599543 0.800614 0.000629745 -0.59918 0.800887 0.000167134 -0.598816 -0.585553 0.000997207 -0.810634 -0.58588 0.000953298 -0.810398 -0.586206 0.000909388 -0.810161 -0.587562 0.000946637 -0.809179 -0.586755 0.000747144 -0.809764 -0.585947 0.000547651 -0.810349 -0.481725 0.0570156 -0.874466 -0.500443 0.0222632 -0.865483 -0.518341 -0.0125257 -0.855082 -0.395469 0.0134226 -0.918381 -0.392708 0.00758687 -0.919632 -0.389931 0.00175084 -0.920842 0.800718 0.00143319 -0.59904 0.800469 0.00166056 -0.599372 0.800219 0.00188792 -0.599705 0.800781 0.00183959 -0.598954 0.800548 0.00176186 -0.599266 0.800315 0.00168412 -0.599578 0.15249 4.34258e-005 0.988305 0.149641 -0.00240368 0.988738 0.146789 -0.00485074 0.989156 0.308081 -0.0259219 0.951007 0.320693 -0.00373674 0.947176 0.333091 0.018451 0.942714 0.359518 -0.00147598 0.933137 0.359401 -0.00149199 0.933182 0.359283 -0.00150799 0.933227 0.116803 -0.0383178 0.992416 0.141063 -0.0229249 0.989735 0.165205 -0.00751291 0.986231 0.200387 -0.0157694 0.97959 0.256759 0.0156238 0.966349 0.312017 0.0469493 0.948916 0.359295 -0.00153738 0.933223 0.358989 -0.00149013 0.933341 0.358682 -0.00144289 0.933459 0.358675 -0.00127057 0.933461 0.358839 -0.00139485 0.933398 0.359002 -0.00151912 0.933336 0.359453 -0.00208558 0.933161 0.359506 -0.00174003 0.933141 0.359558 -0.00139449 0.933122 -0.248552 0.027142 -0.968238 -0.261664 -0.0287603 -0.96473 -0.273911 -0.0845673 -0.95803 -0.359334 0.00163109 -0.933208 -0.35938 0.00150631 -0.93319 -0.359427 0.00138152 -0.933172 -0.139562 0.00152149 -0.990212 -0.142194 0.0325066 -0.989305 -0.144689 0.0634602 -0.98744 -0.359117 0.00125839 -0.933292 -0.359137 0.00123015 -0.933284 -0.359158 0.00120191 -0.933276 -0.358974 0.00165595 -0.933346 -0.35905 0.00157342 -0.933317 -0.359126 0.00149089 -0.933288 -0.359122 0.00160511 -0.933289 -0.359458 0.00167695 -0.93316 -0.359794 0.00174879 -0.93303 -0.330618 0.0152596 -0.943641 -0.309276 0.000743261 -0.950972 -0.287711 -0.0137736 -0.957618 -0.136147 0.00125499 -0.990688 -0.13624 0.00141611 -0.990675 -0.136334 0.00157724 -0.990662 0.836231 -0.51933 -0.176109 -0.814365 0.554063 0.172695 -0.814315 0.554246 0.172342 -0.814265 0.554429 0.171989 0.70935 -0.00654177 -0.704826 0.688062 0.0418792 -0.724442 0.664584 0.0901669 -0.741753 0.647617 0.00177707 -0.761964 0.647825 0.00218133 -0.761786 0.648033 0.00258558 -0.761608 -0.835273 0.549835 -0.000948638 -0.835071 0.550142 -0.000474319 -0.647826 0.761789 -0 0.817806 0 0.575493 0.815013 -0.00510291 0.57942 0.819943 -0.00327379 0.572436 0.822163 -0.0406295 0.567801 0.245662 -0.869363 -0.428786 0.254891 -0.871804 -0.418316 0.588548 -0.00446773 -0.80845 0.587041 -0.000645311 -0.809557 0.58755 -0.00133511 -0.809186 0.587057 -0.00262831 -0.809541 0.00269178 0.999313 -0.0369553 -0.275864 0.852671 0.443679 -0.172797 0.948966 0.263827 -0.240293 0.893953 0.378296 0.130872 -0 -0.991399 0.130042 0 -0.991508 0.588576 -0.0104166 -0.808375 0.587308 -0.00484125 -0.809349 -0.587207 0.00261424 0.809433 -0.58648 0.000289227 0.809964 -0.586587 0.000819828 0.809886 -0.586115 -0.000873279 0.810227 0.991399 0 0.130872 0.991438 0 0.130578 0.359024 0.0014125 -0.933327 0.358988 0.00146021 -0.933341 0.383003 -0 -0.923747 0.382642 0 -0.923897 0.383003 0 -0.923747 -0.77509 0.071642 -0.627777 -0.802407 0.0230281 -0.596333 -0.803372 0.033855 -0.594514 -0.814837 -0.00132184 -0.579689 0.789114 -0.0596055 0.611348 0.807066 -0.0188472 0.59016 0.802881 -0.0388671 0.594871 0.815308 0.00155313 0.579026 0.171613 0.977596 0.121881 -0.202223 0.974671 -0.0955115 -0.0251166 0.999682 -0.00205596 -0.188609 0.97958 -0.0696417 0.608613 0 -0.793467 0.404765 0.841327 -0.358238 0.265349 0.936249 -0.230279 0.923747 -0 -0.383003 0.923897 0 -0.382642 0.923747 0 -0.383003 -0.887762 0.163344 0.430347 -0.810166 0.432654 0.395527 -0.83622 0.367128 0.407374 -0.747257 0.554433 0.366347 0.358976 -0.00164483 0.933345 0.359028 -0.00158491 0.933326 0.0335744 0.977491 0.208287 -0.087286 0.965209 -0.246479 -0.027634 0.998339 -0.0505458 -0.0897705 0.976266 -0.197094 0.991487 -0 -0.130207 0.991448 0 -0.130501 0.656436 0.00520428 -0.754364 0.66984 0.0139527 -0.742375 0.682976 0.0226956 -0.730088 0.923959 0 0.382493 0.923897 0 0.382642 0.923959 0 0.382493 0.923897 0 0.382642 -0.654717 0.475606 -0.58749 -0.683173 0.394645 -0.614435 -0.654717 0.475606 -0.58749 -0.706461 0.310031 -0.636234 0.660215 -0.461357 0.592677 0.687868 -0.379194 0.61891 0.660215 -0.461357 0.592677 0.710037 -0.293199 0.64022 0.125211 0.956767 -0.262525 0.0830234 0.971543 -0.221835 0.821855 -0.0576816 0.56677 0.835966 -0.106408 0.538367 -0.186921 0.931723 0.311372 -0.185192 0.93197 0.311668 -0.789523 0.0853055 -0.607763 -0.788589 0.0417183 -0.613504 -0.788731 0.0526659 -0.612479 -0.785963 0.0132637 -0.618131 0.149622 -0.935759 -0.319325 0.15892 -0.934442 -0.318691 -7.66767e-005 0 -1 0.382281 0 -0.924046 0.608469 0 -0.793578 -0.782669 0 -0.622438 -0.785391 0.00991051 -0.618921 0.99141 0 -0.130794 0.991477 0 0.130284 0.991477 0 0.130284 0.923835 0 0.382791 -0.0754646 0.997119 -0.00761808 -0.0994569 0.994866 -0.0187301 -0.139637 0.989686 -0.0319857 -0.157609 0.986196 -0.0507636 0.303103 0.929636 0.209537 0.246181 0.947598 0.203599 0.147367 0.980297 0.131534 0.0936662 0.990773 0.0979575 0.0163417 0.999729 0.0165541 -0.0109443 0.999754 -0.0192643 -0.0541124 0.994644 -0.0880599 -0.0640013 0.989859 -0.126821 0.0694191 0.922037 0.380826 0.0311586 0.944039 0.328358 0.0111598 0.976207 0.216555 -0.00554114 0.984774 0.173749 -0.00477509 0.997002 0.077221 -0.00315737 0.999534 0.0303639 0.0185211 0.997234 -0.0719853 0.0425449 0.991105 -0.126096 -0.737353 0.109814 -0.666522 -0.741007 -0.00705371 -0.671461 -0.12959 0.000410745 0.991568 -0.129951 0.000784255 0.99152 -0.129448 0.00112906 0.991586 0.738529 -0.0838978 0.668981 0.73955 0.0407747 0.671866 0.129107 -0.000439462 0.991631 0.128739 -0.000952281 0.991678 0.12878 -0.000547688 0.991673 0.120078 0.00193624 -0.992763 0.120176 0.00440712 -0.992743 0.119873 0.00685252 -0.992766 -0.713524 -0.260146 -0.650544 -0.677414 -0.395578 -0.620184 0.124246 -0.00588176 -0.992234 0.126268 -0.00789212 -0.991965 0.729217 0.162828 0.664628 0.729364 0.162981 0.664429 -0.628876 -0.520172 -0.577872 0.598765 0.580903 0.551392 0.588806 0.567309 0.575732 0.578332 0.553218 0.599569 -0.438842 -0.799923 -0.409318 -0.34561 -0.879993 -0.325832 -0.242349 -0.941796 -0.232998 0.924046 0 -0.382281 -0.923747 0 0.383003 -0.991435 0 -0.130601 0.780695 -0.0457164 0.623237 -0.800188 0.00140196 -0.599747 -0.780695 -0.0457164 0.623237 -0.149406 -0.935744 -0.31947 -0.359739 -0.00180242 0.933051 -0.360069 0.00147681 -0.932925 -0.586266 -0.000771972 0.810119 0.814366 0.0211998 0.579964 -0.747225 0.55437 0.366508 0.9848 -0.173694 -0 0.9848 0.173694 -0 0.730205 0.683228 -0 0.506969 0.861964 -0 0.538792 0.842439 -0 0.786577 0.617492 -0 0.769156 -0.639061 -0 0.614201 -0.78915 -0 0.777299 -0.629131 -0 0.993787 -0.111302 -0 -0.109034 0.994038 -0 0.111833 0.993727 -0 0.572038 0.820227 -0 0.796968 0.604021 -0 -0.606752 -0.794891 -0 -0.377149 -0.926153 -0 0.0839787 -0.996468 -0 0.313543 -0.949574 -0 0.196469 -0.98051 -0 -0.197068 -0.98039 -0 -0.938551 -0.34514 -0 -0.999984 0.00569333 -0 -0.993772 -0.111433 -0 -0.777017 -0.629479 -0 -0.985071 -0.172148 -0 -0.985071 0.172148 -0 -0.732005 0.681299 -0 -0.507971 0.861374 -0 -0.538792 0.842439 -0 -0.786577 0.617492 -0 -0.770693 -0.637207 -0 -0.614841 -0.788651 -0 -0.570421 0.821352 -0 -0.796456 0.604696 -0 0.605058 -0.796181 -0 0.376534 -0.926403 -0 -0.0838072 -0.996482 -0 -0.313781 -0.949495 -0 0.937734 -0.347353 -0 0.999989 0.00472577 -0</float_array>
                    <technique_common>
                        <accessor count="2000" source="#ID71" stride="3">
                            <param name="X" type="float"/>
                            <param name="Y" type="float"/>
                            <param name="Z" type="float"/>
                        </accessor>
                    </technique_common>
                </source>
                <source id="ID72">
                    <float_array id="ID73" count="908">0.915771 -0.140381 0.5 0.0134277 0.5 0.546143 0.5 1.15771 0.742432 0.756348 1.20459 0.591553 1.18066 0.455322 0.880859 0.309082 0.0839844 -0.140381 0.257324 0.756348 -0.196533 0.546143 0.118896 0.309082 -0.710449 -0.51709 -0.762695 -0.397705 -0.785645 -0.204102 -0.762939 0.105225 -0.743896 0.224854 -0.677002 0.467529 -0.577393 0.689941 -0.392334 0.982666 -0.214111 1.18091 0.0583496 1.34985 0.269287 1.42822 0.5 1.45142 0.5 1.54688 0.253662 1.52173 0.0314941 1.43872 -0.260498 1.26025 -0.454346 1.04224 -0.652832 0.724854 -0.756104 0.494873 -0.824219 0.248779 -0.847168 0.105225 -0.87207 -0.207275 -0.854248 -0.398926 -0.804443 -0.518066 -0.330811 -0.515381 -0.396973 -0.39209 -0.439941 -0.19165 -0.42627 0.105225 -0.361328 0.357178 -0.275879 0.549561 -0.144287 0.743408 -0.029541 0.864014 0.165771 0.994385 0.331787 1.05444 0.5 1.07031 -0.202393 -0.515381 -0.305664 -0.390869 -0.353516 -0.188721 -0.342041 0.105225 -0.282471 0.32959 -0.200684 0.514404 -0.0822754 0.683838 0.0163574 0.784912 0.192627 0.905518 0.347412 0.961182 0.5 0.975098 -0.687744 0.732178 -0.483398 1.05908 -0.283447 1.28369 0.0170898 1.46777 0.246338 1.55322 -0.821777 -0.579102 -0.782715 -0.570068 -0.846924 -0.526855 -0.895508 -0.426025 -0.913818 -0.228516 0.5 1.5791 -0.794189 0.495117 -0.864502 0.241455 0.35791 0.905518 0.5 0.918701 0.213867 0.853516 -0.22876 0.317383 -0.152588 0.489502 -0.0422363 0.647217 0.0495605 0.741211 -0.154297 -0.469727 0.0891113 -0.469727 0.0588379 -0.515381 0.5 -0.469727 0.5 -0.515381 -0.250488 -0.35376 -0.294922 -0.165283 -0.284424 0.108154 -0.371826 -0.570068 0.060791 -0.570068 0.5 -0.570068 -0.888184 0.0935059 1 0 0 0 1 1 0 1 0 0.529053 1 0.529053 0.244385 0.151855 0.182861 0.135254 0.182861 0.152344 0.121338 0.135498 0.121338 0.152344 0.0600586 0.135498 0.0600586 0.152344 -0.000732422 0.135498 -0.000732422 0.152344 -0.0622559 0.135498 -0.0622559 0.152344 0.307861 0.152344 0.307861 0.135986 0.244385 0.135254 1.44092 0.000244141 1.37866 0.000244141 1.44092 0.0153809 1.37866 0.0153809 1.31445 0.000244141 1.31421 0.0153809 1.25 0.000244141 1.18726 0.000244141 1.24976 0.0153809 1.18726 0.0153809 -0.496338 0.000244141 -0.43457 0.000244141 -0.496582 0.0153809 -0.434814 0.0153809 -0.373047 0.000244141 -0.373291 0.0153809 -0.311279 0.000244141 -0.249756 0.000244141 -0.186523 0.000244141 -0.123291 0.000244141 -0.0622559 0.000244141 -0.000732422 0.000244141 0.0600586 0.000244141 0.121094 0.000244141 0.182617 0.000244141 0.243896 0.000244141 0.307373 0.000244141 0.37085 0 0.432617 0 0.494629 0 0.556641 0 0.618652 0 0.681396 0 0.743896 0 0.80835 0.000244141 0.873047 0.000244141 0.935791 0.000244141 0.999023 0.000244141 -0.311279 0.0153809 -0.25 0.0153809 -0.186523 0.0153809 -0.123535 0.0153809 -0.0622559 0.0153809 -0.000732422 0.0153809 0.0600586 0.0153809 0.121094 0.0153809 0.182617 0.0153809 0.244141 0.0153809 0.307373 0.0153809 0.37085 0.0153809 0.432617 0.0153809 0.494873 0.0153809 0.556641 0.0153809 0.618652 0.0153809 0.681396 0.0153809 0.743896 0.0153809 0.80835 0.0153809 0.873047 0.0153809 0.935791 0.0153809 0.999023 0.0153809 1.06177 0.000244141 1.06152 0.0153809 1.12427 0.000244141 1.12427 0.0153809 1.50269 0.135986 1.44043 0.135986 1.50269 0.152344 1.44019 0.152344 1.37817 0.135986 1.37817 0.152344 1.31372 0.135986 1.31372 0.152344 -0.49707 0.135986 -0.435303 0.135986 -0.49707 0.152344 -0.435303 0.152344 -0.373779 0.135986 -0.373779 0.152344 -0.311768 0.135986 -0.250244 0.135986 -0.187012 0.135986 -0.311768 0.152344 -0.250244 0.152344 -0.187012 0.152344 -0.123535 0.135254 -0.123535 0.1521 1.24951 0.135986 1.18701 0.135986 1.24951 0.152344 1.18701 0.152344 1.12402 0.135986 1.06152 0.135986 0.999023 0.135986 0.936035 0.135986 0.873291 0.135986 0.808838 0.135986 0.744385 0.135986 0.681885 0.135986 0.619141 0.135986 0.557129 0.135986 0.495361 0.135986 0.433105 0.135986 0.371338 0.135986 1.12402 0.152344 1.06152 0.152344 0.999023 0.152344 0.936035 0.152344 0.873291 0.152344 0.808838 0.152344 0.744385 0.152344 0.681885 0.152344 0.619141 0.152344 0.557129 0.152344 0.495361 0.152344 0.433105 0.152344 0.371338 0.152344 1.50342 0.000244141 1.50317 0.0153809 -0.222412 0.5 0.342529 0.657471 -0.675537 0.388428 -0.787354 -0.0129395 0.342529 0.342773 0.5 1.22241 0.5 -0.222412 -0.89917 0.388428 -1.30029 0.5 -0.89917 0.611816 -0.787354 1.01294 -0.274414 0.5 -0.675537 0.611816 -0.787354 0.5 0.5 0.5 0 2 -1 1 -1 0 1 2 2 0 2 1 1 3 0 3 1 4 0 4 0.5 0.636719 1 0.477539 0.833252 0.477539 0.833252 0.15918 0.666504 0.15918 0.5 0 0.5 0.15918 0.333252 0.15918 0.5 0.477539 0.333252 0.477539 0.166504 0.477539 0 0.477539 0 0.15918 0.666504 0.477539 0.166504 0.15918 1 0.15918 0.708252 0 0.75 0 0.75 0.25 0.708252 0.25 0.666504 0 0.666504 0.25 0.625 0 0.625 0.25 0.583252 0 0.583252 0.25 0.541504 0 0.541504 0.25 0.5 0.25 0.458252 0 0.458252 0.25 0.416504 0 0.416504 0.25 0.375 0 0.375 0.25 0.333252 0 0.333252 0.25 0.291504 0 0.291504 0.25 0.25 0 0.25 0.25 0.202148 0.274902 0.463867 0.349365 0.696045 0.444824 0.799316 0.526611 0.806885 0.61792 0.739258 0.684814 0.567139 0.740723 0.28833 0.77832 0 0.791016 0 0.261963 0.940186 0.663574 0.968018 0.635986 0.958984 0.526611 0.835205 0.428467 0.556641 0.314209 0.24292 0.224854 0 0.209473 0.541504 0.75 0.541504 0.5 0.5625 0.75 0.5625 0.5 0.583252 0.75 0.583252 0.5 0.604004 0.75 0.604004 0.5 0.625 0.75 0.625 0.5 0.645752 0.75 0.645752 0.5 0.666504 0.75 0.666504 0.5 0.449951 0.557129 0.424805 0.557129 0.375 0.557129 0.349854 0.557129 0.324951 0.557129 0.299805 0.557129 0.274902 0.557129 0.416504 0.75 0.416504 0.5 0.4375 0.75 0.4375 0.5 0.458252 0.75 0.458252 0.5 0.479004 0.75 0.479004 0.5 0.5 0.75 0.520752 0.75 0.520752 0.5 0.0788574 0.477539 0.0751953 0.477539 0.0998535 0.477539 0.149902 0.477539 0.199951 0.477539 0.25 0.477539 0.349854 0.477539 0.399902 0.477539 0.944092 0.659668 0 0.84375 0.346436 0.828369 0.68042 0.783203 0.869873 0.721924 0.25 0.557129 0.673096 0.557129 0.666992 0.557129 0.674805 0.557129 0.699951 0.557129 0.724854 0.557129 0.75 0.557129 0.0974121 0.477539 0.092041 0.477539 0.6875 0.75 0.6875 0.5 0.708252 0.75 0.708252 0.5 0.729004 0.75 0.729004 0.5 0.75 0.75 0.75 0.5 0.84082 0.477539 0.849854 0.477539 0.899902 0.477539 0.949951 0.477539 0.863037 0.724121 0.675781 0.557129 0.673828 0.557129 0.849121 0.477539 0.845947 0.477539 0.0498047 0.477539 0.847412 0.477539 0.675293 0.557129 0.230957 1 0.480957 0.733154 0.40625 0.5 0.40625 0.75 0.395752 0.5 0.395752 0.75 0.787354 1 0.574951 1 0.493652 0 0.306641 0 0.949463 0 0.0998535 0 0.57959 0 0.769287 0 0.5 1 0.15625 0 0.661865 0 0.377686 0 0.0549316 0.477539 0.875 0.720215 0.970215 1 0.932373 1 0.0383301 0.477539 0.0344238 0.477539 0.680908 1 0.817627 0 0.0310059 0.477539 0.032959 0.477539 0.0751953 1 0.317871 -1.75024 0.365723 -1.75708 0.290771 -1.71606 0.5 -1.67627 0.339355 -1.55176 0.6604 -1.55176 0.397705 -1.36353 0.602051 -1.36353 0.539551 -1.19873 0.364014 -1.67969 0.343506 -1.6543 0.379883 -1.53149 0.285645 -1.48535 0.213135 -1.49023 0.193115 -1.4519 0.213135 -1.41382 0.5 -0.153809 0.460205 -1.19873 0.600098 -1.68481 0.634033 -1.75708 0.5 -1.62451 0.399658 -1.68481 0.5 -1.25781 0.529541 -1.26758 0.576172 -1.39087 0.470215 -1.26758 0.423584 -1.39087 0.681885 -1.75024 0.708984 -1.71606 0.806641 -1.4519 0.786621 -1.41382 0.786621 -1.49023 0.635742 -1.67969 0.65625 -1.6543 0.619873 -1.53149 0.714111 -1.48535 0.729004 -1.45679 0.714111 -1.42822 0.285645 -1.42822 0.270752 -1.45679</float_array>
                    <technique_common>
                        <accessor count="454" source="#ID73" stride="2">
                            <param name="S" type="float"/>
                            <param name="T" type="float"/>
                        </accessor>
                    </technique_common>
                </source>
                <vertices id="ID74">
                    <input semantic="POSITION" source="#ID68"/>
                </vertices>
                <triangles count="2130" material="Material1">
                    <input offset="0" semantic="VERTEX" source="#ID74"/>
                    <input offset="1" semantic="NORMAL" source="#ID70"/>
                    <input offset="2" semantic="TEXCOORD" source="#ID72" set="0"/>
                    <p>2106 2 2 2167 1 1 2177 0 0 20 4 4 2157 3 3 2106 2 2 2106 2 2 11 5 5 20 4 4 2106 2 2 0 7 7 10 6 6 0 7 7 2106 2 2 2177 0 0 2106 2 2 2116 8 8 2167 1 1 2147 9 9 2106 2 2 2157 3 3 2106 2 2 2147 9 9 2137 10 10 2106 2 2 2137 10 10 2127 11 11 2127 11 11 2116 8 8 2106 2 2 1723 2 2 1762 1 1 1769 0 0 1790 4 4 1757 3 3 1723 2 2 1723 2 2 1784 5 5 1790 4 4 1723 2 2 1775 7 7 1783 6 6 1775 7 7 1723 2 2 1769 0 0 1723 2 2 1730 8 8 1762 1 1 1750 9 9 1723 2 2 1757 3 3 1723 2 2 1750 9 9 1743 10 10 1723 2 2 1743 10 10 1737 11 11 1737 11 11 1730 8 8 1723 2 2 1399 14 13 1483 13 12 1377 12 12 1483 13 12 1399 14 13 1490 15 13 1386 16 14 1490 15 13 1399 14 13 1490 15 13 1386 16 14 1497 17 14 1410 18 15 1497 17 14 1386 16 14 1497 17 14 1410 18 15 1503 19 15 1419 20 16 1503 19 15 1410 18 15 1503 19 15 1419 20 16 1509 21 16 1439 22 17 1509 21 16 1419 20 16 1509 21 16 1439 22 17 1515 23 17 1430 24 18 1515 23 17 1439 22 17 1515 23 17 1430 24 18 1521 25 18 1449 26 19 1521 25 18 1430 24 18 1521 25 18 1449 26 19 1529 27 19 1459 28 20 1529 27 19 1449 26 19 1529 27 19 1459 28 20 1536 29 20 1468 30 21 1536 29 20 1459 28 20 1536 29 20 1468 30 21 1544 31 21 1476 32 22 1544 31 21 1468 30 21 1544 31 21 1476 32 22 1550 33 22 652 34 23 1550 33 22 1476 32 22 1550 33 22 652 34 23 768 35 23 759 36 22 768 35 23 652 34 23 377 39 24 652 38 23 1476 37 22 652 38 23 377 39 24 641 40 22 389 41 25 641 40 22 377 39 24 641 40 22 389 41 25 633 42 21 425 43 26 633 42 21 389 41 25 633 42 21 425 43 26 625 44 20 445 45 27 625 44 20 425 43 26 625 44 20 445 45 27 615 46 19 467 47 28 615 46 19 445 45 27 615 46 19 467 47 28 598 48 18 280 49 29 598 48 18 467 47 28 598 48 18 280 49 29 605 50 17 293 51 30 605 50 17 280 49 29 605 50 17 293 51 30 591 52 16 330 53 31 591 52 16 293 51 30 591 52 16 330 53 31 581 54 15 352 55 32 581 54 15 330 53 31 581 54 15 352 55 32 563 56 14 483 57 33 563 56 14 352 55 32 563 56 14 483 57 33 571 58 13 498 59 34 571 58 13 483 57 33 571 58 13 498 59 34 516 60 35 1047 63 37 1028 62 36 1113 61 36 1028 62 36 1047 63 37 968 64 37 1037 65 38 968 64 37 1047 63 37 968 64 37 1037 65 38 962 66 38 1056 67 39 962 66 38 1037 65 38 962 66 38 1056 67 39 976 68 39 1072 69 40 976 68 39 1056 67 39 976 68 39 1072 69 40 983 70 40 1064 71 41 983 70 40 1072 69 40 983 70 40 1064 71 41 992 72 41 1080 73 42 992 72 41 1064 71 41 992 72 41 1080 73 42 998 74 42 1088 75 43 998 74 42 1080 73 42 998 74 42 1088 75 43 1006 76 43 1097 77 44 1006 76 43 1088 75 43 1006 76 43 1097 77 44 1013 78 44 1105 79 45 1013 78 44 1097 77 44 1013 78 44 1105 79 45 1022 80 45 207 81 46 1022 80 45 1105 79 45 1022 80 45 207 81 46 97 82 46 88 83 45 97 82 46 207 81 46 641 84 22 759 36 22 652 34 23 759 36 22 641 84 22 748 85 21 633 86 21 748 85 21 641 84 22 748 85 21 633 86 21 739 87 20 625 88 20 739 87 20 633 86 21 739 87 20 625 88 20 728 89 19 615 90 19 728 89 19 625 88 20 728 89 19 615 90 19 709 91 18 598 92 18 709 91 18 615 90 19 709 91 18 598 92 18 719 93 17 605 94 17 719 93 17 598 92 18 719 93 17 605 94 17 701 95 16 591 96 16 701 95 16 605 94 17 701 95 16 591 96 16 691 97 15 581 98 15 691 97 15 591 96 16 691 97 15 581 98 15 683 99 14 563 100 14 683 99 14 581 98 15 683 99 14 563 100 14 663 101 13 571 102 13 663 101 13 563 100 14 663 101 13 571 102 13 672 103 12 554 104 12 672 103 12 571 102 13 2158 107 48 105 106 36 2138 105 47 105 106 36 2158 107 48 12 108 37 2178 109 49 12 108 37 2158 107 48 12 108 37 2178 109 49 21 110 38 2107 111 50 21 110 38 2178 109 49 21 110 38 2107 111 50 30 112 39 2080 113 51 30 112 39 2107 111 50 30 112 39 2080 113 51 39 114 40 2117 115 52 39 114 40 2080 113 51 39 114 40 2117 115 52 48 116 41 1982 117 53 48 116 41 2117 115 52 48 116 41 1982 117 53 57 118 42 1993 119 54 57 118 42 1982 117 53 57 118 42 1993 119 54 67 120 43 2027 121 55 67 120 43 1993 119 54 67 120 43 2027 121 55 78 122 44 2045 123 56 78 122 44 2027 121 55 78 122 44 2045 123 56 88 83 45 2063 124 57 88 83 45 2045 123 56 88 83 45 2063 124 57 97 82 46 197 125 45 88 83 45 207 81 46 88 83 45 197 125 45 78 122 44 184 126 44 78 122 44 197 125 45 78 122 44 184 126 44 67 120 43 172 127 43 67 120 43 184 126 44 67 120 43 172 127 43 57 118 42 162 128 42 57 118 42 172 127 43 57 118 42 162 128 42 48 116 41 152 129 41 48 116 41 162 128 42 48 116 41 152 129 41 39 114 40 142 130 40 39 114 40 152 129 41 39 114 40 142 130 40 30 112 39 131 131 39 30 112 39 142 130 40 30 112 39 131 131 39 21 110 38 123 132 38 21 110 38 131 131 39 21 110 38 123 132 38 12 108 37 113 133 37 12 108 37 123 132 38 1173 136 58 1163 135 29 1153 134 30 1163 135 29 1173 136 58 1287 137 28 1277 138 59 1287 137 28 1173 136 58 1287 137 28 1277 138 59 1267 139 27 1258 140 60 1267 139 27 1277 138 59 1267 139 27 1258 140 60 1249 141 26 1239 142 61 1249 141 26 1258 140 60 1249 141 26 1239 142 61 1220 143 62 1368 146 65 1344 145 64 1335 144 63 1344 145 64 1368 146 65 1356 147 35 1315 148 66 1356 147 35 1368 146 65 1356 147 35 1315 148 66 1325 149 34 1296 150 67 1325 149 34 1315 148 66 1325 149 34 1296 150 67 1305 151 33 1211 152 32 1305 151 33 1296 150 67 412 154 68 377 39 24 1229 153 25 377 39 24 412 154 68 389 41 25 399 155 62 389 41 25 412 154 68 389 41 25 399 155 62 425 43 26 434 156 61 425 43 26 399 155 62 425 43 26 434 156 61 456 157 60 319 158 58 280 49 29 467 47 28 280 49 29 319 158 58 293 51 30 307 159 69 293 51 30 319 158 58 293 51 30 307 159 69 330 53 31 341 160 70 330 53 31 307 159 69 330 53 31 341 160 70 352 55 32 2063 163 57 2072 162 72 846 161 71 2072 162 72 2063 163 57 2054 164 71 2045 165 56 2054 164 71 2063 163 57 2054 164 71 2045 165 56 2036 166 73 2027 167 55 2036 166 73 2045 165 56 2036 166 73 2027 167 55 1993 168 54 2128 171 75 2117 170 52 2087 169 74 2117 170 52 2128 171 75 1982 172 53 2016 173 76 1982 172 53 2128 171 75 1982 172 53 2016 173 76 1993 168 54 2005 174 77 1993 168 54 2016 173 76 1993 168 54 2005 174 77 2036 166 73 779 177 79 923 176 47 914 175 78 923 176 47 779 177 79 788 178 80 1972 179 81 788 178 80 779 177 79 788 178 80 1972 179 81 1945 180 82 1953 181 80 1945 180 82 1972 179 81 938 182 48 914 175 78 923 176 47 914 175 78 938 182 48 932 183 83 953 184 49 932 183 83 938 182 48 932 183 83 953 184 49 946 185 84 863 186 85 946 185 84 953 184 49 2097 189 85 2178 188 49 1 187 84 2178 188 49 2097 189 85 2107 190 50 2087 169 74 2107 190 50 2097 189 85 2107 190 50 2087 169 74 2080 191 51 2117 170 52 2080 191 51 2087 169 74 805 194 54 798 193 77 821 192 76 798 193 77 805 194 54 828 195 73 837 196 55 828 195 73 805 194 54 828 195 73 837 196 55 854 197 56 890 198 50 863 186 85 953 184 49 863 186 85 890 198 50 873 199 74 882 200 51 873 199 74 890 198 50 873 199 74 882 200 51 907 201 52 923 176 47 1133 202 86 1028 62 36 1133 202 86 923 176 47 1122 203 87 788 178 80 1122 203 87 923 176 47 1122 203 87 788 178 80 1945 180 82 1356 147 35 1377 12 12 1344 145 64 1377 12 12 1356 147 35 1399 204 13 1325 149 34 1399 204 13 1356 147 35 1399 204 13 1325 149 34 1305 151 33 1945 180 82 234 205 88 1122 203 87 234 205 88 1945 180 82 250 206 87 1953 181 80 250 206 87 1945 180 82 250 206 87 1953 181 80 2138 105 47 352 55 32 491 207 67 483 57 33 491 207 67 352 55 32 364 208 89 341 160 70 364 208 89 352 55 32 266 210 86 554 104 12 523 209 64 554 104 12 266 210 86 105 106 36 2138 105 47 105 106 36 266 210 86 962 66 38 890 212 50 953 211 49 890 212 50 962 66 38 976 68 39 976 68 39 882 213 51 890 212 50 882 213 51 976 68 39 983 70 40 983 70 40 907 214 52 882 213 51 907 214 52 983 70 40 992 72 41 992 72 41 814 215 53 907 214 52 814 215 53 992 72 41 998 74 42 998 74 42 805 216 54 814 215 53 805 216 54 998 74 42 1006 76 43 1006 76 43 837 217 55 805 216 54 837 217 55 1006 76 43 1013 78 44 1013 78 44 854 218 56 837 217 55 854 218 56 1013 78 44 1022 80 45 1022 80 45 2063 124 57 854 218 56 2063 124 57 1022 80 45 97 82 46 907 201 52 900 219 75 873 199 74 900 219 75 907 201 52 814 220 53 814 220 53 821 192 76 900 219 75 821 192 76 814 220 53 805 194 54 854 197 56 846 161 71 828 195 73 846 161 71 854 197 56 2063 163 57 221 221 36 554 104 12 105 106 36 554 104 12 221 221 36 672 103 12 1182 223 70 1191 222 31 1211 152 32 1191 222 31 1182 223 70 1144 224 69 1579 225 92 1135 225 91 1123 225 90 1135 225 91 1579 225 92 1585 225 93 523 209 64 543 227 65 532 226 63 543 227 65 523 209 64 516 60 35 516 60 35 507 228 66 543 227 65 507 228 66 516 60 35 498 59 34 498 59 34 491 207 67 507 228 66 491 207 67 498 59 34 483 57 33 1558 225 92 1124 225 91 235 225 90 1124 225 91 1558 225 92 1578 225 93 456 157 60 445 45 27 425 43 26 445 45 27 456 157 60 475 229 59 475 229 59 467 47 28 445 45 27 467 47 28 475 229 59 319 158 58 1586 230 92 1345 230 91 1134 225 90 1345 230 91 1586 230 92 1334 231 93 105 106 36 113 133 37 221 232 36 113 133 37 105 106 36 12 108 37 533 234 92 268 234 91 524 233 90 268 234 91 533 234 92 1571 235 93 1572 225 92 252 225 91 267 225 90 252 225 91 1572 225 92 1564 225 93 2148 237 78 2158 236 48 2138 105 47 2158 236 48 2148 237 78 2168 238 83 2168 238 83 2178 188 49 2158 236 48 2178 188 49 2168 238 83 1 187 84 1565 225 92 236 225 91 251 225 90 236 225 91 1565 225 92 1557 225 93 2138 105 47 1963 239 79 2148 237 78 1963 239 79 2138 105 47 1953 181 80 1113 240 36 1377 12 12 1483 13 12 1377 12 12 1113 240 36 1028 62 36 1201 241 89 1211 152 32 1296 150 67 1211 152 32 1201 241 89 1182 223 70 1133 202 86 1377 12 12 1028 62 36 1377 12 12 1133 202 86 1344 145 64 1144 224 69 1153 134 30 1191 222 31 1153 134 30 1144 224 69 1173 136 58 1305 151 33 1386 242 14 1399 204 13 1386 242 14 1305 151 33 1211 152 32 1211 152 32 1410 243 15 1386 242 14 1410 243 15 1211 152 32 1191 222 31 1191 222 31 1419 244 16 1410 243 15 1419 244 16 1191 222 31 1153 134 30 1153 134 30 1439 245 17 1419 244 16 1439 245 17 1153 134 30 1163 135 29 1163 135 29 1430 246 18 1439 245 17 1430 246 18 1163 135 29 1287 137 28 1287 137 28 1449 247 19 1430 246 18 1449 247 19 1287 137 28 1267 139 27 1267 139 27 1459 248 20 1449 247 19 1459 248 20 1267 139 27 1249 141 26 1249 141 26 1468 249 21 1459 248 20 1468 249 21 1249 141 26 1229 153 25 1229 153 25 1476 37 22 1468 249 21 1476 37 22 1229 153 25 377 39 24 1220 143 62 1229 153 25 1249 141 26 1229 153 25 1220 143 62 412 154 68 1028 62 36 938 250 48 923 176 47 938 250 48 1028 62 36 968 64 37 516 60 35 554 104 12 571 58 13 554 104 12 516 60 35 523 209 64 968 64 37 953 211 49 938 250 48 953 211 49 968 64 37 962 66 38 1972 179 81 1963 239 79 1953 181 80 2138 105 47 266 210 86 250 206 87 1073 253 94 674 252 92 534 251 93 674 252 92 1073 253 94 1184 254 95 1082 255 91 1184 254 95 1073 253 94 1184 254 95 1082 255 91 1192 256 90 1183 259 94 750 258 92 673 257 93 750 258 92 1183 259 94 1241 260 95 1193 261 91 1241 260 95 1183 259 94 1241 260 95 1193 261 91 281 262 90 1240 265 94 654 264 92 749 263 93 654 264 92 1240 265 94 1155 266 95 282 267 91 1155 266 95 1240 265 94 1155 266 95 282 267 91 1174 268 90 1154 271 94 643 270 92 653 269 93 643 270 92 1154 271 94 1165 272 95 1175 273 91 1165 272 95 1154 271 94 1165 272 95 1175 273 91 208 274 90 1164 277 94 693 276 92 642 275 93 693 276 92 1164 277 94 1203 278 95 209 279 91 1203 278 95 1164 277 94 1203 278 95 209 279 91 237 280 90 1202 283 94 770 282 92 692 281 93 770 282 92 1202 283 94 1251 284 95 238 285 91 1251 284 95 1202 283 94 1251 284 95 238 285 91 294 286 90 1250 289 94 509 288 92 769 287 93 509 288 92 1250 289 94 1039 290 95 295 291 91 1039 290 95 1250 289 94 1039 290 95 295 291 91 114 292 90 1038 295 94 500 294 92 508 293 93 500 294 92 1038 295 94 1049 296 95 115 297 91 1049 296 95 1038 295 94 1049 296 95 115 297 91 1057 298 90 1048 301 94 807 300 92 499 299 93 807 300 92 1048 301 94 1279 302 95 1058 303 91 1279 302 95 1048 301 94 1279 302 95 1058 303 91 1288 304 90 1278 307 94 1015 306 92 806 305 93 1015 306 92 1278 307 94 1470 308 95 1289 309 91 1470 308 95 1278 307 94 1470 308 95 1289 309 91 1477 310 90 1469 313 94 955 312 92 1014 311 93 955 312 92 1469 313 94 1421 314 95 1478 315 91 1421 314 95 1469 313 94 1421 314 95 1478 315 91 1431 316 90 1420 319 94 925 318 92 954 317 93 925 318 92 1420 319 94 1379 320 95 1432 321 91 1379 320 95 1420 319 94 1379 320 95 1432 321 91 1400 322 90 1378 325 94 916 324 92 924 323 93 916 324 92 1378 325 94 1389 326 95 1401 327 91 1389 326 95 1378 325 94 1389 326 95 1401 327 91 400 328 90 1388 331 94 1000 330 92 915 329 93 1000 330 92 1388 331 94 1462 332 95 401 333 91 1462 332 95 1388 331 94 1462 332 95 401 333 91 457 334 90 1461 337 94 940 336 92 999 335 93 940 336 92 1461 337 94 1412 338 95 458 339 91 1412 338 95 1461 337 94 1412 338 95 458 339 91 413 340 90 1411 343 94 839 342 92 939 341 93 839 342 92 1411 343 94 1298 344 95 414 345 91 1298 344 95 1411 343 94 1298 344 95 414 345 91 1326 346 90 1297 349 94 830 348 92 838 347 93 830 348 92 1297 349 94 1307 350 95 1327 351 91 1307 350 95 1297 349 94 1307 350 95 1327 351 91 1316 352 90 1306 355 94 1030 354 92 829 353 93 1030 354 92 1306 355 94 1485 356 95 1317 357 91 1485 356 95 1306 355 94 1485 356 95 1317 357 91 1491 358 90 1484 361 94 970 360 92 1029 359 93 970 360 92 1484 361 94 1441 362 95 1492 363 91 1441 362 95 1484 361 94 1441 362 95 1492 363 91 435 364 90 1440 367 94 875 366 92 969 365 93 875 366 92 1440 367 94 1337 368 95 436 369 91 1337 368 95 1440 367 94 1337 368 95 436 369 91 1357 370 90 1336 373 94 865 372 92 874 371 93 865 372 92 1336 373 94 1348 374 95 1358 375 91 1348 374 95 1336 373 94 1348 374 95 1358 375 91 365 376 90 1347 379 94 985 378 92 864 377 93 985 378 92 1347 379 94 1451 380 95 366 381 91 1451 380 95 1347 379 94 1451 380 95 366 381 91 446 382 90 1450 385 94 892 384 92 984 383 93 892 384 92 1450 385 94 1370 386 95 447 387 91 1370 386 95 1450 385 94 1370 386 95 447 387 91 378 388 90 1369 391 94 617 390 92 891 389 93 617 390 92 1369 391 94 1126 392 95 379 393 91 1126 392 95 1369 391 94 1126 392 95 379 393 91 1145 394 90 1125 397 94 607 396 92 616 395 93 607 396 92 1125 397 94 1137 398 95 1146 399 91 1137 398 95 1125 397 94 1137 398 95 1146 399 91 185 400 90 1136 403 94 730 402 92 606 401 93 730 402 92 1136 403 94 1222 404 95 186 405 91 1222 404 95 1136 403 94 1222 404 95 186 405 91 1230 406 90 1221 409 94 583 408 92 729 407 93 583 408 92 1221 409 94 1090 410 95 1231 411 91 1090 410 95 1221 409 94 1090 410 95 1231 411 91 1114 412 90 1089 415 94 573 414 92 582 413 93 573 414 92 1089 415 94 1099 416 95 1115 417 91 1099 416 95 1089 415 94 1099 416 95 1115 417 91 1106 418 90 1098 421 94 711 420 92 572 419 93 711 420 92 1098 421 94 1213 422 95 1107 423 91 1213 422 95 1098 421 94 1213 422 95 1107 423 91 253 424 90 1212 427 94 790 426 92 710 425 93 790 426 92 1212 427 94 1260 428 95 254 429 91 1260 428 95 1212 427 94 1260 428 95 254 429 91 1268 430 90 1259 433 94 545 432 92 789 431 93 545 432 92 1259 433 94 1066 434 95 1269 435 91 1066 434 95 1259 433 94 1066 434 95 1269 435 91 132 436 90 1065 439 94 535 438 92 544 437 93 535 438 92 1065 439 94 1074 440 95 133 441 91 1074 440 95 1065 439 94 1074 440 95 133 441 91 1081 442 90 1552 445 98 1545 444 97 1559 443 96 1545 444 97 1552 445 98 1580 446 99 1587 447 100 1580 446 99 1552 445 98 1580 446 99 1587 447 100 1498 448 101 1516 449 102 1498 448 101 1587 447 100 1498 448 101 1516 449 102 1504 450 103 1510 451 104 1504 450 103 1516 449 102 1504 450 103 1510 451 104 1522 452 105 1531 453 106 1522 452 105 1510 451 104 1559 443 96 1718 455 108 1724 454 107 1718 455 108 1559 443 96 1537 456 109 1545 444 97 1537 456 109 1559 443 96 13 459 110 1204 458 111 1460 457 110 1204 458 111 13 459 110 2179 460 111 1214 463 112 2 462 113 22 461 112 2 462 113 1214 463 112 1194 464 113 2179 460 111 1387 465 114 1204 458 111 1387 465 114 2179 460 111 2139 466 114 1194 464 113 2169 467 115 2 462 113 2169 467 115 1194 464 113 1176 468 115 2139 466 114 1185 469 116 1387 465 114 1185 469 116 2139 466 114 2149 470 116 2149 470 116 941 471 117 1185 469 116 941 471 117 2149 470 116 1876 472 117 1176 468 115 2159 473 118 2169 467 115 2159 473 118 1176 468 115 1166 474 118 1166 474 118 1897 475 119 2159 473 118 1897 475 119 1166 474 118 933 476 119 1040 479 120 1964 478 121 1983 477 120 1964 478 121 1040 479 120 1023 480 121 1994 483 122 1016 482 123 1031 481 122 1016 482 123 1994 483 122 1973 484 123 1023 480 121 1938 485 124 1964 478 121 1938 485 124 1023 480 121 1007 486 124 1973 484 123 986 487 125 1016 482 123 986 487 125 1973 484 123 1946 488 125 1007 486 124 1929 489 126 1938 485 124 1929 489 126 1007 486 124 1001 490 126 1001 490 126 2064 491 127 1929 489 126 2064 491 127 1001 490 126 1100 492 127 1100 492 127 2046 493 128 2064 491 127 2046 493 128 1100 492 127 1346 494 128 1346 494 128 2017 495 129 2046 493 128 2017 495 129 1346 494 128 1075 496 129 1075 496 129 2006 497 130 2017 495 129 2006 497 130 1075 496 129 1067 498 130 1067 498 130 2088 499 131 2006 497 130 2088 499 131 1067 498 130 1138 500 131 1138 500 131 2081 501 132 2088 499 131 2081 501 132 1138 500 131 1127 502 132 1127 502 132 2118 503 133 2081 501 132 2118 503 133 1127 502 132 1156 504 133 1156 504 133 187 505 134 2118 503 133 187 505 134 1156 504 133 1380 506 134 1380 506 134 163 507 135 187 505 134 163 507 135 1380 506 134 1359 508 135 1359 508 135 134 509 136 163 507 135 134 509 136 1359 508 135 1338 510 136 1338 510 136 124 511 137 134 509 136 124 511 137 1338 510 136 1551 512 137 1551 512 137 106 513 138 124 511 137 106 513 138 1551 512 137 1308 514 138 1308 514 138 89 515 139 106 513 138 89 515 139 1308 514 138 1290 516 139 1290 516 139 58 517 140 89 515 139 58 517 140 1290 516 139 1270 518 140 1270 518 140 49 519 141 58 517 140 49 519 141 1270 518 140 1261 520 141 1261 520 141 296 521 142 49 519 141 296 521 142 1261 520 141 1452 522 142 1452 522 142 269 523 143 296 521 142 269 523 143 1452 522 142 1433 524 143 1433 524 143 222 525 144 269 523 143 222 525 144 1433 524 143 1530 526 144 1530 526 144 210 527 145 222 525 144 210 527 145 1530 526 144 1413 528 145 1413 528 145 31 529 146 210 527 145 31 529 146 1413 528 145 1232 530 146 1232 530 146 1916 531 147 31 529 146 1916 531 147 1232 530 146 977 532 147 1946 488 125 993 533 148 986 487 125 993 533 148 1946 488 125 1954 534 148 1954 534 148 1091 535 149 993 533 148 1091 535 149 1954 534 148 2073 536 149 2073 536 149 1083 537 150 1091 535 149 1083 537 150 2073 536 149 2055 538 150 2055 538 150 1050 539 151 1083 537 150 1050 539 151 2055 538 150 2028 540 151 2028 540 151 1059 541 152 1050 539 151 1059 541 152 2028 540 151 2037 542 152 2037 542 152 1108 543 153 1059 541 152 1108 543 153 2037 542 152 2098 544 153 2098 544 153 1116 545 154 1108 543 153 1116 545 154 2098 544 153 2108 546 154 2108 546 154 1147 547 155 1116 545 154 1147 547 155 2108 546 154 2129 548 155 2129 548 155 1371 549 156 1147 547 155 1371 549 156 2129 548 155 198 550 156 198 550 156 1349 551 157 1371 549 156 1349 551 157 198 550 156 173 552 157 173 552 157 1318 553 158 1349 551 157 1318 553 158 173 552 157 143 554 158 143 554 158 1328 555 159 1318 553 158 1328 555 159 143 554 158 153 556 159 153 556 159 1299 557 160 1328 555 159 1299 557 160 153 556 159 116 558 160 116 558 160 1280 559 161 1299 557 160 1280 559 161 116 558 160 98 560 161 98 560 161 1242 561 162 1280 559 161 1242 561 162 98 560 161 68 562 162 68 562 162 1252 563 163 1242 561 162 1252 563 163 68 562 162 79 564 163 79 564 163 1442 565 164 1252 563 163 1442 565 164 79 564 163 308 566 164 308 566 164 1422 567 165 1442 565 164 1422 567 165 308 566 164 283 568 165 283 568 165 1390 569 166 1422 567 165 1390 569 166 283 568 165 239 570 166 239 570 166 1402 571 167 1390 569 166 1402 571 167 239 570 166 255 572 167 255 572 167 1223 573 168 1402 571 167 1223 573 168 255 572 167 40 574 168 40 574 168 971 575 169 1223 573 168 971 575 169 40 574 168 1922 576 169 977 532 147 1905 577 170 1916 531 147 1905 577 170 977 532 147 963 578 170 1922 576 169 956 579 171 971 575 169 956 579 171 1922 576 169 1910 580 171 963 578 170 1882 581 172 1905 577 170 1882 581 172 963 578 170 947 582 172 1910 580 171 926 583 173 956 579 171 926 583 173 1910 580 171 1888 584 173 1876 472 117 947 582 172 941 471 117 947 582 172 1876 472 117 1882 581 172 1888 584 173 933 476 119 926 583 173 933 476 119 1888 584 173 1897 475 119 1832 585 174 917 225 175 867 225 174 917 225 175 1832 585 174 1866 586 175 856 587 176 1871 587 177 1838 587 176 1871 587 177 856 587 176 908 587 177 1866 586 175 901 225 178 917 225 175 901 225 178 1866 586 175 1855 588 178 908 587 177 1860 587 179 1871 587 177 1860 587 179 908 587 177 893 587 179 1855 588 178 564 225 180 901 225 178 564 225 180 1855 588 178 1634 589 180 893 587 179 1654 587 181 1860 587 179 1654 587 181 893 587 179 555 587 181 866 225 182 1821 591 183 1831 590 182 1821 591 183 866 225 182 847 225 183 1837 587 184 840 587 185 855 587 184 840 587 185 1837 587 184 1826 587 185 847 225 183 1806 592 186 1821 591 183 1806 592 186 847 225 183 831 225 186 1826 587 185 808 587 187 840 587 185 808 587 187 1826 587 185 1811 587 187 831 225 186 1801 593 188 1806 592 186 1801 593 188 831 225 186 822 225 188 822 225 188 1843 594 189 1801 593 188 1843 594 189 822 225 188 883 225 189 883 225 189 1791 595 190 1843 594 189 1791 595 190 883 225 189 799 225 190 1811 587 187 815 587 191 808 587 187 815 587 191 1811 587 187 1816 587 191 1816 587 191 876 587 192 815 587 191 876 587 192 1816 587 191 1848 587 192 1848 587 192 791 596 193 876 587 192 791 596 193 1848 587 192 1796 597 193 799 225 190 1566 598 194 1791 595 190 1566 598 194 799 225 190 448 225 194 1796 597 193 437 599 195 791 596 193 437 599 195 1796 597 193 1573 600 195 1634 589 180 574 225 196 564 225 180 574 225 196 1634 589 180 1638 601 196 1638 601 196 492 225 197 574 225 196 492 225 197 1638 601 196 1592 602 197 555 587 181 1647 587 198 1654 587 181 1647 587 198 555 587 181 546 587 198 546 587 198 1607 587 199 1647 587 198 1607 587 199 546 587 198 484 587 199 1592 602 197 501 225 200 492 225 197 501 225 200 1592 602 197 1597 603 200 1597 603 200 517 225 201 501 225 200 517 225 201 1597 603 200 1612 604 201 1612 604 201 536 225 202 517 225 201 536 225 202 1612 604 201 1621 605 202 1621 605 202 592 225 203 536 225 202 592 225 203 1621 605 202 1660 606 203 1660 606 203 731 225 204 592 225 203 731 225 204 1660 606 203 1738 607 204 1738 607 204 740 225 205 731 225 204 740 225 205 1738 607 204 1744 608 205 1744 608 205 760 225 206 740 225 205 760 225 206 1744 608 205 1763 609 206 1763 609 206 780 225 207 760 225 206 780 225 207 1763 609 206 1776 610 207 1776 610 207 618 225 208 780 225 207 618 225 208 1776 610 207 1670 611 208 1670 611 208 626 225 209 618 225 208 626 225 209 1670 611 208 1674 612 209 1674 612 209 644 225 210 626 225 209 644 225 210 1674 612 209 1690 613 210 1690 613 210 664 225 211 644 225 210 664 225 211 1690 613 210 1701 614 211 1701 614 211 694 225 212 664 225 211 694 225 212 1701 614 211 1712 615 212 1712 615 212 702 225 108 694 225 212 702 225 108 1712 615 212 1718 455 108 1718 455 108 415 225 109 702 225 108 415 225 109 1718 455 108 1537 456 109 484 587 199 1602 587 213 1607 587 199 1602 587 213 484 587 199 476 587 213 476 587 213 1617 587 214 1602 587 213 1617 587 214 476 587 213 510 587 214 510 587 214 1629 587 215 1617 587 214 1629 587 215 510 587 214 525 587 215 525 587 215 1664 587 216 1629 587 215 1664 587 216 525 587 215 584 587 216 584 587 216 1758 587 217 1664 587 216 1758 587 217 584 587 216 720 587 217 720 587 217 1751 587 218 1758 587 217 1751 587 218 720 587 217 712 587 218 712 587 218 1770 587 219 1751 587 218 1770 587 219 712 587 218 751 587 219 751 587 219 1785 587 220 1770 587 219 1785 587 220 751 587 219 771 587 220 771 587 220 1684 587 221 1785 587 220 1684 587 221 771 587 220 608 587 221 608 587 221 1679 587 222 1684 587 221 1679 587 222 608 587 221 599 587 222 599 587 222 1696 587 223 1679 587 222 1696 587 223 599 587 222 634 587 223 634 587 223 1706 587 224 1696 587 223 1706 587 224 634 587 223 655 587 224 655 587 224 1731 587 225 1706 587 224 1731 587 225 655 587 224 684 587 225 684 587 225 1724 616 107 1731 587 225 1724 616 107 684 587 225 675 617 107 675 617 107 1559 618 96 1724 616 107 1559 618 96 675 617 107 402 619 96 448 225 194 1522 452 105 1566 598 194 1522 452 105 448 225 194 380 225 105 1573 600 195 367 620 106 437 599 195 367 620 106 1573 600 195 1531 621 106 1537 456 109 426 225 97 415 225 109 426 225 97 1537 456 109 1545 444 97 1545 444 97 468 225 99 426 225 97 468 225 99 1545 444 97 1580 446 99 1580 446 99 342 225 101 468 225 99 342 225 101 1580 446 99 1498 448 101 402 619 96 1552 622 98 1559 618 96 1552 622 98 402 619 96 390 623 98 390 623 98 1587 624 100 1552 622 98 1587 624 100 390 623 98 459 625 100 459 625 100 1516 626 102 1587 624 100 1516 626 102 459 625 100 331 627 102 380 225 105 1504 450 103 1522 452 105 1504 450 103 380 225 105 353 225 103 1531 621 106 320 628 104 367 620 106 320 628 104 1531 621 106 1510 629 104 1498 448 101 353 225 103 342 225 101 353 225 103 1498 448 101 1504 450 103 1510 629 104 331 627 102 320 628 104 331 627 102 1510 629 104 1516 626 102 1995 631 227 13 459 110 1984 630 226 13 459 110 1995 631 227 22 632 112 22 632 112 2179 460 111 13 459 110 2179 460 111 22 632 112 2 633 113 2 633 113 2139 466 114 2179 460 111 2139 466 114 2 633 113 2169 634 115 2169 634 115 2149 470 116 2139 466 114 2149 470 116 2169 634 115 2159 635 118 2159 635 118 1876 472 117 2149 470 116 1876 472 117 2159 635 118 1897 636 119 1983 477 120 1973 638 123 1994 637 122 1973 638 123 1983 477 120 1964 478 121 1964 478 121 1946 639 125 1973 638 123 1946 639 125 1964 478 121 1938 485 124 1938 485 124 1954 640 148 1946 639 125 1954 640 148 1938 485 124 1929 489 126 1929 489 126 2073 641 149 1954 640 148 2073 641 149 1929 489 126 2064 491 127 2064 491 127 2055 642 150 2073 641 149 2055 642 150 2064 491 127 2046 493 128 2046 493 128 2028 643 151 2055 642 150 2028 643 151 2046 493 128 2017 495 129 2017 495 129 2037 644 152 2028 643 151 2037 644 152 2017 495 129 2006 497 130 2006 497 130 2098 645 153 2037 644 152 2098 645 153 2006 497 130 2088 499 131 1984 630 226 1460 457 110 1041 646 226 1460 457 110 1984 630 226 13 459 110 2081 501 132 2129 648 155 2108 647 154 2129 648 155 2081 501 132 2118 503 133 2118 503 133 198 649 156 2129 648 155 198 649 156 2118 503 133 187 505 134 187 505 134 173 650 157 198 649 156 173 650 157 187 505 134 163 507 135 163 507 135 143 651 158 173 650 157 143 651 158 163 507 135 134 509 136 134 509 136 153 652 159 143 651 158 153 652 159 134 509 136 124 511 137 124 511 137 116 653 160 153 652 159 116 653 160 124 511 137 106 513 138 106 513 138 98 654 161 116 653 160 98 654 161 106 513 138 89 515 139 89 515 139 68 655 162 98 654 161 68 655 162 89 515 139 58 517 140 58 517 140 79 656 163 68 655 162 79 656 163 58 517 140 49 519 141 49 519 141 308 657 164 79 656 163 308 657 164 49 519 141 296 521 142 296 521 142 283 658 165 308 657 164 283 658 165 296 521 142 269 523 143 269 523 143 239 659 166 283 658 165 239 659 166 269 523 143 222 525 144 222 525 144 255 660 167 239 659 166 255 660 167 222 525 144 210 527 145 210 527 145 40 661 168 255 660 167 40 661 168 210 527 145 31 529 146 31 529 146 1922 662 169 40 661 168 1922 662 169 31 529 146 1916 531 147 1916 531 147 1910 663 171 1922 662 169 1910 663 171 1916 531 147 1905 577 170 1905 577 170 1888 664 173 1910 663 171 1888 664 173 1905 577 170 1882 581 172 1882 581 172 1897 636 119 1888 664 173 1897 636 119 1882 581 172 1876 472 117 1838 665 176 1866 586 175 1832 585 174 1866 586 175 1838 665 176 1871 666 177 1871 666 177 1855 588 178 1866 586 175 1855 588 178 1871 666 177 1860 667 179 1860 667 179 1634 589 180 1855 588 178 1634 589 180 1860 667 179 1654 668 181 1831 590 182 1826 670 185 1837 669 184 1826 670 185 1831 590 182 1821 591 183 2088 499 131 2108 647 154 2098 645 153 2108 647 154 2088 499 131 2081 501 132 1806 592 186 1816 672 191 1811 671 187 1816 672 191 1806 592 186 1801 593 188 1801 593 188 1848 673 192 1816 672 191 1848 673 192 1801 593 188 1843 594 189 1843 594 189 1796 674 193 1848 673 192 1796 674 193 1843 594 189 1791 595 190 1791 595 190 1573 675 195 1796 674 193 1573 675 195 1791 595 190 1566 598 194 1654 668 181 1638 601 196 1634 589 180 1638 601 196 1654 668 181 1647 676 198 1647 676 198 1592 602 197 1638 601 196 1592 602 197 1647 676 198 1607 677 199 1607 677 199 1597 603 200 1592 602 197 1597 603 200 1607 677 199 1602 678 213 1602 678 213 1612 604 201 1597 603 200 1612 604 201 1602 678 213 1617 679 214 1617 679 214 1621 605 202 1612 604 201 1621 605 202 1617 679 214 1629 680 215 1629 680 215 1660 606 203 1621 605 202 1660 606 203 1629 680 215 1664 681 216 1664 681 216 1738 607 204 1660 606 203 1738 607 204 1664 681 216 1758 682 217 1758 682 217 1744 608 205 1738 607 204 1744 608 205 1758 682 217 1751 683 218 1751 683 218 1763 609 206 1744 608 205 1763 609 206 1751 683 218 1770 684 219 1770 684 219 1776 610 207 1763 609 206 1776 610 207 1770 684 219 1785 685 220 1785 685 220 1670 611 208 1776 610 207 1670 611 208 1785 685 220 1684 686 221 1684 686 221 1674 612 209 1670 611 208 1674 612 209 1684 686 221 1679 687 222 1679 687 222 1690 613 210 1674 612 209 1690 613 210 1679 687 222 1696 688 223 1696 688 223 1701 614 211 1690 613 210 1701 614 211 1696 688 223 1706 689 224 1706 689 224 1712 615 212 1701 614 211 1712 615 212 1706 689 224 1731 690 225 1731 690 225 1718 455 108 1712 615 212 1718 455 108 1731 690 225 1724 454 107 1032 692 227 22 461 112 1995 691 227 22 461 112 1032 692 227 1214 463 112 1566 598 194 1531 453 106 1573 675 195 1531 453 106 1566 598 194 1522 452 105 1821 591 183 1811 671 187 1826 670 185 1811 671 187 1821 591 183 1806 592 186 23 695 228 772 694 229 781 693 228 772 694 229 23 695 228 761 696 229 59 699 231 635 698 230 627 697 230 635 698 230 59 699 231 619 700 231 741 702 232 781 693 228 752 701 232 781 693 228 741 702 232 23 703 228 761 696 229 600 704 233 772 694 229 600 704 233 761 696 229 593 705 233 537 707 234 752 701 232 526 706 234 752 701 232 537 707 234 741 702 232 695 710 235 732 709 236 703 708 235 732 709 236 695 710 235 297 711 236 297 714 236 721 713 237 732 712 236 721 713 237 297 714 236 713 715 237 713 715 237 676 716 238 721 713 237 676 716 238 713 715 237 144 717 238 59 719 231 703 708 235 619 718 231 703 708 235 59 719 231 695 710 235 627 697 230 685 721 239 32 720 239 685 721 239 627 697 230 635 698 230 32 724 239 656 723 240 665 722 240 656 723 240 32 724 239 685 725 239 665 722 240 676 727 238 144 726 238 676 727 238 665 722 240 656 723 240 585 729 229 600 704 233 593 728 233 600 704 233 585 729 229 575 730 229 1849 731 228 575 730 229 585 729 229 575 730 229 1849 731 228 609 732 228 1883 735 231 493 734 235 485 733 235 493 734 235 1883 735 231 416 736 231 547 738 232 609 732 228 1849 737 228 609 732 228 547 738 232 556 739 232 485 733 235 518 741 236 2047 740 236 518 741 236 485 733 235 493 734 235 403 744 230 477 743 239 427 742 230 477 743 239 403 744 230 1861 745 239 1861 748 239 460 747 240 477 746 239 460 747 240 1861 748 239 449 749 240 2047 752 236 502 751 237 511 750 237 502 751 237 2047 752 236 518 753 236 449 749 240 469 754 238 460 747 240 469 754 238 449 749 240 1930 717 238 537 755 234 556 739 232 547 738 232 556 739 232 537 755 234 526 706 234 511 750 237 469 756 238 1930 726 238 469 756 238 511 750 237 502 751 237 1883 758 231 427 742 230 416 757 231 427 742 230 1883 758 231 403 744 230 416 757 231 427 742 230 438 759 241 619 700 231 645 760 241 635 698 230 460 747 240 469 754 238 438 761 241 526 706 234 752 701 232 565 762 242 609 732 228 565 762 242 575 730 229 575 730 229 565 762 242 600 704 233 526 706 234 565 762 242 556 739 232 752 701 232 781 693 228 565 762 242 556 739 232 565 762 242 609 732 228 781 693 228 772 694 229 565 762 242 772 694 229 600 704 233 565 762 242 493 734 235 438 763 241 518 741 236 518 753 236 438 764 241 502 751 237 502 751 237 438 764 241 469 756 238 703 708 235 732 709 236 645 765 241 732 712 236 721 713 237 645 766 241 721 713 237 676 716 238 645 766 241 416 736 231 438 763 241 493 734 235 427 742 230 477 743 239 438 759 241 619 718 231 703 708 235 645 765 241 477 746 239 460 747 240 438 761 241 635 698 230 645 760 241 685 721 239 685 725 239 645 767 241 656 723 240 656 723 240 645 767 241 676 727 238 1996 768 243 1906 768 243 1955 768 243 1906 768 243 1996 768 243 2018 768 243 2018 768 243 1923 768 93 1906 768 243 1923 768 93 2018 768 243 2007 768 93 2007 768 93 1877 769 93 1923 768 93 1877 769 93 2007 768 93 1985 770 93 1956 773 244 1965 772 245 1997 771 244 1965 772 245 1956 773 244 1932 774 245 1985 770 93 1899 775 91 1877 769 93 1899 775 91 1985 770 93 1974 776 91 1974 776 91 1932 774 245 1899 775 91 1932 774 245 1974 776 91 1965 772 245 1906 779 243 1947 778 246 1955 777 243 1947 778 246 1906 779 243 1911 780 246 1911 781 246 1884 781 92 1947 781 246 1884 781 92 1911 781 246 1917 781 92 1917 783 92 1877 769 93 1884 782 92 1877 769 93 1917 783 92 1923 784 93 1948 787 248 1890 786 90 1940 785 247 1890 786 90 1948 787 248 1884 782 92 1889 225 251 1931 789 250 1939 788 249 1931 789 250 1889 225 251 1898 225 252 1939 788 249 1955 777 243 1947 778 246 1955 777 243 1939 788 249 1931 789 250 1911 780 246 1923 784 93 1917 783 92 1923 784 93 1911 780 246 1906 779 243 1884 782 92 1899 775 91 1890 786 90 1899 775 91 1884 782 92 1877 769 93 3 792 255 2090 791 254 33 790 253 2090 791 254 3 792 255 14 793 256 2180 794 257 14 793 256 3 792 255 14 793 256 2180 794 257 24 795 258 2160 796 259 24 795 258 2180 794 257 24 795 258 2160 796 259 2140 797 260 2150 798 261 2140 797 260 2160 796 259 2140 797 260 2150 798 261 2130 799 262 33 790 253 2130 799 262 2150 798 261 2130 799 262 33 790 253 2099 800 263 2089 801 264 2099 800 263 33 790 253 2099 800 263 2089 801 264 2119 802 265 2170 803 266 3 792 255 33 790 253 3 792 255 2170 803 266 2180 794 257 2160 796 259 2180 794 257 2170 803 266 2109 804 267 24 795 258 2140 797 260 24 795 258 2109 804 267 2119 802 265 2099 800 263 2119 802 265 2109 804 267 2120 805 268 14 793 256 24 795 258 14 793 256 2120 805 268 2090 791 254 2150 798 261 2170 803 266 33 790 253 2170 803 266 2150 798 261 2160 796 259 2130 799 262 2109 804 267 2140 797 260 2109 804 267 2130 799 262 2099 800 263 135 808 255 42 807 254 164 806 253 42 807 254 135 808 255 145 809 256 125 810 257 145 809 256 135 808 255 145 809 256 125 810 257 154 811 258 107 812 259 154 811 258 125 810 257 154 811 258 107 812 259 90 813 260 99 814 261 90 813 260 107 812 259 90 813 260 99 814 261 80 815 262 164 806 253 80 815 262 99 814 261 80 815 262 164 806 253 50 816 263 41 817 264 50 816 263 164 806 253 50 816 263 41 817 264 69 802 265 117 818 266 135 808 255 164 806 253 135 808 255 117 818 266 125 810 257 107 812 259 125 810 257 117 818 266 60 819 267 154 811 258 90 813 260 154 811 258 60 819 267 69 802 265 50 816 263 69 802 265 60 819 267 70 820 268 145 809 256 154 811 258 145 809 256 70 820 268 42 807 254 99 814 261 117 818 266 164 806 253 117 818 266 99 814 261 107 812 259 80 815 262 60 819 267 90 813 260 60 819 267 80 815 262 50 816 263 478 823 271 470 822 270 902 821 269 470 822 270 478 823 271 450 824 269 461 825 272 450 824 269 478 823 271 450 824 269 461 825 272 428 826 273 439 827 274 428 826 273 461 825 272 428 826 273 439 827 274 404 828 275 417 829 276 404 828 275 439 827 274 404 828 275 417 829 276 381 830 277 391 831 278 381 830 277 417 829 276 381 830 277 391 831 278 354 832 279 368 833 280 354 832 279 391 831 278 354 832 279 368 833 280 332 834 258 343 835 281 332 834 258 368 833 280 332 834 258 343 835 281 309 836 282 321 837 283 309 836 282 343 835 281 309 836 282 321 837 283 284 838 284 298 839 285 284 838 284 321 837 283 284 838 284 298 839 285 256 840 286 270 841 287 256 840 286 298 839 285 256 840 286 270 841 287 223 842 288 240 843 289 223 842 288 270 841 287 223 842 288 240 843 289 174 844 290 211 845 291 174 844 290 240 843 289 174 844 290 211 845 291 188 846 292 199 847 293 188 846 292 211 845 291 188 846 292 199 847 293 733 848 291 586 851 93 714 850 93 594 849 93 714 850 93 586 851 93 704 852 93 576 853 93 704 852 93 586 851 93 704 852 93 576 853 93 696 854 93 566 855 93 696 854 93 576 853 93 696 854 93 566 855 93 686 856 93 557 857 93 686 856 93 566 855 93 686 856 93 557 857 93 677 858 93 548 859 93 677 858 93 557 857 93 677 858 93 548 859 93 666 860 93 538 861 93 666 860 93 548 859 93 666 860 93 538 861 93 657 862 93 527 863 93 657 862 93 538 861 93 657 862 93 527 863 93 646 864 93 519 865 93 646 864 93 527 863 93 646 864 93 519 865 93 636 866 93 512 867 93 636 866 93 519 865 93 636 866 93 512 867 93 628 868 93 503 869 93 628 868 93 512 867 93 628 868 93 503 869 93 620 870 93 486 871 93 620 870 93 503 869 93 620 870 93 486 871 93 610 872 93 601 873 93 610 872 93 486 871 93 715 876 92 911 875 91 1084 874 93 911 875 91 715 876 92 479 877 90 463 878 91 479 877 90 715 876 92 200 768 91 1003 879 92 734 879 90 1003 879 92 200 768 91 601 768 93 611 880 92 601 768 93 200 768 91 471 883 91 995 882 92 903 881 90 995 882 92 471 883 91 594 883 93 587 884 92 594 883 93 471 883 91 601 873 93 918 886 93 1002 885 93 918 886 93 601 873 93 494 887 93 486 871 93 494 887 93 601 873 93 495 781 92 724 888 91 918 888 93 724 888 91 495 781 92 189 781 90 176 889 91 189 781 90 495 781 92 1077 891 92 879 891 91 1068 890 93 879 891 91 1077 891 92 895 890 90 1069 893 92 859 893 91 1060 892 93 859 893 91 1069 893 92 878 892 90 1061 895 92 843 895 91 1051 894 93 843 895 91 1061 895 92 858 894 90 1052 896 92 825 896 91 1042 896 93 825 896 91 1052 896 92 842 896 90 1043 897 92 811 897 91 1033 897 93 811 897 91 1043 897 92 824 897 90 1034 899 92 794 899 91 1024 898 93 794 899 91 1034 899 92 810 898 90 1025 901 92 775 901 91 1017 900 93 775 901 91 1025 901 92 793 900 90 1018 903 92 755 903 91 1008 902 93 755 903 91 1018 903 92 774 902 90 1009 905 92 735 905 91 1002 904 93 735 905 91 1009 905 92 754 904 90 988 907 92 904 907 91 994 906 93 904 907 91 988 907 92 885 906 90 979 908 92 886 908 91 987 908 93 886 908 91 979 908 92 869 908 90 973 909 92 870 909 91 978 909 93 870 909 91 973 909 92 849 909 90 965 911 92 850 911 91 972 910 93 850 911 91 965 911 92 833 910 90 958 912 92 834 912 91 964 912 93 834 912 91 958 912 92 817 912 90 949 914 92 818 914 91 957 913 93 818 914 91 949 914 92 801 913 90 943 916 92 802 916 91 948 915 93 802 916 91 943 916 92 783 915 90 935 917 92 784 917 91 942 917 93 784 917 91 935 917 92 763 917 90 928 918 92 764 918 91 934 918 93 764 918 91 928 918 92 743 918 90 919 920 92 744 920 91 927 919 93 744 920 91 919 920 92 723 919 90 705 922 92 441 922 91 462 921 90 441 922 91 705 922 92 696 921 93 697 924 92 419 924 91 440 923 90 419 924 91 697 924 92 686 923 93 687 925 92 393 925 91 418 925 90 393 925 91 687 925 92 677 925 93 678 926 92 370 926 91 392 926 90 370 926 91 678 926 92 666 926 93 667 928 92 345 928 91 369 927 90 345 928 91 667 928 92 657 927 93 658 929 92 323 929 91 344 929 90 323 929 91 658 929 92 646 929 93 647 931 92 300 931 91 322 930 90 300 931 91 647 931 92 636 930 93 637 932 92 272 932 91 299 932 90 272 932 91 637 932 92 628 932 93 629 934 92 242 934 91 271 933 90 242 934 91 629 934 92 620 933 93 621 935 92 213 935 91 241 935 90 213 935 91 621 935 92 610 935 93 504 936 92 258 936 91 224 936 90 258 936 91 504 936 92 512 936 93 577 938 92 452 938 91 429 937 90 452 938 91 577 938 92 586 937 93 567 939 92 430 939 91 405 939 90 430 939 91 567 939 92 576 939 93 558 940 92 406 940 91 382 940 90 406 940 91 558 940 92 566 940 93 549 942 92 383 942 91 355 941 90 383 942 91 549 942 92 557 941 93 539 943 92 356 943 91 333 943 90 356 943 91 539 943 92 548 943 93 528 945 92 334 945 91 310 944 90 334 945 91 528 945 92 538 944 93 520 947 92 311 947 91 285 946 90 311 947 91 520 947 92 527 946 93 513 948 92 286 948 91 257 948 90 286 948 91 513 948 92 519 948 93 487 950 92 225 950 91 175 949 90 225 950 91 487 950 92 503 949 93 714 850 93 994 951 93 594 849 93 994 951 93 714 850 93 1084 952 93 1084 952 93 987 953 93 994 951 93 987 953 93 1084 952 93 1076 954 93 1076 954 93 978 955 93 987 953 93 978 955 93 1076 954 93 1068 956 93 1068 956 93 972 957 93 978 955 93 972 957 93 1068 956 93 1060 958 93 1060 958 93 964 959 93 972 957 93 964 959 93 1060 958 93 1051 960 93 1051 960 93 957 961 93 964 959 93 957 961 93 1051 960 93 1042 962 93 1042 962 93 948 963 93 957 961 93 948 963 93 1042 962 93 1033 964 93 1033 964 93 942 965 93 948 963 93 942 965 93 1033 964 93 1024 966 93 1024 966 93 934 967 93 942 965 93 934 967 93 1024 966 93 1017 968 93 1017 968 93 927 969 93 934 967 93 927 969 93 1017 968 93 1008 970 93 1008 970 93 918 886 93 927 969 93 918 886 93 1008 970 93 1002 885 93 1085 971 92 896 971 91 1076 971 93 896 971 91 1085 971 92 910 971 90 902 821 269 909 972 272 478 823 271 909 972 272 902 821 269 884 973 273 884 973 273 894 974 274 909 972 272 894 974 274 884 973 273 868 975 275 868 975 275 877 976 276 894 974 274 877 976 276 868 975 275 848 977 277 848 977 277 857 978 278 877 976 276 857 978 278 848 977 277 832 979 279 832 979 279 841 980 280 857 978 278 841 980 280 832 979 279 816 981 258 816 981 258 823 982 281 841 980 280 823 982 281 816 981 258 800 983 282 800 983 282 809 984 283 823 982 281 809 984 283 800 983 282 782 985 284 782 985 284 792 986 285 809 984 283 792 986 285 782 985 284 762 987 286 762 987 286 773 988 287 792 986 285 773 988 287 762 987 286 742 989 288 742 989 288 753 990 289 773 988 287 753 990 289 742 989 288 722 991 290 722 991 290 733 848 291 753 990 289 733 848 291 722 991 290 188 846 292 176 889 91 495 781 92 486 889 93 471 883 91 451 884 90 587 884 92 200 768 91 212 880 90 611 880 92 463 878 91 715 876 92 704 992 93 1583 995 295 1600 994 294 1481 993 294 1600 994 294 1583 995 295 1678 996 295 1569 997 296 1678 996 295 1583 995 295 1678 996 295 1569 997 296 1669 998 296 1548 999 297 1669 998 296 1569 997 296 1669 998 296 1548 999 297 1659 1000 297 1534 1001 298 1659 1000 297 1548 999 297 1659 1000 297 1534 1001 298 1637 1002 298 1519 1003 299 1637 1002 298 1534 1001 298 1637 1002 298 1519 1003 299 1632 1004 299 1507 1005 300 1632 1004 299 1519 1003 299 1632 1004 299 1507 1005 300 1615 1006 300 1495 1007 301 1615 1006 300 1507 1005 300 1615 1006 300 1495 1007 301 1605 1008 301 1725 1009 302 1605 1008 301 1495 1007 301 1605 1008 301 1725 1009 302 1851 1010 302 1844 1011 301 1851 1010 302 1725 1009 302 1732 1012 301 1844 1011 301 1725 1009 302 1844 1011 301 1732 1012 301 1867 1013 300 1745 1014 300 1867 1013 300 1732 1012 301 1867 1013 300 1745 1014 300 1885 1015 299 1759 1016 299 1885 1015 299 1745 1014 300 1885 1015 299 1759 1016 299 1878 1017 298 1771 1018 298 1878 1017 298 1759 1016 299 1878 1017 298 1771 1018 298 1907 1019 297 1792 1020 297 1907 1019 297 1771 1018 298 1907 1019 297 1792 1020 297 1924 1021 296 1802 1022 296 1924 1021 296 1792 1020 297 1924 1021 296 1802 1022 296 1941 1023 295 1812 1024 295 1941 1023 295 1802 1022 296 1941 1023 295 1812 1024 295 1827 1025 294 1702 1026 294 1827 1025 294 1812 1024 295 1827 1025 294 1702 1026 294 1822 1027 303 1415 1030 93 1685 1029 93 1691 1028 93 1685 1029 93 1415 1030 93 1539 1031 93 1403 1032 93 1539 1031 93 1415 1030 93 1539 1031 93 1403 1032 93 1532 1033 93 1435 1034 93 1532 1033 93 1403 1032 93 1532 1033 93 1435 1034 93 1554 1035 93 1423 1036 93 1554 1035 93 1435 1034 93 1554 1035 93 1423 1036 93 1546 1037 93 1454 1038 93 1546 1037 93 1423 1036 93 1546 1037 93 1454 1038 93 1568 1039 93 1443 1040 93 1568 1039 93 1454 1038 93 1568 1039 93 1443 1040 93 1560 1041 93 1472 1042 93 1560 1041 93 1443 1040 93 1560 1041 93 1472 1042 93 1582 1043 93 1463 1044 93 1582 1043 93 1472 1042 93 1582 1043 93 1463 1044 93 1574 1045 93 1487 1046 93 1574 1045 93 1463 1044 93 1574 1045 93 1487 1046 93 1594 1047 93 1479 1048 93 1594 1047 93 1487 1046 93 1594 1047 93 1479 1048 93 1588 1049 93 1500 1050 93 1588 1049 93 1479 1048 93 1588 1049 93 1500 1050 93 1604 1051 93 1493 1052 93 1604 1051 93 1500 1050 93 1604 1051 93 1493 1052 93 1598 1053 93 1534 1001 298 1555 1055 305 1540 1054 304 1555 1055 305 1534 1001 298 1562 1056 306 1548 999 297 1562 1056 306 1534 1001 298 1562 1056 306 1548 999 297 1576 1057 307 1569 997 296 1576 1057 307 1548 999 297 1576 1057 307 1569 997 296 1590 1058 308 1583 995 295 1590 1058 308 1569 997 296 1590 1058 308 1583 995 295 1488 1059 309 1481 993 294 1488 1059 309 1583 995 295 1488 1059 309 1481 993 294 1713 1060 310 1707 1061 303 1713 1060 310 1481 993 294 1713 1060 310 1707 1061 303 1702 1026 294 937 1064 313 920 1063 312 929 1062 311 920 1063 312 937 1064 313 945 1065 314 959 1066 315 945 1065 314 937 1064 313 945 1065 314 959 1066 315 950 1067 316 967 1068 317 950 1067 316 959 1066 315 950 1067 316 967 1068 317 975 1069 318 989 1070 319 975 1069 318 967 1068 317 975 1069 318 989 1070 319 980 1071 320 997 1072 321 980 1071 320 989 1070 319 980 1071 320 997 1072 321 1005 1073 322 1019 1074 323 1005 1073 322 997 1072 321 1005 1073 322 1019 1074 323 1010 1075 324 44 1078 326 127 1077 325 118 1076 325 127 1077 325 44 1078 326 52 1079 326 26 1080 327 52 1079 326 44 1078 326 52 1079 326 26 1080 327 35 1081 327 5 1082 328 35 1081 327 26 1080 327 35 1081 327 5 1082 328 16 1083 328 2152 1084 329 16 1083 328 5 1082 328 16 1083 328 2152 1084 329 2162 1085 329 2092 1086 330 2162 1085 329 2152 1084 329 2162 1085 329 2092 1086 330 2101 1087 330 2074 1088 331 2101 1087 330 2092 1086 330 2101 1087 330 2074 1088 331 2082 1089 331 836 1092 334 1455 1091 333 1445 1090 332 1455 1091 333 836 1092 334 845 1093 335 860 1094 336 845 1093 335 836 1092 334 845 1093 335 860 1094 336 851 1095 337 872 1096 338 851 1095 337 860 1094 336 851 1095 337 872 1096 338 881 1097 339 897 1098 340 881 1097 339 872 1096 338 881 1097 339 897 1098 340 887 1099 242 906 1100 341 887 1099 242 897 1098 340 887 1099 242 906 1100 341 913 1101 342 929 1062 311 913 1101 342 906 1100 341 913 1101 342 929 1062 311 920 1063 312 2110 1104 345 165 1103 344 156 1102 343 165 1103 344 2110 1104 345 2121 1105 345 2141 1106 346 2121 1105 345 2110 1104 345 2121 1105 345 2141 1106 346 2131 1107 346 2181 1108 347 2131 1107 346 2141 1106 346 2131 1107 346 2181 1108 347 2171 1109 347 61 1110 348 2171 1109 347 2181 1108 347 2171 1109 347 61 1110 348 71 1111 348 91 1112 349 71 1111 348 61 1110 348 71 1111 348 91 1112 349 81 1113 349 108 1114 350 81 1113 349 91 1112 349 81 1113 349 108 1114 350 100 1115 350 1839 1118 310 1822 1117 303 1600 1116 294 1822 1117 303 1839 1118 310 1827 1119 294 1833 1120 309 1827 1119 294 1839 1118 310 1827 1119 294 1833 1120 309 1941 1121 295 1949 1122 308 1941 1121 295 1833 1120 309 1941 1121 295 1949 1122 308 1924 1123 296 1933 1124 307 1924 1123 296 1949 1122 308 1924 1123 296 1933 1124 307 1907 1125 297 1918 1126 306 1907 1125 297 1933 1124 307 1907 1125 297 1918 1126 306 1878 1127 298 1912 1128 305 1878 1127 298 1918 1126 306 1878 1127 298 1912 1128 305 1900 1129 351 1562 1132 306 1653 1131 305 1555 1130 305 1653 1131 305 1562 1132 306 1663 1133 306 1576 1134 307 1663 1133 306 1562 1132 306 1663 1133 306 1576 1134 307 1673 1135 307 1590 1136 308 1673 1135 307 1576 1134 307 1673 1135 307 1590 1136 308 1683 1137 308 1488 1138 309 1683 1137 308 1590 1136 308 1683 1137 308 1488 1138 309 1595 1139 309 1713 1140 310 1595 1139 309 1488 1138 309 1595 1139 309 1713 1140 310 1839 1118 310 1833 1120 309 1839 1118 310 1713 1140 310 1739 1142 353 1725 1009 302 1719 1141 352 1725 1009 302 1739 1142 353 1732 1012 301 1752 1143 354 1732 1012 301 1739 1142 353 1732 1012 301 1752 1143 354 1745 1014 300 1764 1144 355 1745 1014 300 1752 1143 354 1745 1014 300 1764 1144 355 1759 1016 299 1777 1145 304 1759 1016 299 1764 1144 355 1759 1016 299 1777 1145 304 1771 1018 298 1786 1146 305 1771 1018 298 1777 1145 304 1771 1018 298 1786 1146 305 1797 1147 306 481 1150 328 506 1149 327 496 1148 327 506 1149 327 481 1150 328 489 1151 328 443 1152 329 489 1151 328 481 1150 328 489 1151 328 443 1152 329 454 1153 329 372 1154 330 454 1153 329 443 1152 329 454 1153 329 372 1154 330 385 1155 330 336 1156 331 385 1155 330 372 1154 330 385 1155 330 336 1156 331 347 1157 331 261 1158 356 347 1157 331 336 1156 331 347 1157 331 261 1158 356 275 1158 356 1918 1126 306 1797 1159 306 1912 1128 305 1797 1159 306 1918 1126 306 1807 1160 307 1933 1124 307 1807 1160 307 1918 1126 306 1807 1160 307 1933 1124 307 1817 1161 308 1949 1122 308 1817 1161 308 1933 1124 307 1817 1161 308 1949 1122 308 1697 1162 309 1833 1120 309 1697 1162 309 1949 1122 308 1697 1162 309 1833 1120 309 1713 1140 310 597 1165 359 562 1164 358 552 1163 357 562 1164 358 597 1165 359 604 1166 359 623 1167 360 604 1166 359 597 1165 359 604 1166 359 623 1167 360 613 1168 360 688 1169 361 613 1168 360 623 1167 360 613 1168 360 688 1169 361 698 1170 361 679 1171 362 698 1170 361 688 1169 361 698 1170 361 679 1171 362 668 1171 362 1512 1172 93 1598 1053 93 1493 1052 93 1598 1053 93 1512 1172 93 1614 1173 93 1505 1174 93 1614 1173 93 1512 1172 93 1614 1173 93 1505 1174 93 1608 1175 93 1524 1176 93 1608 1175 93 1505 1174 93 1608 1175 93 1524 1176 93 1623 1177 93 1517 1178 93 1623 1177 93 1524 1176 93 1623 1177 93 1517 1178 93 1618 1179 93 394 1182 345 551 1181 364 559 1180 363 551 1181 364 394 1182 345 407 1183 345 431 1184 346 407 1183 345 394 1182 345 407 1183 345 431 1184 346 420 1185 346 472 1186 347 420 1185 346 431 1184 346 420 1185 346 472 1186 347 464 1187 347 521 1188 348 464 1187 347 472 1186 347 464 1187 347 521 1188 348 514 1189 348 786 1191 329 827 1190 328 819 1190 328 827 1190 328 786 1191 329 796 1192 329 746 1193 330 796 1192 329 786 1191 329 796 1192 329 746 1193 330 757 1194 330 707 1195 331 757 1194 330 746 1193 330 757 1194 330 707 1195 331 717 1196 331 670 1197 356 717 1196 331 707 1195 331 717 1196 331 670 1197 356 681 1197 356 1027 1198 365 1010 1075 324 1019 1074 323 1010 1075 324 1027 1198 365 1036 1199 366 1053 1200 367 1036 1199 366 1027 1198 365 1036 1199 366 1053 1200 367 1044 1201 368 1063 1202 369 1044 1201 368 1053 1200 367 1044 1201 368 1063 1202 369 1071 1203 370 1391 1204 371 1071 1203 370 1063 1202 369 1071 1203 370 1391 1204 371 1360 1205 372 2041 1208 374 94 1207 374 2078 1206 373 94 1207 374 2041 1208 374 110 1209 375 102 1210 375 110 1209 375 2041 1208 374 110 1209 375 102 1210 375 159 1211 376 169 1212 376 159 1211 376 102 1210 375 159 1211 376 169 1212 376 194 1213 254 181 1214 254 194 1213 254 169 1212 376 1619 1217 354 1525 1216 355 1625 1215 377 1525 1216 355 1619 1217 354 1513 1218 354 1610 1219 353 1513 1218 354 1619 1217 354 1513 1218 354 1610 1219 353 1501 1220 353 1856 1221 352 1501 1220 353 1610 1219 353 1501 1220 353 1856 1221 352 1719 1222 352 1739 1223 353 1719 1222 352 1856 1221 352 137 1226 360 1902 1225 379 1778 1224 378 1902 1225 379 137 1226 360 147 1227 360 2038 1228 361 147 1227 360 137 1226 360 147 1227 360 2038 1228 361 2048 1229 361 2029 1230 362 2048 1229 361 2038 1228 361 2048 1229 361 2029 1230 362 2019 1231 362 214 1234 376 244 1233 254 227 1232 254 244 1233 254 214 1234 376 201 1235 376 177 1236 375 201 1235 376 214 1234 376 201 1235 376 177 1236 375 190 1237 375 2059 1238 380 190 1237 375 177 1236 375 190 1237 375 2059 1238 380 2068 1239 381 765 1242 346 812 1241 347 803 1240 347 812 1241 347 765 1242 346 776 1243 346 725 1244 345 776 1243 346 765 1242 346 776 1243 346 725 1244 345 736 1245 345 1643 1246 382 736 1245 345 725 1244 345 736 1245 345 1643 1246 382 1652 1247 382 1975 1250 376 2009 1249 254 1999 1248 254 2009 1249 254 1975 1250 376 1986 1251 376 1957 1252 375 1986 1251 376 1975 1250 376 1986 1251 376 1957 1252 375 1966 1253 375 1765 1254 374 1966 1253 375 1957 1252 375 1966 1253 375 1765 1254 374 1893 1255 383 530 1258 360 158 1257 357 167 1256 384 158 1257 357 530 1258 360 541 1259 360 287 1260 361 541 1259 360 530 1258 360 541 1259 360 287 1260 361 301 1261 361 273 1262 362 301 1261 361 287 1260 361 301 1261 361 273 1262 362 259 1263 362 1850 1264 302 1856 1221 352 1610 1219 353 1856 1221 352 1850 1264 302 1862 1265 353 1844 1266 301 1862 1265 353 1850 1264 302 1862 1265 353 1844 1266 301 1872 1267 354 1867 1268 300 1872 1267 354 1844 1266 301 1872 1267 354 1867 1268 300 1885 1269 299 638 1271 376 660 1270 254 649 1270 254 660 1270 254 638 1271 376 630 1272 376 578 1273 375 630 1272 376 638 1271 376 630 1272 376 578 1273 375 588 1274 375 312 1275 374 588 1274 375 578 1273 375 1383 1278 385 1457 1277 91 1465 1276 93 1457 1277 91 1383 1278 385 1416 1279 292 1393 1280 386 1416 1279 292 1383 1278 385 1416 1279 292 1393 1280 386 1405 1281 258 1417 1282 387 1445 1090 332 1455 1091 333 1445 1090 332 1417 1282 387 1437 1283 388 1406 1284 389 1437 1283 388 1417 1282 387 1437 1283 388 1406 1284 389 1426 1285 390 1436 1288 270 1474 1287 92 1446 1286 90 1474 1287 92 1436 1288 270 1374 1289 391 1425 1290 258 1374 1289 391 1436 1288 270 1374 1289 391 1425 1290 258 1362 1291 392 1926 1294 393 1780 1293 93 1795 1292 91 1780 1293 93 1926 1294 393 1761 1295 92 1747 1296 394 1761 1295 92 1926 1294 393 1761 1295 92 1747 1296 394 1710 1297 90 560 1300 395 373 1299 92 395 1298 90 373 1299 92 560 1300 395 335 1301 93 358 1302 396 335 1301 93 560 1300 395 335 1301 93 358 1302 396 325 1303 91 157 1306 397 2093 1305 92 2111 1304 90 2093 1305 92 157 1306 397 2075 1307 92 2066 1308 398 2075 1307 92 157 1306 397 2075 1307 92 2066 1308 398 2011 1309 91 1103 1312 399 862 1311 91 1078 1310 93 862 1311 91 1103 1312 399 871 1312 258 898 1313 90 871 1312 258 1103 1312 399 1141 911 399 931 1315 91 1111 1314 93 931 1315 91 1141 911 399 936 1316 258 960 1317 90 936 1316 258 1141 911 399 1208 1320 399 1055 1319 91 1188 1318 93 1055 1319 91 1208 1320 399 1062 1321 258 1392 1322 90 1062 1321 258 1208 1320 399 1160 909 399 961 909 91 1131 909 93 961 909 91 1160 909 399 966 909 258 990 909 90 966 909 258 1160 909 399 1375 1325 93 1465 1324 93 1473 1323 93 1465 1324 93 1375 1325 93 1384 1326 93 1394 1327 93 1384 1326 93 1375 1325 93 1120 1329 399 899 1328 91 1095 1328 93 899 1328 91 1120 1329 399 905 1329 258 930 1330 90 905 1329 258 1120 1329 399 2083 1333 92 2057 1332 394 166 1331 393 2057 1332 394 2083 1333 92 2000 1334 90 2032 1335 92 2000 1334 90 2083 1333 92 384 1338 93 550 1337 400 409 1336 91 550 1337 400 384 1338 93 313 1339 90 348 1340 92 313 1339 90 384 1338 93 1622 1342 399 1320 1341 90 1609 1341 92 1320 1341 90 1622 1342 399 1372 1342 258 1361 1343 91 1372 1342 258 1622 1342 399 1593 1345 399 1206 1344 90 1575 1344 92 1206 1344 90 1593 1345 399 1253 1345 258 1245 1346 91 1253 1345 258 1593 1345 399 1553 1348 399 1093 1347 90 1533 1347 92 1093 1347 90 1553 1348 399 1139 1349 258 1130 1350 91 1139 1349 258 1553 1348 399 279 1353 92 1408 1352 401 1395 1351 90 1408 1352 401 279 1353 92 196 1354 91 231 1355 93 196 1354 91 279 1353 92 1912 1128 305 1777 1356 304 1900 1129 351 1777 1356 304 1912 1128 305 1786 1357 305 1797 1159 306 1786 1357 305 1912 1128 305 1603 1358 399 1244 1358 90 1589 1358 92 1244 1358 90 1603 1358 399 1291 1358 258 1283 1358 91 1291 1358 258 1603 1358 399 1428 1361 402 263 1360 93 1365 1359 91 263 1360 93 1428 1361 402 220 1362 92 182 1363 90 220 1362 92 1428 1361 402 1581 1365 399 1168 1364 90 1561 1364 92 1168 1364 90 1581 1365 399 1215 1366 258 1207 1367 91 1215 1366 258 1581 1365 399 1567 1368 399 1129 1368 90 1547 1368 92 1129 1368 90 1567 1368 399 1177 1368 258 1169 1368 91 1177 1368 258 1567 1368 399 1086 1371 399 1447 1370 91 1473 1369 93 1447 1370 91 1086 1371 399 835 1371 258 861 1372 90 835 1371 258 1086 1371 399 1538 1375 399 1676 1374 90 1686 1373 92 1676 1374 90 1538 1375 399 1101 1376 258 1094 1377 91 1101 1376 258 1538 1375 399 1613 1378 399 1282 1378 90 1599 1378 92 1282 1378 90 1613 1378 399 1329 1378 258 1321 1378 91 1329 1378 258 1613 1378 399 2053 1381 382 2044 1380 382 2076 1379 403 2044 1380 382 2053 1381 382 1978 1382 264 1989 1383 264 1978 1382 264 2053 1381 382 1632 1386 299 1644 1385 351 1637 1384 298 1644 1385 351 1632 1386 299 1624 1387 404 1619 1217 354 1624 1387 404 1632 1386 299 1179 908 399 991 908 91 1150 908 93 991 908 91 1179 908 399 996 908 258 1020 908 90 996 908 258 1179 908 399 1198 1390 399 1021 1389 91 1170 1388 93 1021 1389 91 1198 1390 399 1026 1390 258 1054 1391 90 1026 1390 258 1198 1390 399 1885 1269 299 1891 1392 404 1872 1267 354 1891 1392 404 1885 1269 299 1900 1129 351 1878 1127 298 1900 1129 351 1885 1269 299 1768 1395 92 1754 1394 398 1936 1393 397 1754 1394 398 1768 1395 92 1717 1396 91 1734 1397 93 1717 1396 91 1768 1395 92 1822 1027 303 1481 993 294 1600 994 294 1481 993 294 1822 1027 303 1707 1061 303 1702 1026 294 1707 1061 303 1822 1027 303 150 1400 360 130 1399 359 121 1398 360 130 1399 359 150 1400 360 141 1401 359 75 1404 364 2124 1403 345 84 1402 363 2124 1403 345 75 1404 364 2113 1405 345 1928 1407 405 1944 1407 91 1748 1406 90 1944 1407 91 1928 1407 405 54 1408 93 1937 1411 357 55 1410 360 1927 1409 384 55 1410 360 1937 1411 357 65 1412 360 1971 1414 91 56 1414 92 2003 1413 93 56 1414 92 1971 1414 91 1943 1415 90 9 1417 92 38 1417 91 2175 1416 90 38 1417 91 9 1417 92 28 1418 93 2156 1420 92 2176 1420 91 2104 1419 90 2176 1420 91 2156 1420 92 7 1421 93 2096 1423 92 2105 1423 91 2114 1422 90 2105 1423 91 2096 1423 92 2154 1424 93 2015 1426 92 2043 1426 91 1980 1425 90 2043 1426 91 2015 1426 92 2060 1427 93 2004 1429 92 1981 1429 91 1970 1428 90 1981 1429 91 2004 1429 92 2013 1430 93 19 1432 92 2166 1432 91 47 1431 90 2166 1432 91 19 1432 92 2184 1433 93 2186 1435 92 2136 1435 91 2165 1434 90 2136 1435 91 2186 1435 92 2144 1436 93 2146 1438 92 2126 1438 91 2135 1437 90 2126 1438 91 2146 1438 92 2084 1439 93 2071 1441 92 1992 1441 91 2051 1440 90 1992 1441 91 2071 1441 92 2024 1442 93 2026 1444 92 1962 1444 91 1991 1443 90 1962 1444 91 2026 1444 92 2034 1445 93 1961 1447 90 64 1447 93 1952 1446 91 64 1447 93 1961 1447 90 2035 1448 92 66 1450 92 1755 1450 91 1951 1449 90 1755 1450 91 66 1450 92 1934 1451 93 65 1412 360 2002 1452 361 55 1410 360 2002 1452 361 65 1412 360 2033 1453 361 46 1456 348 2174 1455 347 37 1454 348 2174 1455 347 46 1456 348 2164 1457 347 29 1460 327 2185 1459 328 18 1458 327 2185 1459 328 29 1460 327 8 1461 328 8 1461 328 2145 1462 329 2185 1459 328 2145 1462 329 8 1461 328 2155 1463 329 2164 1457 347 2103 1464 346 2174 1455 347 2103 1464 346 2164 1457 347 2134 1465 346 2155 1463 329 2085 1466 330 2145 1462 329 2085 1466 330 2155 1463 329 2095 1467 330 2113 1405 345 2134 1465 346 2124 1403 345 2134 1465 346 2113 1405 345 2103 1464 346 2095 1467 330 2070 1468 331 2085 1466 330 2070 1468 331 2095 1467 330 2061 1469 331 2061 1469 331 2025 1470 356 2070 1468 331 2025 1470 356 2061 1469 331 2014 1470 356 2012 1472 362 2033 1453 361 2023 1471 362 2033 1453 361 2012 1472 362 2002 1452 361 1990 1475 254 1969 1474 376 1979 1473 254 1969 1474 376 1990 1475 254 1960 1476 376 1960 1476 376 1942 1477 375 1969 1474 376 1942 1477 375 1960 1476 376 1950 1478 375 1749 1480 380 1950 1478 375 1756 1479 381 1950 1478 375 1749 1480 380 1942 1477 375 1925 1483 344 1798 1482 345 1935 1481 343 1798 1482 345 1925 1483 344 1793 1484 345 1542 1486 406 1689 1486 91 1527 1485 90 1689 1486 91 1542 1486 406 1919 1487 93 1646 1490 379 1920 1489 360 1541 1488 378 1920 1489 360 1646 1490 379 1914 1491 360 1921 1493 92 1700 1493 91 1688 1492 90 1700 1493 91 1921 1493 92 1721 1494 93 1836 1496 92 1870 1496 91 1824 1495 90 1870 1496 91 1836 1496 92 1845 1497 93 1859 1499 92 1896 1499 91 1864 1498 90 1896 1499 91 1859 1499 92 1908 1500 93 1847 1502 92 1865 1502 91 1869 1501 90 1865 1502 91 1847 1502 92 1857 1503 93 1815 1505 92 1825 1505 91 1788 1504 90 1825 1505 91 1815 1505 92 1834 1506 93 1782 1508 92 1789 1508 91 1794 1507 90 1789 1508 91 1782 1508 92 1813 1509 93 1722 1511 92 1711 1511 91 1699 1510 90 1711 1511 91 1722 1511 92 1727 1512 93 1875 1514 91 1854 1514 92 1840 1513 93 1854 1514 92 1875 1514 91 1880 1515 90 1842 1517 92 1820 1517 91 1874 1516 90 1820 1517 91 1842 1517 92 1828 1518 93 1904 1520 92 1881 1520 91 1887 1519 90 1881 1520 91 1904 1520 92 1852 1521 93 1830 1523 92 1805 1523 91 1819 1522 90 1805 1523 91 1830 1523 92 1808 1524 93 1810 1526 92 1800 1526 91 1804 1525 90 1800 1526 91 1810 1526 92 1772 1527 93 1736 1529 92 1705 1529 91 1716 1528 90 1705 1529 91 1736 1529 92 1741 1530 93 1695 1532 91 1742 1532 92 1913 1531 93 1742 1532 92 1695 1532 91 1704 1533 90 1915 1535 92 1627 1535 91 1694 1534 90 1627 1535 91 1915 1535 92 1645 1536 93 1914 1491 360 1720 1537 361 1920 1489 360 1720 1537 361 1914 1491 360 1740 1538 361 1909 1541 325 1853 1540 326 1903 1539 325 1853 1540 326 1909 1541 325 1858 1542 326 1886 1545 350 1863 1544 349 1895 1543 350 1863 1544 349 1886 1545 350 1879 1546 349 1879 1546 349 1868 1547 348 1863 1544 349 1868 1547 348 1879 1546 349 1873 1548 348 1873 1548 348 1823 1549 347 1868 1547 348 1823 1549 347 1873 1548 348 1818 1550 347 1858 1542 326 1841 1551 327 1853 1540 326 1841 1551 327 1858 1542 326 1846 1552 327 1846 1552 327 1829 1553 328 1841 1551 327 1829 1553 328 1846 1552 327 1835 1554 328 1835 1554 328 1809 1555 329 1829 1553 328 1809 1555 329 1835 1554 328 1814 1556 329 1818 1550 347 1787 1557 346 1823 1549 347 1787 1557 346 1818 1550 347 1803 1558 346 1814 1556 329 1773 1559 330 1809 1555 329 1773 1559 330 1814 1556 329 1781 1560 330 1793 1484 345 1803 1558 346 1798 1482 345 1803 1558 346 1793 1484 345 1787 1557 346 1781 1560 330 1767 1561 331 1773 1559 330 1767 1561 331 1781 1560 330 1760 1562 331 1760 1562 331 1735 1563 356 1767 1561 331 1735 1563 356 1760 1562 331 1728 1564 356 1708 1566 264 1753 1566 407 1714 1565 264 1753 1566 407 1708 1566 264 1746 1567 408 1726 1569 362 1740 1538 361 1733 1568 362 1740 1538 361 1726 1569 362 1720 1537 361 1715 1572 254 1698 1571 376 1709 1570 254 1698 1571 376 1715 1572 254 1703 1573 376 1703 1573 376 1687 1574 375 1698 1571 376 1687 1574 375 1703 1573 376 1693 1575 375 1526 1577 374 1693 1575 375 1626 1576 383 1693 1575 375 1526 1577 374 1687 1574 375 1540 1578 304 1653 1131 305 1644 1385 351 1653 1131 305 1540 1578 304 1555 1130 305 1045 1579 90 1353 1580 399 1342 1579 92 1353 1580 399 1045 1579 90 1070 1580 258 951 1581 90 1293 1582 399 1285 1581 92 1293 1582 399 951 1581 90 974 1582 258 852 1583 90 1236 1584 399 1227 1583 92 1236 1584 399 852 1583 90 880 1584 258 1322 1587 93 1199 1586 93 1170 1585 93 1199 1586 93 1322 1587 93 1332 1588 93 1011 1589 90 1331 1589 399 1323 1589 92 1331 1589 399 1011 1589 90 1035 1589 258 981 1590 90 1312 1590 399 1303 1590 92 1312 1590 399 981 1590 90 1004 1590 258 1264 1593 93 1142 1592 93 1111 1591 93 1142 1592 93 1264 1593 93 1275 1594 93 888 1595 90 1255 1595 399 1247 1595 92 1255 1595 399 888 1595 90 912 1595 258 1465 1324 93 1087 1596 93 1473 1323 93 1087 1596 93 1465 1324 93 1218 1597 93 1456 1598 90 1217 1599 399 1466 1598 92 1217 1599 399 1456 1598 90 844 1599 258 1218 1597 93 1078 1600 93 1087 1596 93 1078 1600 93 1218 1597 93 1226 1601 93 1226 1601 93 1104 1602 93 1078 1600 93 1104 1602 93 1226 1601 93 1237 1603 93 1237 1603 93 1095 1604 93 1104 1602 93 1095 1604 93 1237 1603 93 1246 1605 93 1246 1605 93 1121 1606 93 1095 1604 93 1121 1606 93 1246 1605 93 1256 1607 93 1111 1591 93 1256 1607 93 1264 1593 93 1256 1607 93 1111 1591 93 1121 1606 93 1275 1594 93 1131 1608 93 1142 1592 93 1131 1608 93 1275 1594 93 1284 1609 93 1284 1609 93 1161 1610 93 1131 1608 93 1161 1610 93 1284 1609 93 1294 1611 93 1294 1611 93 1150 1612 93 1161 1610 93 1150 1612 93 1294 1611 93 1302 1613 93 1302 1613 93 1180 1614 93 1150 1612 93 1180 1614 93 1302 1613 93 1313 1615 93 1170 1585 93 1313 1615 93 1322 1587 93 1313 1615 93 1170 1585 93 1180 1614 93 1332 1588 93 1188 1616 93 1199 1586 93 1188 1616 93 1332 1588 93 1341 1617 93 1341 1617 93 1209 1618 93 1188 1616 93 1209 1618 93 1341 1617 93 1354 1619 93 1517 1178 93 1354 1619 93 1618 1179 93 1354 1619 93 1517 1178 93 1209 1618 93 1353 1580 399 1361 1343 91 1618 1343 93 1361 1343 91 1353 1580 399 1070 1580 258 1331 1589 399 1046 1589 91 1341 1589 93 1046 1589 91 1331 1589 399 1035 1589 258 1312 1590 399 1012 1590 91 1322 1590 93 1012 1590 91 1312 1590 399 1004 1590 258 1293 1582 399 982 1620 91 1302 1620 93 982 1620 91 1293 1582 399 974 1582 258 1274 1622 399 952 1621 91 1284 1621 93 952 1621 91 1274 1622 399 944 1623 258 1255 1595 399 922 1595 91 1264 1595 93 922 1595 91 1255 1595 399 912 1595 258 1236 1584 399 889 1625 91 1246 1624 93 889 1625 91 1236 1584 399 880 1584 258 1217 1599 399 853 1627 91 1226 1626 93 853 1627 91 1217 1599 399 844 1599 258 87 1629 358 141 1401 359 76 1628 357 141 1401 359 87 1629 358 130 1399 359 171 1631 91 151 1631 92 205 1630 93 151 1631 92 171 1631 91 103 1632 90 921 1634 90 1274 1622 399 1265 1633 92 1274 1622 399 921 1634 90 944 1623 258 640 1636 91 624 1636 92 579 1635 90 624 1636 92 640 1636 91 689 1637 93 797 1639 92 804 1639 91 826 1638 93 804 1639 91 797 1639 92 766 1640 90 758 1642 92 767 1642 91 795 1641 93 767 1642 91 758 1642 92 726 1643 90 718 1645 92 727 1645 91 756 1644 93 727 1645 91 718 1645 92 1641 1646 90 376 1648 92 398 1648 91 339 1647 90 398 1648 91 376 1648 92 423 1649 93 329 1651 92 340 1651 91 291 1650 90 340 1651 91 329 1651 92 374 1652 93 265 1654 92 292 1654 91 1364 1653 90 292 1654 91 265 1654 92 327 1655 93 690 1657 92 651 1657 91 680 1656 93 651 1657 91 690 1657 92 639 1658 90 596 1660 92 580 1660 91 622 1659 93 580 1660 91 596 1660 92 313 1661 90 820 1663 92 778 1663 91 785 1662 93 778 1663 91 820 1663 92 813 1664 90 787 1666 92 738 1666 91 745 1665 93 738 1666 91 787 1666 92 777 1667 90 747 1669 92 1651 1669 91 706 1668 93 1651 1669 91 747 1669 92 737 1670 90 671 1672 92 632 1672 91 699 1671 93 632 1672 91 671 1672 92 661 1673 90 631 1675 90 612 1675 93 700 1674 92 612 1675 93 631 1675 90 590 1676 91 614 1678 92 570 1678 91 602 1677 93 570 1678 91 614 1678 92 589 1679 90 603 1681 92 360 1681 410 561 1680 409 360 1681 410 603 1681 92 569 1682 90 648 1684 264 1657 1684 412 1667 1683 411 1657 1684 412 648 1684 264 659 1685 264 206 1687 92 183 1687 91 170 1686 90 183 1687 91 206 1687 92 218 1688 93 140 1690 92 104 1690 91 2042 1689 90 104 1690 91 140 1690 92 149 1691 93 168 1693 405 179 1693 91 529 1692 93 179 1693 91 168 1693 405 2058 1694 90 216 1696 91 531 1696 92 178 1695 90 531 1696 92 216 1696 91 288 1697 93 490 1699 92 515 1699 91 505 1698 93 515 1699 91 490 1699 92 465 1700 90 455 1702 92 466 1702 91 488 1701 93 466 1702 91 455 1702 92 421 1703 90 386 1705 92 422 1705 91 453 1704 93 422 1705 91 386 1705 92 408 1706 90 411 1708 92 351 1708 91 388 1707 90 351 1708 91 411 1708 92 361 1709 93 276 1711 92 314 1711 91 346 1710 93 314 1711 91 276 1711 92 228 1712 90 289 1714 92 229 1714 91 274 1713 93 229 1714 91 289 1714 92 215 1715 90 497 1717 92 474 1717 91 480 1716 93 474 1717 91 497 1717 92 522 1718 90 482 1720 92 433 1720 91 442 1719 93 433 1720 91 482 1720 92 473 1721 90 444 1723 92 396 1723 91 371 1722 93 396 1723 91 444 1723 92 432 1724 90 363 1726 92 306 1726 91 350 1725 90 306 1726 91 363 1726 92 316 1727 93 337 1729 92 246 1729 91 260 1728 93 246 1729 91 337 1729 92 324 1730 90 262 1732 92 203 1732 91 302 1731 93 203 1732 91 262 1732 92 245 1733 90 202 1735 90 540 1735 93 303 1734 92 540 1735 93 202 1735 90 192 1736 91 542 1738 92 2067 1738 91 155 1737 93 2067 1738 91 542 1738 92 191 1739 90 318 1741 92 1396 1741 91 305 1740 90 1396 1741 91 318 1741 92 277 1742 93 233 1744 92 161 1744 91 195 1743 90 161 1744 91 233 1744 92 248 1745 93 1779 1747 406 1959 1747 91 136 1746 93 1959 1747 91 1779 1747 406 1766 1748 90 138 1750 92 1977 1750 91 2039 1749 93 1977 1750 91 138 1750 92 1958 1751 90 17 1753 92 73 1753 91 34 1752 93 73 1753 91 17 1753 92 2172 1754 90 53 1756 92 101 1756 91 126 1755 93 101 1756 91 53 1756 92 82 1757 90 36 1759 92 83 1759 91 51 1758 93 83 1759 91 36 1759 92 72 1760 90 2163 1762 92 2173 1762 91 15 1761 93 2173 1762 91 2163 1762 92 2132 1763 90 2102 1765 92 2133 1765 91 2161 1764 93 2133 1765 91 2102 1765 92 2122 1766 90 2040 1768 92 2001 1768 91 2030 1767 93 2001 1768 91 2040 1768 92 1976 1769 90 63 1771 91 45 1771 92 92 1770 90 45 1771 92 63 1771 91 25 1772 93 27 1774 92 2183 1774 91 4 1773 93 2183 1774 91 27 1774 92 62 1775 90 119 1777 92 93 1777 91 43 1776 93 93 1777 91 119 1777 92 109 1778 90 6 1780 92 2143 1780 91 2151 1779 93 2143 1780 91 6 1780 92 2182 1781 90 2153 1783 92 2112 1783 91 2091 1782 93 2112 1783 91 2153 1783 92 2142 1784 90 2022 1786 92 1988 1786 91 2049 1785 93 1988 1786 91 2022 1786 92 2010 1787 90 1968 1789 91 2050 1789 92 1987 1788 90 2050 1789 92 1968 1789 91 146 1790 93 148 1792 92 1894 1792 91 1901 1791 93 1894 1792 91 148 1792 92 1967 1793 90 2082 1089 331 2021 1794 356 2031 1794 356 2021 1794 356 2082 1089 331 2074 1088 331 1998 1796 264 2065 1796 407 2056 1795 408 2065 1796 407 1998 1796 264 2008 1797 264 160 1799 90 120 1799 93 112 1798 91 120 1799 93 160 1799 90 249 1800 92 122 1802 92 96 1802 91 111 1801 90 96 1802 91 122 1802 92 128 1803 93 1764 1805 355 1872 1267 354 1892 1804 377 1872 1267 354 1764 1805 355 1752 1806 354 1752 1806 354 1862 1265 353 1872 1267 354 1862 1265 353 1752 1806 354 1739 1223 353 1692 1809 92 1671 1808 270 1681 1807 90 1671 1808 270 1692 1809 92 1635 1810 391 1685 1029 93 1636 1811 93 1691 1028 93 1636 1811 93 1685 1029 93 1631 1812 93 2077 1815 396 2069 1814 93 2052 1813 91 2069 1814 93 2077 1815 396 85 1816 395 1680 1819 332 1662 1818 387 1675 1817 333 1662 1818 387 1680 1819 332 1672 1820 388 1352 1821 91 1523 1822 399 1505 1821 93 1523 1822 399 1352 1821 91 1381 1822 258 2086 1824 92 85 1816 395 2125 1823 90 85 1816 395 2086 1824 92 2069 1814 93 1235 940 91 1486 940 399 1463 940 93 1486 940 399 1235 940 91 1262 940 258 74 1827 400 2094 1826 93 2115 1825 91 2094 1826 93 74 1827 400 2042 1828 90 1119 1829 91 1434 1830 399 1403 1829 93 1434 1830 399 1119 1829 91 1148 1830 258 1774 1832 92 1936 1393 397 1799 1831 90 1936 1393 397 1774 1832 92 1768 1395 92 1311 1835 91 1511 1834 399 1493 1833 93 1511 1834 399 1311 1835 91 1339 1834 258 1658 1838 401 708 1837 92 1650 1836 90 708 1837 92 1658 1838 401 662 1839 91 716 1842 93 1668 1841 402 1642 1840 91 1668 1841 402 716 1842 93 682 1843 92 1281 1846 324 1340 1845 365 1309 1844 323 1340 1845 365 1281 1846 324 1330 1847 366 1273 939 91 1499 1848 399 1479 939 93 1499 1848 399 1273 939 91 1300 1848 258 568 1850 374 312 1275 374 359 1849 373 312 1275 374 568 1850 374 588 1274 375 1197 1853 91 1471 1852 399 1443 1851 93 1471 1852 399 1197 1853 91 1224 1852 258 315 1856 382 326 1855 382 357 1854 403 326 1855 382 315 1856 382 226 1857 264 2100 1859 93 166 1331 393 2123 1858 91 166 1331 393 2100 1859 93 2083 1333 92 1167 1862 312 1225 1861 313 1195 1860 311 1225 1861 313 1167 1862 312 1216 1863 314 1159 1864 91 1453 1865 399 1423 1864 93 1453 1865 399 1159 1864 91 1186 1865 258 129 1867 92 2079 1867 410 95 1866 90 2079 1867 410 129 1867 92 86 1868 409 1682 1871 91 1414 1870 399 1691 1869 93 1414 1870 399 1682 1871 91 1109 1872 258 424 1875 328 362 1874 329 410 1873 328 362 1874 329 424 1875 328 375 1876 329 387 1879 347 338 1878 346 397 1877 347 338 1878 346 387 1879 347 349 1880 346 1675 1817 333 1110 1881 334 1680 1819 332 1110 1881 334 1675 1817 333 1102 1882 335 1635 1810 391 1665 1883 258 1671 1808 270 1665 1883 258 1635 1810 391 1639 1884 392 1656 1886 389 1672 1820 388 1666 1885 390 1672 1820 388 1656 1886 389 1662 1818 387 1648 1889 386 1661 1888 292 1655 1887 258 1661 1888 292 1648 1889 386 1630 1890 385 1636 1811 93 1649 1892 93 1640 1891 93 1649 1892 93 1636 1811 93 1631 1812 93 1392 1322 90 1523 1822 399 1381 1822 258 1523 1822 399 1392 1322 90 1518 1893 92 1351 1894 90 1511 1834 399 1339 1834 258 1511 1834 399 1351 1894 90 1506 1894 92 1310 1895 90 1499 1848 399 1300 1848 258 1499 1848 399 1310 1895 90 1494 1895 92 1272 940 90 1486 940 399 1262 940 258 1486 940 399 1272 940 90 1480 940 92 1677 1897 91 1630 1890 385 1685 1896 93 1630 1890 385 1677 1897 91 1661 1888 292 1196 1898 90 1453 1865 399 1186 1865 258 1453 1865 399 1196 1898 90 1444 1898 92 1158 1899 90 1434 1830 399 1148 1830 258 1434 1830 399 1158 1899 90 1424 1900 92 1118 1901 90 1414 1870 399 1109 1872 258 1414 1870 399 1118 1901 90 1404 1901 92 1391 1204 371 1373 1902 370 1360 1205 372 1373 1902 370 1391 1204 371 1382 1903 369 1382 1903 369 1319 1904 368 1373 1902 370 1319 1904 368 1382 1903 369 1350 1905 367 1330 1847 366 1350 1905 367 1340 1845 365 1350 1905 367 1330 1847 366 1319 1904 368 1309 1844 323 1292 1906 322 1281 1846 324 1292 1906 322 1309 1844 323 1301 1907 321 1301 1907 321 1243 1908 320 1292 1906 322 1243 1908 320 1301 1907 321 1271 1909 319 1271 1909 319 1254 1910 318 1243 1908 320 1254 1910 318 1271 1909 319 1263 1911 317 1263 1911 317 1205 1912 316 1254 1910 318 1205 1912 316 1263 1911 317 1233 1913 315 1216 1863 314 1233 1913 315 1225 1861 313 1233 1913 315 1216 1863 314 1205 1912 316 1195 1860 311 1178 1914 342 1167 1862 312 1178 1914 342 1195 1860 311 1187 1915 341 1187 1915 341 1128 1916 242 1178 1914 342 1128 1916 242 1187 1915 341 1157 1917 340 1157 1917 340 1140 1918 339 1128 1916 242 1140 1918 339 1157 1917 340 1149 1919 338 1149 1919 338 1092 1920 337 1140 1918 339 1092 1920 337 1149 1919 338 1117 1921 336 1102 1882 335 1117 1921 336 1110 1881 334 1117 1921 336 1102 1882 335 1092 1920 337 375 1876 329 317 1922 330 362 1874 329 317 1922 330 375 1876 329 328 1923 330 1540 1054 304 1519 1003 299 1534 1001 298 1519 1003 299 1540 1054 304 1525 1924 355 1525 1924 355 1507 1005 300 1519 1003 299 1507 1005 300 1525 1924 355 1513 1925 354 1513 1925 354 1495 1007 301 1507 1005 300 1495 1007 301 1513 1925 354 1501 1926 353 1501 1926 353 1725 1009 302 1495 1007 301 1725 1009 302 1501 1926 353 1719 1141 352 349 1880 346 290 1927 345 338 1878 346 290 1927 345 349 1880 346 304 1928 345 1797 1147 306 1792 1020 297 1771 1018 298 1792 1020 297 1797 1147 306 1807 1929 307 1807 1929 307 1802 1022 296 1792 1020 297 1802 1022 296 1807 1929 307 1817 1930 308 1817 1930 308 1812 1024 295 1802 1022 296 1812 1024 295 1817 1930 308 1697 1931 309 1697 1931 309 1702 1026 294 1812 1024 295 1702 1026 294 1697 1931 309 1713 1060 310 1653 1131 305 1637 1384 298 1644 1385 351 1637 1384 298 1653 1131 305 1663 1133 306 1663 1133 306 1659 1932 297 1637 1384 298 1659 1932 297 1663 1133 306 1673 1135 307 1673 1135 307 1669 1933 296 1659 1932 297 1669 1933 296 1673 1135 307 1683 1137 308 1683 1137 308 1678 1934 295 1669 1933 296 1678 1934 295 1683 1137 308 1595 1139 309 1595 1139 309 1600 1116 294 1678 1934 295 1600 1116 294 1595 1139 309 1839 1118 310 328 1923 330 278 1935 331 317 1922 330 278 1935 331 328 1923 330 264 1936 331 1615 1937 300 1619 1217 354 1632 1386 299 1619 1217 354 1615 1937 300 1605 1938 301 1605 1938 301 1610 1219 353 1619 1217 354 1610 1219 353 1605 1938 301 1850 1264 302 1366 1940 382 304 1928 345 1397 1939 382 304 1928 345 1366 1940 382 290 1927 345 264 1936 331 232 1941 356 278 1935 331 232 1941 356 264 1936 331 219 1941 356 180 1943 264 1407 1943 412 193 1942 264 1407 1943 412 180 1943 264 1427 1944 411 217 1945 362 247 1946 361 230 1945 362 247 1946 361 217 1945 362 204 1947 361 204 1947 361 121 1398 360 247 1946 361 121 1398 360 204 1947 361 150 1400 360 1234 1948 90 1471 1852 399 1224 1852 258 1471 1852 399 1234 1948 90 1464 1948 92 1321 1378 91 1613 1378 399 1608 1378 93 1283 1358 91 1603 1358 399 1598 1358 93 1245 1346 91 1593 1345 399 1588 1346 93 1207 1367 91 1581 1365 399 1574 1949 93 1169 1368 91 1567 1368 399 1560 1368 93 1130 1350 91 1553 1348 399 1546 1950 93 1094 1377 91 1538 1375 399 1532 1377 93 314 1951 91 595 1951 93 553 1951 413 1198 1390 399 1189 1391 92 1054 1391 90 662 1839 91 669 1952 93 708 1837 92 2043 1953 91 77 1953 413 139 1953 93 1208 1320 399 1518 1893 92 1392 1322 90 1856 1221 352 1862 1265 353 1739 1223 353 1394 1327 93 1375 1325 93 1363 1954 93 1160 909 399 1151 909 92 990 909 90 1761 1295 92 1710 1297 90 1729 1955 92 2011 1309 91 2020 1956 93 2075 1307 92 1120 1329 399 1112 1330 92 930 1330 90 1086 1371 399 1079 1372 92 861 1372 90 1103 1312 399 1096 1313 92 898 1313 90 2094 1826 93 2042 1828 90 2062 1957 92 1179 908 399 1171 908 92 1020 908 90 1141 911 399 1132 1317 92 960 1317 90 650 1958 90 1668 1841 402 682 1843 92 326 1855 382 226 1857 264 243 1959 264 1361 1343 91 1622 1342 399 1618 1343 93 1563 781 416 1577 781 415 1584 781 414 1577 781 415 1563 781 416 1570 781 417 1514 781 418 1570 781 417 1563 781 416 1570 781 417 1514 781 418 1596 781 419 1528 781 420 1596 781 419 1514 781 418 1596 781 419 1528 781 420 1606 781 421 1601 781 422 1606 781 421 1528 781 420 1276 768 424 1343 768 414 1333 768 423 1343 768 414 1276 768 424 1286 768 416 1143 768 425 1286 768 416 1276 768 424 1286 768 416 1143 768 425 1152 768 418 1172 768 426 1152 768 418 1143 768 425 1152 768 418 1172 768 426 1162 768 427 1248 1962 429 1556 1961 428 1257 1960 428 1556 1961 428 1248 1962 429 1549 1963 429 1190 1964 420 1549 1963 429 1248 1962 429 1549 1963 429 1190 1964 420 1528 1965 420 1520 1966 427 1257 1960 428 1556 1961 428 1257 1960 428 1520 1966 427 1162 1967 427 1514 1968 418 1162 1967 427 1520 1966 427 1162 1967 427 1514 1968 418 1152 1969 418 1535 1972 431 1219 1971 430 1543 1970 430 1219 1971 430 1535 1972 431 1200 1973 431 1528 1965 420 1200 1973 431 1535 1972 431 1200 1973 431 1528 1965 420 1190 1964 420 1295 768 434 1496 768 433 1489 768 432 1496 768 433 1295 768 434 1304 768 417 1324 768 435 1304 768 417 1295 768 434 1304 768 417 1324 768 435 1314 768 415 1398 768 437 1219 768 430 1228 768 436 1219 768 430 1398 768 437 1409 768 422 1429 768 438 1409 768 422 1398 768 437 1409 768 422 1429 768 438 1418 768 421 1200 768 431 1228 768 436 1219 768 430 1228 768 436 1200 768 431 1210 768 439 1190 768 420 1210 768 439 1200 768 431 1210 768 439 1190 768 420 1181 768 440 1496 1976 433 1633 1975 441 1502 1974 441 1633 1975 441 1496 1976 433 1628 1977 433 1304 1978 417 1628 1977 433 1496 1976 433 1628 1977 433 1304 1978 417 1570 1979 417 1620 1980 442 1502 1974 441 1633 1975 441 1502 1974 441 1620 1980 442 1475 1981 442 1596 1982 419 1475 1981 442 1620 1980 442 1475 1981 442 1596 1982 419 1376 1983 419 1611 1986 444 1467 1985 443 1616 1984 443 1467 1985 443 1611 1986 444 1438 1987 444 1606 1988 421 1438 1987 444 1611 1986 444 1438 1987 444 1606 1988 421 1418 1989 421 1367 1990 445 1616 1984 443 1467 1985 443 1616 1984 443 1367 1990 445 1591 1991 445 1376 1983 419 1591 1991 445 1367 1990 445 1591 1991 445 1376 1983 419 1596 1982 419 1409 1992 422 1543 1970 430 1219 1971 430 1543 1970 430 1409 1992 422 1601 1993 422 1418 1989 421 1601 1993 422 1409 1992 422 1601 1993 422 1418 1989 421 1606 1988 421 1577 1996 415 1343 1995 414 1584 1994 414 1343 1995 414 1577 1996 415 1314 1997 415 1570 1979 417 1314 1997 415 1577 1996 415 1314 1997 415 1570 1979 417 1304 1978 417 1286 1998 416 1584 1994 414 1343 1995 414 1584 1994 414 1286 1998 416 1563 1999 416 1152 1969 418 1563 1999 416 1286 1998 416 1563 1999 416 1152 1969 418 1514 1968 418 1591 781 445 1611 781 444 1616 781 443 1611 781 444 1591 781 445 1606 781 421 1596 781 419 1606 781 421 1591 781 445 1549 781 429 1520 781 427 1556 781 428 1520 781 427 1549 781 429 1528 781 420 1628 781 433 1596 781 419 1620 781 442 1596 781 419 1628 781 433 1570 781 417 1502 768 441 1489 768 432 1496 768 433 1489 768 432 1502 768 441 1508 768 446 1376 768 419 1482 768 447 1475 768 442 1482 768 447 1376 768 419 1385 768 448 1467 768 443 1355 768 449 1367 768 445 1355 768 449 1467 768 443 1458 768 450 1418 768 421 1448 768 451 1438 768 444 1448 768 451 1418 768 421 1429 768 438 1475 768 442 1508 768 446 1502 768 441 1508 768 446 1475 768 442 1482 768 447 1367 768 445 1385 768 448 1376 768 419 1385 768 448 1367 768 445 1355 768 449 1314 768 415 1333 768 423 1343 768 414 1333 768 423 1314 768 415 1324 768 435 1257 768 428 1238 768 452 1248 768 429 1238 768 452 1257 768 428 1266 768 453 1162 768 427 1266 768 453 1257 768 428 1266 768 453 1162 768 427 1172 768 426 1248 768 429 1181 768 440 1190 768 420 1181 768 440 1248 768 429 1238 768 452 1438 768 444 1458 768 450 1467 768 443 1458 768 450 1438 768 444 1448 768 451 1535 781 431 1543 781 430 1601 781 422 1620 781 442 1633 781 441 1628 781 433 1520 781 427 1528 781 420 1514 781 418 1528 781 420 1535 781 431 1601 781 422</p>
                </triangles>
            </mesh>
        </geometry>
        <geometry id="ID76">
            <mesh>
                <source id="ID77">
                    <float_array id="ID78" count="681">86 706.281 425.531 168.656 691.031 398.688 168.656 660.344 398.688 86 660.344 425.531 206.281 678.188 376.969 243.906 700.188 355.25 243.906 660.344 355.25 206.281 660.344 376.969 308.5 720.031 297.094 308.5 660.344 297.094 359.563 717.938 226.781 359.563 660.344 226.781 394.906 700.563 147.406 394.906 660.344 147.406 403.938 692.156 125.906 412.969 722.125 62.4063 412.969 722.125 62.4063 412.969 660.344 62.4063 412.969 660.344 62.4063 403.938 660.344 125.906 412.969 740.156 -24.4688 412.969 660.344 -24.4688 394.906 736.75 -109.469 394.906 660.344 -109.469 359.563 710 -188.844 359.563 660.344 -188.844 334.031 736.656 -224 334.031 736.656 -224 308.5 752.75 -259.156 308.5 660.344 -259.156 334.031 660.344 -224 334.031 660.344 -224 258.313 775.281 -310.156 258.313 775.281 -310.156 258.313 660.344 -310.156 213.5 814.188 -339 168.656 816.938 -360.75 168.656 660.344 -360.75 213.5 660.344 -339 213.5 660.344 -339 86 859.531 -387.594 86 660.344 -387.594 72.4375 819.031 -388.844 56.3438 749.344 -390.469 62 660.344 -389.844 -0.375 711.594 434.625 -0.375 660.344 434.625 -0.375 660.344 -396.688 -169.438 660.344 398.688 -169.438 691.031 398.688 -86.8125 706.281 425.531 -86.8125 660.344 425.531 -244.688 660.344 355.25 -244.688 700.188 355.25 -207.063 678.188 376.969 -207.063 660.344 376.969 -309.281 660.344 297.094 -309.281 720.031 297.094 -360.344 660.344 226.781 -360.344 717.938 226.781 -395.688 660.344 147.406 -395.688 700.563 147.406 -413.781 660.344 62.4063 -413.781 660.344 62.4063 -413.781 722.125 62.4063 -413.781 722.125 62.4063 -404.75 692.156 125.906 -404.75 660.344 125.906 -413.781 660.344 -24.4688 -413.781 740.156 -24.4688 -395.688 660.344 -109.469 -395.688 736.75 -109.469 -360.344 660.344 -188.844 -360.344 710 -188.844 -309.281 660.344 -259.156 -309.281 752.75 -259.156 -334.813 736.656 -224 -334.813 736.656 -224 -334.813 660.344 -224 -334.813 660.344 -224 -259.125 660.344 -310.156 -259.125 775.281 -310.156 -259.125 775.281 -310.156 -169.438 660.344 -360.75 -169.438 816.938 -360.75 -214.281 814.188 -339 -214.281 660.344 -339 -214.281 660.344 -339 -86.8125 660.344 -387.594 -86.8125 859.531 -387.594 -57.125 749.344 -390.469 -73.25 819.031 -388.844 -62.7813 660.344 -389.844 0 -141.875 -400.719 81.3438 -141.875 -394.438 93.7813 -21.7188 -457.781 0 -21.7188 -465.031 161.531 -141.875 -373.781 186.25 -21.7188 -433.969 -236.688 -141.875 -338.281 -161.531 -141.875 -373.781 -186.25 -21.7188 -433.938 -272.906 -21.7188 -393 236.688 -141.875 -338.313 272.906 -21.7188 -393.063 -81.3438 -141.875 -394.438 -93.7813 -21.7188 -457.781 246.563 205.281 -474.094 161.625 -141.875 412.781 226.344 250.344 -491.469 81.4063 -141.875 433.438 189.656 250.344 -509.438 93.8438 -21.7188 496.781 186.688 208.313 -503.781 186.375 -21.7188 472.969 92.75 357.156 -530.5 0 -141.875 439.719 92.3125 390.219 -524.969 0 -21.7188 504.031 48.75 406.469 -526.188 -81.4063 -141.875 433.438 0.5625 361.125 -538.125 0.5625 361.125 -538.125 -93.8438 -21.7188 496.781 149.531 355.25 -515.188 304.688 -141.875 324.094 95.25 262.063 -534.031 236.875 -141.875 377.344 269.281 67.7188 -433.344 273.125 -21.7188 432.094 264.406 128.938 -452.563 351.313 -21.7188 370.688 258.563 67.6875 -441.125 -161.625 -141.875 412.781 181.094 128.938 -493.094 -186.375 -21.7188 472.969 176.563 67.8125 -480.656 -414.031 -141.875 100.781 187.531 312.531 -506.969 -420.344 -141.875 19.375 60.7188 285.688 -535.844 -484.656 -21.7188 19.3438 114.625 242.281 -528.156 -477.406 -21.7188 113.219 137.813 209.094 -516.906 -414.031 -141.875 -62 165.5 128.938 -497.188 -477.406 -21.7188 -74.4688 167.75 71.375 -484.125 -393.406 -141.875 -142.25 138.125 7.375 -477.781 -453.594 -21.7188 -167 171.313 -3.3125 -466.188 -357.938 -141.875 -217.469 158.344 31.75 -477.844 -304.688 -141.875 -285.313 251.75 -3.3125 -427.844 -351.313 -21.7188 -331.938 265.75 30.1563 -426.313 -412.719 -21.7188 -253.75 254.969 30.25 -434.125 -236.875 -141.875 377.344 173.813 30.625 -473.094 -304.688 -141.875 324.094 259.938 157.031 -459.469 -351.313 -21.7188 370.688 183.781 167.313 -498.25 -273.125 -21.7188 432.094 153.844 172.906 -507.094 -357.938 -141.875 256.25 30.4063 296.625 -537.938 -412.719 -21.7188 292.469 0.5625 299.375 -540.375 0.5625 299.375 -540.375 -393.406 -141.875 181.031 0.53125 411.406 -529.688 0.53125 411.406 -529.688 -453.594 -21.7188 205.75 -188.594 250.344 -509.844 304.688 -141.875 -285.313 -225.313 250.344 -491.969 351.313 -21.7188 -331.938 -245.563 205.281 -474.625 393.406 -141.875 -142.25 -185.625 208.313 -504.156 414.031 -141.875 -62 -47.6563 406.469 -526.281 477.406 -21.7188 -74.4688 -91.2188 390.219 -525.156 453.594 -21.7188 -167 -91.625 357.156 -530.688 420.344 -141.875 19.375 420.344 -141.875 19.375 -148.438 355.25 -515.5 484.656 -21.7188 19.3438 484.656 -21.7188 19.3438 -94.125 262.063 -534.219 414.031 -141.875 100.781 -263.438 128.938 -453.125 477.406 -21.7188 113.219 -268.375 67.7188 -433.906 357.938 -141.875 -217.469 -257.625 67.6875 -441.656 412.719 -21.7188 -253.75 -180.031 128.938 -493.469 357.938 -141.875 256.25 -175.563 67.8125 -481.031 412.719 -21.7188 292.469 -186.438 312.531 -507.344 393.406 -141.875 181.031 -59.5938 285.688 -535.969 453.594 -21.7188 205.75 -136.719 209.094 -517.188 -113.5 242.281 -528.406 -166.719 71.375 -484.469 -164.469 128.938 -497.531 -170.344 -3.3125 -466.531 -137.094 7.375 -478.063 -157.313 31.75 -478.188 -264.844 30.1563 -426.875 -250.844 -3.3125 -428.375 -254.063 30.25 -434.656 -172.813 30.625 -473.469 -182.75 167.313 -498.625 -258.969 157.031 -460.031 -152.75 172.906 -507.406 -29.2813 296.625 -538</float_array>
                    <technique_common>
                        <accessor count="227" source="#ID78" stride="3">
                            <param name="X" type="float"/>
                            <param name="Y" type="float"/>
                            <param name="Z" type="float"/>
                        </accessor>
                    </technique_common>
                </source>
                <source id="ID79">
                    <float_array id="ID80" count="651">0.0836421 0.0365911 -0.995824 0.080677 0.0383134 -0.996004 0.143633 0.0809992 -0.986311 0.216048 0.0325067 -0.975841 0.26952 0.0638837 -0.960873 0.260738 -0.0394771 -0.964602 0.309693 0.0441201 -0.949812 0.34487 -0.0504024 -0.937296 0.437759 -0.0830207 -0.895251 0.345611 -0.148864 -0.926495 0.432951 -0.149515 -0.888931 0.331973 -0.148818 -0.931476 0.258869 -0.217142 -0.941189 0.318435 -0.21359 -0.923568 0.268106 -0.213894 -0.939345 0.350097 -0.211065 -0.912625 0.28091 -0.208636 -0.936782 0.360898 -0.208574 -0.908983 0.260493 -0.176611 -0.949185 0.360212 -0.174268 -0.916449 0.432548 -0.149701 -0.889096 -0.25661 -0.217684 -0.941682 -0.26585 -0.214125 -0.939933 -0.316243 -0.214109 -0.924201 -0.347787 -0.211169 -0.913483 -0.472138 -0.207482 -0.85676 -0.483456 -0.206384 -0.850692 -0.572256 -0.203041 -0.794542 -0.514708 -0.204595 -0.832597 -0.573039 -0.202784 -0.794043 -0.464516 -0.192835 -0.864315 -0.0863414 0.164822 -0.982537 -0.0865274 0.164628 -0.982553 -0.0849593 0.113615 -0.989886 -0.144835 0.164666 -0.975658 -0.141613 0.0809575 -0.986606 -0.26743 0.0638816 -0.961458 -0.213866 0.0325706 -0.97632 -0.258698 -0.0395184 -0.96515 0.466615 -0.192692 -0.863215 0.516729 -0.204648 -0.83133 0.485088 -0.206517 -0.84973 0.574125 -0.203121 -0.793172 0.473902 -0.207314 -0.855826 -0.358596 -0.208531 -0.909903 -0.358438 -0.174339 -0.91713 -0.430484 -0.149998 -0.890047 -0.329927 -0.148821 -0.932202 -0.430775 -0.149577 -0.889978 -0.343524 -0.149114 -0.92723 -0.30771 0.0444948 -0.950439 -0.342736 -0.0504234 -0.938078 -0.435564 -0.0831944 -0.896305 -0.0826005 0.0362886 -0.995922 -0.0816066 0.0366209 -0.995992 -0.0787522 0.0383164 -0.996158 0.0846714 0.0362823 -0.995748 0.0869584 0.11361 -0.989713 0.146885 0.164704 -0.975345 -0.252535 -0.146663 -0.956408 -0.252514 -0.147052 -0.956354 -0.258248 -0.176611 -0.949798 -0.277551 -0.208623 -0.937786 0.0881909 0.164901 -0.982359 0.0884814 0.164598 -0.982384 0.254867 -0.146992 -0.955739 0.254588 -0.146502 -0.955888 0.57567 -0.202628 -0.792178 0.879608 -0.470784 0.0682076 0.873148 -0.472757 0.118802 0.879578 -0.470861 0.0680677 0.864407 -0.473393 0.169409 0.836716 -0.475193 0.272208 0.817383 -0.476174 0.324258 0.763976 -0.47869 0.432662 0.72888 -0.479571 0.488616 0.644467 -0.48069 0.594642 0.594762 -0.480675 0.644367 0.879607 -0.470819 -0.0679776 0.873112 -0.472795 -0.118914 0.879558 -0.470893 -0.0681019 0.864374 -0.47342 -0.169504 0.83672 -0.475237 -0.272118 0.817386 -0.476268 -0.324114 0.76388 -0.478847 -0.432658 0.728752 -0.479727 -0.488653 0.643666 -0.480856 -0.595375 0.593189 -0.480777 -0.64574 0.487142 -0.479427 -0.729961 0.432064 -0.478562 -0.764395 0.488646 -0.479526 0.72889 0.432577 -0.478682 0.76403 0.324124 -0.476177 0.817435 0.272256 -0.475169 0.836714 0.169529 -0.473294 0.864437 0.118799 -0.472651 0.873205 0.0226991 -0.471758 0.881436 -0.0226708 -0.471761 0.881435 -0.118841 -0.472654 0.873198 -0.169558 -0.473291 0.864434 -0.2722 -0.475164 0.836736 -0.324084 -0.476181 0.817448 -0.432558 -0.478686 0.764038 -0.488696 -0.479527 0.728855 -0.594784 -0.480678 0.644346 -0.644483 -0.480687 0.594628 -0.728856 -0.479568 0.488654 -0.763959 -0.478695 0.432687 -0.817415 -0.476177 0.324172 -0.836735 -0.475184 0.272167 -0.864393 -0.473385 0.1695 -0.87313 -0.472767 0.118893 -0.8814 -0.471827 0.0226808 -0.881398 -0.471824 -0.0228039 -0.873129 -0.472785 -0.118823 -0.864386 -0.473427 -0.16942 -0.836688 -0.475248 -0.272199 -0.817355 -0.476261 -0.324202 -0.763927 -0.478837 -0.432585 -0.728797 -0.479735 -0.488579 -0.643583 -0.480865 -0.595457 -0.592971 -0.480734 -0.645972 -0.487041 -0.479318 -0.730099 -0.432172 -0.478401 -0.764434 0.324556 -0.476136 -0.817287 0.272506 -0.475132 -0.836654 -0.324781 -0.475978 -0.817289 -0.272724 -0.475021 -0.836646 -0.169722 -0.473224 -0.864438 -0.118971 -0.472654 -0.87318 -0.0227142 -0.471759 -0.881435 0.0226882 -0.471762 -0.881434 0.169648 -0.47328 -0.864422 0.118901 -0.472655 -0.87319 -0.990037 0 0.140807 -0.990037 0 0.140807 -0.974359 0 0.225 -0.951338 0 0.308148 -0.918873 0 0.394553 -0.916222 0 0.400671 -0.883021 0 0.469333 -0.848055 0 0.529908 -0.7662 0 0.642602 -0.719292 0 0.694708 -0.615711 0 0.787972 -0.559044 0 0.829138 -0.49993 0 0.866066 -0.438416 0 0.898772 -0.374458 0 0.927244 -0.242045 0 0.970265 -0.173593 0 0.984818 3.76459e-005 0 1 0.173606 0 0.984815 0.241998 0 0.970277 0.374389 0 0.927272 0.438383 0 0.898788 0.49993 0 0.866066 0.559044 0 0.829138 0.615711 0 0.787972 0.719292 0 0.694708 0.7662 0 0.642602 0.848055 0 0.529908 0.883021 0 0.469333 0.916387 0 0.400294 0.919198 0 0.393796 0.951593 0 0.307362 0.974451 0 0.224602 0.990037 0 0.140807 0.990037 0 0.140807 -1 0 -0 -0.997565 0 -0.0697414 -0.990224 0 -0.139483 -0.961235 0 -0.275732 -0.939611 0 -0.342245 -0.883021 0 -0.469333 -0.848055 0 -0.529908 -0.80914 0 -0.587616 -0.80914 0 -0.587616 0.541232 0 -0.840873 0.630863 0 -0.775895 0.659174 0 -0.75199 0.746735 0 -0.665122 0.778941 0 -0.627097 0.80914 0 -0.587616 -0.109011 -5.26081e-005 -0.99404 -0.105671 -0.0002674 -0.994401 -0.101523 -0.000136793 -0.994833 -0.0957768 -0.000119256 -0.995403 -0.201981 3.12978e-005 -0.979389 -0.201626 0 -0.979463 -0.373574 0 -0.9276 -0.540965 0 -0.841045 -0.63086 0 -0.775896 -0.659252 0 -0.751922 -0.763176 0 -0.646191 0.4897 0 -0.871891 0.472101 0 -0.881545 0.373523 0 -0.927621 0.373523 0 -0.927621 0.201956 3.39066e-005 -0.979394 0.201572 0 -0.979474 0.0958684 -0.000112495 -0.995394 0.101632 -0.000128875 -0.994822 -0.373575 0 -0.9276 -0.472008 0 -0.881594 -0.489562 0 -0.871969 0.109065 -4.91368e-005 -0.994035 0.105775 -0.000260709 -0.99439 0.848055 0 -0.529908 0.80914 0 -0.587616 0.883021 0 -0.469333 0.939651 0 -0.342135 0.961299 0 -0.275506 0.990257 0 -0.13925 0.997573 0 -0.069625 1 0 -0 -0.80914 0 -0.587616</float_array>
                    <technique_common>
                        <accessor count="217" source="#ID80" stride="3">
                            <param name="X" type="float"/>
                            <param name="Y" type="float"/>
                            <param name="Z" type="float"/>
                        </accessor>
                    </technique_common>
                </source>
                <source id="ID81">
                    <float_array id="ID82" count="364">0.0509033 0.866089 0.0864258 0.853271 0.124023 0.937012 0.126953 0.825562 0.190552 0.934814 0.149658 0.802368 0.235107 0.884766 0.237671 0.811768 0.28064 0.811768 0.234131 0.762573 0.304443 0.759033 0.230713 0.714478 0.177246 0.526855 0.216187 0.514404 0.200928 0.555542 0.219116 0.554199 0.211914 0.601929 0.22229 0.597778 0.209351 0.669434 0.227539 0.669434 0.320068 0.702393 0.178223 0.526855 0.202026 0.555542 0.217285 0.514404 0.220215 0.554199 0.311646 0.514404 0.315308 0.553711 0.328003 0.553589 0.31958 0.597656 0.332153 0.597656 0.326416 0.669434 0.00598145 1.00049 0.0734863 0.994873 0.00598145 0.941772 0.124512 0.97583 0.125 0.937012 0.19165 0.934814 0.12793 0.825562 0.150635 0.802368 0.325317 0.669434 0.318481 0.597656 0.314331 0.553711 0.326904 0.553589 0.310547 0.514404 0.223389 0.597778 0.228638 0.669434 0.321167 0.702393 0.231812 0.714478 0.30542 0.759033 0.235229 0.762573 0.236206 0.884766 0.238647 0.811768 0.281738 0.811768 0.00598145 0.869263 0.0518799 0.866089 0.0875244 0.853271 0.00488281 0.869263 0.00488281 0.941772 0.123413 0.97583 0.177856 0.763428 0.196655 0.721069 0.210327 0.669434 0.213013 0.601929 0.00488281 1.00049 0.0723877 0.994873 0.195679 0.721069 0.17688 0.763428 0.331055 0.597656 0.506836 3.40588 0.506836 3.25635 0.349487 3.40588 0.349487 3.25635 0.506836 3.13977 0.349487 3.13977 0.506836 3.0238 0.349487 3.0238 0.506836 2.9043 0.349487 2.9043 0.349487 -0.408325 0.349487 -0.253418 0.506836 -0.408325 0.506836 -0.253418 0.349487 -0.136963 0.506836 -0.136963 0.349487 -0.0209961 0.506836 -0.0209961 0.349487 0.0985107 0.506836 0.0985107 0.349487 0.21814 0.506836 0.21814 0.506836 2.78467 0.349487 2.78467 0.506836 2.6687 0.349487 2.6687 0.506836 2.55212 0.349487 2.55212 0.506836 2.43652 0.349487 2.43652 0.506836 2.32092 0.349487 2.32092 0.506836 2.20435 0.349487 2.20435 0.506836 2.08838 0.349487 2.08838 0.506836 1.96875 0.349487 1.96875 0.506836 1.84924 0.349487 1.84924 0.506836 1.73315 0.349487 1.73315 0.506836 1.6167 0.349487 1.6167 0.506836 1.5011 0.349487 1.5011 0.506836 1.3855 0.349487 1.3855 0.506836 1.26892 0.349487 1.26892 0.506836 1.15308 0.349487 1.15308 0.506836 1.03345 0.349487 1.03345 0.506836 0.914063 0.349487 0.914063 0.349487 0.333984 0.506836 0.333984 0.506836 0.798096 0.349487 0.798096 0.506836 0.681641 0.349487 0.681641 0.506836 0.56604 0.349487 0.56604 0.349487 0.450562 0.506836 0.450562 0.499756 0.79248 0.370117 0.79248 0.499756 0.640869 0.432983 0.640869 0.499756 0.583984 0.415405 0.583984 0.499756 0.362427 0.378906 0.362427 0.499756 0.1604 0.374512 0.1604 0.499756 -0.00683594 0.416138 -0.00683594 0.499756 -0.0803223 0.46228 -0.0803223 0.499756 -0.142944 0.435303 -0.142944 0.499756 -0.288818 0.40332 -0.288818 0.499756 -0.466919 0.392212 -0.466919 0.370117 0.793579 0.499756 0.793579 0.332275 0.968628 0.499756 0.968628 0.339478 1.11084 0.499756 1.11084 0.395508 1.27356 0.499756 1.27356 0.3396 1.32788 0.499756 1.32788 0.151001 0.721436 0.204956 0.721436 0.204956 0.859741 0.265259 0.721436 0.265259 0.832642 0.296021 0.721436 0.296021 0.813232 -0.0186768 0.885132 0.0206299 0.935913 0.0245361 0.885132 0.0317383 0.975586 0.0411377 0.885132 0.0411377 0.998657 0.0983887 0.974365 0.160522 0.950684 0.129517 0.972778 0.129517 0.885132 0.0983887 0.885132</float_array>
                    <technique_common>
                        <accessor count="182" source="#ID82" stride="2">
                            <param name="S" type="float"/>
                            <param name="T" type="float"/>
                        </accessor>
                    </technique_common>
                </source>
                <vertices id="ID83">
                    <input semantic="POSITION" source="#ID77"/>
                </vertices>
                <triangles count="226" material="Material1">
                    <input offset="0" semantic="VERTEX" source="#ID83"/>
                    <input offset="1" semantic="NORMAL" source="#ID79"/>
                    <input offset="2" semantic="TEXCOORD" source="#ID81" set="0"/>
                    <p>115 2 2 140 1 1 170 0 0 140 1 1 115 2 2 126 3 3 124 4 4 126 3 3 115 2 2 126 3 3 124 4 4 142 5 5 138 6 6 142 5 5 124 4 4 142 5 5 138 6 6 111 7 7 109 8 8 111 7 7 138 6 6 111 7 7 109 8 8 113 9 9 107 10 10 113 9 9 109 8 8 113 9 9 107 10 10 166 11 11 154 14 14 152 13 13 150 12 12 152 13 13 154 14 14 162 15 15 148 16 16 162 15 15 154 14 14 162 15 15 148 16 16 136 17 17 146 18 18 136 17 17 148 16 16 136 17 17 146 18 18 134 19 19 166 11 11 134 19 19 146 18 18 134 19 19 166 11 11 164 20 20 107 10 10 164 20 20 166 11 11 216 23 23 218 22 22 217 21 21 218 22 22 216 23 23 222 24 24 220 25 25 222 24 24 216 23 23 222 24 24 220 25 25 221 26 26 219 27 27 221 26 26 220 25 25 221 26 26 219 27 27 202 28 28 200 29 29 202 28 28 219 27 27 202 28 28 200 29 29 198 30 30 122 33 33 186 32 32 176 31 31 186 32 32 122 33 33 188 34 34 190 35 35 188 34 34 122 33 33 188 34 34 190 35 35 193 36 36 196 37 37 193 36 36 190 35 35 193 36 36 196 37 37 213 38 38 130 39 39 134 19 19 164 20 20 134 19 19 130 39 39 136 17 17 132 40 40 136 17 17 130 39 39 136 17 17 132 40 40 160 41 41 158 42 42 160 41 41 132 40 40 160 41 41 158 42 42 156 43 43 198 30 30 206 44 44 202 28 28 206 44 44 198 30 30 204 45 45 224 46 46 204 45 45 198 30 30 204 45 45 224 46 46 223 47 47 182 48 48 223 47 47 224 46 46 223 47 47 182 48 48 184 49 49 213 38 38 208 50 50 193 36 36 208 50 50 213 38 38 178 51 51 184 49 49 178 51 51 213 38 38 178 51 51 184 49 49 180 52 52 182 48 48 180 52 52 184 49 49 226 54 54 122 33 33 173 53 53 122 33 33 226 54 54 190 35 35 210 55 55 190 35 35 226 54 54 190 35 35 210 55 55 196 37 37 121 57 57 170 0 0 172 56 56 170 0 0 121 57 57 115 2 2 117 58 58 115 2 2 121 57 57 115 2 2 117 58 58 124 4 4 212 59 59 184 49 49 213 38 38 184 49 49 212 59 59 223 47 47 225 60 60 223 47 47 212 59 59 223 47 47 225 60 60 215 61 61 222 24 24 214 62 62 218 22 22 214 62 62 222 24 24 206 44 44 221 26 26 206 44 44 222 24 24 206 44 44 221 26 26 202 28 28 215 61 61 204 45 45 223 47 47 204 45 45 215 61 61 206 44 44 214 62 62 206 44 44 215 61 61 119 64 64 121 57 57 175 63 63 121 57 57 119 64 64 117 58 58 168 65 65 166 11 11 146 18 18 166 11 11 168 65 65 144 66 66 144 66 66 113 9 9 166 11 11 113 9 9 144 66 66 142 5 5 128 67 67 132 40 40 130 39 39 132 40 40 128 67 67 158 42 42 160 41 41 162 15 15 136 17 17 162 15 15 160 41 41 156 43 43 178 51 51 180 52 52 208 50 50 113 9 9 142 5 5 111 7 7 156 43 43 152 13 13 162 15 15 195 70 70 197 69 69 192 68 68 197 69 69 195 70 70 199 71 71 199 71 71 209 72 72 197 69 69 209 72 72 199 71 71 211 73 73 211 73 73 205 74 74 209 72 72 205 74 74 211 73 73 207 75 75 207 75 75 125 76 76 205 74 74 125 76 76 207 75 75 131 77 77 191 80 80 187 79 79 194 78 78 187 79 79 191 80 80 185 81 81 185 81 81 189 82 82 187 79 79 189 82 82 185 81 81 183 83 83 183 83 83 203 84 84 189 82 82 203 84 84 183 83 83 201 85 85 201 85 85 181 86 86 203 84 84 181 86 86 201 85 85 179 87 87 179 87 87 104 88 88 181 86 86 104 88 88 179 87 87 103 89 89 131 77 77 127 90 90 125 76 76 127 90 90 131 77 77 129 91 91 129 91 91 108 92 92 127 90 90 108 92 92 129 91 91 114 93 93 114 93 93 110 94 94 108 92 92 110 94 94 114 93 93 112 95 95 112 95 95 116 96 96 110 94 94 116 96 96 112 95 95 118 97 97 118 97 97 120 98 98 116 96 96 120 98 98 118 97 97 123 99 99 123 99 99 133 100 100 120 98 98 133 100 100 123 99 99 135 101 101 135 101 101 161 102 102 133 100 100 161 102 102 135 101 101 167 103 103 167 103 103 163 104 104 161 102 102 163 104 104 167 103 103 165 105 105 165 105 105 169 106 106 163 104 104 169 106 106 165 105 105 171 107 107 171 107 107 174 108 108 169 106 106 174 108 108 171 107 107 177 109 109 177 109 109 137 110 110 174 108 108 137 110 110 177 109 109 143 111 111 143 111 111 139 112 112 137 110 110 139 112 112 143 111 111 141 113 113 141 113 113 145 114 114 139 112 112 145 114 114 141 113 113 147 115 115 147 115 115 149 116 116 145 114 114 149 116 116 147 115 115 151 117 117 151 117 117 153 118 118 149 116 116 153 118 118 151 117 117 159 119 119 159 119 119 155 120 120 153 118 118 155 120 120 159 119 119 157 121 121 157 121 121 99 122 122 155 120 120 99 122 122 157 121 121 102 123 123 103 89 89 98 124 124 104 88 88 98 124 124 103 89 89 97 125 125 102 123 123 100 126 126 99 122 122 100 126 126 102 123 123 101 127 127 101 127 127 105 128 128 100 126 126 105 128 128 101 127 127 106 129 129 106 129 129 93 130 130 105 128 128 93 130 130 106 129 129 96 131 131 97 125 125 95 132 132 98 124 124 95 132 132 97 125 125 94 133 133 94 133 133 96 131 131 95 132 132 96 131 131 94 133 133 93 130 130 67 136 136 64 135 135 62 134 134 64 135 135 67 136 136 66 137 137 60 138 138 66 137 137 67 136 136 66 137 137 60 138 138 61 139 139 58 140 140 61 139 139 60 138 138 61 139 139 58 140 140 59 141 141 56 142 142 59 141 141 58 140 140 59 141 141 56 142 142 57 143 143 52 144 144 57 143 143 56 142 142 57 143 143 52 144 144 53 145 145 55 146 146 53 145 145 52 144 144 53 145 145 55 146 146 54 146 147 48 147 148 54 146 147 55 146 146 54 146 147 48 147 148 49 148 149 51 149 150 49 148 149 48 147 148 49 148 149 51 149 150 50 150 151 46 151 152 50 150 151 51 149 150 50 150 151 46 151 152 45 151 153 0 152 151 45 151 153 46 151 152 3 153 150 0 152 151 46 151 152 0 152 151 3 153 150 1 154 149 2 155 148 1 154 149 3 153 150 1 154 149 2 155 148 4 156 147 7 156 146 4 156 147 2 155 148 4 156 147 7 156 146 5 157 145 6 158 144 5 157 145 7 156 146 5 157 145 6 158 144 8 159 143 9 160 142 8 159 143 6 158 144 8 159 143 9 160 142 10 161 141 11 162 140 10 161 141 9 160 142 10 161 141 11 162 140 12 163 139 13 164 138 12 163 139 11 162 140 12 163 139 13 164 138 14 165 137 19 166 136 14 165 137 13 164 138 14 165 137 19 166 136 15 167 135 17 168 134 15 167 135 19 166 136 69 170 156 63 169 155 65 169 154 63 169 155 69 170 156 68 171 157 71 172 158 68 171 157 69 170 156 68 171 157 71 172 158 70 173 159 73 174 160 70 173 159 71 172 158 70 173 159 73 174 160 72 175 161 76 176 162 72 175 161 73 174 160 72 175 161 76 176 162 78 177 163 32 180 166 34 179 165 38 178 164 34 179 165 32 180 166 29 181 167 28 182 168 29 181 167 32 180 166 29 181 167 28 182 168 31 183 169 27 183 170 31 183 169 28 182 168 92 186 173 90 185 172 47 184 171 90 185 172 92 186 173 91 187 174 88 188 175 91 187 174 92 186 173 91 187 174 88 188 175 89 189 176 84 190 177 89 189 176 88 188 175 80 193 165 81 192 166 86 191 164 81 192 166 80 193 165 75 194 168 74 194 167 75 194 168 80 193 165 75 194 168 74 194 167 79 176 169 39 196 180 35 195 179 33 178 178 35 195 179 39 196 180 36 197 177 37 198 181 36 197 177 39 196 180 36 197 177 37 198 181 41 199 175 41 199 175 40 200 176 36 197 177 40 200 176 41 199 175 42 201 174 44 202 173 42 201 174 41 199 175 83 203 181 84 190 177 88 188 175 84 190 177 83 203 181 87 204 180 85 205 179 87 204 180 82 191 178 87 204 180 85 205 179 84 190 177 43 207 172 44 202 173 47 206 171 44 202 173 43 207 172 42 201 174 26 209 162 25 208 161 30 183 163 25 208 161 26 209 162 24 210 160 24 210 160 23 211 159 25 208 161 23 211 159 24 210 160 22 212 158 22 212 158 21 213 157 23 211 159 21 213 157 22 212 158 20 214 156 20 214 156 18 215 155 21 213 157 18 215 155 20 214 156 16 215 154 79 176 169 77 216 170 75 194 168</p>
                </triangles>
            </mesh>
        </geometry>
        <geometry id="ID85">
            <mesh>
                <source id="ID86">
                    <float_array id="ID87" count="768">102.156 778.781 -387.5 93.5 785.375 -392.125 91.75 796.969 -393.688 97.9063 806.75 -391.281 108.406 809 -386.281 114.531 799.125 -387.125 114.531 799.125 -387.125 115.656 791.719 -386.125 111.719 785.469 -387.656 105.031 784.031 -390.844 99.5 788.25 -393.813 98.375 795.625 -394.813 102.313 801.875 -393.25 109 803.313 -390.063 107.875 793.781 -392.844 299.25 718.75 -273.563 279.063 724.313 -274.719 299.094 730.5 -274.844 299.094 730.5 -274.844 293.563 709.688 -278.688 285.406 708.688 -287.156 279.531 716.281 -294.063 279.375 728.031 -295.344 285.063 737.063 -290.25 293.219 738.094 -281.75 298.438 727.656 -281.063 298.438 727.656 -281.063 298.531 720.156 -280.25 294.906 714.406 -283.5 289.688 713.75 -288.938 285.938 718.594 -293.344 285.875 726.094 -294.156 289.469 731.844 -290.906 294.688 732.5 -285.469 293.844 723.219 -289.125 412.344 700.156 -16 397.469 709.5 -27.4688 413.188 711.719 -13.75 413.188 711.719 -13.75 411.031 693.594 -25.75 410.031 695.875 -37.3125 409.938 705.688 -43.9063 410.781 717.281 -41.6563 412.094 723.844 -31.9063 413.094 721.563 -20.3438 416.563 710.438 -19.5938 416.563 710.438 -19.5938 416.031 703.031 -21.0313 415.188 698.844 -27.25 414.563 700.313 -34.625 414.5 706.563 -38.8125 415.031 713.969 -37.4063 415.875 718.156 -31.1875 416.5 716.688 -23.8125 418.031 708.688 -29.625 373.313 676.938 197.344 365.094 686.969 180.875 372.75 688.344 200.344 372.75 688.344 200.344 376.781 670.969 187.719 381.125 673.969 177.156 383.813 684.188 171.781 383.219 695.625 174.813 379.75 701.563 184.406 80.6875 332.781 -524.188 375.406 698.563 195 70.0625 332.781 -536.813 378.438 687.406 196.625 378.438 687.406 196.625 73.5938 341.375 -536.344 73.5938 341.375 -536.344 378.813 680.125 194.719 73.5938 324.188 -536.344 381.031 676.313 188.594 82.125 320.625 -535.25 383.781 678.25 181.844 90.6563 324.188 -534.125 385.5 684.75 178.406 94.1875 332.781 -533.688 385.125 692.031 180.344 90.6563 341.375 -534.125 382.906 695.813 186.469 82.125 344.906 -535.25 380.125 693.906 193.219 74.8438 332.781 -539.344 384.375 686.281 188.313 77.0938 338.25 -539.063 77.0938 338.25 -539.063 77.0938 327.281 -539.063 82.5313 325.031 -538.344 87.9688 327.281 -537.625 90.2188 332.781 -537.344 87.9688 338.25 -537.625 82.5313 340.531 -538.344 82.875 332.781 -541.281 205.375 158.719 -477.094 197.5 158.875 -491.563 -99.0625 794.656 -374.156 202.125 166.906 -491.031 202.125 166.906 -491.031 -118.813 790.813 -380.094 199.5 149.969 -489.781 -117.063 802.406 -381.656 -117.063 802.406 -381.656 207 145.438 -486.719 -112.625 781.031 -382.5 215.625 147.875 -484.156 -102.156 778.781 -387.5 220.25 155.938 -483.625 -93.5 785.375 -392.125 218.25 164.813 -485.438 -91.75 796.969 -393.688 210.75 169.375 -488.5 -97.9063 806.75 -391.281 202.594 157.969 -493.094 -108.406 809 -386.281 205.563 163.094 -492.75 205.563 163.094 -492.75 -115.656 791.719 -386.125 203.875 152.281 -491.938 -114.531 799.125 -387.125 -114.531 799.125 -387.125 208.656 149.375 -489.969 -111.719 785.469 -387.656 214.156 150.969 -488.375 -105.031 784.031 -390.844 217.125 156.094 -488.031 -99.5 788.25 -393.813 215.844 161.75 -489.156 -98.375 795.625 -394.813 211.031 164.656 -491.125 -102.313 801.875 -393.25 211.125 157.031 -494.5 -109 803.313 -390.063 -89.3438 333.156 -527.063 -107.875 793.781 -392.844 -102.844 332.5 -536.5 -99.3125 341.031 -537.594 -99.3125 341.031 -537.594 -99.3125 323.875 -536.344 -90.7813 320.25 -537.219 -82.2813 323.719 -538.563 -78.75 332.25 -539.656 -82.2813 340.875 -539.813 -90.7813 344.5 -538.938 -98.875 332.219 -540.188 -96.625 337.656 -540.844 -96.625 337.656 -540.844 -96.625 326.75 -540.063 -91.1875 324.406 -540.625 -85.75 326.625 -541.5 -83.5 332.094 -542.156 -85.75 337.563 -542.281 -91.1875 339.875 -541.719 -91.1875 332.156 -543.156 -279.063 724.313 -274.719 -299.25 718.75 -273.563 -299.094 730.5 -274.844 -299.094 730.5 -274.844 -293.563 709.688 -278.688 -285.406 708.688 -287.156 -279.531 716.281 -294.063 -279.375 728.031 -295.344 -285.063 737.063 -290.25 -293.219 738.094 -281.75 -298.531 720.156 -280.25 -298.438 727.656 -281.063 -298.438 727.656 -281.063 -294.906 714.406 -283.5 -289.688 713.75 -288.938 -285.938 718.594 -293.344 -285.875 726.094 -294.156 -289.469 731.844 -290.906 -294.688 732.5 -285.469 -204.594 158.719 -481.625 -293.844 723.219 -289.125 -220.031 158.875 -487.375 -216.156 166.906 -490.031 -216.156 166.906 -490.031 -217.344 149.969 -487.344 -209.656 145.438 -489.938 -201.5 147.875 -493.656 -197.625 155.938 -496.313 -200.313 164.813 -496.344 -208 169.375 -493.75 -217.156 157.969 -491.875 -214.688 163.094 -493.563 -214.688 163.094 -493.563 -215.438 152.281 -491.844 -210.531 149.375 -493.5 -205.344 150.969 -495.875 -202.875 156.094 -497.563 -204.594 161.75 -497.594 -209.5 164.656 -495.906 -212.094 156.188 -500.094 -397.469 709.5 -27.4688 -412.344 700.156 -16 -413.188 711.719 -13.75 -413.188 711.719 -13.75 -411.031 693.594 -25.75 -410.031 695.875 -37.3125 -409.938 705.688 -43.9063 -410.781 717.281 -41.6563 -412.094 723.844 -31.9063 -413.094 721.563 -20.3438 -416.031 703.031 -21.0313 -416.563 710.438 -19.5938 -416.563 710.438 -19.5938 -415.188 698.844 -27.25 -414.563 700.313 -34.625 -414.5 706.563 -38.8125 -415.031 713.969 -37.4063 -415.875 718.156 -31.1875 -416.5 716.688 -23.8125 -418.031 708.688 -29.625 -365.094 686.969 180.875 -373.313 676.938 197.344 -372.75 688.344 200.344 -372.75 688.344 200.344 -376.781 670.969 187.719 -381.125 673.969 177.156 -383.813 684.188 171.781 -383.219 695.625 174.813 -379.75 701.563 184.406 -375.406 698.563 195 -378.813 680.125 194.719 -378.438 687.406 196.625 -378.438 687.406 196.625 -381.031 676.313 188.594 -383.781 678.219 181.844 -385.5 684.75 178.406 -385.125 692.031 180.344 -382.906 695.813 186.469 -380.125 693.906 193.219 -384.375 686.281 188.313 8.6875 909.313 -398.906 -9.46875 909.313 -398.906 -18.5938 945.719 -400 17.7813 945.719 -400 17.7813 945.719 -400 -10.5313 956.063 -400 9.75 956.063 -400 -15.4375 943.469 -408.469 -7.90625 913.344 -405.156 -0.375 936.5 -416.375 -0.375 936.5 -416.375 -8.78125 952.031 -408.469 7.125 913.344 -405.156 14.6563 943.469 -408.469 14.6563 943.469 -408.469 8 952.031 -408.469 118.813 790.813 -380.094 99.0625 794.656 -374.156 117.063 802.406 -381.656 117.063 802.406 -381.656 112.625 781.031 -382.5</float_array>
                    <technique_common>
                        <accessor count="256" source="#ID87" stride="3">
                            <param name="X" type="float"/>
                            <param name="Y" type="float"/>
                            <param name="Z" type="float"/>
                        </accessor>
                    </technique_common>
                </source>
                <source id="ID88">
                    <float_array id="ID89" count="1092">0.184471 0.57787 -0.795007 -0.129131 0.56456 -0.815228 0.0657732 0.493378 -0.867324 -0.0775593 0.463051 -0.882932 0.563667 0.352094 -0.747201 0.423687 0.382333 -0.821164 0.675748 -0.079774 -0.732804 0.598586 0.0486 -0.799583 0.453512 -0.465046 -0.760303 0.490072 -0.314742 -0.812876 0.0265815 -0.577585 -0.815898 0.161323 -0.492149 -0.855433 -0.3579 -0.352633 -0.864614 -0.199915 -0.382258 -0.902171 -0.467155 0.0793714 -0.880606 -0.377102 -0.048028 -0.924926 -0.457007 0.234587 -0.857971 -0.384349 0.205241 -0.900085 0.129016 0.000191983 -0.991642 -0.128766 0.000442855 0.991675 -0.35587 0.65255 0.668981 -0.0949519 0.677073 0.729764 0.377901 0.478311 0.792723 0.575493 0 0.817806 0.3787 -0.477504 0.792828 -0.0950641 -0.676129 0.730625 -0.568504 -0.477929 0.669617 -0.765108 0 0.643902 -0.736911 0.268976 0.620173 0.416739 0.461112 -0.783393 0.114825 0.490511 -0.863837 0.299981 0.443338 -0.844667 0.134693 0.44784 -0.88391 0.744705 0.193141 -0.638836 0.651748 0.268646 -0.709263 0.78596 -0.245328 -0.567522 0.772992 -0.116554 -0.623617 0.512927 -0.597342 -0.616513 0.596117 -0.484599 -0.640163 0.0909588 -0.6565 -0.748822 0.22864 -0.626463 -0.745163 -0.236117 -0.387087 -0.891298 -0.117569 -0.462066 -0.879018 -0.278145 0.0537576 -0.959033 -0.248247 -0.0799841 -0.965389 -0.246618 0.20468 -0.947252 -0.213386 0.187348 -0.958836 0.312417 -0.103855 -0.944251 -0.313223 0.118964 0.942199 -0.373711 0.759073 0.533056 -0.125628 0.753775 0.645012 0.291095 0.500959 0.815049 0.40315 0.00721484 0.915106 0.143254 -0.441483 0.88576 -0.335058 -0.579428 0.742967 -0.752223 -0.325575 0.572854 -0.8649 0.169187 0.472572 -0.792141 0.42735 0.435759 -0.0270231 0.517204 -0.855435 -0.332511 0.505001 -0.796499 -0.16336 0.387543 -0.907262 -0.285246 0.346661 -0.893566 0.355758 0.288213 -0.889027 0.169086 0.287557 -0.94272 0.46715 -0.14177 -0.872738 0.335208 -0.0179906 -0.941972 0.246352 -0.526803 -0.813504 0.236589 -0.349499 -0.906574 -0.1853 -0.632503 -0.752066 -0.0683757 -0.512414 -0.856012 -0.565323 -0.404443 -0.718913 -0.395893 -0.410932 -0.821221 -0.677995 0.0276899 -0.734544 -0.559266 -0.106884 -0.822069 -0.658816 0.179018 -0.730694 -0.569868 0.136169 -0.810375 -0.124979 -0.0675681 -0.989856 0.130298 0.0708412 0.988941 -0.176199 0.701042 0.691009 0.0958233 0.725537 0.681479 0.57026 0.523673 0.632907 0.766074 0.0462715 0.641085 0.569348 -0.428701 0.701469 0.0960271 -0.622135 0.776999 -0.377269 -0.420116 0.825331 -0.573879 0.0597426 0.816758 -0.552103 0.326864 0.767035 -0.198994 0.460759 -0.864929 -0.478633 0.488698 -0.729442 -0.31401 0.485236 -0.816054 -0.477161 0.496889 -0.724858 0.144154 0.193508 -0.970451 0.0739666 0.299581 -0.951199 0.217603 -0.245413 -0.944681 0.241391 -0.12126 -0.962822 -0.0165739 -0.597847 -0.801439 0.0847302 -0.528769 -0.844526 -0.421577 -0.657687 -0.624276 -0.301994 -0.683501 -0.664549 -0.761165 -0.386765 -0.520616 -0.688607 -0.493095 -0.531674 -0.836591 0.0530746 -0.54525 -0.850318 -0.0723496 -0.521273 -0.805517 0.204736 -0.556081 -0.80742 0.206962 -0.552485 -0.376032 -0.123498 -0.91834 0.380907 0.119026 0.91692 0.0659209 0.758612 0.648199 0.326622 0.753549 0.570511 0.753798 0.500065 0.426291 0.903839 0.0053024 0.427839 0.688884 -0.441404 0.574979 0.234838 -0.578445 0.781186 -0.192155 -0.325163 0.925929 -0.342407 0.170649 0.923925 -0.311232 0.430397 0.847286 -0.403731 0.535368 -0.741878 -0.664175 0.462769 -0.587126 -0.5228 0.386006 -0.760053 -0.623229 0.323887 -0.711816 -0.021261 0.392281 -0.9196 -0.211732 0.356531 -0.909975 0.168613 -0.00818549 -0.985648 -0.00209453 0.089365 -0.995997 0.0471087 -0.429925 -0.901635 -0.0216061 -0.258234 -0.965841 -0.309472 -0.625756 -0.716 -0.257545 -0.479613 -0.838834 -0.691863 -0.482298 -0.537321 -0.568074 -0.449326 -0.689491 -0.877838 -0.0815965 -0.471956 -0.774213 -0.185561 -0.605112 -0.887749 0.0727404 -0.454545 -0.823758 0.0486115 -0.564854 -0.435197 -0.0506913 -0.898907 0.438388 0.0544246 0.897137 -0.0571783 0.622528 0.780506 0.185844 0.702117 0.687382 0.64491 0.603086 0.469445 0.915183 0.174496 0.363305 0.838377 -0.333011 0.43154 0.459986 -0.622148 0.633518 0.0012071 -0.523114 0.852262 -0.269803 -0.0940183 0.958315 -0.314319 0.173236 0.933377 -0.682605 0.520397 -0.513067 -0.865647 0.414368 -0.28099 -0.789286 0.358444 -0.498544 -0.861306 0.282891 -0.422047 -0.376466 0.422422 -0.82452 -0.548844 0.366634 -0.751232 -0.192382 0.0445246 -0.980309 -0.362615 0.124581 -0.923575 -0.240841 -0.391089 -0.888282 -0.34228 -0.224426 -0.912402 -0.491897 -0.627142 -0.603929 -0.498978 -0.473129 -0.726065 -0.796951 -0.527732 -0.293884 -0.737913 -0.47815 -0.476296 -0.97907 -0.150814 -0.136665 -0.921365 -0.239614 -0.306059 -0.994395 0.00169625 -0.105712 -0.972145 -0.0129567 -0.234021 -0.721213 -0.0624171 -0.689896 0.723424 0.0656204 0.687278 0.175618 0.584544 0.792128 0.362712 0.691381 0.624846 0.719134 0.647038 0.253355 0.967321 0.251688 0.0307237 0.960913 -0.263163 0.085976 0.704195 -0.594676 0.387906 0.347054 -0.550192 0.759502 0.0989364 -0.154732 0.98299 0.0271599 0.108003 0.993779 -0.860311 0.479739 0.172381 -0.854431 0.295637 0.427254 -0.931654 0.301232 0.203176 -0.937914 0.200458 0.283079 -0.816808 0.508169 -0.273109 -0.904144 0.406925 -0.130137 -0.769045 0.211005 -0.603363 -0.864802 0.244779 -0.438406 -0.743459 -0.234835 -0.626195 -0.838652 -0.0882792 -0.537465 -0.753112 -0.569893 -0.328702 -0.839084 -0.395806 -0.373196 -0.794458 -0.596264 0.115351 -0.865687 -0.498693 -0.0434748 -0.843308 -0.299123 0.446494 -0.904155 -0.338116 0.261113 -0.838627 -0.162375 0.519942 -0.901472 -0.144308 0.408072 -0.993878 -0.0498238 -0.0986132 0.993844 0.0544458 0.0964864 0.627543 0.429166 0.64962 0.665733 0.601576 0.441483 0.708646 0.70262 -0.0643912 0.76585 0.415551 -0.490705 0.803472 -0.0913066 -0.5883 0.799428 -0.521087 -0.298972 0.755402 -0.621739 0.206902 0.698271 -0.335429 0.632381 0.646193 -0.100073 0.756584 -0.674724 0.465011 0.57316 -0.558263 0.266312 0.785761 -0.727949 0.286303 0.622994 -0.69981 0.180506 0.691146 -0.83884 0.519405 0.162991 -0.852534 0.411317 0.322498 -0.954381 0.246261 -0.168856 -0.962758 0.269331 0.0236172 -0.953829 -0.197712 -0.226098 -0.993748 -0.056803 -0.096111 -0.83576 -0.548618 0.0228752 -0.927172 -0.373281 0.0318307 -0.669471 -0.602617 0.434351 -0.803228 -0.495284 0.330935 -0.555063 -0.3258 0.76535 -0.693279 -0.353562 0.627979 -0.51417 -0.194359 0.835376 -0.619503 -0.169485 0.76648 -0.929806 -0.0445245 0.365347 0.929079 0.0501438 -0.366467 0.866354 0.388997 0.313228 0.810035 0.5739 0.120343 0.62 0.705653 -0.343006 0.468081 0.445672 -0.76307 0.442816 -0.0539982 -0.894985 0.559168 -0.500483 -0.660945 0.749447 -0.631922 -0.197492 0.901229 -0.371143 0.223693 0.917608 -0.142815 0.370944 0.719107 0.55834 -0.413694 0.517126 0.726541 -0.452459 0.62758 0.487626 -0.60693 0.237987 0.68955 -0.68402 -0.258092 0.85055 -0.458207 -0.398515 0.613415 -0.681841 -0.857874 0.317982 -0.403658 -0.772004 0.0227148 -0.635212 0.348769 -0.745464 -0.568017 0.9126 -0.248698 -0.324516 0.555462 -0.470743 -0.685466 0.774487 -0.257173 -0.577955 -0.706814 -0.525038 -0.474077 -0.324738 -0.597793 -0.732932 0.000320228 -0.328731 -0.944424 0.000149217 0.346632 -0.938001 0.864802 0.244779 -0.438406 0.769045 0.211005 -0.603363 0.838652 -0.0882792 -0.537465 0.743459 -0.234835 -0.626195 0.69981 0.180506 0.691146 0.558263 0.266312 0.785761 0.727949 0.286303 0.622994 0.674724 0.465011 0.57316 0.852534 0.411317 0.322498 0.83884 0.519405 0.162991 0.962758 0.269331 0.0236173 0.954381 0.246261 -0.168856 0.993728 -0.0572645 -0.0960502 0.953904 -0.197996 -0.225533 0.927393 -0.372737 0.0317782 0.836761 -0.547081 0.0231264 0.803856 -0.494554 0.330502 0.669471 -0.602617 0.434351 0.693279 -0.353562 0.627979 0.555063 -0.3258 0.76535 0.619503 -0.169485 0.76648 0.51417 -0.194359 0.835376 0.937914 0.200458 0.283079 0.854431 0.295637 0.427254 0.931654 0.301232 0.203176 0.860311 0.479739 0.172381 0.904144 0.406925 -0.130136 0.816808 0.508169 -0.273109 0.839084 -0.395806 -0.373196 0.753112 -0.569893 -0.328702 0.865688 -0.498693 -0.0434749 0.794458 -0.596264 0.115351 0.904155 -0.338116 0.261113 0.843308 -0.299123 0.446494 0.901472 -0.144308 0.408072 0.838627 -0.162375 0.519942 0.921365 -0.239614 -0.306059 0.97907 -0.150814 -0.136665 0.972145 -0.0129567 -0.234021 0.994395 0.00169625 -0.105712 0.623229 0.323887 -0.711816 0.664175 0.462769 -0.587126 0.5228 0.386005 -0.760053 0.403731 0.535368 -0.741878 0.211732 0.356531 -0.909975 0.021261 0.392281 -0.9196 0.00209453 0.089365 -0.995997 -0.168613 -0.00818549 -0.985648 0.0216061 -0.258234 -0.965841 -0.0471087 -0.429925 -0.901635 0.257545 -0.479613 -0.838833 0.309472 -0.625756 -0.716 0.568074 -0.449326 -0.689491 0.691863 -0.482298 -0.537321 0.774213 -0.185561 -0.605112 0.877838 -0.0815965 -0.471956 0.823758 0.0486115 -0.564854 0.887749 0.0727404 -0.454545 0.861306 0.282891 -0.422047 0.865647 0.414368 -0.28099 0.789286 0.358444 -0.498544 0.682605 0.520397 -0.513067 0.548844 0.366634 -0.751232 0.376466 0.422422 -0.82452 0.362615 0.124581 -0.923575 0.192382 0.0445246 -0.980309 0.34228 -0.224426 -0.912402 0.240841 -0.391089 -0.888282 0.498978 -0.473129 -0.726065 0.491897 -0.627142 -0.603929 0.737913 -0.47815 -0.476296 0.796951 -0.527732 -0.293884 0.0571783 0.622528 0.780506 -0.438388 0.0544246 0.897137 -0.185844 0.702117 0.687382 -0.64491 0.603086 0.469445 -0.915183 0.174496 0.363305 -0.698271 -0.335429 0.632381 -0.993844 0.0544458 0.0964864 -0.646193 -0.100073 0.756584 -0.838377 -0.333011 0.43154 -0.459986 -0.622148 0.633518 -0.0012071 -0.523114 0.852262 0.269803 -0.0940183 0.958315 -0.627543 0.429166 0.64962 -0.665733 0.601576 0.441483 -0.708646 0.70262 -0.0643912 -0.76585 0.415551 -0.490705 -0.803472 -0.0913066 -0.5883 -0.799428 -0.521087 -0.298972 -0.755402 -0.621739 0.206902 0.314319 0.173236 0.933377 0.993878 -0.0498238 -0.0986132 0.721213 -0.0624171 -0.689896 -0.175618 0.584544 0.792128 -0.723424 0.0656204 0.687278 -0.362712 0.691381 0.624846 -0.719134 0.647038 0.253355 -0.967321 0.251688 0.0307237 -0.960913 -0.263163 0.085976 -0.704195 -0.594676 0.387906 -0.347054 -0.550192 0.759502 -0.0989364 -0.154732 0.98299 -0.0271599 0.108003 0.993779 0.929856 -0.0446473 0.365205 0.435197 -0.0506913 -0.898907 -0.866354 0.388997 0.313228 -0.929079 0.0501438 -0.366467 -0.810035 0.5739 0.120343 -0.62 0.705653 -0.343006 -0.468081 0.445672 -0.76307 -0.442816 -0.0539982 -0.894985 -0.559168 -0.500483 -0.660945 -0.749447 -0.631922 -0.197492 -0.901229 -0.371143 0.223693 -0.917608 -0.142815 0.370944</float_array>
                    <technique_common>
                        <accessor count="364" source="#ID89" stride="3">
                            <param name="X" type="float"/>
                            <param name="Y" type="float"/>
                            <param name="Z" type="float"/>
                        </accessor>
                    </technique_common>
                </source>
                <source id="ID90">
                    <float_array id="ID91" count="54">0.875 0.15918 1 0.15918 0.6875 0.0795898 0.75 0.0795898 0.75 0.15918 0.625 0.0795898 0.625 0.15918 0.5625 0.0795898 0.5 0.15918 0.5 0.0795898 0.375 0.15918 0.4375 0.0795898 0.25 0.15918 0.375 0.0795898 0.125 0.15918 0.3125 0.0795898 0 0.15918 0.25 0.0795898 0.5 0 0.5 0.493408 0 2 0 1 -1 0 -1 1 0 0 -0.5 1 0 1.5</float_array>
                    <technique_common>
                        <accessor count="27" source="#ID91" stride="2">
                            <param name="S" type="float"/>
                            <param name="T" type="float"/>
                        </accessor>
                    </technique_common>
                </source>
                <vertices id="ID92">
                    <input semantic="POSITION" source="#ID86"/>
                </vertices>
                <triangles count="402" material="Material1">
                    <input offset="0" semantic="VERTEX" source="#ID92"/>
                    <input offset="1" semantic="NORMAL" source="#ID88"/>
                    <input offset="2" semantic="TEXCOORD" source="#ID90" set="0"/>
                    <p>93 2 2 70 1 1 82 0 0 70 1 1 93 2 2 87 3 3 92 5 5 82 0 0 80 4 4 82 0 0 92 5 5 93 2 2 91 7 7 80 4 4 78 6 6 80 4 4 91 7 7 92 5 5 90 9 9 78 6 6 76 8 8 78 6 6 90 9 9 91 7 7 89 11 11 76 8 8 74 10 10 76 8 8 89 11 11 90 9 9 88 13 13 74 10 10 72 12 12 74 10 10 88 13 13 89 11 11 84 15 15 72 12 12 66 14 14 72 12 12 84 15 15 88 13 13 86 17 17 66 14 14 69 16 16 66 14 14 86 17 17 84 15 15 91 7 7 90 9 9 94 18 18 90 9 9 89 11 11 94 18 18 89 11 11 88 13 13 94 18 18 88 13 13 84 15 15 94 18 18 84 15 15 86 17 17 94 18 18 87 3 3 93 2 2 94 18 18 93 2 2 92 5 5 94 18 18 92 5 5 91 7 7 94 18 18 82 21 0 70 20 1 64 19 19 80 22 4 82 21 0 64 19 19 78 23 6 80 22 4 64 19 19 76 24 8 78 23 6 64 19 19 74 25 10 76 24 8 64 19 19 72 26 12 74 25 10 64 19 19 66 27 14 72 26 12 64 19 19 69 28 16 66 27 14 64 19 19 130 31 2 99 30 1 112 29 0 99 30 1 130 31 2 117 32 3 128 34 5 112 29 0 110 33 4 112 29 0 128 34 5 130 31 2 126 36 7 110 33 4 108 35 6 110 33 4 126 36 7 128 34 5 124 38 9 108 35 6 106 37 8 108 35 6 124 38 9 126 36 7 122 40 11 106 37 8 104 39 10 106 37 8 122 40 11 124 38 9 119 42 13 104 39 10 101 41 12 104 39 10 119 42 13 122 40 11 114 44 15 101 41 12 96 43 14 101 41 12 114 44 15 119 42 13 116 46 17 96 43 14 98 45 16 96 43 14 116 46 17 114 44 15 126 36 7 124 38 9 132 47 18 124 38 9 122 40 11 132 47 18 122 40 11 119 42 13 132 47 18 119 42 13 114 44 15 132 47 18 114 44 15 116 46 17 132 47 18 117 32 3 130 31 2 132 47 18 130 31 2 128 34 5 132 47 18 128 34 5 126 36 7 132 47 18 112 50 0 99 49 1 95 48 19 110 51 4 112 50 0 95 48 19 108 52 6 110 51 4 95 48 19 106 53 8 108 52 6 95 48 19 104 54 10 106 53 8 95 48 19 101 55 12 104 54 10 95 48 19 96 56 14 101 55 12 95 48 19 98 57 16 96 56 14 95 48 19 153 60 2 138 59 1 144 58 0 138 59 1 153 60 2 147 61 3 152 63 5 144 58 0 143 62 4 144 58 0 152 63 5 153 60 2 151 65 7 143 62 4 142 64 6 143 62 4 151 65 7 152 63 5 150 67 9 142 64 6 141 66 8 142 64 6 150 67 9 151 65 7 149 69 11 141 66 8 140 68 10 141 66 8 149 69 11 150 67 9 148 71 13 140 68 10 139 70 12 140 68 10 148 71 13 149 69 11 145 73 15 139 70 12 136 72 14 139 70 12 145 73 15 148 71 13 146 75 17 136 72 14 137 74 16 136 72 14 146 75 17 145 73 15 151 65 7 150 67 9 154 76 18 150 67 9 149 69 11 154 76 18 149 69 11 148 71 13 154 76 18 148 71 13 145 73 15 154 76 18 145 73 15 146 75 17 154 76 18 147 61 3 153 60 2 154 76 18 153 60 2 152 63 5 154 76 18 152 63 5 151 65 7 154 76 18 144 79 0 138 78 1 134 77 19 143 80 4 144 79 0 134 77 19 142 81 6 143 80 4 134 77 19 141 82 8 142 81 6 134 77 19 140 83 10 141 82 8 134 77 19 139 84 12 140 83 10 134 77 19 136 85 14 139 84 12 134 77 19 137 86 16 136 85 14 134 77 19 193 89 2 178 88 1 184 87 0 178 88 1 193 89 2 187 90 3 192 92 5 184 87 0 183 91 4 184 87 0 192 92 5 193 89 2 191 94 7 183 91 4 182 93 6 183 91 4 191 94 7 192 92 5 190 96 9 182 93 6 181 95 8 182 93 6 190 96 9 191 94 7 189 98 11 181 95 8 180 97 10 181 95 8 189 98 11 190 96 9 188 100 13 180 97 10 179 99 12 180 97 10 188 100 13 189 98 11 185 102 15 179 99 12 176 101 14 179 99 12 185 102 15 188 100 13 186 104 17 176 101 14 177 103 16 176 101 14 186 104 17 185 102 15 191 94 7 190 96 9 194 105 18 190 96 9 189 98 11 194 105 18 189 98 11 188 100 13 194 105 18 188 100 13 185 102 15 194 105 18 185 102 15 186 104 17 194 105 18 187 90 3 193 89 2 194 105 18 193 89 2 192 92 5 194 105 18 192 92 5 191 94 7 194 105 18 184 108 0 178 107 1 174 106 19 183 109 4 184 108 0 174 106 19 182 110 6 183 109 4 174 106 19 181 111 8 182 110 6 174 106 19 180 112 10 181 111 8 174 106 19 179 113 12 180 112 10 174 106 19 176 114 14 179 113 12 174 106 19 177 115 16 176 114 14 174 106 19 133 118 2 103 117 1 115 116 0 103 117 1 133 118 2 121 119 3 131 121 5 115 116 0 113 120 4 115 116 0 131 121 5 133 118 2 129 123 7 113 120 4 111 122 6 113 120 4 129 123 7 131 121 5 127 125 9 111 122 6 109 124 8 111 122 6 127 125 9 129 123 7 125 127 11 109 124 8 107 126 10 109 124 8 125 127 11 127 125 9 123 129 13 107 126 10 105 128 12 107 126 10 123 129 13 125 127 11 118 131 15 105 128 12 100 130 14 105 128 12 118 131 15 123 129 13 120 133 17 100 130 14 102 132 16 100 130 14 120 133 17 118 131 15 129 123 7 127 125 9 135 134 18 127 125 9 125 127 11 135 134 18 125 127 11 123 129 13 135 134 18 123 129 13 118 131 15 135 134 18 118 131 15 120 133 17 135 134 18 121 119 3 133 118 2 135 134 18 133 118 2 131 121 5 135 134 18 131 121 5 129 123 7 135 134 18 115 137 0 103 136 1 97 135 19 113 138 4 115 137 0 97 135 19 111 139 6 113 138 4 97 135 19 109 140 8 111 139 6 97 135 19 107 141 10 109 140 8 97 135 19 105 142 12 107 141 10 97 135 19 100 143 14 105 142 12 97 135 19 102 144 16 100 143 14 97 135 19 173 147 2 158 146 1 164 145 0 158 146 1 173 147 2 167 148 3 172 150 5 164 145 0 163 149 4 164 145 0 172 150 5 173 147 2 171 152 7 163 149 4 162 151 6 163 149 4 171 152 7 172 150 5 170 154 9 162 151 6 161 153 8 162 151 6 170 154 9 171 152 7 169 156 11 161 153 8 160 155 10 161 153 8 169 156 11 170 154 9 168 158 13 160 155 10 159 157 12 160 155 10 168 158 13 169 156 11 165 160 15 159 157 12 156 159 14 159 157 12 165 160 15 168 158 13 166 162 17 156 159 14 157 161 16 156 159 14 166 162 17 165 160 15 171 152 7 170 154 9 175 163 18 170 154 9 169 156 11 175 163 18 169 156 11 168 158 13 175 163 18 168 158 13 165 160 15 175 163 18 165 160 15 166 162 17 175 163 18 167 148 3 173 147 2 175 163 18 173 147 2 172 150 5 175 163 18 172 150 5 171 152 7 175 163 18 164 166 0 158 165 1 155 164 19 163 167 4 164 166 0 155 164 19 162 168 6 163 167 4 155 164 19 161 169 8 162 168 6 155 164 19 160 170 10 161 169 8 155 164 19 159 171 12 160 170 10 155 164 19 156 172 14 159 171 12 155 164 19 157 173 16 156 172 14 155 164 19 213 176 2 198 175 1 204 174 0 198 175 1 213 176 2 207 177 3 212 179 5 204 174 0 203 178 4 204 174 0 212 179 5 213 176 2 211 181 7 203 178 4 202 180 6 203 178 4 211 181 7 212 179 5 210 183 9 202 180 6 201 182 8 202 180 6 210 183 9 211 181 7 209 185 11 201 182 8 200 184 10 201 182 8 209 185 11 210 183 9 208 187 13 200 184 10 199 186 12 200 184 10 208 187 13 209 185 11 205 189 15 199 186 12 196 188 14 199 186 12 205 189 15 208 187 13 206 191 17 196 188 14 197 190 16 196 188 14 206 191 17 205 189 15 211 181 7 210 183 9 214 192 18 210 183 9 209 185 11 214 192 18 209 185 11 208 187 13 214 192 18 208 187 13 205 189 15 214 192 18 205 189 15 206 191 17 214 192 18 207 177 3 213 176 2 214 192 18 213 176 2 212 179 5 214 192 18 212 179 5 211 181 7 214 192 18 204 195 0 198 194 1 195 193 19 203 196 4 204 195 0 195 193 19 202 197 6 203 196 4 195 193 19 201 198 8 202 197 6 195 193 19 200 199 10 201 198 8 195 193 19 199 200 12 200 199 10 195 193 19 196 201 14 199 200 12 195 193 19 197 202 16 196 201 14 195 193 19 233 205 2 218 204 1 224 203 0 218 204 1 233 205 2 227 206 3 232 208 5 224 203 0 223 207 4 224 203 0 232 208 5 233 205 2 231 210 7 223 207 4 222 209 6 223 207 4 231 210 7 232 208 5 230 212 9 222 209 6 221 211 8 222 209 6 230 212 9 231 210 7 229 214 11 221 211 8 220 213 10 221 211 8 229 214 11 230 212 9 228 216 13 220 213 10 219 215 12 220 213 10 228 216 13 229 214 11 225 218 15 219 215 12 216 217 14 219 215 12 225 218 15 228 216 13 226 220 17 216 217 14 217 219 16 216 217 14 226 220 17 225 218 15 231 210 7 230 212 9 234 221 18 230 212 9 229 214 11 234 221 18 229 214 11 228 216 13 234 221 18 228 216 13 225 218 15 234 221 18 225 218 15 226 220 17 234 221 18 227 206 3 233 205 2 234 221 18 233 205 2 232 208 5 234 221 18 232 208 5 231 210 7 234 221 18 224 224 0 218 223 1 215 222 19 223 225 4 224 224 0 215 222 19 222 226 6 223 225 4 215 222 19 221 227 8 222 226 6 215 222 19 220 228 10 221 227 8 215 222 19 219 229 12 220 228 10 215 222 19 216 230 14 219 229 12 215 222 19 217 231 16 216 230 14 215 222 19 248 234 20 241 233 20 238 232 20 241 233 20 248 234 20 250 235 20 250 235 20 240 236 21 241 233 20 240 236 21 250 235 20 246 237 21 246 237 21 237 238 21 240 236 21 237 238 21 246 237 21 242 239 21 247 242 22 239 241 23 235 240 22 239 241 23 247 242 22 249 243 23 242 239 21 236 244 24 237 238 21 236 244 24 242 239 21 243 245 24 243 245 24 235 240 22 236 244 24 235 240 22 243 245 24 247 242 22 247 242 22 243 245 24 244 246 25 245 247 26 246 237 21 250 235 20 247 242 22 244 246 25 249 243 23 248 234 20 245 247 26 250 235 20 245 247 26 242 239 21 246 237 21 244 246 25 243 245 24 242 239 21 50 250 9 42 249 6 51 248 7 42 249 6 50 250 9 41 251 8 83 254 2 58 253 1 68 252 3 58 253 1 83 254 2 65 255 0 81 256 5 65 255 0 83 254 2 65 255 0 81 256 5 63 257 4 79 258 7 63 257 4 81 256 5 63 257 4 79 258 7 62 259 6 77 260 9 62 259 6 79 258 7 62 259 6 77 260 9 61 261 8 73 264 13 60 263 10 75 262 11 60 263 10 73 264 13 59 265 12 71 266 15 59 265 12 73 264 13 59 265 12 71 266 15 55 267 14 67 268 17 55 267 14 71 266 15 55 267 14 67 268 17 57 269 16 75 262 11 61 261 8 77 260 9 61 261 8 75 262 11 60 263 10 53 272 2 38 271 1 46 270 3 38 271 1 53 272 2 44 273 0 52 274 5 44 273 0 53 272 2 44 273 0 52 274 5 43 275 4 51 248 7 43 275 4 52 274 5 43 275 4 51 248 7 42 249 6 49 276 11 41 251 8 50 250 9 41 251 8 49 276 11 40 277 10 48 278 13 40 277 10 49 276 11 40 277 10 48 278 13 39 279 12 47 280 15 39 279 12 48 278 13 39 279 12 47 280 15 35 281 14 45 282 17 35 281 14 47 280 15 35 281 14 45 282 17 37 283 16 25 286 17 15 285 14 27 284 15 15 285 14 25 286 17 17 287 16 13 290 2 254 289 1 6 288 3 254 289 1 13 290 2 4 291 0 12 292 5 4 291 0 13 290 2 4 291 0 12 292 5 3 293 4 11 294 7 3 293 4 12 292 5 3 293 4 11 294 7 2 295 6 9 298 11 1 297 8 10 296 9 1 297 8 9 298 11 0 299 10 8 300 13 0 299 10 9 298 11 0 299 10 8 300 13 255 301 12 7 302 15 255 301 12 8 300 13 255 301 12 7 302 15 251 303 14 5 304 17 251 303 14 7 302 15 251 303 14 5 304 17 253 305 16 33 308 2 18 307 1 26 306 3 18 307 1 33 308 2 24 309 0 32 310 5 24 309 0 33 308 2 24 309 0 32 310 5 23 311 4 31 312 7 23 311 4 32 310 5 23 311 4 31 312 7 22 313 6 30 314 9 22 313 6 31 312 7 22 313 6 30 314 9 21 315 8 29 316 11 21 315 8 30 314 9 21 315 8 29 316 11 20 317 10 28 318 13 20 317 10 29 316 11 20 317 10 28 318 13 19 319 12 27 284 15 19 319 12 28 318 13 19 319 12 27 284 15 15 285 14 10 296 9 2 295 6 11 294 7 2 295 6 10 296 9 1 297 8 4 322 0 252 321 19 254 320 1 3 323 4 252 321 19 4 322 0 2 324 6 252 321 19 3 323 4 37 327 16 36 326 19 35 325 14 1 328 8 252 321 19 2 324 6 0 329 10 252 321 19 1 328 8 255 330 12 252 321 19 0 329 10 251 331 14 252 321 19 255 330 12 44 333 0 36 326 19 38 332 1 43 334 4 36 326 19 44 333 0 42 335 6 36 326 19 43 334 4 41 336 8 36 326 19 42 335 6 40 337 10 36 326 19 41 336 8 39 338 12 36 326 19 40 337 10 35 325 14 36 326 19 39 338 12 253 339 16 252 321 19 251 331 14 51 248 7 54 340 18 50 250 9 30 314 9 34 341 18 29 316 11 29 316 11 34 341 18 28 318 13 28 318 13 34 341 18 27 284 15 27 284 15 34 341 18 25 286 17 26 306 3 34 341 18 33 308 2 33 308 2 34 341 18 32 310 5 32 310 5 34 341 18 31 312 7 24 344 0 16 343 19 18 342 1 23 345 4 16 343 19 24 344 0 22 346 6 16 343 19 23 345 4 21 347 8 16 343 19 22 346 6 20 348 10 16 343 19 21 347 8 19 349 12 16 343 19 20 348 10 15 350 14 16 343 19 19 349 12 17 351 16 16 343 19 15 350 14 79 258 7 85 352 18 77 260 9 77 260 9 85 352 18 75 262 11 75 262 11 85 352 18 73 264 13 73 264 13 85 352 18 71 266 15 71 266 15 85 352 18 67 268 17 68 252 3 85 352 18 83 254 2 83 254 2 85 352 18 81 256 5 81 256 5 85 352 18 79 258 7 11 294 7 14 353 18 10 296 9 10 296 9 14 353 18 9 298 11 9 298 11 14 353 18 8 300 13 8 300 13 14 353 18 7 302 15 7 302 15 14 353 18 5 304 17 6 288 3 14 353 18 13 290 2 13 290 2 14 353 18 12 292 5 65 356 0 56 355 19 58 354 1 63 357 4 56 355 19 65 356 0 62 358 6 56 355 19 63 357 4 61 359 8 56 355 19 62 358 6 31 312 7 34 341 18 30 314 9 60 360 10 56 355 19 61 359 8 59 361 12 56 355 19 60 360 10 55 362 14 56 355 19 59 361 12 57 363 16 56 355 19 55 362 14 12 292 5 14 353 18 11 294 7 50 250 9 54 340 18 49 276 11 49 276 11 54 340 18 48 278 13 48 278 13 54 340 18 47 280 15 47 280 15 54 340 18 45 282 17 46 270 3 54 340 18 53 272 2 53 272 2 54 340 18 52 274 5 52 274 5 54 340 18 51 248 7</p>
                </triangles>
            </mesh>
        </geometry>
        <geometry id="ID94">
            <mesh>
                <source id="ID95">
                    <float_array id="ID96" count="783">159.813 259.469 -507.594 150.906 259.469 -521.469 154.375 268.031 -520.563 154.375 268.031 -520.563 154.375 250.875 -520.563 162.656 247.313 -518.375 170.969 250.875 -516.156 174.406 259.469 -515.25 170.969 268.031 -516.156 162.656 271.594 -518.375 155.969 259.469 -523.375 158.156 264.938 -522.781 158.156 264.938 -522.781 158.156 253.969 -522.781 163.469 251.719 -521.375 168.75 253.969 -519.969 170.969 259.469 -519.406 168.75 264.938 -519.969 163.469 267.219 -521.375 164.563 259.469 -524.875 211.031 59.9375 -452.031 205.688 59.9688 -467.625 210.813 67.6563 -466.594 210.813 67.6563 -466.594 206.625 51.0625 -465.219 213.125 46.125 -460.75 221.375 48.0625 -456.875 226.5 55.7188 -455.844 225.531 64.6563 -458.25 219.031 69.5938 -462.719 210.875 58.625 -468.219 214.156 63.5313 -467.563 214.156 63.5313 -467.563 211.469 52.9375 -466.688 215.625 49.7813 -463.844 220.875 51.0313 -461.375 224.156 55.9063 -460.719 223.531 61.625 -462.25 219.375 64.75 -465.094 219.719 57.2813 -467.938 -185.156 698.219 -343.031 -205.313 692.688 -344.594 -204.938 704.406 -346.156 -204.938 704.406 -346.156 -199.031 683.5 -348.594 -189.781 682.25 -355.844 -182.938 689.625 -362.031 -182.563 701.344 -363.594 -188.844 710.531 -359.594 -198.094 711.813 -352.375 -203.656 693.938 -351.156 -203.406 701.406 -352.125 -203.406 701.406 -352.125 -199.656 688.063 -353.688 -193.75 687.25 -358.313 -189.375 691.969 -362.281 -189.125 699.438 -363.281 -193.156 705.313 -360.719 -199.063 706.125 -356.094 -155.344 259.469 -509.375 -197.781 696.75 -359.344 -170.156 259.469 -516.625 -166.75 268.031 -517.625 -166.75 268.031 -517.625 -166.75 250.875 -517.625 -158.5 247.313 -520.063 -150.281 250.875 -522.5 -146.875 259.469 -523.5 -150.281 268.031 -522.5 19.7813 765.781 -396.531 -158.5 271.594 -520.063 -166.844 259.469 -520.875 -164.656 264.938 -521.531 -164.656 264.938 -521.531 35.6563 773.531 -396.531 -164.656 253.969 -521.531 12.4375 789.469 -396.531 -159.406 251.719 -523.063 -154.156 253.969 -524.625 -151.969 259.469 -525.25 4.5625 810.188 -396.531 -154.156 264.938 -524.625 -159.406 267.219 -523.063 -0.375 811.875 -396.531 -160.469 259.469 -528.313 35.6563 783.156 -396.531 -370.25 686.5 -140.906 -389.031 680.25 -133.875 38.1875 778.344 -396.531 -388.781 692.031 -132.781 -388.781 692.031 -132.781 25.9063 748.406 -396.531 -385.906 672.594 -142.313 -381.25 673.5 -153.156 -0.375 753.406 -396.531 -377.813 682.5 -160.031 -377.594 694.25 -158.938 -380.719 701.938 -150.5 16.4688 743.25 -396.531 -385.344 701 -139.656 22.4688 744.094 -396.531 -390.625 683 -139.969 -390.469 690.531 -139.25 -390.469 690.531 -139.25 -36.4375 773.531 -396.531 -388.625 678.125 -145.344 -385.656 678.688 -152.25 -383.469 684.438 -156.656 -20.5625 765.781 -396.531 -383.344 691.938 -155.969 -5.375 810.188 -396.531 -385.313 696.844 -150.563 -388.281 696.25 -143.656 -206.469 59.9375 -458.375 -389.188 687.906 -149.125 -13.2188 789.469 -396.531 -221.844 59.9688 -464.344 -217.75 67.6563 -467.594 -217.75 67.6563 -467.594 -36.4375 783.156 -396.531 -219.375 51.0625 -463.531 -38.9688 778.344 -396.531 -211.781 46.125 -465.625 -203.5 48.0625 -469.406 -199.406 55.7188 -472.656 -26.6875 748.406 -396.531 -201.875 64.6563 -473.5 -17.25 743.25 -396.531 -209.469 69.5938 -471.375 -218.938 58.625 -468.688 -216.313 63.5313 -470.781 -216.313 63.5313 -470.781 -23.2813 744.094 -396.531 -217.375 52.9375 -468.156 -212.531 49.7813 -469.5 -207.25 51.0313 -471.938 -204.625 55.9063 -474 -206.219 61.625 -474.531 -211.063 64.75 -473.188 -212.938 57.2813 -475.375 -397.469 686.969 74.5 -409.813 675.781 87.25 -409.906 686.844 91.4063 -409.906 686.844 91.4063 -410.719 670.844 76.5313 -412.125 674.969 65.5313 -413.219 685.688 60.6875 -413.313 696.75 64.8438 -412.406 701.688 75.5625 -411 697.594 86.5625 -414.406 679.375 83.625 -414.469 686.438 86.2813 -414.469 686.438 86.2813 -414.969 676.219 76.7813 -415.875 678.844 69.7813 -0.375 778.344 -414.906 -416.563 685.688 66.6875 205.313 692.688 -344.594 -416.625 692.75 69.3438 185.156 698.219 -343.031 -416.031 695.906 76.1563 204.938 704.406 -346.156 204.938 704.406 -346.156 -415.156 693.281 83.1875 199.031 683.531 -348.594 -418.031 686.281 76.625 189.781 682.25 -355.844 182.938 689.625 -362.031 182.563 701.344 -363.594 188.844 710.531 -359.594 198.094 711.813 -352.375 203.406 701.406 -352.125 203.406 701.406 -352.125 203.656 693.938 -351.156 199.656 688.063 -353.688 193.75 687.25 -358.313 189.375 691.969 -362.281 189.125 699.438 -363.281 193.156 705.313 -360.719 199.063 706.125 -356.094 197.781 696.75 -359.344 389.031 680.25 -133.875 370.25 686.5 -140.906 388.781 692.031 -132.781 388.781 692.031 -132.781 385.906 672.594 -142.313 381.25 673.5 -153.156 -256.313 686.969 327.063 377.813 682.5 -160.031 -256.375 676.938 345.469 377.594 694.25 -158.938 -254.531 688.344 347.906 -254.531 688.344 347.906 380.719 701.938 -150.5 -263.75 670.969 338.406 385.344 701 -139.656 -272.313 673.969 330.844 390.469 690.531 -139.25 390.469 690.531 -139.25 -277.094 684.188 327.219 390.625 683 -139.969 -275.25 695.625 329.656 388.625 678.125 -145.344 -267.875 701.563 336.719 385.656 678.688 -152.25 -259.281 698.563 344.281 383.469 684.438 -156.656 -262.469 680.125 345.563 383.344 691.938 -155.969 -261.281 687.406 347.125 -261.281 687.406 347.125 385.313 696.844 -150.563 -267.156 676.313 341.031 388.281 696.25 -143.656 -272.625 678.219 336.219 389.188 687.906 -149.125 -275.656 684.75 333.906 409.813 675.781 87.25 -274.5 692.031 335.469 397.469 686.969 74.5 -269.781 695.813 339.969 409.906 686.844 91.4063 409.906 686.844 91.4063 -264.313 693.906 344.813 410.719 670.844 76.5313 -270.281 686.281 342.281 412.125 674.969 65.5313 413.219 685.688 60.6875 413.313 696.75 64.8438 412.406 701.688 75.5625 411 697.594 86.5625 414.469 686.438 86.2813 414.469 686.438 86.2813 414.406 679.375 83.625 414.969 676.219 76.7813 415.875 678.844 69.7813 416.563 685.688 66.6875 416.625 692.75 69.3438 416.031 695.906 76.1563 415.156 693.281 83.1875 418.031 686.281 76.625 256.375 676.938 345.469 256.313 686.969 327.063 254.531 688.344 347.906 254.531 688.344 347.906 263.75 670.969 338.406 272.313 673.969 330.844 277.094 684.188 327.219 275.25 695.625 329.656 267.875 701.563 336.719 259.281 698.563 344.281 261.281 687.406 347.125 261.281 687.406 347.125 262.469 680.125 345.563 267.156 676.313 341.031 272.625 678.25 336.219 275.656 684.75 333.906 274.5 692.031 335.469 269.781 695.813 339.969 264.313 693.906 344.813 270.281 686.281 342.281</float_array>
                    <technique_common>
                        <accessor count="261" source="#ID96" stride="3">
                            <param name="X" type="float"/>
                            <param name="Y" type="float"/>
                            <param name="Z" type="float"/>
                        </accessor>
                    </technique_common>
                </source>
                <source id="ID97">
                    <float_array id="ID98" count="1107">0.28612 0.577068 -0.764937 -0.0235128 0.562976 -0.826138 0.173225 0.519459 -0.836753 0.0186151 0.492886 -0.869895 0.656474 0.353468 -0.66641 0.541576 0.403584 -0.737438 0.767065 -0.0807851 -0.636463 0.722344 0.0482273 -0.68985 0.54801 -0.463758 -0.696142 0.606889 -0.336334 -0.720115 0.132286 -0.575564 -0.806986 0.266502 -0.518217 -0.812667 -0.242167 -0.352459 -0.903951 -0.100735 -0.399689 -0.911099 -0.350999 0.0807673 -0.932886 -0.280426 -0.0476031 -0.958695 -0.341839 0.234791 -0.909956 -0.285739 0.21543 -0.933779 0.260877 0.000225077 -0.965372 -0.256252 0.000619313 0.96661 -0.442961 0.651517 0.615882 -0.189383 0.676891 0.711304 0.272936 0.478804 0.834417 0.464574 0.00047255 0.885534 0.272716 -0.477923 0.834994 -0.189605 -0.675946 0.712142 -0.650124 -0.47889 0.589919 -0.841548 0.000477582 0.540183 -0.809588 0.27297 0.519668 0.577529 0.393193 -0.715443 0.297479 0.438814 -0.847908 0.471915 0.383515 -0.793859 0.3158 0.395126 -0.862639 0.853742 0.109406 -0.509073 0.782984 0.19154 -0.591817 0.84516 -0.330559 -0.420043 0.855041 -0.202089 -0.477561 0.557616 -0.663608 -0.498687 0.652577 -0.555434 -0.515399 0.159201 -0.698384 -0.697793 0.303075 -0.670383 -0.677297 -0.11495 -0.410538 -0.904569 0.00257723 -0.488497 -0.872562 -0.10691 0.0267447 -0.993909 -0.0797056 -0.10885 -0.990858 -0.0669437 0.176367 -0.982045 -0.0289707 0.15161 -0.988016 0.465512 -0.16329 -0.869847 -0.454829 0.187087 0.870706 -0.39568 0.808976 0.434736 -0.171452 0.791428 0.586724 0.190172 0.516188 0.835096 0.244078 0.0187427 0.969575 -0.041208 -0.407928 0.912084 -0.499017 -0.515396 0.69667 -0.86104 -0.239281 0.448726 -0.914207 0.25643 0.313799 -0.815588 0.506097 0.280504 -0.153113 0.580307 -0.799875 -0.448515 0.567437 -0.690543 -0.275896 0.576109 -0.769402 -0.446121 0.555884 -0.701405 0.217043 0.352443 -0.910316 0.132817 0.444186 -0.886035 0.324595 -0.0786466 -0.942578 0.330646 0.0485749 -0.942504 0.107727 -0.466134 -0.878131 0.196605 -0.375714 -0.905641 -0.305744 -0.579201 -0.755676 -0.183588 -0.574738 -0.797479 -0.677942 -0.35413 -0.644194 -0.583919 -0.437252 -0.683995 -0.786211 0.0806125 -0.612677 -0.77638 -0.0476794 -0.628459 -0.766739 0.235259 -0.597297 -0.758204 0.230156 -0.610045 -0.26757 0.000260971 -0.963538 0.284021 0.000618204 0.958818 -0.0579079 0.651603 0.756347 0.209386 0.676688 0.705869 0.667973 0.478598 0.569874 0.85766 0.000473836 0.514217 0.668087 -0.477715 0.570481 0.209632 -0.675744 0.7067 -0.249675 -0.477389 0.842474 -0.439618 0.000471876 0.898185 -0.42336 0.269435 0.864969 -0.174967 0.394904 -0.901907 -0.456365 0.439253 -0.773814 -0.301301 0.387085 -0.871426 -0.456978 0.396746 -0.796093 0.159113 0.107216 -0.981421 0.0557859 0.193535 -0.979506 0.224281 -0.330816 -0.916656 0.191061 -0.202908 -0.960377 -0.0210315 -0.663471 -0.747907 0.0298664 -0.556915 -0.830033 -0.431059 -0.696102 -0.574135 -0.322497 -0.671012 -0.667637 -0.764407 -0.410303 -0.497326 -0.665243 -0.488109 -0.564979 -0.82725 0.0255347 -0.561253 -0.808055 -0.109536 -0.578834 -0.792576 0.175134 -0.584081 -0.773247 0.151004 -0.615863 -0.361913 -0.163119 -0.91783 0.372332 0.186162 0.909238 0.0769742 0.80881 0.583011 0.338983 0.791002 0.50932 0.761393 0.51614 0.392277 0.898491 0.0195437 0.438557 0.669761 -0.408573 0.620071 0.209582 -0.516419 0.830293 -0.212162 -0.241603 0.946898 -0.34951 0.254719 0.901643 -0.311282 0.505872 0.804486 -0.600866 0.507167 -0.617852 -0.815694 0.406076 -0.412001 -0.710172 0.345075 -0.61366 -0.792895 0.27074 -0.545911 -0.254184 0.400021 -0.880553 -0.435366 0.34658 -0.830867 -0.0528493 0.0175385 -0.998448 -0.22776 0.0993814 -0.968632 -0.116178 -0.414125 -0.902775 -0.211706 -0.24844 -0.945229 -0.406601 -0.642792 -0.649226 -0.395162 -0.491389 -0.776134 -0.751508 -0.534394 -0.386857 -0.66752 -0.489972 -0.560664 -0.950606 -0.153147 -0.26999 -0.871319 -0.245403 -0.424947 -0.968872 -0.00200303 -0.247552 -0.929615 -0.017419 -0.368119 -0.617896 -0.0794856 -0.782232 0.619965 0.0835631 0.780167 0.0643675 0.606154 0.792738 0.274283 0.708203 0.650552 0.680427 0.652495 0.333571 0.954822 0.251299 0.158632 0.937725 -0.262055 0.228032 0.639302 -0.585302 0.498713 0.234734 -0.529382 0.815264 -0.0418792 -0.127326 0.990976 -0.113319 0.134874 0.984362 -0.793044 0.59583 -0.126761 -0.888558 0.440008 0.12984 -0.895763 0.431048 -0.108661 -0.940543 0.338558 -0.0275312 -0.621374 0.568886 -0.538761 -0.758573 0.49591 -0.422658 -0.519462 0.234258 -0.821756 -0.65587 0.297173 -0.693919 -0.553792 -0.21088 -0.805508 -0.648484 -0.0473534 -0.759754 -0.700025 -0.506217 -0.503696 -0.741686 -0.331206 -0.58327 -0.872019 -0.480453 -0.0935282 -0.878282 -0.393306 -0.271903 -0.971125 -0.146339 0.188417 -0.980192 -0.197993 -0.00470842 -0.967445 -0.00296471 0.253064 -0.992179 0.00908165 0.124495 -0.91834 0.0576977 -0.391564 0.919737 -0.0537978 0.38883 0.466561 0.418491 0.779221 0.587973 0.561888 0.581868 0.790777 0.602695 0.106909 0.927153 0.267028 -0.262839 0.91753 -0.247856 -0.310975 0.767199 -0.641356 -0.00829017 0.563683 -0.681774 0.466311 0.42781 -0.346317 0.834891 0.376231 -0.093561 0.92179 -0.795359 0.435178 0.421929 -0.738602 0.213863 0.639319 -0.862044 0.254536 0.438283 -0.853459 0.141063 0.501706 -0.847505 0.530688 -0.0102897 -0.902947 0.410177 0.128225 -0.875605 0.293118 -0.383923 -0.933053 0.299251 -0.19965 -0.864386 -0.142543 -0.482201 -0.935383 -0.0125378 -0.353413 -0.817954 -0.51931 -0.247523 -0.907287 -0.342203 -0.244393 -0.766425 -0.615208 0.184695 -0.866637 -0.495121 0.061607 -0.736992 -0.375618 0.56192 -0.836951 -0.385472 0.388489 -0.712805 -0.251957 0.654543 -0.798769 -0.217819 0.560824 -0.993359 -0.0453053 0.105759 0.992791 0.0503912 -0.108751 0.759212 0.330009 0.560973 0.756504 0.532673 0.379423 0.694565 0.712221 -0.101594 0.654233 0.49669 -0.570331 0.658746 0.0120578 -0.752268 0.705742 -0.457935 -0.540578 0.767726 -0.638149 -0.0579899 0.807679 -0.422859 0.410906 0.788184 -0.210588 0.57829 -0.34902 0.468009 0.811882 -0.1479 0.269219 0.951655 -0.375969 0.288815 0.880473 -0.320132 0.18151 0.929822 -0.678934 0.519363 0.518952 -0.621083 0.412551 0.666376 -0.930822 0.243999 0.272094 -0.852687 0.268055 0.44841 -0.955207 -0.197042 0.220801 -0.933476 -0.0576235 0.353979 -0.739359 -0.547994 0.391218 -0.817149 -0.372536 0.439869 -0.410141 -0.600182 0.686706 -0.574343 -0.494545 0.652346 -0.156175 -0.32657 0.932181 -0.344955 -0.354014 0.869299 -0.0860161 -0.194889 0.977046 -0.214711 -0.171076 0.961578 -0.672492 -0.0452674 0.738719 0.670207 0.0494417 -0.740526 0.91549 0.3887 -0.103877 0.779424 0.573641 -0.251862 0.403651 0.70536 -0.582694 0.0812052 0.4449 -0.891891 -0.000181409 -0.0547401 -0.998501 0.208553 -0.500992 -0.839948 0.584329 -0.632283 -0.508702 0.906676 -0.371679 -0.199483 0.986813 -0.143514 -0.0748631 -0.19991 -0.356036 -0.912839 0.140775 -0.511524 -0.847659 0.000116352 -0.0129566 -0.999916 0.000999895 0.480569 -0.876956 -0.455675 0.390136 -0.800096 -0.000293694 -0.593199 -0.805056 -0.570678 -0.0024399 -0.82117 -0.429877 0 -0.902888 -0.365967 -0.422884 -0.828997 -0.331377 0.52078 -0.786751 -0.488633 0.551947 -0.675716 -0.589178 -0.198753 -0.783177 -0.140914 -0.51147 -0.847668 0.199412 -0.35666 -0.912704 0.456584 0.390491 -0.799405 0.570625 -0.00310308 -0.821205 0.366164 -0.423077 -0.828812 0.430161 0 -0.902752 0.331547 0.520952 -0.786566 0.488621 0.552542 -0.675238 0.589693 -0.198807 -0.782776 0.933053 0.299251 -0.19965 0.875605 0.293118 -0.383923 0.935383 -0.0125378 -0.353413 0.864386 -0.142543 -0.482201 0.320132 0.18151 0.929822 0.1479 0.269219 0.951655 0.375969 0.288815 0.880473 0.34902 0.468009 0.811882 0.621083 0.412551 0.666376 0.678934 0.519363 0.518952 0.852687 0.268055 0.44841 0.930822 0.243999 0.272094 0.933431 -0.05808 0.354024 0.955025 -0.197322 0.22134 0.817372 -0.371987 0.439919 0.740143 -0.546454 0.391887 0.575097 -0.493815 0.652235 0.410141 -0.600182 0.686706 0.344955 -0.354014 0.869299 0.156175 -0.32657 0.932181 0.214711 -0.171076 0.961578 0.0860161 -0.194889 0.977046 0.853459 0.141063 0.501706 0.738602 0.213863 0.639319 0.862044 0.254536 0.438283 0.795359 0.435178 0.421929 0.902947 0.410177 0.128225 0.847505 0.530688 -0.0102897 0.907287 -0.342203 -0.244393 0.817954 -0.51931 -0.247523 0.866637 -0.495121 0.061607 0.766425 -0.615208 0.184695 0.836951 -0.385472 0.388489 0.736992 -0.375618 0.56192 0.798769 -0.217819 0.560824 0.712805 -0.251957 0.654543 0.980192 -0.197993 -0.00470842 0.971125 -0.146339 0.188417 0.992179 0.00908165 0.124495 0.967445 -0.00296471 0.253064 0.792895 0.27074 -0.545911 0.815694 0.406076 -0.412001 0.710172 0.345075 -0.61366 0.600866 0.507167 -0.617852 0.435366 0.34658 -0.830867 0.254184 0.400021 -0.880553 0.22776 0.0993814 -0.968632 0.0528493 0.0175385 -0.998448 0.211706 -0.24844 -0.945229 0.116178 -0.414125 -0.902775 0.395162 -0.491389 -0.776134 0.40681 -0.643474 -0.648419 0.667761 -0.490611 -0.559818 0.751438 -0.535628 -0.385284 0.871351 -0.245858 -0.424619 0.950527 -0.15354 -0.270045 0.929615 -0.017419 -0.368119 0.968872 -0.00200303 -0.247552 0.940543 0.338558 -0.0275312 0.888558 0.440008 0.12984 0.895763 0.431048 -0.108661 0.793044 0.59583 -0.126761 0.758573 0.49591 -0.422658 0.621374 0.568886 -0.538761 0.65587 0.297173 -0.693919 0.519462 0.234258 -0.821756 0.648484 -0.0473534 -0.759754 0.553792 -0.21088 -0.805508 0.741686 -0.331206 -0.58327 0.700025 -0.506217 -0.503696 0.878282 -0.393306 -0.271903 0.872019 -0.480453 -0.0935282 -0.0643675 0.606154 0.792738 -0.619803 0.0833723 0.780316 -0.274283 0.708203 0.650552 -0.680427 0.652495 0.333571 -0.954822 0.251299 0.158632 -0.807679 -0.422859 0.410906 -0.992791 0.0503912 -0.108751 -0.788184 -0.210588 0.57829 -0.937725 -0.262055 0.228032 -0.638653 -0.585548 0.499255 -0.233998 -0.529792 0.815209 0.0417371 -0.127827 0.990918 -0.759212 0.330009 0.560973 -0.756504 0.532673 0.379423 -0.694565 0.712221 -0.101594 -0.654233 0.49669 -0.570331 -0.658746 0.0120578 -0.752268 -0.705742 -0.457935 -0.540578 -0.767726 -0.638149 -0.0579899 0.113319 0.134874 0.984362 0.993359 -0.0453053 0.105759 0.91834 0.0576977 -0.391564 -0.466561 0.418491 0.779221 -0.919737 -0.0537978 0.38883 -0.587973 0.561888 0.581868 -0.790777 0.602695 0.106909 -0.927153 0.267028 -0.262839 -0.91753 -0.247856 -0.310975 -0.767199 -0.641356 -0.00829017 -0.563683 -0.681774 0.466311 -0.42781 -0.346317 0.834891 -0.376231 -0.093561 0.92179 0.6726 -0.0453889 0.738613 0.617896 -0.0794857 -0.782232 -0.91549 0.3887 -0.103877 -0.670207 0.0494417 -0.740526 -0.779424 0.573641 -0.251862 -0.403651 0.70536 -0.582694 -0.0812052 0.4449 -0.891891 0.000181409 -0.0547401 -0.998501 -0.208553 -0.500992 -0.839948 -0.584329 -0.632283 -0.508702 -0.906676 -0.371679 -0.199483 -0.986813 -0.143514 -0.0748631</float_array>
                    <technique_common>
                        <accessor count="369" source="#ID98" stride="3">
                            <param name="X" type="float"/>
                            <param name="Y" type="float"/>
                            <param name="Z" type="float"/>
                        </accessor>
                    </technique_common>
                </source>
                <source id="ID99">
                    <float_array id="ID100" count="82">0.875 0.15918 1 0.15918 0.6875 0.0795898 0.75 0.0795898 0.75 0.15918 0.625 0.0795898 0.625 0.15918 0.5625 0.0795898 0.5 0.15918 0.5 0.0795898 0.375 0.15918 0.4375 0.0795898 0.25 0.15918 0.375 0.0795898 0.125 0.15918 0.3125 0.0795898 0 0.15918 0.25 0.0795898 0.5 0 0.5 0.493408 0.932129 -0.162109 0.818604 -0.177979 0.5 0.546143 0.5 1.17871 0.593994 1.14722 0.5 0.0134277 0.996582 -0.0810547 1.22827 0.546143 1.18066 0.455322 1.18066 0.636963 0.742432 0.756348 0.880859 0.309082 0.181152 -0.177979 0.067627 -0.162109 0.405762 1.14722 0.00317383 -0.0810547 -0.180664 0.455322 -0.228271 0.546143 -0.180664 0.636963 0.257324 0.756348 0.118896 0.309082</float_array>
                    <technique_common>
                        <accessor count="41" source="#ID100" stride="2">
                            <param name="S" type="float"/>
                            <param name="T" type="float"/>
                        </accessor>
                    </technique_common>
                </source>
                <vertices id="ID101">
                    <input semantic="POSITION" source="#ID95"/>
                </vertices>
                <triangles count="404" material="Material1">
                    <input offset="0" semantic="VERTEX" source="#ID101"/>
                    <input offset="1" semantic="NORMAL" source="#ID97"/>
                    <input offset="2" semantic="TEXCOORD" source="#ID99" set="0"/>
                    <p>18 2 2 3 1 1 9 0 0 3 1 1 18 2 2 12 3 3 17 5 5 9 0 0 8 4 4 9 0 0 17 5 5 18 2 2 16 7 7 8 4 4 7 6 6 8 4 4 16 7 7 17 5 5 15 9 9 7 6 6 6 8 8 7 6 6 15 9 9 16 7 7 14 11 11 6 8 8 5 10 10 6 8 8 14 11 11 15 9 9 13 13 13 5 10 10 4 12 12 5 10 10 13 13 13 14 11 11 10 15 15 4 12 12 1 14 14 4 12 12 10 15 15 13 13 13 11 17 17 1 14 14 2 16 16 1 14 14 11 17 17 10 15 15 16 7 7 15 9 9 19 18 18 15 9 9 14 11 11 19 18 18 14 11 11 13 13 13 19 18 18 13 13 13 10 15 15 19 18 18 10 15 15 11 17 17 19 18 18 12 3 3 18 2 2 19 18 18 18 2 2 17 5 5 19 18 18 17 5 5 16 7 7 19 18 18 9 21 0 3 20 1 0 19 19 8 22 4 9 21 0 0 19 19 7 23 6 8 22 4 0 19 19 6 24 8 7 23 6 0 19 19 5 25 10 6 24 8 0 19 19 4 26 12 5 25 10 0 19 19 1 27 14 4 26 12 0 19 19 2 28 16 1 27 14 0 19 19 38 31 2 23 30 1 29 29 0 23 30 1 38 31 2 32 32 3 37 34 5 29 29 0 28 33 4 29 29 0 37 34 5 38 31 2 36 36 7 28 33 4 27 35 6 28 33 4 36 36 7 37 34 5 35 38 9 27 35 6 26 37 8 27 35 6 35 38 9 36 36 7 34 40 11 26 37 8 25 39 10 26 37 8 34 40 11 35 38 9 33 42 13 25 39 10 24 41 12 25 39 10 33 42 13 34 40 11 30 44 15 24 41 12 21 43 14 24 41 12 30 44 15 33 42 13 31 46 17 21 43 14 22 45 16 21 43 14 31 46 17 30 44 15 36 36 7 35 38 9 39 47 18 35 38 9 34 40 11 39 47 18 34 40 11 33 42 13 39 47 18 33 42 13 30 44 15 39 47 18 30 44 15 31 46 17 39 47 18 32 32 3 38 31 2 39 47 18 38 31 2 37 34 5 39 47 18 37 34 5 36 36 7 39 47 18 29 50 0 23 49 1 20 48 19 28 51 4 29 50 0 20 48 19 27 52 6 28 51 4 20 48 19 26 53 8 27 52 6 20 48 19 25 54 10 26 53 8 20 48 19 24 55 12 25 54 10 20 48 19 21 56 14 24 55 12 20 48 19 22 57 16 21 56 14 20 48 19 82 60 2 63 59 1 70 58 0 63 59 1 82 60 2 73 61 3 81 63 5 70 58 0 68 62 4 70 58 0 81 63 5 82 60 2 79 65 7 68 62 4 67 64 6 68 62 4 79 65 7 81 63 5 78 67 9 67 64 6 66 66 8 67 64 6 78 67 9 79 65 7 77 69 11 66 66 8 65 68 10 66 66 8 77 69 11 78 67 9 75 71 13 65 68 10 64 70 12 65 68 10 75 71 13 77 69 11 71 73 15 64 70 12 61 72 14 64 70 12 71 73 15 75 71 13 72 75 17 61 72 14 62 74 16 61 72 14 72 75 17 71 73 15 79 65 7 78 67 9 84 76 18 78 67 9 77 69 11 84 76 18 77 69 11 75 71 13 84 76 18 75 71 13 71 73 15 84 76 18 71 73 15 72 75 17 84 76 18 73 61 3 82 60 2 84 76 18 82 60 2 81 63 5 84 76 18 81 63 5 79 65 7 84 76 18 70 79 0 63 78 1 59 77 19 68 80 4 70 79 0 59 77 19 67 81 6 68 80 4 59 77 19 66 82 8 67 81 6 59 77 19 65 83 10 66 82 8 59 77 19 64 84 12 65 83 10 59 77 19 61 85 14 64 84 12 59 77 19 62 86 16 61 85 14 59 77 19 138 89 2 118 88 1 128 87 0 118 88 1 138 89 2 131 90 3 137 92 5 128 87 0 126 91 4 128 87 0 137 92 5 138 89 2 136 94 7 126 91 4 124 93 6 126 91 4 136 94 7 137 92 5 135 96 9 124 93 6 123 95 8 124 93 6 135 96 9 136 94 7 134 98 11 123 95 8 122 97 10 123 95 8 134 98 11 135 96 9 133 100 13 122 97 10 120 99 12 122 97 10 133 100 13 134 98 11 129 102 15 120 99 12 116 101 14 120 99 12 129 102 15 133 100 13 130 104 17 116 101 14 117 103 16 116 101 14 130 104 17 129 102 15 136 94 7 135 96 9 139 105 18 135 96 9 134 98 11 139 105 18 134 98 11 133 100 13 139 105 18 133 100 13 129 102 15 139 105 18 129 102 15 130 104 17 139 105 18 131 90 3 138 89 2 139 105 18 138 89 2 137 92 5 139 105 18 137 92 5 136 94 7 139 105 18 128 108 0 118 107 1 113 106 19 126 109 4 128 108 0 113 106 19 124 110 6 126 109 4 113 106 19 123 111 8 124 110 6 113 106 19 122 112 10 123 111 8 113 106 19 120 113 12 122 112 10 113 106 19 116 114 14 120 113 12 113 106 19 117 115 16 116 114 14 113 106 19 58 118 2 43 117 1 49 116 0 43 117 1 58 118 2 52 119 3 57 121 5 49 116 0 48 120 4 49 116 0 57 121 5 58 118 2 56 123 7 48 120 4 47 122 6 48 120 4 56 123 7 57 121 5 55 125 9 47 122 6 46 124 8 47 122 6 55 125 9 56 123 7 54 127 11 46 124 8 45 126 10 46 124 8 54 127 11 55 125 9 53 129 13 45 126 10 44 128 12 45 126 10 53 129 13 54 127 11 50 131 15 44 128 12 41 130 14 44 128 12 50 131 15 53 129 13 51 133 17 41 130 14 42 132 16 41 130 14 51 133 17 50 131 15 56 123 7 55 125 9 60 134 18 55 125 9 54 127 11 60 134 18 54 127 11 53 129 13 60 134 18 53 129 13 50 131 15 60 134 18 50 131 15 51 133 17 60 134 18 52 119 3 58 118 2 60 134 18 58 118 2 57 121 5 60 134 18 57 121 5 56 123 7 60 134 18 49 137 0 43 136 1 40 135 19 48 138 4 49 137 0 40 135 19 47 139 6 48 138 4 40 135 19 46 140 8 47 139 6 40 135 19 45 141 10 46 140 8 40 135 19 44 142 12 45 141 10 40 135 19 41 143 14 44 142 12 40 135 19 42 144 16 41 143 14 40 135 19 112 147 2 90 146 1 99 145 0 90 146 1 112 147 2 103 148 3 111 150 5 99 145 0 97 149 4 99 145 0 111 150 5 112 147 2 109 152 7 97 149 4 96 151 6 97 149 4 109 152 7 111 150 5 107 154 9 96 151 6 95 153 8 96 151 6 107 154 9 109 152 7 106 156 11 95 153 8 93 155 10 95 153 8 106 156 11 107 154 9 105 158 13 93 155 10 92 157 12 93 155 10 105 158 13 106 156 11 101 160 15 92 157 12 87 159 14 92 157 12 101 160 15 105 158 13 102 162 17 87 159 14 89 161 16 87 159 14 102 162 17 101 160 15 109 152 7 107 154 9 114 163 18 107 154 9 106 156 11 114 163 18 106 156 11 105 158 13 114 163 18 105 158 13 101 160 15 114 163 18 101 160 15 102 162 17 114 163 18 103 148 3 112 147 2 114 163 18 112 147 2 111 150 5 114 163 18 111 150 5 109 152 7 114 163 18 99 166 0 90 165 1 86 164 19 97 167 4 99 166 0 86 164 19 96 168 6 97 167 4 86 164 19 95 169 8 96 168 6 86 164 19 93 170 10 95 169 8 86 164 19 92 171 12 93 170 10 86 164 19 87 172 14 92 171 12 86 164 19 89 173 16 87 172 14 86 164 19 163 176 2 143 175 1 149 174 0 143 175 1 163 176 2 152 177 3 160 179 5 149 174 0 148 178 4 149 174 0 160 179 5 163 176 2 158 181 7 148 178 4 147 180 6 148 178 4 158 181 7 160 179 5 156 183 9 147 180 6 146 182 8 147 180 6 156 183 9 158 181 7 154 185 11 146 182 8 145 184 10 146 182 8 154 185 11 156 183 9 153 187 13 145 184 10 144 186 12 145 184 10 153 187 13 154 185 11 150 189 15 144 186 12 141 188 14 144 186 12 150 189 15 153 187 13 151 191 17 141 188 14 142 190 16 141 188 14 151 191 17 150 189 15 158 181 7 156 183 9 165 192 18 156 183 9 154 185 11 165 192 18 154 185 11 153 187 13 165 192 18 153 187 13 150 189 15 165 192 18 150 189 15 151 191 17 165 192 18 152 177 3 163 176 2 165 192 18 163 176 2 160 179 5 165 192 18 160 179 5 158 181 7 165 192 18 149 195 0 143 194 1 140 193 19 148 196 4 149 195 0 140 193 19 147 197 6 148 196 4 140 193 19 146 198 8 147 197 6 140 193 19 145 199 10 146 198 8 140 193 19 144 200 12 145 199 10 140 193 19 141 201 14 144 200 12 140 193 19 142 202 16 141 201 14 140 193 19 223 205 2 192 204 1 205 203 0 192 204 1 223 205 2 210 206 3 220 208 5 205 203 0 203 207 4 205 203 0 220 208 5 223 205 2 218 210 7 203 207 4 201 209 6 203 207 4 218 210 7 220 208 5 216 212 9 201 209 6 199 211 8 201 209 6 216 212 9 218 210 7 214 214 11 199 211 8 196 213 10 199 211 8 214 214 11 216 212 9 212 216 13 196 213 10 194 215 12 196 213 10 212 216 13 214 214 11 207 218 15 194 215 12 189 217 14 194 215 12 207 218 15 212 216 13 209 220 17 189 217 14 191 219 16 189 217 14 209 220 17 207 218 15 218 210 7 216 212 9 225 221 18 216 212 9 214 214 11 225 221 18 214 214 11 212 216 13 225 221 18 212 216 13 207 218 15 225 221 18 207 218 15 209 220 17 225 221 18 210 206 3 223 205 2 225 221 18 223 205 2 220 208 5 225 221 18 220 208 5 218 210 7 225 221 18 205 224 0 192 223 1 187 222 19 203 225 4 205 224 0 187 222 19 201 226 6 203 225 4 187 222 19 199 227 8 201 226 6 187 222 19 196 228 10 199 227 8 187 222 19 194 229 12 196 228 10 187 222 19 189 230 14 194 229 12 187 222 19 191 231 16 189 230 14 187 222 19 155 234 22 127 233 21 132 232 20 110 236 24 83 235 23 155 234 22 155 234 22 94 237 25 127 233 21 125 238 26 155 234 22 132 232 20 155 234 22 104 240 28 121 239 27 155 234 22 121 239 27 119 241 29 115 242 30 110 236 24 155 234 22 155 234 22 119 241 29 115 242 30 155 234 22 108 243 31 104 240 28 108 243 31 155 234 22 125 238 26 155 234 22 100 245 33 98 244 32 80 246 34 155 234 22 83 235 23 155 234 22 98 244 32 94 237 25 91 247 35 100 245 33 155 234 22 155 234 22 88 249 37 74 248 36 155 234 22 85 250 38 88 249 37 76 251 39 155 234 22 80 246 34 155 234 22 76 251 39 85 250 38 155 234 22 74 248 36 69 252 40 69 252 40 91 247 35 155 234 22 236 255 9 228 254 6 237 253 7 228 254 6 236 255 9 227 256 8 259 259 2 244 258 1 252 257 3 244 258 1 259 259 2 250 260 0 258 261 5 250 260 0 259 259 2 250 260 0 258 261 5 249 262 4 257 263 7 249 262 4 258 261 5 249 262 4 257 263 7 248 264 6 256 265 9 248 264 6 257 263 7 248 264 6 256 265 9 247 266 8 254 269 13 246 268 10 255 267 11 246 268 10 254 269 13 245 270 12 253 271 15 245 270 12 254 269 13 245 270 12 253 271 15 241 272 14 251 273 17 241 272 14 253 271 15 241 272 14 251 273 17 243 274 16 255 267 11 247 266 8 256 265 9 247 266 8 255 267 11 246 268 10 239 277 2 222 276 1 232 275 3 222 276 1 239 277 2 230 278 0 238 279 5 230 278 0 239 277 2 230 278 0 238 279 5 229 280 4 237 253 7 229 280 4 238 279 5 229 280 4 237 253 7 228 254 6 235 281 11 227 256 8 236 255 9 227 256 8 235 281 11 226 282 10 234 283 13 226 282 10 235 281 11 226 282 10 234 283 13 224 284 12 233 285 15 224 284 12 234 283 13 224 284 12 233 285 15 217 286 14 231 287 17 217 286 14 233 285 15 217 286 14 231 287 17 221 288 16 197 291 17 181 290 14 200 289 15 181 290 14 197 291 17 183 292 16 179 295 2 162 294 1 172 293 3 162 294 1 179 295 2 170 296 0 178 297 5 170 296 0 179 295 2 170 296 0 178 297 5 169 298 4 177 299 7 169 298 4 178 297 5 169 298 4 177 299 7 168 300 6 175 303 11 167 302 8 176 301 9 167 302 8 175 303 11 166 304 10 174 305 13 166 304 10 175 303 11 166 304 10 174 305 13 164 306 12 173 307 15 164 306 12 174 305 13 164 306 12 173 307 15 157 308 14 171 309 17 157 308 14 173 307 15 157 308 14 171 309 17 161 310 16 213 313 2 184 312 1 198 311 3 184 312 1 213 313 2 195 314 0 211 315 5 195 314 0 213 313 2 195 314 0 211 315 5 193 316 4 208 317 7 193 316 4 211 315 5 193 316 4 208 317 7 190 318 6 206 319 9 190 318 6 208 317 7 190 318 6 206 319 9 188 320 8 204 321 11 188 320 8 206 319 9 188 320 8 204 321 11 186 322 10 202 323 13 186 322 10 204 321 11 186 322 10 202 323 13 185 324 12 200 289 15 185 324 12 202 323 13 185 324 12 200 289 15 181 290 14 176 301 9 168 300 6 177 299 7 168 300 6 176 301 9 167 302 8 170 327 0 159 326 19 162 325 1 169 328 4 159 326 19 170 327 0 168 329 6 159 326 19 169 328 4 221 332 16 219 331 19 217 330 14 167 333 8 159 326 19 168 329 6 166 334 10 159 326 19 167 333 8 164 335 12 159 326 19 166 334 10 157 336 14 159 326 19 164 335 12 230 338 0 219 331 19 222 337 1 229 339 4 219 331 19 230 338 0 228 340 6 219 331 19 229 339 4 227 341 8 219 331 19 228 340 6 226 342 10 219 331 19 227 341 8 224 343 12 219 331 19 226 342 10 217 330 14 219 331 19 224 343 12 161 344 16 159 326 19 157 336 14 237 253 7 240 345 18 236 255 9 206 319 9 215 346 18 204 321 11 204 321 11 215 346 18 202 323 13 202 323 13 215 346 18 200 289 15 200 289 15 215 346 18 197 291 17 198 311 3 215 346 18 213 313 2 213 313 2 215 346 18 211 315 5 211 315 5 215 346 18 208 317 7 195 349 0 182 348 19 184 347 1 193 350 4 182 348 19 195 349 0 190 351 6 182 348 19 193 350 4 188 352 8 182 348 19 190 351 6 186 353 10 182 348 19 188 352 8 185 354 12 182 348 19 186 353 10 181 355 14 182 348 19 185 354 12 183 356 16 182 348 19 181 355 14 257 263 7 260 357 18 256 265 9 256 265 9 260 357 18 255 267 11 255 267 11 260 357 18 254 269 13 254 269 13 260 357 18 253 271 15 253 271 15 260 357 18 251 273 17 252 257 3 260 357 18 259 259 2 259 259 2 260 357 18 258 261 5 258 261 5 260 357 18 257 263 7 177 299 7 180 358 18 176 301 9 176 301 9 180 358 18 175 303 11 175 303 11 180 358 18 174 305 13 174 305 13 180 358 18 173 307 15 173 307 15 180 358 18 171 309 17 172 293 3 180 358 18 179 295 2 179 295 2 180 358 18 178 297 5 250 361 0 242 360 19 244 359 1 249 362 4 242 360 19 250 361 0 248 363 6 242 360 19 249 362 4 247 364 8 242 360 19 248 363 6 208 317 7 215 346 18 206 319 9 246 365 10 242 360 19 247 364 8 245 366 12 242 360 19 246 365 10 241 367 14 242 360 19 245 366 12 243 368 16 242 360 19 241 367 14 178 297 5 180 358 18 177 299 7 236 255 9 240 345 18 235 281 11 235 281 11 240 345 18 234 283 13 234 283 13 240 345 18 233 285 15 233 285 15 240 345 18 231 287 17 232 275 3 240 345 18 239 277 2 239 277 2 240 345 18 238 279 5 238 279 5 240 345 18 237 253 7</p>
                </triangles>
            </mesh>
        </geometry>
        <geometry id="ID103">
            <mesh>
                <source id="ID104">
                    <float_array id="ID105" count="1080">-334.406 8.875 -538.281 -338.625 -1.09375 -539.656 -316.219 -1.09375 -570.5 -313.625 8.875 -566.906 -334.406 8.875 -502.938 -334.406 8.875 -502.938 -338.625 -1.09375 -501.563 -338.625 -1.09375 -501.563 -313.625 8.875 -474.313 -316.219 -1.09375 -470.75 -279.969 8.875 -463.406 -279.969 -1.09375 -458.969 -246.344 8.875 -474.313 -243.75 -1.09375 -470.75 -225.563 8.875 -502.938 -221.344 -1.09375 -501.563 -225.563 8.875 -538.313 -221.344 -1.09375 -539.656 -246.344 8.875 -566.906 -243.75 -1.09375 -570.5 -280 8.875 -577.844 -280 -1.09375 -582.25 -302.688 16.8125 -551.844 -302.688 16.8125 -551.844 -316.688 16.8125 -532.531 -316.688 16.8125 -532.531 -316.688 16.8125 -508.688 -316.688 16.8125 -508.688 -316.688 16.8125 -508.688 -302.656 16.8125 -489.375 -302.656 16.8125 -489.375 -279.969 16.8125 -482.031 -279.969 16.8125 -482.031 -257.281 16.8125 -489.375 -257.281 16.8125 -489.375 -243.281 16.8125 -508.688 -243.281 16.8125 -508.688 -243.281 16.8125 -532.531 -243.281 16.8125 -532.531 -257.313 16.8125 -551.844 -257.313 16.8125 -551.844 -280 16.8125 -559.219 -280 16.8125 -559.219 -297.594 42.3125 -544.844 -308.469 42.3125 -529.875 -308.469 42.3125 -511.344 -297.594 42.3125 -496.375 -279.969 42.3125 -490.656 -262.375 42.3125 -496.375 -251.5 42.3125 -511.375 -251.5 42.3125 -529.875 -262.375 42.3125 -544.844 -280 42.3125 -550.563 -289.375 150.375 -533.531 -289.375 150.375 -533.531 -295.188 150.375 -525.563 -295.188 150.375 -525.563 -295.188 150.375 -515.688 -295.188 150.375 -515.688 -295.188 150.375 -515.688 -289.375 150.375 -507.688 -289.375 150.375 -507.688 -279.969 150.375 -504.625 -279.969 150.375 -504.625 -270.594 150.375 -507.688 -270.594 150.375 -507.688 -264.781 150.375 -515.688 -264.781 150.375 -515.688 -264.781 150.375 -525.563 -264.781 150.375 -525.563 -270.594 150.375 -533.531 -270.594 150.375 -533.531 -280 150.375 -536.594 -280 150.375 -536.594 -297.344 169 -544.5 -308.063 169 -529.75 -308.063 169 -511.5 -308.063 169 -511.5 225.563 8.875 -538.281 -297.344 169 -496.719 221.344 -1.09375 -539.656 -279.969 169 -491.094 243.75 -1.09375 -570.5 -262.625 169 -496.719 246.344 8.875 -566.906 -251.906 169 -511.5 225.563 8.875 -502.938 225.563 8.875 -502.938 -251.906 169 -529.75 221.344 -1.09375 -501.563 221.344 -1.09375 -501.563 -262.625 169 -544.5 246.344 8.875 -474.313 -280 169 -550.156 243.75 -1.09375 -470.75 -313.625 -11.0938 -566.906 280 8.875 -463.406 -280 -11.0938 -577.844 280 -1.09375 -458.969 -334.406 -11.0938 -538.281 313.625 8.875 -474.313 -334.406 -11.0938 -502.938 -334.406 -11.0938 -502.938 316.219 -1.09375 -470.75 -313.625 -11.0938 -474.313 334.406 8.875 -502.938 -279.969 -11.0938 -463.406 338.625 -1.09375 -501.563 -246.344 -11.0938 -474.313 334.406 8.875 -538.313 -225.563 -11.0938 -502.938 338.625 -1.09375 -539.656 -225.563 -11.0938 -538.313 313.625 8.875 -566.906 -246.344 -11.0938 -566.906 316.219 -1.09375 -570.5 -307.313 274.063 -529.5 -307.313 274.063 -529.5 279.969 8.875 -577.844 -296.875 274.063 -543.844 -296.875 274.063 -543.844 279.969 -1.09375 -582.25 -306.938 287.438 -557.719 257.281 16.8125 -551.844 257.281 16.8125 -551.844 -323.625 287.438 -534.781 243.281 16.8125 -532.531 243.281 16.8125 -532.531 -307.313 274.063 -511.75 -307.313 274.063 -511.75 -307.313 274.063 -511.75 243.281 16.8125 -508.688 243.281 16.8125 -508.688 243.281 16.8125 -508.688 -323.625 287.438 -506.438 -323.625 287.438 -506.438 257.313 16.8125 -489.375 257.313 16.8125 -489.375 -296.875 274.063 -497.375 -296.875 274.063 -497.375 280 16.8125 -482.031 280 16.8125 -482.031 -306.938 287.438 -483.5 302.688 16.8125 -489.375 302.688 16.8125 -489.375 -279.969 274.063 -491.906 -279.969 274.063 -491.906 316.688 16.8125 -508.688 316.688 16.8125 -508.688 -279.969 287.438 -474.75 316.688 16.8125 -532.531 316.688 16.8125 -532.531 -263.094 274.063 -497.375 -263.094 274.063 -497.375 302.656 16.8125 -551.844 302.656 16.8125 -551.844 -253.031 287.438 -483.5 279.969 16.8125 -559.219 279.969 16.8125 -559.219 -252.656 274.063 -511.75 -252.656 274.063 -511.75 262.375 42.3125 -544.844 -236.344 287.438 -506.438 251.5 42.3125 -529.875 -252.656 274.063 -529.5 -252.656 274.063 -529.5 251.5 42.3125 -511.344 -236.344 287.438 -534.781 262.375 42.3125 -496.375 -263.094 274.063 -543.844 -263.094 274.063 -543.844 280 42.3125 -490.656 -253.031 287.438 -557.719 297.594 42.3125 -496.375 -280 274.063 -549.344 -280 274.063 -549.344 308.469 42.3125 -511.375 -280 287.438 -566.5 308.469 42.3125 -529.875 -254.969 294.875 -555.063 -254.969 294.875 -555.063 297.594 42.3125 -544.844 -254.969 294.875 -486.188 -254.969 294.875 -486.188 279.969 42.3125 -550.563 -279.969 294.875 -478.031 -279.969 294.875 -478.031 270.594 150.375 -533.531 270.594 150.375 -533.531 -280 294.875 -563.188 -280 294.875 -563.188 264.781 150.375 -525.563 264.781 150.375 -525.563 -301.188 250.625 -527.5 264.781 150.375 -515.688 264.781 150.375 -515.688 264.781 150.375 -515.688 -293.094 250.625 -538.656 270.594 150.375 -507.688 270.594 150.375 -507.688 -301.188 250.625 -513.719 280 150.375 -504.625 280 150.375 -504.625 -293.094 250.625 -502.594 289.375 150.375 -507.688 289.375 150.375 -507.688 -279.969 250.625 -498.313 295.188 150.375 -515.688 295.188 150.375 -515.688 -266.875 250.625 -502.594 295.188 150.375 -525.563 295.188 150.375 -525.563 -258.781 250.625 -513.719 289.375 150.375 -533.531 289.375 150.375 -533.531 -258.781 250.625 -527.5 279.969 150.375 -536.594 279.969 150.375 -536.594 -266.875 250.625 -538.656 262.625 169 -544.5 -280 250.625 -542.906 251.906 169 -529.75 -289.375 187.594 -533.531 -289.375 187.594 -533.531 251.906 169 -511.5 251.906 169 -511.5 -295.188 187.594 -525.563 -295.188 187.594 -525.563 262.625 169 -496.719 -280 187.594 -536.594 -280 187.594 -536.594 280 169 -491.094 -295.188 187.594 -515.688 -295.188 187.594 -515.688 -295.188 187.594 -515.688 297.344 169 -496.719 -289.375 187.594 -507.688 -289.375 187.594 -507.688 308.063 169 -511.5 -279.969 187.594 -504.625 -279.969 187.594 -504.625 308.063 169 -529.75 -270.594 187.594 -507.688 -270.594 187.594 -507.688 297.344 169 -544.5 -264.781 187.594 -515.688 -264.781 187.594 -515.688 279.969 169 -550.156 -264.781 187.594 -525.563 -264.781 187.594 -525.563 246.344 -11.0938 -566.906 -270.594 187.594 -533.531 -270.594 187.594 -533.531 279.969 -11.0938 -577.844 -305 294.875 -555.063 -305 294.875 -555.063 225.563 -11.0938 -538.281 -320.469 294.875 -533.781 -320.469 294.875 -533.781 225.563 -11.0938 -502.938 225.563 -11.0938 -502.938 -320.469 294.875 -507.469 -320.469 294.875 -507.469 -320.469 294.875 -507.469 246.344 -11.0938 -474.313 -305 294.875 -486.156 -305 294.875 -486.156 280 -11.0938 -463.406 -239.5 294.875 -507.469 -239.5 294.875 -507.469 313.625 -11.0938 -474.313 -239.5 294.875 -533.781 -239.5 294.875 -533.781 334.406 -11.0938 -502.938 334.406 -11.0938 -538.313 313.625 -11.0938 -566.906 252.656 274.063 -529.5 252.656 274.063 -529.5 263.094 274.063 -543.844 263.094 274.063 -543.844 253.031 287.438 -557.719 236.344 287.438 -534.781 252.656 274.063 -511.75 252.656 274.063 -511.75 252.656 274.063 -511.75 236.344 287.438 -506.438 236.344 287.438 -506.438 263.094 274.063 -497.375 263.094 274.063 -497.375 253.031 287.438 -483.5 280 274.063 -491.906 280 274.063 -491.906 280 287.438 -474.75 296.875 274.063 -497.375 296.875 274.063 -497.375 306.938 287.438 -483.5 307.313 274.063 -511.75 307.313 274.063 -511.75 323.625 287.438 -506.438 307.313 274.063 -529.5 307.313 274.063 -529.5 323.625 287.438 -534.781 296.875 274.063 -543.844 296.875 274.063 -543.844 306.938 287.438 -557.719 279.969 274.063 -549.344 279.969 274.063 -549.344 279.969 287.438 -566.5 305 294.875 -555.063 305 294.875 -555.063 305 294.875 -486.188 305 294.875 -486.188 280 294.875 -478.031 280 294.875 -478.031 279.969 294.875 -563.188 279.969 294.875 -563.188 258.781 250.625 -527.5 266.875 250.625 -538.656 258.781 250.625 -513.719 266.875 250.625 -502.594 280 250.625 -498.313 293.094 250.625 -502.594 301.188 250.625 -513.719 301.188 250.625 -527.5 293.094 250.625 -538.656 279.969 250.625 -542.906 270.594 187.594 -533.531 270.594 187.594 -533.531 264.781 187.594 -525.563 264.781 187.594 -525.563 279.969 187.594 -536.594 279.969 187.594 -536.594 264.781 187.594 -515.688 264.781 187.594 -515.688 264.781 187.594 -515.688 270.594 187.594 -507.688 270.594 187.594 -507.688 280 187.594 -504.625 280 187.594 -504.625 289.375 187.594 -507.688 289.375 187.594 -507.688 295.188 187.594 -515.688 295.188 187.594 -515.688 295.188 187.594 -525.563 295.188 187.594 -525.563 289.375 187.594 -533.531 289.375 187.594 -533.531 254.969 294.875 -555.063 254.969 294.875 -555.063 239.5 294.875 -533.781 239.5 294.875 -533.781 239.5 294.875 -507.469 239.5 294.875 -507.469 239.5 294.875 -507.469 254.969 294.875 -486.156 254.969 294.875 -486.156 320.469 294.875 -507.469 320.469 294.875 -507.469 320.469 294.875 -533.781 320.469 294.875 -533.781</float_array>
                    <technique_common>
                        <accessor count="360" source="#ID105" stride="3">
                            <param name="X" type="float"/>
                            <param name="Y" type="float"/>
                            <param name="Z" type="float"/>
                        </accessor>
                    </technique_common>
                </source>
                <source id="ID106">
                    <float_array id="ID107" count="513">-0.809549 0.0003929 0.587052 -0.66513 0.569661 0.482792 -0.671461 0.000410919 0.74104 -0.402555 0.586615 0.702732 -0.107664 0.000410669 0.994187 0.0872843 0.586551 0.805195 0.4978 0.000410855 0.867292 0.544278 0.586721 0.5996 0.912391 0.00041069 0.40932 0.792869 0.586375 0.165904 0.978796 0.000410679 -0.204837 0.738543 0.586696 -0.332178 0.671132 0.000410749 -0.741337 0.402449 0.586911 -0.702546 0.107717 0.000410978 -0.994182 -0.0877406 0.587117 -0.804733 -0.498027 0.000410805 -0.867161 -0.543751 0.586606 -0.60019 -0.911987 0.000410787 -0.410219 -0.792747 0.586401 -0.166391 -1 0.000392839 -0 -0.822142 0.569282 -0 -0.745518 -0.388935 0.541233 -0.801163 -0.138198 0.58227 -0.614548 -0.402134 0.67869 -0.587604 0.000596729 0.809149 -0.0985613 -0.402758 0.909984 0.000156037 0.000584315 1 0.455379 -0.402111 0.794315 0.587751 0.000574829 0.809042 0.834927 -0.402842 0.374987 0.951028 0.000220679 0.309106 0.895735 -0.403091 -0.187554 0.951023 0.000714434 -0.309119 0.614611 -0.402876 -0.678193 0.587585 0.000748472 -0.809162 0.0982224 -0.40204 -0.910338 -0.000156257 0.000583357 -1 -0.455223 -0.402538 -0.794188 -0.587775 0.000162136 -0.809025 -0.834806 -0.403341 -0.374719 -0.951088 0.00047536 -0.308919 -0.921364 -0.388701 -0 -0.990148 0.140024 -0 -0.408825 0.912613 -0 -0.617438 0.78662 -0 -0.38561 0.919139 -0.0805474 -0.671332 0.717065 -0.187435 -0.264743 0.919089 -0.291868 -0.43304 0.716969 -0.54629 -0.0424839 0.919093 -0.391744 -0.0290294 0.716528 -0.696955 0.195864 0.91915 -0.341761 0.385822 0.716797 -0.580813 0.359203 0.919218 -0.161283 0.653474 0.716908 -0.242929 0.38561 0.919139 0.0805474 0.671332 0.717065 0.187435 0.264603 0.919096 0.291973 0.433011 0.716524 0.546895 0.0423907 0.919059 0.391835 0.0292955 0.716765 0.696699 -0.195591 0.919178 0.341843 -0.386015 0.716614 0.58091 -0.33074 0.912641 0.240203 -0.647036 0.600329 0.470054 0.668014 -0.0991835 -0.737509 0.488999 -0.181894 -0.853109 0.106509 -0.0992039 -0.98935 -0.106517 -0.181885 -0.977534 -0.494659 -0.0992437 -0.863402 -0.660041 -0.181911 -0.728872 -0.907596 -0.0991299 -0.407975 -0.962493 -0.182032 -0.201176 -0.973984 -0.0990803 0.203807 -0.896947 -0.182001 0.402942 -0.66815 -0.0990594 0.737402 -0.489017 -0.181801 0.853118 -0.107241 -0.0990342 0.989288 0.106269 -0.181696 0.977596 0.495819 -0.098996 0.862765 0.660581 -0.181973 0.728367 0.907672 -0.0990922 0.407813 0.962417 -0.181964 0.2016 0.973872 -0.0989864 -0.20439 0.896937 -0.181953 -0.402985 -0.47974 -0.262915 -0.837093 0.103404 -0.263186 -0.959188 0.64789 -0.263035 -0.714878 0.944135 -0.263611 -0.197784 0.879997 -0.263362 0.395279 0.48009 -0.263261 0.836784 -0.104055 -0.262683 0.959255 -0.647377 -0.263502 0.715171 -0.944263 -0.263358 0.197511 -0.880025 -0.26342 -0.395179 -0.493178 0.127507 -0.860533 -0.105371 0.224906 -0.968666 0.106364 0.12753 -0.986115 0.48454 0.224749 -0.845405 0.665677 0.127488 -0.735269 0.888827 0.224547 -0.399456 0.9707 0.127432 -0.203724 0.953843 0.224673 0.199261 0.904949 0.127483 0.405976 0.654674 0.224939 0.721668 0.493688 0.127515 0.86024 0.105165 0.22456 0.968769 -0.106364 0.12753 0.986115 -0.484375 0.224559 0.84555 -0.666134 0.127588 0.734838 -0.888951 0.224573 0.399165 -0.970815 0.127482 0.203144 -0.9538 0.224571 -0.199583 -0.904549 0.127521 -0.406854 -0.654224 0.224789 -0.722122 -0.47149 0.319792 -0.821846 0.101906 0.319655 -0.942038 0.63642 0.319122 -0.702233 0.927599 0.319189 -0.194112 0.864705 0.319552 0.38752 0.47117 0.31951 0.822139 -0.101891 0.318888 0.9423 -0.636135 0.319134 0.702485 -0.927599 0.319189 0.194112 -0.864636 0.319328 -0.387858 0 1 -0 -0.744854 0.391053 0.54062 -0.614178 0.403564 0.678175 -0.808884 0.00222683 0.587964 -0.552679 -0.252188 0.794322 -0.513021 -0.773163 0.372865 -0.306702 -0.786792 0.535624 -0.0980082 0.40183 0.910454 0.0198153 -0.251944 0.967539 0.0665836 -0.786788 0.613621 0.455112 0.403767 0.793628 0.584269 -0.25055 0.771916 0.414281 -0.786772 0.457561 0.833848 0.405304 0.374735 0.926486 -0.250448 0.280892 0.604045 -0.786878 0.126307 0.894913 0.404974 -0.187422 0.914267 -0.251259 -0.317782 0.563029 -0.7867 -0.253181 0.614269 0.40286 -0.678511 0.55303 -0.251564 -0.794275 0.30706 -0.786702 -0.535551 0.0986641 0.403934 -0.909452 -0.0194749 -0.25136 -0.967698 -0.0667805 -0.786886 -0.613475 -0.455322 0.403195 -0.793798 -0.584533 -0.251778 -0.771316 -0.414575 -0.786583 -0.45762 -0.834334 0.403981 -0.37508 -0.926357 -0.250692 -0.281097 -0.604109 -0.78678 -0.126607 -0.92054 0.390649 -0 -0.884245 -0.467023 -0 -0.634044 -0.773297 -0 -0.665492 -0.569015 0.483054 -0.402787 -0.585969 0.703138 0.0873348 -0.585905 0.80566 0.544593 -0.586075 0.599946 0.793326 -0.585729 0.165999 0.73897 -0.58605 -0.33237 0.402681 -0.586265 -0.702952 -0.0877913 -0.586471 -0.805198 -0.544065 -0.58596 -0.600537 -0.822589 -0.568636 -0 -0.793205 -0.585755 -0.166487</float_array>
                    <technique_common>
                        <accessor count="171" source="#ID107" stride="3">
                            <param name="X" type="float"/>
                            <param name="Y" type="float"/>
                            <param name="Z" type="float"/>
                        </accessor>
                    </technique_common>
                </source>
                <source id="ID108">
                    <float_array id="ID109" count="312">-3.99365 0.220703 -3.99365 -0.00195313 -3.79346 0.220703 -3.79346 -0.00195313 -3.59351 0.220703 -3.59351 -0.00195313 -3.39355 0.220703 -3.39355 -0.00195313 -3.1936 0.220703 -3.1936 -0.00195313 -2.99365 0.220703 -2.99365 -0.00195313 -2.79346 0.220703 -2.79346 -0.00195313 -2.59351 0.220703 -2.59351 -0.00195313 -2.39355 0.220703 -2.39355 -0.00195313 -2.1936 0.220703 -2.1936 -0.00195313 -1.99365 0.220703 -1.99365 -0.00195313 1.26343 0.00952148 1.26343 0.079834 1.49561 0.00952148 1.49561 0.079834 1.72778 0.00952148 1.72778 0.079834 1.95996 0.00952148 1.95996 0.079834 2.19214 0.00952148 2.19214 0.079834 2.42432 0.00952148 2.42432 0.079834 2.65649 0.00952148 2.65649 0.079834 2.88867 0.00952148 2.88867 0.079834 3.12085 0.00952148 3.12085 0.079834 3.35303 0.00952148 3.35303 0.079834 3.58521 0.00952148 3.58521 0.079834 3.58496 0.206543 3.58521 0.150391 3.35303 0.206543 3.35303 0.150391 3.12085 0.206543 3.12085 0.150391 2.88867 0.206543 2.88867 0.150391 2.65649 0.206543 2.65649 0.150391 2.42432 0.206543 2.42432 0.150391 2.19214 0.206543 2.19214 0.150391 1.95996 0.206543 1.95996 0.150391 1.72778 0.206543 1.72778 0.150391 1.49561 0.206543 1.49561 0.150391 1.26343 0.206543 1.26343 0.150391 -0.799805 0.208984 -0.799805 0.7771 -0.599854 0.208984 -0.599854 0.7771 -0.399902 0.208984 -0.399902 0.7771 -0.199951 0.208984 -0.199951 0.7771 0 0.208984 0 0.7771 -1 0.208984 -1 0.7771 -0.399902 1 -0.599854 1 -0.799805 1 -1 1 -0.199951 1 0 1 0.599854 0.996826 0.399902 0.358887 0.399902 0.996826 0.199951 0.358887 0.199951 0.996826 0 0.358887 0 0.996826 0.599854 0.358887 0.799805 0.358887 0.799805 0.996826 1 0.358887 1 0.996826 0.599854 0.205078 0.399902 0.205078 0.199951 0.205078 0 0.205078 0.799805 0.205078 1 0.205078 -2.03491 1.0354 -2.12231 1.0354 -1.96411 1.08691 -2.19312 1.08691 -1.93701 1.17017 -2.22021 1.17017 -2.19312 1.08765 -0.982178 2.20239 -0.713623 2.20239 -0.982178 2.13184 -0.713623 2.13184 -0.982178 2.00562 -0.713623 2.00562 -0.445068 2.20239 -0.445068 2.13184 -0.445068 2.00562 -0.176758 2.20239 -0.176758 2.13184 -0.176758 2.00562 0.0915527 2.20239 0.0915527 2.13184 0.0915527 2.00562 0.360107 2.20239 0.360107 2.13184 0.360107 2.00562 0.628662 2.20239 0.628662 2.13184 0.628662 2.00562 0.897217 2.20239 0.897217 2.13184 0.897217 2.00562 1.16577 2.20239 1.16577 2.13184 1.16577 2.00562 1.43408 2.20239 1.43408 2.13184 1.43408 2.00562 1.70264 2.20239 1.70264 2.13184 1.70264 2.00562 -2.12231 1.03735 -2.03491 1.03735 -1.96411 1.08765 -3.99365 0 -3.79346 0 -3.59351 0 -3.39355 0 -3.1936 0 -2.99365 0 -2.79346 0 -2.59351 0 -2.39355 0 -1.99365 0 -2.1936 0</float_array>
                    <technique_common>
                        <accessor count="156" source="#ID109" stride="2">
                            <param name="S" type="float"/>
                            <param name="T" type="float"/>
                        </accessor>
                    </technique_common>
                </source>
                <vertices id="ID110">
                    <input semantic="POSITION" source="#ID104"/>
                </vertices>
                <triangles count="456" material="Material1">
                    <input offset="0" semantic="VERTEX" source="#ID110"/>
                    <input offset="1" semantic="NORMAL" source="#ID106"/>
                    <input offset="2" semantic="TEXCOORD" source="#ID108" set="0"/>
                    <p>228 2 2 334 1 1 225 0 0 334 1 1 228 2 2 336 3 3 231 4 4 336 3 3 228 2 2 336 3 3 231 4 4 338 5 5 235 6 6 338 5 5 231 4 4 338 5 5 235 6 6 340 7 7 238 8 8 340 7 7 235 6 6 340 7 7 238 8 8 342 9 9 241 10 10 342 9 9 238 8 8 342 9 9 241 10 10 344 11 11 244 12 12 344 11 11 241 10 10 344 11 11 244 12 12 346 13 13 247 14 14 346 13 13 244 12 12 346 13 13 247 14 14 331 15 15 219 16 16 331 15 15 247 14 14 331 15 15 219 16 16 327 17 17 221 18 18 327 17 17 219 16 16 327 17 17 221 18 18 329 19 19 224 20 20 329 19 19 221 18 18 329 19 19 224 20 20 333 21 21 264 24 24 90 23 23 260 22 22 90 23 23 264 24 24 94 25 25 267 26 26 94 25 25 264 24 24 94 25 25 267 26 26 98 27 27 270 28 28 98 27 27 267 26 26 98 27 27 270 28 28 103 29 29 273 30 30 103 29 29 270 28 28 103 29 29 273 30 30 107 31 31 274 32 32 107 31 31 273 30 30 107 31 31 274 32 32 111 33 33 275 34 34 111 33 33 274 32 32 111 33 33 275 34 34 115 35 35 253 36 36 115 35 35 275 34 34 115 35 35 253 36 36 121 37 37 250 38 38 121 37 37 253 36 36 121 37 37 250 38 38 82 39 39 256 40 40 82 39 39 250 38 38 82 39 39 256 40 40 80 41 41 259 42 42 80 41 41 256 40 40 80 41 41 259 42 42 89 43 43 126 46 46 86 45 45 131 44 44 86 45 45 126 46 46 78 47 47 123 48 48 78 47 47 126 46 46 78 47 47 123 48 48 84 49 49 157 50 50 84 49 49 123 48 48 84 49 49 157 50 50 118 51 51 154 52 52 118 51 51 157 50 50 118 51 51 154 52 52 113 53 53 150 54 54 113 53 53 154 52 52 113 53 53 150 54 54 109 55 55 147 56 56 109 55 55 150 54 54 109 55 55 147 56 56 105 57 57 143 58 58 105 57 57 147 56 56 105 57 57 143 58 58 100 59 59 140 60 60 100 59 59 143 58 58 100 59 59 140 60 60 96 61 61 136 62 62 96 61 61 140 60 60 96 61 61 136 62 62 92 63 63 132 64 64 92 63 63 136 62 62 92 63 63 132 64 64 87 65 65 94 25 25 87 65 65 90 23 23 87 65 65 94 25 25 92 63 63 98 27 27 92 63 63 94 25 25 92 63 63 98 27 27 96 61 61 103 29 29 96 61 61 98 27 27 96 61 61 103 29 29 100 59 59 107 31 31 100 59 59 103 29 29 100 59 59 107 31 31 105 57 57 111 33 33 105 57 57 107 31 31 105 57 57 111 33 33 109 55 55 115 35 35 109 55 55 111 33 33 109 55 55 115 35 35 113 53 53 121 37 37 113 53 53 115 35 35 113 53 53 121 37 37 118 51 51 82 39 39 118 51 51 121 37 37 118 51 51 82 39 39 84 49 49 80 41 41 84 49 49 82 39 39 84 49 49 80 41 41 78 47 47 89 43 43 78 47 47 80 41 41 78 47 47 89 43 43 86 45 45 330 68 68 324 67 67 345 66 66 324 67 67 330 68 68 325 69 69 326 70 70 325 69 69 330 68 68 325 69 69 326 70 70 317 71 71 328 72 72 317 71 71 326 70 70 317 71 71 328 72 72 316 73 73 332 74 74 316 73 73 328 72 72 316 73 73 332 74 74 318 75 75 335 76 72 318 75 75 332 74 74 318 75 75 335 76 72 319 77 73 337 78 70 319 77 73 335 76 72 319 77 73 337 78 70 320 79 71 339 80 68 320 79 71 337 78 70 320 79 71 339 80 68 321 81 69 341 82 66 321 81 69 339 80 68 321 81 69 341 82 66 322 83 67 343 84 76 322 83 67 341 82 66 322 83 67 343 84 76 323 85 77 345 66 66 323 85 77 343 84 76 323 85 77 345 66 66 324 67 67 306 87 79 325 69 69 279 86 78 325 69 69 306 87 79 324 67 67 303 88 80 324 67 67 306 87 79 324 67 67 303 88 80 323 85 77 300 89 81 323 85 77 303 88 80 323 85 77 300 89 81 322 83 67 297 90 80 322 83 67 300 89 81 322 83 67 297 90 80 321 81 69 294 91 79 321 81 69 297 90 80 321 81 69 294 91 79 320 79 71 291 92 78 320 79 71 294 91 79 320 79 71 291 92 78 319 77 73 288 93 82 319 77 73 291 92 78 319 77 73 288 93 82 318 75 75 284 94 83 318 75 75 288 93 82 318 75 75 284 94 83 316 73 73 277 95 82 316 73 73 284 94 83 316 73 73 277 95 82 317 71 71 279 86 78 317 71 71 277 95 82 317 71 71 279 86 78 325 69 69 216 98 86 184 97 85 187 96 84 184 97 85 216 98 86 181 99 87 213 100 88 181 99 87 216 98 86 181 99 87 213 100 88 178 101 89 210 102 90 178 101 89 213 100 88 178 101 89 210 102 90 176 103 87 207 104 88 176 103 87 210 102 90 176 103 87 207 104 88 173 105 85 204 106 86 173 105 85 207 104 88 173 105 85 204 106 86 171 107 91 201 108 84 171 107 91 204 106 86 171 107 91 201 108 84 168 109 92 198 110 93 168 109 92 201 108 84 168 109 92 198 110 93 166 111 94 194 112 95 166 111 94 198 110 93 166 111 94 194 112 95 163 113 92 191 114 93 163 113 92 194 112 95 163 113 92 191 114 93 161 115 91 187 96 84 161 115 91 191 114 93 161 115 91 187 96 84 184 97 85 184 97 85 124 116 96 161 115 91 124 116 96 184 97 85 158 117 97 181 99 87 158 117 97 184 97 85 158 117 97 181 99 87 155 118 98 178 101 89 155 118 98 181 99 87 155 118 98 178 101 89 151 119 99 176 103 87 151 119 99 178 101 89 151 119 99 176 103 87 148 120 98 173 105 85 148 120 98 176 103 87 148 120 98 173 105 85 144 121 97 171 107 91 144 121 97 173 105 85 144 121 97 171 107 91 141 122 96 168 109 92 141 122 96 171 107 91 141 122 96 168 109 92 137 123 100 166 111 94 137 123 100 168 109 92 137 123 100 166 111 94 133 124 101 163 113 92 133 124 101 166 111 94 133 124 101 163 113 92 127 125 100 161 115 91 127 125 100 163 113 92 127 125 100 161 115 91 124 116 96 308 126 104 357 126 103 359 126 102 357 126 103 308 126 104 310 126 105 314 126 106 310 126 105 308 126 104 310 126 105 314 126 106 312 126 107 355 126 108 312 126 107 314 126 106 286 129 111 354 128 110 352 127 109 354 128 110 286 129 111 289 130 112 283 131 113 289 130 112 286 129 111 289 130 112 283 131 113 287 132 114 289 130 112 313 133 115 354 128 110 313 133 115 289 130 112 292 134 116 287 132 114 292 134 116 289 130 112 292 134 116 287 132 114 290 135 117 292 134 116 311 136 118 313 133 115 311 136 118 292 134 116 295 137 119 290 135 117 295 137 119 292 134 116 295 137 119 290 135 117 293 138 120 295 137 119 356 139 121 311 136 118 356 139 121 295 137 119 298 140 122 293 138 120 298 140 122 295 137 119 298 140 122 293 138 120 296 141 123 298 140 122 358 142 124 356 139 121 358 142 124 298 140 122 301 143 125 296 141 123 301 143 125 298 140 122 301 143 125 296 141 123 299 144 126 301 143 125 309 145 127 358 142 124 309 145 127 301 143 125 304 146 128 299 144 126 304 146 128 301 143 125 304 146 128 299 144 126 302 147 129 304 146 128 315 148 130 309 145 127 315 148 130 304 146 128 307 149 131 302 147 129 307 149 131 304 146 128 307 149 131 302 147 129 305 150 132 307 149 131 347 151 133 315 148 130 347 151 133 307 149 131 280 152 134 305 150 132 280 152 134 307 149 131 280 152 134 305 150 132 278 153 135 280 152 134 349 154 136 347 151 133 349 154 136 280 152 134 281 155 137 278 153 135 281 155 137 280 152 134 281 155 137 278 153 135 276 156 138 281 155 137 351 157 139 349 154 136 351 157 139 281 155 137 285 158 140 276 156 138 285 158 140 281 155 137 285 158 140 276 156 138 282 159 141 355 126 108 350 126 143 353 126 142 350 126 143 355 126 108 348 126 144 314 126 106 348 126 144 355 126 108 196 160 145 228 2 2 225 0 0 228 2 2 196 160 145 199 161 146 199 161 146 231 4 4 228 2 2 231 4 4 199 161 146 202 162 147 202 162 147 235 6 6 231 4 4 235 6 6 202 162 147 205 163 148 205 163 148 238 8 8 235 6 6 238 8 8 205 163 148 208 164 149 208 164 149 241 10 10 238 8 8 241 10 10 208 164 149 211 165 150 211 165 150 244 12 12 241 10 10 244 12 12 211 165 150 214 166 151 214 166 151 247 14 14 244 12 12 247 14 14 214 166 151 217 167 152 217 167 152 219 16 16 247 14 14 219 16 16 217 167 152 188 168 153 224 20 20 192 170 155 195 169 154 192 170 155 224 20 20 221 18 18 188 168 153 221 18 18 219 16 16 221 18 18 188 168 153 192 170 155 79 2 2 234 1 1 77 0 0 234 1 1 79 2 2 237 3 3 81 4 4 237 3 3 79 2 2 237 3 3 81 4 4 240 5 5 83 6 6 240 5 5 81 4 4 240 5 5 83 6 6 243 7 7 85 8 8 243 7 7 83 6 6 243 7 7 85 8 8 246 9 9 88 10 10 246 9 9 85 8 8 246 9 9 88 10 10 249 11 11 91 12 12 249 11 11 88 10 10 249 11 11 91 12 12 252 13 13 93 14 14 252 13 13 91 12 12 252 13 13 93 14 14 230 15 15 74 16 16 230 15 15 93 14 14 230 15 15 74 16 16 223 17 17 75 18 18 223 17 17 74 16 16 223 17 17 75 18 18 227 19 19 76 20 20 227 19 19 75 18 18 227 19 19 76 20 20 233 21 21 104 24 24 7 23 23 102 22 22 7 23 23 104 24 24 9 25 25 106 26 26 9 25 25 104 24 24 9 25 25 106 26 26 11 27 27 108 28 28 11 27 27 106 26 26 11 27 27 108 28 28 13 29 29 110 30 30 13 29 29 108 28 28 13 29 29 110 30 30 15 31 31 112 32 32 15 31 31 110 30 30 15 31 31 112 32 32 17 33 33 114 34 34 17 33 33 112 32 32 17 33 33 114 34 34 19 35 35 97 36 36 19 35 35 114 34 34 19 35 35 97 36 36 21 37 37 95 38 38 21 37 37 97 36 36 21 37 37 95 38 38 2 39 39 99 40 40 2 39 39 95 38 38 2 39 39 99 40 40 1 41 41 101 42 42 1 41 41 99 40 40 1 41 41 101 42 42 6 43 43 24 46 46 4 45 45 26 44 44 4 45 45 24 46 46 0 47 47 22 48 48 0 47 47 24 46 46 0 47 47 22 48 48 3 49 49 41 50 50 3 49 49 22 48 48 3 49 49 41 50 50 20 51 51 39 52 52 20 51 51 41 50 50 20 51 51 39 52 52 18 53 53 37 54 54 18 53 53 39 52 52 18 53 53 37 54 54 16 55 55 35 56 56 16 55 55 37 54 54 16 55 55 35 56 56 14 57 57 33 58 58 14 57 57 35 56 56 14 57 57 33 58 58 12 59 59 31 60 60 12 59 59 33 58 58 12 59 59 31 60 60 10 61 61 29 62 62 10 61 61 31 60 60 10 61 61 29 62 62 8 63 63 27 64 64 8 63 63 29 62 62 8 63 63 27 64 64 5 65 65 9 25 25 5 65 65 7 23 23 5 65 65 9 25 25 8 63 63 11 27 27 8 63 63 9 25 25 8 63 63 11 27 27 10 61 61 13 29 29 10 61 61 11 27 27 10 61 61 13 29 29 12 59 59 15 31 31 12 59 59 13 29 29 12 59 59 15 31 31 14 57 57 17 33 33 14 57 57 15 31 31 14 57 57 17 33 33 16 55 55 19 35 35 16 55 55 17 33 33 16 55 55 19 35 35 18 53 53 21 37 37 18 53 53 19 35 35 18 53 53 21 37 37 20 51 51 2 39 39 20 51 51 21 37 37 20 51 51 2 39 39 3 49 49 1 41 41 3 49 49 2 39 39 3 49 49 1 41 41 0 47 47 6 43 43 0 47 47 1 41 41 0 47 47 6 43 43 4 45 45 229 68 68 218 67 67 251 66 66 218 67 67 229 68 68 220 69 69 222 70 70 220 69 69 229 68 68 220 69 69 222 70 70 197 71 71 226 72 72 197 71 71 222 70 70 197 71 71 226 72 72 193 73 73 232 74 74 193 73 73 226 72 72 193 73 73 232 74 74 200 75 75 236 76 72 200 75 75 232 74 74 200 75 75 236 76 72 203 77 73 239 78 70 203 77 73 236 76 72 203 77 73 239 78 70 206 79 71 242 80 68 206 79 71 239 78 70 206 79 71 242 80 68 209 81 69 245 82 66 209 81 69 242 80 68 209 81 69 245 82 66 212 83 67 248 84 76 212 83 67 245 82 66 212 83 67 248 84 76 215 85 77 251 66 66 215 85 77 248 84 76 215 85 77 251 66 66 218 67 67 175 87 79 220 69 69 120 86 78 220 69 69 175 87 79 218 67 67 170 88 80 218 67 67 175 87 79 218 67 67 170 88 80 215 85 77 165 89 81 215 85 77 170 88 80 215 85 77 165 89 81 212 83 67 160 90 80 212 83 67 165 89 81 212 83 67 160 90 80 209 81 69 153 91 79 209 81 69 160 90 80 209 81 69 153 91 79 206 79 71 146 92 78 206 79 71 153 91 79 206 79 71 146 92 78 203 77 73 139 93 82 203 77 73 146 92 78 203 77 73 139 93 82 200 75 75 130 94 83 200 75 75 139 93 82 200 75 75 130 94 83 193 73 73 117 95 82 193 73 73 130 94 83 193 73 73 117 95 82 197 71 71 120 86 78 197 71 71 117 95 82 197 71 71 120 86 78 220 69 69 72 98 86 52 97 85 53 96 84 52 97 85 72 98 86 51 99 87 70 100 88 51 99 87 72 98 86 51 99 87 70 100 88 50 101 89 68 102 90 50 101 89 70 100 88 50 101 89 68 102 90 49 103 87 66 104 88 49 103 87 68 102 90 49 103 87 66 104 88 48 105 85 64 106 86 48 105 85 66 104 88 48 105 85 64 106 86 47 107 91 62 108 84 47 107 91 64 106 86 47 107 91 62 108 84 46 109 92 60 110 93 46 109 92 62 108 84 46 109 92 60 110 93 45 111 94 57 112 95 45 111 94 60 110 93 45 111 94 57 112 95 44 113 92 55 114 93 44 113 92 57 112 95 44 113 92 55 114 93 43 115 91 53 96 84 43 115 91 55 114 93 43 115 91 53 96 84 52 97 85 52 97 85 23 116 96 43 115 91 23 116 96 52 97 85 42 117 97 51 99 87 42 117 97 52 97 85 42 117 97 51 99 87 40 118 98 50 101 89 40 118 98 51 99 87 40 118 98 50 101 89 38 119 99 49 103 87 38 119 99 50 101 89 38 119 99 49 103 87 36 120 98 48 105 85 36 120 98 49 103 87 36 120 98 48 105 85 34 121 97 47 107 91 34 121 97 48 105 85 34 121 97 47 107 91 32 122 96 46 109 92 32 122 96 47 107 91 32 122 96 46 109 92 30 123 100 45 111 94 30 123 100 46 109 92 30 123 100 45 111 94 28 124 101 44 113 92 28 124 101 45 111 94 28 124 101 44 113 92 25 125 100 43 115 91 25 125 100 44 113 92 25 125 100 43 115 91 23 116 96 179 126 104 269 126 103 272 126 102 269 126 103 179 126 104 182 126 105 189 126 106 182 126 105 179 126 104 182 126 105 189 126 106 185 126 107 266 126 108 185 126 107 189 126 106 135 129 111 265 128 110 262 127 109 265 128 110 135 129 111 142 130 112 129 131 113 142 130 112 135 129 111 142 130 112 129 131 113 138 132 114 142 130 112 186 133 115 265 128 110 186 133 115 142 130 112 149 134 116 138 132 114 149 134 116 142 130 112 149 134 116 138 132 114 145 135 117 149 134 116 183 136 118 186 133 115 183 136 118 149 134 116 156 137 119 145 135 117 156 137 119 149 134 116 156 137 119 145 135 117 152 138 120 156 137 119 268 139 121 183 136 118 268 139 121 156 137 119 162 140 122 152 138 120 162 140 122 156 137 119 162 140 122 152 138 120 159 141 123 162 140 122 271 142 124 268 139 121 271 142 124 162 140 122 167 143 125 159 141 123 167 143 125 162 140 122 167 143 125 159 141 123 164 144 126 167 143 125 180 145 127 271 142 124 180 145 127 167 143 125 172 146 128 164 144 126 172 146 128 167 143 125 172 146 128 164 144 126 169 147 129 172 146 128 190 148 130 180 145 127 190 148 130 172 146 128 177 149 131 169 147 129 177 149 131 172 146 128 177 149 131 169 147 129 174 150 132 177 149 131 254 151 133 190 148 130 254 151 133 177 149 131 122 152 134 174 150 132 122 152 134 177 149 131 122 152 134 174 150 132 119 153 135 122 152 134 257 154 136 254 151 133 257 154 136 122 152 134 125 155 137 119 153 135 125 155 137 122 152 134 125 155 137 119 153 135 116 156 138 125 155 137 261 157 139 257 154 136 261 157 139 125 155 137 134 158 140 116 156 138 134 158 140 125 155 137 134 158 140 116 156 138 128 159 141 266 126 108 258 126 143 263 126 142 258 126 143 266 126 108 255 126 144 189 126 106 255 126 144 266 126 108 59 160 145 79 2 2 77 0 0 79 2 2 59 160 145 61 161 146 61 161 146 81 4 4 79 2 2 81 4 4 61 161 146 63 162 147 63 162 147 83 6 6 81 4 4 83 6 6 63 162 147 65 163 148 65 163 148 85 8 8 83 6 6 85 8 8 65 163 148 67 164 149 67 164 149 88 10 10 85 8 8 88 10 10 67 164 149 69 165 150 69 165 150 91 12 12 88 10 10 91 12 12 69 165 150 71 166 151 71 166 151 93 14 14 91 12 12 93 14 14 71 166 151 73 167 152 73 167 152 74 16 16 93 14 14 74 16 16 73 167 152 54 168 153 76 20 20 56 170 155 58 169 154 56 170 155 76 20 20 75 18 18 54 168 153 75 18 18 74 16 16 75 18 18 54 168 153 56 170 155</p>
                </triangles>
            </mesh>
        </geometry>
        <geometry id="ID112">
            <mesh>
                <source id="ID113">
                    <float_array id="ID114" count="492">-8.78125 315.688 -536.906 -8.78125 315.688 -536.906 -8.78125 506.75 -536.906 -8.78125 506.75 -536.906 -64.7188 411.219 -546.75 279.969 395.5 -529.469 -69.6875 411.219 -546.75 272.781 393.094 -529.438 -66.8438 402.375 -536.906 287.188 393.094 -529.469 -66.8438 420.031 -536.906 309.094 329.031 -529.469 -105.906 364.656 -546.75 309.094 329.031 -510.156 -102.125 358.844 -536.906 332 340.219 -510.156 -95 393.313 -536.906 332 340.219 -529.469 -98 401.063 -546.75 298.531 363.188 -529.469 -105.906 356.969 -536.906 298.531 363.188 -510.156 -109.656 358.844 -536.906 287.188 393.094 -510.156 -92.8125 395.719 -536.906 280 395.5 -510.156 -105.906 465.469 -536.906 332 354.094 -529.469 -109.656 463.594 -536.906 332 354.094 -510.156 -105.906 457.781 -546.75 335.656 347.156 -510.156 -98 421.375 -546.75 335.656 347.156 -529.469 -93.8438 428.031 -536.906 317.938 302.75 -529.469 -102.125 463.594 -536.906 317.938 302.75 -510.156 -91.9688 425.219 -536.906 279.969 309.969 -529.469 -113.813 401.063 -546.75 280 309.969 -510.156 -116.781 393.313 -536.906 304.344 295.344 -510.156 -118.969 395.719 -536.906 304.344 295.344 -529.469 -117.938 428.031 -536.906 313 296.563 -529.469 -113.813 421.375 -546.75 313 296.563 -510.156 -119.844 425.219 -536.906 227.969 340.219 -529.438 -146.656 416.063 -536.906 227.969 340.219 -510.156 -142.125 411.219 -546.75 250.875 329.031 -510.156 -148.125 411.219 -536.906 250.875 329.031 -529.438 -146.656 406.375 -536.906 272.781 393.094 -510.156 -30.5938 382.969 -536.906 -30.5938 382.969 -536.906 261.438 363.188 -510.156 -18.4688 392.719 -546.75 261.438 363.188 -529.438 -32.625 436.719 -536.906 -32.625 436.719 -536.906 227.969 354.094 -510.156 -18.4688 429.719 -546.75 227.969 354.094 -529.438 -25.4688 378.563 -536.906 -25.4688 378.563 -536.906 224.313 347.156 -529.438 -28.1875 441.875 -536.906 -28.1875 441.875 -536.906 224.313 347.156 -510.156 242.031 302.75 -510.156 242.031 302.75 -529.438 255.625 295.344 -529.438 255.625 295.344 -510.156 246.969 296.563 -510.156 246.969 296.563 -529.438 -280 395.5 -529.469 -287.188 393.094 -529.438 -272.781 393.094 -529.469 -250.875 329.031 -529.469 -250.875 329.031 -510.156 -227.969 340.219 -510.156 -227.969 340.219 -529.469 -261.438 363.188 -529.469 -261.438 363.188 -510.156 -272.781 393.094 -510.156 -279.969 395.5 -510.156 64.7188 411.219 -546.75 -227.969 354.094 -529.469 66.8438 402.375 -536.906 -227.969 354.094 -510.156 69.6875 411.219 -546.75 -224.313 347.156 -510.156 66.8438 420.031 -536.906 -224.313 347.156 -529.469 95 393.313 -536.906 -242.031 302.75 -529.469 102.125 358.844 -536.906 -242.031 302.75 -510.156 105.906 364.656 -546.75 -280 309.969 -529.469 98 401.063 -546.75 -279.969 309.969 -510.156 105.906 356.969 -536.906 -255.625 295.344 -510.156 109.656 358.844 -536.906 -255.625 295.344 -529.469 92.8125 395.719 -536.906 -246.969 296.563 -529.469 109.656 463.594 -536.906 -246.969 296.563 -510.156 105.906 465.469 -536.906 -332 340.219 -529.438 105.906 457.781 -546.75 -332 340.219 -510.156 102.125 463.594 -536.906 -309.094 329.031 -510.156 93.8438 428.031 -536.906 -309.094 329.031 -529.438 98 421.375 -546.75 -287.188 393.094 -510.156 91.9688 425.219 -536.906 -298.531 363.188 -510.156 116.781 393.313 -536.906 -298.531 363.188 -529.438 113.813 401.063 -546.75 -332 354.094 -510.156 118.969 395.719 -536.906 -332 354.094 -529.438 117.938 428.031 -536.906 -335.656 347.156 -529.438 113.813 421.375 -546.75 -335.656 347.156 -510.156 146.656 416.063 -536.906 -317.938 302.75 -510.156 119.844 425.219 -536.906 -317.938 302.75 -529.438 142.125 411.219 -546.75 -304.344 295.344 -529.438 148.125 411.219 -536.906 -304.344 295.344 -510.156 146.656 406.375 -536.906 -313 296.563 -510.156 30.5938 382.969 -536.906 -313 296.563 -529.438 18.4688 392.719 -546.75 32.625 436.719 -536.906 18.4688 429.719 -546.75 0 312.25 -536.906 8.78125 315.688 -536.906 0 326.313 -546.781 0 326.313 -546.781 8.78125 506.75 -536.906 0 510.188 -536.906 0 496.125 -546.781 0 496.125 -546.781 25.4688 378.563 -536.906 28.1875 441.875 -536.906</float_array>
                    <technique_common>
                        <accessor count="164" source="#ID114" stride="3">
                            <param name="X" type="float"/>
                            <param name="Y" type="float"/>
                            <param name="Z" type="float"/>
                        </accessor>
                    </technique_common>
                </source>
                <source id="ID115">
                    <float_array id="ID116" count="405">-0.196315 -0.980541 -0 0.196315 -0.980541 -0 0.312564 -0.949897 -0.000292357 0.0829306 -0.996555 -0 -0.377147 -0.926154 -0 -0.605545 -0.795811 -0 -0.93793 -0.346825 -0 -0.999986 0.00527811 -0 -0.993822 -0.110984 -0 -0.777162 -0.629301 -0 -0.786493 0.617599 -0 -0.538323 0.842739 -0 -0.506885 0.862013 -0 -0.730803 0.682588 -0 -0.984917 0.173026 -0 -0.984917 -0.173026 -0 -0.769781 -0.638308 -0 -0.614373 -0.789016 -0 -0.796783 0.604266 -0 -0.571642 0.820503 0.000187194 -0.110462 0.99388 -1.15897e-009 0.110464 0.99388 -1.15897e-009 0.571642 0.820503 -0.000187195 0.796783 0.604266 -0 0.786493 0.617599 -0 0.538323 0.842739 -0 -0.312564 -0.949897 0.000292357 -0.0829306 -0.996555 -0 0.377147 -0.926154 -0 0.605545 -0.795811 -0 0.93793 -0.346826 -0 0.999986 0.00527806 -0 0.993822 -0.110984 -0 0.777162 -0.629301 -0 0.506885 0.862013 -0 0.730803 0.682588 -0 0.984917 0.173026 -0 0.984917 -0.173026 -0 0.769781 -0.638308 -0 0.614373 -0.789016 -0 0 0 1 -0.00216915 -0.00650744 -0.999976 -0.00216918 -0.00284234 -0.999994 -0.00172694 -0.00200141 -0.999996 -0.000731814 6.81185e-005 -1 -0.00056164 -0.000193359 -1 -0.000319333 0.00012093 -1 0 0 -1 -0.000430054 0.000163311 -1 -0.000451397 0.000163847 -1 -0.000394482 -5.56227e-005 -1 -0.310682 -0.455774 -0.834114 -0.40083 -0.459044 -0.792852 -0.0182933 -0.70914 -0.704831 -0.138412 -0.721681 -0.678247 0.123812 -0.72011 -0.682724 -0.0247521 0.735743 -0.676809 0.124 0.721236 -0.6815 -0.13862 0.722805 -0.677007 0.531412 0.596732 -0.601259 0.452523 0.70113 -0.551035 0.808966 0.28247 -0.515544 -0.769918 0.330326 -0.545996 -0.716754 0.442297 -0.539108 -0.743805 0.39881 -0.536382 0.251341 0.608393 -0.752785 -0.00141108 0.788137 -0.615498 0.663618 0.504195 -0.552629 0 0.574682 -0.818377 0.229858 0.470363 -0.852012 0.496265 0.314605 -0.809163 0.450362 0.403144 -0.796648 0.50124 0.266029 -0.8234 0.343451 0.458252 -0.819784 -0.452523 0.70113 -0.551035 -0.531412 0.596732 -0.601259 -0.808966 0.28247 -0.515544 -0.251341 0.608393 -0.752785 -0.663618 0.504195 -0.552629 0.00141108 0.788137 -0.615498 -0.613207 -0.525237 -0.590002 -0.123812 -0.72011 -0.682724 0.0182933 -0.70914 -0.704831 0.138412 -0.721681 -0.678247 0.40083 -0.459044 -0.792852 0.0247521 0.735743 -0.676809 0.13862 0.722805 -0.677007 -0.124 0.721236 -0.6815 0.00141108 -0.788137 -0.615498 0.673625 -0.494944 -0.548872 0.270287 -0.613806 -0.741746 0.807209 -0.312248 -0.500915 0.550592 -0.613796 -0.565775 0.743805 0.39881 -0.536382 0.716754 0.442297 -0.539108 0.769918 0.330326 -0.545996 -0.633967 0.175963 -0.753076 -0.609388 0.175446 -0.773218 -0.450362 0.403144 -0.796648 -0.50124 0.266029 -0.8234 -0.343451 0.458252 -0.819784 -0.451105 -0.663745 -0.596612 -0.550592 -0.613796 -0.565775 -0.502814 -0.648731 -0.57125 -0.682779 0.223737 -0.695525 -0.598778 0.57432 -0.55823 -0.426265 0.715013 -0.554125 0.764652 -0.372215 -0.526083 0.613207 -0.525237 -0.590002 0.760933 -0.396118 -0.513879 -0.270287 -0.613806 -0.741746 0.35523 -0.403652 -0.843135 0.559443 -0.258606 -0.787494 0.448084 -0.381225 -0.808633 -0.638797 -0.169542 -0.750462 -0.64846 -0.176116 -0.740597 -0.559443 -0.258606 -0.787494 0.682779 0.223737 -0.695525 0.502814 -0.648731 -0.57125 0.451105 -0.663745 -0.596612 -0.764652 -0.372215 -0.526083 -0.410687 -0.692942 -0.592594 0.426265 0.715013 -0.554125 0.598778 0.57432 -0.55823 -0.00141108 -0.788137 -0.615498 -0.673625 -0.494944 -0.548872 -0.807209 -0.312248 -0.500915 -0.760933 -0.396118 -0.513879 0.410687 -0.692942 -0.592594 0.853884 0 -0.520463 -0.853884 0 -0.520463 0.310682 -0.455774 -0.834114 -0.219479 0.56067 -0.798422 -0.219479 -0.56067 -0.798422 0 -0.574682 -0.818377</float_array>
                    <technique_common>
                        <accessor count="135" source="#ID116" stride="3">
                            <param name="X" type="float"/>
                            <param name="Y" type="float"/>
                            <param name="Z" type="float"/>
                        </accessor>
                    </technique_common>
                </source>
                <source id="ID117">
                    <float_array id="ID118" count="138">0.499756 0.181641 0.281006 0.050293 0.203125 0.0612793 0.158936 0.116943 0.238281 0.352783 0.333252 0.659668 0.0327148 0.577881 0 0.515625 0.0327148 0.453369 0.435303 0.928223 0.5 0.949951 0.499756 0.949951 0.564453 0.928223 0.666504 0.659668 0.71875 0.050293 0.796631 0.0612793 0.84082 0.116943 0.761475 0.352783 0.967041 0.577881 1 0.515625 0.967041 0.453369 0.403809 -1.09009 0.426758 -1.0791 0.224854 -1.02905 0.233643 -1.00146 0.214355 -1.00146 0.224854 -0.973877 0.0805664 -0.949463 0.0981445 -0.94458 0.0881348 -0.93335 -0.0373535 -0.93335 -0.029541 -0.949463 0.00561523 -0.788818 0.0253906 -0.804932 0.0253906 -0.78125 0.0449219 -0.788818 0.5 -0.691162 0.5 -0.724854 0.472168 -0.701904 0.422363 -0.928467 0.411377 -0.905273 0.397461 -0.921387 0.0771484 -1.05664 0.0253906 -1.22192 0.00561523 -1.21411 0.0253906 -1.198 -0.03125 -1.07422 -0.0263672 -1.05664 0.487305 -0.731201 -0.0427246 -1.06445 -0.187012 -1.02124 -0.170898 -1.00146 -0.187012 -0.981934 -0.0471191 -0.94458 0.0822754 -1.07422 0.0449219 -1.21411 0.5 -1.27808 0.419922 -1.10376 0.472168 -1.30103 0.487305 -1.27173 0.0935059 -1.06445 -0.194824 -1.00146 0.527588 -0.701904 0.527588 -1.30103 0.5 -1.31177 0.588379 -0.905273 0.602295 -0.921387 0.595947 -1.09009 0.579834 -1.10376</float_array>
                    <technique_common>
                        <accessor count="69" source="#ID118" stride="2">
                            <param name="S" type="float"/>
                            <param name="T" type="float"/>
                        </accessor>
                    </technique_common>
                </source>
                <vertices id="ID119">
                    <input semantic="POSITION" source="#ID113"/>
                </vertices>
                <triangles count="282" material="Material1">
                    <input offset="0" semantic="VERTEX" source="#ID119"/>
                    <input offset="1" semantic="NORMAL" source="#ID115"/>
                    <input offset="2" semantic="TEXCOORD" source="#ID117" set="0"/>
                    <p>79 2 1 39 1 0 41 0 0 39 1 0 79 2 1 78 3 1 80 4 2 78 3 1 79 2 1 78 3 1 80 4 2 81 5 2 76 6 3 81 5 2 80 4 2 81 5 2 76 6 3 77 7 3 55 8 4 77 7 3 76 6 3 77 7 3 55 8 4 57 9 4 69 12 6 62 11 5 64 10 5 62 11 5 69 12 6 67 13 6 72 14 7 67 13 6 69 12 6 67 13 6 72 14 7 75 15 7 51 16 8 75 15 7 72 14 7 75 15 7 51 16 8 53 17 8 57 9 4 53 17 8 51 16 8 53 17 8 57 9 4 55 8 4 59 18 9 64 10 5 62 11 5 64 10 5 59 18 9 7 19 9 25 20 10 7 19 9 59 18 9 7 19 9 25 20 10 5 21 11 23 22 12 5 21 11 25 20 10 5 21 11 23 22 12 9 23 12 21 24 13 9 23 12 23 22 12 9 23 12 21 24 13 19 25 13 45 26 14 41 0 0 39 1 0 41 0 0 45 26 14 43 27 14 47 28 15 43 27 14 45 26 14 43 27 14 47 28 15 49 29 15 35 30 16 49 29 15 47 28 15 49 29 15 35 30 16 37 31 16 11 32 17 37 31 16 35 30 16 37 31 16 11 32 17 13 33 17 29 34 18 19 25 13 21 24 13 19 25 13 29 34 18 27 35 18 31 36 19 27 35 18 29 34 18 27 35 18 31 36 19 33 37 19 15 38 20 33 37 19 31 36 19 33 37 19 15 38 20 17 39 20 13 33 17 17 39 20 15 38 20 17 39 20 13 33 17 11 32 17 53 40 8 67 40 6 75 40 7 67 40 6 53 40 8 62 40 5 55 40 4 62 40 5 53 40 8 62 40 5 55 40 4 21 40 13 13 40 17 21 40 13 55 40 4 21 40 13 13 40 17 15 40 20 9 43 12 7 42 9 5 41 11 7 42 9 9 43 12 64 44 5 19 45 13 64 44 5 9 43 12 64 44 5 19 45 13 11 46 17 27 47 18 11 46 17 19 45 13 37 40 16 43 40 14 49 40 15 43 40 14 37 40 16 41 40 0 13 40 17 41 40 0 37 40 16 41 40 0 13 40 17 55 40 4 39 48 0 11 46 17 35 47 16 11 46 17 39 48 0 57 49 4 78 50 1 57 49 4 39 48 0 29 40 18 15 40 20 31 40 19 15 40 20 29 40 18 21 40 13 69 47 6 51 47 8 72 47 7 51 47 8 69 47 6 64 44 5 17 47 20 27 47 18 33 47 19 27 47 18 17 47 20 11 46 17 45 47 14 35 47 16 47 47 15 35 47 16 45 47 14 39 48 0 77 47 3 78 50 1 81 47 2 78 50 1 77 47 3 57 49 4 57 49 4 64 44 5 11 46 17 64 44 5 57 49 4 51 47 8 79 40 1 55 40 4 76 40 3 55 40 4 79 40 1 41 40 0 59 40 9 21 40 13 23 40 12 21 40 13 59 40 9 62 40 5 23 40 12 25 40 10 59 40 9 76 40 3 80 40 2 79 40 1 146 2 1 106 1 0 108 0 0 106 1 0 146 2 1 144 3 1 148 4 2 144 3 1 146 2 1 144 3 1 148 4 2 150 5 2 140 6 3 150 5 2 148 4 2 150 5 2 140 6 3 142 7 3 122 8 4 142 7 3 140 6 3 142 7 3 122 8 4 124 9 4 134 12 6 128 11 5 130 10 5 128 11 5 134 12 6 132 13 6 136 14 7 132 13 6 134 12 6 132 13 6 136 14 7 138 15 7 118 16 8 138 15 7 136 14 7 138 15 7 118 16 8 120 17 8 124 9 4 120 17 8 118 16 8 120 17 8 124 9 4 122 8 4 126 18 9 130 10 5 128 11 5 130 10 5 126 18 9 83 19 9 92 20 10 83 19 9 126 18 9 83 19 9 92 20 10 82 21 11 91 22 12 82 21 11 92 20 10 82 21 11 91 22 12 84 23 12 90 24 13 84 23 12 91 22 12 84 23 12 90 24 13 89 25 13 112 26 14 108 0 0 106 1 0 108 0 0 112 26 14 110 27 14 114 28 15 110 27 14 112 26 14 110 27 14 114 28 15 116 29 15 102 30 16 116 29 15 114 28 15 116 29 15 102 30 16 104 31 16 85 32 17 104 31 16 102 30 16 104 31 16 85 32 17 86 33 17 96 34 18 89 25 13 90 24 13 89 25 13 96 34 18 94 35 18 98 36 19 94 35 18 96 34 18 94 35 18 98 36 19 100 37 19 87 38 20 100 37 19 98 36 19 100 37 19 87 38 20 88 39 20 86 33 17 88 39 20 87 38 20 88 39 20 86 33 17 85 32 17 120 40 8 132 40 6 138 40 7 132 40 6 120 40 8 128 40 5 122 40 4 128 40 5 120 40 8 128 40 5 122 40 4 90 40 13 86 40 17 90 40 13 122 40 4 90 40 13 86 40 17 87 40 20 84 43 12 83 42 9 82 41 11 83 42 9 84 43 12 130 44 5 89 45 13 130 44 5 84 43 12 130 44 5 89 45 13 85 46 17 94 47 18 85 46 17 89 45 13 104 40 16 110 40 14 116 40 15 110 40 14 104 40 16 108 40 0 86 40 17 108 40 0 104 40 16 108 40 0 86 40 17 122 40 4 106 48 0 85 46 17 102 47 16 85 46 17 106 48 0 124 49 4 144 50 1 124 49 4 106 48 0 96 40 18 87 40 20 98 40 19 87 40 20 96 40 18 90 40 13 134 47 6 118 47 8 136 47 7 118 47 8 134 47 6 130 44 5 88 47 20 94 47 18 100 47 19 94 47 18 88 47 20 85 46 17 112 47 14 102 47 16 114 47 15 102 47 16 112 47 14 106 48 0 142 47 3 144 50 1 150 47 2 144 50 1 142 47 3 124 49 4 124 49 4 130 44 5 85 46 17 130 44 5 124 49 4 118 47 8 146 40 1 122 40 4 140 40 3 122 40 4 146 40 1 108 40 0 126 40 9 90 40 13 91 40 12 90 40 13 126 40 9 128 40 5 91 40 12 92 40 10 126 40 9 140 40 3 148 40 2 146 40 1 8 53 23 63 52 22 60 51 21 63 52 22 8 53 23 4 54 24 6 55 25 4 54 24 8 53 23 4 58 24 6 57 25 10 56 26 32 59 27 10 56 26 6 57 25 10 56 26 32 59 27 38 60 28 34 61 29 38 60 28 32 59 27 28 64 32 48 63 31 46 62 30 48 63 31 28 64 32 30 65 33 26 66 34 30 65 33 28 64 32 30 65 33 26 66 34 36 67 35 158 70 38 160 69 37 159 68 36 160 69 37 158 70 38 153 71 39 163 72 40 153 71 39 158 70 38 153 71 39 163 72 40 152 73 41 123 76 29 125 75 27 127 74 28 125 75 27 123 76 29 119 77 33 121 78 35 119 77 33 123 76 29 119 77 33 121 78 35 117 79 34 95 82 23 97 81 25 107 80 42 97 81 25 95 82 23 93 83 24 151 84 22 93 83 24 95 82 23 99 85 26 153 71 39 152 73 41 153 71 39 99 85 26 93 86 24 97 87 25 93 86 24 99 85 26 105 90 45 111 89 44 109 88 43 111 89 44 105 90 45 129 91 46 131 92 47 129 91 46 105 90 45 115 93 32 119 77 33 117 79 34 119 77 33 115 93 32 137 94 31 135 95 30 137 94 31 115 93 32 68 98 39 2 97 38 161 96 48 2 97 38 68 98 39 73 99 40 65 100 41 73 99 40 68 98 39 58 103 50 40 102 47 44 101 49 40 102 47 58 103 50 54 104 51 50 106 53 54 104 51 52 105 52 54 104 51 50 106 53 48 63 31 14 109 55 18 108 42 16 107 54 18 108 42 14 109 55 12 110 45 99 85 26 125 75 27 97 87 25 125 75 27 99 85 26 127 74 28 162 112 57 156 111 56 151 84 22 156 111 56 162 112 57 155 113 58 70 116 57 157 115 59 0 114 58 157 115 59 70 116 57 63 52 22 34 61 29 30 65 33 36 67 35 30 65 33 34 61 29 32 59 27 147 118 50 131 92 47 143 117 51 131 92 47 147 118 50 133 119 49 113 121 60 107 80 42 101 120 54 107 80 42 113 121 60 95 82 23 141 122 53 143 117 51 137 94 31 143 117 51 141 122 53 139 123 52 22 125 44 12 110 45 20 124 43 12 110 45 22 125 44 42 126 46 103 127 55 107 80 42 105 90 45 107 80 42 103 127 55 101 120 54 18 108 42 8 53 23 24 128 60 8 53 23 18 108 42 6 55 25 68 98 39 10 56 26 65 100 41 10 56 26 68 98 39 4 58 24 137 94 31 135 95 30 141 122 53 143 117 51 145 129 61 147 118 50 143 117 51 139 123 52 145 129 61 131 92 47 133 119 49 129 91 46 63 52 22 70 116 57 60 51 21 48 63 31 50 106 53 46 62 30 54 104 51 58 103 50 56 130 61 54 104 51 56 130 61 52 105 52 40 102 47 42 126 46 44 101 49 18 108 42 24 128 60 16 107 54 105 90 45 109 88 43 103 127 55 151 84 22 95 82 23 149 131 21 160 69 37 3 132 62 159 68 36 12 110 45 42 126 46 40 102 47 151 84 22 149 131 21 162 112 57 12 110 45 14 109 55 20 124 43 156 111 56 154 134 64 1 133 63 156 111 56 155 113 58 154 134 64 3 40 62 158 40 38 159 40 36 158 40 38 3 40 62 163 40 40 74 40 65 163 40 40 3 40 62 163 40 40 74 40 65 152 40 41 66 40 66 152 40 41 74 40 65 152 40 41 66 40 66 149 40 21 61 40 67 149 40 21 66 40 66 149 40 21 61 40 67 162 40 57 71 40 68 162 40 57 61 40 67 162 40 57 71 40 68 155 40 58 1 40 63 155 40 58 71 40 68 141 40 53 147 40 50 139 40 52 147 40 50 141 40 53 133 40 49 113 40 60 133 40 49 141 40 53 133 40 49 113 40 60 101 40 54 8 40 23 65 40 41 10 40 26 65 40 41 8 40 23 60 40 21 58 40 50 50 40 53 52 40 52 50 40 53 58 40 50 44 40 49 10 40 26 24 40 60 8 40 23 24 40 60 10 40 26 38 40 28 28 40 32 34 40 29 36 40 35 34 40 29 28 40 32 46 40 30 46 40 30 38 40 28 34 40 29 38 40 28 46 40 30 50 40 53 50 40 53 24 40 60 38 40 28 24 40 60 50 40 53 44 40 49 44 40 49 16 40 54 24 40 60 16 40 54 44 40 49 42 40 46 42 40 46 14 40 55 16 40 54 14 40 55 42 40 46 22 40 44 95 40 23 152 40 41 149 40 21 152 40 41 95 40 23 99 40 26 101 40 54 129 40 46 133 40 49 129 40 46 101 40 54 103 40 55 141 40 53 127 40 28 113 40 60 127 40 28 141 40 53 135 40 30 99 40 26 113 40 60 127 40 28 113 40 60 99 40 26 95 40 23 135 40 30 123 40 29 127 40 28 123 40 29 135 40 30 115 40 32 14 40 55 22 40 44 20 40 43 52 40 52 56 40 61 58 40 50 36 40 35 26 40 34 28 40 32 154 40 64 155 40 58 1 40 63 103 40 55 109 40 43 111 40 44 139 40 52 147 40 50 145 40 61 121 40 35 115 40 32 117 40 34 123 40 29 115 40 32 121 40 35 103 40 55 111 40 44 129 40 46</p>
                </triangles>
            </mesh>
        </geometry>
    </library_geometries>
    <library_visual_scenes>
        <visual_scene id="ID38">
            <node id="ID39" name="n0b4">
                <translate sid="translate">0 0 -0</translate>
                <rotate sid="rotateY">0 1 0 -0</rotate>
                <rotate sid="rotateX">1 0 0 0</rotate>
                <rotate sid="rotateZ">0 0 1 -0</rotate>
                <scale sid="scale">1 1 1</scale>
                <instance_geometry url="#ID40">
                    <bind_material>
                        <technique_common>
                            <instance_material symbol="Material1" target="#ID33">
                                <bind_vertex_input semantic="UVSET0" input_semantic="TEXCOORD" input_set="0"/>
                            </instance_material>
                        </technique_common>
                    </bind_material>
                </instance_geometry>
            </node>
            <node id="ID48" name="n1b8">
                <translate sid="translate">0 0 -0</translate>
                <rotate sid="rotateY">0 1 0 -0</rotate>
                <rotate sid="rotateX">1 0 0 0</rotate>
                <rotate sid="rotateZ">0 0 1 -0</rotate>
                <scale sid="scale">1 1 1</scale>
                <instance_geometry url="#ID49">
                    <bind_material>
                        <technique_common>
                            <instance_material symbol="Material1" target="#ID33">
                                <bind_vertex_input semantic="UVSET0" input_semantic="TEXCOORD" input_set="0"/>
                            </instance_material>
                        </technique_common>
                    </bind_material>
                </instance_geometry>
            </node>
            <node id="ID57" name="n2b0">
                <translate sid="translate">0 0 -0</translate>
                <rotate sid="rotateY">0 1 0 -0</rotate>
                <rotate sid="rotateX">1 0 0 0</rotate>
                <rotate sid="rotateZ">0 0 1 -0</rotate>
                <scale sid="scale">1 1 1</scale>
                <instance_geometry url="#ID58">
                    <bind_material>
                        <technique_common>
                            <instance_material symbol="Material1" target="#ID28">
                                <bind_vertex_input semantic="UVSET0" input_semantic="TEXCOORD" input_set="0"/>
                            </instance_material>
                        </technique_common>
                    </bind_material>
                </instance_geometry>
            </node>
            <node id="ID66" name="n3b2">
                <translate sid="translate">0 0 -0</translate>
                <rotate sid="rotateY">0 1 0 -0</rotate>
                <rotate sid="rotateX">1 0 0 0</rotate>
                <rotate sid="rotateZ">0 0 1 -0</rotate>
                <scale sid="scale">1 1 1</scale>
                <instance_geometry url="#ID67">
                    <bind_material>
                        <technique_common>
                            <instance_material symbol="Material1" target="#ID23">
                                <bind_vertex_input semantic="UVSET0" input_semantic="TEXCOORD" input_set="0"/>
                            </instance_material>
                        </technique_common>
                    </bind_material>
                </instance_geometry>
            </node>
            <node id="ID75" name="n4b7">
                <translate sid="translate">0 0 -0</translate>
                <rotate sid="rotateY">0 1 0 -0</rotate>
                <rotate sid="rotateX">1 0 0 0</rotate>
                <rotate sid="rotateZ">0 0 1 -0</rotate>
                <scale sid="scale">1 1 1</scale>
                <instance_geometry url="#ID76">
                    <bind_material>
                        <technique_common>
                            <instance_material symbol="Material1" target="#ID18">
                                <bind_vertex_input semantic="UVSET0" input_semantic="TEXCOORD" input_set="0"/>
                            </instance_material>
                        </technique_common>
                    </bind_material>
                </instance_geometry>
            </node>
            <node id="ID84" name="n5b6">
                <translate sid="translate">0 0 -0</translate>
                <rotate sid="rotateY">0 1 0 -0</rotate>
                <rotate sid="rotateX">1 0 0 0</rotate>
                <rotate sid="rotateZ">0 0 1 -0</rotate>
                <scale sid="scale">1 1 1</scale>
                <instance_geometry url="#ID85">
                    <bind_material>
                        <technique_common>
                            <instance_material symbol="Material1" target="#ID13">
                                <bind_vertex_input semantic="UVSET0" input_semantic="TEXCOORD" input_set="0"/>
                            </instance_material>
                        </technique_common>
                    </bind_material>
                </instance_geometry>
            </node>
            <node id="ID93" name="n6b5">
                <translate sid="translate">0 0 -0</translate>
                <rotate sid="rotateY">0 1 0 -0</rotate>
                <rotate sid="rotateX">1 0 0 0</rotate>
                <rotate sid="rotateZ">0 0 1 -0</rotate>
                <scale sid="scale">1 1 1</scale>
                <instance_geometry url="#ID94">
                    <bind_material>
                        <technique_common>
                            <instance_material symbol="Material1" target="#ID13">
                                <bind_vertex_input semantic="UVSET0" input_semantic="TEXCOORD" input_set="0"/>
                            </instance_material>
                        </technique_common>
                    </bind_material>
                </instance_geometry>
            </node>
            <node id="ID102" name="n7b1">
                <translate sid="translate">0 0 -0</translate>
                <rotate sid="rotateY">0 1 0 -0</rotate>
                <rotate sid="rotateX">1 0 0 0</rotate>
                <rotate sid="rotateZ">0 0 1 -0</rotate>
                <scale sid="scale">1 1 1</scale>
                <instance_geometry url="#ID103">
                    <bind_material>
                        <technique_common>
                            <instance_material symbol="Material1" target="#ID8">
                                <bind_vertex_input semantic="UVSET0" input_semantic="TEXCOORD" input_set="0"/>
                            </instance_material>
                        </technique_common>
                    </bind_material>
                </instance_geometry>
            </node>
            <node id="ID111" name="n8b3">
                <translate sid="translate">0 0 -0</translate>
                <rotate sid="rotateY">0 1 0 -0</rotate>
                <rotate sid="rotateX">1 0 0 0</rotate>
                <rotate sid="rotateZ">0 0 1 -0</rotate>
                <scale sid="scale">1 1 1</scale>
                <instance_geometry url="#ID112">
                    <bind_material>
                        <technique_common>
                            <instance_material symbol="Material1" target="#ID3">
                                <bind_vertex_input semantic="UVSET0" input_semantic="TEXCOORD" input_set="0"/>
                            </instance_material>
                        </technique_common>
                    </bind_material>
                </instance_geometry>
            </node>
        </visual_scene>
    </library_visual_scenes>
    <scene>
        <instance_visual_scene url="#ID38"/>
    </scene>
</COLLADA>
